/*******************************************************************************
 * Size: 16 px
 * Bpp: 4
 * Opts: --font G:\projects\ai_project\ai_manager\firmware\esp32_s3_sub_display\fonts\msyh.ttf --symbols 蟥螬螵螳蟋蟓螽蟑蟀蟊蟛蟪蟠蟮蠖蠓蟾蠊蠛蠡蠹蠼缶罂罄罅舐竺竽笈笃笄笕笊笫笏筇笸笪笙笮笱笠笥笤笳笾笞筘筚筅筵筌筝筠筮筻筢筲筱箐箦箧箸箬箝箨箅箪箜箢箫箴篑篁篌篝篚篥篦篪簌篾篼簏簖簋簟簪簦簸籁籀臾舁舂舄臬衄舡舢舣舭舯舨舫舸舻舳舴舾艄艉艋艏艚艟艨衾袅袈裘裟襞羝羟羧羯羰羲籼敉粑粝粜粞粢粲粼粽糁糇糌糍糈糅糗糨艮暨羿翎翕翥翡翦翩翮翳糸絷綦綮繇纛麸麴赳趄趔趑趱赧赭豇豉酊酐酎酏酤酢酡酰酩酯酽酾酲酴酹醌醅醐醍醑醢醣醪醭醮醯醵醴醺豕鹾趸跫踅蹙蹩趵趿趼趺跄跖跗跚跞跎跏跛跆跬跷跸跣跹跻跤踉跽踔踝踟踬踮踣踯踺蹀踹踵踽踱蹉蹁蹂蹑蹒蹊蹰蹶蹼蹯蹴躅躏躔躐躜躞豸貂貊貅貘貔斛觖觞觚觜觥觫觯訾謦靓雩雳雯霆霁霈霏霎霪霭霰霾龀龃龅龆龇龈龉龊龌黾鼋鼍隹隼隽雎雒瞿雠銎銮鋈錾鍪鏊鎏鐾鑫鱿鲂鲅鲆鲇鲈稣鲋鲎鲐鲑鲒鲔鲕鲚鲛鲞鲟鲠鲡鲢鲣鲥鲦鲧鲨鲩鲫鲭鲮鲰鲱鲲鲳鲴鲵鲶鲷鲺鲻鲼鲽鳄鳅鳆鳇鳊鳋鳌鳍鳎鳏鳐鳓鳔鳕鳗鳘鳙鳜鳝鳟鳢靼鞅鞑鞒鞔鞯鞫鞣鞲鞴骱骰骷鹘骶骺骼髁髀髅髂髋髌髑魅魃魇魉魈魍魑飨餍餮饕饔髟髡髦髯髫髻髭髹鬈鬏鬓鬟鬣麽麾縻麂麇麈麋麒鏖麝麟黛黜黝黠黟黢黩黧黥黪黯鼢鼬鼯鼹鼷鼽鼾齄～！：？…、—。（；·）， --size 16 --bpp 4 --format lvgl --no-compress --no-prefilter --force-fast-kern-format --lv-font-name lv_font_cn_gb2312_16_7 -o G:\projects\ai_project\ai_manager\firmware\esp32_s3_sub_display\main\fonts\lv_font_cn_gb2312_16_7.c --font C:\Windows\Fonts\seguisym.ttf -r 0x25B6,0x25C0,0x266A,0x2026
 ******************************************************************************/

#ifdef LV_LVGL_H_INCLUDE_SIMPLE
#include "lvgl.h"
#else
#include "lvgl/lvgl.h"
#endif

#include "lv_font_cn_gb2312.h"

#ifndef LV_FONT_CN_GB2312_16_7
#define LV_FONT_CN_GB2312_16_7 1
#endif

#if LV_FONT_CN_GB2312_16_7

/*-----------------
 *    BITMAPS
 *----------------*/

/*Store the image of the glyphs*/
static LV_ATTRIBUTE_LARGE_CONST const uint8_t glyph_bitmap[] = {
    /* U+00B7 "·" */
    0x0, 0x0, 0xdb, 0xd, 0xb0,

    /* U+2014 "—" */
    0x0, 0x0, 0x0, 0x0, 0x0, 0x0, 0x0, 0x0,
    0x0, 0xff, 0xff, 0xff, 0xff, 0xff, 0xff, 0xff,
    0xff, 0xf4, 0x33, 0x33, 0x33, 0x33, 0x33, 0x33,
    0x33, 0x33, 0x30,

    /* U+2026 "…" */
    0x75, 0x0, 0x85, 0x0, 0x84, 0xb9, 0x0, 0xc8,
    0x0, 0xd7,

    /* U+25B6 "▶" */
    0x73, 0x0, 0x0, 0x0, 0x0, 0x0, 0xbf, 0xa1,
    0x0, 0x0, 0x0, 0x0, 0xbf, 0xff, 0x80, 0x0,
    0x0, 0x0, 0xbf, 0xff, 0xfe, 0x60, 0x0, 0x0,
    0xbf, 0xff, 0xff, 0xfd, 0x40, 0x0, 0xbf, 0xff,
    0xff, 0xff, 0xfb, 0x20, 0xbf, 0xff, 0xff, 0xff,
    0xff, 0xe2, 0xbf, 0xff, 0xff, 0xff, 0xf8, 0x0,
    0xbf, 0xff, 0xff, 0xfa, 0x10, 0x0, 0xbf, 0xff,
    0xfc, 0x30, 0x0, 0x0, 0xbf, 0xfd, 0x50, 0x0,
    0x0, 0x0, 0xbe, 0x70, 0x0, 0x0, 0x0, 0x0,
    0x51, 0x0, 0x0, 0x0, 0x0, 0x0,

    /* U+25C0 "◀" */
    0x0, 0x0, 0x0, 0x0, 0x0, 0x55, 0x0, 0x0,
    0x0, 0x0, 0x3c, 0xf8, 0x0, 0x0, 0x0, 0x1a,
    0xff, 0xf8, 0x0, 0x0, 0x8, 0xff, 0xff, 0xf8,
    0x0, 0x6, 0xef, 0xff, 0xff, 0xf8, 0x4, 0xdf,
    0xff, 0xff, 0xff, 0xf8, 0x4f, 0xff, 0xff, 0xff,
    0xff, 0xf8, 0x1, 0xaf, 0xff, 0xff, 0xff, 0xf8,
    0x0, 0x3, 0xbf, 0xff, 0xff, 0xf8, 0x0, 0x0,
    0x4, 0xdf, 0xff, 0xf8, 0x0, 0x0, 0x0, 0x6,
    0xef, 0xf8, 0x0, 0x0, 0x0, 0x0, 0x18, 0xf8,
    0x0, 0x0, 0x0, 0x0, 0x0, 0x24,

    /* U+266A "♪" */
    0x0, 0x3, 0x0, 0x0, 0x0, 0xf1, 0x0, 0x0,
    0xf, 0xe3, 0x0, 0x0, 0xd5, 0xe0, 0x0, 0xd,
    0xc, 0x30, 0x0, 0xd0, 0xb1, 0x0, 0xd, 0x1,
    0x0, 0x0, 0xd0, 0x0, 0x3, 0x6d, 0x0, 0x7,
    0xff, 0xc0, 0x0, 0xdf, 0xfa, 0x0, 0x9, 0xfe,
    0x20, 0x0, 0x1, 0x0, 0x0, 0x0,

    /* U+3001 "、" */
    0x42, 0x0, 0xae, 0x30, 0x9, 0xf4, 0x0, 0x95,

    /* U+3002 "。" */
    0x0, 0x10, 0x5f, 0xf5, 0xe5, 0x5d, 0xd7, 0x7d,
    0x4e, 0xe4,

    /* U+6549 "敉" */
    0x0, 0x3, 0x20, 0x0, 0x2, 0x40, 0x0, 0x0,
    0x0, 0xa, 0x70, 0x0, 0x7, 0xc0, 0x0, 0x0,
    0x15, 0xa, 0x70, 0x60, 0xc, 0x70, 0x0, 0x0,
    0x2e, 0xa, 0x74, 0xe0, 0x1f, 0x63, 0x33, 0x32,
    0xd, 0x5a, 0x7a, 0x80, 0x7f, 0xee, 0xef, 0xe9,
    0x7, 0x8a, 0x8e, 0x10, 0xea, 0x0, 0xe, 0x40,
    0x2, 0x2a, 0x82, 0x27, 0xfc, 0x0, 0xf, 0x20,
    0x6f, 0xff, 0xff, 0xdc, 0x5f, 0x0, 0x3e, 0x0,
    0x0, 0x3f, 0x70, 0x1, 0xc, 0x40, 0x8a, 0x0,
    0x0, 0xae, 0xd9, 0x0, 0x8, 0xa0, 0xd5, 0x0,
    0x2, 0xea, 0x8c, 0x80, 0x1, 0xf7, 0xe0, 0x0,
    0xc, 0x7a, 0x71, 0xd1, 0x0, 0xaf, 0x60, 0x0,
    0x6d, 0xa, 0x70, 0x0, 0x1, 0xcf, 0x80, 0x0,
    0x33, 0xa, 0x70, 0x0, 0x2d, 0xc5, 0xf8, 0x0,
    0x0, 0xa, 0x70, 0x6, 0xfc, 0x10, 0x4f, 0xd4,
    0x0, 0xa, 0x70, 0x1d, 0x90, 0x0, 0x2, 0xc7,
    0x0, 0x0, 0x0, 0x0, 0x0, 0x0, 0x0, 0x0,

    /* U+659B "斛" */
    0x0, 0x14, 0x0, 0x0, 0x0, 0x0, 0x41, 0x0,
    0x0, 0xab, 0x0, 0x0, 0x0, 0x0, 0xe4, 0x0,
    0x2, 0xff, 0xff, 0x60, 0x64, 0x0, 0xe4, 0x0,
    0xc, 0x80, 0x1e, 0x20, 0x6f, 0x60, 0xe4, 0x0,
    0x7e, 0x0, 0x89, 0x0, 0x4, 0xf3, 0xe4, 0x0,
    0xaf, 0xee, 0xfe, 0xf1, 0x0, 0x20, 0xe4, 0x0,
    0xe, 0x22, 0xd0, 0xe1, 0x50, 0x0, 0xe4, 0x0,
    0xe, 0x22, 0xd0, 0xe2, 0xcd, 0x20, 0xe4, 0x0,
    0xe, 0xee, 0xfe, 0xf1, 0x9, 0xe0, 0xe4, 0x0,
    0xe, 0x22, 0xd0, 0xe1, 0x0, 0x20, 0xe4, 0x21,
    0xe, 0x23, 0xd0, 0xe4, 0x68, 0xac, 0xff, 0xf7,
    0xe, 0xee, 0xfe, 0xf9, 0xca, 0x86, 0xf5, 0x0,
    0xf, 0x2, 0xd0, 0xe1, 0x0, 0x0, 0xe4, 0x0,
    0x2e, 0x2, 0xd0, 0xe1, 0x0, 0x0, 0xe4, 0x0,
    0x7b, 0x2, 0xb1, 0xf1, 0x0, 0x0, 0xe4, 0x0,
    0xb4, 0x0, 0xbf, 0xb0, 0x0, 0x0, 0xe4, 0x0,
    0x0, 0x0, 0x0, 0x0, 0x0, 0x0, 0x0, 0x0,

    /* U+66A8 "暨" */
    0x2, 0x99, 0x99, 0x96, 0x37, 0x77, 0x77, 0x70,
    0x4, 0xd3, 0x33, 0x7b, 0x49, 0x6c, 0xa6, 0x60,
    0x4, 0xfb, 0xbb, 0xcb, 0x5b, 0xb, 0x60, 0x0,
    0x4, 0xd0, 0x0, 0x5b, 0x8b, 0x4d, 0x84, 0x41,
    0x4, 0xfc, 0xcd, 0xdb, 0x59, 0xaf, 0x99, 0x93,
    0x4, 0xd0, 0xb, 0x80, 0x0, 0xac, 0xc0, 0x33,
    0x4, 0xe8, 0xcd, 0xe2, 0x3c, 0xb3, 0xf5, 0xb8,
    0x6, 0xc7, 0x20, 0x8, 0xe7, 0x0, 0x8a, 0x91,
    0x0, 0x3d, 0xdd, 0xdd, 0xdd, 0xdd, 0xd8, 0x0,
    0x0, 0x4e, 0x0, 0x0, 0x0, 0x0, 0x8a, 0x0,
    0x0, 0x4f, 0xcc, 0xcc, 0xcc, 0xcc, 0xea, 0x0,
    0x0, 0x4e, 0x44, 0x44, 0x44, 0x44, 0xaa, 0x0,
    0x0, 0x4e, 0x88, 0x88, 0x88, 0x88, 0xb9, 0x0,
    0x3a, 0xaa, 0xaa, 0xaa, 0xaa, 0xaa, 0xaa, 0xa9,
    0x13, 0x33, 0x33, 0x33, 0x33, 0x33, 0x33, 0x32,

    /* U+77BF "瞿" */
    0x0, 0x77, 0x77, 0x72, 0x7, 0x77, 0x77, 0x70,
    0x2, 0xe5, 0x55, 0xd4, 0xf, 0x65, 0x56, 0xe0,
    0x2, 0xfd, 0xdd, 0xf4, 0xf, 0xdd, 0xdd, 0xe0,
    0x2, 0xe5, 0x55, 0xc4, 0xf, 0x55, 0x56, 0xe0,
    0x2, 0xe7, 0x77, 0xd4, 0xf, 0x77, 0x77, 0xe0,
    0x2, 0xfc, 0xcc, 0xf4, 0xf, 0xdd, 0xdd, 0xe0,
    0x1, 0x83, 0x60, 0x67, 0xc8, 0x0, 0x0, 0x90,
    0x0, 0x3f, 0xb8, 0x88, 0xfb, 0x88, 0x88, 0x80,
    0x5, 0xfc, 0x44, 0x44, 0xd8, 0x44, 0x44, 0x40,
    0x4e, 0x8e, 0xaa, 0xaa, 0xfc, 0xaa, 0xaa, 0x20,
    0x1, 0x5c, 0x22, 0x22, 0xd7, 0x22, 0x22, 0x0,
    0x0, 0x5e, 0xaa, 0xaa, 0xfc, 0xaa, 0xaa, 0x30,
    0x0, 0x5c, 0x22, 0x22, 0xd7, 0x22, 0x22, 0x0,
    0x0, 0x5e, 0xaa, 0xaa, 0xfc, 0xaa, 0xaa, 0xa2,
    0x0, 0x5c, 0x33, 0x33, 0x33, 0x33, 0x33, 0x30,

    /* U+7A23 "稣" */
    0x0, 0x0, 0x0, 0x0, 0x0, 0x0, 0x0, 0x0,
    0x0, 0x6d, 0x0, 0x0, 0x0, 0x12, 0x47, 0x80,
    0x0, 0xee, 0xdd, 0x50, 0x8b, 0x9f, 0x84, 0x30,
    0x8, 0x92, 0x2d, 0x30, 0x0, 0xe, 0x30, 0x0,
    0x5e, 0x10, 0x4c, 0x0, 0x0, 0xe, 0x30, 0x0,
    0x8e, 0xbb, 0xed, 0xb2, 0x33, 0x3f, 0x63, 0x31,
    0xe, 0x66, 0xf5, 0xf5, 0xdd, 0xef, 0xed, 0xd7,
    0xe, 0x22, 0xe0, 0xe2, 0x0, 0x9f, 0xd0, 0x0,
    0xe, 0xff, 0xff, 0xf2, 0x1, 0xce, 0xb4, 0x0,
    0xe, 0x22, 0xe0, 0xe2, 0x8, 0x7e, 0x5b, 0x0,
    0xe, 0x22, 0xe0, 0xe2, 0x2e, 0xe, 0x3b, 0x50,
    0xe, 0xee, 0xfe, 0xf2, 0xc7, 0xe, 0x33, 0xe1,
    0xc, 0x20, 0x0, 0x9a, 0xd0, 0xe, 0x30, 0x99,
    0x0, 0x0, 0x0, 0x17, 0x30, 0xe, 0x30, 0x14,
    0x7b, 0xcd, 0xff, 0xf6, 0x0, 0xe, 0x30, 0x0,
    0x57, 0x54, 0x31, 0x0, 0x0, 0xe, 0x30, 0x0,

    /* U+7AFA "竺" */
    0x0, 0x0, 0x0, 0x0, 0x0, 0x0, 0x0, 0x0,
    0x0, 0x0, 0x3e, 0x10, 0x0, 0x5, 0xd0, 0x0,
    0x0, 0x0, 0x9, 0xb0, 0x0, 0x0, 0xb9, 0x0,
    0x0, 0x0, 0x1, 0xf8, 0x44, 0x42, 0x1f, 0x74,
    0x44, 0x41, 0x0, 0x8f, 0xdd, 0xdd, 0x79, 0xed,
    0xdd, 0xdd, 0x50, 0x2f, 0x49, 0x40, 0x1, 0xf4,
    0x3b, 0x0, 0x0, 0xb, 0xb0, 0x5e, 0x10, 0xba,
    0x0, 0xd8, 0x0, 0x0, 0x72, 0x0, 0xb9, 0xa,
    0x20, 0x3, 0xf2, 0x0, 0x0, 0x0, 0x1, 0x10,
    0x0, 0x0, 0x2, 0x0, 0x0, 0x1, 0x33, 0x33,
    0x33, 0x33, 0x33, 0x32, 0x0, 0x0, 0x4e, 0xee,
    0xee, 0xee, 0xee, 0xee, 0xb0, 0x0, 0x0, 0x0,
    0x0, 0x0, 0x0, 0x0, 0x0, 0x0, 0x0, 0x0,
    0x0, 0x0, 0x0, 0x0, 0x0, 0x0, 0x0, 0x0,
    0x0, 0x0, 0x0, 0x0, 0x0, 0x0, 0x0, 0xd,
    0xff, 0xff, 0xff, 0xff, 0xff, 0xff, 0xff, 0x60,
    0x23, 0x33, 0x33, 0x33, 0x33, 0x33, 0x33, 0x31,

    /* U+7AFD "竽" */
    0x0, 0x0, 0x51, 0x0, 0x0, 0x15, 0x0, 0x0,
    0x0, 0x0, 0x6e, 0x0, 0x0, 0x9, 0xb0, 0x0,
    0x0, 0x0, 0xe, 0xff, 0xff, 0xb2, 0xff, 0xff,
    0xff, 0x50, 0x8, 0xc2, 0x72, 0x22, 0xba, 0x28,
    0x32, 0x20, 0x6, 0xf3, 0x1e, 0x50, 0x9e, 0x10,
    0xc9, 0x0, 0x0, 0xc7, 0x0, 0x6d, 0x1e, 0x40,
    0x2, 0xf2, 0x0, 0x0, 0x2, 0x22, 0x42, 0x32,
    0x22, 0x24, 0x10, 0x0, 0x0, 0xce, 0xee, 0xef,
    0xfe, 0xee, 0xe9, 0x0, 0x0, 0x0, 0x0, 0x0,
    0x8a, 0x0, 0x0, 0x0, 0x0, 0x0, 0x0, 0x0,
    0x8, 0xa0, 0x0, 0x0, 0x0, 0xd, 0xff, 0xff,
    0xff, 0xff, 0xff, 0xff, 0xff, 0x60, 0x12, 0x22,
    0x22, 0x29, 0xb2, 0x22, 0x22, 0x20, 0x0, 0x0,
    0x0, 0x0, 0x8a, 0x0, 0x0, 0x0, 0x0, 0x0,
    0x0, 0x0, 0x9, 0xa0, 0x0, 0x0, 0x0, 0x0,
    0x0, 0x5, 0x44, 0xe9, 0x0, 0x0, 0x0, 0x0,
    0x0, 0x0, 0xff, 0xfd, 0x20, 0x0, 0x0, 0x0,
    0x0, 0x0, 0x0, 0x0, 0x0, 0x0, 0x0, 0x0,
    0x0,

    /* U+7B03 "笃" */
    0x0, 0x4, 0x30, 0x0, 0x0, 0x51, 0x0, 0x0,
    0x0, 0x1f, 0x30, 0x0, 0x5, 0xe0, 0x0, 0x0,
    0x0, 0xaf, 0xff, 0xff, 0x7d, 0xff, 0xff, 0xfb,
    0x5, 0xe2, 0x86, 0x22, 0x9c, 0x26, 0x52, 0x21,
    0x4f, 0x40, 0x5e, 0x25, 0xf2, 0x5, 0xf3, 0x0,
    0x45, 0x0, 0x6, 0x15, 0x60, 0x0, 0x64, 0x0,
    0x0, 0xef, 0xff, 0xff, 0xff, 0xff, 0xf5, 0x0,
    0x0, 0x13, 0x21, 0x11, 0x11, 0x12, 0xf3, 0x0,
    0x0, 0x1f, 0x10, 0x0, 0x0, 0x2, 0xf2, 0x0,
    0x0, 0x3f, 0x33, 0x33, 0x33, 0x36, 0xf3, 0x30,
    0x0, 0x4d, 0xdd, 0xdd, 0xdd, 0xdd, 0xde, 0xf0,
    0x0, 0x0, 0x0, 0x0, 0x0, 0x0, 0x2, 0xf0,
    0x3f, 0xff, 0xff, 0xff, 0xff, 0xff, 0x3, 0xf0,
    0x1, 0x11, 0x11, 0x11, 0x11, 0x11, 0x4, 0xe0,
    0x0, 0x0, 0x0, 0x0, 0x5, 0x43, 0x3b, 0xb0,
    0x0, 0x0, 0x0, 0x0, 0xe, 0xff, 0xfc, 0x20,
    0x0, 0x0, 0x0, 0x0, 0x0, 0x0, 0x0, 0x0,

    /* U+7B04 "笄" */
    0x0, 0x0, 0x51, 0x0, 0x0, 0x16, 0x0, 0x0,
    0x0, 0x0, 0x6e, 0x0, 0x0, 0x8, 0xd0, 0x0,
    0x0, 0x0, 0xe, 0xff, 0xff, 0xb1, 0xff, 0xff,
    0xff, 0x50, 0x9, 0xc3, 0xa2, 0x21, 0xab, 0x2a,
    0x42, 0x20, 0x6, 0xf3, 0xd, 0x70, 0x8f, 0x20,
    0xab, 0x0, 0x0, 0xc7, 0x0, 0x4d, 0xd, 0x60,
    0x1, 0xe2, 0x0, 0x0, 0x25, 0x55, 0x55, 0x65,
    0x55, 0x55, 0x40, 0x0, 0x4, 0xcc, 0xfe, 0xcc,
    0xcc, 0xfd, 0xcb, 0x0, 0x0, 0x0, 0xc, 0x70,
    0x0, 0xe, 0x50, 0x0, 0x0, 0x0, 0x0, 0xd7,
    0x0, 0x0, 0xe5, 0x0, 0x0, 0xb, 0xdd, 0xdf,
    0xed, 0xdd, 0xdf, 0xed, 0xdd, 0x50, 0x34, 0x46,
    0xf6, 0x44, 0x44, 0xf8, 0x44, 0x41, 0x0, 0x0,
    0x7e, 0x0, 0x0, 0xe, 0x50, 0x0, 0x0, 0x0,
    0x3f, 0x70, 0x0, 0x0, 0xe5, 0x0, 0x0, 0x0,
    0x6f, 0xb0, 0x0, 0x0, 0xe, 0x50, 0x0, 0x0,
    0x3f, 0x80, 0x0, 0x0, 0x0, 0xe5, 0x0, 0x0,
    0x0, 0x10, 0x0, 0x0, 0x0, 0x0, 0x0, 0x0,
    0x0,

    /* U+7B08 "笈" */
    0x0, 0x3, 0x10, 0x0, 0x0, 0x31, 0x0, 0x0,
    0x0, 0x3f, 0x20, 0x0, 0x6, 0xe0, 0x0, 0x0,
    0x0, 0xdf, 0xff, 0xff, 0x5e, 0xff, 0xff, 0xf8,
    0xa, 0xc3, 0xa2, 0x22, 0xad, 0x27, 0x82, 0x21,
    0x9d, 0x10, 0xc8, 0x5, 0xf3, 0x2, 0xf4, 0x0,
    0x23, 0x22, 0x44, 0x22, 0x62, 0x22, 0x51, 0x0,
    0xe, 0xff, 0xff, 0xff, 0xff, 0xff, 0x70, 0x0,
    0x0, 0x0, 0xd5, 0x0, 0x0, 0x7d, 0x0, 0x0,
    0x0, 0x0, 0xfa, 0x0, 0x4, 0xf4, 0x21, 0x0,
    0x0, 0x1, 0xfe, 0x40, 0x9, 0xff, 0xfd, 0x0,
    0x0, 0x6, 0xd4, 0xe1, 0x0, 0x0, 0xd7, 0x0,
    0x0, 0xc, 0x80, 0x9d, 0x10, 0xa, 0xc0, 0x0,
    0x0, 0x5f, 0x10, 0x9, 0xe5, 0xcd, 0x10, 0x0,
    0x3, 0xf6, 0x0, 0x1, 0xdf, 0xf4, 0x0, 0x0,
    0x4f, 0x90, 0x26, 0xbf, 0xc5, 0x9f, 0xd8, 0x52,
    0x48, 0x3, 0xfe, 0x93, 0x0, 0x1, 0x6b, 0xe6,
    0x0, 0x0, 0x10, 0x0, 0x0, 0x0, 0x0, 0x0,

    /* U+7B0A "笊" */
    0x0, 0x6, 0x10, 0x0, 0x2, 0x60, 0x0, 0x0,
    0x0, 0x5f, 0x0, 0x0, 0xa, 0xb0, 0x0, 0x0,
    0x0, 0xdf, 0xcc, 0xcc, 0x4f, 0xdc, 0xcc, 0xc5,
    0x6, 0xe4, 0x64, 0x44, 0xbc, 0x48, 0x44, 0x42,
    0x2f, 0x60, 0xd7, 0x5, 0xf2, 0xe, 0x80, 0x0,
    0xac, 0x0, 0x3e, 0x2, 0x60, 0x3, 0xa0, 0x0,
    0x11, 0x1, 0x23, 0x33, 0x45, 0x67, 0x89, 0x30,
    0x0, 0x6f, 0xff, 0xef, 0xec, 0xce, 0x94, 0x10,
    0x0, 0x6c, 0x0, 0xe, 0x40, 0xa, 0x90, 0x0,
    0x0, 0x6b, 0x0, 0xe, 0x40, 0x8, 0xb0, 0x0,
    0x0, 0x7a, 0x0, 0xe, 0x40, 0x5, 0xf0, 0x0,
    0x0, 0x98, 0x0, 0xe, 0x40, 0x0, 0xf5, 0x0,
    0x0, 0xe5, 0x0, 0xe, 0x40, 0x0, 0xbc, 0x0,
    0x7, 0xe0, 0x0, 0xe, 0x40, 0x0, 0x3f, 0x50,
    0x3f, 0x50, 0x0, 0xe, 0x40, 0x0, 0x9, 0xf4,
    0x78, 0x0, 0x0, 0xe, 0x40, 0x0, 0x0, 0xb4,
    0x0, 0x0, 0x0, 0x0, 0x0, 0x0, 0x0, 0x0,

    /* U+7B0F "笏" */
    0x0, 0x6, 0x30, 0x0, 0x0, 0x71, 0x0, 0x0,
    0x0, 0x4f, 0x10, 0x0, 0x7, 0xd0, 0x0, 0x0,
    0x1, 0xef, 0xff, 0xff, 0x5e, 0xff, 0xff, 0xf8,
    0xc, 0xa1, 0x96, 0x11, 0xbb, 0x1c, 0x41, 0x10,
    0x9b, 0x1, 0x5f, 0x21, 0xb1, 0x8, 0xe1, 0x0,
    0x0, 0xc, 0x83, 0x0, 0x0, 0x0, 0x50, 0x0,
    0x0, 0x9f, 0xdd, 0xdd, 0xdd, 0xdd, 0xdd, 0x50,
    0x9, 0xd5, 0x59, 0xd5, 0x5b, 0xb5, 0x5e, 0x60,
    0x8d, 0x10, 0xb, 0x70, 0xc, 0x70, 0xd, 0x50,
    0x11, 0x0, 0x5f, 0x10, 0x1f, 0x20, 0xe, 0x40,
    0x0, 0x2, 0xe6, 0x0, 0x9c, 0x0, 0xf, 0x40,
    0x0, 0x4f, 0x90, 0x4, 0xf3, 0x0, 0xf, 0x30,
    0x2a, 0xf8, 0x0, 0x3e, 0x80, 0x0, 0xf, 0x20,
    0x3c, 0x30, 0x4, 0xfa, 0x0, 0x0, 0x3f, 0x0,
    0x0, 0x1, 0x9f, 0x80, 0x33, 0x35, 0xdb, 0x0,
    0x0, 0x2e, 0xd4, 0x0, 0xcf, 0xff, 0xb1, 0x0,
    0x0, 0x4, 0x0, 0x0, 0x0, 0x0, 0x0, 0x0,

    /* U+7B15 "笕" */
    0x0, 0x0, 0x51, 0x0, 0x0, 0x25, 0x0, 0x0,
    0x0, 0x0, 0x6d, 0x0, 0x0, 0xb, 0x80, 0x0,
    0x0, 0x0, 0x1e, 0xff, 0xff, 0xf5, 0xff, 0xff,
    0xff, 0x20, 0xc, 0x92, 0xa2, 0x12, 0xe7, 0x39,
    0x11, 0x10, 0xb, 0xc0, 0xb, 0x90, 0x5c, 0x0,
    0xd7, 0x0, 0x0, 0x30, 0x22, 0x35, 0x22, 0x22,
    0x24, 0x40, 0x0, 0x0, 0xe, 0xff, 0xff, 0xff,
    0xff, 0xff, 0x50, 0x0, 0x0, 0xe5, 0x0, 0x3,
    0x10, 0x0, 0xe5, 0x0, 0x0, 0xe, 0x50, 0x0,
    0xe5, 0x0, 0xe, 0x50, 0x0, 0x0, 0xe5, 0x0,
    0xf, 0x40, 0x0, 0xe5, 0x0, 0x0, 0xe, 0x50,
    0x2, 0xf7, 0x0, 0xe, 0x50, 0x0, 0x0, 0xe5,
    0x0, 0x8d, 0xf2, 0x0, 0xe5, 0x0, 0x0, 0x3,
    0x10, 0x5f, 0x5f, 0x20, 0x3, 0x1e, 0x30, 0x0,
    0x0, 0x8f, 0x70, 0xf2, 0x0, 0x2, 0xf2, 0x0,
    0x28, 0xee, 0x50, 0xf, 0x71, 0x11, 0x8e, 0x0,
    0x9f, 0xe7, 0x0, 0x0, 0x7f, 0xff, 0xfe, 0x50,
    0x1, 0x40, 0x0, 0x0, 0x0, 0x0, 0x0, 0x0,
    0x0,

    /* U+7B19 "笙" */
    0x0, 0x6, 0x30, 0x0, 0x0, 0x62, 0x0, 0x0,
    0x0, 0x2f, 0x20, 0x0, 0x4, 0xf1, 0x0, 0x0,
    0x0, 0xaf, 0xdd, 0xdd, 0x6b, 0xfd, 0xdd, 0xdc,
    0x3, 0xf5, 0x55, 0x44, 0x7e, 0x44, 0x64, 0x44,
    0xd, 0x90, 0xaa, 0x1, 0xe6, 0x6, 0xe2, 0x0,
    0x5e, 0x0, 0x2f, 0x42, 0xb0, 0x0, 0xbe, 0x10,
    0x2, 0x4, 0x33, 0x0, 0x91, 0x0, 0x6, 0x0,
    0x0, 0x1e, 0x71, 0x12, 0xf3, 0x11, 0x11, 0x10,
    0x0, 0xaf, 0xff, 0xff, 0xff, 0xff, 0xff, 0xf0,
    0x8, 0xe1, 0x0, 0x1, 0xf2, 0x0, 0x0, 0x0,
    0xb, 0x30, 0x0, 0x1, 0xf2, 0x0, 0x0, 0x0,
    0x0, 0x6f, 0xff, 0xff, 0xff, 0xff, 0xff, 0x80,
    0x0, 0x1, 0x11, 0x12, 0xf3, 0x11, 0x11, 0x0,
    0x0, 0x0, 0x0, 0x1, 0xf2, 0x0, 0x0, 0x0,
    0x1, 0x11, 0x11, 0x12, 0xf3, 0x11, 0x11, 0x11,
    0x1f, 0xff, 0xff, 0xff, 0xff, 0xff, 0xff, 0xfe,

    /* U+7B1E "笞" */
    0x0, 0x5, 0x50, 0x0, 0x0, 0x64, 0x0, 0x0,
    0x0, 0x2, 0xf4, 0x0, 0x0, 0x2f, 0x30, 0x0,
    0x0, 0x0, 0xbf, 0xff, 0xff, 0x9b, 0xff, 0xff,
    0xfd, 0x0, 0x9d, 0x1c, 0x51, 0x16, 0xf2, 0x88,
    0x11, 0x10, 0x5e, 0x20, 0x5d, 0x5c, 0x66, 0x2,
    0xe5, 0x0, 0x0, 0x20, 0x0, 0x8f, 0x60, 0x4,
    0x33, 0x10, 0x0, 0x0, 0x1, 0xbc, 0x20, 0x0,
    0x6f, 0x60, 0x0, 0x0, 0x7, 0xe7, 0x1, 0x12,
    0x23, 0x7f, 0xa0, 0x0, 0xc, 0xff, 0xff, 0xff,
    0xed, 0xdc, 0xbd, 0xc1, 0x0, 0x23, 0x21, 0x0,
    0x0, 0x0, 0x0, 0xa, 0xb0, 0x0, 0x4d, 0xdd,
    0xdd, 0xdd, 0xdd, 0xdc, 0x0, 0x0, 0x5, 0xe3,
    0x33, 0x33, 0x33, 0x37, 0xe0, 0x0, 0x0, 0x5e,
    0x0, 0x0, 0x0, 0x0, 0x4e, 0x0, 0x0, 0x5,
    0xe0, 0x0, 0x0, 0x0, 0x4, 0xe0, 0x0, 0x0,
    0x5f, 0xff, 0xff, 0xff, 0xff, 0xfe, 0x0, 0x0,
    0x5, 0xe1, 0x11, 0x11, 0x11, 0x15, 0xe0, 0x0,
    0x0, 0x0, 0x0, 0x0, 0x0, 0x0, 0x0, 0x0,
    0x0,

    /* U+7B20 "笠" */
    0x0, 0x2, 0x30, 0x0, 0x0, 0x41, 0x0, 0x0,
    0x0, 0x1e, 0x60, 0x0, 0x6, 0xe0, 0x0, 0x0,
    0x0, 0x9f, 0xff, 0xff, 0x8e, 0xff, 0xff, 0xfc,
    0x6, 0xf3, 0x51, 0x11, 0x9d, 0x12, 0x41, 0x11,
    0x4f, 0x40, 0xda, 0x1, 0xf3, 0x6, 0xf3, 0x0,
    0x14, 0x0, 0x2b, 0x18, 0x10, 0x0, 0x78, 0x0,
    0x0, 0x0, 0x0, 0xd, 0x80, 0x0, 0x0, 0x0,
    0x4, 0x55, 0x55, 0x59, 0xc5, 0x55, 0x55, 0x51,
    0xb, 0xcc, 0xcc, 0xcc, 0xcc, 0xcc, 0xcc, 0xc4,
    0x0, 0x4, 0x90, 0x0, 0x0, 0x8, 0x50, 0x0,
    0x0, 0x2, 0xf3, 0x0, 0x0, 0x2f, 0x50, 0x0,
    0x0, 0x0, 0xba, 0x0, 0x0, 0xbc, 0x0, 0x0,
    0x0, 0x0, 0x4f, 0x20, 0x3, 0xf3, 0x0, 0x0,
    0x0, 0x0, 0x6, 0x10, 0xb, 0xa0, 0x0, 0x0,
    0x5f, 0xff, 0xff, 0xff, 0xff, 0xff, 0xff, 0xfb,
    0x2, 0x22, 0x22, 0x22, 0x22, 0x22, 0x22, 0x21,

    /* U+7B24 "笤" */
    0x0, 0x2, 0x0, 0x0, 0x0, 0x20, 0x0, 0x0,
    0x0, 0x5f, 0x10, 0x0, 0x3, 0xf1, 0x0, 0x0,
    0x0, 0xef, 0xff, 0xff, 0x5c, 0xff, 0xff, 0xf8,
    0xa, 0xb3, 0xb2, 0x11, 0x8e, 0x29, 0x41, 0x10,
    0x7d, 0x0, 0xc9, 0x1, 0xf5, 0x7, 0xe0, 0x0,
    0x14, 0x11, 0x33, 0x11, 0x31, 0x11, 0x61, 0x0,
    0xd, 0xff, 0xff, 0xff, 0xff, 0xff, 0xff, 0x30,
    0x0, 0x0, 0x2f, 0x30, 0x0, 0x0, 0xf, 0x20,
    0x0, 0x4, 0xe8, 0x0, 0x11, 0x0, 0x5f, 0x0,
    0x27, 0xde, 0x60, 0x2, 0xff, 0xff, 0xe6, 0x0,
    0x3b, 0x60, 0x0, 0x0, 0x11, 0x11, 0x0, 0x0,
    0x0, 0xef, 0xff, 0xff, 0xff, 0xff, 0xfd, 0x0,
    0x0, 0xe5, 0x11, 0x11, 0x11, 0x11, 0x6d, 0x0,
    0x0, 0xe4, 0x0, 0x0, 0x0, 0x0, 0x5d, 0x0,
    0x0, 0xef, 0xff, 0xff, 0xff, 0xff, 0xfd, 0x0,
    0x0, 0xe5, 0x11, 0x11, 0x11, 0x11, 0x6d, 0x0,

    /* U+7B25 "笥" */
    0x0, 0x1, 0x40, 0x0, 0x0, 0x23, 0x0, 0x0,
    0x0, 0x0, 0x9c, 0x0, 0x0, 0xe, 0x70, 0x0,
    0x0, 0x0, 0x3f, 0xff, 0xff, 0xf7, 0xff, 0xff,
    0xff, 0x10, 0x2e, 0x62, 0xe6, 0x4, 0xf5, 0xb,
    0xa1, 0x0, 0xc, 0x70, 0x3, 0xb0, 0x78, 0x0,
    0x1b, 0x30, 0x0, 0x2d, 0xdd, 0xdd, 0xdd, 0xdd,
    0xdd, 0xdd, 0x40, 0x0, 0x33, 0x33, 0x33, 0x33,
    0x33, 0x33, 0xe5, 0x0, 0x0, 0x0, 0x0, 0x0,
    0x0, 0x0, 0xd, 0x50, 0xb, 0xff, 0xff, 0xff,
    0xff, 0xff, 0xf2, 0xd5, 0x0, 0x0, 0x0, 0x0,
    0x0, 0x0, 0x0, 0xd, 0x50, 0x0, 0x2e, 0xee,
    0xee, 0xee, 0xe3, 0x0, 0xd5, 0x0, 0x3, 0xf0,
    0x0, 0x0, 0xf, 0x30, 0xd, 0x50, 0x0, 0x3f,
    0x0, 0x0, 0x0, 0xf3, 0x0, 0xd5, 0x0, 0x3,
    0xff, 0xff, 0xff, 0xff, 0x30, 0xe, 0x50, 0x0,
    0x2d, 0x0, 0x0, 0x0, 0x54, 0x36, 0xf3, 0x0,
    0x0, 0x0, 0x0, 0x0, 0xa, 0xff, 0xfa, 0x0,
    0x0, 0x0, 0x0, 0x0, 0x0, 0x0, 0x0, 0x0,
    0x0,

    /* U+7B2A "笪" */
    0x0, 0x5, 0x50, 0x0, 0x0, 0x73, 0x0, 0x0,
    0x0, 0x2f, 0x40, 0x0, 0x4, 0xf2, 0x0, 0x0,
    0x0, 0xbf, 0xff, 0xff, 0x8c, 0xff, 0xff, 0xfb,
    0x8, 0xe1, 0x76, 0x0, 0x7e, 0x18, 0x50, 0x0,
    0x4f, 0x30, 0x4f, 0x30, 0xb5, 0x5, 0xf5, 0x0,
    0x2, 0x0, 0x4, 0x0, 0x0, 0x0, 0x52, 0x0,
    0x0, 0x3f, 0xff, 0xff, 0xff, 0xff, 0xfc, 0x0,
    0x0, 0x3f, 0x11, 0x11, 0x11, 0x11, 0x6d, 0x0,
    0x0, 0x3f, 0x11, 0x11, 0x11, 0x11, 0x6d, 0x0,
    0x0, 0x3f, 0xff, 0xff, 0xff, 0xff, 0xfd, 0x0,
    0x0, 0x3f, 0x0, 0x0, 0x0, 0x0, 0x5d, 0x0,
    0x0, 0x3f, 0x11, 0x11, 0x11, 0x11, 0x6d, 0x0,
    0x0, 0x3f, 0xff, 0xff, 0xff, 0xff, 0xfd, 0x0,
    0x0, 0x16, 0x0, 0x0, 0x0, 0x0, 0x25, 0x0,
    0x2, 0x22, 0x22, 0x22, 0x22, 0x22, 0x22, 0x21,
    0x5f, 0xff, 0xff, 0xff, 0xff, 0xff, 0xff, 0xfe,

    /* U+7B2B "笫" */
    0x0, 0x0, 0x31, 0x0, 0x0, 0x13, 0x0, 0x0,
    0x0, 0x0, 0x7e, 0x0, 0x0, 0x9, 0xc0, 0x0,
    0x0, 0x0, 0x1f, 0xff, 0xff, 0xf4, 0xff, 0xff,
    0xff, 0x50, 0x1d, 0xa5, 0x92, 0x22, 0xd9, 0x2c,
    0x32, 0x20, 0xc, 0xb0, 0x1e, 0x50, 0x19, 0x0,
    0x9a, 0x0, 0x0, 0x20, 0x0, 0x20, 0xd, 0x50,
    0x0, 0x22, 0x0, 0x0, 0x49, 0x9a, 0xab, 0xfe,
    0xdf, 0xff, 0xf0, 0x0, 0xa, 0xc8, 0x77, 0x6e,
    0x94, 0x32, 0x10, 0x0, 0x0, 0xc7, 0x0, 0x0,
    0xd5, 0x0, 0x0, 0x0, 0x0, 0xe, 0x62, 0x22,
    0x2e, 0x72, 0x22, 0x22, 0x20, 0x0, 0xff, 0xff,
    0xff, 0xff, 0xff, 0xff, 0xfe, 0x0, 0x0, 0x0,
    0x4, 0xff, 0x50, 0x0, 0x4, 0xd0, 0x0, 0x0,
    0x8, 0xf5, 0xd5, 0x0, 0x0, 0x6c, 0x0, 0x0,
    0x5d, 0xd3, 0xd, 0x50, 0x44, 0x4c, 0xa0, 0x7,
    0xee, 0x60, 0x0, 0xd5, 0x8, 0xee, 0xb2, 0x0,
    0x45, 0x0, 0x0, 0xd, 0x50, 0x0, 0x0, 0x0,

    /* U+7B2E "笮" */
    0x0, 0x4, 0x20, 0x0, 0x0, 0x41, 0x0, 0x0,
    0x0, 0x4f, 0x20, 0x0, 0x7, 0xe0, 0x0, 0x0,
    0x1, 0xef, 0xff, 0xff, 0x5e, 0xff, 0xff, 0xf7,
    0xc, 0xb1, 0xb4, 0x11, 0xbc, 0x19, 0x51, 0x10,
    0x9c, 0x10, 0x6d, 0x7, 0xe1, 0x5, 0xe0, 0x0,
    0x10, 0xd, 0x50, 0x0, 0x20, 0x0, 0x10, 0x0,
    0x0, 0x5f, 0xdd, 0xdd, 0xdd, 0xdd, 0xdd, 0xd3,
    0x0, 0xd8, 0x3f, 0x73, 0x33, 0x33, 0x33, 0x30,
    0x8, 0xd0, 0xe, 0x40, 0x0, 0x0, 0x0, 0x0,
    0x4f, 0x40, 0xe, 0xee, 0xee, 0xee, 0xee, 0x20,
    0x37, 0x0, 0xe, 0x62, 0x22, 0x22, 0x22, 0x0,
    0x0, 0x0, 0xe, 0x40, 0x0, 0x0, 0x0, 0x0,
    0x0, 0x0, 0xe, 0xee, 0xee, 0xee, 0xee, 0x50,
    0x0, 0x0, 0xe, 0x63, 0x33, 0x33, 0x33, 0x10,
    0x0, 0x0, 0xe, 0x40, 0x0, 0x0, 0x0, 0x0,
    0x0, 0x0, 0xe, 0x40, 0x0, 0x0, 0x0, 0x0,

    /* U+7B31 "笱" */
    0x0, 0x2, 0x30, 0x0, 0x0, 0x41, 0x0, 0x0,
    0x0, 0x1e, 0x60, 0x0, 0x6, 0xf1, 0x0, 0x0,
    0x0, 0xaf, 0xff, 0xff, 0x8e, 0xff, 0xff, 0xff,
    0x7, 0xe2, 0x7a, 0x11, 0xad, 0x12, 0xc4, 0x11,
    0x5f, 0x31, 0x2c, 0x81, 0xd3, 0x0, 0x7f, 0x20,
    0x3, 0xc, 0x90, 0x0, 0x0, 0x0, 0x1, 0x0,
    0x0, 0x6f, 0xff, 0xff, 0xff, 0xff, 0xff, 0xf0,
    0x4, 0xf4, 0x22, 0x22, 0x22, 0x22, 0x24, 0xf0,
    0x3f, 0x50, 0x0, 0x0, 0x0, 0x0, 0x3, 0xf0,
    0x5, 0x4f, 0xff, 0xff, 0xff, 0x0, 0x3, 0xf0,
    0x0, 0x4e, 0x11, 0x11, 0x2f, 0x0, 0x4, 0xe0,
    0x0, 0x4e, 0x0, 0x0, 0x1f, 0x0, 0x4, 0xe0,
    0x0, 0x4e, 0x22, 0x22, 0x4f, 0x0, 0x5, 0xd0,
    0x0, 0x4f, 0xee, 0xee, 0xee, 0x0, 0x7, 0xc0,
    0x0, 0x27, 0x0, 0x0, 0x15, 0x43, 0x5e, 0x80,
    0x0, 0x0, 0x0, 0x0, 0x1f, 0xff, 0xe9, 0x0,
    0x0, 0x0, 0x0, 0x0, 0x0, 0x0, 0x0, 0x0,

    /* U+7B33 "笳" */
    0x0, 0x0, 0x32, 0x0, 0x0, 0x14, 0x0, 0x0,
    0x0, 0x0, 0x3f, 0x20, 0x0, 0xa, 0xa0, 0x0,
    0x0, 0x0, 0xd, 0xff, 0xff, 0xf5, 0xff, 0xff,
    0xff, 0x80, 0x9, 0xd1, 0x63, 0x11, 0xd9, 0x14,
    0x61, 0x10, 0x9, 0xe2, 0x9, 0xc0, 0x7e, 0x10,
    0x6f, 0x50, 0x0, 0x62, 0x2b, 0x9, 0x0, 0x20,
    0x0, 0x67, 0x0, 0x0, 0x14, 0xf1, 0x11, 0x0,
    0x77, 0x77, 0x77, 0x0, 0x9f, 0xff, 0xff, 0xf5,
    0xe, 0xa8, 0x89, 0xf1, 0x0, 0x4, 0xe0, 0xd,
    0x50, 0xe4, 0x0, 0x1f, 0x10, 0x0, 0x5d, 0x0,
    0xd5, 0xe, 0x40, 0x1, 0xf1, 0x0, 0x7, 0xb0,
    0xe, 0x40, 0xe4, 0x0, 0x1f, 0x10, 0x0, 0xb8,
    0x0, 0xe3, 0xe, 0x40, 0x1, 0xf1, 0x0, 0x1f,
    0x30, 0xf, 0x30, 0xe4, 0x0, 0x1f, 0x10, 0x9,
    0xd0, 0x0, 0xf2, 0xe, 0xff, 0xff, 0xf1, 0x4,
    0xf5, 0x44, 0x8f, 0x0, 0xe5, 0x11, 0x2f, 0x10,
    0xda, 0x9, 0xff, 0x70, 0xe, 0x40, 0x1, 0xf1,
    0x2, 0x10, 0x0, 0x0, 0x0, 0x0, 0x0, 0x0,
    0x0,

    /* U+7B38 "笸" */
    0x0, 0x7, 0x30, 0x0, 0x1, 0x81, 0x0, 0x0,
    0x0, 0x5e, 0x10, 0x0, 0x8, 0xd0, 0x0, 0x0,
    0x0, 0xef, 0xff, 0xff, 0x5f, 0xff, 0xff, 0xf8,
    0xc, 0xb0, 0xa4, 0x0, 0xbc, 0x1b, 0x30, 0x0,
    0x9d, 0x10, 0x6e, 0x12, 0xd2, 0x8, 0xe2, 0x0,
    0x11, 0x0, 0x5, 0x0, 0x0, 0x0, 0x71, 0x0,
    0x2, 0xff, 0xff, 0xff, 0xff, 0xff, 0xff, 0xf1,
    0x2, 0xf1, 0x11, 0x11, 0x11, 0x11, 0x11, 0x10,
    0x2, 0xf0, 0xb, 0xcc, 0xcc, 0xcc, 0xb0, 0x0,
    0x2, 0xf0, 0xe, 0x53, 0x33, 0x35, 0xf0, 0x0,
    0x2, 0xf0, 0xe, 0x30, 0x0, 0x3, 0xf0, 0x0,
    0x2, 0xf0, 0xe, 0xdd, 0xdd, 0xdd, 0xf0, 0x0,
    0x2, 0xf0, 0xb, 0x42, 0x22, 0x24, 0xb0, 0x0,
    0x2, 0xf0, 0x0, 0x0, 0x0, 0x0, 0x0, 0x0,
    0x2, 0xff, 0xff, 0xff, 0xff, 0xff, 0xff, 0xf6,
    0x0, 0x11, 0x11, 0x11, 0x11, 0x11, 0x11, 0x10,

    /* U+7B3E "笾" */
    0x0, 0x0, 0x71, 0x0, 0x0, 0x27, 0x0, 0x0,
    0x0, 0x0, 0x8d, 0x0, 0x0, 0xb, 0xa0, 0x0,
    0x0, 0x0, 0x2f, 0xff, 0xff, 0xf4, 0xff, 0xff,
    0xff, 0x50, 0x1d, 0x81, 0xb3, 0x11, 0xd9, 0x3b,
    0x21, 0x10, 0xc, 0xb0, 0xa, 0xd0, 0x4d, 0x10,
    0xcb, 0x0, 0x0, 0x37, 0x70, 0x5, 0x0, 0xb2,
    0x1, 0x70, 0x0, 0x0, 0x2f, 0x40, 0x33, 0x3f,
    0x53, 0x33, 0x30, 0x0, 0x0, 0x30, 0x2c, 0xcd,
    0xfc, 0xcc, 0xcf, 0x20, 0xb, 0xee, 0x40, 0x0,
    0x4e, 0x0, 0x0, 0xf1, 0x0, 0x12, 0xc5, 0x0,
    0x8, 0xb0, 0x0, 0x1f, 0x0, 0x0, 0xc, 0x50,
    0x1, 0xf5, 0x0, 0x2, 0xf0, 0x0, 0x0, 0xc5,
    0x0, 0xcd, 0x0, 0x0, 0x7d, 0x0, 0x0, 0xd,
    0x51, 0xcf, 0x31, 0xed, 0xdf, 0x50, 0x0, 0x9,
    0xfc, 0x2d, 0x30, 0x5, 0x55, 0x20, 0x0, 0x6,
    0xe2, 0xcc, 0x40, 0x0, 0x0, 0x0, 0x1, 0x0,
    0xc4, 0x0, 0x8e, 0xff, 0xff, 0xff, 0xff, 0xf4,
    0x1, 0x0, 0x0, 0x0, 0x0, 0x0, 0x0, 0x0,
    0x0,

    /* U+7B45 "筅" */
    0x0, 0x3, 0x10, 0x0, 0x0, 0x30, 0x0, 0x0,
    0x0, 0x5f, 0x10, 0x0, 0x9, 0xb0, 0x0, 0x0,
    0x1, 0xef, 0xff, 0xff, 0x4f, 0xff, 0xff, 0xf5,
    0xc, 0xb2, 0xa2, 0x12, 0xd9, 0x29, 0x11, 0x10,
    0xbd, 0x10, 0xab, 0x3, 0x90, 0xb, 0x90, 0x0,
    0x31, 0xa, 0x32, 0xb, 0x70, 0x1, 0x30, 0x0,
    0x0, 0x6f, 0x54, 0x4d, 0xa4, 0x44, 0x44, 0x0,
    0x0, 0xdd, 0xcc, 0xcf, 0xec, 0xcc, 0xcc, 0x0,
    0x9, 0xd0, 0x0, 0xb, 0x70, 0x0, 0x0, 0x0,
    0x9, 0x30, 0x0, 0xb, 0x70, 0x0, 0x0, 0x0,
    0xbf, 0xff, 0xff, 0xff, 0xff, 0xff, 0xff, 0xf4,
    0x0, 0x0, 0x3f, 0x20, 0xf, 0x30, 0x0, 0x0,
    0x0, 0x0, 0x8d, 0x0, 0xf, 0x30, 0x0, 0x94,
    0x0, 0x4, 0xf5, 0x0, 0xf, 0x30, 0x0, 0xd6,
    0x1, 0x9f, 0x90, 0x0, 0xe, 0x82, 0x25, 0xf3,
    0x8f, 0xe6, 0x0, 0x0, 0x6, 0xef, 0xff, 0x80,
    0x14, 0x0, 0x0, 0x0, 0x0, 0x0, 0x0, 0x0,

    /* U+7B47 "筇" */
    0x0, 0x7, 0x30, 0x0, 0x4, 0x60, 0x0, 0x0,
    0x0, 0x4f, 0x10, 0x0, 0xd, 0x70, 0x0, 0x0,
    0x0, 0xcf, 0xff, 0xfe, 0x4f, 0xff, 0xff, 0xf8,
    0x6, 0xe3, 0x82, 0x22, 0xc8, 0x28, 0x22, 0x21,
    0x3f, 0x61, 0xf5, 0x8, 0xd0, 0xd, 0x80, 0x0,
    0x8a, 0x0, 0x7b, 0xd, 0x50, 0x4, 0xe0, 0x0,
    0x3, 0x22, 0x23, 0x22, 0x37, 0x77, 0x87, 0x50,
    0xe, 0xff, 0xff, 0xfb, 0x7e, 0xbb, 0xbe, 0xb0,
    0x0, 0x5, 0xe0, 0x0, 0x7b, 0x0, 0x2f, 0x30,
    0x0, 0x5, 0xe0, 0x0, 0x7b, 0x0, 0xc7, 0x0,
    0x0, 0x5, 0xe0, 0x0, 0x7b, 0x3, 0xe9, 0x0,
    0x0, 0x5, 0xe0, 0x0, 0x7b, 0x0, 0xb, 0xa0,
    0x0, 0x5, 0xe4, 0x67, 0x7b, 0x0, 0x3, 0xf0,
    0x4b, 0xdf, 0xfd, 0xa6, 0x7b, 0x25, 0x4a, 0xe0,
    0x26, 0x41, 0x0, 0x0, 0x7b, 0x2d, 0xdb, 0x30,
    0x0, 0x0, 0x0, 0x0, 0x7b, 0x0, 0x0, 0x0,

    /* U+7B4C "筌" */
    0x0, 0x5, 0x40, 0x0, 0x0, 0x72, 0x0, 0x0,
    0x0, 0x1f, 0x30, 0x0, 0x4, 0xf0, 0x0, 0x0,
    0x0, 0x9f, 0xff, 0xff, 0x7b, 0xff, 0xff, 0xfa,
    0x4, 0xf4, 0x92, 0x22, 0x6f, 0x38, 0x42, 0x21,
    0x2e, 0x60, 0xc9, 0x5, 0x93, 0x9, 0xd0, 0x0,
    0x69, 0x0, 0x26, 0x8e, 0xe8, 0x0, 0xb2, 0x0,
    0x0, 0x0, 0x2c, 0xd2, 0x2d, 0xc2, 0x0, 0x0,
    0x0, 0x29, 0xf8, 0x0, 0x0, 0x8f, 0xa4, 0x0,
    0x5c, 0xfb, 0xdd, 0xdd, 0xdd, 0xdd, 0x9f, 0xe7,
    0x59, 0x20, 0x23, 0x3b, 0xb3, 0x32, 0x1, 0x62,
    0x0, 0x0, 0x0, 0x9, 0x90, 0x0, 0x0, 0x0,
    0x0, 0xaf, 0xff, 0xff, 0xff, 0xff, 0xfa, 0x0,
    0x0, 0x12, 0x22, 0x2a, 0xa2, 0x22, 0x21, 0x0,
    0x0, 0x0, 0x0, 0x9, 0x90, 0x0, 0x0, 0x0,
    0x1e, 0xee, 0xee, 0xef, 0xfe, 0xee, 0xee, 0xe1,
    0x3, 0x33, 0x33, 0x33, 0x33, 0x33, 0x33, 0x30,

    /* U+7B58 "筘" */
    0x0, 0x3, 0x20, 0x0, 0x0, 0x41, 0x0, 0x0,
    0x0, 0x2f, 0x20, 0x0, 0x4, 0xf1, 0x0, 0x0,
    0x0, 0xbf, 0xff, 0xff, 0xd, 0xff, 0xff, 0xfa,
    0x6, 0xe2, 0x82, 0x11, 0x8d, 0x16, 0x71, 0x11,
    0x4f, 0x50, 0xab, 0x7, 0xf3, 0x4, 0xf2, 0x0,
    0x68, 0x2, 0x4c, 0x19, 0x60, 0x0, 0x96, 0x0,
    0x0, 0x8, 0xb0, 0x0, 0x33, 0x33, 0x33, 0x20,
    0x5, 0x5a, 0xc5, 0x52, 0xff, 0xff, 0xff, 0xe0,
    0x2c, 0xce, 0xec, 0xc3, 0xf0, 0x0, 0x3, 0xe0,
    0x0, 0x8, 0xb0, 0x2, 0xf0, 0x0, 0x3, 0xe0,
    0x0, 0x8, 0xc7, 0xa4, 0xf0, 0x0, 0x3, 0xe0,
    0x3c, 0xff, 0xe8, 0x63, 0xf0, 0x0, 0x3, 0xe0,
    0x25, 0x18, 0xb0, 0x2, 0xf0, 0x0, 0x3, 0xe0,
    0x0, 0x8, 0xb0, 0x2, 0xff, 0xff, 0xff, 0xe0,
    0x3, 0x2b, 0xa0, 0x2, 0xf3, 0x22, 0x25, 0xe0,
    0xd, 0xfe, 0x30, 0x2, 0xf0, 0x0, 0x3, 0xe0,

    /* U+7B5A "筚" */
    0x0, 0x3, 0x30, 0x0, 0x1, 0x50, 0x0, 0x0,
    0x0, 0x2f, 0x30, 0x0, 0x9, 0xb0, 0x0, 0x0,
    0x0, 0xcf, 0xff, 0xff, 0x7f, 0xff, 0xff, 0xfc,
    0xb, 0xc1, 0xa6, 0x13, 0xe7, 0x1d, 0x51, 0x10,
    0x5d, 0x41, 0x3e, 0x7, 0xd2, 0x5, 0xc0, 0x0,
    0x0, 0xc5, 0x0, 0x0, 0x99, 0x1, 0x7d, 0x70,
    0x0, 0xcf, 0xff, 0xf7, 0x9d, 0xcf, 0xb6, 0x10,
    0x0, 0xc6, 0x22, 0x21, 0x9c, 0x50, 0x0, 0xa6,
    0x0, 0xc5, 0x1, 0x53, 0x9a, 0x0, 0x0, 0xd7,
    0x0, 0xec, 0xdf, 0xd4, 0x6f, 0xa9, 0x9b, 0xf3,
    0x0, 0xc9, 0x41, 0x4, 0x65, 0x88, 0x87, 0x30,
    0x0, 0x0, 0x0, 0x9, 0xb0, 0x0, 0x0, 0x0,
    0x1f, 0xff, 0xff, 0xff, 0xff, 0xff, 0xff, 0xf9,
    0x3, 0x33, 0x33, 0x3a, 0xc3, 0x33, 0x33, 0x32,
    0x0, 0x0, 0x0, 0x9, 0xb0, 0x0, 0x0, 0x0,
    0x0, 0x0, 0x0, 0x9, 0xb0, 0x0, 0x0, 0x0,

    /* U+7B5D "筝" */
    0x0, 0x5, 0x30, 0x0, 0x0, 0x53, 0x0, 0x0,
    0x0, 0x5f, 0x10, 0x0, 0x3, 0xf2, 0x0, 0x0,
    0x1, 0xef, 0xee, 0xee, 0x6c, 0xfe, 0xee, 0xea,
    0x1d, 0xa0, 0x6d, 0x20, 0x9e, 0x15, 0x90, 0x0,
    0x4a, 0x0, 0x3d, 0x40, 0x23, 0x0, 0xb7, 0x0,
    0x0, 0x5, 0xff, 0xee, 0xee, 0xec, 0x0, 0x0,
    0x0, 0x8d, 0x20, 0x0, 0x7, 0xe4, 0x0, 0x0,
    0xc, 0xdd, 0xcc, 0xcc, 0xdf, 0xdc, 0xc9, 0x0,
    0x1, 0x2, 0x22, 0x2b, 0x92, 0x22, 0x7c, 0x0,
    0x2, 0x22, 0x22, 0x2b, 0x92, 0x22, 0x7d, 0x21,
    0x5c, 0xcc, 0xcc, 0xce, 0xec, 0xcc, 0xdf, 0xcb,
    0x0, 0x0, 0x0, 0xb, 0x80, 0x0, 0x6c, 0x0,
    0x0, 0xee, 0xee, 0xef, 0xfe, 0xee, 0xfc, 0x0,
    0x0, 0x0, 0x0, 0xb, 0x80, 0x0, 0x0, 0x0,
    0x0, 0x0, 0x11, 0x1d, 0x70, 0x0, 0x0, 0x0,
    0x0, 0x2, 0xff, 0xfd, 0x20, 0x0, 0x0, 0x0,
    0x0, 0x0, 0x0, 0x0, 0x0, 0x0, 0x0, 0x0,

    /* U+7B60 "筠" */
    0x0, 0x6, 0x30, 0x0, 0x0, 0x71, 0x0, 0x0,
    0x0, 0x5f, 0x10, 0x0, 0x7, 0xe0, 0x0, 0x0,
    0x1, 0xef, 0xff, 0xff, 0x5e, 0xff, 0xff, 0xf8,
    0x1c, 0xa1, 0xa4, 0x11, 0xbc, 0x1a, 0x31, 0x10,
    0x9b, 0x0, 0x5e, 0x11, 0xc2, 0x7, 0xd1, 0x0,
    0x0, 0x3b, 0x3, 0x2, 0xf2, 0x0, 0x50, 0x0,
    0x0, 0x4e, 0x0, 0xa, 0xfa, 0xaa, 0xaa, 0xa1,
    0x4d, 0xef, 0xdc, 0x4f, 0x75, 0x55, 0x56, 0xf2,
    0x2, 0x5e, 0x23, 0xe5, 0xc8, 0x0, 0x1, 0xf1,
    0x0, 0x4e, 0x4, 0xa0, 0x2e, 0x80, 0x1, 0xf0,
    0x0, 0x4e, 0x0, 0x0, 0x3, 0xe1, 0x2, 0xf0,
    0x0, 0x4e, 0x0, 0x0, 0x0, 0x48, 0xd5, 0xf0,
    0x0, 0x4e, 0x48, 0x35, 0xae, 0xfc, 0x74, 0xe0,
    0x39, 0xdf, 0xfc, 0x4f, 0xc7, 0x10, 0x5, 0xd0,
    0x6b, 0x74, 0x0, 0x1, 0x3, 0x33, 0x3d, 0x90,
    0x0, 0x0, 0x0, 0x0, 0xa, 0xff, 0xfb, 0x10,
    0x0, 0x0, 0x0, 0x0, 0x0, 0x0, 0x0, 0x0,

    /* U+7B62 "筢" */
    0x0, 0x2, 0x20, 0x0, 0x0, 0x31, 0x0, 0x0,
    0x0, 0xe, 0x50, 0x0, 0x2, 0xf2, 0x0, 0x0,
    0x0, 0x7f, 0xff, 0xff, 0x2a, 0xff, 0xff, 0xf8,
    0x2, 0xe4, 0x96, 0x11, 0x5e, 0x29, 0x51, 0x10,
    0x1d, 0x70, 0x5e, 0x14, 0xf5, 0x5, 0xd0, 0x0,
    0x49, 0x1a, 0x7, 0x12, 0x70, 0x0, 0x81, 0x0,
    0x0, 0x2f, 0x0, 0xae, 0xdd, 0xfd, 0xdf, 0x40,
    0x4f, 0xff, 0xfe, 0xa7, 0x2, 0xf0, 0xd, 0x40,
    0x1, 0x3f, 0x21, 0xa7, 0x2, 0xf0, 0xd, 0x40,
    0x0, 0x2f, 0x0, 0xa8, 0x23, 0xf2, 0x2d, 0x40,
    0x3, 0x7f, 0xcc, 0xaf, 0xff, 0xff, 0xff, 0x40,
    0x6f, 0xdf, 0x52, 0xa7, 0x0, 0x0, 0x4, 0x10,
    0x10, 0x2f, 0x0, 0xa7, 0x0, 0x0, 0x0, 0x77,
    0x0, 0x2f, 0x0, 0xa7, 0x0, 0x0, 0x0, 0xa9,
    0x0, 0x4f, 0x0, 0x9a, 0x11, 0x11, 0x12, 0xe6,
    0x1f, 0xfa, 0x0, 0x3d, 0xff, 0xff, 0xff, 0xb0,
    0x3, 0x20, 0x0, 0x0, 0x0, 0x0, 0x0, 0x0,

    /* U+7B6E "筮" */
    0x0, 0x6, 0x20, 0x0, 0x2, 0x60, 0x0, 0x0,
    0x0, 0x6e, 0x0, 0x0, 0xb, 0xa0, 0x0, 0x0,
    0x0, 0xef, 0xff, 0xff, 0x7f, 0xff, 0xff, 0xf7,
    0xa, 0xc1, 0x83, 0x12, 0xca, 0x29, 0x31, 0x10,
    0x8e, 0x20, 0x8d, 0x18, 0xe1, 0x9, 0xd1, 0x0,
    0x73, 0x0, 0x6, 0x6, 0x40, 0x0, 0x50, 0x0,
    0x2e, 0xee, 0xee, 0xee, 0xee, 0xee, 0xee, 0xb0,
    0x2, 0x25, 0x32, 0x2d, 0x72, 0x25, 0x32, 0x20,
    0x0, 0xd, 0x60, 0xd, 0x60, 0xd, 0x60, 0x0,
    0x0, 0x3f, 0x40, 0xd, 0x60, 0x4f, 0x40, 0x0,
    0x0, 0xbc, 0xe3, 0xd, 0x60, 0xdb, 0xf4, 0x0,
    0x6, 0xf1, 0x7f, 0x4d, 0x6a, 0xd0, 0x5f, 0x50,
    0x2f, 0x60, 0x7, 0x3d, 0xae, 0x20, 0x7, 0x80,
    0x4, 0x0, 0x0, 0xd, 0x61, 0x0, 0x0, 0x0,
    0xce, 0xee, 0xee, 0xef, 0xfe, 0xee, 0xee, 0xe5,
    0x23, 0x33, 0x33, 0x33, 0x33, 0x33, 0x33, 0x31,

    /* U+7B71 "筱" */
    0x0, 0x7, 0x20, 0x0, 0x2, 0x70, 0x0, 0x0,
    0x0, 0x7d, 0x0, 0x0, 0x9, 0xb0, 0x0, 0x0,
    0x1, 0xff, 0xee, 0xee, 0x4f, 0xfe, 0xee, 0xe6,
    0x1d, 0xa1, 0xd3, 0x0, 0xca, 0x1b, 0x20, 0x0,
    0xbd, 0x1, 0x8c, 0x3, 0xe2, 0xa, 0xb0, 0x0,
    0x41, 0xe, 0x61, 0x0, 0x1e, 0x50, 0x30, 0x0,
    0x0, 0x7d, 0x1, 0x0, 0x5f, 0x43, 0x33, 0x31,
    0x1, 0xf5, 0xf, 0x20, 0xce, 0xdd, 0xdf, 0xd4,
    0xc, 0xf3, 0xf, 0x26, 0xf8, 0x0, 0x5d, 0x0,
    0x8e, 0xf3, 0xf, 0x2e, 0xbc, 0x0, 0x8a, 0x0,
    0xa4, 0xe3, 0xf, 0x28, 0xf, 0x20, 0xd6, 0x0,
    0x0, 0xe3, 0xf, 0x20, 0x9, 0xa5, 0xf0, 0x0,
    0x0, 0xe3, 0xf, 0x20, 0x1, 0xee, 0x70, 0x0,
    0x0, 0xe3, 0xf, 0x20, 0x3, 0xef, 0x80, 0x0,
    0x0, 0xe3, 0xa, 0x12, 0x9f, 0x83, 0xdd, 0x60,
    0x0, 0xe3, 0x0, 0x3f, 0x92, 0x0, 0x5, 0xc4,
    0x0, 0x0, 0x0, 0x0, 0x0, 0x0, 0x0, 0x0,

    /* U+7B72 "筲" */
    0x0, 0x3, 0x10, 0x0, 0x1, 0x40, 0x0, 0x0,
    0x0, 0x4f, 0x10, 0x0, 0x9, 0xd0, 0x0, 0x0,
    0x1, 0xef, 0xff, 0xfe, 0x3f, 0xff, 0xff, 0xf5,
    0x2d, 0xb1, 0xc4, 0x2, 0xf8, 0x2d, 0x30, 0x0,
    0x7a, 0x31, 0x37, 0x8, 0x80, 0x5, 0x72, 0x0,
    0x0, 0x9e, 0x60, 0xd, 0x60, 0x7, 0xf9, 0x0,
    0x0, 0x5, 0xb0, 0xd, 0x60, 0x4d, 0x40, 0x0,
    0x1, 0xff, 0xff, 0xff, 0xff, 0xff, 0xff, 0x10,
    0x1, 0xf2, 0x0, 0x0, 0x0, 0x0, 0x2f, 0x10,
    0x1, 0xf2, 0x0, 0x0, 0x0, 0x0, 0x2f, 0x10,
    0x1, 0xfe, 0xee, 0xee, 0xee, 0xee, 0xef, 0x10,
    0x1, 0xf1, 0x0, 0x0, 0x0, 0x0, 0x1f, 0x10,
    0x1, 0xfe, 0xee, 0xee, 0xee, 0xee, 0xef, 0x10,
    0x1, 0xf2, 0x0, 0x0, 0x0, 0x0, 0x2f, 0x10,
    0x1, 0xf1, 0x0, 0x0, 0x1, 0x11, 0x6f, 0x10,
    0x1, 0xf1, 0x0, 0x0, 0x9, 0xff, 0xfa, 0x0,
    0x0, 0x20, 0x0, 0x0, 0x0, 0x0, 0x0, 0x0,

    /* U+7B75 "筵" */
    0x0, 0x5, 0x30, 0x0, 0x0, 0x54, 0x0, 0x0,
    0x0, 0x3f, 0x20, 0x0, 0x2, 0xf4, 0x0, 0x0,
    0x0, 0xcf, 0xff, 0xff, 0x5a, 0xff, 0xff, 0xf9,
    0xa, 0xc1, 0xa7, 0x11, 0x7f, 0x37, 0x91, 0x11,
    0x6e, 0x20, 0x4f, 0x12, 0xf7, 0x2, 0xf3, 0x0,
    0x3, 0x0, 0x2, 0x0, 0x30, 0x12, 0x65, 0x61,
    0x1f, 0xff, 0xf9, 0x7f, 0xff, 0xff, 0xdc, 0xa2,
    0x0, 0x9, 0xd2, 0x1, 0x10, 0x4d, 0x0, 0x0,
    0x2, 0xca, 0x0, 0xb, 0x20, 0x4e, 0x66, 0x61,
    0x9, 0xff, 0xff, 0xe, 0x30, 0x4f, 0x99, 0x92,
    0x0, 0x0, 0x4d, 0xe, 0x30, 0x4d, 0x0, 0x0,
    0xc, 0x40, 0x98, 0xe, 0x41, 0x5d, 0x11, 0x10,
    0x6, 0xe4, 0xf2, 0xe, 0xff, 0xff, 0xff, 0xf3,
    0x0, 0xbf, 0x90, 0x0, 0x0, 0x0, 0x0, 0x0,
    0x0, 0xbf, 0xfa, 0x53, 0x11, 0x11, 0x12, 0x22,
    0x2d, 0xd2, 0x6b, 0xef, 0xff, 0xff, 0xff, 0xfa,
    0x7, 0x0, 0x0, 0x0, 0x0, 0x0, 0x0, 0x0,

    /* U+7B7B "筻" */
    0x0, 0x4, 0x20, 0x0, 0x2, 0x30, 0x0, 0x0,
    0x0, 0x4e, 0x10, 0x0, 0xd, 0x70, 0x0, 0x0,
    0x1, 0xee, 0xfe, 0xed, 0x6f, 0xee, 0xee, 0xe9,
    0x1c, 0x80, 0xb6, 0x3, 0xf4, 0xb, 0x50, 0x0,
    0x3a, 0x11, 0x4c, 0x13, 0x81, 0x14, 0xb1, 0x10,
    0xc, 0xdd, 0xdd, 0xde, 0xfd, 0xdd, 0xdd, 0xd1,
    0x0, 0x0, 0x0, 0x8, 0xb0, 0x0, 0x0, 0x0,
    0x0, 0xee, 0xee, 0xef, 0xfe, 0xee, 0xef, 0x10,
    0x0, 0xe3, 0x0, 0x8, 0xa0, 0x0, 0x1f, 0x10,
    0x0, 0xee, 0xee, 0xef, 0xfe, 0xee, 0xef, 0x10,
    0x0, 0xe3, 0x0, 0xa, 0x80, 0x0, 0x1f, 0x10,
    0x0, 0xde, 0xee, 0xef, 0xee, 0xee, 0xef, 0x10,
    0x0, 0xd, 0x50, 0x3f, 0x10, 0x0, 0xa, 0x0,
    0x0, 0x3, 0xeb, 0xe8, 0x0, 0x0, 0x0, 0x0,
    0x0, 0x15, 0xbf, 0xfd, 0x96, 0x43, 0x22, 0x21,
    0x6e, 0xfd, 0x82, 0x4, 0x8a, 0xce, 0xff, 0xf6,
    0x15, 0x20, 0x0, 0x0, 0x0, 0x0, 0x0, 0x0,

    /* U+7B85 "箅" */
    0x0, 0x5, 0x10, 0x0, 0x1, 0x50, 0x0, 0x0,
    0x0, 0x8d, 0x0, 0x0, 0xb, 0xa0, 0x0, 0x0,
    0x3, 0xff, 0xff, 0xff, 0x5f, 0xff, 0xff, 0xf5,
    0x3e, 0x72, 0xe2, 0x2, 0xe7, 0x1d, 0x40, 0x0,
    0xb7, 0x0, 0x96, 0x0, 0x60, 0x4, 0xb0, 0x0,
    0x4, 0xff, 0xff, 0xff, 0xff, 0xff, 0xfd, 0x0,
    0x4, 0xd0, 0x0, 0xc, 0x50, 0x0, 0x4d, 0x0,
    0x4, 0xff, 0xff, 0xff, 0xff, 0xff, 0xfd, 0x0,
    0x4, 0xd0, 0x0, 0xc, 0x50, 0x0, 0x4d, 0x0,
    0x4, 0xfb, 0xbb, 0xbf, 0xcb, 0xbb, 0xcd, 0x0,
    0x4, 0xd3, 0x33, 0x33, 0x33, 0x33, 0x7d, 0x0,
    0x12, 0x22, 0x22, 0x22, 0x22, 0x22, 0x22, 0x20,
    0xce, 0xee, 0xff, 0xee, 0xee, 0xff, 0xee, 0xe6,
    0x0, 0x1, 0xf3, 0x0, 0x0, 0xa8, 0x0, 0x0,
    0x0, 0x4c, 0xb0, 0x0, 0x0, 0xa8, 0x0, 0x0,
    0x1f, 0xd7, 0x0, 0x0, 0x0, 0xa8, 0x0, 0x0,
    0x0, 0x0, 0x0, 0x0, 0x0, 0x0, 0x0, 0x0,

    /* U+7B90 "箐" */
    0x0, 0x3, 0x30, 0x0, 0x0, 0x41, 0x0, 0x0,
    0x0, 0x2f, 0x40, 0x0, 0x6, 0xd0, 0x0, 0x0,
    0x1, 0xce, 0xee, 0xee, 0x4e, 0xee, 0xfe, 0xec,
    0x1d, 0xa0, 0x8b, 0x0, 0xba, 0x2, 0xe4, 0x0,
    0x3b, 0x0, 0x8, 0x16, 0xd1, 0x0, 0x48, 0x0,
    0x8, 0xcc, 0xcc, 0xcd, 0xfc, 0xcc, 0xcc, 0xc1,
    0x0, 0x57, 0x77, 0x7a, 0xe7, 0x77, 0x77, 0x20,
    0x0, 0x44, 0x44, 0x48, 0xe4, 0x44, 0x44, 0x10,
    0x3d, 0xdd, 0xdd, 0xdd, 0xed, 0xdd, 0xdd, 0xd9,
    0x0, 0x1, 0x11, 0x11, 0x11, 0x11, 0x10, 0x0,
    0x0, 0x5f, 0xbb, 0xbb, 0xbb, 0xbb, 0xdc, 0x0,
    0x0, 0x5e, 0x77, 0x77, 0x77, 0x77, 0xac, 0x0,
    0x0, 0x5e, 0x33, 0x33, 0x33, 0x33, 0x8c, 0x0,
    0x0, 0x5f, 0xcc, 0xcc, 0xcc, 0xcc, 0xdc, 0x0,
    0x0, 0x5d, 0x0, 0x0, 0x1, 0x21, 0x9b, 0x0,
    0x0, 0x5d, 0x0, 0x0, 0x8, 0xee, 0xd5, 0x0,

    /* U+7B9C "箜" */
    0x0, 0x5, 0x20, 0x0, 0x0, 0x52, 0x0, 0x0,
    0x0, 0x5f, 0x10, 0x0, 0x4, 0xf1, 0x0, 0x0,
    0x2, 0xef, 0xff, 0xff, 0x5d, 0xff, 0xff, 0xfb,
    0x2e, 0x82, 0xd2, 0x1, 0x8d, 0x1a, 0x70, 0x0,
    0x57, 0x0, 0x78, 0xe, 0x41, 0x2, 0xd1, 0x0,
    0x1c, 0xcc, 0xcc, 0xce, 0xec, 0xcc, 0xcc, 0xc1,
    0x1f, 0x54, 0x45, 0x44, 0x45, 0x54, 0x45, 0xf1,
    0x1f, 0x10, 0x4d, 0x80, 0x8, 0xe7, 0x1, 0xf1,
    0x2, 0x3a, 0xf8, 0x0, 0x0, 0x5d, 0xe7, 0x20,
    0x3c, 0xfa, 0x20, 0x0, 0x0, 0x0, 0x6e, 0xd4,
    0x19, 0x9d, 0xdd, 0xdd, 0xdd, 0xdd, 0xd7, 0x82,
    0x0, 0x13, 0x33, 0x3b, 0xb3, 0x33, 0x31, 0x0,
    0x0, 0x0, 0x0, 0xa, 0x90, 0x0, 0x0, 0x0,
    0x0, 0x0, 0x0, 0xa, 0x90, 0x0, 0x0, 0x0,
    0x2e, 0xee, 0xee, 0xef, 0xfe, 0xee, 0xee, 0xe2,
    0x2, 0x22, 0x22, 0x22, 0x22, 0x22, 0x22, 0x20,

    /* U+7B9D "箝" */
    0x0, 0x4, 0x40, 0x0, 0x0, 0x52, 0x0, 0x0,
    0x0, 0x1f, 0x50, 0x0, 0x4, 0xf2, 0x0, 0x0,
    0x0, 0xaf, 0xee, 0xee, 0x6c, 0xfe, 0xee, 0xeb,
    0x8, 0xe2, 0x87, 0x0, 0x7e, 0x4c, 0x10, 0x0,
    0x5f, 0x31, 0x2e, 0x20, 0xd5, 0xb, 0x90, 0x0,
    0x3, 0x1f, 0x10, 0xe, 0x40, 0x1, 0xe, 0x30,
    0x1, 0x2f, 0x21, 0x3f, 0x74, 0x44, 0x4f, 0x74,
    0x4f, 0xff, 0xfc, 0x9f, 0xcb, 0xbb, 0xbf, 0xc9,
    0x0, 0x1f, 0x10, 0xe, 0x30, 0x0, 0xe, 0x30,
    0x0, 0x1f, 0x46, 0xe, 0x30, 0x0, 0xe, 0x30,
    0x3a, 0xdf, 0xeb, 0xe, 0xfe, 0xee, 0xef, 0x30,
    0x4a, 0x6f, 0x10, 0xe, 0x30, 0x0, 0xe, 0x30,
    0x0, 0x1f, 0x10, 0xe, 0x30, 0x0, 0xe, 0x30,
    0x0, 0x1f, 0x10, 0xe, 0x30, 0x0, 0xe, 0x30,
    0x2, 0x5f, 0x0, 0xe, 0xff, 0xff, 0xff, 0x30,
    0x1f, 0xf8, 0x0, 0xe, 0x41, 0x11, 0x1e, 0x30,
    0x0, 0x0, 0x0, 0x0, 0x0, 0x0, 0x0, 0x0,

    /* U+7BA2 "箢" */
    0x0, 0x1, 0x0, 0x0, 0x0, 0x10, 0x0, 0x0,
    0x0, 0x3f, 0x40, 0x0, 0x4, 0xf1, 0x11, 0x10,
    0x0, 0xdf, 0xff, 0xff, 0x5e, 0xff, 0xff, 0xf4,
    0x1c, 0xc0, 0xb3, 0x0, 0xca, 0x7, 0x80, 0x0,
    0x9c, 0x10, 0x4e, 0x13, 0xb0, 0x1, 0xd3, 0x0,
    0x14, 0x33, 0x35, 0x3b, 0xc3, 0x33, 0x43, 0x30,
    0x3f, 0xcc, 0xcc, 0xcc, 0xcc, 0xcc, 0xcc, 0xf3,
    0x3f, 0x7, 0x30, 0x0, 0x0, 0x0, 0x0, 0xe3,
    0x0, 0x1f, 0xee, 0xea, 0x4f, 0xff, 0xff, 0x30,
    0x0, 0x8a, 0x11, 0x9a, 0x4e, 0x0, 0xf, 0x20,
    0x2, 0xf2, 0x0, 0xd6, 0x4e, 0x0, 0xf, 0x10,
    0x1d, 0x8a, 0x53, 0xf1, 0x4e, 0x23, 0x6f, 0x0,
    0x4b, 0x5, 0xee, 0x90, 0x4e, 0x6e, 0xe7, 0x21,
    0x0, 0x0, 0x9e, 0x10, 0x4e, 0x0, 0x0, 0x8b,
    0x0, 0x2b, 0xe2, 0x0, 0x3f, 0x30, 0x2, 0xd7,
    0xa, 0xfb, 0x10, 0x0, 0xa, 0xff, 0xff, 0xb0,
    0x3, 0x30, 0x0, 0x0, 0x0, 0x0, 0x0, 0x0,

    /* U+7BA6 "箦" */
    0x0, 0x2, 0x30, 0x0, 0x0, 0x41, 0x0, 0x0,
    0x0, 0x2f, 0x40, 0x0, 0x6, 0xd0, 0x0, 0x0,
    0x0, 0xcf, 0xff, 0xff, 0x4e, 0xff, 0xff, 0xfd,
    0x1d, 0xa0, 0x8a, 0x0, 0xba, 0x2, 0xd4, 0x0,
    0x3b, 0x0, 0x7, 0x16, 0xd0, 0x0, 0x26, 0x0,
    0x9, 0xee, 0xee, 0xef, 0xfe, 0xee, 0xee, 0xe1,
    0x0, 0x12, 0x22, 0x27, 0xd2, 0x22, 0x22, 0x0,
    0x0, 0x9b, 0xbb, 0xbd, 0xfb, 0xbb, 0xbb, 0x30,
    0x17, 0x77, 0x77, 0x7a, 0xe7, 0x77, 0x77, 0x75,
    0x14, 0x44, 0x44, 0x44, 0x44, 0x44, 0x44, 0x43,
    0x0, 0x4f, 0xff, 0xff, 0xff, 0xff, 0xfe, 0x0,
    0x0, 0x4e, 0x0, 0x2, 0x80, 0x0, 0x3f, 0x0,
    0x0, 0x4e, 0x0, 0x7, 0xb0, 0x0, 0x3f, 0x0,
    0x0, 0x4e, 0x0, 0x3e, 0xeb, 0x61, 0x3f, 0x0,
    0x0, 0x13, 0x6a, 0xf6, 0x5, 0xaf, 0xc7, 0x20,
    0x1f, 0xfe, 0xb7, 0x10, 0x0, 0x0, 0x5b, 0xf2,
    0x1, 0x0, 0x0, 0x0, 0x0, 0x0, 0x0, 0x0,

    /* U+7BA7 "箧" */
    0x0, 0x1, 0x0, 0x0, 0x1, 0x20, 0x0, 0x0,
    0x0, 0x2f, 0x10, 0x0, 0xc, 0x80, 0x0, 0x0,
    0x0, 0xcf, 0xff, 0xfb, 0x5f, 0xff, 0xff, 0xfa,
    0x1b, 0xb0, 0xc5, 0x3, 0xf4, 0xc, 0x70, 0x0,
    0x3a, 0x10, 0x39, 0x3, 0x70, 0x2, 0xa1, 0x0,
    0x5, 0xfe, 0xee, 0xee, 0xee, 0xee, 0xee, 0xe6,
    0x5, 0xd0, 0x0, 0x0, 0x49, 0x0, 0x0, 0x0,
    0x5, 0xd0, 0xdf, 0xff, 0xff, 0xff, 0xff, 0x20,
    0x5, 0xd0, 0xb, 0x30, 0x6a, 0x0, 0xa2, 0x0,
    0x5, 0xd0, 0x4, 0xb0, 0x79, 0xb, 0x70, 0x0,
    0x5, 0xd7, 0xff, 0xff, 0xff, 0xff, 0xff, 0xe0,
    0x5, 0xd0, 0x0, 0x6, 0xee, 0x82, 0x0, 0x0,
    0x5, 0xd0, 0x26, 0xcc, 0x21, 0x7e, 0xc5, 0x0,
    0x5, 0xd5, 0xea, 0x40, 0x0, 0x0, 0x5c, 0x60,
    0x5, 0xfb, 0xbb, 0xbb, 0xbb, 0xbb, 0xbb, 0xb6,
    0x1, 0x33, 0x33, 0x33, 0x33, 0x33, 0x33, 0x32,

    /* U+7BA8 "箨" */
    0x0, 0x3, 0x30, 0x0, 0x0, 0x41, 0x0, 0x0,
    0x0, 0x1f, 0x50, 0x0, 0x7, 0xe0, 0x0, 0x0,
    0x0, 0xaf, 0xff, 0xff, 0x8e, 0xff, 0xff, 0xfb,
    0x7, 0xe2, 0x8b, 0x10, 0x9d, 0x8, 0xb1, 0x0,
    0x5e, 0x45, 0x1b, 0x71, 0xd3, 0x1, 0xba, 0x0,
    0x2, 0x2f, 0x0, 0xcc, 0xcc, 0xcc, 0xcd, 0xb0,
    0xc, 0xcf, 0xc8, 0xb, 0xa1, 0x1, 0x8e, 0x40,
    0x3, 0x4f, 0x32, 0x0, 0x9f, 0xcf, 0xa2, 0x0,
    0x0, 0x2f, 0x5, 0xdf, 0xe9, 0x6a, 0xef, 0xf8,
    0x0, 0x2f, 0x66, 0x62, 0x0, 0xc1, 0x1, 0x41,
    0x2a, 0xef, 0x93, 0xbd, 0xdd, 0xfd, 0xdd, 0xd2,
    0x19, 0x5f, 0x0, 0x12, 0x22, 0xf3, 0x22, 0x20,
    0x0, 0x2f, 0x0, 0x11, 0x11, 0xf2, 0x11, 0x10,
    0x0, 0x2f, 0xa, 0xee, 0xee, 0xfe, 0xee, 0xed,
    0x3, 0x6f, 0x0, 0x0, 0x1, 0xf1, 0x0, 0x0,
    0xf, 0xf8, 0x0, 0x0, 0x1, 0xf1, 0x0, 0x0,
    0x0, 0x0, 0x0, 0x0, 0x0, 0x0, 0x0, 0x0,

    /* U+7BAA "箪" */
    0x0, 0x1, 0x0, 0x0, 0x0, 0x10, 0x0, 0x0,
    0x0, 0x5f, 0x10, 0x0, 0x9, 0xb0, 0x0, 0x0,
    0x1, 0xef, 0xff, 0xff, 0x4f, 0xff, 0xff, 0xf3,
    0x2e, 0x80, 0x86, 0x2, 0xe6, 0xa, 0x60, 0x0,
    0xa8, 0x0, 0x5b, 0x9, 0x80, 0x35, 0xa0, 0x0,
    0x0, 0x0, 0xc9, 0x0, 0x1, 0xe5, 0x0, 0x0,
    0x6, 0xff, 0xff, 0xff, 0xff, 0xff, 0xff, 0x0,
    0x6, 0xc0, 0x0, 0xc, 0x60, 0x0, 0x3f, 0x0,
    0x6, 0xfe, 0xee, 0xef, 0xfe, 0xee, 0xef, 0x0,
    0x6, 0xc0, 0x0, 0xc, 0x60, 0x0, 0x3f, 0x0,
    0x6, 0xeb, 0xbb, 0xbf, 0xdb, 0xbb, 0xcf, 0x0,
    0x5, 0xd3, 0x33, 0x3d, 0x83, 0x33, 0x6f, 0x0,
    0x0, 0x0, 0x0, 0xc, 0x60, 0x0, 0x0, 0x0,
    0xde, 0xee, 0xee, 0xef, 0xfe, 0xee, 0xee, 0xe7,
    0x0, 0x0, 0x0, 0xc, 0x60, 0x0, 0x0, 0x0,
    0x0, 0x0, 0x0, 0xc, 0x60, 0x0, 0x0, 0x0,

    /* U+7BAB "箫" */
    0x0, 0x4, 0x10, 0x0, 0x2, 0x30, 0x0, 0x0,
    0x0, 0x6d, 0x0, 0x0, 0xd, 0x70, 0x0, 0x0,
    0x2, 0xee, 0xee, 0xec, 0x7f, 0xee, 0xee, 0xe9,
    0x3e, 0x60, 0xb7, 0x1, 0xe4, 0xb, 0x80, 0x0,
    0x37, 0x0, 0x18, 0x6, 0xa0, 0x0, 0x92, 0x0,
    0x1, 0xff, 0xff, 0xff, 0xff, 0xff, 0xff, 0x10,
    0x0, 0x0, 0x0, 0x7, 0xb0, 0x0, 0xf, 0x20,
    0x1f, 0xff, 0xff, 0xff, 0xff, 0xff, 0xff, 0xfc,
    0x0, 0x0, 0x0, 0x7, 0xb0, 0x0, 0xf, 0x20,
    0x3, 0xff, 0xff, 0xff, 0xff, 0xff, 0xff, 0x20,
    0x0, 0x22, 0x0, 0x7, 0xb0, 0x0, 0xa, 0x10,
    0x0, 0x89, 0xc, 0x47, 0xb2, 0xd0, 0x1f, 0x10,
    0x0, 0xa7, 0x3f, 0x17, 0xb0, 0xc8, 0x1f, 0x10,
    0x1, 0xf3, 0xb9, 0x7, 0xb0, 0x5f, 0x2f, 0x10,
    0xa, 0xa0, 0xa1, 0x7, 0xb0, 0x7, 0x2f, 0x10,
    0x4d, 0x10, 0x0, 0x7, 0xb0, 0x0, 0x1f, 0x10,
    0x0, 0x0, 0x0, 0x0, 0x0, 0x0, 0x0, 0x0,

    /* U+7BAC "箬" */
    0x0, 0x4, 0x40, 0x0, 0x0, 0x52, 0x0, 0x0,
    0x0, 0x1e, 0x40, 0x0, 0x3, 0xf2, 0x0, 0x0,
    0x0, 0xaf, 0xff, 0xff, 0x7b, 0xff, 0xff, 0xfb,
    0x7, 0xd1, 0x3d, 0x20, 0x6f, 0x24, 0xc1, 0x0,
    0x3e, 0x20, 0x1c, 0xa0, 0xc7, 0x14, 0xb9, 0x0,
    0x3, 0x11, 0x6d, 0x11, 0x11, 0x5e, 0x11, 0x11,
    0x2f, 0xff, 0xff, 0xff, 0xff, 0xff, 0xff, 0xfc,
    0x0, 0x0, 0x5d, 0x9, 0x20, 0x5e, 0x0, 0x0,
    0x1, 0x11, 0x12, 0x8e, 0x11, 0x12, 0x11, 0x10,
    0x1f, 0xff, 0xff, 0xff, 0xff, 0xff, 0xff, 0xfa,
    0x0, 0x0, 0x7d, 0x30, 0x0, 0x0, 0x0, 0x0,
    0x0, 0x1b, 0xff, 0xff, 0xff, 0xff, 0xfd, 0x0,
    0x7, 0xeb, 0xf0, 0x0, 0x0, 0x0, 0x5e, 0x0,
    0x4c, 0x34, 0xf0, 0x0, 0x0, 0x0, 0x4e, 0x0,
    0x0, 0x4, 0xfc, 0xcc, 0xcc, 0xcc, 0xde, 0x0,
    0x0, 0x4, 0xf3, 0x33, 0x33, 0x33, 0x7e, 0x0,

    /* U+7BB4 "箴" */
    0x0, 0x2, 0x30, 0x0, 0x1, 0x40, 0x0, 0x0,
    0x0, 0x1e, 0x70, 0x0, 0x9, 0xa0, 0x0, 0x0,
    0x0, 0x9f, 0xff, 0xff, 0x8f, 0xff, 0xff, 0xf9,
    0x6, 0xe3, 0xc5, 0x0, 0xba, 0x1, 0xd4, 0x0,
    0x5f, 0x40, 0x4e, 0x12, 0xc4, 0x64, 0x7e, 0x10,
    0x13, 0x0, 0x0, 0x0, 0x5, 0xc4, 0xc1, 0x0,
    0x3, 0xff, 0xff, 0xff, 0xff, 0xff, 0xff, 0xf8,
    0x3, 0xe1, 0x11, 0x11, 0x14, 0xe1, 0x12, 0x10,
    0x3, 0xe6, 0xdd, 0xdd, 0xd5, 0xf0, 0xa, 0x80,
    0x3, 0xe1, 0x22, 0x22, 0x20, 0xf2, 0x2f, 0x10,
    0x4, 0xe0, 0xcc, 0xcc, 0xb0, 0xb7, 0xc9, 0x0,
    0x5, 0xd1, 0xf3, 0x24, 0xe0, 0x7f, 0xe0, 0x0,
    0x8, 0xb1, 0xf0, 0x2, 0xe0, 0x4f, 0x50, 0x5b,
    0xc, 0x71, 0xff, 0xff, 0xe3, 0xfd, 0xc0, 0x9a,
    0x5f, 0x20, 0x60, 0x0, 0x6f, 0x91, 0xec, 0xf5,
    0x8a, 0x0, 0x0, 0x0, 0x69, 0x0, 0x3d, 0xb0,
    0x10, 0x0, 0x0, 0x0, 0x0, 0x0, 0x0, 0x0,

    /* U+7BB8 "箸" */
    0x0, 0x3, 0x30, 0x0, 0x0, 0x42, 0x0, 0x0,
    0x0, 0x1f, 0x40, 0x0, 0x4, 0xf1, 0x0, 0x0,
    0x0, 0xcf, 0xff, 0xff, 0x8d, 0xff, 0xff, 0xfa,
    0x1c, 0xd1, 0x8a, 0x1, 0xbc, 0xa, 0x80, 0x0,
    0x1a, 0x10, 0x7, 0xd, 0x81, 0x0, 0x84, 0x20,
    0x0, 0x9f, 0xff, 0xff, 0xff, 0xfb, 0x8f, 0x70,
    0x0, 0x0, 0x0, 0xd, 0x60, 0x5e, 0xc2, 0x0,
    0x3c, 0xcc, 0xcc, 0xcf, 0xdd, 0xff, 0xcc, 0xca,
    0x14, 0x44, 0x44, 0x7e, 0xf9, 0x44, 0x44, 0x43,
    0x0, 0x0, 0x4b, 0xfe, 0x40, 0x0, 0x0, 0x0,
    0x2, 0x8d, 0xff, 0xff, 0xff, 0xff, 0xfb, 0x0,
    0x6f, 0xdb, 0xc0, 0x0, 0x0, 0x0, 0x7b, 0x0,
    0x2, 0x6, 0xfe, 0xee, 0xee, 0xee, 0xfb, 0x0,
    0x0, 0x6, 0xc0, 0x0, 0x0, 0x0, 0x7b, 0x0,
    0x0, 0x6, 0xfd, 0xdd, 0xdd, 0xdd, 0xeb, 0x0,
    0x0, 0x6, 0xd3, 0x33, 0x33, 0x33, 0x8b, 0x0,

    /* U+7BC1 "篁" */
    0x0, 0x4, 0x10, 0x0, 0x2, 0x30, 0x0, 0x0,
    0x0, 0x5f, 0x10, 0x0, 0xd, 0x80, 0x0, 0x0,
    0x0, 0xee, 0xee, 0xee, 0x6f, 0xee, 0xee, 0xe4,
    0xb, 0xb3, 0xd2, 0x1, 0xe6, 0xa, 0xa0, 0x0,
    0xad, 0x10, 0x68, 0xb7, 0x60, 0x1, 0xc6, 0x0,
    0x33, 0xcc, 0xcc, 0xfc, 0xcc, 0xcc, 0xc7, 0x0,
    0x3, 0xf1, 0x11, 0x11, 0x11, 0x11, 0x9a, 0x0,
    0x3, 0xfd, 0xdd, 0xdd, 0xdd, 0xdd, 0xea, 0x0,
    0x3, 0xf0, 0x0, 0x0, 0x0, 0x0, 0x8a, 0x0,
    0x3, 0xfd, 0xdd, 0xdd, 0xdd, 0xdd, 0xea, 0x0,
    0x1, 0x21, 0x11, 0x11, 0x11, 0x11, 0x11, 0x0,
    0x2d, 0xdd, 0xdd, 0xdf, 0xed, 0xdd, 0xdd, 0x90,
    0x1, 0x11, 0x11, 0x1d, 0x61, 0x11, 0x11, 0x0,
    0x9, 0xcc, 0xcc, 0xcf, 0xdc, 0xcc, 0xcc, 0x50,
    0x0, 0x0, 0x0, 0xd, 0x60, 0x0, 0x0, 0x0,
    0xbe, 0xee, 0xee, 0xef, 0xee, 0xee, 0xee, 0xe5,

    /* U+7BCC "篌" */
    0x0, 0x5, 0x0, 0x0, 0x1, 0x50, 0x0, 0x0,
    0x0, 0x6d, 0x0, 0x0, 0xa, 0xc0, 0x0, 0x0,
    0x1, 0xff, 0xee, 0xee, 0x4f, 0xfe, 0xee, 0xe3,
    0x1d, 0xb2, 0xd3, 0x2, 0xe8, 0x1d, 0x50, 0x0,
    0xbc, 0x3, 0x78, 0x2, 0x90, 0x3, 0xc0, 0x0,
    0x10, 0x1e, 0x22, 0xee, 0xee, 0xee, 0xe4, 0x0,
    0x0, 0x99, 0x0, 0x0, 0x0, 0x0, 0xd3, 0x0,
    0x4, 0xf3, 0x7e, 0xee, 0xee, 0xee, 0xfe, 0xe2,
    0x2e, 0xf3, 0x2, 0xe2, 0x11, 0x11, 0x11, 0x10,
    0xd8, 0xe3, 0x9, 0xfc, 0xcc, 0xcc, 0xcc, 0x30,
    0x40, 0xe3, 0x4f, 0x32, 0x2b, 0x92, 0x22, 0x0,
    0x0, 0xe3, 0x26, 0x0, 0xb, 0x70, 0x0, 0x0,
    0x0, 0xe3, 0xce, 0xee, 0xff, 0xfe, 0xee, 0xe2,
    0x0, 0xe3, 0x0, 0x1, 0xcb, 0xba, 0x10, 0x0,
    0x0, 0xe3, 0x3, 0x9f, 0x90, 0x9, 0xe8, 0x30,
    0x0, 0xe3, 0x6e, 0x92, 0x0, 0x0, 0x3a, 0xd0,
    0x0, 0x0, 0x0, 0x0, 0x0, 0x0, 0x0, 0x0,

    /* U+7BD1 "篑" */
    0x0, 0x3, 0x10, 0x0, 0x2, 0x20, 0x0, 0x0,
    0x0, 0x5e, 0x0, 0x0, 0xd, 0x60, 0x0, 0x0,
    0x1, 0xee, 0xee, 0xee, 0x8f, 0xee, 0xee, 0xe4,
    0xc, 0xa0, 0xd8, 0x1, 0xf4, 0xa, 0xb2, 0x0,
    0x9b, 0x0, 0x18, 0xb, 0x50, 0x0, 0x85, 0x0,
    0x12, 0xfd, 0xdd, 0xdf, 0xed, 0xdd, 0xe9, 0x0,
    0x1, 0xe0, 0x0, 0xc, 0x40, 0x0, 0x69, 0x0,
    0x1, 0xfd, 0xdd, 0xdf, 0xed, 0xdd, 0xe9, 0x0,
    0x46, 0x76, 0x66, 0x6e, 0x96, 0x66, 0x77, 0x61,
    0x46, 0x66, 0x66, 0x66, 0x66, 0x66, 0x66, 0x61,
    0x0, 0xac, 0xcc, 0xcc, 0xcc, 0xcc, 0xc4, 0x0,
    0x0, 0xd5, 0x22, 0x28, 0x42, 0x22, 0xc5, 0x0,
    0x0, 0xd4, 0x0, 0xf, 0x20, 0x0, 0xc5, 0x0,
    0x0, 0xb3, 0x0, 0xaf, 0xfa, 0x61, 0xa4, 0x0,
    0x2, 0x36, 0x9e, 0xc1, 0x16, 0xbf, 0xd8, 0x30,
    0x2f, 0xdb, 0x83, 0x0, 0x0, 0x0, 0x5a, 0x90,
    0x0, 0x0, 0x0, 0x0, 0x0, 0x0, 0x0, 0x0,

    /* U+7BDA "篚" */
    0x0, 0x4, 0x20, 0x0, 0x0, 0x51, 0x0, 0x0,
    0x0, 0x3f, 0x10, 0x0, 0x7, 0xd0, 0x0, 0x0,
    0x0, 0xcf, 0xff, 0xff, 0x6e, 0xff, 0xff, 0xf6,
    0xb, 0xc0, 0x6c, 0x10, 0x9c, 0xd, 0x70, 0x0,
    0x5d, 0x10, 0xb, 0x30, 0x93, 0x2, 0xb0, 0x0,
    0x4, 0xff, 0xff, 0xff, 0xff, 0xff, 0xff, 0xf2,
    0x3, 0xe0, 0x0, 0x9, 0x20, 0x93, 0x0, 0x0,
    0x3, 0xe7, 0xee, 0xef, 0x30, 0xde, 0xee, 0xd0,
    0x3, 0xe0, 0x11, 0x1e, 0x30, 0xd4, 0x11, 0x0,
    0x3, 0xe1, 0xbb, 0xbf, 0x30, 0xdc, 0xbb, 0x60,
    0x3, 0xe0, 0x44, 0x4f, 0x30, 0xd7, 0x44, 0x20,
    0x3, 0xe0, 0x0, 0xe, 0x30, 0xd4, 0x0, 0x0,
    0x3, 0xea, 0xee, 0xef, 0x30, 0xde, 0xee, 0xe2,
    0x3, 0xe0, 0x0, 0xe, 0x30, 0xd4, 0x0, 0x0,
    0x3, 0xf4, 0x44, 0x48, 0x54, 0x75, 0x44, 0x41,
    0x2, 0xbb, 0xbb, 0xbb, 0xbb, 0xbb, 0xbb, 0xb3,

    /* U+7BDD "篝" */
    0x0, 0x0, 0x0, 0x0, 0x0, 0x0, 0x0, 0x0,
    0x0, 0x7d, 0x11, 0x11, 0xd, 0x71, 0x11, 0x10,
    0x7, 0xec, 0xfd, 0xcc, 0x9e, 0xcf, 0xdc, 0xc3,
    0x7a, 0x10, 0x87, 0x3, 0xb1, 0x18, 0x90, 0x0,
    0xa, 0xaa, 0xec, 0xaa, 0xaa, 0xec, 0xaa, 0x50,
    0x2, 0x22, 0xc6, 0x22, 0x22, 0xd5, 0x22, 0x10,
    0x6, 0xdd, 0xfe, 0xdd, 0xdd, 0xfd, 0xdd, 0x10,
    0x0, 0x0, 0xb5, 0x0, 0x0, 0xc4, 0x0, 0x0,
    0x8d, 0xdd, 0xdd, 0xdf, 0xdd, 0xdd, 0xdd, 0xd2,
    0x0, 0x11, 0x11, 0x1c, 0x61, 0x11, 0x11, 0x0,
    0x1, 0xfb, 0xbb, 0xbe, 0xcb, 0xbb, 0xcb, 0x0,
    0x1, 0xf8, 0x88, 0x8e, 0xa8, 0x88, 0xbb, 0x0,
    0x1, 0xf3, 0x33, 0x3c, 0x73, 0x33, 0x7b, 0x0,
    0x9d, 0xfd, 0xdd, 0xdd, 0xdd, 0xdd, 0xef, 0xd3,
    0x1, 0xf0, 0x0, 0x0, 0x0, 0x0, 0x8a, 0x0,
    0x1, 0xf0, 0x0, 0x0, 0xd, 0xff, 0xf4, 0x0,
    0x0, 0x20, 0x0, 0x0, 0x0, 0x0, 0x0, 0x0,

    /* U+7BE5 "篥" */
    0x0, 0x2, 0x20, 0x0, 0x0, 0x31, 0x0, 0x0,
    0x0, 0x1, 0xf4, 0x0, 0x0, 0x3f, 0x20, 0x0,
    0x0, 0x0, 0xcf, 0xff, 0xff, 0x6c, 0xff, 0xff,
    0xfb, 0x1, 0xcb, 0x9, 0x90, 0xa, 0xc0, 0x6c,
    0x0, 0x0, 0x3a, 0x0, 0x9, 0x10, 0x61, 0x0,
    0x71, 0x0, 0x0, 0x8f, 0xff, 0xff, 0xff, 0xff,
    0xff, 0xff, 0x50, 0x0, 0x0, 0x4, 0xe0, 0x7,
    0xa0, 0x0, 0x0, 0x0, 0xf, 0xee, 0xef, 0xee,
    0xef, 0xee, 0xf6, 0x0, 0x0, 0xf2, 0x4, 0xe0,
    0x7, 0xa0, 0xb, 0x60, 0x0, 0xf, 0xcc, 0xdf,
    0xcc, 0xde, 0xcc, 0xe6, 0x0, 0x0, 0xb2, 0x0,
    0x4, 0x90, 0x0, 0x8, 0x40, 0x2, 0xdd, 0xdd,
    0xdd, 0xef, 0xdd, 0xdd, 0xdd, 0x80, 0x1, 0x11,
    0x14, 0xde, 0xfe, 0x71, 0x11, 0x11, 0x0, 0x0,
    0x3a, 0xe6, 0x6c, 0x3d, 0xc5, 0x0, 0x0, 0x18,
    0xdf, 0x80, 0x6, 0xc0, 0x6, 0xdf, 0xb7, 0x1,
    0xb7, 0x0, 0x0, 0x6c, 0x0, 0x0, 0x4a, 0x50,

    /* U+7BE6 "篦" */
    0x0, 0x4, 0x20, 0x0, 0x0, 0x42, 0x0, 0x0,
    0x0, 0x4f, 0x10, 0x0, 0x2, 0xf1, 0x0, 0x0,
    0x0, 0xdf, 0xff, 0xff, 0x7a, 0xff, 0xff, 0xf8,
    0xa, 0xb2, 0xe2, 0x35, 0x6f, 0x2e, 0x30, 0x0,
    0x8d, 0x10, 0x88, 0xa7, 0x76, 0x6, 0xa0, 0x0,
    0x32, 0xff, 0xff, 0xff, 0xff, 0xff, 0xff, 0x30,
    0x0, 0xf4, 0x5c, 0x84, 0x4, 0xba, 0xf, 0x30,
    0x0, 0xf4, 0x3, 0xbf, 0xff, 0x90, 0xf, 0x30,
    0x0, 0xf4, 0xdc, 0x84, 0x3, 0x9d, 0x1f, 0x30,
    0x0, 0xff, 0xff, 0xff, 0xff, 0xff, 0xff, 0x30,
    0x0, 0xb3, 0x0, 0x0, 0x0, 0x0, 0xc, 0x20,
    0x2, 0xd2, 0x22, 0x21, 0x5d, 0x0, 0x49, 0x90,
    0x2, 0xfd, 0xdd, 0xd9, 0x5f, 0xbf, 0xc8, 0x61,
    0x2, 0xf0, 0x0, 0x2, 0x5e, 0x41, 0x0, 0xa8,
    0x3, 0xf5, 0x8c, 0xfa, 0x4f, 0x10, 0x1, 0xe5,
    0x7, 0xfc, 0x95, 0x10, 0xb, 0xff, 0xff, 0xa0,
    0x0, 0x20, 0x0, 0x0, 0x0, 0x0, 0x0, 0x0,

    /* U+7BEA "篪" */
    0x0, 0x2, 0x0, 0x0, 0x0, 0x20, 0x0, 0x0,
    0x0, 0x4d, 0x0, 0x0, 0xa, 0xa0, 0x0, 0x0,
    0x3, 0xed, 0xed, 0xdd, 0x5f, 0xde, 0xdd, 0xd9,
    0x4e, 0x50, 0xd5, 0x4, 0xf3, 0x9, 0xb0, 0x0,
    0x34, 0x22, 0x48, 0x34, 0x74, 0x56, 0xb8, 0xa1,
    0x1, 0xfc, 0xcb, 0xba, 0xca, 0x98, 0x76, 0x51,
    0x1, 0xf0, 0x0, 0x0, 0xe9, 0x88, 0x88, 0x10,
    0x1, 0xf0, 0x0, 0x0, 0xe5, 0x44, 0x44, 0x0,
    0x1, 0xf0, 0xed, 0xdd, 0xed, 0xdd, 0xdd, 0xf0,
    0x1, 0xf0, 0xe2, 0x0, 0xd6, 0x45, 0x62, 0x80,
    0x2, 0xe0, 0xe8, 0xcb, 0xfb, 0x87, 0x68, 0x50,
    0x4, 0xd0, 0xf1, 0x0, 0x5a, 0x99, 0x9a, 0x10,
    0x7, 0xa1, 0xf0, 0xb, 0xbb, 0xbb, 0x0, 0x0,
    0xc, 0x64, 0xc0, 0xf, 0x22, 0x2f, 0x0, 0x93,
    0x4f, 0x1a, 0x70, 0x8c, 0x0, 0xf, 0x10, 0xe3,
    0x97, 0xe, 0x2c, 0xc1, 0x0, 0xa, 0xee, 0xa0,
    0x0, 0x1, 0x2, 0x0, 0x0, 0x0, 0x0, 0x0,

    /* U+7BFC "篼" */
    0x0, 0x4, 0x40, 0x0, 0x0, 0x63, 0x0, 0x0,
    0x0, 0x1, 0xf4, 0x0, 0x0, 0x6f, 0x30, 0x0,
    0x0, 0x0, 0xaf, 0xee, 0xee, 0x5e, 0xfe, 0xee,
    0xee, 0x0, 0x8e, 0x28, 0x10, 0xa, 0xd1, 0x74,
    0x0, 0x0, 0x5f, 0x30, 0xc8, 0x3, 0xa3, 0x9,
    0xe1, 0x0, 0x0, 0x30, 0x15, 0x21, 0xf2, 0x0,
    0x6, 0x0, 0x0, 0x2, 0xdf, 0x8e, 0xee, 0xee,
    0xf3, 0xee, 0xe0, 0x0, 0x3e, 0x0, 0xe2, 0x0,
    0x1f, 0x20, 0x3e, 0x0, 0x3, 0xe0, 0xe, 0xee,
    0xee, 0xf2, 0x3, 0xe0, 0x0, 0x3e, 0x0, 0xe2,
    0x0, 0x1f, 0x20, 0x3e, 0x0, 0x4, 0xe7, 0xae,
    0x76, 0x66, 0xf2, 0x46, 0xe0, 0x0, 0x8f, 0xa4,
    0xc9, 0x88, 0x8d, 0x2b, 0xce, 0x0, 0x1, 0x10,
    0xa, 0x60, 0xc, 0x30, 0x0, 0x33, 0x0, 0x0,
    0x3, 0xf4, 0x0, 0xe4, 0x0, 0x2, 0xf1, 0x0,
    0x4a, 0xf9, 0x0, 0xd, 0x70, 0x0, 0x8d, 0x3,
    0xff, 0xa3, 0x0, 0x0, 0x5e, 0xff, 0xfd, 0x40,
    0x2, 0x0, 0x0, 0x0, 0x0, 0x0, 0x0, 0x0,
    0x0,

    /* U+7BFE "篾" */
    0x0, 0x2, 0x10, 0x0, 0x1, 0x30, 0x0, 0x0,
    0x0, 0x2f, 0x30, 0x0, 0xa, 0xa0, 0x0, 0x0,
    0x0, 0xcf, 0xff, 0xfe, 0x3f, 0xff, 0xff, 0xf7,
    0x1c, 0xa0, 0xa8, 0x1, 0xe6, 0x9, 0x80, 0x0,
    0x3a, 0x0, 0x18, 0x2, 0x80, 0x1, 0xb1, 0x0,
    0x3, 0xff, 0xff, 0xff, 0xff, 0xff, 0xff, 0xf0,
    0x3, 0xe0, 0x2, 0xe0, 0x2, 0xe0, 0x2, 0xf0,
    0x3, 0xfc, 0xcc, 0xfc, 0xcc, 0xfc, 0xcc, 0xf0,
    0x3, 0xe3, 0x33, 0x33, 0x53, 0x38, 0x95, 0xe0,
    0x0, 0x0, 0x0, 0x1, 0xf2, 0x5, 0xf2, 0x0,
    0x0, 0xef, 0xff, 0xff, 0xff, 0xff, 0xff, 0xf4,
    0x0, 0xe5, 0x0, 0x0, 0x7b, 0x0, 0x3d, 0x30,
    0x0, 0xfc, 0xc6, 0x10, 0xe, 0x59, 0xe4, 0x10,
    0x5, 0xc0, 0x29, 0xa0, 0x3b, 0xfa, 0x0, 0x77,
    0x1e, 0x60, 0x3, 0x8d, 0xd7, 0x6f, 0x82, 0xc3,
    0x4a, 0x0, 0x5d, 0x83, 0x0, 0x3, 0xbf, 0xb0,
    0x0, 0x0, 0x0, 0x0, 0x0, 0x0, 0x0, 0x0,

    /* U+7C0B "簋" */
    0x0, 0x1, 0x0, 0x0, 0x0, 0x10, 0x0, 0x0,
    0x0, 0x7e, 0x10, 0x0, 0x9, 0xc0, 0x0, 0x0,
    0x5, 0xfd, 0xed, 0xdd, 0x6f, 0xdf, 0xdd, 0xd4,
    0x7e, 0x31, 0xd5, 0x4, 0xf4, 0xb, 0x90, 0x0,
    0x52, 0x69, 0xba, 0x9a, 0xc9, 0x99, 0xc2, 0x0,
    0x0, 0xb8, 0x33, 0x33, 0x33, 0x33, 0xd4, 0x0,
    0x0, 0xbe, 0xdd, 0xdd, 0xdd, 0xdd, 0xf4, 0x0,
    0x0, 0xb6, 0x0, 0x0, 0x0, 0x0, 0xd4, 0x0,
    0x0, 0xbe, 0xdd, 0xef, 0xdd, 0xdd, 0xf7, 0x10,
    0x0, 0xb6, 0x0, 0x3c, 0xb3, 0x39, 0xea, 0x20,
    0x0, 0xdc, 0xcf, 0x80, 0x7e, 0xfe, 0x74, 0x41,
    0x0, 0xb6, 0x30, 0x0, 0x0, 0x37, 0xab, 0xb1,
    0x2, 0xff, 0xff, 0xff, 0xff, 0xff, 0xfb, 0x0,
    0x3, 0xf0, 0x9, 0x90, 0xf, 0x20, 0x6c, 0x0,
    0x3, 0xf0, 0x9, 0x90, 0xf, 0x20, 0x6c, 0x0,
    0xef, 0xff, 0xff, 0xff, 0xff, 0xff, 0xff, 0xf8,

    /* U+7C0C "簌" */
    0x0, 0x3, 0x30, 0x0, 0x1, 0x30, 0x0, 0x0,
    0x0, 0x1e, 0x40, 0x0, 0xc, 0x80, 0x0, 0x0,
    0x0, 0xbf, 0xff, 0xff, 0x7f, 0xff, 0xff, 0xf6,
    0xa, 0xd1, 0x5b, 0x3, 0xf5, 0xa, 0x60, 0x0,
    0x5e, 0x20, 0x7d, 0x37, 0x90, 0x95, 0xb0, 0x0,
    0x4, 0x22, 0xb7, 0x22, 0x22, 0xf1, 0x0, 0x0,
    0x1d, 0xdd, 0xee, 0xdd, 0xb7, 0xfc, 0xcc, 0xc2,
    0x0, 0x0, 0xa6, 0x0, 0xd, 0x74, 0x44, 0xf2,
    0x8, 0xfe, 0xfe, 0xef, 0xad, 0x8, 0x37, 0xb0,
    0x8, 0x80, 0xa6, 0xc, 0xa4, 0xd, 0x3a, 0x40,
    0x8, 0xdb, 0xed, 0xbf, 0x40, 0xf, 0x20, 0x0,
    0x7, 0x89, 0xf7, 0x2a, 0x30, 0x5f, 0x80, 0x0,
    0x0, 0x6d, 0xcd, 0x90, 0x0, 0xd9, 0xe2, 0x0,
    0x9, 0xe2, 0xa6, 0x8d, 0x1a, 0xd0, 0x8d, 0x20,
    0x6b, 0x10, 0xa6, 0x5, 0xdd, 0x20, 0xa, 0xe6,
    0x0, 0x0, 0xa6, 0x9, 0x90, 0x0, 0x0, 0x66,
    0x0, 0x0, 0x0, 0x0, 0x0, 0x0, 0x0, 0x0,

    /* U+7C0F "簏" */
    0x0, 0x2, 0x10, 0x0, 0x0, 0x20, 0x0, 0x0,
    0x0, 0x2, 0xe2, 0x0, 0x0, 0x6d, 0x0, 0x0,
    0x0, 0x1, 0xdd, 0xdd, 0xdd, 0x3f, 0xee, 0xee,
    0xed, 0x3, 0xe7, 0xb, 0x60, 0xd, 0x50, 0x6b,
    0x10, 0x0, 0x15, 0x0, 0x17, 0x6, 0xb0, 0x0,
    0x63, 0x0, 0x0, 0x2f, 0xff, 0xff, 0xff, 0xff,
    0xff, 0xff, 0x90, 0x2, 0xe0, 0x4, 0xc0, 0x0,
    0xf0, 0x0, 0x0, 0x0, 0x2f, 0xee, 0xef, 0xee,
    0xef, 0xee, 0xee, 0x10, 0x2, 0xe0, 0x4, 0xc0,
    0x0, 0xf0, 0x0, 0xf1, 0x0, 0x2e, 0x33, 0x6d,
    0x33, 0x3f, 0x33, 0x3f, 0x10, 0x3, 0xfb, 0xbb,
    0xbb, 0xbb, 0xbb, 0xbb, 0xb1, 0x0, 0x4c, 0xd,
    0x20, 0x0, 0x2c, 0x1, 0x46, 0x0, 0x7, 0xa0,
    0xee, 0xee, 0xa2, 0xfd, 0xfb, 0x80, 0x0, 0xb7,
    0xe, 0x30, 0x0, 0x2e, 0x20, 0x2, 0xe0, 0x1f,
    0x20, 0xf7, 0x8c, 0xb2, 0xf1, 0x0, 0x6c, 0x7,
    0xa0, 0x2f, 0xc8, 0x40, 0xb, 0xff, 0xfe, 0x50,
    0x1, 0x0, 0x10, 0x0, 0x0, 0x0, 0x0, 0x0,
    0x0,

    /* U+7C16 "簖" */
    0x0, 0x4, 0x10, 0x0, 0x3, 0x20, 0x0, 0x0,
    0x0, 0x3f, 0x10, 0x0, 0x1f, 0x30, 0x0, 0x0,
    0x0, 0xdf, 0xff, 0xfb, 0x9f, 0xff, 0xff, 0xf3,
    0xb, 0xb0, 0xa5, 0x5, 0xe1, 0xc, 0x40, 0x0,
    0x9c, 0x0, 0x3e, 0x1c, 0x50, 0x5, 0xf1, 0x0,
    0x15, 0x0, 0x9, 0x10, 0x1, 0x23, 0x66, 0x80,
    0xe, 0x5a, 0xe, 0x28, 0x6e, 0xdc, 0xba, 0x81,
    0xe, 0x2c, 0x5e, 0x5e, 0x1e, 0x20, 0x0, 0x0,
    0xe, 0x46, 0x5f, 0x77, 0x1e, 0x20, 0x0, 0x0,
    0xe, 0x7a, 0xdf, 0xba, 0x4e, 0xff, 0xff, 0xf5,
    0xe, 0x21, 0xdf, 0xa2, 0xe, 0x30, 0x5d, 0x0,
    0xe, 0x3d, 0x5e, 0x5d, 0x3f, 0x10, 0x4d, 0x0,
    0xe, 0xd7, 0xe, 0x21, 0x2f, 0x0, 0x4d, 0x0,
    0xe, 0x30, 0xc, 0x10, 0x7b, 0x0, 0x4d, 0x0,
    0xe, 0xdd, 0xdd, 0xd7, 0xe5, 0x0, 0x4d, 0x0,
    0x1, 0x22, 0x22, 0x27, 0xb0, 0x0, 0x4d, 0x0,
    0x0, 0x0, 0x0, 0x0, 0x0, 0x0, 0x0, 0x0,

    /* U+7C1F "簟" */
    0x0, 0x1, 0x0, 0x0, 0x0, 0x10, 0x0, 0x0,
    0x0, 0x8c, 0x0, 0x0, 0xd, 0x60, 0x0, 0x0,
    0x8, 0xec, 0xfd, 0xcc, 0x9e, 0xcf, 0xdc, 0xc3,
    0x8b, 0x10, 0x77, 0x4, 0xc1, 0x9, 0x60, 0x0,
    0x5a, 0xaa, 0xae, 0xca, 0xae, 0xba, 0xaa, 0xa2,
    0x6, 0x99, 0x9e, 0xb9, 0x9e, 0xb9, 0x99, 0x20,
    0xa, 0x72, 0x2c, 0x72, 0x2d, 0x62, 0x2e, 0x30,
    0xa, 0xc9, 0x9e, 0xb9, 0x9e, 0xb9, 0x9f, 0x30,
    0x6, 0x41, 0x11, 0x11, 0x11, 0x11, 0x18, 0x20,
    0x0, 0x8b, 0xbb, 0xbb, 0xbb, 0xbb, 0xb3, 0x0,
    0x0, 0xb8, 0x33, 0x33, 0x33, 0x33, 0xd4, 0x0,
    0x0, 0xba, 0x77, 0x77, 0x77, 0x77, 0xe4, 0x0,
    0x0, 0xbc, 0xbb, 0xbb, 0xbb, 0xbb, 0xe4, 0x0,
    0x0, 0x42, 0x0, 0xc, 0x60, 0x0, 0x52, 0x0,
    0x9b, 0xbb, 0xbb, 0xbf, 0xdb, 0xbb, 0xbb, 0xb4,
    0x0, 0x0, 0x0, 0xc, 0x60, 0x0, 0x0, 0x0,

    /* U+7C26 "簦" */
    0x0, 0x2, 0x20, 0x0, 0x0, 0x30, 0x0, 0x0,
    0x0, 0x2f, 0x30, 0x0, 0x8, 0xc0, 0x0, 0x0,
    0x1, 0xdd, 0xed, 0xdd, 0x4f, 0xdf, 0xdd, 0xdb,
    0x2e, 0x70, 0xa8, 0x2, 0xe5, 0xd, 0x70, 0x0,
    0x36, 0x0, 0x17, 0x10, 0x75, 0x1, 0xa4, 0x0,
    0x5, 0xcc, 0xcc, 0xf5, 0x2e, 0x7e, 0xa3, 0x0,
    0x3, 0x70, 0x8, 0xc0, 0x8, 0xf2, 0x18, 0xe1,
    0x1, 0xbb, 0x9d, 0x21, 0x11, 0xbd, 0xe8, 0x10,
    0x0, 0x4f, 0x9a, 0xcc, 0xcc, 0xb8, 0xe9, 0x30,
    0x2d, 0xd7, 0x33, 0x33, 0x33, 0x33, 0x5a, 0xf7,
    0x5, 0xc, 0xca, 0xaa, 0xaa, 0xaa, 0xf1, 0x0,
    0x0, 0xc, 0x60, 0x0, 0x0, 0x0, 0xf1, 0x0,
    0x0, 0xc, 0xed, 0xdd, 0xdd, 0xdd, 0xf1, 0x0,
    0x0, 0x6, 0x99, 0x0, 0x0, 0x4a, 0x80, 0x0,
    0x0, 0x0, 0x1c, 0x90, 0x4, 0xe4, 0x0, 0x0,
    0x1e, 0xee, 0xee, 0xee, 0xee, 0xfe, 0xee, 0xe8,

    /* U+7C2A "簪" */
    0x0, 0x2, 0x20, 0x0, 0x0, 0x40, 0x0, 0x0,
    0x0, 0x1, 0xe3, 0x0, 0x0, 0x7d, 0x0, 0x0,
    0x0, 0x0, 0xce, 0xef, 0xee, 0x9f, 0xee, 0xfe,
    0xec, 0x1, 0xba, 0x2, 0xd0, 0x2f, 0x60, 0x2e,
    0x10, 0x0, 0x3b, 0xdd, 0xdd, 0xda, 0x5d, 0xdd,
    0xdd, 0xd2, 0x0, 0x4, 0x9, 0x60, 0x0, 0x50,
    0x4b, 0x0, 0x0, 0x3, 0xc2, 0xc6, 0x22, 0x5c,
    0x28, 0xa2, 0x21, 0x0, 0x4a, 0xcf, 0xea, 0xa5,
    0xaa, 0xfe, 0xba, 0x40, 0x0, 0x1d, 0x7e, 0x5,
    0x10, 0xab, 0xd3, 0x9, 0x0, 0x5e, 0x74, 0xfe,
    0xa6, 0xdb, 0xc, 0x87, 0xd0, 0x9, 0x40, 0x16,
    0x0, 0x97, 0x0, 0x38, 0x72, 0x0, 0x6, 0xfd,
    0xdd, 0xdd, 0xdd, 0xdd, 0xf0, 0x0, 0x0, 0x6b,
    0x11, 0x11, 0x11, 0x11, 0x1f, 0x0, 0x0, 0x6,
    0xec, 0xcc, 0xcc, 0xcc, 0xcc, 0xf0, 0x0, 0x0,
    0x6b, 0x22, 0x22, 0x22, 0x22, 0x3f, 0x0, 0x0,
    0x6, 0xeb, 0xbb, 0xbb, 0xbb, 0xbb, 0xf0, 0x0,

    /* U+7C38 "簸" */
    0x0, 0x1, 0x10, 0x0, 0x0, 0x21, 0x0, 0x0,
    0x0, 0x1, 0xe5, 0x0, 0x0, 0x2f, 0x30, 0x0,
    0x0, 0x0, 0xcf, 0xfe, 0xee, 0x3c, 0xfe, 0xfe,
    0xea, 0x1, 0xcc, 0xc, 0x60, 0xa, 0xd0, 0x4c,
    0x0, 0x0, 0x4b, 0x60, 0x2a, 0x61, 0xd2, 0x1,
    0xe2, 0x0, 0x0, 0xf, 0x0, 0x2e, 0x1, 0x22,
    0x4e, 0x22, 0x20, 0xe, 0xfe, 0xee, 0xfd, 0x8f,
    0xdd, 0xfd, 0xed, 0x0, 0xf, 0x0, 0x2e, 0x8,
    0x90, 0x2e, 0x7, 0xc0, 0x0, 0xfe, 0xee, 0xe0,
    0x89, 0x2, 0xe0, 0x46, 0x0, 0xf, 0x0, 0x2e,
    0x8, 0xff, 0xff, 0xff, 0x20, 0x0, 0xfe, 0xee,
    0xe0, 0x89, 0xd2, 0x1, 0xe0, 0x0, 0xf, 0x0,
    0x2e, 0x9, 0x88, 0x80, 0x79, 0x0, 0x2e, 0xfe,
    0xee, 0xfd, 0xb6, 0x1e, 0x6e, 0x10, 0x0, 0x6,
    0x70, 0x91, 0xf, 0x20, 0x7f, 0x70, 0x0, 0x8,
    0xe2, 0x7, 0xe8, 0xb1, 0x9e, 0x8e, 0x93, 0x1,
    0xb1, 0x0, 0x0, 0xb4, 0xe9, 0x10, 0x19, 0xa0,
    0x0, 0x0, 0x0, 0x0, 0x0, 0x0, 0x0, 0x0,
    0x0,

    /* U+7C40 "籀" */
    0x0, 0x2, 0x0, 0x0, 0x1, 0x10, 0x0, 0x0,
    0x0, 0x3e, 0x10, 0x0, 0xe, 0x40, 0x0, 0x0,
    0x1, 0xef, 0xff, 0xfc, 0x8f, 0xff, 0xff, 0xfc,
    0x2d, 0x80, 0x97, 0x5, 0xe1, 0x6, 0xc2, 0x0,
    0x68, 0x12, 0x1b, 0x2, 0x63, 0x0, 0x89, 0x0,
    0x0, 0x7a, 0x2, 0xbd, 0xb5, 0xac, 0xcc, 0xc3,
    0x1, 0x7b, 0x13, 0xd0, 0x40, 0x1d, 0x52, 0xd3,
    0x2f, 0xff, 0xf6, 0xc0, 0xb6, 0xf, 0x10, 0xd2,
    0x0, 0x7a, 0x4, 0xeb, 0xdc, 0xaa, 0x56, 0xf1,
    0x0, 0x7a, 0x15, 0x82, 0x9, 0xa0, 0x78, 0x40,
    0x3, 0xbf, 0xf3, 0xbc, 0xcc, 0xcc, 0xcc, 0xb0,
    0x5f, 0xdb, 0x0, 0xf2, 0x12, 0xe1, 0x12, 0xe0,
    0x0, 0x7a, 0x0, 0xfb, 0xbb, 0xfb, 0xbb, 0xe0,
    0x0, 0x7a, 0x0, 0xf3, 0x23, 0xe2, 0x23, 0xe0,
    0x12, 0xaa, 0x0, 0xf3, 0x23, 0xe2, 0x23, 0xe0,
    0x4e, 0xd4, 0x0, 0xfb, 0xbb, 0xbb, 0xbb, 0xe0,

    /* U+7C41 "籁" */
    0x0, 0x2, 0x10, 0x0, 0x1, 0x20, 0x0, 0x0,
    0x0, 0x1e, 0x20, 0x0, 0xd, 0x40, 0x0, 0x0,
    0x0, 0xcf, 0xff, 0xff, 0x8f, 0xff, 0xff, 0xfb,
    0x1c, 0xa0, 0x5a, 0x3, 0xe2, 0x6, 0xb1, 0x0,
    0x39, 0x1, 0x5a, 0x30, 0x32, 0x90, 0x89, 0x0,
    0x0, 0x3, 0xc0, 0x0, 0xb, 0xc7, 0x77, 0x0,
    0x2d, 0xdd, 0xfd, 0xda, 0x5e, 0x88, 0xae, 0x0,
    0x0, 0x3, 0xc0, 0x3, 0xf7, 0x33, 0xd8, 0x30,
    0xc, 0xdd, 0xfd, 0xe8, 0xdc, 0xaa, 0xaa, 0xf1,
    0xc, 0x33, 0xc0, 0xa5, 0x86, 0xc, 0x10, 0xe1,
    0xc, 0xdd, 0xfd, 0xe5, 0x86, 0xf, 0x10, 0xe1,
    0x7, 0x2c, 0xc0, 0x63, 0x86, 0x1f, 0x0, 0xe1,
    0x0, 0x9d, 0xec, 0x20, 0x86, 0x8f, 0x50, 0xc1,
    0x9, 0xc4, 0xc4, 0xe5, 0x5, 0xf7, 0xda, 0x10,
    0x4c, 0x13, 0xc0, 0x13, 0x9f, 0x60, 0x9, 0xe4,
    0x0, 0x3, 0xc0, 0x6, 0xb2, 0x0, 0x0, 0x57,

    /* U+7C7C "籼" */
    0x0, 0x25, 0x0, 0x0, 0x0, 0x30, 0x0, 0x0,
    0x5, 0xc0, 0x10, 0x0, 0xe, 0x30, 0x0, 0x87,
    0x5c, 0xe, 0x20, 0x0, 0xe3, 0x0, 0x3, 0xd5,
    0xc4, 0xd0, 0x0, 0xe, 0x30, 0x0, 0xe, 0x7c,
    0xa6, 0x4b, 0x0, 0xe3, 0x2, 0xd0, 0x25, 0xc1,
    0x4, 0xc0, 0xe, 0x30, 0x2f, 0x9d, 0xef, 0xdd,
    0x5c, 0x0, 0xe3, 0x2, 0xf2, 0x3a, 0xc3, 0x34,
    0xc0, 0xe, 0x30, 0x2f, 0x0, 0xec, 0x10, 0x4c,
    0x0, 0xe3, 0x2, 0xf0, 0x5e, 0xee, 0x34, 0xc0,
    0xe, 0x30, 0x2f, 0xd, 0x8c, 0x6e, 0x7c, 0x0,
    0xe3, 0x2, 0xf6, 0xc5, 0xc0, 0x66, 0xc0, 0xe,
    0x30, 0x2f, 0xd4, 0x5c, 0x0, 0x4c, 0x0, 0xe3,
    0x2, 0xf4, 0x5, 0xc0, 0x4, 0xd3, 0x3e, 0x63,
    0x5f, 0x0, 0x5c, 0x0, 0x4f, 0xff, 0xff, 0xff,
    0xf0, 0x5, 0xc0, 0x0, 0x0, 0x0, 0x0, 0x2f,

    /* U+7C91 "粑" */
    0x0, 0x12, 0x0, 0x0, 0x0, 0x0, 0x0, 0x0,
    0x0, 0x4d, 0x0, 0x3, 0x33, 0x33, 0x33, 0x0,
    0x74, 0x4d, 0xb, 0x7f, 0xee, 0xfe, 0xef, 0x40,
    0x7a, 0x4d, 0x2f, 0x5d, 0x0, 0xf2, 0xe, 0x40,
    0x2f, 0x5d, 0x8a, 0x4d, 0x0, 0xf2, 0xe, 0x40,
    0x9, 0x6d, 0x74, 0x4d, 0x0, 0xf2, 0xe, 0x40,
    0x46, 0x9e, 0x66, 0x5d, 0x0, 0xf2, 0xe, 0x40,
    0x7a, 0xde, 0xaa, 0x5e, 0x33, 0xf5, 0x3e, 0x40,
    0x0, 0xcd, 0x10, 0x4f, 0xee, 0xee, 0xef, 0x40,
    0x1, 0xfe, 0xe1, 0x4d, 0x0, 0x0, 0x8, 0x20,
    0x7, 0xdd, 0x9b, 0x4d, 0x0, 0x0, 0x0, 0x0,
    0x1e, 0x6d, 0xa, 0x5d, 0x0, 0x0, 0x0, 0x83,
    0x9b, 0x4d, 0x0, 0x4d, 0x0, 0x0, 0x0, 0xe5,
    0xa2, 0x4d, 0x0, 0x4d, 0x0, 0x0, 0x0, 0xf3,
    0x0, 0x4d, 0x0, 0x3f, 0x31, 0x11, 0x18, 0xe0,
    0x0, 0x4d, 0x0, 0xa, 0xff, 0xff, 0xfd, 0x40,

    /* U+7C9C "粜" */
    0x0, 0x0, 0x0, 0x1, 0x30, 0x0, 0x0, 0x0,
    0x0, 0x8, 0x10, 0x0, 0x5c, 0x0, 0x0, 0x73,
    0x0, 0x0, 0xe4, 0x11, 0x16, 0xd1, 0x11, 0x1c,
    0x50, 0x0, 0xe, 0xff, 0xff, 0xff, 0xff, 0xff,
    0xf5, 0x0, 0x2, 0x60, 0x0, 0x5, 0xc0, 0x0,
    0x6, 0x70, 0x0, 0x4d, 0x11, 0x11, 0x6c, 0x11,
    0x11, 0x6c, 0x0, 0x4, 0xff, 0xff, 0xff, 0xff,
    0xff, 0xff, 0xc0, 0x0, 0x0, 0x20, 0x0, 0x4a,
    0x0, 0x0, 0x57, 0x0, 0x0, 0xe, 0x80, 0x5,
    0xd0, 0x1, 0xca, 0x0, 0x0, 0x0, 0x3e, 0x60,
    0x5d, 0x0, 0xdb, 0x0, 0x0, 0x14, 0x44, 0x75,
    0x48, 0xd4, 0x47, 0x44, 0x43, 0x3, 0xcc, 0xcc,
    0xce, 0xff, 0xfc, 0xcc, 0xcc, 0xa0, 0x0, 0x0,
    0x8, 0xd7, 0xd8, 0xc3, 0x0, 0x0, 0x0, 0x1,
    0x7e, 0x90, 0x5d, 0x4, 0xeb, 0x50, 0x0, 0x2a,
    0xfa, 0x20, 0x5, 0xd0, 0x0, 0x6d, 0xf9, 0x0,
    0x72, 0x0, 0x0, 0x5d, 0x0, 0x0, 0x3, 0x10,

    /* U+7C9D "粝" */
    0x0, 0x1, 0x20, 0x0, 0x0, 0x0, 0x0, 0x0,
    0x0, 0x0, 0x7a, 0x0, 0x2, 0x22, 0x22, 0x22,
    0x20, 0x9, 0x37, 0xa1, 0xd6, 0xff, 0xff, 0xff,
    0xff, 0x20, 0x79, 0x7a, 0x6b, 0x5a, 0x0, 0x0,
    0x0, 0x0, 0x2, 0xe8, 0xac, 0x55, 0xa1, 0x22,
    0x22, 0x22, 0x0, 0x6, 0x8a, 0x60, 0x5a, 0xcf,
    0xff, 0xff, 0xf1, 0x7, 0x9c, 0xd9, 0x96, 0xa0,
    0x3d, 0x0, 0x0, 0x0, 0x46, 0xcc, 0x66, 0x6a,
    0x3, 0xd0, 0x0, 0x0, 0x0, 0xf, 0xc5, 0x5,
    0xa0, 0x4f, 0xee, 0xe6, 0x0, 0x6, 0xfc, 0xe5,
    0x69, 0x5, 0xb3, 0x3b, 0x70, 0x0, 0xd9, 0xa4,
    0xd7, 0x80, 0x78, 0x0, 0xa6, 0x0, 0x6b, 0x7a,
    0x0, 0x96, 0xa, 0x50, 0xb, 0x60, 0xe, 0x37,
    0xa0, 0xc, 0x40, 0xf1, 0x0, 0xc5, 0x0, 0x50,
    0x7a, 0x1, 0xf0, 0x6b, 0x0, 0xd, 0x40, 0x0,
    0x7, 0xa0, 0x7b, 0x1e, 0x30, 0x23, 0xf2, 0x0,
    0x0, 0x7a, 0xa, 0x46, 0x70, 0x3f, 0xf9, 0x0,
    0x0, 0x0, 0x0, 0x0, 0x0, 0x0, 0x0, 0x0,
    0x0,

    /* U+7C9E "粞" */
    0x0, 0x0, 0x0, 0x0, 0x0, 0x0, 0x0, 0x0,
    0x0, 0x4c, 0x0, 0x11, 0x11, 0x11, 0x11, 0x11,
    0x27, 0x4c, 0x27, 0xef, 0xff, 0xff, 0xff, 0xfa,
    0x1d, 0x4c, 0x79, 0x0, 0xf, 0x13, 0xd0, 0x0,
    0xe, 0x5c, 0xb4, 0x11, 0x1f, 0x24, 0xd1, 0x10,
    0x2, 0x4c, 0x20, 0x9e, 0xdf, 0xdd, 0xfd, 0xf2,
    0x5f, 0xff, 0xfc, 0x98, 0xf, 0x3, 0xd0, 0xe2,
    0x1, 0x9c, 0x10, 0x98, 0x1f, 0x3, 0xd0, 0xe2,
    0x0, 0xec, 0x30, 0x98, 0x4c, 0x3, 0xd0, 0xe2,
    0x4, 0xee, 0xe2, 0x98, 0xa8, 0x3, 0xf1, 0xe2,
    0xb, 0x9c, 0x68, 0x9a, 0xf2, 0x0, 0xcf, 0xf2,
    0x3e, 0x4c, 0x0, 0x9d, 0x90, 0x0, 0x0, 0xe2,
    0x77, 0x4c, 0x0, 0x98, 0x0, 0x0, 0x0, 0xe2,
    0x20, 0x4c, 0x0, 0x98, 0x0, 0x0, 0x0, 0xe2,
    0x0, 0x4c, 0x0, 0x9f, 0xff, 0xff, 0xff, 0xf2,
    0x0, 0x4c, 0x0, 0x98, 0x11, 0x11, 0x11, 0xe2,
    0x0, 0x0, 0x0, 0x0, 0x0, 0x0, 0x0, 0x0,

    /* U+7CA2 "粢" */
    0x0, 0x0, 0x0, 0x2, 0x0, 0x0, 0x0, 0x0,
    0x0, 0x4b, 0x20, 0x1, 0xf2, 0x0, 0x0, 0x0,
    0x0, 0x0, 0x9f, 0x50, 0x9f, 0xff, 0xff, 0xff,
    0xf2, 0x0, 0x0, 0x41, 0x3f, 0x20, 0x4e, 0x0,
    0x8d, 0x0, 0x0, 0x0, 0x99, 0x80, 0xa, 0xb0,
    0xb, 0x50, 0x0, 0x3, 0xdd, 0x10, 0x8, 0xed,
    0xe7, 0x0, 0x0, 0x7, 0xfa, 0x1, 0x6d, 0xd3,
    0x5, 0xde, 0x70, 0x1, 0xd6, 0x0, 0xec, 0x97,
    0x0, 0x0, 0x6e, 0x30, 0x0, 0x3d, 0x30, 0x5,
    0xd0, 0x0, 0x9a, 0x0, 0x0, 0x0, 0x7f, 0x50,
    0x5d, 0x0, 0xbd, 0x20, 0x0, 0x14, 0x44, 0xa7,
    0x48, 0xd4, 0x4c, 0x54, 0x43, 0x3, 0xcc, 0xcc,
    0xcf, 0xff, 0xfd, 0xcc, 0xcc, 0xa0, 0x0, 0x0,
    0x1a, 0xc7, 0xd7, 0xe4, 0x0, 0x0, 0x0, 0x1,
    0x8e, 0x80, 0x5d, 0x4, 0xec, 0x50, 0x0, 0x2b,
    0xfb, 0x20, 0x5, 0xd0, 0x0, 0x7e, 0xf9, 0x0,
    0x82, 0x0, 0x0, 0x5d, 0x0, 0x0, 0x3, 0x20,

    /* U+7CB2 "粲" */
    0x0, 0x0, 0x6c, 0x11, 0x1, 0x11, 0x11, 0x10,
    0x0, 0x0, 0x6f, 0xcc, 0x7e, 0xee, 0xef, 0xb0,
    0x0, 0x7b, 0x7c, 0x11, 0x1, 0x0, 0xd, 0x50,
    0x2, 0xed, 0xdd, 0xec, 0xc, 0xa1, 0x9b, 0x0,
    0x1d, 0x74, 0x2, 0xe4, 0x0, 0xaf, 0xe1, 0x0,
    0x4, 0x1c, 0xae, 0x50, 0x27, 0xeb, 0xe8, 0x0,
    0x1, 0x5c, 0xc3, 0x0, 0xd9, 0x30, 0x2c, 0xb0,
    0x1d, 0xad, 0x40, 0x6, 0x70, 0x5, 0x90, 0x20,
    0x0, 0x6, 0xf6, 0x9, 0xa0, 0x8e, 0x50, 0x0,
    0x1, 0x11, 0x54, 0x19, 0xa1, 0x73, 0x11, 0x10,
    0x2f, 0xff, 0xff, 0xff, 0xff, 0xff, 0xff, 0xf3,
    0x0, 0x0, 0x19, 0xdb, 0xbc, 0x80, 0x0, 0x0,
    0x0, 0x28, 0xe8, 0x9, 0xa0, 0x8e, 0x82, 0x0,
    0x6d, 0xf9, 0x10, 0x9, 0xa0, 0x2, 0x9f, 0xe5,
    0x26, 0x0, 0x0, 0x9, 0xa0, 0x0, 0x0, 0x40,

    /* U+7CBC "粼" */
    0x0, 0x0, 0x2, 0x0, 0x0, 0x0, 0x0, 0x0,
    0x3, 0x70, 0x3c, 0x0, 0x90, 0x1, 0xc0, 0x76,
    0x1, 0xe6, 0x3c, 0xb, 0xa0, 0x5, 0xd0, 0xc6,
    0x0, 0x37, 0x3c, 0x19, 0x0, 0x8, 0x90, 0xf2,
    0x4f, 0xff, 0xff, 0xff, 0xfe, 0xc, 0x53, 0xd0,
    0x0, 0x9, 0xcd, 0x70, 0x0, 0xf, 0x7, 0x90,
    0x2, 0xba, 0x3d, 0x8d, 0x60, 0x5b, 0xc, 0x40,
    0x5f, 0x70, 0x3c, 0x2, 0xb8, 0x97, 0x1f, 0x0,
    0x4, 0xd1, 0x24, 0x8, 0x60, 0xb4, 0x3d, 0x0,
    0x7, 0xed, 0xd7, 0xff, 0xff, 0x79, 0xe, 0x10,
    0x2d, 0x13, 0xb2, 0x38, 0x60, 0x2e, 0xa, 0x60,
    0x87, 0x88, 0x79, 0x58, 0x60, 0xe, 0x35, 0xb0,
    0x0, 0xbf, 0x1c, 0xce, 0xdc, 0x29, 0x81, 0xf0,
    0x0, 0xc8, 0x3, 0x3a, 0x83, 0x5, 0xc0, 0xd5,
    0x1b, 0xb0, 0x0, 0x8, 0x60, 0x1, 0xf1, 0x89,
    0x7a, 0x0, 0x0, 0x8, 0x60, 0x0, 0x71, 0x46,
    0x0, 0x0, 0x0, 0x0, 0x0, 0x0, 0x0, 0x0,

    /* U+7CBD "粽" */
    0x0, 0x15, 0x0, 0x0, 0x0, 0x40, 0x0, 0x0,
    0x0, 0x3d, 0x0, 0x0, 0x2, 0xf2, 0x0, 0x0,
    0x78, 0x3d, 0xe, 0x22, 0x22, 0xa8, 0x22, 0x20,
    0x2d, 0x3d, 0x5c, 0xaf, 0xff, 0xff, 0xff, 0xf3,
    0xe, 0x6d, 0xa6, 0xa6, 0x0, 0x0, 0x0, 0xf3,
    0x3, 0x4d, 0x31, 0x55, 0x22, 0x22, 0x22, 0x91,
    0x7d, 0xdf, 0xdb, 0x9, 0xcc, 0xcc, 0xcc, 0x30,
    0x13, 0x9d, 0x32, 0x0, 0x0, 0x0, 0x0, 0x0,
    0x0, 0xdd, 0x10, 0x12, 0x22, 0x22, 0x22, 0x20,
    0x3, 0xfe, 0xe2, 0xbf, 0xff, 0xff, 0xff, 0xf5,
    0xb, 0x9d, 0x6e, 0x11, 0x0, 0xe3, 0x10, 0x0,
    0x3e, 0x3d, 0x5, 0xa, 0x90, 0xe3, 0xc7, 0x0,
    0xb6, 0x3d, 0x0, 0x2f, 0x20, 0xe3, 0x3f, 0x30,
    0x50, 0x3d, 0x0, 0xc9, 0x0, 0xe3, 0x8, 0xd0,
    0x0, 0x3d, 0x6, 0xd1, 0x23, 0xf3, 0x0, 0xd5,
    0x0, 0x3d, 0x0, 0x21, 0xff, 0xb0, 0x0, 0x0,
    0x0, 0x0, 0x0, 0x0, 0x0, 0x0, 0x0, 0x0,

    /* U+7CC1 "糁" */
    0x0, 0x3, 0x0, 0x0, 0x0, 0x40, 0x0, 0x0,
    0x0, 0x2, 0xe0, 0x0, 0x0, 0x8e, 0x10, 0x0,
    0x0, 0x55, 0x2e, 0x8, 0x20, 0x6e, 0x20, 0x86,
    0x0, 0x3, 0xc2, 0xe0, 0xf1, 0x6e, 0x20, 0x14,
    0xf6, 0x0, 0xe, 0x3e, 0x5b, 0xf, 0xff, 0xed,
    0xdc, 0xe4, 0x0, 0x63, 0xe4, 0x30, 0x21, 0x3c,
    0x0, 0x1, 0x0, 0x4c, 0xcf, 0xca, 0xcf, 0xff,
    0xff, 0xff, 0xfc, 0x1, 0x49, 0xe4, 0x40, 0xc,
    0xa0, 0xd, 0x50, 0x0, 0x0, 0xbe, 0x50, 0x1c,
    0xb0, 0x67, 0x2e, 0x60, 0x0, 0x1d, 0xed, 0x6f,
    0xa3, 0xbd, 0x21, 0x3e, 0xc0, 0x8, 0x8e, 0x4d,
    0x46, 0xe7, 0x6, 0xe1, 0x14, 0x1, 0xe2, 0xe0,
    0x20, 0x11, 0x4c, 0xc2, 0x13, 0x0, 0x78, 0x2e,
    0x0, 0x5, 0xce, 0x60, 0x5e, 0x90, 0x2, 0x12,
    0xe0, 0x0, 0x66, 0x4, 0xce, 0x50, 0x0, 0x0,
    0x2e, 0x0, 0x2, 0x7d, 0xe7, 0x0, 0x0, 0x0,
    0x2, 0xe0, 0x3, 0xfb, 0x50, 0x0, 0x0, 0x0,
    0x0, 0x0, 0x0, 0x0, 0x0, 0x0, 0x0, 0x0,
    0x0,

    /* U+7CC5 "糅" */
    0x0, 0x4, 0x20, 0x0, 0x0, 0x0, 0x0, 0x0,
    0x0, 0x0, 0xb5, 0x0, 0xbd, 0xdd, 0xdd, 0xdd,
    0x50, 0xd, 0x1b, 0x58, 0x72, 0xa4, 0x22, 0x4d,
    0xc2, 0x0, 0x96, 0xb5, 0xc3, 0x1a, 0xf8, 0x6e,
    0x70, 0x0, 0x6, 0xab, 0x6e, 0x0, 0x3, 0xad,
    0x30, 0x0, 0x0, 0x14, 0xb6, 0x58, 0xee, 0xff,
    0xff, 0xef, 0xe0, 0xb, 0xcf, 0xdc, 0x40, 0x2d,
    0x8b, 0x60, 0x6b, 0x0, 0x35, 0xf7, 0x32, 0x9f,
    0x60, 0xc6, 0xc, 0x50, 0x0, 0x6f, 0xd4, 0xab,
    0x4f, 0xfd, 0x10, 0x60, 0x0, 0xb, 0xe9, 0xe1,
    0x0, 0x16, 0x60, 0x0, 0x0, 0x1, 0xdb, 0x59,
    0x64, 0x44, 0xab, 0x44, 0x44, 0x0, 0x88, 0xb5,
    0x9, 0xbb, 0xdf, 0xfe, 0xbb, 0xb1, 0xf, 0x2b,
    0x50, 0x0, 0x5e, 0xaa, 0xd6, 0x0, 0x0, 0x70,
    0xb5, 0x0, 0x8e, 0x38, 0x91, 0xda, 0x20, 0x0,
    0xb, 0x53, 0xec, 0x20, 0x89, 0x0, 0xaf, 0x40,
    0x0, 0xb5, 0x6, 0x0, 0x8, 0x90, 0x0, 0x30,

    /* U+7CC7 "糇" */
    0x0, 0x33, 0x0, 0x3, 0x0, 0x0, 0x0, 0x0,
    0x0, 0x78, 0x0, 0xf, 0x32, 0x22, 0x22, 0x0,
    0x44, 0x78, 0x44, 0x4d, 0x1e, 0xee, 0xee, 0x0,
    0x59, 0x78, 0xa5, 0x98, 0x0, 0x0, 0x3c, 0x0,
    0x2c, 0x78, 0xe1, 0xf3, 0x11, 0x11, 0x6b, 0x10,
    0x7, 0x78, 0x77, 0xf4, 0xff, 0xff, 0xff, 0xf7,
    0x58, 0xbc, 0x7e, 0xf1, 0x6, 0x60, 0x0, 0x0,
    0x58, 0xec, 0x8a, 0xe1, 0xe, 0x72, 0x22, 0x10,
    0x0, 0xf8, 0x0, 0xe1, 0x8f, 0xef, 0xee, 0x90,
    0x6, 0xfe, 0x70, 0xe4, 0xf2, 0xd, 0x30, 0x0,
    0xc, 0xa9, 0xd4, 0xe2, 0x53, 0x3e, 0x53, 0x31,
    0x5c, 0x78, 0x20, 0xe5, 0xee, 0xef, 0xee, 0xe4,
    0x95, 0x78, 0x0, 0xe1, 0x0, 0x7e, 0xb0, 0x0,
    0x30, 0x78, 0x0, 0xe1, 0x4, 0xf3, 0xc8, 0x0,
    0x0, 0x78, 0x0, 0xe2, 0x7f, 0x50, 0x1d, 0xb2,
    0x0, 0x67, 0x0, 0xe4, 0xd4, 0x0, 0x1, 0xa3,
    0x0, 0x0, 0x0, 0x0, 0x0, 0x0, 0x0, 0x0,

    /* U+7CC8 "糈" */
    0x0, 0x5, 0x0, 0x0, 0x0, 0x0, 0x0, 0x0,
    0x0, 0x1, 0xf0, 0x3, 0xcc, 0xcc, 0xcc, 0xcc,
    0x80, 0x4a, 0x1f, 0xd, 0x53, 0x33, 0xe6, 0x33,
    0xb8, 0x0, 0xe2, 0xf3, 0xe0, 0x49, 0xd, 0x30,
    0x7, 0x20, 0xc, 0x6f, 0x89, 0x7, 0x90, 0xdf,
    0xff, 0xf7, 0x0, 0x43, 0xf3, 0x20, 0xbe, 0x1d,
    0x30, 0x0, 0x0, 0x15, 0x6f, 0x55, 0x2f, 0x8d,
    0xe7, 0x44, 0x45, 0x3, 0xac, 0xfa, 0x9d, 0x80,
    0x39, 0xbb, 0xcc, 0xa0, 0x0, 0x8f, 0x0, 0x57,
    0x99, 0x99, 0x99, 0x80, 0x0, 0xd, 0xfd, 0x30,
    0xe7, 0x44, 0x44, 0x6e, 0x0, 0x6, 0x9f, 0x4e,
    0x1e, 0xcb, 0xbb, 0xbc, 0xe0, 0x0, 0xe3, 0xf0,
    0x10, 0xe6, 0x33, 0x33, 0x5e, 0x0, 0x7a, 0x1f,
    0x0, 0xe, 0x63, 0x33, 0x35, 0xe0, 0x3, 0x21,
    0xf0, 0x0, 0xed, 0xcc, 0xcc, 0xce, 0x0, 0x0,
    0x1f, 0x0, 0xe, 0x40, 0x34, 0x37, 0xd0, 0x0,
    0x1, 0xf0, 0x0, 0xe4, 0x8, 0xed, 0xc4, 0x0,

    /* U+7CCC "糌" */
    0x0, 0x3, 0x0, 0x0, 0x40, 0x0, 0x40, 0x0,
    0x0, 0x4d, 0x0, 0x4, 0xd0, 0x0, 0xf1, 0x0,
    0x67, 0x4d, 0xd, 0x1a, 0xff, 0xf0, 0xf1, 0x0,
    0x3c, 0x4d, 0x3c, 0x2f, 0x12, 0xe0, 0xfe, 0x50,
    0xe, 0x6d, 0x97, 0xbf, 0x27, 0x80, 0xf4, 0xd9,
    0x4, 0x5d, 0x31, 0xb8, 0xbe, 0x20, 0xf1, 0x2,
    0x5c, 0xdf, 0xcb, 0x0, 0xed, 0x20, 0xd0, 0x0,
    0x24, 0xad, 0x44, 0x1b, 0xb9, 0xfe, 0xdc, 0xdb,
    0x0, 0xcd, 0x20, 0xea, 0x0, 0x2, 0x34, 0x42,
    0x2, 0xee, 0xe3, 0x2b, 0xdd, 0xdd, 0xdd, 0x90,
    0x9, 0x9d, 0x7d, 0xe, 0x53, 0x33, 0x38, 0xb0,
    0x2e, 0x4d, 0x6, 0xe, 0x30, 0x0, 0x6, 0xb0,
    0x87, 0x4d, 0x0, 0xe, 0xfe, 0xee, 0xef, 0xb0,
    0x30, 0x4d, 0x0, 0xe, 0x30, 0x0, 0x6, 0xb0,
    0x0, 0x4d, 0x0, 0xe, 0xed, 0xdd, 0xde, 0xb0,
    0x0, 0x4d, 0x0, 0xe, 0x52, 0x22, 0x27, 0xb0,

    /* U+7CCD "糍" */
    0x0, 0x3, 0x0, 0x0, 0x10, 0x0, 0x1, 0x0,
    0x0, 0x4, 0xd0, 0x0, 0x4d, 0x10, 0x0, 0xe6,
    0x0, 0x45, 0x4d, 0xa, 0x10, 0xcb, 0x0, 0x7e,
    0x0, 0x4, 0xb4, 0xd2, 0xe2, 0x25, 0xc3, 0x3f,
    0x72, 0x20, 0xe, 0x5d, 0x88, 0xad, 0xfd, 0xdd,
    0xef, 0xda, 0x0, 0x66, 0xd5, 0x20, 0x5d, 0x0,
    0xb, 0x60, 0x0, 0x5c, 0xdf, 0xcb, 0xc, 0x54,
    0x22, 0xe0, 0x41, 0x2, 0x4a, 0xd4, 0x43, 0xd0,
    0xe4, 0x87, 0xf, 0x20, 0x0, 0xcd, 0x0, 0xc8,
    0x6d, 0x2e, 0x15, 0xb0, 0x0, 0x2f, 0xed, 0x3f,
    0xdf, 0x67, 0xff, 0xf5, 0x0, 0x9, 0xad, 0x8b,
    0x3, 0xe0, 0x1, 0x3d, 0x0, 0x2, 0xe4, 0xd0,
    0x40, 0xb6, 0x0, 0xa, 0x62, 0x0, 0x88, 0x4d,
    0x0, 0x3e, 0x2c, 0x2, 0xe2, 0xe0, 0x3, 0x4,
    0xd0, 0xc, 0x60, 0xd3, 0xb9, 0x4e, 0x40, 0x0,
    0x4d, 0x4, 0xfe, 0xee, 0xab, 0xb9, 0xba, 0x0,
    0x4, 0xd0, 0x4, 0x10, 0x28, 0x0, 0x2, 0xc0,

    /* U+7CD7 "糗" */
    0x0, 0x2, 0x0, 0x0, 0x1, 0x40, 0x0, 0x0,
    0x0, 0x3, 0xd0, 0x10, 0x0, 0x6b, 0x0, 0x0,
    0x0, 0x96, 0x3d, 0xe, 0x6d, 0xdf, 0xed, 0xdd,
    0xa0, 0x4, 0xc3, 0xd3, 0xd3, 0xe1, 0x11, 0x11,
    0x5c, 0x0, 0xf, 0x5d, 0xa6, 0x3f, 0xdd, 0xdd,
    0xde, 0xc0, 0x0, 0x23, 0xd1, 0x3, 0xe1, 0x11,
    0x11, 0x5c, 0x0, 0x7c, 0xdf, 0xcc, 0x4f, 0xdd,
    0xdd, 0xde, 0xc0, 0x3, 0x4b, 0xd4, 0x43, 0xe1,
    0x11, 0x11, 0x5c, 0x0, 0x0, 0xee, 0x70, 0x3f,
    0xcc, 0xcc, 0xcd, 0xc0, 0x0, 0x4d, 0xdc, 0x92,
    0x93, 0x3b, 0x36, 0xb2, 0x0, 0xc, 0x7d, 0x18,
    0x0, 0x2, 0xf0, 0x8, 0x70, 0x5, 0xd3, 0xd0,
    0x2e, 0xee, 0xef, 0xee, 0xee, 0x90, 0xb4, 0x3d,
    0x0, 0x11, 0x1c, 0xbc, 0x11, 0x10, 0x3, 0x3,
    0xd0, 0x0, 0x9, 0xd0, 0x9b, 0x10, 0x0, 0x0,
    0x3d, 0x2, 0x7e, 0xd1, 0x0, 0x9f, 0x94, 0x0,
    0x3, 0xd0, 0xbd, 0x60, 0x0, 0x0, 0x4b, 0x80,
    0x0, 0x0, 0x0, 0x0, 0x0, 0x0, 0x0, 0x0,
    0x0,

    /* U+7CE8 "糨" */
    0x0, 0x31, 0x0, 0x0, 0x0, 0x0, 0x0, 0x0,
    0x0, 0xb3, 0x1, 0x22, 0x3, 0x33, 0x33, 0x30,
    0x52, 0xb3, 0x6b, 0xef, 0x5d, 0xcc, 0xcc, 0xd0,
    0x67, 0xb3, 0xd0, 0x9, 0x5d, 0x10, 0x1, 0xd0,
    0x3a, 0xb6, 0xb0, 0x9, 0x5d, 0x43, 0x34, 0xd0,
    0x2, 0xb4, 0x26, 0xce, 0x5d, 0xab, 0xea, 0xd0,
    0xae, 0xff, 0xe9, 0x7a, 0x52, 0x3, 0xd0, 0x20,
    0x2, 0xf4, 0x1b, 0x42, 0x2c, 0xcc, 0xfc, 0xc2,
    0x5, 0xf4, 0xd, 0x30, 0x1e, 0x79, 0xe7, 0xe2,
    0xa, 0xfe, 0x5e, 0xff, 0x5d, 0x3, 0xd0, 0xc2,
    0x2e, 0xb5, 0xe2, 0xd, 0x4d, 0x3, 0xd0, 0xc2,
    0x98, 0xb3, 0x20, 0xe, 0x3f, 0xff, 0xff, 0xf2,
    0xa1, 0xb3, 0x0, 0xf, 0x25, 0x3, 0xd2, 0x50,
    0x10, 0xb3, 0x0, 0xf, 0x0, 0x3, 0xd1, 0xd0,
    0x0, 0xb3, 0x23, 0x7d, 0x6c, 0xdd, 0xff, 0xf4,
    0x0, 0xb3, 0x4f, 0xe5, 0x48, 0x63, 0x20, 0x6a,
    0x0, 0x0, 0x0, 0x0, 0x0, 0x0, 0x0, 0x0,

    /* U+7CF8 "糸" */
    0x0, 0x0, 0x0, 0x0, 0x0, 0x0, 0x0, 0x0,
    0x0, 0x0, 0x0, 0x7e, 0x30, 0x0, 0x0, 0x0,
    0x0, 0x0, 0x9, 0xf5, 0x0, 0x2, 0x91, 0x0,
    0x0, 0x1, 0xcd, 0x20, 0x0, 0x5f, 0xc1, 0x0,
    0x0, 0x7e, 0xc4, 0x44, 0x49, 0xf7, 0x0, 0x0,
    0x1, 0xff, 0xed, 0xde, 0xfd, 0x30, 0x0, 0x0,
    0x0, 0x20, 0x0, 0x9f, 0x80, 0x8, 0x10, 0x0,
    0x0, 0x0, 0x5e, 0xc3, 0x0, 0xb, 0xd1, 0x0,
    0x0, 0x2b, 0xf7, 0x0, 0x0, 0x13, 0xec, 0x0,
    0x4, 0xff, 0xed, 0xef, 0xff, 0xfe, 0xde, 0xc0,
    0x0, 0x86, 0x54, 0x36, 0xe0, 0x0, 0x2, 0xe3,
    0x0, 0x0, 0x50, 0x5, 0xe0, 0x3, 0x0, 0x0,
    0x0, 0x1b, 0xf3, 0x5, 0xe0, 0x2f, 0xb2, 0x0,
    0x5, 0xed, 0x20, 0x5, 0xe0, 0x2, 0xbf, 0x70,
    0x5f, 0x80, 0x3, 0x3a, 0xe0, 0x0, 0x6, 0xf5,
    0x2, 0x0, 0xf, 0xff, 0x70, 0x0, 0x0, 0x10,

    /* U+7D77 "絷" */
    0x0, 0x1, 0x10, 0x0, 0x3, 0x0, 0x0, 0x0,
    0x0, 0x8, 0x80, 0x0, 0xf, 0x0, 0x0, 0x0,
    0x1e, 0xef, 0xfe, 0x7a, 0xdf, 0xdd, 0xd3, 0x0,
    0x0, 0x8, 0x80, 0x1, 0x3f, 0x0, 0xc4, 0x0,
    0x17, 0x9d, 0xee, 0x8d, 0xcb, 0x0, 0xb4, 0x13,
    0x9, 0x7b, 0x91, 0x3, 0xff, 0x81, 0xa6, 0x5a,
    0x1, 0x1a, 0x70, 0x3f, 0x62, 0xb2, 0x6c, 0xb7,
    0x8, 0xed, 0x25, 0xb4, 0x0, 0x0, 0x9, 0xa1,
    0x0, 0x3, 0xbb, 0x30, 0x12, 0x8f, 0x40, 0x0,
    0x0, 0x5f, 0xfd, 0xdf, 0xfc, 0x74, 0x0, 0x0,
    0x0, 0x2, 0x59, 0xb7, 0x20, 0x9, 0xd2, 0x0,
    0x0, 0xcf, 0xfc, 0xbc, 0xcd, 0xee, 0xee, 0x40,
    0x0, 0x56, 0x74, 0x35, 0xf1, 0x11, 0x6, 0x90,
    0x0, 0x1a, 0xf2, 0x3, 0xf0, 0x6f, 0xa2, 0x0,
    0x19, 0xfa, 0x22, 0x18, 0xe0, 0x3, 0xbf, 0xb1,
    0x9, 0x30, 0xe, 0xff, 0x70, 0x0, 0x3, 0x80,
    0x0, 0x0, 0x0, 0x0, 0x0, 0x0, 0x0, 0x0,

    /* U+7DA6 "綦" */
    0x0, 0x1, 0x40, 0x0, 0x0, 0x1, 0x30, 0x0,
    0x0, 0x0, 0x5c, 0x0, 0x0, 0x0, 0x5b, 0x0,
    0x0, 0xc, 0xde, 0xfd, 0xdd, 0xdd, 0xde, 0xfd,
    0xd5, 0x0, 0x0, 0x5c, 0x11, 0x11, 0x11, 0x6b,
    0x0, 0x0, 0x0, 0x5, 0xfb, 0xbb, 0xbb, 0xbd,
    0xb0, 0x0, 0x0, 0x0, 0x5e, 0x77, 0x77, 0x77,
    0xab, 0x0, 0x0, 0x0, 0x5, 0xd5, 0x55, 0x55,
    0x58, 0xb0, 0x0, 0x4, 0xdd, 0xef, 0xdd, 0xdd,
    0xdd, 0xef, 0xdd, 0xb0, 0x0, 0x3, 0xd5, 0x2a,
    0x20, 0x1c, 0x80, 0x0, 0x0, 0x7, 0xe7, 0x9c,
    0x53, 0x6c, 0x2b, 0xd5, 0x0, 0x3e, 0xa1, 0x8c,
    0xae, 0xfa, 0x42, 0x5, 0xdb, 0x0, 0x30, 0x1,
    0x7c, 0x81, 0x4, 0xe5, 0x0, 0x10, 0x0, 0xa,
    0xff, 0xcd, 0xdd, 0xdc, 0xe8, 0x0, 0x0, 0x0,
    0x29, 0x70, 0x2e, 0x4, 0x41, 0x60, 0x0, 0x0,
    0x5d, 0xb3, 0x5, 0xe0, 0x5d, 0xd6, 0x0, 0x0,
    0x4c, 0x30, 0x8f, 0xf7, 0x0, 0x4, 0xc8, 0x0,
    0x0, 0x0, 0x0, 0x0, 0x0, 0x0, 0x0, 0x0,
    0x0,

    /* U+7DAE "綮" */
    0x0, 0x0, 0x40, 0x0, 0x0, 0x20, 0x0, 0x0,
    0x0, 0x1, 0xe6, 0x0, 0x0, 0xe4, 0x0, 0x0,
    0x2, 0xee, 0xff, 0xed, 0x5, 0xfd, 0xdd, 0xda,
    0x3, 0xe0, 0x0, 0x2e, 0x1e, 0xc0, 0xd, 0x30,
    0x3, 0xe0, 0x0, 0x2e, 0x99, 0xc5, 0x4d, 0x0,
    0x5, 0xfe, 0xee, 0xee, 0x10, 0x3f, 0xe3, 0x0,
    0xa, 0x90, 0x0, 0x27, 0x16, 0xbd, 0xcc, 0x63,
    0x2f, 0x30, 0x7, 0xe7, 0x9a, 0x42, 0x14, 0x97,
    0x79, 0x28, 0xeb, 0x55, 0x67, 0xbe, 0x60, 0x0,
    0x0, 0x1d, 0xca, 0xbf, 0xfb, 0x55, 0x40, 0x0,
    0x0, 0x1, 0x5b, 0xc7, 0x10, 0x4, 0xf6, 0x0,
    0x0, 0xcf, 0xfc, 0xbc, 0xcd, 0xee, 0xef, 0x80,
    0x0, 0x57, 0x64, 0x32, 0xf4, 0x1, 0x3, 0xb0,
    0x0, 0x7, 0xf5, 0x0, 0xf3, 0x2f, 0xa3, 0x0,
    0x7, 0xed, 0x42, 0x14, 0xf2, 0x2, 0xaf, 0xb2,
    0xa, 0x50, 0xb, 0xff, 0xa0, 0x0, 0x2, 0x91,
    0x0, 0x0, 0x0, 0x0, 0x0, 0x0, 0x0, 0x0,

    /* U+7E3B "縻" */
    0x0, 0x0, 0x0, 0x0, 0x20, 0x0, 0x0, 0x0,
    0x0, 0x0, 0x0, 0x0, 0xd8, 0x0, 0x0, 0x0,
    0x1, 0x99, 0x99, 0x99, 0xbc, 0x99, 0x99, 0x96,
    0x2, 0xf7, 0x77, 0xc7, 0x77, 0x77, 0xb7, 0x75,
    0x2, 0xe2, 0x44, 0xf4, 0x41, 0x34, 0xf3, 0x31,
    0x2, 0xe5, 0xad, 0xfa, 0xa4, 0xaf, 0xfd, 0xa3,
    0x2, 0xe0, 0x4c, 0xfc, 0x50, 0x99, 0xea, 0x50,
    0x2, 0xe7, 0xd1, 0xf1, 0x7c, 0xa1, 0xe1, 0xc9,
    0x3, 0xe4, 0x10, 0x7c, 0x74, 0x1, 0x20, 0x2,
    0x3, 0xd0, 0x4b, 0xb5, 0x45, 0x8e, 0x30, 0x0,
    0x4, 0xd0, 0xab, 0xad, 0xfb, 0x50, 0x93, 0x0,
    0x6, 0xb0, 0x38, 0xb8, 0x33, 0x46, 0xcf, 0x30,
    0x9, 0x93, 0xfe, 0xdc, 0xbf, 0x98, 0x78, 0xf1,
    0xd, 0x40, 0x15, 0xb2, 0x1f, 0x13, 0xa4, 0x20,
    0x5e, 0x1a, 0xeb, 0x51, 0x5f, 0x0, 0x6c, 0xe8,
    0x26, 0x5, 0x12, 0xff, 0xf8, 0x0, 0x0, 0x24,
    0x0, 0x0, 0x0, 0x0, 0x0, 0x0, 0x0, 0x0,

    /* U+7E47 "繇" */
    0x1, 0x23, 0x46, 0x77, 0x24, 0x45, 0x67, 0x83,
    0x3f, 0xed, 0xca, 0x97, 0x8d, 0xce, 0xc9, 0x84,
    0x5, 0x5, 0x80, 0x3c, 0x0, 0x3f, 0x40, 0x0,
    0xb, 0x61, 0xf0, 0xc7, 0x2, 0xe4, 0x3, 0x60,
    0x3, 0x80, 0x64, 0xd0, 0x3e, 0x52, 0x3e, 0x80,
    0x1, 0xe1, 0x11, 0x10, 0xaf, 0xee, 0xf7, 0x0,
    0x9, 0xff, 0xff, 0xf8, 0x10, 0x2d, 0x77, 0x0,
    0x3e, 0x10, 0xf0, 0x0, 0x3, 0xd5, 0xa, 0x90,
    0x15, 0x0, 0xf1, 0x0, 0x6f, 0xa7, 0x8a, 0xf4,
    0x4f, 0xff, 0xff, 0xfe, 0x6b, 0x9e, 0x96, 0x9b,
    0x1, 0x0, 0xf0, 0x0, 0x4, 0xc, 0x45, 0x0,
    0xc, 0x40, 0xf0, 0x6a, 0x1e, 0x2c, 0x4d, 0x80,
    0xc, 0x40, 0xf0, 0x6a, 0xa8, 0xc, 0x42, 0xf5,
    0xc, 0xee, 0xff, 0xfb, 0xb2, 0x2e, 0x30, 0x66,
    0x1, 0x10, 0x0, 0x6a, 0x9, 0xfc, 0x0, 0x0,
    0x0, 0x0, 0x0, 0x0, 0x0, 0x0, 0x0, 0x0,

    /* U+7E9B "纛" */
    0x0, 0x0, 0x0, 0x0, 0x0, 0x0, 0x0, 0x0,
    0xa, 0xaa, 0xaa, 0xac, 0xda, 0xaa, 0xaa, 0xa1,
    0x0, 0x66, 0x66, 0x6a, 0xb6, 0x66, 0x66, 0x0,
    0x0, 0x66, 0x66, 0x6a, 0xb6, 0x66, 0x66, 0x0,
    0x39, 0x99, 0x99, 0x99, 0x99, 0x99, 0x99, 0x95,
    0x0, 0x2d, 0x99, 0x9d, 0xc9, 0x99, 0xc6, 0x0,
    0x4a, 0xcd, 0xaa, 0xab, 0xda, 0xaa, 0xdc, 0xa5,
    0x0, 0xca, 0x88, 0x9e, 0xb8, 0x88, 0xd4, 0x0,
    0x6, 0xaa, 0xaa, 0xa1, 0x78, 0x9a, 0xbb, 0x30,
    0x9, 0x98, 0x88, 0xd2, 0x48, 0xc4, 0x3a, 0x10,
    0x9, 0x98, 0x88, 0xd2, 0xbe, 0x99, 0xd5, 0x0,
    0x9, 0x86, 0x66, 0xd2, 0x35, 0xd7, 0xb, 0x50,
    0x9, 0x86, 0x66, 0xd2, 0x9f, 0xa9, 0xac, 0xf2,
    0x5a, 0xda, 0xfb, 0xa9, 0x67, 0x4e, 0x33, 0x53,
    0x3b, 0xb2, 0xe5, 0xd5, 0xad, 0x2e, 0x2c, 0xa2,
    0x34, 0xbf, 0x90, 0x18, 0x78, 0xfb, 0x0, 0x64,
    0x0, 0x0, 0x0, 0x0, 0x0, 0x0, 0x0, 0x0,

    /* U+7F36 "缶" */
    0x0, 0x1, 0x10, 0x0, 0x0, 0x0, 0x0, 0x0,
    0x0, 0x9, 0xb0, 0x0, 0x0, 0x0, 0x0, 0x0,
    0x0, 0xf, 0x61, 0x11, 0x11, 0x11, 0x11, 0x0,
    0x0, 0x7f, 0xff, 0xff, 0xff, 0xff, 0xff, 0x80,
    0x1, 0xf6, 0x11, 0x17, 0xd1, 0x11, 0x11, 0x0,
    0x8, 0xd0, 0x0, 0x6, 0xd0, 0x0, 0x0, 0x0,
    0x0, 0x20, 0x0, 0x6, 0xd0, 0x0, 0x0, 0x0,
    0x12, 0x22, 0x22, 0x28, 0xd2, 0x22, 0x22, 0x22,
    0x6f, 0xff, 0xff, 0xff, 0xff, 0xff, 0xff, 0xfe,
    0x0, 0x31, 0x0, 0x6, 0xd0, 0x0, 0x3, 0x10,
    0x0, 0xd6, 0x0, 0x6, 0xd0, 0x0, 0xf, 0x40,
    0x0, 0xd6, 0x0, 0x6, 0xd0, 0x0, 0xf, 0x40,
    0x0, 0xd6, 0x0, 0x6, 0xd0, 0x0, 0xf, 0x40,
    0x0, 0xd7, 0x22, 0x27, 0xd2, 0x22, 0x2f, 0x40,
    0x0, 0xdf, 0xff, 0xff, 0xff, 0xff, 0xff, 0x40,
    0x0, 0x0, 0x0, 0x0, 0x0, 0x0, 0xf, 0x40,

    /* U+7F42 "罂" */
    0x4, 0xdd, 0xdd, 0xd8, 0xd, 0xdd, 0xdd, 0xd1,
    0x5, 0xc3, 0x33, 0x8a, 0xf, 0x33, 0x33, 0xf1,
    0x5, 0xc0, 0xd2, 0x7a, 0xf, 0x17, 0x80, 0xf1,
    0x5, 0xc0, 0xe1, 0x7a, 0xf, 0x19, 0x70, 0xf1,
    0x4, 0xb2, 0xf1, 0x69, 0xf, 0xc, 0x60, 0xf1,
    0x0, 0xb, 0xde, 0x50, 0x0, 0x8e, 0xe8, 0x0,
    0x17, 0xea, 0x35, 0xe7, 0x8e, 0xc2, 0x2c, 0xd3,
    0x1d, 0x53, 0xf3, 0x10, 0x65, 0x0, 0x0, 0x86,
    0x0, 0x2e, 0xff, 0xff, 0xff, 0xff, 0xff, 0x0,
    0x0, 0xd7, 0x0, 0x6, 0xc0, 0x0, 0x0, 0x0,
    0x4d, 0xdd, 0xdd, 0xde, 0xfd, 0xdd, 0xdd, 0xda,
    0x13, 0x33, 0x33, 0x38, 0xd3, 0x33, 0x33, 0x32,
    0x0, 0x65, 0x0, 0x6, 0xc0, 0x0, 0x1b, 0x0,
    0x0, 0x98, 0x0, 0x6, 0xc0, 0x0, 0x2f, 0x0,
    0x0, 0x9f, 0xff, 0xff, 0xff, 0xff, 0xff, 0x0,

    /* U+7F44 "罄" */
    0x0, 0x0, 0x31, 0x0, 0x0, 0x0, 0x0, 0x0,
    0x0, 0x0, 0xa, 0x60, 0x0, 0x19, 0x99, 0x92,
    0x0, 0x4d, 0xdd, 0xfe, 0xdd, 0xc3, 0xe6, 0x6d,
    0x40, 0x0, 0x35, 0x5c, 0x95, 0x52, 0xa9, 0x0,
    0xaa, 0x70, 0x5, 0x66, 0x66, 0x66, 0x4a, 0x33,
    0x34, 0x74, 0x0, 0x5d, 0xdd, 0xdd, 0xd3, 0xce,
    0xaa, 0xcf, 0x0, 0x6, 0x90, 0x96, 0xc, 0x31,
    0xd5, 0x4e, 0x40, 0x0, 0x6e, 0xbd, 0xdb, 0xf3,
    0x5, 0xff, 0x60, 0x0, 0x8, 0x72, 0x44, 0x22,
    0x7d, 0xe6, 0x6e, 0xea, 0x0, 0xd2, 0xe, 0x50,
    0x4, 0x60, 0x0, 0x5, 0x60, 0x5b, 0xa, 0xfe,
    0xee, 0xfe, 0xee, 0xe7, 0x0, 0x0, 0x0, 0x91,
    0x0, 0x4d, 0x0, 0x0, 0x0, 0x0, 0x5e, 0xee,
    0xee, 0xef, 0xfe, 0xee, 0xee, 0xed, 0x0, 0x1,
    0x40, 0x0, 0x4d, 0x0, 0x0, 0x50, 0x0, 0x0,
    0x5c, 0x0, 0x4, 0xd0, 0x0, 0x2f, 0x0, 0x0,
    0x5, 0xfe, 0xee, 0xff, 0xee, 0xee, 0xf0, 0x0,

    /* U+7F45 "罅" */
    0x0, 0x50, 0x0, 0x0, 0x0, 0x70, 0x0, 0x0,
    0x3, 0xe0, 0x0, 0x0, 0x1, 0xfa, 0xaa, 0xa1,
    0x8, 0x91, 0x10, 0x0, 0x1, 0xf3, 0x33, 0x30,
    0xe, 0xef, 0xea, 0x4d, 0xdd, 0xfd, 0xdd, 0xd8,
    0x5c, 0x3c, 0x0, 0x5c, 0x11, 0x71, 0x11, 0x98,
    0x95, 0x3c, 0x0, 0x5b, 0x69, 0xfb, 0xca, 0x21,
    0x11, 0x4c, 0x0, 0x5b, 0x88, 0xf4, 0x21, 0xc4,
    0x8e, 0xff, 0xee, 0x5b, 0x0, 0xdb, 0xab, 0xe1,
    0x1, 0x3c, 0x1, 0x5b, 0x0, 0x25, 0x67, 0x50,
    0x2c, 0x3c, 0x4b, 0x5b, 0xbe, 0xde, 0xca, 0xa0,
    0x2c, 0x3c, 0x4b, 0x6a, 0x1c, 0xa, 0x54, 0xc0,
    0x2c, 0x3c, 0x4b, 0x79, 0x9, 0x2a, 0x59, 0x40,
    0x2c, 0x3c, 0x4b, 0x99, 0xff, 0xff, 0xff, 0xf9,
    0x2c, 0x4c, 0x7b, 0xb5, 0x0, 0xa, 0x50, 0x0,
    0x2d, 0xcb, 0xcb, 0xf2, 0x2, 0x1c, 0x40, 0x0,
    0x0, 0x0, 0x5, 0xd0, 0xd, 0xfc, 0x0, 0x0,
    0x0, 0x0, 0x0, 0x10, 0x0, 0x0, 0x0, 0x0,

    /* U+7F9D "羝" */
    0x0, 0x0, 0x0, 0x0, 0x0, 0x0, 0x0, 0x0,
    0x6a, 0x0, 0x2e, 0x0, 0x1, 0x23, 0x57, 0x80,
    0x1f, 0x30, 0x99, 0x4f, 0xff, 0xff, 0xdb, 0xa1,
    0x18, 0x73, 0xf3, 0x4e, 0x10, 0x5c, 0x0, 0x0,
    0xcf, 0xff, 0xff, 0x5e, 0x0, 0x4d, 0x0, 0x0,
    0x0, 0x5c, 0x0, 0x4e, 0x0, 0x4d, 0x0, 0x0,
    0x12, 0x7c, 0x21, 0x4e, 0x22, 0x5e, 0x22, 0x21,
    0x6e, 0xef, 0xea, 0x4f, 0xff, 0xff, 0xff, 0xf7,
    0x0, 0x5b, 0x0, 0x4e, 0x0, 0x1f, 0x0, 0x0,
    0x11, 0x7b, 0x11, 0x4e, 0x0, 0xf, 0x20, 0x0,
    0xef, 0xff, 0xff, 0x5e, 0x0, 0xd, 0x40, 0x0,
    0x0, 0x98, 0x0, 0x4e, 0x0, 0xa, 0x80, 0x0,
    0x0, 0xd5, 0x0, 0x4e, 0x4, 0x96, 0xc0, 0x5a,
    0x4, 0xf0, 0x0, 0x5e, 0xbf, 0x60, 0xf3, 0x7a,
    0x1e, 0x70, 0x0, 0x9f, 0xa2, 0xd2, 0x8d, 0xc8,
    0xbb, 0x0, 0x0, 0x35, 0x0, 0x7d, 0x9, 0xe2,
    0x20, 0x0, 0x0, 0x0, 0x0, 0x2, 0x0, 0x0,

    /* U+7F9F "羟" */
    0x0, 0x0, 0x0, 0x0, 0x0, 0x0, 0x0, 0x0,
    0x0, 0xc4, 0x0, 0xd5, 0x11, 0x11, 0x11, 0x10,
    0x0, 0x7, 0xd0, 0x4e, 0x1a, 0xff, 0xff, 0xff,
    0x60, 0x0, 0x29, 0x2c, 0x81, 0x0, 0x0, 0x5,
    0xf2, 0x0, 0x6e, 0xef, 0xee, 0xd0, 0x0, 0x4,
    0xf5, 0x0, 0x0, 0x0, 0xd4, 0x0, 0x0, 0x5,
    0xfa, 0x0, 0x0, 0x0, 0xd, 0x50, 0x0, 0x19,
    0xf9, 0xea, 0x10, 0x4, 0xff, 0xff, 0xf9, 0x7e,
    0xc2, 0x1, 0xae, 0x60, 0x0, 0xd, 0x40, 0x7c,
    0x50, 0x0, 0x0, 0x58, 0x0, 0x0, 0xe3, 0x0,
    0x5a, 0xaa, 0xaa, 0xa8, 0x0, 0x9f, 0xff, 0xff,
    0xc3, 0x66, 0x9e, 0x66, 0x50, 0x0, 0x4, 0xe0,
    0x0, 0x0, 0x5, 0xd0, 0x0, 0x0, 0x0, 0xa9,
    0x0, 0x0, 0x0, 0x5d, 0x0, 0x0, 0x0, 0x5f,
    0x20, 0x0, 0x0, 0x5, 0xd0, 0x0, 0x0, 0x4f,
    0x60, 0x0, 0x8f, 0xff, 0xff, 0xff, 0xfc, 0x5,
    0x70, 0x0, 0x1, 0x22, 0x22, 0x22, 0x22, 0x10,

    /* U+7FA7 "羧" */
    0x1, 0x0, 0x2, 0x0, 0x1, 0x60, 0x0, 0x0,
    0x4e, 0x0, 0x3f, 0x0, 0xb, 0xc0, 0x0, 0x0,
    0xc, 0x80, 0xa8, 0x0, 0x6e, 0x10, 0xc6, 0x0,
    0x38, 0xa6, 0xf6, 0x4, 0xe3, 0x0, 0x3f, 0x50,
    0x7b, 0xcf, 0xbb, 0x5f, 0xec, 0xde, 0xef, 0xf3,
    0x0, 0x3d, 0x0, 0x19, 0x64, 0x32, 0x21, 0xa5,
    0x1, 0x4d, 0x10, 0x3, 0xd3, 0x0, 0xd8, 0x0,
    0x4f, 0xff, 0xfb, 0x5f, 0x90, 0x0, 0x4e, 0xd3,
    0x0, 0x4d, 0x2, 0xf6, 0x3e, 0x10, 0x0, 0xa6,
    0x11, 0x5d, 0x11, 0x10, 0xef, 0xdd, 0xdd, 0x40,
    0xbf, 0xff, 0xff, 0x1c, 0xf5, 0x33, 0x6f, 0x20,
    0x0, 0x79, 0x0, 0xbc, 0xab, 0x0, 0xc8, 0x0,
    0x0, 0xb6, 0x0, 0x81, 0xd, 0xab, 0xb0, 0x0,
    0x2, 0xf1, 0x0, 0x0, 0x6, 0xff, 0x40, 0x0,
    0xc, 0x90, 0x0, 0x26, 0xdf, 0x79, 0xfb, 0x61,
    0x8c, 0x0, 0x2, 0xfe, 0x81, 0x0, 0x3a, 0xf8,
    0x1, 0x0, 0x0, 0x20, 0x0, 0x0, 0x0, 0x0,

    /* U+7FAF "羯" */
    0x2, 0x0, 0x21, 0x0, 0x0, 0x0, 0x0, 0x0,
    0xf2, 0xa, 0x81, 0xcc, 0xcc, 0xcc, 0xc2, 0xa,
    0x90, 0xf2, 0x1f, 0x44, 0x44, 0x4e, 0x31, 0x57,
    0x6c, 0x21, 0xf2, 0x22, 0x22, 0xe3, 0x9f, 0xff,
    0xff, 0x2f, 0xee, 0xee, 0xef, 0x30, 0x5, 0xc0,
    0x1, 0xf0, 0x0, 0x0, 0xe3, 0x1, 0x6c, 0x11,
    0x1f, 0xee, 0xee, 0xef, 0x35, 0xef, 0xfe, 0xc0,
    0x5a, 0x0, 0x0, 0x0, 0x0, 0x5c, 0x0, 0xe,
    0xdb, 0xbb, 0xbb, 0x91, 0x16, 0xc1, 0x1a, 0xa3,
    0x3b, 0x53, 0x6d, 0xaf, 0xff, 0xff, 0xf7, 0x5,
    0xf6, 0x4, 0xc0, 0x8, 0x80, 0x7, 0xb5, 0xf7,
    0xda, 0x5c, 0x0, 0xc5, 0x0, 0x5b, 0x44, 0x1,
    0x55, 0xb0, 0x3f, 0x0, 0x5, 0xff, 0xff, 0xff,
    0x9a, 0x1d, 0x70, 0x0, 0x0, 0x0, 0x22, 0x3c,
    0x78, 0xc0, 0x0, 0x0, 0x0, 0x9, 0xff, 0xb1,
    0x0, 0x0, 0x0, 0x0, 0x0, 0x0, 0x0, 0x0,

    /* U+7FB0 "羰" */
    0x0, 0x0, 0x0, 0x0, 0x0, 0x20, 0x0, 0x0,
    0x0, 0xc2, 0xc, 0x53, 0x20, 0xe, 0x20, 0x5,
    0x0, 0x7, 0x92, 0xe0, 0x87, 0x0, 0xe2, 0x1,
    0xf0, 0x2, 0x69, 0xab, 0x48, 0xb7, 0x7f, 0x87,
    0x7f, 0x0, 0x4b, 0xcf, 0xba, 0x59, 0x99, 0x99,
    0x9a, 0xf0, 0x0, 0x3, 0xd0, 0x0, 0x1d, 0x0,
    0x0, 0x1, 0x0, 0x1, 0x4d, 0x10, 0x9b, 0xfa,
    0xaa, 0xaa, 0xa6, 0x2, 0xff, 0xff, 0xa6, 0xbc,
    0x77, 0x77, 0x77, 0x40, 0x0, 0x3d, 0x0, 0xa,
    0x60, 0x2f, 0x0, 0x0, 0x0, 0x15, 0xd1, 0x10,
    0xfd, 0x13, 0xe0, 0x3c, 0x0, 0x7f, 0xff, 0xfd,
    0x7a, 0x8b, 0x4d, 0xd, 0x50, 0x0, 0x8, 0x90,
    0x1f, 0x20, 0x79, 0xf3, 0x70, 0x0, 0x0, 0xd5,
    0xc, 0x90, 0x1, 0xea, 0x80, 0x0, 0x0, 0x4f,
    0x4, 0xc0, 0x1, 0xc9, 0x1e, 0x50, 0x0, 0xd,
    0x80, 0x0, 0x6, 0xea, 0x0, 0x3f, 0xa3, 0x6,
    0xc0, 0x0, 0xa, 0xe6, 0x0, 0x0, 0x2b, 0xb0,
    0x0, 0x0, 0x0, 0x10, 0x0, 0x0, 0x0, 0x0,
    0x0,

    /* U+7FB2 "羲" */
    0x0, 0x0, 0x51, 0x0, 0x0, 0x5, 0x0, 0x0,
    0x0, 0x0, 0x7e, 0x50, 0x2, 0xbc, 0x20, 0x0,
    0xa, 0xaa, 0xac, 0xca, 0xab, 0xea, 0xaa, 0xa6,
    0x3, 0x33, 0x33, 0x37, 0xd3, 0x33, 0x33, 0x31,
    0x1, 0xdd, 0xdd, 0xde, 0xfd, 0xdd, 0xdd, 0xa0,
    0x0, 0x0, 0x0, 0x5, 0xc0, 0x0, 0x0, 0x0,
    0x5d, 0xdd, 0xdd, 0xdd, 0xdd, 0xdd, 0xdd, 0xdc,
    0x2, 0x78, 0x99, 0xab, 0x16, 0x90, 0x99, 0x0,
    0x1, 0x43, 0x6d, 0x10, 0x5, 0xb0, 0xa, 0x40,
    0x5d, 0xdd, 0xff, 0xed, 0xdd, 0xfd, 0xdd, 0xdb,
    0x0, 0x5c, 0x9e, 0x9a, 0x40, 0xf0, 0x5, 0xa0,
    0x4e, 0xd5, 0x5a, 0x45, 0x96, 0xc4, 0x7e, 0x30,
    0x14, 0xbc, 0x88, 0x88, 0x10, 0x7e, 0xc1, 0x27,
    0x0, 0x8e, 0xcc, 0xc9, 0x7, 0xef, 0x40, 0x6b,
    0x0, 0x0, 0x0, 0x5b, 0xdc, 0x26, 0xe5, 0xb7,
    0x0, 0x4, 0xff, 0xe4, 0x30, 0x0, 0x6e, 0xd1,

    /* U+7FBF "羿" */
    0x2, 0x22, 0x22, 0x20, 0x22, 0x22, 0x22, 0x10,
    0xe, 0xff, 0xff, 0xf3, 0xdf, 0xff, 0xff, 0x60,
    0x0, 0x80, 0x0, 0xf3, 0x17, 0x0, 0xa, 0x60,
    0x1, 0xcc, 0x10, 0xf3, 0x1d, 0xa0, 0xa, 0x60,
    0x0, 0x8, 0x0, 0xf3, 0x1, 0xa1, 0x1a, 0x60,
    0x0, 0x48, 0xd9, 0xf3, 0x15, 0x9d, 0xfa, 0x60,
    0x3f, 0xe9, 0x40, 0xf3, 0xed, 0x95, 0x1a, 0x60,
    0x3, 0x0, 0x22, 0xf3, 0x10, 0x23, 0xa, 0x60,
    0x0, 0x0, 0xa9, 0x0, 0x0, 0x8c, 0x0, 0x0,
    0x12, 0x22, 0xb9, 0x22, 0x22, 0x9c, 0x22, 0x20,
    0xcf, 0xff, 0xff, 0xff, 0xff, 0xff, 0xff, 0xf4,
    0x0, 0x3, 0xf2, 0x0, 0x0, 0x8c, 0x0, 0x0,
    0x0, 0x1d, 0xb0, 0x0, 0x0, 0x8c, 0x0, 0x0,
    0x4, 0xed, 0x10, 0x0, 0x0, 0x8c, 0x0, 0x0,
    0x1e, 0xa1, 0x0, 0x0, 0x0, 0x8c, 0x0, 0x0,
    0x0, 0x0, 0x0, 0x0, 0x0, 0x0, 0x0, 0x0,

    /* U+7FCE "翎" */
    0x0, 0x1, 0x10, 0x0, 0x0, 0x0, 0x0, 0x0,
    0x0, 0xda, 0x0, 0x22, 0x20, 0x22, 0x22, 0x0,
    0x5f, 0xf4, 0x4f, 0xff, 0x4d, 0xff, 0xe0, 0xc,
    0x96, 0xe1, 0x0, 0xc4, 0x0, 0x2e, 0x6, 0xf2,
    0x9, 0x87, 0xc, 0x47, 0x52, 0xe1, 0xe7, 0xc6,
    0x1, 0xc4, 0xc4, 0x69, 0x2e, 0x7c, 0x4, 0xe1,
    0x8, 0x9c, 0x43, 0xd2, 0xe0, 0x10, 0x4, 0x0,
    0x38, 0xc4, 0x6, 0x2e, 0x1f, 0xff, 0xff, 0xb0,
    0xd, 0x40, 0xb, 0xe0, 0x22, 0x22, 0xb9, 0x1c,
    0xf4, 0x1c, 0xde, 0x0, 0x0, 0x1f, 0x6e, 0xad,
    0x4b, 0xb2, 0xe0, 0x4d, 0x8, 0xb1, 0x70, 0xc4,
    0x10, 0x2e, 0x0, 0xca, 0xf3, 0x0, 0xc, 0x40,
    0x2, 0xe0, 0x2, 0xfc, 0x0, 0x0, 0xc4, 0x0,
    0x2e, 0x0, 0x6, 0xf2, 0x2, 0x2e, 0x32, 0x16,
    0xe0, 0x0, 0xb, 0x83, 0xff, 0xb0, 0x9f, 0xf7,
    0x0, 0x0, 0x0, 0x0, 0x0, 0x0, 0x0, 0x0,

    /* U+7FD5 "翕" */
    0x0, 0x0, 0x0, 0x3, 0x40, 0x0, 0x0, 0x0,
    0x0, 0x0, 0x0, 0x9e, 0xe8, 0x0, 0x0, 0x0,
    0x0, 0x0, 0x6e, 0xa1, 0x1a, 0xd5, 0x0, 0x0,
    0x1, 0x7e, 0xed, 0xaa, 0xaa, 0xed, 0xe8, 0x30,
    0x6f, 0xb4, 0x3, 0x33, 0x33, 0x30, 0x4a, 0xf7,
    0x12, 0xe, 0xee, 0xee, 0xee, 0xee, 0xe0, 0x0,
    0x0, 0xf, 0x10, 0x0, 0x0, 0x1, 0xf0, 0x0,
    0x0, 0xf, 0xdd, 0xdd, 0xdd, 0xdd, 0xf0, 0x0,
    0x0, 0x7, 0x0, 0x0, 0x0, 0x0, 0x70, 0x0,
    0xf, 0xff, 0xff, 0xf6, 0xff, 0xff, 0xff, 0x20,
    0x0, 0x92, 0x0, 0xf2, 0x1a, 0x0, 0xf, 0x30,
    0x0, 0x5e, 0x20, 0xf2, 0x9, 0xc0, 0xf, 0x30,
    0x0, 0x6, 0x75, 0xf2, 0x0, 0x89, 0x7f, 0x30,
    0x5, 0xaf, 0xa2, 0xf3, 0x6c, 0xe8, 0x1f, 0x30,
    0x2d, 0x73, 0x14, 0xf3, 0xb5, 0x21, 0x4f, 0x20,
    0x0, 0xf, 0xff, 0x90, 0x0, 0xff, 0xfa, 0x0,

    /* U+7FE1 "翡" */
    0x0, 0x0, 0x0, 0x30, 0x1, 0x30, 0x0, 0x0,
    0x0, 0x0, 0x4, 0xe0, 0x5, 0xd0, 0x0, 0x0,
    0x2e, 0xee, 0xef, 0xe0, 0x5, 0xfe, 0xee, 0xec,
    0x0, 0x0, 0x3, 0xe0, 0x5, 0xd0, 0x0, 0x0,
    0xb, 0xff, 0xff, 0xe0, 0x5, 0xff, 0xff, 0xf7,
    0x0, 0x0, 0x3, 0xe0, 0x5, 0xd0, 0x0, 0x0,
    0x3e, 0xee, 0xef, 0xe0, 0x5, 0xfe, 0xee, 0xed,
    0x0, 0x0, 0x4, 0xe0, 0x5, 0xd0, 0x0, 0x0,
    0x3, 0x33, 0x33, 0x42, 0x23, 0x43, 0x33, 0x30,
    0x1c, 0xcc, 0xcc, 0xea, 0x7c, 0xcc, 0xcd, 0xe0,
    0x0, 0xa3, 0x0, 0x9a, 0x9, 0x60, 0x4, 0xe0,
    0x0, 0x7f, 0x40, 0x9a, 0x2, 0xe7, 0x4, 0xe0,
    0x0, 0x4, 0x55, 0x9a, 0x0, 0x15, 0x84, 0xe0,
    0x5, 0x9e, 0xe6, 0x9a, 0x4a, 0xee, 0xa4, 0xe0,
    0xd, 0x84, 0x11, 0xc9, 0x78, 0x42, 0x18, 0xd0,
    0x0, 0x6, 0xff, 0xe3, 0x0, 0x2f, 0xff, 0x60,
    0x0, 0x0, 0x0, 0x0, 0x0, 0x0, 0x0, 0x0,

    /* U+7FE5 "翥" */
    0x0, 0x0, 0x0, 0x1, 0x0, 0x0, 0x0, 0x0,
    0x0, 0x0, 0x0, 0x1f, 0x0, 0x0, 0x3, 0x0,
    0x0, 0xbd, 0xdd, 0xdf, 0xdd, 0xd8, 0xcc, 0x10,
    0x23, 0x33, 0x33, 0x4f, 0x34, 0xbf, 0x83, 0x30,
    0x7a, 0xaa, 0xaa, 0xdf, 0xfb, 0xaa, 0xaa, 0xa2,
    0x0, 0x25, 0x9e, 0xfd, 0x87, 0x77, 0x72, 0x0,
    0x8e, 0xcd, 0x94, 0x44, 0x44, 0x44, 0xd4, 0x0,
    0x10, 0x9, 0xec, 0xcc, 0xcc, 0xcc, 0xf4, 0x0,
    0x0, 0x9, 0xa5, 0x55, 0x55, 0x55, 0xd4, 0x0,
    0x0, 0x8, 0xa7, 0x77, 0x77, 0x77, 0xc3, 0x0,
    0xc, 0xdd, 0xdd, 0xd6, 0xdd, 0xdd, 0xdd, 0x50,
    0x1, 0xb5, 0x0, 0x97, 0x49, 0x30, 0x9, 0x60,
    0x0, 0x3c, 0x40, 0x97, 0x6, 0xd2, 0x29, 0x60,
    0x1, 0x59, 0xdc, 0x97, 0x37, 0xbe, 0xa9, 0x60,
    0xe, 0xb7, 0x20, 0xb6, 0xc9, 0x61, 0xb, 0x50,
    0x0, 0xb, 0xff, 0xe2, 0x0, 0x9f, 0xfd, 0x10,
    0x0, 0x0, 0x0, 0x0, 0x0, 0x0, 0x0, 0x0,

    /* U+7FE6 "翦" */
    0x0, 0x0, 0x1, 0x0, 0x0, 0x10, 0x0, 0x0,
    0x0, 0x0, 0x7d, 0x10, 0x0, 0xca, 0x0, 0x0,
    0x39, 0x99, 0x9f, 0xb9, 0x9b, 0xfa, 0x99, 0x98,
    0x14, 0x44, 0x44, 0x44, 0x44, 0x44, 0x47, 0x53,
    0x3, 0xfd, 0xdd, 0xde, 0x80, 0xb5, 0xc, 0x60,
    0x3, 0xe7, 0x77, 0x7c, 0x80, 0xc5, 0xc, 0x60,
    0x3, 0xe5, 0x55, 0x5b, 0x80, 0xc5, 0xc, 0x60,
    0x3, 0xfd, 0xdd, 0xde, 0x80, 0x62, 0xd, 0x60,
    0x3, 0xd0, 0x8, 0x8e, 0x60, 0x7b, 0xbf, 0x30,
    0x1, 0x40, 0x5, 0x75, 0x0, 0x36, 0x63, 0x0,
    0x1e, 0xee, 0xee, 0xf9, 0xee, 0xee, 0xef, 0xb0,
    0x1, 0xc7, 0x10, 0x98, 0x4b, 0x50, 0x8, 0xb0,
    0x0, 0x4b, 0x53, 0x98, 0x6, 0xd4, 0x49, 0xb0,
    0x2, 0x6a, 0xfd, 0x98, 0x37, 0xcf, 0xca, 0xb0,
    0x3f, 0xb8, 0x41, 0xc8, 0xda, 0x73, 0x2b, 0xa0,
    0x0, 0xa, 0xff, 0xd2, 0x0, 0xaf, 0xfe, 0x40,

    /* U+7FE9 "翩" */
    0x0, 0x1, 0x50, 0x0, 0x0, 0x0, 0x0, 0x0,
    0x0, 0x2f, 0x30, 0x4, 0x55, 0x15, 0x55, 0xc,
    0xee, 0xff, 0xec, 0xab, 0xe4, 0xbb, 0xe0, 0xd1,
    0x0, 0x0, 0xb0, 0xb, 0x40, 0x1e, 0xd, 0x10,
    0x0, 0xb, 0x10, 0xb5, 0x31, 0xe0, 0xde, 0xee,
    0xee, 0xdb, 0x3b, 0x5d, 0x1e, 0xd, 0x10, 0x0,
    0x7, 0x77, 0xb4, 0xd2, 0xe0, 0xd2, 0x11, 0x11,
    0x14, 0xbb, 0x4a, 0x6e, 0xe, 0xae, 0xfd, 0xff,
    0x26, 0xb4, 0x22, 0xe0, 0xe9, 0x3d, 0x1c, 0x91,
    0x1d, 0x42, 0xce, 0xe, 0x93, 0xd1, 0xc9, 0x4d,
    0xe9, 0xf9, 0xe0, 0xe9, 0xef, 0xef, 0xfc, 0x5b,
    0x76, 0x1e, 0x2c, 0x93, 0xd1, 0xc9, 0x10, 0xb4,
    0x1, 0xe5, 0x99, 0x3d, 0x1c, 0x91, 0xb, 0x40,
    0x1e, 0xa5, 0x93, 0xd1, 0xca, 0x21, 0xd4, 0x13,
    0xeb, 0x9, 0x35, 0xa, 0xe6, 0xfc, 0xe, 0xf8,
    0x0, 0x10, 0x0, 0x0, 0x0, 0x0, 0x0, 0x0,

    /* U+7FEE "翮" */
    0x2, 0x22, 0x22, 0x22, 0x11, 0x10, 0x11, 0x10,
    0x1d, 0xdd, 0xdd, 0xdb, 0xef, 0xf6, 0xff, 0xf1,
    0x0, 0x0, 0x0, 0x0, 0x0, 0xc3, 0x0, 0xe1,
    0x6, 0xfe, 0xee, 0xf4, 0x30, 0xc3, 0x40, 0xe1,
    0x6, 0x90, 0x0, 0xb4, 0xe1, 0xc3, 0xe0, 0xe1,
    0x6, 0xda, 0xaa, 0xe4, 0x96, 0xc3, 0xb4, 0xe1,
    0x4, 0x84, 0x44, 0x92, 0x59, 0xc3, 0x66, 0xe1,
    0xe, 0xff, 0xff, 0xfc, 0x0, 0xd3, 0x3, 0xf1,
    0xf, 0x34, 0x7, 0x4d, 0xa, 0xf3, 0x4e, 0xf1,
    0xf, 0x1c, 0x2c, 0x2d, 0xba, 0xd6, 0xf4, 0xe1,
    0xf, 0x7b, 0xdc, 0x8d, 0x60, 0xc3, 0x20, 0xe1,
    0xf, 0x23, 0xe3, 0x4d, 0x0, 0xc3, 0x0, 0xe1,
    0xf, 0x0, 0xe0, 0x2d, 0x0, 0xc3, 0x0, 0xe1,
    0xf, 0x0, 0xe0, 0x3d, 0x11, 0xe2, 0x12, 0xf1,
    0xf, 0x0, 0x3c, 0xf8, 0xdf, 0xc0, 0xff, 0xa0,
    0x1, 0x0, 0x1, 0x10, 0x0, 0x0, 0x0, 0x0,

    /* U+7FF3 "翳" */
    0x8, 0x99, 0x99, 0x99, 0x42, 0x99, 0x99, 0x0,
    0xe, 0x47, 0x63, 0x33, 0x15, 0xb3, 0x3f, 0x10,
    0xe, 0x3d, 0xcf, 0xca, 0x3d, 0x50, 0xd, 0xd9,
    0xe, 0x54, 0x1f, 0x11, 0x39, 0x22, 0x23, 0x52,
    0xe, 0x6b, 0xce, 0xbb, 0x4d, 0xdb, 0xbe, 0xd0,
    0xe, 0x48, 0xda, 0xb7, 0x11, 0xd6, 0x9d, 0x20,
    0xe, 0x88, 0x44, 0x49, 0x36, 0xbe, 0xf9, 0x63,
    0x6, 0x77, 0x77, 0x77, 0x58, 0x40, 0x15, 0x84,
    0xc, 0xcc, 0xcc, 0xc6, 0xcc, 0xcc, 0xcc, 0x80,
    0x4, 0xa2, 0x11, 0xb7, 0x78, 0x21, 0x18, 0xb0,
    0x1, 0x9f, 0x20, 0xa7, 0x2c, 0xe1, 0x7, 0xb0,
    0x0, 0x5, 0x76, 0xa7, 0x0, 0x89, 0x87, 0xb0,
    0x19, 0xef, 0xb4, 0xa8, 0xcf, 0xd9, 0x37, 0xb0,
    0x19, 0x42, 0x12, 0xd7, 0x72, 0x12, 0x2b, 0xa0,
    0x0, 0xc, 0xff, 0xd1, 0x0, 0x8f, 0xfe, 0x30,

    /* U+81EC "臬" */
    0x0, 0x0, 0x0, 0x13, 0x0, 0x0, 0x0, 0x0,
    0x0, 0x0, 0x0, 0x8d, 0x0, 0x0, 0x0, 0x0,
    0x0, 0x9f, 0xff, 0xff, 0xff, 0xff, 0xff, 0x10,
    0x0, 0xa9, 0x0, 0x0, 0x0, 0x0, 0x2f, 0x10,
    0x0, 0xae, 0xdd, 0xdd, 0xdd, 0xdd, 0xdf, 0x10,
    0x0, 0xa9, 0x11, 0x11, 0x11, 0x11, 0x2f, 0x10,
    0x0, 0xae, 0xdd, 0xdd, 0xdd, 0xdd, 0xdf, 0x10,
    0x0, 0xa9, 0x22, 0x22, 0x22, 0x22, 0x3f, 0x10,
    0x0, 0xaa, 0x44, 0x44, 0x44, 0x44, 0x5f, 0x10,
    0x0, 0xae, 0xbb, 0xbd, 0xeb, 0xbb, 0xbf, 0x10,
    0x0, 0x0, 0x0, 0x6, 0xc0, 0x0, 0x0, 0x0,
    0x4f, 0xff, 0xff, 0xff, 0xff, 0xff, 0xff, 0xfc,
    0x0, 0x0, 0x1a, 0xc8, 0xca, 0xb2, 0x0, 0x0,
    0x0, 0x17, 0xe8, 0x6, 0xc0, 0x7e, 0xa4, 0x0,
    0x3b, 0xfa, 0x20, 0x6, 0xc0, 0x1, 0x8e, 0xf9,
    0x8, 0x20, 0x0, 0x6, 0xc0, 0x0, 0x0, 0x42,

    /* U+81FE "臾" */
    0x0, 0x0, 0x0, 0x3, 0x50, 0x0, 0x0, 0x0,
    0x0, 0x0, 0x5, 0x66, 0xc0, 0x0, 0x0, 0x0,
    0x0, 0x7b, 0xfe, 0xa7, 0xc9, 0xee, 0xee, 0x20,
    0x2, 0xf7, 0x30, 0x6, 0xb2, 0x33, 0x3f, 0x20,
    0x2, 0xf0, 0x0, 0x7, 0xb0, 0x0, 0xf, 0x20,
    0x2, 0xf2, 0x22, 0x17, 0xb1, 0x22, 0x2f, 0x20,
    0x2, 0xff, 0xff, 0x87, 0xb8, 0xff, 0xff, 0x20,
    0x2, 0xf0, 0x0, 0x8, 0xa0, 0x0, 0xf, 0x20,
    0x2, 0xf0, 0x0, 0x8, 0xa0, 0x0, 0xf, 0x20,
    0x2, 0xf4, 0x44, 0x4b, 0xa4, 0x44, 0x4f, 0x20,
    0x2, 0xfe, 0xee, 0xef, 0xfe, 0xee, 0xef, 0x20,
    0x0, 0x20, 0x0, 0x4d, 0xc4, 0x0, 0x1, 0x0,
    0x0, 0x0, 0x2, 0xe4, 0x3e, 0x30, 0x0, 0x0,
    0x0, 0x0, 0x7e, 0x50, 0x5, 0xf7, 0x10, 0x0,
    0x14, 0x9e, 0xb2, 0x0, 0x0, 0x3c, 0xfb, 0x94,
    0x6e, 0x93, 0x0, 0x0, 0x0, 0x0, 0x48, 0xc2,
    0x0, 0x0, 0x0, 0x0, 0x0, 0x0, 0x0, 0x0,

    /* U+8201 "舁" */
    0x0, 0x0, 0x0, 0x0, 0x0, 0x0, 0x0, 0x0,
    0x0, 0x3, 0x6b, 0xf4, 0x1, 0x11, 0x11, 0x0,
    0x0, 0xee, 0xa6, 0x20, 0x5f, 0xff, 0xff, 0x50,
    0x0, 0xf3, 0x0, 0x0, 0x0, 0x0, 0xe, 0x50,
    0x0, 0xf6, 0x33, 0x31, 0x13, 0x33, 0x3e, 0x50,
    0x0, 0xfe, 0xdd, 0xd6, 0x5d, 0xdd, 0xdf, 0x50,
    0x0, 0xf3, 0x0, 0x0, 0x0, 0x0, 0xe, 0x50,
    0x0, 0xf6, 0x44, 0x44, 0x44, 0x44, 0x4e, 0x50,
    0x0, 0xfd, 0xcc, 0xcc, 0xcc, 0xcc, 0xcf, 0x50,
    0x0, 0x81, 0x64, 0x0, 0x0, 0x7, 0x47, 0x20,
    0x0, 0x0, 0xb7, 0x0, 0x0, 0xc, 0x70, 0x0,
    0x6f, 0xff, 0xff, 0xff, 0xff, 0xff, 0xff, 0xfe,
    0x12, 0x22, 0xf5, 0x22, 0x22, 0x2c, 0x82, 0x22,
    0x0, 0x8, 0xe0, 0x0, 0x0, 0xc, 0x70, 0x0,
    0x0, 0x8f, 0x40, 0x0, 0x0, 0xc, 0x70, 0x0,
    0x6, 0xe4, 0x0, 0x0, 0x0, 0xc, 0x70, 0x0,
    0x0, 0x0, 0x0, 0x0, 0x0, 0x0, 0x0, 0x0,

    /* U+8202 "舂" */
    0x0, 0x0, 0x0, 0x3, 0x40, 0x0, 0x0, 0x0,
    0x0, 0x0, 0x0, 0xa, 0x90, 0x0, 0x0, 0x0,
    0x9, 0xff, 0xff, 0xff, 0xff, 0xff, 0xff, 0x90,
    0x0, 0x0, 0x0, 0x3f, 0x20, 0x0, 0x0, 0x0,
    0x0, 0x8c, 0xcc, 0xdf, 0xcc, 0xcc, 0xca, 0x0,
    0x0, 0x23, 0x34, 0xf6, 0x33, 0x33, 0x32, 0x0,
    0x1, 0x11, 0x18, 0xe1, 0x11, 0x11, 0x11, 0x10,
    0x1f, 0xff, 0xff, 0xff, 0xff, 0xff, 0xff, 0xf1,
    0x0, 0x6, 0xe4, 0x0, 0x0, 0x6c, 0x20, 0x0,
    0x2, 0xbf, 0xbb, 0xe8, 0x7c, 0xce, 0xfa, 0x40,
    0x7f, 0xaf, 0x74, 0x20, 0x12, 0x22, 0xed, 0xf9,
    0x36, 0x2f, 0x0, 0x0, 0x0, 0x0, 0xe4, 0x31,
    0x0, 0x2f, 0xff, 0xf8, 0x7f, 0xff, 0xf4, 0x0,
    0x0, 0x2f, 0x0, 0x0, 0x0, 0x0, 0xe4, 0x0,
    0x0, 0x2f, 0xee, 0xee, 0xee, 0xee, 0xf4, 0x0,
    0x0, 0x2f, 0x0, 0x0, 0x0, 0x0, 0xe4, 0x0,
    0x0, 0x0, 0x0, 0x0, 0x0, 0x0, 0x0, 0x0,

    /* U+8204 "舄" */
    0x0, 0x2, 0x59, 0xd5, 0x14, 0x44, 0x44, 0x0,
    0x2, 0xfd, 0xa7, 0x40, 0x5c, 0xcc, 0xcf, 0x20,
    0x2, 0xf0, 0x0, 0x0, 0x0, 0x0, 0xf, 0x20,
    0x2, 0xff, 0xff, 0xf6, 0x6f, 0xff, 0xff, 0x20,
    0x2, 0xf1, 0x11, 0x10, 0x1, 0x11, 0x1f, 0x20,
    0x2, 0xf0, 0x0, 0x0, 0x0, 0x0, 0xf, 0x20,
    0x2, 0xff, 0xff, 0xff, 0xff, 0xff, 0xff, 0x20,
    0x0, 0xa, 0xb0, 0x0, 0x0, 0x0, 0xd, 0x20,
    0x0, 0x7f, 0xff, 0xff, 0xff, 0xff, 0xff, 0xf1,
    0x8, 0xf4, 0x22, 0x22, 0x32, 0x54, 0x24, 0xf0,
    0x8e, 0x68, 0x29, 0x8, 0x80, 0x8a, 0x3, 0xf0,
    0x11, 0x99, 0xe, 0x22, 0xf2, 0xe, 0x44, 0xe0,
    0x1, 0xf2, 0x9, 0xa0, 0xa8, 0x6, 0x47, 0xc0,
    0x4, 0xa0, 0x2, 0x50, 0x13, 0x43, 0x5e, 0x80,
    0x0, 0x0, 0x0, 0x0, 0x8, 0xff, 0xfa, 0x0,
    0x0, 0x0, 0x0, 0x0, 0x0, 0x0, 0x0, 0x0,

    /* U+8210 "舐" */
    0x1, 0x23, 0x45, 0x0, 0x1, 0x23, 0x56, 0x60,
    0x9f, 0xef, 0xcb, 0x2e, 0xff, 0xff, 0xdb, 0x90,
    0x0, 0x4d, 0x0, 0xe, 0x30, 0x4d, 0x0, 0x0,
    0x0, 0x4d, 0x0, 0xe, 0x20, 0x3e, 0x0, 0x0,
    0x34, 0x7e, 0x44, 0x1e, 0x20, 0x3e, 0x0, 0x0,
    0xbc, 0xdf, 0xcc, 0x5e, 0x20, 0x2f, 0x0, 0x0,
    0x0, 0x4d, 0x0, 0xe, 0xcc, 0xcf, 0xcc, 0xc2,
    0x0, 0x4d, 0x0, 0xe, 0x53, 0x3f, 0x53, 0x30,
    0x5f, 0xff, 0xfd, 0xe, 0x20, 0xe, 0x40, 0x0,
    0x5b, 0x11, 0x3e, 0xe, 0x20, 0xd, 0x60, 0x0,
    0x5b, 0x0, 0x2e, 0xe, 0x20, 0xa, 0x80, 0x10,
    0x5b, 0x0, 0x2e, 0xe, 0x20, 0x7, 0xc0, 0x96,
    0x5b, 0x11, 0x3e, 0xe, 0x24, 0xa6, 0xf1, 0xa4,
    0x5f, 0xff, 0xfe, 0x2f, 0xef, 0x91, 0xcb, 0xe2,
    0x5a, 0x0, 0x2e, 0xc, 0x70, 0x0, 0x2d, 0xc0,

    /* U+8221 "舡" */
    0x0, 0x0, 0x0, 0x0, 0x0, 0x0, 0x0, 0x0,
    0x0, 0x0, 0xe, 0x10, 0x0, 0x0, 0x0, 0x0,
    0x0, 0x0, 0x28, 0xd2, 0x20, 0x67, 0x77, 0x77,
    0x77, 0x0, 0xd, 0xff, 0xff, 0x48, 0xaa, 0xde,
    0xaa, 0xa0, 0x0, 0xd5, 0x20, 0xe4, 0x0, 0x8,
    0xb0, 0x0, 0x0, 0xd, 0x6e, 0xe, 0x40, 0x0,
    0x8b, 0x0, 0x0, 0x0, 0xd5, 0xa6, 0xe4, 0x0,
    0x8, 0xb0, 0x0, 0x0, 0x2d, 0x75, 0x3e, 0x40,
    0x0, 0x8b, 0x0, 0x0, 0xe, 0xff, 0xff, 0xf4,
    0x0, 0x8, 0xb0, 0x0, 0x0, 0xd, 0x50, 0xe,
    0x40, 0x0, 0x8b, 0x0, 0x0, 0x0, 0xd6, 0xd0,
    0xe4, 0x0, 0x8, 0xb0, 0x0, 0x0, 0xe, 0x4c,
    0x4e, 0x40, 0x0, 0x8b, 0x0, 0x0, 0x0, 0xf3,
    0x54, 0xe4, 0x0, 0x8, 0xb0, 0x0, 0x0, 0x4f,
    0x0, 0xe, 0x41, 0x11, 0x9b, 0x11, 0x10, 0xb,
    0xc0, 0x22, 0xf8, 0xff, 0xff, 0xff, 0xff, 0x90,
    0xd5, 0xc, 0xfc, 0x11, 0x11, 0x11, 0x11, 0x10,
    0x1, 0x0, 0x0, 0x0, 0x0, 0x0, 0x0, 0x0,
    0x0,

    /* U+8222 "舢" */
    0x0, 0x0, 0x0, 0x0, 0x0, 0x0, 0x0, 0x0,
    0x0, 0x8, 0x90, 0x0, 0x0, 0xf, 0x0, 0x0,
    0x2, 0xce, 0xdc, 0x30, 0x0, 0xf, 0x10, 0x0,
    0x3, 0xe4, 0x4d, 0x40, 0x0, 0xf, 0x10, 0x0,
    0x3, 0xd6, 0xc, 0x42, 0xb0, 0xf, 0x10, 0xb2,
    0x3, 0xd9, 0x5c, 0x42, 0xe0, 0xf, 0x10, 0xe2,
    0x3, 0xd4, 0x9c, 0x42, 0xe0, 0xf, 0x10, 0xe2,
    0x15, 0xe3, 0x3c, 0x42, 0xe0, 0xf, 0x10, 0xe2,
    0x8d, 0xfd, 0xdf, 0x42, 0xe0, 0xf, 0x10, 0xe2,
    0x3, 0xd4, 0xc, 0x42, 0xe0, 0xf, 0x10, 0xe2,
    0x3, 0xd9, 0x5c, 0x42, 0xe0, 0xf, 0x10, 0xe2,
    0x4, 0xc4, 0xac, 0x42, 0xe0, 0xf, 0x10, 0xe2,
    0x7, 0xa0, 0x3c, 0x42, 0xe0, 0xf, 0x10, 0xe2,
    0xb, 0x70, 0xc, 0x42, 0xe3, 0x3f, 0x33, 0xe2,
    0x2f, 0x20, 0xd, 0x42, 0xff, 0xff, 0xff, 0xf2,
    0x8a, 0xb, 0xfd, 0x10, 0x0, 0x0, 0x0, 0xe2,
    0x0, 0x0, 0x0, 0x0, 0x0, 0x0, 0x0, 0x0,

    /* U+8223 "舣" */
    0x0, 0x0, 0x71, 0x0, 0x0, 0x3, 0x0, 0x0,
    0x0, 0x0, 0xf, 0x0, 0x0, 0x5, 0xd0, 0x0,
    0x0, 0x0, 0x9d, 0xfd, 0xd2, 0x75, 0xd, 0x60,
    0x87, 0x0, 0xb, 0x84, 0x4f, 0x3a, 0x80, 0x6d,
    0xb, 0x70, 0x0, 0xb7, 0xc0, 0xe3, 0x8a, 0x0,
    0x30, 0xd5, 0x0, 0xb, 0x6e, 0x2e, 0x35, 0xd0,
    0x0, 0xf, 0x30, 0x0, 0xb6, 0x96, 0xe3, 0x2f,
    0x0, 0x3, 0xf0, 0x0, 0x1c, 0x72, 0x1e, 0x30,
    0xe4, 0x0, 0x7c, 0x0, 0x1f, 0xff, 0xff, 0xf3,
    0xa, 0x90, 0xd, 0x70, 0x0, 0xc, 0x62, 0xe,
    0x30, 0x4e, 0x3, 0xf1, 0x0, 0x0, 0xd6, 0xf0,
    0xe3, 0x0, 0xe7, 0xca, 0x0, 0x0, 0xe, 0x4b,
    0x5e, 0x30, 0x5, 0xff, 0x20, 0x0, 0x1, 0xf2,
    0x55, 0xe3, 0x0, 0x5f, 0xd1, 0x0, 0x0, 0x5f,
    0x0, 0xe, 0x30, 0x7f, 0x8c, 0xd2, 0x0, 0xb,
    0xb0, 0x33, 0xf6, 0xcf, 0x50, 0xb, 0xf8, 0x0,
    0xd5, 0xd, 0xfc, 0xbb, 0x20, 0x0, 0x6, 0xe2,
    0x1, 0x0, 0x0, 0x0, 0x0, 0x0, 0x0, 0x0,
    0x0,

    /* U+8228 "舨" */
    0x0, 0x7, 0x0, 0x0, 0x0, 0x0, 0x0, 0x0,
    0x0, 0x2e, 0x0, 0x3, 0x45, 0x68, 0xac, 0xc0,
    0xb, 0xde, 0xcc, 0xe, 0xdc, 0xba, 0x97, 0x60,
    0xe, 0x64, 0x5f, 0xe, 0x20, 0x0, 0x0, 0x0,
    0xe, 0x46, 0xf, 0xe, 0x20, 0x0, 0x0, 0x0,
    0xe, 0x4f, 0x1f, 0xe, 0x52, 0x22, 0x22, 0x10,
    0xe, 0x2b, 0x5f, 0xe, 0xef, 0xdd, 0xdf, 0x70,
    0x1e, 0x32, 0x2f, 0xe, 0x4f, 0x0, 0xd, 0x50,
    0xdf, 0xff, 0xff, 0xe, 0x2e, 0x20, 0x1f, 0x10,
    0xe, 0x20, 0xf, 0xf, 0x29, 0x70, 0x6c, 0x0,
    0xe, 0x5b, 0xf, 0xf, 0x14, 0xd0, 0xd5, 0x0,
    0xf, 0x1f, 0x2f, 0x1f, 0x0, 0xdb, 0xd0, 0x0,
    0x1f, 0x9, 0x5f, 0x3e, 0x0, 0x6f, 0x60, 0x0,
    0x4d, 0x0, 0xf, 0x7b, 0x3, 0xfb, 0xf4, 0x0,
    0x99, 0x4, 0x5f, 0xc7, 0x7f, 0x60, 0x7f, 0x90,
    0xc3, 0xc, 0xc7, 0xc6, 0xe4, 0x0, 0x6, 0xd1,
    0x0, 0x0, 0x0, 0x0, 0x10, 0x0, 0x0, 0x0,

    /* U+822B "舫" */
    0x0, 0x1, 0x60, 0x0, 0x0, 0x4, 0x0, 0x0,
    0x0, 0x0, 0x5b, 0x0, 0x0, 0x1, 0xe5, 0x0,
    0x0, 0x0, 0xbe, 0xec, 0xc1, 0x0, 0x5, 0xa0,
    0x0, 0x0, 0xe, 0x64, 0x4f, 0x4e, 0xee, 0xee,
    0xee, 0xe3, 0x0, 0xe5, 0x90, 0xe2, 0x26, 0xe2,
    0x22, 0x22, 0x0, 0xe, 0x3f, 0x1e, 0x20, 0x4d,
    0x0, 0x0, 0x0, 0x0, 0xe2, 0xa4, 0xe2, 0x5,
    0xd0, 0x0, 0x0, 0x0, 0x1e, 0x31, 0x1e, 0x20,
    0x5f, 0xbb, 0xbb, 0x50, 0xd, 0xff, 0xff, 0xf2,
    0x6, 0xd7, 0x77, 0xd7, 0x0, 0xe, 0x20, 0xe,
    0x20, 0x8b, 0x0, 0xb, 0x60, 0x0, 0xe5, 0xb0,
    0xe2, 0xa, 0x90, 0x0, 0xc6, 0x0, 0xf, 0x2f,
    0x2e, 0x20, 0xd6, 0x0, 0xc, 0x50, 0x1, 0xf0,
    0xa5, 0xe2, 0x2f, 0x20, 0x0, 0xd5, 0x0, 0x4d,
    0x0, 0xe, 0x29, 0xd0, 0x0, 0xe, 0x40, 0x9,
    0x90, 0x0, 0xf5, 0xf5, 0x13, 0x26, 0xf2, 0x0,
    0xd3, 0xc, 0xfd, 0xaa, 0x2, 0xff, 0xe7, 0x0,
    0x0, 0x0, 0x11, 0x0, 0x0, 0x0, 0x0, 0x0,
    0x0,

    /* U+822D "舭" */
    0x0, 0x2, 0x0, 0x0, 0x0, 0x0, 0x0, 0x0,
    0x0, 0x2f, 0x0, 0x2, 0xd0, 0xd, 0x40, 0x0,
    0xb, 0xef, 0xee, 0x13, 0xe0, 0xd, 0x40, 0x0,
    0xc, 0x62, 0x2f, 0x13, 0xe0, 0xd, 0x40, 0x40,
    0xc, 0x7b, 0xf, 0x13, 0xe0, 0xd, 0x44, 0xf4,
    0xc, 0x5e, 0x1f, 0x13, 0xe2, 0x2e, 0x6e, 0x80,
    0xc, 0x4b, 0x4f, 0x13, 0xff, 0xff, 0xfa, 0x0,
    0x1c, 0x52, 0x1f, 0x13, 0xe0, 0xd, 0xb0, 0x0,
    0xdf, 0xff, 0xff, 0x13, 0xe0, 0xd, 0x40, 0x0,
    0xc, 0x41, 0xf, 0x13, 0xe0, 0xd, 0x40, 0x0,
    0xd, 0x5e, 0xf, 0x13, 0xe0, 0xd, 0x40, 0x0,
    0xe, 0x2d, 0x3f, 0x13, 0xe0, 0xd, 0x40, 0x63,
    0xf, 0x17, 0x5f, 0x13, 0xe0, 0x2f, 0x40, 0xb6,
    0x3e, 0x0, 0xf, 0x13, 0xe7, 0xff, 0x40, 0xc4,
    0x8a, 0x3, 0x3f, 0x15, 0xfd, 0x3c, 0xa6, 0xf2,
    0xa5, 0xf, 0xfb, 0x7, 0xb0, 0x4, 0xdd, 0x80,
    0x0, 0x0, 0x0, 0x0, 0x0, 0x0, 0x0, 0x0,

    /* U+822F "舯" */
    0x0, 0x2, 0x30, 0x0, 0x0, 0x7, 0x0, 0x0,
    0x0, 0x8, 0x80, 0x0, 0x0, 0xf, 0x10, 0x0,
    0x1, 0x9e, 0xb9, 0x20, 0x0, 0xf, 0x10, 0x0,
    0x3, 0xe8, 0x8e, 0x40, 0x11, 0x1f, 0x31, 0x10,
    0x3, 0xd7, 0x1c, 0x42, 0xff, 0xff, 0xff, 0xf2,
    0x3, 0xd9, 0x6c, 0x42, 0xe0, 0xf, 0x10, 0xe2,
    0x3, 0xd4, 0x9c, 0x42, 0xe0, 0xf, 0x10, 0xe2,
    0x15, 0xe3, 0x3c, 0x42, 0xe0, 0xf, 0x10, 0xe2,
    0x9e, 0xfe, 0xef, 0x42, 0xe0, 0xf, 0x10, 0xe2,
    0x3, 0xd4, 0x1c, 0x42, 0xe2, 0x2f, 0x32, 0xe2,
    0x3, 0xd9, 0x6c, 0x42, 0xfe, 0xef, 0xee, 0xf2,
    0x4, 0xc4, 0xbc, 0x41, 0x60, 0xf, 0x10, 0x61,
    0x7, 0xa0, 0x1c, 0x40, 0x0, 0xf, 0x10, 0x0,
    0xb, 0x60, 0xc, 0x40, 0x0, 0xf, 0x10, 0x0,
    0x3f, 0x11, 0x1d, 0x40, 0x0, 0xf, 0x10, 0x0,
    0x68, 0xa, 0xfc, 0x10, 0x0, 0xf, 0x10, 0x0,
    0x0, 0x0, 0x0, 0x0, 0x0, 0x0, 0x0, 0x0,

    /* U+8233 "舳" */
    0x0, 0x2, 0x0, 0x0, 0x0, 0x30, 0x0, 0x0,
    0x5, 0xd0, 0x0, 0x0, 0xe, 0x30, 0x0, 0x6,
    0xcc, 0x87, 0x0, 0x0, 0xe3, 0x0, 0x0, 0xd9,
    0x88, 0xe0, 0x22, 0x2e, 0x42, 0x22, 0xd, 0x46,
    0x1e, 0xf, 0xff, 0xff, 0xff, 0xe0, 0xd3, 0xe1,
    0xe0, 0xf1, 0xe, 0x30, 0x2e, 0xd, 0x2a, 0x4e,
    0xf, 0x10, 0xe3, 0x2, 0xe3, 0xe5, 0x44, 0xe0,
    0xf1, 0xe, 0x30, 0x2e, 0x9f, 0xcc, 0xce, 0xf,
    0x21, 0xe4, 0x14, 0xe0, 0xd3, 0x41, 0xe0, 0xff,
    0xff, 0xff, 0xfe, 0xe, 0x3e, 0x1e, 0xf, 0x10,
    0xe3, 0x2, 0xe0, 0xe1, 0xc5, 0xe0, 0xf1, 0xe,
    0x30, 0x2e, 0xf, 0x2, 0x2e, 0xf, 0x10, 0xe3,
    0x2, 0xe3, 0xc0, 0x1, 0xe0, 0xf2, 0x1e, 0x41,
    0x4e, 0x88, 0x3, 0x5e, 0xf, 0xff, 0xff, 0xff,
    0xe8, 0x11, 0xdd, 0x60, 0xf1, 0x0, 0x0, 0x2e,
    0x0, 0x0, 0x0, 0x0, 0x0, 0x0, 0x0, 0x0,

    /* U+8234 "舴" */
    0x0, 0x0, 0x61, 0x0, 0x0, 0x51, 0x0, 0x0,
    0x0, 0x0, 0x1f, 0x0, 0x0, 0x3f, 0x30, 0x0,
    0x0, 0x0, 0x8b, 0xfa, 0xa2, 0xa, 0xd0, 0x0,
    0x0, 0x0, 0xc, 0x96, 0x6f, 0x31, 0xff, 0xff,
    0xff, 0xf6, 0x0, 0xc7, 0xb0, 0xe3, 0xbd, 0x6d,
    0x22, 0x22, 0x10, 0xc, 0x5e, 0x1e, 0x8f, 0x45,
    0xd0, 0x0, 0x0, 0x0, 0xc5, 0xa5, 0xec, 0xa0,
    0x5d, 0x0, 0x0, 0x0, 0x1c, 0x62, 0x1e, 0x30,
    0x5, 0xfb, 0xbb, 0xb5, 0x1f, 0xff, 0xff, 0xf3,
    0x0, 0x5e, 0x66, 0x66, 0x20, 0xc, 0x53, 0xe,
    0x30, 0x5, 0xd0, 0x0, 0x0, 0x0, 0xd6, 0xf0,
    0xe3, 0x0, 0x5d, 0x0, 0x0, 0x0, 0xf, 0x3b,
    0x5e, 0x30, 0x5, 0xff, 0xff, 0xfa, 0x1, 0xf1,
    0x42, 0xe3, 0x0, 0x5d, 0x22, 0x22, 0x10, 0x6e,
    0x0, 0xe, 0x30, 0x5, 0xd0, 0x0, 0x0, 0xc,
    0x90, 0x45, 0xf2, 0x0, 0x5d, 0x0, 0x0, 0x0,
    0xb3, 0xc, 0xea, 0x0, 0x5, 0xd0, 0x0, 0x0,
    0x0, 0x0, 0x0, 0x0, 0x0, 0x0, 0x0, 0x0,
    0x0,

    /* U+8238 "舸" */
    0x0, 0x7, 0x10, 0x0, 0x0, 0x0, 0x0, 0x0,
    0x0, 0xf, 0x10, 0x7, 0x77, 0x77, 0x77, 0x76,
    0x9, 0xdf, 0xdd, 0x2a, 0xaa, 0xaa, 0xac, 0xf8,
    0xc, 0x74, 0x4f, 0x20, 0x0, 0x0, 0x4, 0xd0,
    0xc, 0x7b, 0xe, 0x20, 0x0, 0x0, 0x4, 0xd0,
    0xc, 0x5e, 0x1e, 0x22, 0xff, 0xff, 0x4, 0xd0,
    0xc, 0x5a, 0x5e, 0x22, 0xe2, 0x2f, 0x4, 0xd0,
    0x1c, 0x62, 0x1e, 0x22, 0xe0, 0xf, 0x4, 0xd0,
    0xef, 0xff, 0xff, 0x22, 0xe0, 0xf, 0x4, 0xd0,
    0xc, 0x55, 0xe, 0x22, 0xe0, 0xf, 0x4, 0xd0,
    0xd, 0x5e, 0x1e, 0x22, 0xfc, 0xcf, 0x4, 0xd0,
    0xe, 0x3b, 0x6e, 0x22, 0xf4, 0x44, 0x4, 0xd0,
    0xf, 0x13, 0x3e, 0x21, 0x90, 0x0, 0x4, 0xd0,
    0x4e, 0x0, 0xe, 0x20, 0x0, 0x0, 0x4, 0xd0,
    0x9a, 0x3, 0x3f, 0x20, 0x0, 0x44, 0x4b, 0xb0,
    0xb5, 0xe, 0xfb, 0x0, 0x0, 0x9f, 0xfd, 0x30,
    0x0, 0x0, 0x0, 0x0, 0x0, 0x0, 0x0, 0x0,

    /* U+823B "舻" */
    0x0, 0x1, 0x50, 0x0, 0x0, 0x4, 0x0, 0x0,
    0x0, 0x7, 0xb0, 0x0, 0x0, 0x1f, 0x10, 0x0,
    0x3, 0xce, 0xec, 0xa0, 0x0, 0x1f, 0xdd, 0xdd,
    0x4, 0xd4, 0x46, 0xe0, 0x0, 0x1f, 0x44, 0x44,
    0x4, 0xc6, 0x53, 0xe0, 0x0, 0x1f, 0x10, 0x0,
    0x4, 0xc5, 0xd3, 0xe0, 0xef, 0xff, 0xff, 0xf3,
    0x4, 0xc0, 0x94, 0xe0, 0xe5, 0x22, 0x22, 0xe3,
    0x9, 0xe7, 0x78, 0xe0, 0xe3, 0x0, 0x0, 0xe3,
    0x1b, 0xe9, 0x9a, 0xe0, 0xe3, 0x0, 0x0, 0xe3,
    0x4, 0xc1, 0x23, 0xe0, 0xee, 0xdd, 0xdd, 0xf3,
    0x4, 0xc8, 0x93, 0xe0, 0xf5, 0x33, 0x33, 0xf3,
    0x5, 0xb2, 0xf3, 0xe0, 0xf1, 0x0, 0x0, 0x20,
    0x7, 0x90, 0xb5, 0xe2, 0xf0, 0x0, 0x0, 0x0,
    0xa, 0x60, 0x3, 0xe4, 0xc0, 0x0, 0x0, 0x0,
    0xe, 0x20, 0x5, 0xd9, 0x70, 0x0, 0x0, 0x0,
    0x2c, 0x4, 0xff, 0x7e, 0x20, 0x0, 0x0, 0x0,
    0x1, 0x0, 0x0, 0x2, 0x0, 0x0, 0x0, 0x0,

    /* U+823E "舾" */
    0x0, 0x0, 0x0, 0x0, 0x0, 0x0, 0x0, 0x0,
    0x0, 0x0, 0x5a, 0x0, 0x11, 0x11, 0x11, 0x11,
    0x10, 0x0, 0x4a, 0x94, 0xd, 0xff, 0xff, 0xff,
    0xff, 0x30, 0xe, 0xbb, 0xf3, 0x0, 0x1e, 0xc,
    0x40, 0x0, 0x0, 0xe5, 0x1c, 0x30, 0x2, 0xe0,
    0xc4, 0x0, 0x0, 0xe, 0x87, 0xc3, 0x9f, 0xff,
    0xff, 0xff, 0xc0, 0x0, 0xe3, 0xac, 0x39, 0x62,
    0xe0, 0xc4, 0x3c, 0x0, 0x1e, 0x21, 0xc3, 0x96,
    0x3d, 0xc, 0x43, 0xc0, 0x1f, 0xff, 0xff, 0x39,
    0x66, 0xb0, 0xc4, 0x3c, 0x0, 0xe, 0x41, 0xc3,
    0x96, 0xa7, 0xb, 0x74, 0xc0, 0x0, 0xe7, 0x6c,
    0x39, 0x9f, 0x10, 0x6f, 0xfc, 0x0, 0xf, 0x3b,
    0xc3, 0x9d, 0x80, 0x0, 0x4, 0xc0, 0x1, 0xf0,
    0x3c, 0x39, 0x60, 0x0, 0x0, 0x3c, 0x0, 0x5c,
    0x0, 0xc3, 0x96, 0x0, 0x0, 0x3, 0xc0, 0xc,
    0x82, 0x2e, 0x29, 0xff, 0xff, 0xff, 0xfc, 0x0,
    0xc2, 0x7d, 0xa0, 0x97, 0x11, 0x11, 0x14, 0xc0,
    0x0, 0x0, 0x0, 0x0, 0x0, 0x0, 0x0, 0x0,
    0x0,

    /* U+8244 "艄" */
    0x0, 0x4, 0x10, 0x0, 0x0, 0x3, 0x0, 0x0,
    0x0, 0xf, 0x20, 0x7, 0x0, 0x3e, 0x0, 0x70,
    0x3, 0x6f, 0x44, 0x1d, 0x80, 0x3e, 0x4, 0xf2,
    0xc, 0xdc, 0xcf, 0x23, 0xf4, 0x3e, 0xe, 0x60,
    0xc, 0x67, 0xf, 0x20, 0x51, 0x3e, 0x6, 0x0,
    0xc, 0x5e, 0x1f, 0x2c, 0xff, 0xff, 0xff, 0xf0,
    0xc, 0x59, 0x4f, 0x2d, 0x62, 0x22, 0x23, 0xf0,
    0x4d, 0x95, 0x5f, 0x2d, 0x40, 0x0, 0x1, 0xf0,
    0x9e, 0xcb, 0xbf, 0x2d, 0xff, 0xff, 0xff, 0xf0,
    0xc, 0x56, 0xf, 0x2d, 0x62, 0x22, 0x23, 0xf0,
    0xd, 0x4f, 0x1f, 0x2d, 0x40, 0x0, 0x1, 0xf0,
    0xf, 0x2b, 0x6f, 0x2d, 0xff, 0xff, 0xff, 0xf0,
    0x1f, 0x3, 0x2f, 0x2d, 0x62, 0x22, 0x23, 0xf0,
    0x4e, 0x0, 0xf, 0x2d, 0x40, 0x0, 0x1, 0xf0,
    0xaa, 0x3, 0x3f, 0x1d, 0x40, 0x2, 0x26, 0xf0,
    0xa4, 0xf, 0xfb, 0xd, 0x40, 0x8, 0xff, 0xa0,
    0x0, 0x0, 0x0, 0x1, 0x0, 0x0, 0x10, 0x0,

    /* U+8249 "艉" */
    0x0, 0x0, 0x0, 0x0, 0x0, 0x0, 0x0, 0x0,
    0x0, 0x4d, 0x0, 0x2, 0x22, 0x22, 0x22, 0x10,
    0x3, 0xbb, 0x44, 0xf, 0xee, 0xee, 0xee, 0xf0,
    0xd, 0x98, 0x8e, 0xf, 0x0, 0x0, 0x1, 0xf0,
    0xd, 0x48, 0x1e, 0xf, 0xee, 0xee, 0xee, 0xf0,
    0xd, 0x3e, 0x1e, 0xf, 0x11, 0x11, 0x13, 0xf0,
    0xd, 0x2c, 0x5e, 0xf, 0x0, 0x13, 0x69, 0x40,
    0xd, 0x31, 0x2e, 0xf, 0x9f, 0xfd, 0xa7, 0x20,
    0xbf, 0xff, 0xfe, 0x1f, 0x11, 0xd3, 0x0, 0x10,
    0xd, 0x22, 0x1e, 0x1f, 0x47, 0xed, 0xef, 0xa0,
    0xd, 0x4d, 0x1e, 0x1e, 0x79, 0xe7, 0x20, 0x0,
    0xe, 0x1d, 0x4e, 0x3d, 0x0, 0xd7, 0x68, 0xa3,
    0xf, 0x5, 0x3e, 0x4c, 0xcf, 0xfd, 0xa8, 0x61,
    0x2d, 0x0, 0x1e, 0x69, 0x20, 0xd3, 0x0, 0x76,
    0x79, 0x0, 0x2e, 0xa6, 0x0, 0xc6, 0x11, 0xb5,
    0xa3, 0x2f, 0xf9, 0xd2, 0x0, 0x6f, 0xff, 0xd1,
    0x10, 0x1, 0x10, 0x20, 0x0, 0x0, 0x0, 0x0,

    /* U+824B "艋" */
    0x0, 0x16, 0x0, 0x0, 0x0, 0x0, 0x0, 0x0,
    0x0, 0x6d, 0x0, 0x6, 0xaa, 0xaa, 0xaa, 0x50,
    0xb, 0xff, 0xda, 0x3, 0x66, 0x67, 0xee, 0x40,
    0xd, 0x42, 0x5c, 0x0, 0x0, 0x3e, 0xa1, 0x0,
    0xd, 0x56, 0x3c, 0x0, 0x0, 0x88, 0x0, 0x0,
    0xd, 0x4e, 0x4c, 0x7f, 0xff, 0xff, 0xff, 0xf6,
    0xd, 0x2b, 0x6c, 0x1, 0x11, 0x87, 0x11, 0x10,
    0xd, 0x31, 0x4c, 0x0, 0x21, 0xa6, 0x0, 0x0,
    0xaf, 0xee, 0xfc, 0x0, 0xcf, 0xf2, 0x0, 0x0,
    0xd, 0x32, 0x3c, 0x1, 0x23, 0x21, 0x11, 0x10,
    0xd, 0x5d, 0x3c, 0x2f, 0xef, 0xef, 0xfe, 0xe0,
    0xe, 0x1e, 0x6c, 0x2e, 0xf, 0xc, 0x31, 0xe0,
    0xf, 0x6, 0x5c, 0x2e, 0xf, 0xc, 0x31, 0xe0,
    0x2e, 0x0, 0x3c, 0x2e, 0xf, 0xc, 0x31, 0xe0,
    0x6a, 0x0, 0x4c, 0x2e, 0xf, 0xc, 0x31, 0xe0,
    0xa5, 0x4c, 0xe9, 0xff, 0xff, 0xff, 0xff, 0xf9,
    0x20, 0x14, 0x30, 0x0, 0x0, 0x0, 0x0, 0x0,

    /* U+824F "艏" */
    0x0, 0x1, 0x10, 0x0, 0x0, 0x0, 0x2, 0x0,
    0x0, 0x8, 0x90, 0x0, 0x7c, 0x10, 0x1e, 0x40,
    0x1, 0x8d, 0xa8, 0x20, 0x1b, 0x50, 0xb8, 0x0,
    0x3, 0xe7, 0x7e, 0x4f, 0xff, 0xff, 0xff, 0xfb,
    0x3, 0xd7, 0x1c, 0x40, 0x0, 0xd6, 0x0, 0x0,
    0x3, 0xd9, 0x5c, 0x40, 0x44, 0xf6, 0x44, 0x40,
    0x3, 0xd4, 0x9c, 0x42, 0xfc, 0xcc, 0xcc, 0xf2,
    0x48, 0xe7, 0x7d, 0x42, 0xe0, 0x0, 0x0, 0xe2,
    0x38, 0xe6, 0x6d, 0x42, 0xfe, 0xee, 0xee, 0xf2,
    0x3, 0xd8, 0x2c, 0x42, 0xe2, 0x22, 0x22, 0xe2,
    0x3, 0xd7, 0x7c, 0x42, 0xe0, 0x0, 0x0, 0xe2,
    0x5, 0xc3, 0xbc, 0x42, 0xff, 0xff, 0xff, 0xf2,
    0x8, 0xa0, 0xc, 0x42, 0xe1, 0x11, 0x11, 0xe2,
    0xd, 0x60, 0xc, 0x42, 0xe0, 0x0, 0x0, 0xe2,
    0x4f, 0x13, 0x4e, 0x42, 0xff, 0xff, 0xff, 0xf2,
    0x68, 0x8, 0xca, 0x2, 0xe0, 0x0, 0x0, 0xe2,
    0x0, 0x0, 0x0, 0x0, 0x0, 0x0, 0x0, 0x0,

    /* U+825A "艚" */
    0x0, 0x1, 0x10, 0x0, 0x0, 0x40, 0x31, 0x0,
    0x0, 0x0, 0x79, 0x0, 0x0, 0x1e, 0xc, 0x30,
    0x0, 0x0, 0x7d, 0xb8, 0x5f, 0xff, 0xff, 0xff,
    0xff, 0x90, 0xe, 0x87, 0xe2, 0x0, 0x1e, 0xc,
    0x30, 0x0, 0x0, 0xe6, 0x2d, 0x2d, 0xdd, 0xfd,
    0xfe, 0xde, 0x50, 0xe, 0x77, 0xd2, 0xe1, 0x1e,
    0xc, 0x30, 0xa5, 0x0, 0xe3, 0xad, 0x2e, 0xbb,
    0xfb, 0xec, 0xbe, 0x50, 0x1e, 0x21, 0xd2, 0xe4,
    0x4e, 0x3c, 0x63, 0xb5, 0x2f, 0xff, 0xff, 0x2e,
    0x88, 0xf8, 0xea, 0x8d, 0x50, 0xe, 0x51, 0xd2,
    0x94, 0x44, 0x44, 0x44, 0x83, 0x0, 0xe8, 0x6d,
    0x24, 0xee, 0xee, 0xee, 0xeb, 0x0, 0xf, 0x3b,
    0xd2, 0x4c, 0x0, 0x0, 0x4, 0xc0, 0x2, 0xf0,
    0xd, 0x24, 0xfe, 0xee, 0xee, 0xec, 0x0, 0x6c,
    0x0, 0xd2, 0x4c, 0x0, 0x0, 0x4, 0xc0, 0xd,
    0x71, 0xe, 0x14, 0xfb, 0xbb, 0xbb, 0xcc, 0x0,
    0xb1, 0x9f, 0xc0, 0x4d, 0x33, 0x33, 0x36, 0xc0,
    0x0, 0x0, 0x0, 0x0, 0x0, 0x0, 0x0, 0x0,
    0x0,

    /* U+825F "艟" */
    0x0, 0x0, 0x0, 0x0, 0x0, 0x0, 0x0, 0x0,
    0x0, 0x0, 0x69, 0x0, 0x0, 0x1, 0xe1, 0x0,
    0x0, 0x0, 0x4b, 0x84, 0x5, 0xaa, 0xae, 0xca,
    0xaa, 0x10, 0xe, 0xcb, 0xf2, 0x25, 0xd5, 0x55,
    0xb8, 0x50, 0x0, 0xe5, 0x1e, 0x20, 0xb, 0x50,
    0x2e, 0x20, 0x0, 0xe, 0x87, 0xe2, 0xef, 0xff,
    0xff, 0xff, 0xf7, 0x0, 0xe4, 0xbe, 0x20, 0x0,
    0x0, 0x0, 0x0, 0x0, 0x1e, 0x31, 0xe2, 0x4e,
    0xcc, 0xfd, 0xcd, 0xb0, 0x2f, 0xff, 0xff, 0x24,
    0xb1, 0x1d, 0x41, 0x5b, 0x0, 0xe, 0x30, 0xe2,
    0x4e, 0xbb, 0xfc, 0xbc, 0xb0, 0x0, 0xe9, 0x6e,
    0x24, 0xb2, 0x2d, 0x52, 0x6b, 0x0, 0xf, 0x4b,
    0xe2, 0x4e, 0xaa, 0xeb, 0xac, 0xb0, 0x1, 0xf0,
    0x6e, 0x21, 0x22, 0x2d, 0x52, 0x22, 0x0, 0x4d,
    0x0, 0xe2, 0x6c, 0xcc, 0xfc, 0xcc, 0xb0, 0xa,
    0x90, 0xe, 0x20, 0x0, 0xc, 0x30, 0x0, 0x1,
    0xf3, 0x8c, 0xe6, 0xee, 0xee, 0xfe, 0xee, 0xe8,
    0x2, 0x2, 0x31, 0x0, 0x0, 0x0, 0x0, 0x0,
    0x0,

    /* U+8268 "艨" */
    0x0, 0x2, 0x30, 0x0, 0x3, 0x10, 0x3, 0x0,
    0x0, 0x0, 0x68, 0x0, 0x0, 0xc5, 0x3, 0xe0,
    0x0, 0x0, 0x9d, 0xca, 0x1e, 0xef, 0xfe, 0xef,
    0xee, 0x60, 0xe, 0x65, 0xe1, 0x0, 0x83, 0x1,
    0xa0, 0x0, 0x0, 0xe7, 0x2e, 0x1c, 0xff, 0xff,
    0xff, 0xff, 0x20, 0xe, 0x97, 0xe1, 0xd3, 0x11,
    0x11, 0x10, 0xe2, 0x0, 0xe4, 0xae, 0x14, 0x1f,
    0xff, 0xff, 0x44, 0x0, 0x1e, 0x21, 0xe1, 0x0,
    0x0, 0x0, 0x0, 0x0, 0x1f, 0xff, 0xff, 0x17,
    0xff, 0xff, 0xff, 0xfc, 0x0, 0xe, 0x10, 0xe1,
    0x3, 0x9f, 0x60, 0x4, 0x20, 0x0, 0xea, 0x3e,
    0x1c, 0xc6, 0xcd, 0x19, 0xe4, 0x0, 0xf, 0x69,
    0xe1, 0x27, 0xe8, 0xbf, 0xd5, 0x0, 0x0, 0xf1,
    0x7e, 0x2d, 0x93, 0xae, 0xe3, 0xc0, 0x0, 0x4c,
    0x0, 0xe1, 0x49, 0xe7, 0x2f, 0xb, 0xa0, 0xa,
    0x80, 0xf, 0x5e, 0x72, 0x16, 0xf0, 0xc, 0x50,
    0xd2, 0xbf, 0xa0, 0x0, 0xaf, 0xe6, 0x0, 0x0,
    0x0, 0x0, 0x0, 0x0, 0x0, 0x0, 0x0, 0x0,
    0x0,

    /* U+826E "艮" */
    0x3, 0x44, 0x44, 0x44, 0x44, 0x44, 0x30, 0x0,
    0xfe, 0xee, 0xee, 0xee, 0xee, 0xee, 0x0, 0xf,
    0x40, 0x0, 0x0, 0x0, 0x5, 0xe0, 0x0, 0xf5,
    0x22, 0x22, 0x22, 0x22, 0x6e, 0x0, 0xf, 0xff,
    0xff, 0xff, 0xff, 0xff, 0xe0, 0x0, 0xf4, 0x0,
    0x0, 0x0, 0x0, 0x5e, 0x0, 0xf, 0x41, 0x11,
    0x11, 0x11, 0x15, 0xe0, 0x0, 0xff, 0xff, 0xff,
    0xff, 0xff, 0xfe, 0x0, 0xf, 0x51, 0x1b, 0x91,
    0x11, 0x14, 0x92, 0x0, 0xf4, 0x0, 0x3f, 0x20,
    0x0, 0x6e, 0xd0, 0xf, 0x40, 0x0, 0x9d, 0x5,
    0xde, 0x70, 0x0, 0xf4, 0x0, 0x0, 0xbf, 0xe7,
    0x0, 0x0, 0xf, 0x40, 0x27, 0x50, 0xbe, 0x70,
    0x0, 0x1, 0xfa, 0xdf, 0xc5, 0x0, 0x6e, 0xfa,
    0x52, 0x6f, 0xc7, 0x10, 0x0, 0x0, 0x6, 0xcf,
    0xa0, 0x40, 0x0, 0x0, 0x0, 0x0, 0x0, 0x10,

    /* U+87AC "螬" */
    0x0, 0x2, 0x0, 0x0, 0x4, 0x1, 0x30, 0x0,
    0x0, 0x3d, 0x0, 0x0, 0x1f, 0x3, 0xc0, 0x0,
    0x0, 0x3d, 0x0, 0xff, 0xff, 0xff, 0xff, 0xf8,
    0x4, 0x6e, 0x43, 0x0, 0x1f, 0x3, 0xc0, 0x0,
    0x1f, 0xbf, 0xbb, 0xad, 0xdf, 0xde, 0xfd, 0xe1,
    0x1d, 0x3d, 0x3b, 0xb2, 0x1f, 0x3, 0xc0, 0xe1,
    0x1d, 0x3d, 0x3b, 0xbd, 0xdf, 0xdd, 0xfd, 0xf1,
    0x1d, 0x3d, 0x3b, 0xb2, 0x1f, 0x3, 0xc0, 0xe1,
    0x1e, 0x7e, 0x7b, 0xbc, 0xcf, 0xcc, 0xfc, 0xf1,
    0x1f, 0xae, 0x97, 0x73, 0x11, 0x11, 0x11, 0x90,
    0x4, 0x3d, 0x11, 0x1e, 0xee, 0xee, 0xee, 0x50,
    0x0, 0x3d, 0x68, 0x1e, 0x0, 0x0, 0x8, 0x50,
    0x0, 0x3d, 0x2b, 0x1f, 0xee, 0xee, 0xef, 0x50,
    0x5a, 0xcf, 0xfe, 0x1e, 0x0, 0x0, 0x8, 0x50,
    0x46, 0x41, 0xb, 0x4f, 0xbb, 0xbb, 0xbd, 0x50,
    0x0, 0x0, 0x1, 0x1f, 0x33, 0x33, 0x39, 0x50,

    /* U+87B3 "螳" */
    0x0, 0x0, 0x0, 0x0, 0x0, 0x10, 0x0, 0x0,
    0x0, 0x1e, 0x0, 0x8, 0x10, 0xb4, 0x2, 0x90,
    0x0, 0x1e, 0x0, 0x6, 0xe2, 0xb4, 0x4e, 0x80,
    0x3, 0x4e, 0x33, 0x1, 0x74, 0xc5, 0x56, 0x10,
    0x1f, 0xcf, 0xcd, 0x7f, 0xee, 0xee, 0xee, 0xf6,
    0x1d, 0x1e, 0x1d, 0x78, 0x0, 0x0, 0x0, 0x96,
    0x1d, 0x1e, 0x1d, 0x68, 0xff, 0xff, 0xff, 0x95,
    0x1d, 0x1e, 0x1d, 0x1, 0xe0, 0x0, 0xe, 0x10,
    0x1e, 0x6e, 0x5d, 0x1, 0xe0, 0x0, 0xe, 0x10,
    0x1f, 0xbf, 0xb9, 0x1, 0xff, 0xff, 0xff, 0x10,
    0x6, 0x1e, 0x12, 0x0, 0x80, 0xb4, 0x8, 0x0,
    0x0, 0x1e, 0x4b, 0xc, 0xcc, 0xfd, 0xcc, 0xc0,
    0x1, 0x4e, 0x7f, 0x14, 0x44, 0xc7, 0x44, 0x40,
    0xaf, 0xec, 0x9d, 0x50, 0x0, 0xb4, 0x0, 0x0,
    0x21, 0x0, 0x3, 0xee, 0xee, 0xff, 0xee, 0xe9,
    0x0, 0x0, 0x0, 0x11, 0x11, 0x11, 0x11, 0x11,

    /* U+87B5 "螵" */
    0x0, 0x2d, 0x0, 0x33, 0x33, 0x33, 0x33, 0x31,
    0x0, 0x2e, 0x0, 0xac, 0xcf, 0xce, 0xec, 0xc7,
    0x5, 0x6e, 0x54, 0x0, 0x1e, 0x7, 0x80, 0x0,
    0x1f, 0xaf, 0xad, 0x9f, 0xff, 0xff, 0xff, 0xf2,
    0x1d, 0x2e, 0x1d, 0x94, 0x1e, 0x7, 0x80, 0xd3,
    0x1d, 0x2e, 0x1d, 0x94, 0x2e, 0x7, 0x80, 0xd3,
    0x1d, 0x2e, 0x1d, 0x9f, 0xee, 0xee, 0xee, 0xf3,
    0x1e, 0x8f, 0x8d, 0x21, 0x0, 0x0, 0x0, 0x40,
    0x1e, 0x9f, 0x87, 0xe, 0xff, 0xff, 0xff, 0x60,
    0x3, 0x2e, 0x0, 0x0, 0x0, 0x0, 0x0, 0x0,
    0x0, 0x2e, 0x48, 0xcf, 0xff, 0xff, 0xff, 0xf9,
    0x0, 0x2e, 0x5b, 0x1, 0x30, 0xb6, 0x22, 0x0,
    0x7d, 0xff, 0xed, 0x2c, 0xb0, 0xb6, 0x7e, 0x50,
    0x35, 0x20, 0xa, 0xf8, 0x21, 0xd5, 0x5, 0xe7,
    0x0, 0x0, 0x0, 0x20, 0xef, 0xd1, 0x0, 0x11,
    0x0, 0x0, 0x0, 0x0, 0x0, 0x0, 0x0, 0x0,

    /* U+87BD "螽" */
    0x0, 0x0, 0x0, 0x0, 0x0, 0x0, 0x0, 0x0,
    0x0, 0x0, 0x4e, 0x63, 0x33, 0x33, 0x32, 0x0,
    0x0, 0x7, 0xfe, 0xbb, 0xbb, 0xbd, 0xf8, 0x0,
    0x0, 0xcc, 0x4b, 0xa3, 0x16, 0xbb, 0x40, 0x0,
    0x0, 0x22, 0x57, 0xef, 0xef, 0xa6, 0x43, 0x21,
    0x9f, 0xfd, 0xab, 0xc7, 0x45, 0x68, 0xbe, 0xf8,
    0x12, 0x0, 0x12, 0x68, 0xac, 0x90, 0x0, 0x0,
    0x0, 0x0, 0xae, 0xec, 0xa8, 0x63, 0x0, 0x0,
    0x0, 0x1, 0xd0, 0x2, 0x46, 0x9e, 0x10, 0x0,
    0xc, 0xdd, 0xfd, 0xd2, 0xad, 0xdf, 0xdd, 0xc0,
    0xe, 0x11, 0xe0, 0xc3, 0xc3, 0xe, 0x11, 0xe0,
    0xe, 0x11, 0xe0, 0xc3, 0xc3, 0xe, 0x11, 0xe0,
    0xd, 0xdd, 0xfd, 0xd2, 0xcd, 0xdf, 0xdd, 0xb0,
    0x0, 0x1, 0xe4, 0xa0, 0x0, 0xe, 0x16, 0x90,
    0x9c, 0xde, 0xff, 0xf4, 0xbc, 0xdf, 0xef, 0xf3,
    0x45, 0x43, 0x10, 0x65, 0x65, 0x43, 0x10, 0x68,
    0x0, 0x0, 0x0, 0x0, 0x0, 0x0, 0x0, 0x0,

    /* U+87C0 "蟀" */
    0x0, 0x0, 0x0, 0x0, 0x0, 0x0, 0x0, 0x0,
    0x0, 0x2e, 0x0, 0x0, 0x2, 0xe1, 0x0, 0x0,
    0x0, 0x2e, 0x0, 0x36, 0x66, 0xda, 0x66, 0x61,
    0x3, 0x5e, 0x33, 0x5a, 0xab, 0xea, 0xaa, 0xa3,
    0x1f, 0xdf, 0xde, 0x85, 0xa, 0x54, 0x51, 0xa0,
    0x1e, 0x2e, 0x1e, 0x3d, 0x4d, 0x4e, 0x4b, 0x70,
    0x1e, 0x2e, 0x1e, 0x5, 0x5a, 0xe9, 0x6, 0x0,
    0x1e, 0x2e, 0x1e, 0x9, 0x63, 0xd5, 0x1c, 0x20,
    0x1f, 0x8f, 0x8e, 0x4d, 0x1d, 0x29, 0x76, 0xc0,
    0x1f, 0x9f, 0x88, 0xc5, 0xbe, 0xde, 0xe0, 0xb3,
    0x8, 0x2e, 0x2, 0x10, 0x32, 0xb2, 0x81, 0x0,
    0x0, 0x2e, 0x4c, 0x11, 0x11, 0xe4, 0x11, 0x10,
    0x0, 0x2e, 0x1f, 0xae, 0xee, 0xfe, 0xee, 0xe8,
    0x58, 0xaf, 0xdf, 0x30, 0x0, 0xe3, 0x0, 0x0,
    0x67, 0x53, 0x19, 0x50, 0x0, 0xe3, 0x0, 0x0,
    0x0, 0x0, 0x0, 0x0, 0x0, 0xe3, 0x0, 0x0,

    /* U+87CA "蟊" */
    0x0, 0x8b, 0xbb, 0xbb, 0xbb, 0xbb, 0xbb, 0x0,
    0x0, 0x12, 0x7b, 0x42, 0x22, 0x7e, 0xe7, 0x0,
    0x0, 0x0, 0x4b, 0xf9, 0x6d, 0xd6, 0x0, 0x0,
    0x3, 0x33, 0x33, 0x5b, 0xf8, 0x33, 0x33, 0x30,
    0xa, 0xaa, 0xaa, 0xdf, 0xdf, 0xaa, 0xab, 0xf0,
    0x0, 0x25, 0x9d, 0xa4, 0x2f, 0x0, 0xa, 0x80,
    0x1f, 0xeb, 0x80, 0xad, 0xf9, 0x4, 0x17, 0x0,
    0x2, 0x2, 0xd0, 0x12, 0x10, 0xd, 0x30, 0x0,
    0xa, 0xdd, 0xfd, 0xd6, 0x6d, 0xdf, 0xdd, 0xb0,
    0xd, 0x22, 0xd0, 0x78, 0x78, 0xd, 0x32, 0xd0,
    0xd, 0x33, 0xd1, 0x88, 0x78, 0x1d, 0x43, 0xd0,
    0xd, 0xcc, 0xfc, 0xc6, 0x7e, 0xcf, 0xcc, 0xa0,
    0x1, 0x2, 0xd1, 0xd0, 0x11, 0xd, 0x36, 0x80,
    0x8c, 0xde, 0xff, 0xf7, 0x9c, 0xcf, 0xef, 0xf2,
    0x45, 0x43, 0x20, 0x29, 0x45, 0x43, 0x20, 0x67,
    0x0, 0x0, 0x0, 0x0, 0x0, 0x0, 0x0, 0x0,

    /* U+87CB "蟋" */
    0x0, 0x1d, 0x0, 0x0, 0x1, 0x23, 0x45, 0x50,
    0x0, 0x1e, 0x0, 0x5f, 0xff, 0xfd, 0xca, 0x70,
    0x4, 0x5e, 0x43, 0x8, 0x20, 0xc3, 0xa, 0x40,
    0x1f, 0xcf, 0xcd, 0x5, 0xd0, 0xc3, 0x9b, 0x0,
    0x1e, 0x1e, 0x1d, 0x23, 0x73, 0xd6, 0x64, 0x31,
    0x1e, 0x1e, 0x1d, 0x9c, 0xcf, 0xff, 0xdc, 0xc5,
    0x1e, 0x1e, 0x1d, 0x0, 0x9a, 0xc8, 0xd1, 0x0,
    0x1f, 0xff, 0xfd, 0x2b, 0xc0, 0xc3, 0x7d, 0x40,
    0x1e, 0x2e, 0x11, 0xfa, 0x0, 0xc3, 0x6, 0xf6,
    0x3, 0x1e, 0x23, 0x30, 0x5, 0xc1, 0x0, 0x20,
    0x0, 0x1e, 0x4b, 0x13, 0x92, 0xac, 0x11, 0x20,
    0x0, 0x1e, 0x5f, 0x79, 0xe2, 0x5, 0x28, 0xa0,
    0x7c, 0xff, 0xcd, 0xe5, 0xe2, 0x0, 0x99, 0xf2,
    0x45, 0x20, 0x2, 0xe0, 0xe5, 0x1, 0xd5, 0x97,
    0x0, 0x0, 0x0, 0x20, 0x6f, 0xff, 0xb0, 0x0,
    0x0, 0x0, 0x0, 0x0, 0x0, 0x0, 0x0, 0x0,

    /* U+87D1 "蟑" */
    0x0, 0x4, 0x0, 0x0, 0x1, 0x50, 0x0, 0x0,
    0x0, 0x1e, 0x0, 0x0, 0x1, 0xe3, 0x0, 0x0,
    0x0, 0x1e, 0x0, 0x6e, 0xee, 0xfe, 0xee, 0xe5,
    0x8, 0x9f, 0x87, 0x0, 0xc0, 0x0, 0x2c, 0x10,
    0x1f, 0xaf, 0xad, 0x0, 0xa7, 0x0, 0xba, 0x0,
    0x1d, 0x1e, 0x1d, 0xce, 0xee, 0xee, 0xee, 0xeb,
    0x1d, 0x1e, 0x1d, 0x0, 0x0, 0x0, 0x0, 0x0,
    0x1d, 0x1e, 0x1d, 0xf, 0xee, 0xee, 0xee, 0xe0,
    0x1e, 0x7e, 0x6d, 0xf, 0x0, 0x0, 0x1, 0xe0,
    0x1f, 0xaf, 0xa8, 0xf, 0xdd, 0xdd, 0xdd, 0xe0,
    0x3, 0x1e, 0x0, 0xf, 0x0, 0x0, 0x1, 0xe0,
    0x0, 0x1e, 0x26, 0xf, 0xdd, 0xfe, 0xdd, 0xe0,
    0x0, 0x1e, 0x3c, 0x5, 0x0, 0xd3, 0x0, 0x40,
    0x7d, 0xef, 0xff, 0xae, 0xee, 0xfe, 0xee, 0xed,
    0x35, 0x31, 0xb, 0x10, 0x0, 0xd3, 0x0, 0x0,
    0x0, 0x0, 0x0, 0x0, 0x0, 0xd3, 0x0, 0x0,

    /* U+87D3 "蟓" */
    0x0, 0x2, 0x0, 0x0, 0x4, 0x0, 0x0, 0x0,
    0x0, 0x2e, 0x0, 0x0, 0x8d, 0x0, 0x0, 0x0,
    0x0, 0x2e, 0x0, 0x6, 0xfe, 0xee, 0xf5, 0x0,
    0x7, 0x8f, 0x76, 0x3e, 0x30, 0x9, 0xb0, 0x0,
    0x1f, 0x8f, 0x7e, 0x2e, 0xee, 0xef, 0xee, 0xe0,
    0x1e, 0x2e, 0x1e, 0x2e, 0x0, 0xb6, 0x1, 0xf0,
    0x1e, 0x2e, 0x1e, 0x2e, 0x0, 0xf2, 0x1, 0xf0,
    0x1e, 0x2e, 0x1e, 0x1d, 0xff, 0xff, 0xfe, 0xc0,
    0x1e, 0x2e, 0x1e, 0x0, 0x6e, 0xb0, 0x4, 0xd1,
    0x1f, 0xff, 0xfe, 0x3b, 0xa3, 0xf5, 0x9e, 0x50,
    0xa, 0x2e, 0x2, 0xe6, 0x4e, 0x9f, 0xd9, 0x0,
    0x0, 0x2e, 0x13, 0x29, 0xe3, 0x8f, 0x3e, 0x0,
    0x0, 0x2e, 0x4b, 0xba, 0x19, 0xce, 0x3c, 0x60,
    0x1, 0x5f, 0x9f, 0x4, 0xdb, 0xc, 0x34, 0xf3,
    0x9f, 0xeb, 0x8d, 0x5d, 0x71, 0x3f, 0x20, 0x98,
    0x21, 0x0, 0x5, 0x30, 0x8f, 0xe7, 0x0, 0x0,
    0x0, 0x0, 0x0, 0x0, 0x0, 0x0, 0x0, 0x0,

    /* U+87DB "蟛" */
    0x0, 0x2, 0x0, 0x0, 0x20, 0x0, 0x0, 0x0,
    0x0, 0x2, 0xd0, 0x0, 0xf, 0x0, 0x0, 0xa,
    0x10, 0x0, 0x2d, 0x0, 0xce, 0xfe, 0xe1, 0xa,
    0x90, 0x0, 0x68, 0xe6, 0x41, 0x1f, 0x11, 0x7,
    0xd0, 0x0, 0xf, 0xbf, 0xbb, 0x0, 0xf0, 0x8,
    0xd1, 0x0, 0x0, 0xd2, 0xd2, 0xb8, 0xee, 0xea,
    0x72, 0x5, 0x40, 0xd, 0x2d, 0x2b, 0x0, 0x0,
    0x0, 0x2, 0xe4, 0x0, 0xd2, 0xd2, 0xb7, 0xff,
    0xfa, 0x0, 0xc8, 0x0, 0xe, 0x6d, 0x6b, 0x85,
    0x3, 0xb0, 0xcb, 0x0, 0x0, 0xfd, 0xfd, 0x98,
    0x50, 0x4b, 0xbb, 0x0, 0x0, 0x4, 0x2d, 0x0,
    0x8e, 0xee, 0xb2, 0x0, 0x3a, 0x0, 0x2, 0xd4,
    0x92, 0x50, 0x44, 0x0, 0xc, 0x60, 0x0, 0x2d,
    0x1c, 0x2d, 0xb, 0x40, 0x9, 0xb0, 0x3, 0x7a,
    0xfe, 0xe0, 0x82, 0xd3, 0x7, 0xe1, 0x0, 0x5a,
    0x74, 0x1c, 0xac, 0xee, 0xc8, 0xe2, 0x0, 0x0,
    0x0, 0x0, 0x6, 0x41, 0x2, 0xd2, 0x0, 0x0,
    0x0, 0x0, 0x0, 0x0, 0x0, 0x0, 0x0, 0x0,
    0x0,

    /* U+87E0 "蟠" */
    0x0, 0x0, 0x0, 0x0, 0x0, 0x0, 0x0, 0x0,
    0x0, 0x1e, 0x0, 0x12, 0x33, 0x45, 0x67, 0x90,
    0x0, 0x1e, 0x0, 0x7e, 0xdc, 0xfb, 0xa9, 0x81,
    0x4, 0x5e, 0x44, 0x8, 0x60, 0xc3, 0x8, 0xa0,
    0x1f, 0x9f, 0x9d, 0x1, 0xa1, 0xc3, 0x49, 0x0,
    0x1e, 0x1e, 0x1d, 0x9f, 0xff, 0xff, 0xff, 0xfb,
    0x1e, 0x1e, 0x1d, 0x0, 0x2b, 0xeb, 0xa1, 0x0,
    0x1e, 0x1e, 0x1d, 0x3, 0xc1, 0xc3, 0x6e, 0x71,
    0x1e, 0x5e, 0x4d, 0x9a, 0x10, 0xc3, 0x2, 0xbb,
    0x1e, 0x8e, 0x76, 0x2e, 0xee, 0xee, 0xee, 0xd0,
    0x8, 0x1e, 0x0, 0xf, 0x10, 0xd3, 0x1, 0xe0,
    0x0, 0x1e, 0x4a, 0xf, 0x0, 0xd3, 0x1, 0xe0,
    0x0, 0x1e, 0x1e, 0xf, 0xff, 0xff, 0xff, 0xe0,
    0x37, 0x9f, 0xcf, 0x1f, 0x0, 0xd3, 0x1, 0xe0,
    0x47, 0x42, 0x9, 0x5f, 0xdd, 0xfd, 0xdd, 0xe0,
    0x0, 0x0, 0x2, 0x1f, 0x22, 0x22, 0x23, 0xe0,

    /* U+87E5 "蟥" */
    0x0, 0x2, 0x0, 0x0, 0x1, 0x0, 0x10, 0x0,
    0x0, 0x1e, 0x0, 0x0, 0x3e, 0x0, 0x95, 0x0,
    0x0, 0x1e, 0x0, 0x3d, 0xdf, 0xdd, 0xee, 0xd4,
    0xb, 0xbf, 0xb9, 0x2, 0x5e, 0x22, 0xa6, 0x20,
    0x1f, 0x8f, 0x8e, 0x0, 0x4e, 0x0, 0x95, 0x0,
    0x1e, 0x1e, 0x1e, 0xbe, 0xee, 0xff, 0xee, 0xeb,
    0x1e, 0x1e, 0x1e, 0x0, 0x0, 0x4b, 0x0, 0x0,
    0x1e, 0x1e, 0x1e, 0xd, 0xee, 0xff, 0xee, 0xe0,
    0x1f, 0xdf, 0xde, 0xf, 0x10, 0x4b, 0x0, 0xf0,
    0x1e, 0x1e, 0x0, 0xf, 0xcc, 0xdf, 0xcc, 0xf0,
    0x0, 0x1e, 0x17, 0xf, 0x22, 0x6c, 0x22, 0xf0,
    0x0, 0x1e, 0x1f, 0xf, 0x0, 0x4b, 0x0, 0xf0,
    0x0, 0x1e, 0x4e, 0x4f, 0xff, 0xff, 0xff, 0xf0,
    0x8e, 0xeb, 0x8a, 0x92, 0x29, 0x10, 0x94, 0x20,
    0x22, 0x0, 0x1, 0x5a, 0xfa, 0x20, 0x7f, 0xb2,
    0x0, 0x0, 0x0, 0xca, 0x20, 0x0, 0x1, 0x99,
    0x0, 0x0, 0x0, 0x0, 0x0, 0x0, 0x0, 0x0,

    /* U+87EA "蟪" */
    0x0, 0x3, 0x0, 0x0, 0x0, 0x30, 0x0, 0x0,
    0x0, 0x1, 0xe0, 0x0, 0x0, 0xe, 0x10, 0x0,
    0x0, 0x0, 0x1e, 0x0, 0xaf, 0xff, 0xff, 0xff,
    0xf8, 0x0, 0x77, 0xf7, 0x60, 0x0, 0xe, 0x10,
    0x0, 0x0, 0x1f, 0x9f, 0x9d, 0x2f, 0xff, 0xff,
    0xff, 0xe0, 0x1, 0xd1, 0xe1, 0xd2, 0xc0, 0xe,
    0x10, 0x1e, 0x0, 0x1d, 0x1e, 0x1d, 0x2f, 0xee,
    0xfe, 0xee, 0xe0, 0x1, 0xd1, 0xe1, 0xd2, 0xc0,
    0xe, 0x10, 0x1e, 0x0, 0x1f, 0xcf, 0xcd, 0x2f,
    0xff, 0xff, 0xff, 0xe0, 0x1, 0xe4, 0xe3, 0x31,
    0x50, 0xe, 0x10, 0x96, 0x0, 0x0, 0x1e, 0x12,
    0xce, 0xff, 0xfe, 0xed, 0xe6, 0x0, 0x1, 0xe6,
    0x91, 0x11, 0x39, 0x0, 0x3, 0x70, 0x0, 0x1e,
    0x6d, 0x47, 0xe3, 0xe6, 0x0, 0xc0, 0x6, 0xce,
    0xfc, 0xfb, 0x5e, 0x24, 0x67, 0xab, 0x80, 0x46,
    0x20, 0x4, 0xf0, 0xe5, 0x1, 0xb9, 0x3e, 0x0,
    0x0, 0x0, 0x3, 0x7, 0xff, 0xfd, 0x20, 0x0,

    /* U+87EE "蟮" */
    0x0, 0x0, 0x0, 0x0, 0x0, 0x0, 0x0, 0x0,
    0x0, 0x1e, 0x0, 0x0, 0xd4, 0x0, 0x79, 0x0,
    0x0, 0x1e, 0x0, 0x12, 0x7b, 0x23, 0xe5, 0x20,
    0x0, 0x2e, 0x0, 0x4c, 0xcc, 0xee, 0xcc, 0xc3,
    0x1f, 0xef, 0xed, 0x1, 0x22, 0xb7, 0x22, 0x10,
    0x1d, 0x1e, 0x1d, 0xc, 0xdd, 0xfe, 0xdd, 0x90,
    0x1d, 0x1e, 0x1d, 0x1, 0x11, 0xb7, 0x11, 0x10,
    0x1d, 0x1e, 0x1d, 0x8e, 0xee, 0xfe, 0xee, 0xe6,
    0x1d, 0x1e, 0x1d, 0x4, 0xb0, 0xb6, 0xd, 0x20,
    0x1f, 0xff, 0xfc, 0x7a, 0xea, 0xec, 0xce, 0xa7,
    0x6, 0x1e, 0x2, 0x34, 0x44, 0x44, 0x44, 0x43,
    0x0, 0x1e, 0x2c, 0xa, 0xbb, 0xbb, 0xbb, 0x80,
    0x0, 0x1e, 0xe, 0xe, 0x53, 0x33, 0x38, 0xb0,
    0x49, 0xbf, 0xff, 0x3e, 0x20, 0x0, 0x6, 0xb0,
    0x58, 0x53, 0x8, 0x6e, 0xdc, 0xcc, 0xce, 0xb0,
    0x0, 0x0, 0x2, 0x1e, 0x42, 0x22, 0x27, 0xb0,
    0x0, 0x0, 0x0, 0x0, 0x0, 0x0, 0x0, 0x0,

    /* U+87FE "蟾" */
    0x0, 0x1, 0x0, 0x0, 0x1, 0x0, 0x0, 0x0,
    0x0, 0x2c, 0x0, 0x0, 0x5e, 0x21, 0x10, 0x0,
    0x0, 0x2c, 0x0, 0x3, 0xed, 0xdd, 0xe6, 0x0,
    0x5, 0x6d, 0x53, 0x3e, 0x30, 0x0, 0xc1, 0x0,
    0x1e, 0xbe, 0xbb, 0xcf, 0xee, 0xee, 0xee, 0xe9,
    0x1b, 0x2c, 0x1b, 0x2e, 0x7, 0x81, 0x88, 0x10,
    0x1b, 0x2c, 0x1b, 0x2e, 0x68, 0x1d, 0x6, 0xa0,
    0x1b, 0x2c, 0x1b, 0x2f, 0xbb, 0xbe, 0xcb, 0xb4,
    0x1c, 0x6d, 0x5b, 0x2e, 0x33, 0x33, 0x33, 0x31,
    0x1e, 0xbe, 0xa7, 0x2d, 0x1d, 0xdd, 0xdd, 0x90,
    0x4, 0x2c, 0x12, 0x3d, 0x7, 0x77, 0x77, 0x50,
    0x0, 0x2c, 0x39, 0x5b, 0x5, 0x55, 0x55, 0x40,
    0x2, 0x5e, 0x9d, 0x79, 0x3e, 0xee, 0xee, 0xc0,
    0x7f, 0xeb, 0x8c, 0xa6, 0x3b, 0x0, 0x0, 0xe0,
    0x22, 0x0, 0x0, 0xe2, 0x3b, 0x22, 0x22, 0xe0,
    0x0, 0x0, 0x1, 0xb0, 0x3e, 0xbb, 0xbb, 0xe0,
    0x0, 0x0, 0x0, 0x0, 0x0, 0x0, 0x0, 0x0,

    /* U+880A "蠊" */
    0x0, 0x11, 0x0, 0x0, 0x0, 0x12, 0x0, 0x0,
    0x0, 0x6, 0x70, 0x0, 0x0, 0x8, 0xb0, 0x0,
    0x0, 0x0, 0x67, 0x0, 0xbe, 0xee, 0xef, 0xee,
    0xec, 0x0, 0x6a, 0xa6, 0xd, 0x40, 0x91, 0x2,
    0x90, 0x0, 0xe, 0xab, 0xe1, 0xd7, 0xad, 0xda,
    0xdd, 0xa9, 0x0, 0xd6, 0x7c, 0x1d, 0x53, 0x6a,
    0x3e, 0x33, 0x20, 0xd, 0x67, 0xc1, 0xd5, 0x36,
    0xa3, 0xe3, 0x30, 0x0, 0xd6, 0x7c, 0x1d, 0x6a,
    0xbd, 0xaf, 0xad, 0x40, 0xd, 0x78, 0xd1, 0xd5,
    0x25, 0xa2, 0xe2, 0x95, 0x0, 0xfe, 0xed, 0x1e,
    0xcb, 0xce, 0xbf, 0xbd, 0xc1, 0x4, 0x67, 0x0,
    0xf3, 0x15, 0xa1, 0xe1, 0x94, 0x0, 0x6, 0x7a,
    0x1f, 0x4c, 0xee, 0xcf, 0xce, 0x40, 0x0, 0x67,
    0xd4, 0xf0, 0x1e, 0x90, 0xeb, 0x10, 0x1, 0x49,
    0xce, 0xab, 0x1c, 0xa9, 0xe, 0x9a, 0x0, 0x6b,
    0x85, 0x8f, 0x6e, 0x84, 0x90, 0xe0, 0xae, 0x10,
    0x0, 0x1, 0xc0, 0x20, 0x49, 0xe, 0x0, 0x30,
    0x0, 0x0, 0x0, 0x0, 0x0, 0x0, 0x0, 0x0,
    0x0,

    /* U+8813 "蠓" */
    0x0, 0x1, 0x0, 0x0, 0x0, 0x0, 0x0, 0x0,
    0x0, 0x1, 0xe0, 0x0, 0x2, 0xe0, 0x7, 0x80,
    0x0, 0x0, 0x1e, 0x0, 0x7c, 0xcf, 0xcc, 0xee,
    0xcc, 0x0, 0x45, 0xf4, 0x32, 0x45, 0xf4, 0x4a,
    0xa4, 0x40, 0x1f, 0xcf, 0xce, 0x4a, 0xaa, 0xaa,
    0xaa, 0xa7, 0x1, 0xe1, 0xe1, 0xe6, 0xd4, 0x44,
    0x44, 0x48, 0xb0, 0x1e, 0x1e, 0x1e, 0x25, 0x5f,
    0xff, 0xfd, 0x24, 0x1, 0xe1, 0xe1, 0xe0, 0x0,
    0x0, 0x0, 0x0, 0x0, 0x1e, 0x5f, 0x5e, 0xf,
    0xff, 0xff, 0xff, 0xf7, 0x1, 0xfc, 0xfc, 0xa0,
    0x15, 0xbe, 0x20, 0x6, 0x0, 0x8, 0x1e, 0x1,
    0x3e, 0x95, 0xf7, 0x3d, 0xb1, 0x0, 0x1, 0xe3,
    0xc0, 0x39, 0xd7, 0xfd, 0xe0, 0x0, 0x0, 0x1e,
    0x3f, 0x7e, 0x73, 0xcf, 0x7a, 0x70, 0x2, 0x7b,
    0xfe, 0xd4, 0x4a, 0xd4, 0x89, 0x2e, 0x50, 0x5a,
    0x62, 0x1, 0xdd, 0x62, 0x2b, 0x80, 0x5d, 0x0,
    0x0, 0x0, 0x2, 0x0, 0xff, 0xc1, 0x0, 0x0,

    /* U+8816 "蠖" */
    0x0, 0x1, 0x0, 0x0, 0x0, 0x0, 0x0, 0x0,
    0x0, 0x1e, 0x0, 0x0, 0x5a, 0x0, 0xb3, 0x0,
    0x0, 0x1e, 0x0, 0xbf, 0xff, 0xff, 0xff, 0xf7,
    0x2, 0x3e, 0x21, 0x1, 0x5a, 0x54, 0xb3, 0x0,
    0x1f, 0xef, 0xed, 0x9, 0xa3, 0x6d, 0x33, 0x31,
    0x1d, 0x1e, 0x1d, 0x2f, 0x77, 0x7e, 0x77, 0x72,
    0x1d, 0x1e, 0x1e, 0xdf, 0xcc, 0xcf, 0xcc, 0xc0,
    0x1d, 0x1e, 0x1e, 0x7e, 0x10, 0x1e, 0x0, 0x0,
    0x1e, 0x3e, 0x3d, 0xe, 0xee, 0xef, 0xee, 0xd0,
    0x1f, 0xdf, 0xdb, 0xe, 0x21, 0x2e, 0x11, 0x10,
    0x6, 0x1e, 0x1, 0xc, 0x98, 0x88, 0x88, 0x83,
    0x0, 0x1e, 0x3c, 0x3b, 0xbb, 0xbb, 0xbb, 0x70,
    0x0, 0x2e, 0x4f, 0x12, 0xd7, 0x11, 0x6e, 0x40,
    0x9e, 0xfe, 0xcd, 0x50, 0x1b, 0xbb, 0xc2, 0x0,
    0x33, 0x0, 0x2, 0x35, 0x9e, 0xdc, 0xd9, 0x62,
    0x0, 0x0, 0x0, 0xdb, 0x72, 0x0, 0x27, 0xb5,

    /* U+881B "蠛" */
    0x0, 0x5, 0x0, 0x0, 0x41, 0x0, 0x31, 0x0,
    0x0, 0x2e, 0x0, 0x11, 0xb5, 0x11, 0x95, 0x10,
    0x0, 0x2e, 0x0, 0xee, 0xfe, 0xee, 0xfe, 0xea,
    0xa, 0xbf, 0xa7, 0x0, 0xb4, 0x0, 0x94, 0x0,
    0xf, 0x6e, 0x7b, 0x4b, 0xbb, 0xbb, 0xbb, 0xb0,
    0xe, 0x2e, 0x2b, 0x67, 0x3e, 0x23, 0xc2, 0xe1,
    0xe, 0x2e, 0x2b, 0x66, 0x1e, 0x1, 0xc0, 0xd1,
    0xe, 0x2e, 0x2b, 0x6e, 0xef, 0xee, 0xfe, 0xf1,
    0xf, 0xcf, 0xcb, 0x11, 0x0, 0x86, 0xa, 0x10,
    0xf, 0xaf, 0xa7, 0x13, 0x33, 0xba, 0x39, 0x91,
    0x3, 0x2e, 0x0, 0x7d, 0xbb, 0xde, 0xbb, 0xb6,
    0x0, 0x2e, 0x37, 0x76, 0x0, 0x5d, 0x5, 0x70,
    0x0, 0x2e, 0x4c, 0x8f, 0xa2, 0x1f, 0x4e, 0x40,
    0x49, 0xcf, 0xee, 0xb2, 0x96, 0xc, 0xf5, 0x5a,
    0x47, 0x41, 0xa, 0xd0, 0x5, 0xcd, 0xe3, 0x78,
    0x0, 0x0, 0xa, 0x62, 0xfd, 0x60, 0x4e, 0xf3,
    0x0, 0x0, 0x2, 0x0, 0x20, 0x0, 0x1, 0x30,

    /* U+8821 "蠡" */
    0x0, 0x0, 0x20, 0x0, 0x0, 0x0, 0x0, 0x0,
    0x0, 0x7, 0xeb, 0xbb, 0xbb, 0xbb, 0xa0, 0x0,
    0x0, 0xe, 0x85, 0x55, 0x55, 0x58, 0xc0, 0x0,
    0x0, 0x5, 0x55, 0x55, 0x55, 0x5b, 0x90, 0x0,
    0xc, 0xcc, 0xcc, 0xce, 0xff, 0xcc, 0xcc, 0xc3,
    0x2, 0x47, 0x9c, 0xba, 0xf1, 0x16, 0xbd, 0x0,
    0x9, 0x96, 0x56, 0xab, 0xce, 0xfd, 0x40, 0x0,
    0x7, 0xad, 0xb6, 0x5a, 0xde, 0x1d, 0x80, 0x0,
    0x5, 0x45, 0x9d, 0xa4, 0x4e, 0x1, 0xbe, 0x82,
    0x1c, 0xd9, 0x41, 0xcc, 0xe7, 0x0, 0x4, 0xa3,
    0x3, 0x24, 0xc2, 0x64, 0x22, 0x2c, 0x42, 0x20,
    0xd, 0xab, 0xea, 0xd8, 0x7d, 0xae, 0xba, 0xd0,
    0xd, 0x44, 0xd2, 0x98, 0x79, 0x2d, 0x44, 0xd0,
    0xd, 0xbb, 0xfa, 0xa5, 0x7d, 0xae, 0xba, 0x90,
    0x1, 0x2, 0xd1, 0xe1, 0x11, 0xd, 0x37, 0xb0,
    0x8c, 0xcd, 0xfd, 0xea, 0x9c, 0xdf, 0xdd, 0xe6,
    0x12, 0x10, 0x0, 0x4, 0x11, 0x0, 0x0, 0x33,

    /* U+8839 "蠹" */
    0x0, 0x0, 0x0, 0x1, 0x30, 0x0, 0x0, 0x0,
    0x18, 0x88, 0x88, 0x8a, 0xe8, 0x88, 0x88, 0x85,
    0x4, 0x44, 0x44, 0x48, 0xd4, 0x44, 0x44, 0x43,
    0x0, 0xac, 0xaa, 0xab, 0xea, 0xaa, 0xaf, 0x10,
    0x0, 0xac, 0xaa, 0xab, 0xea, 0xaa, 0xaf, 0x10,
    0xa, 0xbb, 0xaa, 0xac, 0xea, 0xaa, 0xab, 0xa4,
    0xf, 0x25, 0x55, 0x55, 0x55, 0x55, 0x53, 0x97,
    0x4, 0x26, 0x9f, 0x96, 0x66, 0x66, 0x64, 0x22,
    0x0, 0x4a, 0xfb, 0xbb, 0xbb, 0xbb, 0xd6, 0x0,
    0xd, 0xc3, 0xf7, 0x66, 0x66, 0x66, 0xc6, 0x0,
    0x1, 0x0, 0x97, 0x77, 0x77, 0x78, 0x83, 0x0,
    0x9, 0xdb, 0xfb, 0xcb, 0x3e, 0xbe, 0xdb, 0xf0,
    0x9, 0x60, 0xe1, 0x4b, 0x3b, 0x9, 0x60, 0xe0,
    0x8, 0xcb, 0xfb, 0xb8, 0x3d, 0xbd, 0xcb, 0xd0,
    0x0, 0x0, 0xe0, 0xa6, 0x0, 0x9, 0x61, 0xe1,
    0x4c, 0xcd, 0xed, 0xdd, 0x6c, 0xce, 0xdd, 0xe9,
    0x2, 0x10, 0x0, 0x6, 0x11, 0x0, 0x0, 0x17,

    /* U+883C "蠼" */
    0x0, 0x11, 0x0, 0x0, 0x0, 0x0, 0x0, 0x0,
    0x0, 0x57, 0x0, 0x9b, 0xbb, 0x9, 0xbb, 0xb0,
    0x0, 0x57, 0x0, 0xd6, 0x3e, 0xe, 0x33, 0xe0,
    0x0, 0x68, 0x0, 0xd9, 0x7f, 0xe, 0x77, 0xe0,
    0xf, 0xef, 0xf2, 0xdb, 0xaf, 0xe, 0xaa, 0xf0,
    0xd, 0x57, 0xb2, 0xda, 0x8f, 0xe, 0x88, 0xf0,
    0xd, 0x57, 0xb2, 0x46, 0x44, 0xb6, 0x11, 0x40,
    0xd, 0x57, 0xb2, 0x2e, 0xaa, 0xdc, 0xaa, 0xa0,
    0xe, 0x9b, 0xd4, 0xdf, 0x99, 0xcb, 0x99, 0x80,
    0xe, 0x9b, 0x63, 0x6f, 0x99, 0xcc, 0x99, 0x90,
    0x1, 0x57, 0x0, 0xe, 0x44, 0x99, 0x44, 0x41,
    0x0, 0x57, 0xb3, 0xe, 0x88, 0x88, 0x88, 0x82,
    0x0, 0x58, 0x97, 0x9b, 0xbb, 0xbb, 0xbb, 0x0,
    0x5c, 0xee, 0xd9, 0x3, 0xd4, 0x4, 0xd7, 0x0,
    0x24, 0x10, 0x38, 0x1, 0x6f, 0xef, 0x71, 0x0,
    0x0, 0x0, 0x9, 0xed, 0xa5, 0x26, 0xad, 0xf7,
    0x0, 0x0, 0x1, 0x0, 0x0, 0x0, 0x0, 0x0,

    /* U+8844 "衄" */
    0x0, 0x1, 0x10, 0x0, 0x0, 0x0, 0x0, 0x0,
    0x0, 0xa, 0x80, 0x0, 0x13, 0x33, 0x33, 0x30,
    0x2, 0x2e, 0x52, 0x22, 0x9e, 0xfe, 0xee, 0xf2,
    0x1f, 0xff, 0xff, 0xff, 0x0, 0xd3, 0x0, 0xf2,
    0x1d, 0xe, 0xe, 0xf, 0x0, 0xe2, 0x1, 0xf1,
    0x1d, 0xe, 0xe, 0xf, 0x0, 0xf1, 0x2, 0xf0,
    0x1d, 0xe, 0xe, 0xf, 0x0, 0xf0, 0x2, 0xf0,
    0x1d, 0xe, 0xe, 0xf, 0x13, 0xf2, 0x25, 0xf0,
    0x1d, 0xe, 0xe, 0xf, 0xaf, 0xff, 0xff, 0xf0,
    0x1d, 0xe, 0xe, 0xf, 0x3, 0xd0, 0x5, 0xe0,
    0x1d, 0xe, 0xe, 0xf, 0x4, 0xc0, 0x5, 0xd0,
    0x1d, 0xe, 0xe, 0xf, 0x5, 0xb0, 0x6, 0xd0,
    0x1d, 0xe, 0xe, 0x3f, 0x26, 0xa0, 0x7, 0xc0,
    0x3e, 0x9f, 0xdf, 0xda, 0x27, 0x90, 0x7, 0xb0,
    0x6c, 0x96, 0x30, 0x1, 0xff, 0xff, 0xff, 0xfe,
    0x0, 0x0, 0x0, 0x0, 0x22, 0x22, 0x22, 0x22,

    /* U+887E "衾" */
    0x0, 0x0, 0x0, 0x0, 0x10, 0x0, 0x0, 0x0,
    0x0, 0x0, 0x0, 0x1, 0xdf, 0x60, 0x0, 0x0,
    0x0, 0x0, 0x0, 0x4, 0xea, 0x5e, 0x91, 0x0,
    0x0, 0x0, 0x0, 0x2a, 0xf6, 0x92, 0x1a, 0xe7,
    0x0, 0x0, 0x5, 0xbf, 0x91, 0x8, 0xe1, 0x4,
    0xde, 0x83, 0x4, 0xf9, 0x65, 0x55, 0x58, 0x55,
    0x52, 0x5c, 0xb0, 0x0, 0x8, 0xcc, 0xcc, 0xcc,
    0xcf, 0x70, 0x0, 0x0, 0x0, 0x0, 0x5, 0xa0,
    0xa, 0xc0, 0x0, 0x0, 0x2, 0x22, 0x22, 0x3e,
    0x64, 0xb3, 0x22, 0x22, 0x5, 0xff, 0xff, 0xff,
    0xff, 0xff, 0xff, 0xff, 0xd0, 0x0, 0x0, 0x1,
    0xbd, 0xe1, 0x0, 0x6, 0x0, 0x0, 0x0, 0x5,
    0xe9, 0xa, 0xb0, 0x6e, 0xe4, 0x0, 0x0, 0x4c,
    0xfc, 0x0, 0xc, 0xfc, 0x50, 0x0, 0x4, 0xdf,
    0x97, 0xc0, 0x4, 0x2a, 0xf9, 0x20, 0x0, 0x18,
    0x10, 0x6d, 0xaf, 0xe2, 0x4, 0xcf, 0xe8, 0x0,
    0x0, 0x8, 0xe9, 0x30, 0x0, 0x0, 0x26, 0x20,
    0x0, 0x0, 0x0, 0x0, 0x0, 0x0, 0x0, 0x0,
    0x0,

    /* U+8885 "袅" */
    0x0, 0x0, 0x0, 0x21, 0x0, 0x0, 0x0, 0x0,
    0x0, 0x0, 0x0, 0xba, 0x0, 0x0, 0x0, 0x0,
    0x0, 0x2f, 0xff, 0xff, 0xff, 0xff, 0xf6, 0x0,
    0x0, 0x2f, 0x0, 0x84, 0x0, 0x0, 0xd5, 0x0,
    0x0, 0x2f, 0x0, 0x5e, 0x83, 0x8a, 0xf1, 0x0,
    0x0, 0x2f, 0x0, 0x2, 0x31, 0x76, 0x20, 0x0,
    0x0, 0x2f, 0xee, 0xee, 0xee, 0xee, 0xee, 0x50,
    0x0, 0x2, 0x22, 0x22, 0x22, 0x22, 0x2d, 0x50,
    0x0, 0x0, 0x0, 0xb7, 0x0, 0xed, 0xef, 0x10,
    0x1, 0x11, 0x11, 0x6e, 0x11, 0x66, 0x62, 0x10,
    0x5f, 0xff, 0xff, 0xff, 0xff, 0xff, 0xff, 0xfe,
    0x0, 0x0, 0x1a, 0xc2, 0xd6, 0x0, 0x28, 0x0,
    0x0, 0x18, 0xfd, 0x0, 0x3f, 0x69, 0xf9, 0x10,
    0x2a, 0xfb, 0x8c, 0x0, 0x34, 0xef, 0x40, 0x0,
    0x2a, 0x30, 0x6d, 0x8e, 0xf1, 0x2a, 0xfc, 0x84,
    0x0, 0x0, 0x8f, 0xa5, 0x0, 0x0, 0x28, 0xc6,
    0x0, 0x0, 0x1, 0x0, 0x0, 0x0, 0x0, 0x0,

    /* U+8888 "袈" */
    0x0, 0x6, 0x20, 0x0, 0x0, 0x0, 0x0, 0x0,
    0x0, 0xd, 0x40, 0x0, 0x3, 0x33, 0x33, 0x30,
    0x1d, 0xdf, 0xdd, 0xda, 0xe, 0xdc, 0xcc, 0xf0,
    0x3, 0x4f, 0x43, 0x7c, 0xe, 0x40, 0x2, 0xf0,
    0x0, 0x5e, 0x0, 0x5b, 0xe, 0x40, 0x2, 0xf0,
    0x1, 0xd7, 0x0, 0x99, 0xe, 0xb9, 0x9a, 0xf0,
    0x2d, 0xc2, 0xff, 0xe5, 0xe, 0x86, 0x67, 0xf0,
    0xa, 0x10, 0x22, 0x1e, 0x52, 0x0, 0x0, 0x20,
    0x2, 0x22, 0x22, 0x29, 0xc2, 0x22, 0x22, 0x22,
    0x5f, 0xff, 0xff, 0xff, 0xff, 0xff, 0xff, 0xfd,
    0x0, 0x0, 0x4, 0xec, 0xb0, 0x0, 0x6, 0x0,
    0x0, 0x1, 0x9e, 0x40, 0xd8, 0x6, 0xee, 0x40,
    0x1, 0x8f, 0xf6, 0x0, 0x2e, 0xfc, 0x50, 0x0,
    0x5f, 0xc4, 0xc6, 0x1, 0x61, 0xcf, 0x92, 0x0,
    0x13, 0x0, 0xcb, 0xcf, 0xd0, 0x5, 0xcf, 0xe8,
    0x0, 0x0, 0xed, 0x72, 0x0, 0x0, 0x2, 0x63,
    0x0, 0x0, 0x10, 0x0, 0x0, 0x0, 0x0, 0x0,

    /* U+88D8 "裘" */
    0x0, 0x0, 0x0, 0x0, 0x0, 0x0, 0x0, 0x0,
    0x0, 0x0, 0x0, 0x5, 0xc0, 0x1e, 0x30, 0x0,
    0x15, 0x55, 0x55, 0x59, 0xd5, 0x5c, 0xd5, 0x54,
    0x2b, 0xbb, 0xbb, 0xbc, 0xeb, 0xbb, 0xbb, 0xb8,
    0x0, 0xa8, 0x40, 0x5, 0xc0, 0x3, 0x6a, 0x40,
    0x0, 0x69, 0xdf, 0x15, 0xc0, 0xbe, 0xb7, 0x20,
    0x0, 0x0, 0x15, 0x55, 0xc1, 0x62, 0x0, 0x0,
    0x4, 0xae, 0xec, 0x84, 0x93, 0x9c, 0xec, 0x80,
    0x2, 0x52, 0x0, 0x2, 0xd1, 0x0, 0x3, 0x50,
    0x5e, 0xee, 0xee, 0xee, 0xfe, 0xee, 0xee, 0xec,
    0x2, 0x22, 0x24, 0xdc, 0xf5, 0x22, 0x27, 0x22,
    0x0, 0x0, 0x7e, 0x80, 0x6e, 0x25, 0xdd, 0x20,
    0x3, 0x9f, 0xeb, 0x0, 0x8, 0xfe, 0x50, 0x0,
    0x5f, 0xb4, 0x7b, 0x3, 0x80, 0x6f, 0xd6, 0x10,
    0x1, 0x0, 0x8e, 0xef, 0xb0, 0x1, 0x8e, 0xfa,
    0x0, 0x0, 0x7b, 0x40, 0x0, 0x0, 0x0, 0x31,
    0x0, 0x0, 0x0, 0x0, 0x0, 0x0, 0x0, 0x0,

    /* U+88DF "裟" */
    0x0, 0x11, 0x0, 0x0, 0x1, 0x10, 0x0, 0x0,
    0x0, 0x6, 0xe8, 0x0, 0x0, 0x99, 0x2, 0x0,
    0x0, 0x0, 0x3, 0xc2, 0x1e, 0x29, 0x90, 0xca,
    0x0, 0x0, 0xd9, 0x10, 0xa, 0xa0, 0x99, 0x1,
    0xcc, 0x10, 0x2, 0xac, 0x4, 0xf1, 0x9, 0x90,
    0x48, 0xb5, 0x0, 0x0, 0x2b, 0x23, 0x0, 0x38,
    0xbe, 0x50, 0x0, 0x0, 0x8f, 0xa3, 0x47, 0xbf,
    0xc6, 0x0, 0x0, 0x0, 0xdd, 0x30, 0xcc, 0xc8,
    0x10, 0x0, 0x0, 0x0, 0x4, 0x0, 0x0, 0x9,
    0xc0, 0x0, 0x0, 0x0, 0x5, 0xff, 0xff, 0xff,
    0xff, 0xff, 0xff, 0xff, 0xe0, 0x2, 0x22, 0x24,
    0xdc, 0xf3, 0x22, 0x26, 0x22, 0x0, 0x0, 0x5,
    0xe8, 0x9, 0xb0, 0x4c, 0xf5, 0x0, 0x0, 0x5c,
    0xfb, 0x0, 0xc, 0xee, 0x71, 0x0, 0x5, 0xef,
    0x88, 0xa0, 0x15, 0x2a, 0xf9, 0x20, 0x0, 0x17,
    0x10, 0x8d, 0xbf, 0xe1, 0x4, 0xcf, 0xe9, 0x0,
    0x0, 0x9, 0xe8, 0x20, 0x0, 0x0, 0x26, 0x30,
    0x0, 0x0, 0x0, 0x0, 0x0, 0x0, 0x0, 0x0,
    0x0,

    /* U+895E "襞" */
    0x0, 0x0, 0x0, 0x0, 0x0, 0x1, 0x40, 0x0,
    0x0, 0x7, 0xbb, 0xbb, 0xb5, 0x0, 0x2e, 0x10,
    0x0, 0x0, 0xb7, 0x33, 0x39, 0x8e, 0xff, 0xff,
    0xff, 0x20, 0xb, 0x51, 0x11, 0x88, 0x18, 0x32,
    0x2a, 0x20, 0x0, 0xce, 0xee, 0xed, 0x60, 0x79,
    0x9, 0x90, 0x0, 0xf, 0x10, 0x0, 0x3, 0xff,
    0xff, 0xff, 0xf6, 0x4, 0xdd, 0xee, 0xef, 0x82,
    0x22, 0xf3, 0x22, 0x10, 0xc6, 0xd2, 0x0, 0x78,
    0x79, 0x9f, 0x99, 0x80, 0x5, 0xd, 0xee, 0xee,
    0x73, 0x44, 0xf4, 0x44, 0x0, 0x0, 0x50, 0x0,
    0x9, 0x70, 0x8, 0x0, 0x0, 0xa, 0xee, 0xee,
    0xee, 0xff, 0xee, 0xee, 0xee, 0x40, 0x0, 0x0,
    0x2a, 0xe5, 0xd7, 0x1, 0x7c, 0x10, 0x0, 0x1,
    0x8f, 0xc1, 0x2, 0xf8, 0xdc, 0x40, 0x0, 0x6c,
    0xfa, 0xba, 0x1, 0x63, 0xee, 0x30, 0x0, 0x7,
    0x82, 0xa, 0xdc, 0xfc, 0x1, 0x9f, 0xda, 0x30,
    0x0, 0x0, 0xcb, 0x61, 0x0, 0x0, 0x16, 0xa0,
    0x0, 0x0, 0x0, 0x0, 0x0, 0x0, 0x0, 0x0,
    0x0,

    /* U+89D6 "觖" */
    0x0, 0x2, 0x60, 0x0, 0x0, 0x5, 0x10, 0x0,
    0x0, 0x0, 0xab, 0x0, 0x0, 0x0, 0xd3, 0x0,
    0x0, 0x0, 0x2f, 0xfe, 0xe6, 0x0, 0xd, 0x30,
    0x0, 0x0, 0xc, 0x80, 0x1e, 0x21, 0x33, 0xe6,
    0x33, 0x0, 0x8, 0xd0, 0x8, 0xa0, 0x7f, 0xff,
    0xff, 0xf2, 0x0, 0x9f, 0xef, 0xfe, 0xf0, 0x11,
    0xe3, 0x1e, 0x20, 0x0, 0xe2, 0x4c, 0x1f, 0x0,
    0xf, 0x20, 0xe2, 0x0, 0xe, 0x35, 0xc2, 0xf0,
    0x0, 0xf1, 0xe, 0x20, 0x0, 0xed, 0xdf, 0xdf,
    0x12, 0x3f, 0x22, 0xe4, 0x0, 0xe, 0x24, 0xc1,
    0xfb, 0xff, 0xff, 0xff, 0xf5, 0x0, 0xe2, 0x4c,
    0x1f, 0x0, 0x6e, 0xd0, 0x0, 0x0, 0xe, 0xee,
    0xfe, 0xf0, 0xb, 0x7d, 0x40, 0x0, 0x0, 0xf1,
    0x4c, 0x1f, 0x2, 0xf2, 0x6d, 0x0, 0x0, 0x3f,
    0x4, 0xc1, 0xf0, 0xba, 0x0, 0xd9, 0x0, 0x8,
    0xb0, 0x15, 0x3f, 0x9e, 0x10, 0x2, 0xfa, 0x0,
    0xd5, 0x0, 0xdf, 0xbe, 0x30, 0x0, 0x3, 0xd1,
    0x1, 0x0, 0x0, 0x0, 0x10, 0x0, 0x0, 0x0,
    0x0,

    /* U+89DA "觚" */
    0x0, 0x42, 0x0, 0x0, 0x0, 0x0, 0x0, 0x0,
    0x0, 0xe2, 0x0, 0x0, 0x34, 0x57, 0x9c, 0x60,
    0x5, 0xff, 0xff, 0x12, 0xfc, 0xfa, 0xe8, 0x30,
    0xd, 0x30, 0xbb, 0x2, 0xe0, 0xf1, 0xb4, 0x0,
    0x8c, 0x4, 0xe1, 0x2, 0xe0, 0xf1, 0xb4, 0x0,
    0xaf, 0xef, 0xee, 0xe2, 0xe0, 0xf1, 0xb5, 0x0,
    0xe, 0x1d, 0x21, 0xe2, 0xe0, 0xf1, 0xa6, 0x0,
    0xe, 0x1d, 0x32, 0xe2, 0xe0, 0xf1, 0x97, 0x0,
    0xe, 0xdf, 0xed, 0xe2, 0xe0, 0xf1, 0x78, 0x0,
    0xe, 0x1d, 0x21, 0xe2, 0xd0, 0xf1, 0x5b, 0x0,
    0xe, 0x3d, 0x43, 0xe3, 0xd0, 0xf1, 0x3d, 0x0,
    0xe, 0xcf, 0xcc, 0xe4, 0xc0, 0xf9, 0x5f, 0x10,
    0xf, 0xd, 0x21, 0xe6, 0xa0, 0xf6, 0x9c, 0x50,
    0x3d, 0xd, 0x21, 0xe9, 0x80, 0xf9, 0xe8, 0xb0,
    0x8a, 0x8, 0x13, 0xdd, 0x43, 0xfa, 0xd5, 0xf3,
    0xc4, 0x6, 0xff, 0x7c, 0x0, 0x40, 0x41, 0xa3,
    0x10, 0x0, 0x0, 0x0, 0x0, 0x0, 0x0, 0x0,

    /* U+89DC "觜" */
    0x0, 0x0, 0x2, 0x0, 0x2, 0x0, 0x0, 0x0,
    0x0, 0x30, 0x3e, 0x0, 0xd, 0x40, 0x6d, 0x80,
    0x3, 0xe0, 0x3f, 0xee, 0x8d, 0xbf, 0xd6, 0x20,
    0x3, 0xe0, 0x3e, 0x0, 0xd, 0xa3, 0x0, 0x99,
    0x3, 0xe2, 0x6f, 0x8a, 0x8c, 0x72, 0x22, 0xd6,
    0x3e, 0xfe, 0xce, 0xa6, 0x25, 0xef, 0xfe, 0xb1,
    0x3, 0x10, 0x8f, 0xb9, 0x99, 0x99, 0x0, 0x0,
    0x0, 0x1a, 0xb3, 0x22, 0x23, 0xca, 0x0, 0x0,
    0x5, 0xef, 0xee, 0xee, 0xee, 0xfe, 0xee, 0x20,
    0x4, 0x4e, 0x40, 0x0, 0xe3, 0x0, 0xf, 0x30,
    0x0, 0xe, 0xca, 0xaa, 0xfb, 0xaa, 0xaf, 0x30,
    0x0, 0xf, 0x53, 0x33, 0xf5, 0x33, 0x3f, 0x30,
    0x0, 0x2f, 0x20, 0x0, 0xe3, 0x0, 0xf, 0x30,
    0x0, 0x8f, 0xdd, 0xdd, 0xfd, 0xdd, 0xdf, 0x30,
    0x2, 0xf6, 0x0, 0x0, 0xe3, 0x0, 0x1f, 0x20,
    0xc, 0xa0, 0x0, 0x0, 0xc2, 0xe, 0xfb, 0x0,
    0x1, 0x0, 0x0, 0x0, 0x0, 0x0, 0x0, 0x0,

    /* U+89DE "觞" */
    0x0, 0x3, 0x40, 0x0, 0x0, 0x22, 0x0, 0x0,
    0x0, 0x0, 0xd7, 0x0, 0x0, 0xc, 0x80, 0x0,
    0x0, 0x0, 0x5f, 0xfe, 0xe4, 0x3, 0xfd, 0xcc,
    0xcc, 0x60, 0xd, 0x60, 0x2e, 0x10, 0xba, 0x44,
    0x44, 0x42, 0x8, 0xd1, 0x1a, 0x91, 0x6f, 0x10,
    0x0, 0x0, 0x0, 0xbf, 0xee, 0xfd, 0xfd, 0x8f,
    0xff, 0xff, 0xa0, 0x0, 0xd2, 0x3c, 0xf, 0x0,
    0x11, 0x6e, 0xc2, 0x0, 0xd, 0x23, 0xc0, 0xf0,
    0x1, 0xae, 0x60, 0x0, 0x0, 0xdf, 0xff, 0xff,
    0x5, 0xec, 0x43, 0x33, 0x10, 0xd, 0x23, 0xc0,
    0xf0, 0xbe, 0xfe, 0xfe, 0xf5, 0x0, 0xd3, 0x4c,
    0x1f, 0x0, 0x5b, 0xf, 0x1d, 0x40, 0xe, 0xee,
    0xfe, 0xf0, 0x1e, 0x45, 0xc0, 0xe3, 0x0, 0xf1,
    0x3c, 0xf, 0x2d, 0x90, 0xc6, 0xe, 0x20, 0x3e,
    0x3, 0xc0, 0xf6, 0x80, 0x8d, 0x0, 0xf1, 0x8,
    0xa0, 0x16, 0x3f, 0x0, 0x7e, 0x42, 0x5f, 0x0,
    0xc4, 0x0, 0xff, 0x90, 0x4d, 0x29, 0xfe, 0x50,
    0x0, 0x0, 0x0, 0x0, 0x0, 0x0, 0x0, 0x0,
    0x0,

    /* U+89E5 "觥" */
    0x0, 0x20, 0x0, 0x0, 0x0, 0x1, 0x0, 0x0,
    0x0, 0xd2, 0x0, 0x0, 0x0, 0x3d, 0x0, 0x0,
    0x5, 0xff, 0xff, 0x24, 0x70, 0x3d, 0x0, 0xb2,
    0xd, 0x40, 0x8d, 0x2, 0xf0, 0x3d, 0x5, 0xe0,
    0x7c, 0x1, 0xf4, 0x0, 0xc6, 0x3d, 0xb, 0x80,
    0xbf, 0xef, 0xee, 0xe0, 0x7b, 0x3d, 0x1f, 0x20,
    0xe, 0x1c, 0x31, 0xe0, 0x12, 0x3d, 0x4, 0x0,
    0xe, 0x1c, 0x31, 0xe4, 0x66, 0x8e, 0x66, 0x62,
    0xe, 0xef, 0xee, 0xe7, 0xbf, 0xcb, 0xfb, 0xb4,
    0xe, 0x1c, 0x31, 0xe0, 0xe, 0x22, 0xe0, 0x0,
    0xe, 0x2c, 0x32, 0xe0, 0xf, 0x12, 0xe0, 0x0,
    0xe, 0xef, 0xee, 0xe0, 0x2e, 0x2, 0xe0, 0x0,
    0xf, 0xc, 0x31, 0xe0, 0x6a, 0x2, 0xe0, 0x46,
    0x2e, 0xc, 0x31, 0xe0, 0xd4, 0x2, 0xe0, 0x7a,
    0x6b, 0x9, 0x23, 0xe9, 0xc0, 0x1, 0xf4, 0xb8,
    0xb5, 0x4, 0xff, 0x7c, 0x20, 0x0, 0xaf, 0xd2,
    0x10, 0x0, 0x0, 0x0, 0x0, 0x0, 0x0, 0x0,

    /* U+89EB "觫" */
    0x0, 0x20, 0x0, 0x0, 0x0, 0x4, 0x0, 0x0,
    0x0, 0xd3, 0x0, 0x0, 0x0, 0x2e, 0x0, 0x0,
    0x5, 0xfb, 0xbb, 0x1, 0x11, 0x3e, 0x11, 0x10,
    0xd, 0x74, 0xdd, 0xc, 0xff, 0xff, 0xff, 0xf7,
    0x7c, 0x4, 0xf2, 0x0, 0x0, 0x2e, 0x0, 0x0,
    0xce, 0xef, 0xfe, 0xb0, 0x44, 0x5f, 0x44, 0x30,
    0xe, 0x2d, 0x33, 0xc1, 0xfb, 0xcf, 0xbc, 0xe0,
    0xe, 0x1d, 0x12, 0xc1, 0xe0, 0x2e, 0x1, 0xe0,
    0xe, 0xef, 0xee, 0xc1, 0xe0, 0x2e, 0x2, 0xe0,
    0xe, 0x1d, 0x12, 0xc1, 0xff, 0xff, 0xff, 0xe0,
    0xe, 0x1d, 0x23, 0xc1, 0xa0, 0xcf, 0x81, 0xa0,
    0xe, 0xef, 0xee, 0xc0, 0x8, 0xbe, 0xc3, 0x0,
    0xf, 0xd, 0x12, 0xc0, 0x6d, 0x2e, 0x3e, 0x20,
    0x3d, 0xd, 0x12, 0xc8, 0xf3, 0x2e, 0x7, 0xe3,
    0x89, 0x8, 0x14, 0xde, 0x30, 0x2e, 0x0, 0x87,
    0xb3, 0x7, 0xff, 0x50, 0x0, 0x2e, 0x0, 0x0,
    0x0, 0x0, 0x0, 0x0, 0x0, 0x0, 0x0, 0x0,

    /* U+89EF "觯" */
    0x0, 0x31, 0x0, 0x0, 0x3, 0x0, 0x3, 0x0,
    0x0, 0xe2, 0x0, 0x0, 0x3e, 0x20, 0x3e, 0x0,
    0x6, 0xfe, 0xee, 0x0, 0x9, 0x60, 0xc5, 0x0,
    0x1e, 0x30, 0xbb, 0x2, 0xff, 0xff, 0xff, 0xf0,
    0xac, 0x46, 0xf5, 0x32, 0xd1, 0x2e, 0x11, 0xf0,
    0x7f, 0xbf, 0xbb, 0xd2, 0xc0, 0x1e, 0x0, 0xf0,
    0xe, 0x1d, 0x22, 0xd2, 0xff, 0xff, 0xff, 0xf0,
    0xe, 0x5e, 0x56, 0xd2, 0xc0, 0x2e, 0x0, 0xf0,
    0xe, 0xbf, 0xbb, 0xd2, 0xc0, 0x1e, 0x0, 0xf0,
    0xe, 0x1d, 0x22, 0xd2, 0xff, 0xff, 0xff, 0xf0,
    0xe, 0x8e, 0x88, 0xd1, 0x71, 0x2e, 0x11, 0x80,
    0xf, 0x8e, 0x99, 0xd0, 0x0, 0x1e, 0x0, 0x0,
    0x1f, 0xd, 0x22, 0xdb, 0xff, 0xff, 0xff, 0xf9,
    0x3d, 0xd, 0x22, 0xd0, 0x11, 0x2e, 0x11, 0x10,
    0x98, 0x8, 0x25, 0xd0, 0x0, 0x1e, 0x0, 0x0,
    0xb2, 0x6, 0xfe, 0x60, 0x0, 0x1e, 0x0, 0x0,
    0x0, 0x0, 0x0, 0x0, 0x0, 0x0, 0x0, 0x0,

    /* U+8A3E "訾" */
    0x0, 0x0, 0x14, 0x0, 0x5, 0x10, 0x0, 0x0,
    0x0, 0x10, 0x5c, 0x0, 0xf, 0x30, 0x17, 0x50,
    0x3, 0xe0, 0x5f, 0xcc, 0x4f, 0x69, 0xea, 0x30,
    0x3, 0xe0, 0x5c, 0x22, 0xf, 0xd7, 0x10, 0x4c,
    0x3, 0xe0, 0x5d, 0x46, 0x3f, 0x40, 0x0, 0x8c,
    0x2b, 0xfe, 0xfd, 0xb9, 0x2b, 0xfd, 0xdd, 0xf5,
    0x17, 0x42, 0x0, 0x7, 0x90, 0x23, 0x33, 0x10,
    0x4e, 0xee, 0xee, 0xee, 0xfe, 0xee, 0xee, 0xeb,
    0x2, 0x22, 0x22, 0x22, 0x22, 0x22, 0x22, 0x21,
    0x0, 0x4e, 0xee, 0xee, 0xee, 0xee, 0xe8, 0x0,
    0x0, 0x15, 0x55, 0x55, 0x55, 0x55, 0x53, 0x0,
    0x0, 0x27, 0x77, 0x77, 0x77, 0x77, 0x74, 0x0,
    0x0, 0x4c, 0xcc, 0xcc, 0xcc, 0xcc, 0xc8, 0x0,
    0x0, 0x6b, 0x22, 0x22, 0x22, 0x22, 0x8a, 0x0,
    0x0, 0x6b, 0x33, 0x33, 0x33, 0x33, 0x8a, 0x0,
    0x0, 0x6e, 0xbb, 0xbb, 0xbb, 0xbb, 0xda, 0x0,

    /* U+8B26 "謦" */
    0x0, 0x0, 0x32, 0x0, 0x0, 0x0, 0x0, 0x0,
    0x1, 0x11, 0xa7, 0x11, 0x12, 0x99, 0x99, 0x0,
    0x4a, 0xaa, 0xec, 0xaa, 0x95, 0xc4, 0x4f, 0x10,
    0x7, 0xaa, 0xdc, 0xaa, 0x5d, 0x30, 0xa, 0xc7,
    0x2, 0x55, 0x55, 0x55, 0x3d, 0xcc, 0xcc, 0xa0,
    0x7, 0xb5, 0xb9, 0x5e, 0x34, 0xd2, 0x3e, 0x50,
    0x8, 0xdb, 0xed, 0xbf, 0x31, 0x9f, 0xf8, 0x10,
    0xb, 0x40, 0x0, 0x8, 0x8f, 0xb4, 0x4a, 0xe9,
    0x4e, 0x9a, 0xaa, 0xad, 0xda, 0xaa, 0xaa, 0x30,
    0x24, 0x23, 0x33, 0x33, 0x33, 0x33, 0x33, 0x10,
    0x0, 0x3c, 0xcc, 0xcc, 0xcc, 0xcc, 0xc5, 0x0,
    0x0, 0x28, 0x88, 0x88, 0x88, 0x88, 0x83, 0x0,
    0x0, 0x14, 0x44, 0x44, 0x44, 0x44, 0x41, 0x0,
    0x0, 0x1f, 0xcc, 0xcc, 0xcc, 0xcc, 0xf4, 0x0,
    0x0, 0x1f, 0x22, 0x22, 0x22, 0x22, 0xd4, 0x0,
    0x0, 0xf, 0xaa, 0xaa, 0xaa, 0xaa, 0xe4, 0x0,

    /* U+8C47 "豇" */
    0x11, 0x11, 0x11, 0x11, 0x22, 0x22, 0x22, 0x20,
    0xbf, 0xff, 0xff, 0xf7, 0xff, 0xff, 0xff, 0xf3,
    0x0, 0x0, 0x0, 0x0, 0x0, 0x2f, 0x10, 0x0,
    0x13, 0x33, 0x33, 0x30, 0x0, 0x2f, 0x10, 0x0,
    0x6f, 0xdd, 0xde, 0xf0, 0x0, 0x2f, 0x10, 0x0,
    0x6b, 0x0, 0x2, 0xf0, 0x0, 0x2f, 0x10, 0x0,
    0x6b, 0x0, 0x2, 0xf0, 0x0, 0x2f, 0x10, 0x0,
    0x6f, 0xff, 0xff, 0xf0, 0x0, 0x2f, 0x10, 0x0,
    0x6b, 0x22, 0x23, 0xf0, 0x0, 0x2f, 0x10, 0x0,
    0x6, 0x0, 0x6, 0x30, 0x0, 0x2f, 0x10, 0x0,
    0xa, 0x80, 0xe, 0x30, 0x0, 0x2f, 0x10, 0x0,
    0x2, 0xe0, 0x7a, 0x20, 0x0, 0x2f, 0x10, 0x0,
    0x14, 0x79, 0xef, 0xe2, 0x0, 0x2f, 0x10, 0x0,
    0xde, 0xb7, 0x41, 0xd, 0xff, 0xff, 0xff, 0xf7,
    0x0, 0x0, 0x0, 0x2, 0x22, 0x22, 0x22, 0x21,

    /* U+8C49 "豉" */
    0x0, 0x0, 0x0, 0x0, 0x0, 0x2, 0x0, 0x0,
    0x11, 0x11, 0x11, 0x10, 0x0, 0xf, 0x10, 0x0,
    0xaf, 0xff, 0xff, 0xf1, 0x0, 0xf, 0x10, 0x0,
    0x0, 0x0, 0x0, 0x8, 0xcc, 0xcf, 0xdc, 0xc4,
    0x13, 0x33, 0x33, 0x25, 0x88, 0x8f, 0x88, 0x83,
    0x4f, 0xdd, 0xde, 0xc0, 0x0, 0xf, 0x10, 0x0,
    0x4d, 0x0, 0x5, 0xc1, 0x22, 0x2f, 0x32, 0x20,
    0x4d, 0x0, 0x5, 0xc6, 0xed, 0xcc, 0xcc, 0xf0,
    0x4f, 0xff, 0xff, 0xc0, 0x8a, 0x0, 0x7, 0xc0,
    0x4d, 0x22, 0x26, 0xb0, 0x2f, 0x0, 0xe, 0x50,
    0x5, 0x0, 0x7, 0x10, 0xc, 0x70, 0x6e, 0x0,
    0xb, 0x80, 0x3f, 0x10, 0x5, 0xe3, 0xf5, 0x0,
    0x4, 0xf1, 0xa8, 0x0, 0x0, 0xcf, 0xa0, 0x0,
    0x0, 0x65, 0xfb, 0xd8, 0x4, 0xef, 0xb1, 0x0,
    0x9e, 0xfd, 0xa7, 0x44, 0xaf, 0x83, 0xee, 0x60,
    0x33, 0x0, 0x0, 0x5f, 0xb3, 0x0, 0x1a, 0xf5,
    0x0, 0x0, 0x0, 0x3, 0x0, 0x0, 0x0, 0x10,

    /* U+8C55 "豕" */
    0x1, 0x22, 0x22, 0x22, 0x22, 0x22, 0x22, 0x20,
    0xa, 0xff, 0xff, 0xff, 0xff, 0xff, 0xff, 0xf1,
    0x0, 0x0, 0x0, 0x2d, 0xa0, 0x0, 0x0, 0x0,
    0x0, 0x0, 0x6, 0xfb, 0x0, 0x0, 0x8, 0x50,
    0x0, 0x4, 0xcd, 0x9f, 0x10, 0x3, 0xdd, 0x40,
    0x16, 0xdf, 0x70, 0x2f, 0xa0, 0x9f, 0x90, 0x0,
    0x4e, 0x70, 0x4, 0xfa, 0xfe, 0xcf, 0x20, 0x0,
    0x0, 0x0, 0x9f, 0x50, 0xe9, 0xc, 0x60, 0x0,
    0x0, 0x6e, 0xc2, 0x8, 0xfb, 0x8, 0xb0, 0x0,
    0x3e, 0xe6, 0x0, 0x9e, 0x8f, 0x2, 0xf2, 0x0,
    0x6, 0x0, 0x2c, 0xd2, 0x4f, 0x0, 0xbb, 0x0,
    0x0, 0x8, 0xf9, 0x0, 0x2f, 0x20, 0x3f, 0x80,
    0x17, 0xed, 0x30, 0x0, 0x4f, 0x10, 0x6, 0xf8,
    0x7c, 0x50, 0x4, 0x44, 0xcc, 0x0, 0x0, 0x41,
    0x0, 0x0, 0xc, 0xff, 0xc2, 0x0, 0x0, 0x0,
    0x0, 0x0, 0x0, 0x0, 0x0, 0x0, 0x0, 0x0,

    /* U+8C78 "豸" */
    0x0, 0x0, 0x0, 0x0, 0x0, 0x20, 0x0, 0x0,
    0x0, 0x0, 0x4, 0x9e, 0xf1, 0x0, 0x0, 0x25,
    0x8c, 0xfe, 0x94, 0x0, 0x0, 0x7, 0xfd, 0xa6,
    0x29, 0x50, 0x0, 0x62, 0x0, 0x17, 0x50, 0x7,
    0xe2, 0x7e, 0xd5, 0x0, 0x5, 0xf2, 0x4, 0xff,
    0xc5, 0x0, 0x0, 0x0, 0xcd, 0xef, 0xf4, 0x0,
    0x0, 0x27, 0xbf, 0xfa, 0x40, 0xdc, 0x0, 0x0,
    0x4c, 0x84, 0x0, 0x1c, 0xde, 0x60, 0x0, 0x0,
    0x0, 0x7, 0xf9, 0x8, 0xd0, 0x0, 0x0, 0x28,
    0xec, 0x30, 0x5f, 0xf2, 0x0, 0xa, 0xfa, 0x30,
    0x8, 0xf5, 0xe4, 0x0, 0x2, 0x10, 0x4, 0xdd,
    0x20, 0xd5, 0x0, 0x0, 0x4, 0xcf, 0x70, 0x0,
    0xf4, 0x0, 0x8, 0xee, 0x81, 0x43, 0x39, 0xe0,
    0x0, 0x6, 0x50, 0x0, 0xff, 0xfd, 0x40, 0x0,
    0x0, 0x0, 0x0, 0x0, 0x0, 0x0, 0x0,

    /* U+8C82 "貂" */
    0x0, 0x0, 0x0, 0x0, 0x0, 0x0, 0x0, 0x0,
    0x0, 0x1, 0x9c, 0x2, 0x22, 0x22, 0x22, 0x20,
    0x2, 0x8e, 0xb2, 0xe, 0xef, 0xfe, 0xee, 0xf1,
    0x7f, 0xa7, 0x50, 0x30, 0xc, 0x70, 0x1, 0xf1,
    0x14, 0x32, 0xed, 0xa0, 0xf, 0x40, 0x2, 0xf0,
    0x4, 0xda, 0xe6, 0x0, 0x7e, 0x0, 0x3, 0xf0,
    0x5c, 0xec, 0xa0, 0x4, 0xf6, 0x1, 0x7, 0xd0,
    0x56, 0x4, 0xf2, 0x8f, 0x70, 0x1f, 0xff, 0x60,
    0x3, 0x9e, 0xc8, 0x33, 0x0, 0x2, 0x21, 0x0,
    0x6f, 0x91, 0x6b, 0xc, 0xdd, 0xdd, 0xdd, 0xc0,
    0x1, 0x4, 0xfe, 0xe, 0x74, 0x44, 0x47, 0xe0,
    0x0, 0x8e, 0x5f, 0xe, 0x40, 0x0, 0x3, 0xe0,
    0x4e, 0xc2, 0x1f, 0xe, 0x40, 0x0, 0x3, 0xe0,
    0x26, 0x0, 0x3f, 0xe, 0x40, 0x0, 0x3, 0xe0,
    0x1, 0x44, 0xac, 0xe, 0xff, 0xff, 0xff, 0xe0,
    0x1, 0xee, 0xd3, 0xe, 0x52, 0x22, 0x25, 0xe0,

    /* U+8C85 "貅" */
    0x0, 0x0, 0x20, 0x0, 0x20, 0x1, 0x0, 0x0,
    0x0, 0x8, 0xf5, 0x0, 0xd3, 0xd, 0x40, 0x0,
    0x17, 0xeb, 0x30, 0x2, 0xd0, 0xd, 0x40, 0x0,
    0x9b, 0x33, 0xd3, 0x18, 0x80, 0xd, 0x40, 0x0,
    0x4, 0x90, 0xde, 0x4e, 0x7f, 0xff, 0xff, 0xe0,
    0x1, 0xfc, 0xc2, 0x7f, 0x21, 0x6f, 0xc1, 0x10,
    0x29, 0xfe, 0x1, 0xff, 0x20, 0x9d, 0xd1, 0x0,
    0x78, 0x1b, 0x88, 0xae, 0x20, 0xbd, 0xa6, 0x0,
    0x0, 0x7d, 0xe4, 0x1e, 0x23, 0x9d, 0x5c, 0x0,
    0xa, 0xc1, 0xb6, 0xe, 0x2a, 0x5d, 0x4c, 0x40,
    0x5b, 0x5, 0xfa, 0xe, 0x4e, 0xd, 0x45, 0xd0,
    0x0, 0x4e, 0x7c, 0xe, 0xd8, 0xd, 0x40, 0xd7,
    0x6, 0xe2, 0x4d, 0xe, 0xa0, 0xd, 0x40, 0x31,
    0x5e, 0x20, 0x3e, 0xe, 0x20, 0xd, 0x40, 0x0,
    0x2, 0x22, 0xab, 0xe, 0x20, 0xd, 0x40, 0x0,
    0x5, 0xff, 0xd2, 0xe, 0x20, 0xd, 0x40, 0x0,
    0x0, 0x0, 0x0, 0x0, 0x0, 0x0, 0x0, 0x0,

    /* U+8C8A "貊" */
    0x0, 0x0, 0x0, 0x0, 0x0, 0x0, 0x0, 0x0,
    0x0, 0x1, 0xad, 0x2, 0x22, 0x22, 0x22, 0x21,
    0x3, 0x9f, 0x91, 0x3f, 0xff, 0xff, 0xff, 0xf8,
    0x7e, 0x84, 0x90, 0x20, 0x2, 0xf3, 0x0, 0x0,
    0x3, 0x70, 0xdd, 0xb0, 0x6, 0xe0, 0x0, 0x0,
    0x1, 0xfa, 0xe7, 0xc, 0xff, 0xff, 0xff, 0xf1,
    0x5c, 0xed, 0xa0, 0xd, 0x61, 0x11, 0x12, 0xf1,
    0x35, 0x3, 0xf2, 0xd, 0x50, 0x0, 0x1, 0xf1,
    0x2, 0x8e, 0xd9, 0xd, 0x50, 0x0, 0x1, 0xf1,
    0x6f, 0xa2, 0x5e, 0xd, 0xdc, 0xcc, 0xcc, 0xf1,
    0x2, 0x3, 0xef, 0x2d, 0x84, 0x44, 0x45, 0xf1,
    0x0, 0x8f, 0x6e, 0x4d, 0x50, 0x0, 0x1, 0xf1,
    0x5e, 0xd3, 0xc, 0x5d, 0x50, 0x0, 0x1, 0xf1,
    0x27, 0x0, 0xe, 0x4d, 0x62, 0x22, 0x22, 0xf1,
    0x0, 0x55, 0x8f, 0x1d, 0xff, 0xff, 0xff, 0xf1,
    0x0, 0xdd, 0xc4, 0xd, 0x50, 0x0, 0x1, 0xf1,

    /* U+8C94 "貔" */
    0x0, 0x0, 0x30, 0x0, 0x4, 0x40, 0x0, 0x0,
    0x0, 0x1b, 0xe1, 0x0, 0xc, 0x80, 0x0, 0x0,
    0x29, 0xf9, 0x0, 0xbe, 0xef, 0xee, 0xee, 0xd0,
    0x9a, 0x2a, 0x33, 0xd5, 0x63, 0x12, 0x94, 0xe0,
    0x7, 0x27, 0xef, 0xe4, 0x8e, 0x6c, 0xb2, 0xe0,
    0x8, 0xbc, 0xc2, 0xd4, 0x9, 0xff, 0x12, 0xe0,
    0x3a, 0xfc, 0x0, 0xd5, 0xbe, 0x6a, 0xe4, 0xe0,
    0x7b, 0x6f, 0x10, 0xd5, 0x92, 0x11, 0x63, 0xe0,
    0x0, 0x5f, 0x70, 0x9e, 0xff, 0xff, 0xff, 0xd0,
    0x5d, 0xd7, 0xc0, 0x74, 0x0, 0x2d, 0x0, 0x31,
    0x49, 0x6, 0xf0, 0xb7, 0x33, 0x3e, 0x6, 0xf7,
    0x0, 0x8f, 0xf3, 0xbe, 0xdd, 0x6f, 0xbe, 0x50,
    0x2c, 0xe4, 0xd4, 0xb5, 0x0, 0x2f, 0x80, 0x28,
    0x69, 0x10, 0xd3, 0xb5, 0x6, 0x3e, 0x0, 0x5c,
    0x2, 0x25, 0xf1, 0xcc, 0xec, 0x2f, 0x53, 0xb8,
    0x8, 0xff, 0x70, 0xda, 0x30, 0x7, 0xdd, 0xb1,
    0x0, 0x0, 0x0, 0x0, 0x0, 0x0, 0x0, 0x0,

    /* U+8C98 "貘" */
    0x0, 0x0, 0x0, 0x0, 0x0, 0x0, 0x0, 0x0,
    0x0, 0x6, 0xc0, 0x0, 0x86, 0x1, 0xf0, 0x0,
    0x4, 0xcd, 0x30, 0xaa, 0xdc, 0xaa, 0xfa, 0xa5,
    0xae, 0x76, 0x0, 0x55, 0xba, 0x56, 0xf6, 0x53,
    0x25, 0xa, 0xae, 0x32, 0x76, 0x23, 0xb3, 0x20,
    0x9, 0x9a, 0xe5, 0x3f, 0xdd, 0xdd, 0xdd, 0xd0,
    0x4a, 0xfc, 0x0, 0x3d, 0x0, 0x0, 0x4, 0xd0,
    0x78, 0x3e, 0x10, 0x3f, 0xee, 0xee, 0xef, 0xd0,
    0x1, 0xaf, 0x70, 0x3d, 0x0, 0x0, 0x3, 0xd0,
    0x7f, 0xa4, 0xd0, 0x3f, 0xff, 0xff, 0xff, 0xd0,
    0x56, 0xa, 0xf1, 0x2b, 0x2, 0xf0, 0x3, 0xb0,
    0x0, 0xae, 0xf4, 0x44, 0x46, 0xf4, 0x44, 0x43,
    0x4e, 0xd2, 0xc7, 0xbb, 0xbe, 0xfd, 0xbb, 0xb8,
    0x77, 0x0, 0xd4, 0x0, 0x4f, 0x8e, 0x40, 0x0,
    0x2, 0x25, 0xf1, 0x29, 0xf5, 0x6, 0xfa, 0x40,
    0xa, 0xfe, 0x76, 0xfb, 0x20, 0x0, 0x29, 0xe8,
    0x0, 0x0, 0x0, 0x20, 0x0, 0x0, 0x0, 0x0,

    /* U+8D67 "赧" */
    0x0, 0x0, 0x40, 0x0, 0x0, 0x0, 0x0, 0x0,
    0x0, 0x0, 0x1f, 0x0, 0x2, 0x33, 0x33, 0x33,
    0x0, 0x0, 0x1, 0xf0, 0x0, 0xbe, 0xee, 0xee,
    0xf2, 0x0, 0xce, 0xef, 0xee, 0x8b, 0x60, 0x0,
    0xf, 0x20, 0x0, 0x1, 0xf1, 0x0, 0xb6, 0x2,
    0x24, 0xf0, 0x0, 0x0, 0x1f, 0x0, 0xb, 0x60,
    0xbf, 0xe8, 0x0, 0x4e, 0xef, 0xef, 0xeb, 0xb6,
    0x0, 0x0, 0x0, 0x0, 0x3, 0xd0, 0xe3, 0xb,
    0xff, 0xff, 0xff, 0x40, 0x7, 0x5d, 0xe, 0x61,
    0xb7, 0xe4, 0x11, 0xe3, 0x0, 0xf5, 0xc0, 0xec,
    0x9b, 0x6a, 0x60, 0x2f, 0x0, 0x4c, 0x6b, 0xe,
    0x4d, 0xb6, 0x5b, 0x6, 0xb0, 0x8, 0x88, 0x90,
    0xe3, 0xb, 0x60, 0xe4, 0xd5, 0x0, 0x1, 0xc5,
    0xe, 0x30, 0xb6, 0x7, 0xfd, 0x0, 0x0, 0x3e,
    0x0, 0xe3, 0xb, 0x60, 0x4f, 0xb0, 0x0, 0xc,
    0x62, 0x3f, 0x20, 0xb6, 0x6e, 0x5b, 0xc3, 0x4,
    0xa0, 0xcf, 0xa0, 0xb, 0x9c, 0x20, 0x7, 0xa0,
    0x0, 0x0, 0x0, 0x0, 0x0, 0x0, 0x0, 0x0,
    0x0,

    /* U+8D6D "赭" */
    0x0, 0x0, 0x0, 0x0, 0x0, 0x0, 0x0, 0x0,
    0x0, 0x9, 0x90, 0x0, 0x0, 0xe4, 0x0, 0x0,
    0x0, 0x9, 0x90, 0x0, 0x0, 0xe4, 0x0, 0x93,
    0x2e, 0xef, 0xfe, 0xb3, 0xff, 0xff, 0xfb, 0xe1,
    0x1, 0x19, 0x91, 0x10, 0x0, 0xe4, 0x1e, 0x50,
    0x0, 0x9, 0x90, 0x0, 0x0, 0xe4, 0xc8, 0x0,
    0x8f, 0xff, 0xff, 0xf9, 0xff, 0xff, 0xff, 0xfd,
    0x0, 0xa6, 0x6a, 0x0, 0x2, 0xd9, 0x0, 0x0,
    0x6, 0xa6, 0x6b, 0x21, 0x8f, 0xfc, 0xcc, 0xa0,
    0x3c, 0xb5, 0x6f, 0xdd, 0xee, 0x33, 0x36, 0xd0,
    0x78, 0xc4, 0x6b, 0xe6, 0x2e, 0x0, 0x3, 0xd0,
    0xb4, 0xe2, 0x6a, 0x41, 0x2f, 0xee, 0xef, 0xd0,
    0x2, 0xf0, 0x6a, 0x0, 0x2e, 0x0, 0x3, 0xd0,
    0x8, 0xa0, 0x6a, 0x0, 0x2e, 0x0, 0x3, 0xd0,
    0x3f, 0x55, 0xc9, 0x0, 0x2f, 0xff, 0xff, 0xd0,
    0x77, 0x3d, 0xb2, 0x0, 0x2e, 0x0, 0x3, 0xd0,
    0x0, 0x0, 0x0, 0x0, 0x0, 0x0, 0x0, 0x0,

    /* U+8D73 "赳" */
    0x0, 0x1, 0x70, 0x0, 0x0, 0x0, 0x4, 0x20,
    0x0, 0x2, 0xf0, 0x0, 0x0, 0x0, 0xd, 0x60,
    0x0, 0x2, 0xf0, 0x0, 0x5, 0x0, 0xd, 0x60,
    0xf, 0xff, 0xff, 0xf8, 0x2f, 0x0, 0xd, 0x60,
    0x1, 0x23, 0xf2, 0x21, 0x2f, 0x0, 0xd, 0x60,
    0x0, 0x2, 0xf0, 0x0, 0x2f, 0x0, 0xd, 0x60,
    0x7d, 0xde, 0xfd, 0xdc, 0x2f, 0x0, 0xd, 0x60,
    0x24, 0x44, 0xc9, 0x44, 0x2f, 0x0, 0xd, 0x60,
    0x3, 0x80, 0xb7, 0x0, 0x2f, 0x0, 0x3e, 0x60,
    0x6, 0xc0, 0xb7, 0x10, 0x3f, 0x9e, 0xff, 0x60,
    0x7, 0xb0, 0xbf, 0xfc, 0x6f, 0xc6, 0x1d, 0x60,
    0x9, 0xb0, 0xb7, 0x0, 0x3, 0x0, 0xd, 0x60,
    0xc, 0xf3, 0xb7, 0x0, 0x0, 0x0, 0xd, 0x60,
    0xf, 0xae, 0xc7, 0x0, 0x0, 0x0, 0xd, 0x60,
    0x5f, 0xa, 0xfb, 0x31, 0x11, 0x11, 0x25, 0x31,
    0x69, 0x0, 0x5c, 0xef, 0xff, 0xff, 0xff, 0xf7,
    0x2, 0x0, 0x0, 0x0, 0x0, 0x0, 0x11, 0x10,

    /* U+8D84 "趄" */
    0x0, 0x4, 0x20, 0x0, 0x0, 0x0, 0x0, 0x0,
    0x0, 0xb, 0x60, 0x0, 0x99, 0x99, 0x99, 0x10,
    0x0, 0xb, 0x60, 0x1, 0xf8, 0x88, 0x8f, 0x10,
    0x4f, 0xff, 0xff, 0xc1, 0xf0, 0x0, 0xf, 0x10,
    0x2, 0x2c, 0x72, 0x11, 0xf1, 0x0, 0xf, 0x10,
    0x0, 0xb, 0x60, 0x1, 0xfe, 0xee, 0xef, 0x10,
    0xad, 0xdf, 0xed, 0xd2, 0xf0, 0x0, 0xf, 0x10,
    0x34, 0x47, 0xf4, 0x41, 0xf0, 0x0, 0xf, 0x10,
    0x5, 0x43, 0xe0, 0x1, 0xf8, 0x77, 0x7f, 0x10,
    0xa, 0x73, 0xe2, 0x21, 0xfb, 0xbb, 0xbf, 0x10,
    0xb, 0x53, 0xff, 0xf2, 0xf0, 0x0, 0xf, 0x10,
    0xd, 0x73, 0xe0, 0x1, 0xf0, 0x0, 0xf, 0x10,
    0xf, 0xe5, 0xe0, 0x6f, 0xff, 0xff, 0xff, 0xf7,
    0x4d, 0x8f, 0xe0, 0x1, 0x11, 0x11, 0x11, 0x10,
    0xa9, 0xb, 0xf8, 0x31, 0x12, 0x22, 0x22, 0x21,
    0xa4, 0x0, 0x6c, 0xff, 0xff, 0xff, 0xff, 0xf6,
    0x20, 0x0, 0x0, 0x0, 0x0, 0x1, 0x11, 0x10,

    /* U+8D91 "趑" */
    0x0, 0x5, 0x10, 0x0, 0x0, 0x4, 0x0, 0x0,
    0x0, 0xd, 0x40, 0x5, 0x0, 0x3f, 0x0, 0x0,
    0x0, 0xd, 0x40, 0xd, 0x60, 0x8b, 0x0, 0x0,
    0x5f, 0xff, 0xff, 0xa6, 0xe0, 0xef, 0xff, 0xf9,
    0x2, 0x2d, 0x52, 0x10, 0xd7, 0xe1, 0x0, 0xd6,
    0x0, 0xd, 0x40, 0x0, 0xd, 0x72, 0x54, 0xe0,
    0x9c, 0xcf, 0xdc, 0xc0, 0x17, 0x5, 0xb1, 0x20,
    0x34, 0x49, 0xb4, 0x40, 0xe4, 0x6, 0xa0, 0x0,
    0x7, 0x37, 0xa0, 0x3, 0xf1, 0x8, 0x90, 0x0,
    0xc, 0x57, 0xa0, 0x7, 0xb0, 0xb, 0xf6, 0x0,
    0xd, 0x47, 0xff, 0xac, 0x60, 0x1f, 0x6f, 0x10,
    0xe, 0x57, 0xa1, 0x3f, 0x10, 0xb9, 0xc, 0xa0,
    0x1f, 0xd8, 0xa0, 0x7c, 0x9, 0xd1, 0x3, 0xf3,
    0x5d, 0x9f, 0xa0, 0x3, 0x5e, 0x20, 0x0, 0x83,
    0xa9, 0xc, 0xe7, 0x31, 0x12, 0x11, 0x11, 0x21,
    0xc3, 0x0, 0x6c, 0xff, 0xff, 0xff, 0xff, 0xf8,
    0x20, 0x0, 0x0, 0x0, 0x0, 0x0, 0x0, 0x0,

    /* U+8D94 "趔" */
    0x0, 0x3, 0x0, 0x0, 0x0, 0x0, 0x0, 0x0,
    0x0, 0x1f, 0x0, 0x23, 0x33, 0x32, 0x0, 0xa0,
    0x0, 0x1f, 0x0, 0x7b, 0xfa, 0xa8, 0x0, 0xf1,
    0x1f, 0xff, 0xfb, 0x5, 0xa0, 0x1, 0xe0, 0xf1,
    0x0, 0x1f, 0x0, 0x9, 0x93, 0x31, 0xe0, 0xf1,
    0x0, 0x1f, 0x0, 0xe, 0xcc, 0xf2, 0xe0, 0xf1,
    0x5b, 0xbf, 0xbb, 0x5c, 0x0, 0xf1, 0xe0, 0xf1,
    0x14, 0x4b, 0x94, 0xd7, 0x14, 0xc1, 0xe0, 0xf1,
    0x5, 0x39, 0x71, 0xb5, 0xeb, 0x91, 0xe0, 0xf1,
    0x9, 0x69, 0xb8, 0x0, 0x5f, 0x31, 0xe0, 0xf1,
    0xa, 0x59, 0xb8, 0x0, 0x9c, 0x1, 0xc0, 0xf1,
    0xc, 0x79, 0x70, 0x4, 0xf3, 0x0, 0x0, 0xf1,
    0xe, 0xeb, 0x70, 0x3f, 0x80, 0x3, 0x57, 0xf0,
    0x3e, 0x7f, 0x70, 0xb9, 0x0, 0x5, 0xcc, 0x60,
    0x8a, 0xa, 0xf8, 0x52, 0x11, 0x11, 0x11, 0x21,
    0x94, 0x0, 0x5b, 0xef, 0xff, 0xff, 0xff, 0xf8,
    0x20, 0x0, 0x0, 0x0, 0x0, 0x0, 0x0, 0x0,

    /* U+8DB1 "趱" */
    0x0, 0x5, 0x0, 0x0, 0x40, 0x0, 0x4, 0x0,
    0x0, 0x0, 0xf0, 0x4, 0x3d, 0x0, 0x72, 0xd0,
    0x0, 0x0, 0xf, 0x0, 0xbd, 0xfc, 0x2f, 0xdf,
    0xc5, 0x0, 0xee, 0xfe, 0x99, 0xd, 0x5, 0x60,
    0xd0, 0x0, 0x0, 0xf, 0x1, 0xcc, 0xfc, 0x5c,
    0xcf, 0xc8, 0x0, 0x0, 0xf0, 0x2, 0xb4, 0x80,
    0x68, 0x85, 0x30, 0x4a, 0xaf, 0xa9, 0x58, 0x5c,
    0x7a, 0x58, 0x5c, 0x2, 0x66, 0x9c, 0x6d, 0x25,
    0x74, 0xc0, 0x3c, 0x60, 0x2, 0x36, 0x90, 0x3b,
    0xbb, 0xbb, 0xbb, 0x90, 0x0, 0x68, 0x6b, 0x32,
    0xf3, 0x35, 0x43, 0x6d, 0x0, 0x7, 0x76, 0xeb,
    0x2f, 0x0, 0xd2, 0x3, 0xd0, 0x0, 0x99, 0x69,
    0x1, 0xf0, 0x2f, 0x50, 0x3d, 0x0, 0xb, 0xf9,
    0x90, 0x1, 0x5d, 0x8b, 0xe8, 0x10, 0x0, 0xe5,
    0xf9, 0x1d, 0xfd, 0x40, 0x3, 0xbf, 0x60, 0x4c,
    0x7, 0xe7, 0x62, 0x0, 0x0, 0x0, 0x41, 0x8,
    0x60, 0x4, 0xbf, 0xff, 0xff, 0xff, 0xff, 0xd0,
    0x10, 0x0, 0x0, 0x0, 0x11, 0x11, 0x11, 0x11,
    0x0,

    /* U+8DB5 "趵" */
    0x0, 0x0, 0x0, 0x0, 0x0, 0x0, 0x0, 0x0,
    0x1, 0x33, 0x33, 0x20, 0xd, 0x40, 0x0, 0x0,
    0xa, 0xed, 0xde, 0xb0, 0x4f, 0x0, 0x0, 0x0,
    0xa, 0x70, 0x6, 0xb0, 0xae, 0xaa, 0xaa, 0xa1,
    0xa, 0x70, 0x6, 0xb1, 0xf5, 0x55, 0x56, 0xf2,
    0xa, 0xec, 0xcd, 0xba, 0xa0, 0x0, 0x2, 0xf1,
    0xa, 0x95, 0xf3, 0x5f, 0x20, 0x0, 0x2, 0xf1,
    0x1, 0x13, 0xe0, 0x5, 0x73, 0x0, 0x3, 0xf0,
    0xd, 0x23, 0xe1, 0x10, 0x7e, 0x10, 0x3, 0xf0,
    0xe, 0x23, 0xff, 0xf3, 0xc, 0xb0, 0x3, 0xf0,
    0xe, 0x23, 0xe0, 0x0, 0x2, 0xf4, 0x4, 0xe0,
    0xe, 0x23, 0xe0, 0x0, 0x0, 0x20, 0x5, 0xe0,
    0xe, 0x23, 0xe0, 0x0, 0x0, 0x0, 0x6, 0xd0,
    0xe, 0x57, 0xfb, 0xd9, 0x0, 0x0, 0x7, 0xc0,
    0xaf, 0xfd, 0xa7, 0x51, 0x5, 0x43, 0x4d, 0x90,
    0x33, 0x0, 0x0, 0x0, 0xe, 0xff, 0xfc, 0x10,
    0x0, 0x0, 0x0, 0x0, 0x0, 0x0, 0x0, 0x0,

    /* U+8DB8 "趸" */
    0x13, 0x33, 0x33, 0x33, 0x33, 0x33, 0x33, 0x30,
    0x6c, 0xcc, 0xdf, 0xcc, 0xcc, 0xcc, 0xcc, 0xc0,
    0x0, 0x0, 0x7c, 0x11, 0x11, 0x11, 0x10, 0x0,
    0x0, 0x1, 0xee, 0xdd, 0xdd, 0xdd, 0xe9, 0x0,
    0x0, 0x5e, 0xb0, 0x0, 0x24, 0x44, 0xc7, 0x0,
    0x7f, 0xc5, 0x0, 0x0, 0x39, 0x99, 0x60, 0x0,
    0x11, 0xad, 0xdd, 0xdd, 0xdd, 0xdd, 0xd8, 0x0,
    0x0, 0xc7, 0x11, 0x11, 0x11, 0x11, 0x9a, 0x0,
    0x0, 0xc6, 0x0, 0x0, 0x0, 0x0, 0x8a, 0x0,
    0x0, 0xcf, 0xee, 0xef, 0xfe, 0xee, 0xfa, 0x0,
    0x0, 0x28, 0x0, 0xc, 0x60, 0x0, 0x11, 0x0,
    0x0, 0x3f, 0x10, 0xc, 0xff, 0xff, 0xfa, 0x0,
    0x0, 0xaf, 0x90, 0xc, 0x60, 0x0, 0x0, 0x0,
    0x8, 0xe3, 0xeb, 0x4c, 0x70, 0x0, 0x11, 0x10,
    0xbe, 0x40, 0x19, 0xef, 0xff, 0xff, 0xff, 0xf5,
    0x31, 0x0, 0x0, 0x0, 0x0, 0x0, 0x0, 0x0,

    /* U+8DBA "趺" */
    0x3, 0x44, 0x44, 0x10, 0x0, 0xb7, 0x0, 0x0,
    0x0, 0xed, 0xcc, 0xf6, 0x0, 0xc, 0x70, 0x0,
    0x0, 0xe, 0x30, 0xf, 0x76, 0x66, 0xdb, 0x66,
    0x61, 0x0, 0xe3, 0x0, 0xf8, 0x88, 0x8e, 0xb8,
    0x88, 0x10, 0xe, 0xee, 0xef, 0x60, 0x0, 0xc7,
    0x0, 0x0, 0x0, 0xe5, 0xc6, 0x20, 0x0, 0xd,
    0x60, 0x0, 0x0, 0x0, 0xc, 0x50, 0x2, 0x22,
    0xe7, 0x22, 0x22, 0x0, 0xf0, 0xc5, 0x3, 0xdd,
    0xdf, 0xfd, 0xdd, 0xb0, 0xf, 0x1c, 0xff, 0x80,
    0x4, 0xfd, 0x0, 0x0, 0x0, 0xf1, 0xc6, 0x10,
    0x0, 0x9a, 0xe3, 0x0, 0x0, 0xf, 0x1c, 0x50,
    0x0, 0x1f, 0x49, 0xb0, 0x0, 0x0, 0xf1, 0xc5,
    0x11, 0xb, 0xc0, 0x2f, 0x50, 0x0, 0x2f, 0x9e,
    0xff, 0x5a, 0xf2, 0x0, 0x7f, 0x30, 0xa, 0xd9,
    0x63, 0x2c, 0xf4, 0x0, 0x0, 0xaf, 0x70, 0x0,
    0x0, 0x1, 0xc3, 0x0, 0x0, 0x0, 0x89, 0x0,
    0x0, 0x0, 0x0, 0x0, 0x0, 0x0, 0x0, 0x0,

    /* U+8DBC "趼" */
    0x2, 0x33, 0x33, 0x12, 0x22, 0x22, 0x22, 0x21,
    0xd, 0xee, 0xef, 0x8b, 0xff, 0xee, 0xef, 0xe9,
    0xd, 0x40, 0x9, 0x80, 0x4f, 0x0, 0x2f, 0x0,
    0xd, 0x40, 0x9, 0x80, 0x4f, 0x0, 0x2f, 0x0,
    0xd, 0xff, 0xff, 0x80, 0x4f, 0x0, 0x2f, 0x0,
    0xc, 0x55, 0xd1, 0x0, 0x4f, 0x0, 0x2f, 0x0,
    0x0, 0x4, 0xd0, 0x3, 0x6f, 0x33, 0x5f, 0x32,
    0xf, 0x24, 0xd1, 0x4c, 0xdf, 0xcc, 0xdf, 0xcb,
    0xf, 0x24, 0xff, 0xa0, 0x5d, 0x0, 0x2f, 0x0,
    0xf, 0x24, 0xd0, 0x0, 0x7b, 0x0, 0x2f, 0x0,
    0xf, 0x24, 0xd0, 0x0, 0xb9, 0x0, 0x2f, 0x0,
    0xf, 0x24, 0xd2, 0x50, 0xf4, 0x0, 0x2f, 0x0,
    0x3f, 0xad, 0xff, 0xa8, 0xd0, 0x0, 0x2f, 0x0,
    0x8b, 0x85, 0x20, 0x4f, 0x50, 0x0, 0x2f, 0x0,
    0x0, 0x0, 0x0, 0xb8, 0x0, 0x0, 0x2f, 0x0,
    0x0, 0x0, 0x0, 0x0, 0x0, 0x0, 0x0, 0x0,

    /* U+8DBF "趿" */
    0x3, 0x33, 0x33, 0x2, 0x22, 0x22, 0x22, 0x0,
    0xf, 0xdd, 0xdf, 0x4f, 0xff, 0xff, 0xff, 0x20,
    0xf, 0x10, 0xf, 0x10, 0xf0, 0x0, 0x6d, 0x0,
    0xf, 0x10, 0xf, 0x10, 0xf0, 0x0, 0xe6, 0x0,
    0xf, 0xaa, 0xaf, 0x11, 0xf2, 0x6, 0xd0, 0x0,
    0xf, 0x7e, 0x97, 0x1, 0xf7, 0xa, 0xff, 0xf1,
    0x1, 0xc, 0x40, 0x2, 0xfc, 0x0, 0x13, 0xf0,
    0xf, 0xc, 0x51, 0x4, 0xdd, 0x30, 0x7, 0xb0,
    0xf, 0xc, 0xff, 0x56, 0xb7, 0xa0, 0xc, 0x60,
    0xf, 0xc, 0x40, 0xa, 0x81, 0xf3, 0x4f, 0x10,
    0xf, 0xc, 0x40, 0xe, 0x30, 0x7c, 0xd8, 0x0,
    0xf, 0xc, 0x66, 0x5e, 0x0, 0xf, 0xf0, 0x0,
    0x3f, 0xaf, 0xfd, 0xd7, 0x0, 0xae, 0xfa, 0x0,
    0x8d, 0x95, 0x18, 0xe0, 0x3c, 0xe2, 0x3e, 0xc3,
    0x0, 0x0, 0xd, 0x40, 0xda, 0x10, 0x2, 0xc6,
    0x0, 0x0, 0x0, 0x0, 0x10, 0x0, 0x0, 0x0,

    /* U+8DC4 "跄" */
    0x0, 0x0, 0x0, 0x0, 0x0, 0x0, 0x0, 0x0,
    0x1, 0x22, 0x21, 0x0, 0x5, 0xf6, 0x0, 0x0,
    0xe, 0xff, 0xff, 0x0, 0xd, 0xce, 0x0, 0x0,
    0xe, 0x40, 0x2f, 0x0, 0x9c, 0xc, 0xa0, 0x0,
    0xe, 0x40, 0x2f, 0x6, 0xf2, 0x1, 0xe9, 0x0,
    0xe, 0x86, 0x8f, 0x6f, 0x50, 0x0, 0x3f, 0xb1,
    0xe, 0xbe, 0xcb, 0xf9, 0x44, 0x44, 0x46, 0xe6,
    0x2, 0xc, 0x40, 0x3e, 0xdd, 0xdd, 0xec, 0x10,
    0xd, 0xc, 0x40, 0xe, 0x40, 0x0, 0x7b, 0x0,
    0xf, 0xc, 0xdc, 0xe, 0x40, 0x0, 0x8a, 0x0,
    0xf, 0xc, 0x73, 0xe, 0x40, 0x0, 0xb9, 0x0,
    0xf, 0xc, 0x40, 0xe, 0x4a, 0xff, 0xe3, 0x72,
    0xf, 0xc, 0x40, 0xe, 0x41, 0x22, 0x0, 0xd5,
    0xf, 0x1d, 0x9a, 0x3e, 0x40, 0x0, 0x0, 0xf3,
    0xaf, 0xff, 0xda, 0x2d, 0x81, 0x11, 0x17, 0xf0,
    0x66, 0x30, 0x0, 0x5, 0xef, 0xff, 0xfe, 0x50,

    /* U+8DC6 "跆" */
    0x0, 0x0, 0x0, 0x0, 0x0, 0x0, 0x0, 0x0,
    0x1, 0x22, 0x22, 0x10, 0x2, 0xf4, 0x0, 0x0,
    0xe, 0xff, 0xff, 0x80, 0xa, 0xc0, 0x0, 0x0,
    0xe, 0x30, 0x9, 0x80, 0x3f, 0x30, 0x88, 0x0,
    0xe, 0x30, 0x9, 0x80, 0xc7, 0x0, 0x2f, 0x20,
    0xe, 0xa9, 0x9d, 0x88, 0xc0, 0x12, 0x3b, 0xb0,
    0xe, 0x88, 0xf7, 0x7f, 0xff, 0xff, 0xed, 0xf4,
    0x0, 0x2, 0xe0, 0x6, 0x31, 0x0, 0x0, 0x8b,
    0xe, 0x22, 0xe0, 0x0, 0x0, 0x0, 0x0, 0x0,
    0xe, 0x22, 0xff, 0x9d, 0xff, 0xff, 0xff, 0xd0,
    0xe, 0x22, 0xe1, 0x1d, 0x61, 0x11, 0x15, 0xe0,
    0xe, 0x22, 0xe0, 0xd, 0x50, 0x0, 0x5, 0xe0,
    0xe, 0x22, 0xe0, 0xd, 0x50, 0x0, 0x5, 0xe0,
    0xe, 0x68, 0xfb, 0xee, 0x61, 0x11, 0x15, 0xe0,
    0xbf, 0xeb, 0x96, 0x4d, 0xff, 0xff, 0xff, 0xe0,
    0x11, 0x0, 0x0, 0xd, 0x50, 0x0, 0x5, 0xe0,
    0x0, 0x0, 0x0, 0x0, 0x0, 0x0, 0x0, 0x0,

    /* U+8DCE "跎" */
    0x0, 0x0, 0x0, 0x0, 0x0, 0x10, 0x0, 0x0,
    0x2, 0x33, 0x32, 0x0, 0x0, 0xd6, 0x0, 0x0,
    0xc, 0xdc, 0xcf, 0x2, 0x22, 0x9c, 0x22, 0x20,
    0xc, 0x30, 0x1f, 0xe, 0xff, 0xff, 0xff, 0xf3,
    0xc, 0x30, 0x1f, 0xe, 0x30, 0x0, 0x0, 0xe3,
    0xc, 0x52, 0x4f, 0xb, 0x20, 0x0, 0x0, 0x92,
    0xc, 0xdf, 0xdc, 0x0, 0x70, 0x0, 0x0, 0x0,
    0x0, 0xc, 0x50, 0x1, 0xf0, 0x0, 0x3e, 0x50,
    0xc, 0xc, 0x50, 0x1, 0xf0, 0x8, 0xf6, 0x0,
    0x1f, 0xc, 0xff, 0x11, 0xf6, 0xed, 0x30, 0x0,
    0x1f, 0xc, 0x61, 0x1, 0xff, 0x70, 0x0, 0x10,
    0x1f, 0xc, 0x50, 0x1, 0xf1, 0x0, 0x0, 0xf3,
    0x1f, 0xc, 0x50, 0x1, 0xf0, 0x0, 0x0, 0xf2,
    0x1f, 0xc, 0x87, 0x11, 0xf1, 0x0, 0x2, 0xf1,
    0x5f, 0xcf, 0xfc, 0x20, 0xf7, 0x33, 0x3a, 0xd0,
    0x7a, 0x73, 0x0, 0x0, 0x7f, 0xff, 0xfd, 0x30,

    /* U+8DCF "跏" */
    0x2, 0x33, 0x30, 0x3c, 0x0, 0x0, 0x0, 0x0,
    0xdb, 0xae, 0x43, 0xd0, 0x0, 0x22, 0x22, 0xd,
    0x20, 0xb6, 0x7d, 0x44, 0xe, 0xff, 0xf0, 0xd2,
    0xb, 0x8b, 0xe9, 0xf3, 0xe2, 0x1f, 0xd, 0xee,
    0xf4, 0x4c, 0xe, 0x2e, 0x21, 0xf0, 0x92, 0xf1,
    0x4, 0xc0, 0xe2, 0xe2, 0x1f, 0x4, 0xf, 0x0,
    0x5b, 0xe, 0x2e, 0x21, 0xf0, 0xe0, 0xfc, 0x76,
    0xb0, 0xe1, 0xe2, 0x1f, 0xe, 0xf, 0x32, 0x89,
    0xf, 0x1e, 0x21, 0xf0, 0xe0, 0xf0, 0xa, 0x70,
    0xf1, 0xe2, 0x1f, 0xe, 0xf, 0x0, 0xd5, 0xf,
    0xe, 0x21, 0xf0, 0xe0, 0xf3, 0x5f, 0x10, 0xf0,
    0xe2, 0x1f, 0x3f, 0xbf, 0xee, 0xb0, 0xf, 0xe,
    0xff, 0xf9, 0xe9, 0x34, 0xf4, 0x25, 0xe0, 0xe4,
    0x3f, 0x0, 0x0, 0xa9, 0x1f, 0xf6, 0x7, 0x10,
    0x70, 0x0, 0x1, 0x0, 0x0, 0x0, 0x0, 0x0,

    /* U+8DD6 "跖" */
    0x2, 0x22, 0x22, 0x2, 0x22, 0x22, 0x22, 0x21,
    0xd, 0xdd, 0xde, 0x1f, 0xff, 0xff, 0xff, 0xfa,
    0xd, 0x30, 0x2e, 0x0, 0x3, 0xf1, 0x0, 0x0,
    0xd, 0x30, 0x2e, 0x0, 0xa, 0xa0, 0x0, 0x0,
    0xd, 0x52, 0x4e, 0x0, 0x1f, 0x40, 0x0, 0x0,
    0xd, 0xdf, 0xdb, 0x0, 0x8c, 0x0, 0x0, 0x0,
    0x1, 0xd, 0x40, 0x1, 0xfb, 0x77, 0x77, 0x70,
    0xb, 0xd, 0x51, 0xa, 0xfb, 0x99, 0x9a, 0xf2,
    0x1f, 0xd, 0xfd, 0x5f, 0xf3, 0x0, 0x1, 0xf2,
    0x1f, 0xd, 0x43, 0xf6, 0xf3, 0x0, 0x1, 0xf2,
    0x1f, 0xd, 0x49, 0x90, 0xf3, 0x0, 0x1, 0xf2,
    0x1f, 0xd, 0x40, 0x0, 0xf3, 0x0, 0x1, 0xf2,
    0x1f, 0xd, 0x88, 0x20, 0xf5, 0x22, 0x23, 0xf2,
    0x7f, 0xff, 0xd9, 0x10, 0xff, 0xff, 0xff, 0xf2,
    0x57, 0x30, 0x0, 0x0, 0xf3, 0x0, 0x1, 0xf2,

    /* U+8DD7 "跗" */
    0x2, 0x33, 0x32, 0x0, 0xd3, 0x0, 0x4e, 0x0,
    0xd, 0xcc, 0xda, 0x4, 0xe0, 0x0, 0x4e, 0x0,
    0xd, 0x30, 0x6a, 0xb, 0x70, 0x0, 0x4e, 0x0,
    0xd, 0x30, 0x6a, 0x2f, 0x6d, 0xdd, 0xef, 0xdb,
    0xd, 0xfe, 0xfa, 0xaf, 0x42, 0x22, 0x6e, 0x22,
    0xc, 0x3e, 0x35, 0xef, 0x40, 0x0, 0x4e, 0x0,
    0x0, 0xe, 0x2c, 0x5e, 0x4c, 0x30, 0x4e, 0x0,
    0xf, 0x1e, 0x22, 0xe, 0x49, 0xb0, 0x4e, 0x0,
    0xf, 0x1e, 0xff, 0xe, 0x42, 0xf3, 0x4e, 0x0,
    0xf, 0x1e, 0x20, 0xe, 0x40, 0x84, 0x4e, 0x0,
    0xf, 0x1e, 0x20, 0xe, 0x40, 0x0, 0x4e, 0x0,
    0xf, 0x1e, 0x20, 0xe, 0x40, 0x0, 0x4e, 0x0,
    0xf, 0x3e, 0xbd, 0x3e, 0x40, 0x0, 0x4e, 0x0,
    0x8f, 0xfd, 0x95, 0xe, 0x42, 0x43, 0xac, 0x0,
    0x45, 0x10, 0x0, 0xe, 0x44, 0xff, 0xe4, 0x0,
    0x0, 0x0, 0x0, 0x0, 0x0, 0x0, 0x0, 0x0,

    /* U+8DDA "跚" */
    0x3, 0x44, 0x41, 0x24, 0x44, 0x3, 0x44, 0x40,
    0xc, 0xba, 0xe6, 0x9e, 0xcf, 0x1d, 0xcc, 0xe0,
    0xc, 0x20, 0xb6, 0x97, 0xf, 0x1d, 0x32, 0xe0,
    0xc, 0x20, 0xb6, 0x97, 0xf, 0x1d, 0x32, 0xe0,
    0xc, 0xdd, 0xf6, 0x97, 0xf, 0x1d, 0x32, 0xe0,
    0x8, 0x2f, 0x10, 0x97, 0xf, 0x1d, 0x32, 0xe0,
    0x0, 0xf, 0x4, 0xed, 0xcf, 0xcf, 0xcc, 0xfb,
    0xf, 0xf, 0x24, 0xcb, 0x8f, 0x8e, 0x99, 0xf7,
    0xf, 0xf, 0xd7, 0xa6, 0xf, 0x1d, 0x22, 0xe0,
    0xf, 0xf, 0x0, 0xb5, 0xf, 0x1e, 0x22, 0xe0,
    0xf, 0xf, 0x0, 0xc3, 0xf, 0x1f, 0x12, 0xe0,
    0xf, 0xf, 0x0, 0xe1, 0xf, 0x2f, 0x2, 0xe0,
    0xf, 0x5f, 0xba, 0xd0, 0xf, 0x4d, 0x2, 0xe0,
    0xbf, 0xda, 0x7a, 0x91, 0x3f, 0x8a, 0x13, 0xe0,
    0x10, 0x0, 0xb, 0x27, 0xe9, 0xa5, 0xdf, 0x80,
    0x0, 0x0, 0x0, 0x0, 0x0, 0x0, 0x0, 0x0,

    /* U+8DDB "跛" */
    0x0, 0x0, 0x0, 0x0, 0x0, 0x3, 0x0, 0x0,
    0x5, 0x66, 0x65, 0x0, 0x0, 0x3e, 0x0, 0x0,
    0xd, 0xba, 0xcd, 0x1, 0x22, 0x4e, 0x22, 0x21,
    0xd, 0x30, 0x5d, 0xf, 0xff, 0xff, 0xff, 0xf9,
    0xd, 0x30, 0x5d, 0xf, 0x20, 0x3e, 0x0, 0x97,
    0xd, 0xff, 0xfd, 0xf, 0x20, 0x3e, 0x0, 0x95,
    0xa, 0x4e, 0x41, 0xf, 0x31, 0x4e, 0x11, 0x10,
    0x2, 0xe, 0x30, 0xf, 0xff, 0xff, 0xff, 0xd0,
    0xf, 0x1e, 0x41, 0xf, 0x6e, 0x0, 0x8, 0xa0,
    0xf, 0x1e, 0xff, 0xf, 0x2f, 0x30, 0xe, 0x50,
    0xf, 0x1e, 0x30, 0x1f, 0xa, 0xa0, 0x5e, 0x0,
    0xf, 0x1e, 0x30, 0x4e, 0x2, 0xf6, 0xe6, 0x0,
    0xf, 0x1e, 0x43, 0x7a, 0x0, 0x8f, 0xc0, 0x0,
    0x2f, 0x9f, 0xfd, 0xd6, 0x2, 0xdf, 0xf6, 0x0,
    0xbe, 0xa6, 0x26, 0xe1, 0x8f, 0xa0, 0x8f, 0xd4,
    0x0, 0x0, 0xd, 0x6a, 0xe6, 0x0, 0x3, 0xc4,
    0x0, 0x0, 0x1, 0x1, 0x0, 0x0, 0x0, 0x0,

    /* U+8DDE "跞" */
    0x3, 0x44, 0x43, 0x0, 0x23, 0x34, 0x57, 0x80,
    0xe, 0xba, 0xcc, 0x7, 0xfe, 0xdc, 0xb9, 0x80,
    0xe, 0x20, 0x5c, 0x8, 0x90, 0x0, 0x0, 0x0,
    0xe, 0x20, 0x5c, 0xa, 0x70, 0x3d, 0x0, 0x0,
    0xe, 0xdd, 0xdc, 0xc, 0x50, 0x3e, 0x0, 0x0,
    0xc, 0x3e, 0x31, 0xe, 0x40, 0x3e, 0x0, 0x0,
    0x1, 0xe, 0x20, 0xf, 0x20, 0x3e, 0x0, 0x0,
    0x1e, 0xe, 0x20, 0x1f, 0xee, 0xff, 0xee, 0xe7,
    0x1e, 0xe, 0xff, 0x11, 0x11, 0x4e, 0x11, 0x10,
    0x1e, 0xe, 0x20, 0x0, 0x91, 0x3e, 0x9, 0x10,
    0x1e, 0xe, 0x20, 0x5, 0xe0, 0x3e, 0xb, 0x80,
    0x1e, 0xe, 0x21, 0xd, 0x80, 0x3e, 0x3, 0xf2,
    0x1f, 0x6f, 0xef, 0x9e, 0x10, 0x3e, 0x0, 0xba,
    0x9f, 0xd9, 0x51, 0xd7, 0x22, 0x7d, 0x0, 0x38,
    0x21, 0x0, 0x0, 0x0, 0xbf, 0xf6, 0x0, 0x0,
    0x0, 0x0, 0x0, 0x0, 0x0, 0x0, 0x0, 0x0,

    /* U+8DE3 "跣" */
    0x0, 0x0, 0x0, 0x0, 0x0, 0x10, 0x0, 0x0,
    0x2, 0x33, 0x32, 0x1, 0x10, 0xb7, 0x0, 0x0,
    0xe, 0xdc, 0xdc, 0x7, 0xb0, 0xb7, 0x0, 0x0,
    0xe, 0x20, 0x4c, 0xc, 0xa5, 0xda, 0x55, 0x50,
    0xe, 0x20, 0x4c, 0x1f, 0x99, 0xec, 0x99, 0x90,
    0xe, 0xdd, 0xdc, 0x8b, 0x0, 0xb7, 0x0, 0x0,
    0xe, 0x5e, 0x52, 0xa6, 0x0, 0xb7, 0x0, 0x0,
    0x1, 0xe, 0x20, 0x0, 0x0, 0xb7, 0x0, 0x0,
    0x1e, 0xe, 0x30, 0xce, 0xee, 0xff, 0xee, 0xe5,
    0x1e, 0xe, 0xfe, 0x11, 0x9a, 0x19, 0xa1, 0x10,
    0x1e, 0xe, 0x20, 0x0, 0xa8, 0x8, 0xa0, 0x0,
    0x1e, 0xe, 0x20, 0x0, 0xd5, 0x8, 0xa0, 0x0,
    0x1e, 0xe, 0x20, 0x2, 0xf2, 0x8, 0xa0, 0x66,
    0x1e, 0x3f, 0xdf, 0x1b, 0xb0, 0x8, 0xa0, 0x77,
    0x8f, 0xfc, 0x84, 0x9f, 0x20, 0x7, 0xc2, 0xb5,
    0x34, 0x0, 0x9, 0xe3, 0x0, 0x2, 0xef, 0xd1,
    0x0, 0x0, 0x2, 0x10, 0x0, 0x0, 0x0, 0x0,

    /* U+8DE4 "跤" */
    0x0, 0x0, 0x0, 0x0, 0x0, 0x21, 0x0, 0x0,
    0x0, 0x57, 0x77, 0x72, 0x0, 0xb, 0xa0, 0x0,
    0x0, 0xb, 0xa6, 0x6d, 0x50, 0x0, 0x4e, 0x0,
    0x0, 0x0, 0xb6, 0x0, 0xb6, 0xff, 0xff, 0xff,
    0xff, 0xb0, 0xb, 0x60, 0xb, 0x52, 0x27, 0x22,
    0x62, 0x21, 0x0, 0xbd, 0xcc, 0xe5, 0x6, 0xe1,
    0xc, 0xb0, 0x0, 0x9, 0x66, 0xc2, 0x2, 0xf4,
    0x0, 0x1d, 0xa0, 0x0, 0x20, 0x4c, 0x1, 0xe9,
    0x0, 0x0, 0x2e, 0x90, 0xf, 0x14, 0xc0, 0x4b,
    0xb3, 0x0, 0x4e, 0x47, 0x0, 0xf1, 0x4f, 0xf9,
    0x8, 0xa0, 0xa, 0x90, 0x0, 0xf, 0x14, 0xc0,
    0x0, 0x1f, 0x33, 0xf2, 0x0, 0x0, 0xf1, 0x4c,
    0x0, 0x0, 0x8d, 0xc9, 0x0, 0x0, 0xf, 0x14,
    0xc0, 0x0, 0x1, 0xff, 0x10, 0x0, 0x0, 0xf6,
    0xaf, 0xda, 0x3, 0xdd, 0xce, 0x40, 0x0, 0xaf,
    0xda, 0x74, 0x5a, 0xf9, 0x0, 0x9f, 0xc6, 0x1,
    0x0, 0x0, 0xe, 0xb3, 0x0, 0x0, 0x2a, 0xb0,
    0x0, 0x0, 0x0, 0x0, 0x0, 0x0, 0x0, 0x0,
    0x0,

    /* U+8DEB "跫" */
    0x7, 0xbb, 0xbb, 0xb1, 0xdd, 0xdd, 0xdc, 0x0,
    0x0, 0x35, 0x8e, 0x55, 0xf, 0x43, 0x35, 0xf0,
    0x0, 0x0, 0x4, 0xe0, 0x0, 0xf3, 0x80, 0x2f,
    0x5, 0x20, 0x0, 0x5e, 0x46, 0x3f, 0x1d, 0x92,
    0xf0, 0xc6, 0xb, 0xff, 0xdc, 0xaa, 0xa0, 0x18,
    0x1f, 0x9f, 0x30, 0x22, 0x0, 0x1, 0xc1, 0x0,
    0x0, 0x69, 0x50, 0x0, 0xa, 0xdd, 0xdd, 0xdd,
    0xdd, 0xdd, 0x10, 0x0, 0x0, 0xd7, 0x22, 0x22,
    0x22, 0x22, 0xf2, 0x0, 0x0, 0xd, 0x50, 0x0,
    0x0, 0x0, 0xf, 0x20, 0x0, 0x0, 0xcf, 0xff,
    0xff, 0xff, 0xff, 0xf2, 0x0, 0x0, 0x3, 0xb0,
    0x0, 0xe4, 0x0, 0x2, 0x0, 0x0, 0x0, 0x8e,
    0x10, 0xe, 0xff, 0xff, 0xff, 0x10, 0x0, 0xe,
    0xca, 0x0, 0xe4, 0x0, 0x0, 0x0, 0x0, 0xb,
    0xa0, 0xcc, 0x4e, 0x40, 0x11, 0x11, 0x10, 0xb,
    0xd1, 0x0, 0x8d, 0xff, 0xff, 0xff, 0xff, 0x40,
    0x41, 0x0, 0x0, 0x0, 0x0, 0x0, 0x0, 0x0,

    /* U+8DEC "跬" */
    0x0, 0x0, 0x0, 0x0, 0x0, 0x0, 0x0, 0x0,
    0x4, 0x66, 0x66, 0x0, 0x0, 0x7a, 0x0, 0x0,
    0xb, 0xa7, 0x7e, 0x20, 0x0, 0x7a, 0x0, 0x0,
    0xb, 0x60, 0xc, 0x2c, 0xff, 0xff, 0xff, 0xc0,
    0xb, 0x60, 0xc, 0x22, 0x22, 0x8b, 0x22, 0x20,
    0xb, 0xca, 0xae, 0x20, 0x0, 0x7a, 0x0, 0x0,
    0x8, 0x76, 0xe4, 0x12, 0x22, 0x8b, 0x22, 0x21,
    0x0, 0x3, 0xd0, 0x5f, 0xff, 0xff, 0xff, 0xf8,
    0xf, 0x13, 0xe4, 0x20, 0x0, 0x58, 0x0, 0x0,
    0xf, 0x13, 0xfb, 0x70, 0x0, 0x7a, 0x0, 0x0,
    0xf, 0x13, 0xd0, 0xb, 0xdd, 0xee, 0xdd, 0xd0,
    0xf, 0x13, 0xd0, 0x4, 0x55, 0x9c, 0x55, 0x50,
    0xf, 0x13, 0xd3, 0x50, 0x0, 0x7a, 0x0, 0x0,
    0x1f, 0x9c, 0xff, 0x90, 0x0, 0x7a, 0x0, 0x0,
    0xae, 0xa7, 0x30, 0xef, 0xff, 0xff, 0xff, 0xfb,
    0x0, 0x0, 0x0, 0x22, 0x22, 0x22, 0x22, 0x22,

    /* U+8DF7 "跷" */
    0x0, 0x0, 0x0, 0x0, 0x60, 0x0, 0x0, 0x0,
    0xa, 0xcc, 0xc7, 0x0, 0xe4, 0x0, 0x2, 0x10,
    0xd, 0x42, 0x89, 0x0, 0xbb, 0x9c, 0xff, 0x60,
    0xd, 0x20, 0x69, 0xcf, 0xff, 0x95, 0x22, 0x0,
    0xd, 0x20, 0x69, 0x31, 0xd, 0x71, 0xbb, 0x0,
    0xd, 0xcc, 0xd9, 0x0, 0x4, 0xfd, 0xa0, 0x73,
    0x7, 0x3e, 0x51, 0x0, 0x2a, 0xff, 0x20, 0xc4,
    0x0, 0xe, 0x20, 0x4b, 0xfb, 0x2a, 0xf9, 0xf1,
    0xf, 0xe, 0x20, 0xaa, 0x30, 0x0, 0x5a, 0x50,
    0xf, 0xe, 0xda, 0x12, 0x22, 0x22, 0x22, 0x20,
    0xf, 0xe, 0x52, 0xef, 0xff, 0xff, 0xff, 0xf1,
    0xf, 0xe, 0x20, 0x0, 0xf0, 0xd, 0x40, 0x0,
    0xf, 0xe, 0x20, 0x2, 0xe0, 0xd, 0x40, 0x63,
    0xf, 0xe, 0x8a, 0x9, 0xa0, 0xd, 0x40, 0xa7,
    0x9f, 0xfd, 0xa7, 0x9e, 0x20, 0xc, 0x71, 0xd4,
    0x45, 0x10, 0x1e, 0xd2, 0x0, 0x6, 0xff, 0xc0,
    0x0, 0x0, 0x3, 0x0, 0x0, 0x0, 0x0, 0x0,

    /* U+8DF8 "跸" */
    0x0, 0x0, 0x0, 0x2, 0x0, 0x2, 0x0, 0x0,
    0x2, 0x33, 0x31, 0x2f, 0x0, 0x1f, 0x0, 0x0,
    0xe, 0xcc, 0xe7, 0x2f, 0x0, 0x1f, 0x0, 0x81,
    0xe, 0x20, 0x97, 0x2f, 0x77, 0x3f, 0x5d, 0xa2,
    0xe, 0x20, 0x97, 0x2f, 0x66, 0x3f, 0x92, 0x0,
    0xe, 0xee, 0xf7, 0x2f, 0x0, 0x1f, 0x0, 0x35,
    0xe, 0x3e, 0x30, 0x2f, 0x2, 0x3f, 0x0, 0x89,
    0x2, 0xe, 0x20, 0x3f, 0x9f, 0x5f, 0x53, 0xd5,
    0x1f, 0xe, 0x30, 0x6f, 0x92, 0x18, 0xdd, 0x90,
    0x1f, 0xe, 0xfc, 0x2, 0x0, 0xe4, 0x0, 0x0,
    0x1f, 0xe, 0x30, 0x22, 0x22, 0xe5, 0x22, 0x21,
    0x1f, 0xe, 0x20, 0xef, 0xff, 0xff, 0xff, 0xf9,
    0x1f, 0xe, 0x20, 0x0, 0x0, 0xe4, 0x0, 0x0,
    0x1f, 0x4f, 0xbc, 0x0, 0x0, 0xe4, 0x0, 0x0,
    0xbf, 0xc9, 0x73, 0x0, 0x0, 0xe4, 0x0, 0x0,
    0x10, 0x0, 0x0, 0x0, 0x0, 0xe4, 0x0, 0x0,

    /* U+8DF9 "跹" */
    0x2, 0x33, 0x33, 0x29, 0x0, 0x0, 0x1, 0x40,
    0xb, 0xcb, 0xbf, 0x2d, 0x81, 0xbd, 0xff, 0xd2,
    0xb, 0x40, 0x1f, 0x13, 0xf2, 0x65, 0xf1, 0x0,
    0xb, 0x40, 0x1f, 0x10, 0x61, 0x1, 0xf1, 0x0,
    0xb, 0x97, 0x8f, 0x10, 0x0, 0x1, 0xf1, 0x0,
    0xa, 0x9e, 0x97, 0x11, 0x10, 0x1, 0xf1, 0x0,
    0x0, 0xd, 0x30, 0x7f, 0xe5, 0xcd, 0xfc, 0xc8,
    0xf, 0x1d, 0x30, 0x3, 0xe1, 0x45, 0xf5, 0x42,
    0xf, 0x1d, 0xff, 0x23, 0xe0, 0x1, 0xf1, 0x0,
    0xf, 0x1d, 0x30, 0x3, 0xe0, 0x1, 0xf1, 0x0,
    0xf, 0x1d, 0x30, 0x3, 0xe0, 0x1, 0xf1, 0x0,
    0xf, 0x1d, 0x31, 0x3, 0xe0, 0x1, 0xf1, 0x0,
    0xf, 0x5e, 0xdf, 0x47, 0xf1, 0x1, 0xf1, 0x0,
    0x9f, 0xfc, 0x73, 0x8f, 0xad, 0x52, 0x51, 0x11,
    0x45, 0x0, 0x0, 0xe3, 0x6, 0xdf, 0xff, 0xf8,
    0x0, 0x0, 0x0, 0x0, 0x0, 0x0, 0x0, 0x0,

    /* U+8DFB "跻" */
    0x0, 0x0, 0x0, 0x0, 0x0, 0x20, 0x0, 0x0,
    0x0, 0x44, 0x44, 0x41, 0x0, 0xc, 0x70, 0x0,
    0x0, 0xe, 0xcc, 0xcf, 0x52, 0x22, 0x5e, 0x22,
    0x21, 0x0, 0xe2, 0x0, 0xb6, 0xff, 0xff, 0xff,
    0xff, 0xc0, 0xe, 0x20, 0xb, 0x50, 0x9a, 0x0,
    0x1e, 0x30, 0x0, 0xed, 0xdd, 0xf5, 0x1, 0xe5,
    0xb, 0x90, 0x0, 0xe, 0x56, 0xd3, 0x10, 0x4,
    0xfc, 0xc0, 0x0, 0x0, 0x0, 0x4c, 0x0, 0x0,
    0x3d, 0xfa, 0x10, 0x0, 0xe, 0x14, 0xc0, 0x16,
    0xbf, 0x73, 0xbf, 0xb7, 0x0, 0xe1, 0x4f, 0xf9,
    0xd8, 0x70, 0x2, 0x78, 0x80, 0xe, 0x14, 0xc1,
    0x0, 0x2e, 0x0, 0x6b, 0x0, 0x0, 0xe1, 0x4c,
    0x0, 0x3, 0xd0, 0x6, 0xb0, 0x0, 0xe, 0x14,
    0xc0, 0x0, 0x6b, 0x0, 0x6b, 0x0, 0x0, 0xe6,
    0x9e, 0xcc, 0xd, 0x60, 0x6, 0xb0, 0x0, 0xaf,
    0xda, 0x85, 0x3b, 0xc0, 0x0, 0x6b, 0x0, 0x1,
    0x0, 0x0, 0x3, 0xc1, 0x0, 0x6, 0xb0, 0x0,
    0x0, 0x0, 0x0, 0x0, 0x0, 0x0, 0x0, 0x0,
    0x0,

    /* U+8DFD "跽" */
    0x2, 0x33, 0x32, 0x3, 0x33, 0x33, 0x33, 0x0,
    0xa, 0xed, 0xde, 0xe, 0xee, 0xee, 0xef, 0x20,
    0xa, 0x50, 0x3e, 0x0, 0x0, 0x0, 0xe, 0x20,
    0xa, 0x50, 0x3e, 0x3, 0x44, 0x44, 0x4f, 0x20,
    0xa, 0xdc, 0xde, 0xe, 0xbb, 0xbb, 0xbb, 0x30,
    0x8, 0x6d, 0x73, 0xe, 0x20, 0x0, 0x0, 0xa7,
    0x1, 0xc, 0x40, 0xe, 0x30, 0x0, 0x0, 0xd4,
    0xe, 0x2c, 0x51, 0xc, 0xb7, 0x77, 0x7a, 0xe0,
    0xe, 0x2c, 0xff, 0x12, 0x9a, 0xba, 0xa8, 0x20,
    0xe, 0x2c, 0x40, 0x0, 0x8, 0xa0, 0x0, 0x0,
    0xe, 0x2c, 0x40, 0x55, 0xf0, 0xd6, 0x7, 0x60,
    0xe, 0x2c, 0x52, 0xd7, 0xf0, 0x37, 0x47, 0xe0,
    0x2f, 0xaf, 0xfa, 0xf2, 0xf0, 0x0, 0xa8, 0xd6,
    0x9d, 0x95, 0x17, 0xa1, 0xf3, 0x12, 0xe5, 0x54,
    0x0, 0x0, 0x0, 0x0, 0x9f, 0xff, 0xb0, 0x0,

    /* U+8E05 "踅" */
    0x0, 0x2, 0x20, 0x0, 0x0, 0x0, 0x0, 0x0,
    0x0, 0x8, 0x90, 0x0, 0x23, 0x45, 0x68, 0x60,
    0xa, 0xad, 0xda, 0x93, 0xfd, 0xcb, 0xa9, 0x60,
    0x3, 0x3a, 0xb3, 0x33, 0xf0, 0x0, 0x0, 0x0,
    0x19, 0xad, 0xee, 0xc4, 0xff, 0xff, 0xff, 0xf7,
    0x8, 0x6b, 0xa1, 0xa, 0xa1, 0x11, 0xf2, 0x10,
    0x6, 0x7e, 0x70, 0x8f, 0x20, 0x0, 0xf1, 0x0,
    0x5, 0x97, 0x0, 0x73, 0x0, 0x0, 0x91, 0x0,
    0x0, 0x6f, 0xff, 0xff, 0xff, 0xff, 0xf7, 0x0,
    0x0, 0x7b, 0x0, 0x0, 0x0, 0x0, 0x98, 0x0,
    0x0, 0x7e, 0xaa, 0xaa, 0xaa, 0xaa, 0xd8, 0x0,
    0x0, 0x29, 0x64, 0x49, 0xd4, 0x44, 0x75, 0x0,
    0x0, 0xf, 0x40, 0x7, 0xfc, 0xcc, 0xcc, 0x50,
    0x0, 0x7e, 0xd1, 0x7, 0xc2, 0x22, 0x22, 0x10,
    0x4, 0xe2, 0xaf, 0x89, 0xb0, 0x1, 0x11, 0x11,
    0x6f, 0x50, 0x5, 0xbe, 0xff, 0xff, 0xff, 0xfa,
    0x23, 0x0, 0x0, 0x0, 0x0, 0x0, 0x11, 0x10,

    /* U+8E09 "踉" */
    0x0, 0x0, 0x0, 0x0, 0x0, 0x0, 0x0, 0x0,
    0x2, 0x33, 0x31, 0x0, 0x1, 0xe1, 0x0, 0x0,
    0xe, 0xdd, 0xea, 0x4, 0x44, 0xda, 0x44, 0x40,
    0xe, 0x30, 0x7a, 0x1f, 0xcc, 0xcc, 0xcc, 0xe0,
    0xe, 0x30, 0x7a, 0x1f, 0x10, 0x0, 0x3, 0xe0,
    0xe, 0x52, 0x8a, 0x1f, 0x65, 0x55, 0x58, 0xe0,
    0xe, 0xdf, 0xd8, 0x1f, 0xaa, 0xaa, 0xab, 0xe0,
    0x1, 0xe, 0x20, 0x1f, 0x10, 0x0, 0x3, 0xe0,
    0xa, 0xe, 0x20, 0x1f, 0xaa, 0xaa, 0xab, 0xe0,
    0x1f, 0xe, 0xfd, 0x1f, 0x79, 0xd6, 0x67, 0xc0,
    0x1f, 0xe, 0x31, 0x1f, 0x10, 0xe1, 0x1, 0x95,
    0x1f, 0xe, 0x20, 0x1f, 0x10, 0x9a, 0x6e, 0xb3,
    0x1f, 0xe, 0x20, 0x1f, 0x10, 0xd, 0xe4, 0x0,
    0x1f, 0x5f, 0xdf, 0x2f, 0x14, 0xb3, 0xe9, 0x0,
    0xaf, 0xd9, 0x52, 0x4f, 0xdf, 0x80, 0x2d, 0xe7,
    0x21, 0x0, 0x0, 0x7e, 0x70, 0x0, 0x0, 0x63,
    0x0, 0x0, 0x0, 0x0, 0x0, 0x0, 0x0, 0x0,

    /* U+8E14 "踔" */
    0x0, 0x0, 0x0, 0x0, 0x0, 0x0, 0x0, 0x0,
    0x4, 0x66, 0x66, 0x0, 0x0, 0x98, 0x0, 0x0,
    0xb, 0x95, 0x5d, 0x0, 0x0, 0x9f, 0xff, 0xf7,
    0xb, 0x60, 0xd, 0x0, 0x0, 0x98, 0x11, 0x10,
    0xb, 0x60, 0xd, 0x2, 0x44, 0xba, 0x44, 0x30,
    0xb, 0x95, 0x5d, 0xa, 0xdc, 0xcc, 0xcc, 0xe0,
    0x9, 0x99, 0xd7, 0xa, 0x60, 0x0, 0x2, 0xe0,
    0x2, 0x4, 0xc0, 0xa, 0xff, 0xff, 0xff, 0xe0,
    0xf, 0x14, 0xc0, 0xa, 0x60, 0x0, 0x2, 0xe0,
    0xf, 0x14, 0xff, 0x9a, 0x83, 0x33, 0x35, 0xe0,
    0xf, 0x14, 0xc2, 0x1a, 0xdc, 0xde, 0xcc, 0xe0,
    0xf, 0x14, 0xc0, 0x3, 0x20, 0x7a, 0x0, 0x50,
    0xf, 0x14, 0xc0, 0xef, 0xff, 0xff, 0xff, 0xfa,
    0x2f, 0x7a, 0xfe, 0xb1, 0x11, 0x8b, 0x11, 0x11,
    0xae, 0xb9, 0x63, 0x0, 0x0, 0x7a, 0x0, 0x0,
    0x0, 0x0, 0x0, 0x0, 0x0, 0x7a, 0x0, 0x0,

    /* U+8E1D "踝" */
    0x8, 0xbb, 0xb6, 0x4b, 0xbb, 0xbb, 0xbb, 0x60,
    0xc, 0x74, 0x8a, 0x6c, 0x44, 0xf6, 0x4a, 0x90,
    0xc, 0x40, 0x6a, 0x6a, 0x0, 0xf2, 0x7, 0x90,
    0xc, 0x40, 0x6a, 0x6f, 0xdd, 0xfd, 0xde, 0x90,
    0xc, 0xed, 0xea, 0x6b, 0x22, 0xf4, 0x29, 0x90,
    0x8, 0x4e, 0x31, 0x6a, 0x0, 0xf2, 0x7, 0x90,
    0x4, 0xe, 0x20, 0x6f, 0xff, 0xff, 0xff, 0x90,
    0xf, 0x1e, 0xa8, 0x47, 0x11, 0xf3, 0x15, 0x60,
    0xf, 0x1e, 0xa7, 0x11, 0x11, 0xf3, 0x11, 0x10,
    0xf, 0x1e, 0x20, 0xdf, 0xff, 0xff, 0xff, 0xf5,
    0xf, 0x1e, 0x20, 0x0, 0x1d, 0xfd, 0x10, 0x0,
    0xf, 0x1e, 0x33, 0x1, 0xd6, 0xf7, 0xd1, 0x0,
    0x1f, 0x9f, 0xfb, 0x6e, 0x60, 0xf2, 0x6e, 0x50,
    0x8d, 0x95, 0x18, 0xe3, 0x0, 0xf2, 0x4, 0xe6,
    0x0, 0x0, 0x1, 0x10, 0x0, 0xf2, 0x0, 0x10,

    /* U+8E1F "踟" */
    0x0, 0x0, 0x0, 0x3, 0x0, 0x0, 0x0, 0x0,
    0x4, 0x66, 0x63, 0x3e, 0x0, 0x0, 0x0, 0x0,
    0xc, 0x98, 0xc7, 0x6b, 0x0, 0x9, 0xbb, 0xb0,
    0xc, 0x30, 0x87, 0xaf, 0xff, 0x8e, 0x65, 0xf1,
    0xc, 0x30, 0x88, 0xf3, 0xf0, 0xe, 0x20, 0xf1,
    0xc, 0xee, 0xfa, 0xa0, 0xf0, 0xe, 0x20, 0xf1,
    0x9, 0x3e, 0x20, 0x0, 0xf0, 0xe, 0x20, 0xf1,
    0x2, 0xe, 0x10, 0x33, 0xf3, 0x2e, 0x20, 0xf1,
    0xf, 0xe, 0x11, 0xdd, 0xfd, 0x9e, 0x20, 0xf1,
    0xf, 0xe, 0xfb, 0x3, 0xe0, 0xe, 0x20, 0xf1,
    0xf, 0xe, 0x10, 0x5, 0xe0, 0xe, 0x20, 0xf1,
    0xf, 0xe, 0x10, 0xa, 0xfa, 0xe, 0x20, 0xf1,
    0xf, 0xe, 0x68, 0xe, 0x3e, 0x6e, 0x20, 0xf1,
    0x5f, 0xef, 0xd9, 0x7d, 0x4, 0x8e, 0xff, 0xf1,
    0x7a, 0x51, 0x1, 0xe5, 0x0, 0xe, 0x31, 0xf1,
    0x0, 0x0, 0x6, 0xb0, 0x0, 0x6, 0x10, 0x60,
    0x0, 0x0, 0x0, 0x0, 0x0, 0x0, 0x0, 0x0,

    /* U+8E23 "踣" */
    0x0, 0x0, 0x0, 0x0, 0x0, 0x10, 0x0, 0x0,
    0x2, 0x22, 0x22, 0x0, 0x2, 0xf2, 0x0, 0x0,
    0xf, 0xdd, 0xee, 0x12, 0x22, 0xc7, 0x22, 0x20,
    0xf, 0x10, 0x4e, 0xaf, 0xff, 0xff, 0xff, 0xf5,
    0xf, 0x10, 0x4e, 0x5, 0x50, 0x0, 0x19, 0x10,
    0xf, 0x87, 0xae, 0x4, 0xf2, 0x0, 0x9d, 0x0,
    0xf, 0x8e, 0x96, 0x0, 0x95, 0x4, 0xf3, 0x0,
    0x0, 0xe, 0x20, 0xef, 0xff, 0xff, 0xff, 0xfb,
    0xe, 0x1e, 0x20, 0x22, 0x22, 0x22, 0x22, 0x21,
    0xe, 0x1e, 0xdd, 0x2, 0x22, 0x22, 0x22, 0x10,
    0xe, 0x1e, 0x64, 0x1f, 0xff, 0xff, 0xff, 0xa0,
    0xe, 0x1e, 0x20, 0x1f, 0x10, 0x0, 0x8, 0xa0,
    0xe, 0x1e, 0x20, 0x1f, 0x10, 0x0, 0x8, 0xa0,
    0xe, 0x5e, 0xac, 0x1f, 0x10, 0x0, 0x8, 0xa0,
    0xbf, 0xeb, 0x85, 0x1f, 0xff, 0xff, 0xff, 0xa0,
    0x21, 0x0, 0x0, 0x1f, 0x21, 0x11, 0x19, 0xa0,
    0x0, 0x0, 0x0, 0x0, 0x0, 0x0, 0x0, 0x0,

    /* U+8E2C "踬" */
    0x2, 0x44, 0x41, 0x1, 0x23, 0x46, 0x79, 0xb2,
    0x0, 0xbb, 0xad, 0x65, 0xff, 0xed, 0xea, 0x97,
    0x30, 0xb, 0x40, 0xa6, 0x5c, 0x0, 0xf, 0x10,
    0x0, 0x0, 0xb4, 0xa, 0x65, 0xea, 0xaa, 0xfa,
    0xaa, 0xa0, 0xb, 0xed, 0xf6, 0x5d, 0x44, 0x4f,
    0x54, 0x44, 0x0, 0xb5, 0xe3, 0x5, 0xc0, 0x0,
    0xf1, 0x0, 0x0, 0x0, 0xe, 0x20, 0x5c, 0x26,
    0x6f, 0x76, 0x50, 0x0, 0xd0, 0xe3, 0x15, 0xb6,
    0xda, 0xaa, 0xbe, 0x0, 0xf, 0xe, 0xdb, 0x6b,
    0x6a, 0x6, 0x12, 0xe0, 0x0, 0xf0, 0xe2, 0x8,
    0x96, 0xa0, 0xe3, 0x2e, 0x0, 0xf, 0xe, 0x20,
    0xb7, 0x6a, 0xf, 0x22, 0xe0, 0x0, 0xf0, 0xe2,
    0x1f, 0x36, 0x91, 0xf1, 0x2e, 0x0, 0x3f, 0x8f,
    0xef, 0xe0, 0x0, 0xae, 0xe5, 0x0, 0xa, 0xda,
    0x75, 0xf8, 0x5, 0xcc, 0x5, 0xeb, 0x20, 0x0,
    0x0, 0x2c, 0xa, 0xe7, 0x0, 0x1, 0xbb, 0x0,
    0x0, 0x0, 0x0, 0x0, 0x0, 0x0, 0x0, 0x0,

    /* U+8E2E "踮" */
    0x0, 0x0, 0x0, 0x0, 0x0, 0x0, 0x0, 0x0,
    0x0, 0x11, 0x10, 0x0, 0x0, 0x9a, 0x0, 0x0,
    0xf, 0xff, 0xf9, 0x4, 0x44, 0x7f, 0x54, 0x43,
    0xf, 0x10, 0x79, 0x2f, 0xdd, 0xdf, 0xdd, 0xda,
    0xf, 0x10, 0x79, 0x2e, 0x0, 0x2e, 0x0, 0x0,
    0xf, 0x99, 0xc9, 0x2e, 0x0, 0x2e, 0x0, 0x0,
    0xf, 0x8f, 0x84, 0x2e, 0x0, 0x2f, 0xff, 0xfd,
    0x0, 0xe, 0x10, 0x2e, 0x0, 0x2e, 0x11, 0x10,
    0xe, 0x1e, 0x53, 0x2e, 0x0, 0x2e, 0x0, 0x0,
    0xe, 0x1e, 0xca, 0x3e, 0x5d, 0xdf, 0xdd, 0xb0,
    0xe, 0x1e, 0x10, 0x4d, 0x7b, 0x44, 0x46, 0xe0,
    0xe, 0x1e, 0x10, 0x6b, 0x7a, 0x0, 0x2, 0xe0,
    0xe, 0x1e, 0x11, 0x98, 0x7a, 0x0, 0x2, 0xe0,
    0x4f, 0xaf, 0xf9, 0xe4, 0x7a, 0x0, 0x2, 0xe0,
    0xac, 0x96, 0x48, 0xe0, 0x7f, 0xff, 0xff, 0xe0,
    0x0, 0x0, 0x8, 0x50, 0x7b, 0x22, 0x24, 0xe0,

    /* U+8E2F "踯" */
    0x4, 0x55, 0x52, 0x90, 0x6, 0x50, 0x11, 0x10,
    0xe, 0xa9, 0xe4, 0xb5, 0xe, 0x4b, 0xff, 0xf6,
    0xe, 0x0, 0xb4, 0x49, 0x7b, 0xb, 0x50, 0xd3,
    0xe, 0x0, 0xb5, 0xaa, 0xec, 0x6b, 0x53, 0xe0,
    0xe, 0xdd, 0xf4, 0x38, 0xc3, 0x2b, 0x59, 0x80,
    0xb, 0x1e, 0x20, 0x6, 0xa0, 0xb, 0x5e, 0x20,
    0x0, 0xe, 0x10, 0x6, 0xa0, 0xb, 0x6e, 0x50,
    0x1e, 0xe, 0x12, 0x8b, 0xd8, 0x6b, 0x53, 0xf1,
    0x1e, 0xe, 0xe8, 0x8c, 0xc8, 0x6b, 0x50, 0xb7,
    0x1e, 0xe, 0x10, 0xa, 0x80, 0xb, 0x50, 0x6a,
    0x1e, 0xe, 0x10, 0xe, 0xd9, 0xb, 0x50, 0x5b,
    0x1e, 0xe, 0x10, 0x4e, 0x2f, 0x3b, 0x84, 0xb9,
    0x1e, 0x5f, 0xb5, 0xd7, 0x8, 0xcb, 0xae, 0xa1,
    0xad, 0xa7, 0x5b, 0xc0, 0x0, 0x3b, 0x50, 0x0,
    0x0, 0x0, 0x1b, 0x10, 0x0, 0xb, 0x50, 0x0,

    /* U+8E31 "踱" */
    0x0, 0x0, 0x0, 0x0, 0x0, 0x61, 0x0, 0x0,
    0x0, 0xac, 0xcc, 0x60, 0x0, 0xc, 0x90, 0x0,
    0x0, 0xd, 0x32, 0x88, 0x3d, 0xdd, 0xef, 0xdd,
    0xda, 0x0, 0xd1, 0x7, 0x84, 0xd3, 0x94, 0x34,
    0x93, 0x20, 0xd, 0x10, 0x78, 0x4c, 0xe, 0x10,
    0x1e, 0x0, 0x0, 0xdc, 0xce, 0x84, 0xff, 0xff,
    0xff, 0xff, 0xb0, 0xa, 0x3e, 0x31, 0x4c, 0xe,
    0x10, 0x1e, 0x0, 0x0, 0x0, 0xe1, 0x4, 0xc0,
    0xe2, 0x12, 0xe0, 0x0, 0xb, 0xe, 0x10, 0x4c,
    0xe, 0xee, 0xee, 0x0, 0x1, 0xe0, 0xec, 0xa5,
    0xb0, 0x41, 0x11, 0x40, 0x0, 0x1e, 0xe, 0x10,
    0x6a, 0xdf, 0xff, 0xff, 0xc0, 0x1, 0xe0, 0xe1,
    0x8, 0x81, 0xe1, 0x0, 0xd7, 0x0, 0x1e, 0xe,
    0x10, 0xc5, 0x8, 0xb1, 0xbc, 0x0, 0x1, 0xe5,
    0xfc, 0xcf, 0x10, 0xd, 0xfd, 0x10, 0x0, 0xbf,
    0xc8, 0x5a, 0xd0, 0x5b, 0xfb, 0xfc, 0x63, 0x2,
    0x0, 0x0, 0x76, 0x8e, 0x92, 0x2, 0x8c, 0xb0,
    0x0, 0x0, 0x0, 0x0, 0x0, 0x0, 0x0, 0x0,
    0x0,

    /* U+8E35 "踵" */
    0x3, 0x33, 0x32, 0x0, 0x11, 0x23, 0x46, 0x71,
    0xd, 0xbb, 0xcb, 0x8f, 0xee, 0xfd, 0xba, 0x92,
    0xd, 0x20, 0x6b, 0x0, 0x0, 0xc5, 0x0, 0x0,
    0xd, 0x20, 0x6b, 0xee, 0xee, 0xff, 0xee, 0xeb,
    0xd, 0xaa, 0xcb, 0x0, 0x0, 0xc4, 0x0, 0x0,
    0x9, 0x4f, 0x42, 0x8f, 0xee, 0xfe, 0xee, 0xf0,
    0x0, 0xe, 0x10, 0x88, 0x0, 0xc4, 0x0, 0xf0,
    0x1e, 0xe, 0x31, 0x8e, 0xdd, 0xfe, 0xdd, 0xf0,
    0x1e, 0xe, 0xda, 0x88, 0x0, 0xc4, 0x0, 0xf0,
    0x1e, 0xe, 0x10, 0x8f, 0xee, 0xfe, 0xee, 0xf0,
    0x1e, 0xe, 0x10, 0x33, 0x0, 0xc4, 0x0, 0x60,
    0x1e, 0xe, 0x35, 0x7e, 0xee, 0xfe, 0xee, 0xe0,
    0x6f, 0xdf, 0xec, 0x1, 0x11, 0xc5, 0x11, 0x10,
    0x57, 0x41, 0x2, 0xbb, 0xbb, 0xec, 0xbb, 0xba,
    0x0, 0x0, 0x0, 0x44, 0x44, 0x44, 0x44, 0x43,

    /* U+8E39 "踹" */
    0x0, 0x0, 0x0, 0x0, 0x0, 0x41, 0x0, 0x0,
    0x3, 0x33, 0x32, 0x1, 0x0, 0xd3, 0x0, 0x10,
    0xe, 0xcb, 0xd9, 0x4c, 0x0, 0xd3, 0x6, 0xb0,
    0xe, 0x20, 0x79, 0x4c, 0x0, 0xd3, 0x6, 0xb0,
    0xe, 0x20, 0x79, 0x4e, 0x99, 0xfb, 0x9b, 0xb0,
    0xe, 0x65, 0x99, 0x16, 0x66, 0x66, 0x68, 0x90,
    0xd, 0xaf, 0xa5, 0x22, 0x22, 0x22, 0x22, 0x21,
    0x0, 0xe, 0x11, 0xee, 0xee, 0xfe, 0xee, 0xeb,
    0x1c, 0xe, 0x20, 0x0, 0x4, 0xe0, 0x0, 0x0,
    0x1e, 0xe, 0xeb, 0x9d, 0xde, 0xfd, 0xdd, 0xd1,
    0x1e, 0xe, 0x10, 0xb7, 0x3e, 0x2a, 0x82, 0xf1,
    0x1e, 0xe, 0x10, 0xb5, 0x2e, 0x9, 0x70, 0xf1,
    0x1e, 0xe, 0x10, 0xb5, 0x2e, 0x9, 0x70, 0xf1,
    0x1e, 0x4f, 0xaa, 0xb5, 0x2e, 0x9, 0x70, 0xf1,
    0xae, 0xc9, 0x74, 0xb5, 0x2e, 0x9, 0x71, 0xf1,
    0x0, 0x0, 0x0, 0xb5, 0x1, 0x1, 0x5f, 0xd0,
    0x0, 0x0, 0x0, 0x10, 0x0, 0x0, 0x0, 0x0,

    /* U+8E3A "踺" */
    0x0, 0x0, 0x0, 0x0, 0x0, 0x2, 0x10, 0x0,
    0x0, 0x78, 0x88, 0x0, 0x0, 0x0, 0xa5, 0x0,
    0x0, 0xd, 0x76, 0xf5, 0xaa, 0x77, 0xbe, 0xcb,
    0xa0, 0x0, 0xd1, 0xe, 0x24, 0xc9, 0x12, 0xb7,
    0x3f, 0x0, 0xd, 0x10, 0xe0, 0x2f, 0x47, 0x7d,
    0xa8, 0xf7, 0x0, 0xd9, 0x8f, 0xa, 0x82, 0x66,
    0xc9, 0x6f, 0x50, 0x9, 0x8d, 0x63, 0xe1, 0x2,
    0x3b, 0x74, 0xf0, 0x0, 0x2, 0xb0, 0x7f, 0xe9,
    0x7a, 0xec, 0xaf, 0x0, 0xe, 0x2b, 0x0, 0x7,
    0x90, 0xa, 0x50, 0x0, 0x0, 0xe2, 0xfe, 0x41,
    0x87, 0xde, 0xfe, 0xed, 0x0, 0xe, 0x2b, 0x9,
    0x8b, 0x50, 0xa, 0x50, 0x0, 0x0, 0xe2, 0xb0,
    0x2e, 0xe3, 0x99, 0xdb, 0x99, 0x30, 0xe, 0x2b,
    0x0, 0xad, 0x4, 0x4b, 0x84, 0x41, 0x0, 0xe7,
    0xed, 0x4d, 0xe7, 0x0, 0xa5, 0x0, 0x0, 0x9f,
    0xfb, 0x69, 0xc2, 0xea, 0x43, 0x22, 0x23, 0x5,
    0x61, 0x3, 0xf2, 0x1, 0x8c, 0xef, 0xff, 0xc0,
    0x0, 0x0, 0x3, 0x0, 0x0, 0x0, 0x0, 0x0,
    0x0,

    /* U+8E3D "踽" */
    0x8, 0x99, 0x95, 0x8a, 0xbb, 0xcc, 0xde, 0xe0,
    0xe, 0x65, 0x99, 0x45, 0x54, 0xf4, 0x22, 0x10,
    0xe, 0x20, 0x69, 0x0, 0x0, 0xf1, 0x0, 0x0,
    0xe, 0x20, 0x69, 0x8f, 0xff, 0xff, 0xff, 0xe0,
    0xe, 0x87, 0xa9, 0x87, 0x0, 0xf1, 0x2, 0xe0,
    0xa, 0x9f, 0x95, 0x87, 0x0, 0xf2, 0x2, 0xe0,
    0x0, 0xf, 0x10, 0x8f, 0xee, 0xfe, 0xee, 0xe0,
    0x1d, 0xf, 0x10, 0x21, 0x0, 0xf1, 0x0, 0x30,
    0x1e, 0xf, 0xd8, 0xef, 0xff, 0xff, 0xff, 0xf5,
    0x1e, 0xf, 0x31, 0xe1, 0x0, 0xf1, 0x40, 0xa5,
    0x1e, 0xf, 0x10, 0xe1, 0x0, 0xf1, 0xb5, 0xa5,
    0x1e, 0xf, 0x12, 0xe8, 0xde, 0xff, 0xfb, 0xa5,
    0x2f, 0x8f, 0xfa, 0xe3, 0x42, 0x10, 0xb, 0xb5,
    0xaf, 0xb7, 0x20, 0xe1, 0x0, 0x3, 0x44, 0xd4,
    0x0, 0x0, 0x0, 0xe1, 0x0, 0x8, 0xcc, 0x90,

    /* U+8E40 "蹀" */
    0x0, 0x0, 0x0, 0x0, 0x0, 0x10, 0x2, 0x0,
    0x5, 0x66, 0x63, 0xc, 0x5, 0xb0, 0x3d, 0x0,
    0xe, 0x99, 0xc9, 0x1f, 0x26, 0xb1, 0x4d, 0x11,
    0xe, 0x20, 0x7a, 0xff, 0xff, 0xff, 0xff, 0xf9,
    0xe, 0x20, 0x79, 0xf, 0x5, 0xb0, 0x3d, 0x0,
    0xe, 0xcc, 0xe9, 0xf, 0x5, 0xeb, 0xcd, 0x0,
    0xb, 0x4e, 0x41, 0xf, 0x4, 0xb4, 0x6b, 0x0,
    0x0, 0xe, 0x10, 0xf, 0x21, 0x11, 0x11, 0x10,
    0x1e, 0xe, 0x10, 0xf, 0xff, 0xff, 0xff, 0xf1,
    0x1e, 0xe, 0xda, 0x0, 0x0, 0xc4, 0x0, 0x0,
    0x1e, 0xe, 0x10, 0xdd, 0xdd, 0xfe, 0xdd, 0xd9,
    0x1e, 0xe, 0x10, 0x33, 0x5e, 0xed, 0xa3, 0x32,
    0x1e, 0xe, 0x22, 0x2, 0xe5, 0xc5, 0xd6, 0x0,
    0x2f, 0x8f, 0xfa, 0x5e, 0x70, 0xc4, 0x2e, 0xa1,
    0x8e, 0xa6, 0x16, 0xf6, 0x0, 0xc4, 0x2, 0xdb,
    0x0, 0x0, 0x0, 0x20, 0x0, 0xc4, 0x0, 0x1,

    /* U+8E41 "蹁" */
    0x0, 0x0, 0x0, 0x0, 0x0, 0x60, 0x0, 0x0,
    0x8, 0x99, 0x92, 0x0, 0x1, 0xe5, 0x0, 0x0,
    0xe, 0x65, 0xb4, 0xce, 0xee, 0xff, 0xee, 0xe0,
    0xe, 0x10, 0x94, 0xe3, 0x22, 0x22, 0x22, 0xf0,
    0xe, 0x10, 0x94, 0xe2, 0x11, 0x11, 0x11, 0xf0,
    0xe, 0xbb, 0xe4, 0xee, 0xee, 0xee, 0xee, 0xf0,
    0xd, 0x4f, 0x30, 0xe1, 0x0, 0x0, 0x0, 0x60,
    0x0, 0xf, 0x0, 0xe3, 0x44, 0x44, 0x44, 0x40,
    0xe, 0xf, 0x10, 0xf8, 0xec, 0xfc, 0xfc, 0xf2,
    0xe, 0xf, 0xf7, 0xf8, 0x81, 0xd0, 0xe0, 0xc2,
    0xe, 0xf, 0x0, 0xe8, 0x81, 0xd0, 0xe0, 0xc2,
    0xe, 0xf, 0x2, 0xc8, 0xff, 0xff, 0xff, 0xf2,
    0xe, 0xf, 0x48, 0xa8, 0x81, 0xd0, 0xe0, 0xc2,
    0x5f, 0xdf, 0xde, 0x58, 0x81, 0xd0, 0xe0, 0xc2,
    0x79, 0x51, 0x1e, 0x18, 0x81, 0xd0, 0xe0, 0xe2,
    0x0, 0x0, 0x28, 0x8, 0x80, 0x30, 0x6f, 0xb0,
    0x0, 0x0, 0x0, 0x0, 0x0, 0x0, 0x0, 0x0,

    /* U+8E42 "蹂" */
    0x8, 0xaa, 0xa5, 0x5d, 0xdd, 0xdd, 0xdd, 0xc0,
    0xd, 0x64, 0xa7, 0x13, 0xa3, 0x22, 0xaf, 0x70,
    0xd, 0x20, 0x87, 0x2, 0xae, 0x8d, 0xb2, 0x0,
    0xd, 0x20, 0x87, 0x45, 0x57, 0xea, 0x55, 0x51,
    0xd, 0xee, 0xf7, 0x9a, 0xaf, 0xfe, 0xaa, 0xf5,
    0x6, 0x1f, 0x0, 0x2, 0xcb, 0x5c, 0x1, 0xf1,
    0x5, 0xf, 0x1, 0x9f, 0xa3, 0x9b, 0x7, 0xb0,
    0x1e, 0xf, 0xd9, 0x92, 0xbf, 0xe4, 0x1, 0x20,
    0x1e, 0xf, 0x32, 0x0, 0x0, 0xb0, 0x0, 0x0,
    0x1e, 0xf, 0x0, 0x44, 0x44, 0xf5, 0x44, 0x42,
    0x1e, 0xf, 0x0, 0xbb, 0xcf, 0xff, 0xcb, 0xb5,
    0x1e, 0xf, 0x13, 0x1, 0xc8, 0xf8, 0xc1, 0x0,
    0x6f, 0xcf, 0xfc, 0x3d, 0xa0, 0xf1, 0x8d, 0x40,
    0x57, 0x41, 0x7, 0xf8, 0x0, 0xf1, 0x6, 0xf9,
    0x0, 0x0, 0x2, 0x40, 0x0, 0xf1, 0x0, 0x22,

    /* U+8E49 "蹉" */
    0x0, 0x0, 0x0, 0x0, 0x10, 0x0, 0x2, 0x0,
    0x6, 0x77, 0x75, 0x0, 0xb9, 0x0, 0x3f, 0x30,
    0xe, 0x87, 0xac, 0x0, 0x1c, 0x20, 0x97, 0x0,
    0xe, 0x20, 0x6c, 0x6f, 0xff, 0xff, 0xff, 0xf8,
    0xe, 0x20, 0x6c, 0x1, 0x11, 0xf3, 0x11, 0x10,
    0xe, 0x98, 0xbc, 0x3, 0x44, 0xf5, 0x44, 0x40,
    0xd, 0x7f, 0x75, 0xc, 0xcd, 0xfc, 0xcc, 0xc0,
    0x3, 0xe, 0x10, 0x0, 0xa, 0x90, 0x0, 0x0,
    0x1e, 0xe, 0xdb, 0x9f, 0xff, 0xff, 0xff, 0xfd,
    0x1e, 0xe, 0x32, 0x0, 0x8c, 0x0, 0x0, 0x0,
    0x1e, 0xe, 0x10, 0x2, 0xf7, 0x11, 0x11, 0x10,
    0x1e, 0xe, 0x10, 0xc, 0xef, 0xff, 0xff, 0xd0,
    0x1e, 0xe, 0x54, 0x9f, 0x30, 0xd, 0x40, 0x0,
    0x6f, 0xde, 0xbe, 0xf5, 0x0, 0xd, 0x40, 0x0,
    0x45, 0x20, 0x2e, 0x5a, 0xcc, 0xcf, 0xdc, 0xca,
    0x0, 0x0, 0x0, 0x3, 0x44, 0x44, 0x44, 0x43,

    /* U+8E4A "蹊" */
    0x3, 0x33, 0x32, 0x12, 0x23, 0x45, 0x78, 0xa2,
    0x0, 0xfb, 0xbe, 0x8d, 0xed, 0xcd, 0xa9, 0x79,
    0x10, 0xf, 0x0, 0x98, 0x2a, 0x0, 0xc4, 0x4,
    0xf1, 0x0, 0xf0, 0x9, 0x80, 0xe4, 0x26, 0x80,
    0xe5, 0x0, 0xf, 0x22, 0xa8, 0x3, 0x6e, 0x50,
    0x6, 0x0, 0x0, 0xfd, 0xfd, 0x71, 0x8c, 0x20,
    0x1a, 0xe3, 0x0, 0x1, 0x1f, 0x0, 0x8f, 0xee,
    0xfe, 0x70, 0x0, 0x0, 0x91, 0xf0, 0x0, 0x17,
    0xb6, 0x1, 0xd2, 0x0, 0x1d, 0x1f, 0xea, 0xaf,
    0xeb, 0xbc, 0xdf, 0xf4, 0x1, 0xd1, 0xf0, 0x5,
    0x64, 0x38, 0x30, 0x4, 0x30, 0x1d, 0x1f, 0x0,
    0x33, 0x33, 0xd6, 0x33, 0x33, 0x1, 0xd1, 0xf0,
    0x1c, 0xcc, 0xdf, 0xfc, 0xcc, 0xb0, 0x1d, 0x1f,
    0x45, 0x0, 0xa, 0x9d, 0x40, 0x0, 0x6, 0xfd,
    0xfc, 0x70, 0x5d, 0xa0, 0x3e, 0x93, 0x0, 0x77,
    0x30, 0x6, 0xfd, 0x50, 0x0, 0x19, 0xfd, 0x0,
    0x0, 0x0, 0x12, 0x0, 0x0, 0x0, 0x0, 0x20,

    /* U+8E51 "蹑" */
    0xa, 0xcc, 0xc4, 0xcc, 0xcc, 0xcc, 0xcc, 0xc6,
    0x0, 0xd3, 0x2a, 0x52, 0xd5, 0x22, 0x22, 0xf3,
    0x10, 0xd, 0x10, 0x95, 0xc, 0xba, 0xaa, 0xaf,
    0x0, 0x0, 0xd1, 0x9, 0x50, 0xc6, 0x44, 0x44,
    0xf0, 0x0, 0xd, 0xcc, 0xe5, 0xc, 0xa9, 0x99,
    0x9f, 0x0, 0x0, 0x73, 0xf2, 0x0, 0xc7, 0x55,
    0x55, 0xf0, 0x0, 0x0, 0xf, 0x0, 0xc, 0x30,
    0x0, 0x1f, 0x65, 0x0, 0xd0, 0xf0, 0x1e, 0xfe,
    0xee, 0xdd, 0xf4, 0x20, 0xe, 0xf, 0xe9, 0x10,
    0x0, 0x0, 0x4, 0x0, 0x0, 0xe0, 0xf1, 0x4e,
    0xee, 0xf8, 0xfe, 0xef, 0x40, 0xe, 0xf, 0x0,
    0x60, 0x5c, 0x3c, 0x0, 0xe1, 0x0, 0xe0, 0xf0,
    0xb, 0xac, 0x40, 0xd3, 0x7a, 0x0, 0xe, 0x1f,
    0x89, 0xd, 0xf2, 0x4, 0xee, 0x10, 0x8, 0xff,
    0xc8, 0x7b, 0xb8, 0xb1, 0x9f, 0xe7, 0x10, 0x33,
    0x0, 0x3f, 0x80, 0x3, 0xfa, 0x13, 0xcc, 0x0,
    0x0, 0x0, 0x10, 0x0, 0x1, 0x0, 0x0, 0x0,

    /* U+8E52 "蹒" */
    0x0, 0x0, 0x0, 0x0, 0x0, 0x0, 0x0, 0x0,
    0x2, 0x22, 0x21, 0x0, 0xa6, 0x0, 0xd3, 0x0,
    0xd, 0xcc, 0xe7, 0x44, 0xb8, 0x44, 0xe6, 0x42,
    0xd, 0x20, 0x88, 0xcc, 0xed, 0xcc, 0xfc, 0xc7,
    0xd, 0x20, 0x87, 0x0, 0x85, 0x0, 0xa2, 0x0,
    0xd, 0xbb, 0xd7, 0xdd, 0xdd, 0xdd, 0xdd, 0xd7,
    0xd, 0x5f, 0x41, 0x22, 0x5c, 0x23, 0xd2, 0x21,
    0x0, 0xf, 0x10, 0x0, 0x3c, 0x2, 0xd0, 0x0,
    0xb, 0xf, 0x31, 0x9d, 0xef, 0xde, 0xfd, 0xd1,
    0x1e, 0xf, 0xd9, 0xb6, 0x6b, 0x25, 0xc2, 0xe2,
    0x1e, 0xf, 0x10, 0xb5, 0x7c, 0x6, 0xb0, 0xd2,
    0x1e, 0xf, 0x10, 0xb5, 0xdb, 0xbb, 0xe7, 0xd2,
    0x1e, 0xf, 0x10, 0xba, 0xc0, 0x7d, 0x1e, 0xf2,
    0x2e, 0x6f, 0xb9, 0xbd, 0x30, 0xb4, 0x1, 0xd2,
    0xae, 0xb8, 0x52, 0xb5, 0x0, 0x0, 0x12, 0xf1,
    0x0, 0x0, 0x0, 0xb5, 0x0, 0x2, 0xff, 0xb0,
    0x0, 0x0, 0x0, 0x10, 0x0, 0x0, 0x0, 0x0,

    /* U+8E59 "蹙" */
    0x0, 0x0, 0x0, 0x0, 0x0, 0x30, 0x1, 0x0,
    0x0, 0x0, 0x0, 0x0, 0x0, 0x2f, 0x17, 0xb0,
    0x0, 0x4, 0xfd, 0xdd, 0xdd, 0xdd, 0xfd, 0xdd,
    0xd8, 0x0, 0x4e, 0x0, 0xe7, 0x66, 0xe, 0x40,
    0x56, 0x0, 0x4, 0xd0, 0xe, 0x76, 0x60, 0xb7,
    0x4e, 0x30, 0x0, 0x5f, 0xdd, 0xfd, 0xdd, 0xa5,
    0xee, 0x40, 0x20, 0x9, 0x93, 0x44, 0x82, 0x22,
    0xbf, 0x80, 0x2e, 0x1, 0xf7, 0xe7, 0xab, 0x5e,
    0x88, 0x4f, 0x79, 0xa0, 0x3a, 0x44, 0x6b, 0x30,
    0x32, 0x0, 0x3c, 0xd3, 0x0, 0x4, 0xdd, 0xdd,
    0xdd, 0xdd, 0xdd, 0xc0, 0x0, 0x0, 0x5b, 0x0,
    0x0, 0x0, 0x0, 0x3e, 0x0, 0x0, 0x4, 0xdd,
    0xdd, 0xdf, 0xdd, 0xdd, 0xe0, 0x0, 0x0, 0xd,
    0x20, 0x3, 0xe0, 0x0, 0x2, 0x0, 0x0, 0x5,
    0xf4, 0x0, 0x3f, 0xdd, 0xdd, 0xda, 0x0, 0x2,
    0xe8, 0xfa, 0x44, 0xe0, 0x0, 0x0, 0x0, 0x4,
    0xf7, 0x2, 0x8d, 0xff, 0xff, 0xff, 0xff, 0xd0,
    0x4, 0x0, 0x0, 0x0, 0x0, 0x0, 0x0, 0x0,
    0x0,

    /* U+8E69 "蹩" */
    0x0, 0x0, 0x30, 0x0, 0x0, 0x1, 0x0, 0x0,
    0x8, 0x60, 0xe1, 0x1c, 0x20, 0x6a, 0x0, 0x0,
    0x1, 0xb0, 0xe1, 0x77, 0x0, 0xdc, 0xbb, 0xb6,
    0xf, 0xdd, 0xfd, 0xde, 0xa7, 0xf4, 0x3a, 0x81,
    0xf, 0x3, 0xe3, 0x35, 0xce, 0x9a, 0x1e, 0x10,
    0xf, 0x57, 0xe3, 0xd5, 0xa1, 0xc, 0xe6, 0x0,
    0xf, 0xa2, 0xe1, 0x86, 0xa0, 0x6d, 0xcc, 0x40,
    0xf, 0x0, 0x50, 0x3, 0x8d, 0x92, 0x4, 0xc7,
    0x0, 0x9d, 0xdd, 0xdd, 0xdd, 0xdd, 0xda, 0x0,
    0x0, 0xa5, 0x0, 0x0, 0x0, 0x0, 0x4d, 0x0,
    0x0, 0xab, 0x99, 0x99, 0x99, 0x99, 0xbd, 0x0,
    0x0, 0x28, 0x33, 0x37, 0xd3, 0x33, 0x57, 0x0,
    0x0, 0x3f, 0x0, 0x4, 0xea, 0xaa, 0xaa, 0x70,
    0x0, 0xae, 0xa0, 0x4, 0xd3, 0x33, 0x33, 0x20,
    0x6, 0xd1, 0xdd, 0x77, 0xc0, 0x0, 0x0, 0x0,
    0x7e, 0x30, 0x7, 0xce, 0xff, 0xff, 0xff, 0xf8,
    0x22, 0x0, 0x0, 0x0, 0x0, 0x0, 0x0, 0x0,

    /* U+8E6F "蹯" */
    0x2, 0x33, 0x31, 0x1, 0x12, 0x34, 0x57, 0x50,
    0xb, 0xcb, 0xd8, 0xaf, 0xee, 0xfc, 0xba, 0x70,
    0xb, 0x50, 0x88, 0xa, 0x30, 0xd2, 0x1b, 0x30,
    0xb, 0x50, 0x88, 0x3, 0xa0, 0xd2, 0x86, 0x0,
    0xb, 0xee, 0xf8, 0xdf, 0xff, 0xff, 0xff, 0xf4,
    0xa, 0x5e, 0x20, 0x0, 0x2d, 0xfc, 0x70, 0x0,
    0x0, 0xe, 0x20, 0x4, 0xc2, 0xd2, 0xac, 0x40,
    0xd, 0x1e, 0x21, 0xa9, 0x0, 0xd2, 0x5, 0xe4,
    0xe, 0x1e, 0xb7, 0x7e, 0xee, 0xfe, 0xee, 0x90,
    0xe, 0x1e, 0x20, 0x5a, 0x0, 0xe2, 0x6, 0x90,
    0xe, 0x1e, 0x20, 0x5a, 0x0, 0xe2, 0x6, 0x90,
    0xe, 0x1e, 0x20, 0x5f, 0xff, 0xff, 0xff, 0x90,
    0x1e, 0x5e, 0xab, 0x6a, 0x0, 0xe2, 0x6, 0x90,
    0xaf, 0xc9, 0x74, 0x5f, 0xdd, 0xfd, 0xde, 0x90,
    0x0, 0x0, 0x0, 0x5b, 0x22, 0x22, 0x27, 0x90,

    /* U+8E70 "蹰" */
    0x3, 0x44, 0x41, 0x11, 0x11, 0x11, 0x11, 0x11,
    0xd, 0xbb, 0xd5, 0xee, 0xee, 0xee, 0xee, 0xea,
    0xd, 0x10, 0x95, 0xe1, 0x0, 0x0, 0x0, 0x70,
    0xd, 0x10, 0x95, 0xe9, 0xff, 0xf6, 0x1, 0xf0,
    0xd, 0x87, 0xc5, 0xe1, 0x0, 0x0, 0x1, 0xf0,
    0xd, 0x9f, 0x93, 0xe3, 0xcc, 0xc7, 0xff, 0xfb,
    0x4, 0xf, 0x0, 0xe4, 0xb3, 0xe1, 0x11, 0xf0,
    0xe, 0xf, 0x63, 0xe4, 0xa0, 0xd5, 0x51, 0xf0,
    0xe, 0xf, 0x74, 0xf3, 0xeb, 0xf4, 0xc1, 0xf0,
    0xe, 0xf, 0x0, 0xf3, 0xa3, 0xb0, 0xe2, 0xf0,
    0xe, 0xf, 0x2, 0xd2, 0x60, 0x81, 0x83, 0xf0,
    0xe, 0xf, 0x5, 0xb0, 0xd0, 0xd0, 0x1, 0xf0,
    0x1f, 0x8f, 0xed, 0x80, 0x65, 0xb4, 0x1, 0xf0,
    0x9c, 0x95, 0x2e, 0x4d, 0xff, 0xd9, 0x4, 0xe0,
    0x0, 0x0, 0xb, 0x4, 0x20, 0x3, 0xff, 0x70,
    0x0, 0x0, 0x0, 0x0, 0x0, 0x0, 0x0, 0x0,

    /* U+8E74 "蹴" */
    0x0, 0x0, 0x0, 0x2, 0x0, 0x1, 0x20, 0x0,
    0x0, 0x78, 0x87, 0x6, 0xc0, 0x0, 0x4b, 0x1,
    0x0, 0xe, 0x77, 0xe1, 0x1d, 0x31, 0x5, 0xa5,
    0xd1, 0x0, 0xe0, 0xf, 0xff, 0xff, 0xfb, 0x5a,
    0x9, 0x90, 0xe, 0x0, 0xe0, 0x11, 0x11, 0x29,
    0xc5, 0x55, 0x0, 0xee, 0xee, 0xae, 0xdd, 0xf7,
    0xbd, 0xea, 0x80, 0xb, 0x3d, 0xa, 0x40, 0xe,
    0x46, 0x9c, 0x30, 0x0, 0x2, 0xd0, 0xa4, 0x0,
    0xe4, 0x69, 0xc3, 0x0, 0xe, 0x2d, 0x1a, 0x96,
    0x6e, 0x47, 0x8c, 0x30, 0x0, 0xe2, 0xfc, 0xab,
    0xfa, 0xf4, 0x87, 0xc3, 0x0, 0xe, 0x2d, 0x1,
    0xe, 0x12, 0xa, 0x5c, 0x30, 0x0, 0xe2, 0xd0,
    0xa5, 0xe4, 0xe1, 0xd2, 0xc3, 0x30, 0xe, 0x2d,
    0xe, 0x1e, 0x1a, 0xce, 0xc, 0x3a, 0x42, 0xea,
    0xff, 0xb0, 0xe1, 0x19, 0xa0, 0xc3, 0xb3, 0x7d,
    0x95, 0xb5, 0xf, 0x11, 0xe5, 0xb, 0x4e, 0x10,
    0x0, 0x2, 0x9f, 0xd0, 0x8d, 0x0, 0x7f, 0xb0,
    0x0, 0x0, 0x1, 0x30, 0x1, 0x30, 0x0, 0x0,
    0x0,

    /* U+8E76 "蹶" */
    0x2, 0x33, 0x30, 0x22, 0x22, 0x22, 0x22, 0x21,
    0xc, 0xcc, 0xf2, 0xfe, 0xee, 0xee, 0xee, 0xea,
    0xc, 0x10, 0xc2, 0xe3, 0x30, 0x44, 0x37, 0x0,
    0xc, 0x10, 0xc2, 0xe2, 0xd0, 0xc3, 0x77, 0x0,
    0xc, 0x77, 0xe2, 0xe6, 0xc9, 0xf6, 0xcb, 0x95,
    0xc, 0x8f, 0x71, 0xe5, 0x6e, 0x68, 0xd6, 0xa8,
    0x2, 0xe, 0x1, 0xe8, 0x3e, 0x2b, 0x65, 0xc2,
    0xd, 0xf, 0x74, 0xe8, 0x3e, 0x3a, 0x3a, 0x40,
    0xd, 0xf, 0x85, 0xd8, 0x3e, 0x3a, 0x4a, 0x0,
    0xd, 0xe, 0x2, 0xc8, 0xbf, 0xba, 0x5a, 0x0,
    0xd, 0xe, 0x5, 0xa2, 0x6d, 0x6a, 0x9e, 0x0,
    0xd, 0xe, 0x28, 0x80, 0x59, 0x0, 0xdc, 0x30,
    0x4e, 0xbf, 0xed, 0x40, 0xc4, 0x6, 0xb5, 0xa0,
    0x8a, 0x62, 0x2f, 0x6, 0xc0, 0x4e, 0x20, 0xe4,
    0x0, 0x0, 0x58, 0xc, 0x30, 0xb5, 0x0, 0x49,
    0x0, 0x0, 0x0, 0x0, 0x0, 0x0, 0x0, 0x0,

    /* U+8E7C "蹼" */
    0x0, 0x0, 0x0, 0x0, 0x16, 0x3, 0x40, 0x0,
    0x0, 0x11, 0x11, 0x6, 0x2, 0xd0, 0x69, 0x5,
    0x0, 0xf, 0xff, 0xfc, 0x8a, 0x2d, 0x6, 0x93,
    0xe2, 0x0, 0xf0, 0x6, 0xc0, 0x93, 0xd0, 0x69,
    0x74, 0x0, 0xf, 0x0, 0x6e, 0xdd, 0xdf, 0xde,
    0xfd, 0xda, 0x0, 0xfb, 0xbd, 0xc2, 0x4b, 0x22,
    0x24, 0xa2, 0x10, 0xf, 0x8f, 0x96, 0x1, 0xd5,
    0x0, 0xc8, 0x0, 0x0, 0x30, 0xe1, 0xe, 0xff,
    0xff, 0xff, 0xff, 0x40, 0xf, 0xe, 0x53, 0x0,
    0x0, 0xd4, 0x0, 0x0, 0x0, 0xf0, 0xeb, 0x94,
    0xdd, 0xdf, 0xed, 0xdb, 0x0, 0xf, 0xe, 0x10,
    0x2, 0x22, 0xe5, 0x22, 0x10, 0x0, 0xf0, 0xe1,
    0x2, 0x22, 0x2f, 0x42, 0x22, 0x10, 0xf, 0xe,
    0x13, 0xdd, 0xde, 0xff, 0xdd, 0xdb, 0x0, 0xf3,
    0xfa, 0xa0, 0x0, 0xda, 0xe3, 0x0, 0x0, 0xaf,
    0xea, 0x74, 0x5, 0xdb, 0x5, 0xf7, 0x10, 0x1,
    0x10, 0x0, 0x7e, 0xe6, 0x0, 0x3, 0xcf, 0xb0,
    0x0, 0x0, 0x2, 0x30, 0x0, 0x0, 0x0, 0x22,
    0x0,

    /* U+8E85 "躅" */
    0x2, 0x33, 0x30, 0x15, 0x55, 0x55, 0x55, 0x40,
    0xb, 0xcb, 0xe4, 0x3d, 0x8e, 0x89, 0xd8, 0xd0,
    0xb, 0x40, 0xa4, 0x3b, 0xd, 0x3, 0xa0, 0xd0,
    0xb, 0x40, 0xa4, 0x3f, 0xdf, 0xdd, 0xfd, 0xd0,
    0xb, 0x75, 0xc4, 0x4, 0x40, 0x0, 0x0, 0x80,
    0x9, 0x7f, 0x61, 0x2f, 0xee, 0xee, 0xee, 0xe1,
    0x2, 0xe, 0x12, 0xe4, 0x7, 0x90, 0x0, 0xe1,
    0xf, 0xe, 0x18, 0x69, 0x9c, 0xd9, 0x93, 0xe1,
    0xf, 0xe, 0xe7, 0xe, 0x49, 0xa4, 0x85, 0xe0,
    0xf, 0xe, 0x10, 0xe, 0x7, 0x90, 0x65, 0xe0,
    0xf, 0xe, 0x10, 0xf, 0xde, 0xed, 0xd4, 0xf0,
    0xf, 0xe, 0x11, 0x6, 0x7, 0x90, 0xa1, 0xf0,
    0x5f, 0xbf, 0xfa, 0x46, 0x7b, 0xdb, 0xe7, 0xe0,
    0x68, 0x53, 0x0, 0x8a, 0x86, 0x43, 0x28, 0xc0,
    0x0, 0x0, 0x0, 0x0, 0x0, 0x7, 0xfe, 0x40,
    0x0, 0x0, 0x0, 0x0, 0x0, 0x0, 0x0, 0x0,

    /* U+8E8F "躏" */
    0x0, 0x0, 0x0, 0x0, 0x0, 0x0, 0x0, 0x0,
    0x4, 0x66, 0x50, 0x0, 0xc0, 0x0, 0xd0, 0x0,
    0xc, 0x99, 0xdc, 0xff, 0xff, 0xff, 0xff, 0xf8,
    0xc, 0x10, 0xd0, 0x53, 0xa0, 0x0, 0xc0, 0x0,
    0xc, 0x10, 0xd0, 0x3e, 0x57, 0xee, 0xee, 0xf1,
    0xc, 0xa9, 0xd3, 0x52, 0x62, 0x58, 0x0, 0xc1,
    0x9, 0x6d, 0x35, 0x90, 0xd1, 0xc, 0x0, 0xc1,
    0x0, 0x1c, 0x5, 0x96, 0xfe, 0xef, 0xed, 0xc1,
    0xd, 0x1d, 0x56, 0xbe, 0xd0, 0xd, 0x0, 0xc1,
    0xd, 0x1e, 0x96, 0xb5, 0xfd, 0xdf, 0xd9, 0xc1,
    0xd, 0x1c, 0x5, 0x90, 0xd0, 0xd, 0x0, 0xc1,
    0xd, 0x1c, 0x5, 0x90, 0xfd, 0xdf, 0xd9, 0xc1,
    0xd, 0x1c, 0x16, 0x90, 0xd0, 0xd, 0x0, 0xc1,
    0x3e, 0xbf, 0xf9, 0x90, 0xfe, 0xef, 0xee, 0xd1,
    0x9e, 0x95, 0x5, 0x90, 0xd0, 0x0, 0x0, 0xd0,
    0x0, 0x0, 0x5, 0x90, 0x50, 0x0, 0xce, 0xb0,
    0x0, 0x0, 0x0, 0x0, 0x0, 0x0, 0x0, 0x0,

    /* U+8E90 "躐" */
    0x0, 0x0, 0x0, 0x0, 0x0, 0x0, 0x0, 0x0,
    0x2, 0x22, 0x21, 0xb, 0x70, 0xa9, 0xb, 0x70,
    0xd, 0xcc, 0xe7, 0xb8, 0xa, 0xa0, 0xa9, 0x0,
    0xd, 0x20, 0x96, 0xb9, 0x19, 0xc1, 0x8c, 0x10,
    0xd, 0x20, 0x96, 0x1b, 0x61, 0x8a, 0x18, 0x90,
    0xd, 0x65, 0xb6, 0xed, 0xdc, 0xcc, 0xde, 0xa0,
    0xd, 0xbf, 0xa4, 0xe3, 0xc9, 0x39, 0xb6, 0xa0,
    0x2, 0xf, 0x0, 0xe1, 0x3d, 0xee, 0x36, 0xa0,
    0xa, 0xf, 0x0, 0xe7, 0xc6, 0x25, 0xc8, 0xa0,
    0x1e, 0xf, 0xf8, 0xea, 0xaa, 0xaa, 0xac, 0x90,
    0x1e, 0xf, 0x0, 0x96, 0x72, 0xb7, 0x3a, 0x10,
    0x1e, 0xf, 0x0, 0xd2, 0x67, 0xd3, 0xad, 0x20,
    0x1e, 0xf, 0x0, 0xd9, 0x93, 0xda, 0x6c, 0x20,
    0x1e, 0x5f, 0xa8, 0xd1, 0x44, 0xd1, 0x7a, 0x4a,
    0xbe, 0xb9, 0x62, 0xd7, 0xb8, 0xe7, 0xc9, 0x9c,
    0x0, 0x0, 0x0, 0xc9, 0x33, 0xd8, 0x21, 0xd7,
    0x0, 0x0, 0x0, 0x0, 0x0, 0x0, 0x0, 0x0,

    /* U+8E94 "躔" */
    0x0, 0x0, 0x0, 0x0, 0x0, 0x21, 0x0, 0x0,
    0x6, 0x88, 0x82, 0x0, 0x0, 0xc9, 0x0, 0x0,
    0xd, 0x76, 0xb5, 0xcd, 0xdd, 0xef, 0xdd, 0xdc,
    0xd, 0x10, 0x95, 0xe2, 0x44, 0x44, 0x44, 0x40,
    0xd, 0x10, 0x95, 0xe2, 0xe8, 0x7f, 0x77, 0xe0,
    0xd, 0x87, 0xc5, 0xe2, 0xeb, 0xbf, 0xbb, 0xe0,
    0xa, 0x9f, 0x93, 0xe2, 0xe1, 0xf, 0x1, 0xe0,
    0x3, 0xf, 0x0, 0xe2, 0xbb, 0xbf, 0xbb, 0xb0,
    0xe, 0xf, 0x31, 0xe2, 0xaa, 0xaf, 0xaa, 0xa0,
    0xe, 0xf, 0xc7, 0xf1, 0x22, 0x2f, 0x22, 0x20,
    0xe, 0xf, 0x0, 0xf6, 0xbb, 0xbb, 0xbb, 0xb7,
    0xe, 0xf, 0x1, 0xf0, 0x39, 0x40, 0x3d, 0x60,
    0xe, 0xf, 0x3, 0xda, 0x94, 0xf, 0x1, 0x8a,
    0x1f, 0x8f, 0xec, 0xa0, 0xbc, 0xcf, 0xcc, 0xc0,
    0x9f, 0xc7, 0x3c, 0x60, 0x0, 0xf, 0x0, 0x0,
    0x10, 0x0, 0x2f, 0x1b, 0xcc, 0xcf, 0xcc, 0xcc,
    0x0, 0x0, 0x3, 0x0, 0x0, 0x0, 0x0, 0x0,

    /* U+8E9C "躜" */
    0x0, 0x0, 0x0, 0x1, 0x0, 0x0, 0x11, 0x0,
    0x9, 0xaa, 0x90, 0x79, 0x40, 0x16, 0x86, 0x0,
    0xf, 0x22, 0xf4, 0xee, 0xd8, 0x6e, 0xee, 0xd1,
    0xf, 0x0, 0xfb, 0x39, 0x40, 0xd2, 0x86, 0x10,
    0xf, 0x0, 0xf6, 0x7c, 0x96, 0x67, 0xca, 0x72,
    0xf, 0xee, 0xf4, 0xd7, 0xe4, 0x4e, 0x6e, 0x61,
    0xb, 0x1c, 0x0, 0xd0, 0xd6, 0x1e, 0xd, 0x29,
    0x1, 0x1c, 0x8, 0x90, 0xfa, 0xa8, 0xe, 0x98,
    0xd, 0x1c, 0x7, 0x0, 0x20, 0x80, 0x3, 0x60,
    0xd, 0x1f, 0xf2, 0xdf, 0xff, 0xff, 0xff, 0x60,
    0xd, 0x1c, 0x0, 0xe3, 0x11, 0x21, 0x1a, 0x60,
    0xd, 0x1c, 0x0, 0xe2, 0x5, 0xb0, 0xa, 0x60,
    0xd, 0x1c, 0x11, 0xe2, 0x9, 0x90, 0xa, 0x60,
    0x3e, 0xaf, 0xf4, 0x50, 0x3f, 0xea, 0x33, 0x20,
    0x7c, 0x84, 0x10, 0x4a, 0xf6, 0x7, 0xec, 0x40,
    0x0, 0x0, 0x1f, 0xf9, 0x20, 0x0, 0x7, 0xf6,
    0x0, 0x0, 0x2, 0x0, 0x0, 0x0, 0x0, 0x10,

    /* U+8E9E "躞" */
    0x0, 0x0, 0x0, 0x0, 0x0, 0x0, 0x0, 0x0,
    0x0, 0x33, 0x32, 0x9, 0x10, 0x2d, 0x10, 0x55,
    0x0, 0xd, 0xcc, 0xc1, 0xb2, 0x7c, 0xcc, 0x46,
    0x60, 0x0, 0xd1, 0x2d, 0xbb, 0x68, 0x77, 0x7b,
    0x67, 0xb0, 0xd, 0x12, 0xbd, 0xba, 0x44, 0x44,
    0x89, 0xa8, 0x0, 0xd9, 0xab, 0x3c, 0x42, 0xdd,
    0xc2, 0x87, 0x20, 0xd, 0xaf, 0x60, 0xd1, 0x1,
    0x11, 0x8, 0x50, 0x0, 0x12, 0xd0, 0x1f, 0x83,
    0xec, 0xe0, 0xcc, 0x0, 0xb, 0x2d, 0x6, 0x8d,
    0x59, 0x2c, 0x2c, 0x95, 0x0, 0xe2, 0xfe, 0xe2,
    0x56, 0xda, 0xeb, 0x52, 0xc0, 0xe, 0x2d, 0x5,
    0x22, 0x34, 0x24, 0x62, 0x12, 0x0, 0xe2, 0xd0,
    0xc, 0xfb, 0xbb, 0xbb, 0xf5, 0x0, 0xe, 0x2d,
    0x0, 0xb, 0x80, 0x1, 0xba, 0x0, 0x0, 0xe5,
    0xe9, 0x0, 0xa, 0xc8, 0xe7, 0x0, 0x0, 0x8f,
    0xea, 0x50, 0x4, 0xaf, 0xed, 0x73, 0x0, 0x2,
    0x20, 0x1, 0xcf, 0xc7, 0x10, 0x49, 0xdf, 0xc0,
    0x0, 0x0, 0x5, 0x10, 0x0, 0x0, 0x0, 0x1,
    0x0,

    /* U+914A "酊" */
    0x34, 0x44, 0x44, 0x44, 0x10, 0x0, 0x0, 0x0,
    0xac, 0xde, 0xdf, 0xcc, 0x8f, 0xff, 0xff, 0xf9,
    0x0, 0x5a, 0x4b, 0x0, 0x2, 0x25, 0xe2, 0x21,
    0x0, 0x5a, 0x4b, 0x0, 0x0, 0x3, 0xe0, 0x0,
    0x7f, 0xff, 0xff, 0xfe, 0x0, 0x3, 0xe0, 0x0,
    0x79, 0x5a, 0x4b, 0x2e, 0x0, 0x3, 0xe0, 0x0,
    0x79, 0x69, 0x4b, 0x2e, 0x0, 0x3, 0xe0, 0x0,
    0x79, 0xa6, 0x3d, 0x4e, 0x0, 0x3, 0xe0, 0x0,
    0x7b, 0xe1, 0xb, 0xde, 0x0, 0x3, 0xe0, 0x0,
    0x7a, 0x40, 0x0, 0x2e, 0x0, 0x3, 0xe0, 0x0,
    0x7f, 0xff, 0xff, 0xfe, 0x0, 0x3, 0xe0, 0x0,
    0x79, 0x0, 0x0, 0x3e, 0x0, 0x3, 0xe0, 0x0,
    0x79, 0x0, 0x0, 0x3e, 0x0, 0x3, 0xe0, 0x0,
    0x7f, 0xff, 0xff, 0xfe, 0x16, 0x5a, 0xc0, 0x0,
    0x79, 0x0, 0x0, 0x2e, 0x2d, 0xdc, 0x30, 0x0,
    0x0, 0x0, 0x0, 0x0, 0x0, 0x0, 0x0, 0x0,

    /* U+914E "酎" */
    0x0, 0x0, 0x0, 0x0, 0x0, 0x0, 0x3, 0x0,
    0x1, 0x11, 0x11, 0x11, 0x10, 0x0, 0xe, 0x30,
    0x4f, 0xff, 0xff, 0xff, 0xd0, 0x0, 0xe, 0x30,
    0x0, 0xb, 0x4a, 0x50, 0x0, 0x0, 0xe, 0x30,
    0x0, 0xb, 0x5a, 0x60, 0xa, 0xaa, 0xaf, 0xb8,
    0xd, 0xff, 0xff, 0xff, 0x77, 0x77, 0x7f, 0x96,
    0xd, 0x3b, 0x4a, 0x59, 0x70, 0x0, 0xe, 0x30,
    0xd, 0x3c, 0x3a, 0x59, 0x7b, 0x40, 0xe, 0x30,
    0xd, 0x4f, 0xa, 0x8a, 0x77, 0xb0, 0xe, 0x30,
    0xd, 0xbb, 0x4, 0xce, 0x71, 0xf2, 0xe, 0x30,
    0xd, 0x72, 0x0, 0x9, 0x70, 0x96, 0xe, 0x30,
    0xd, 0xff, 0xff, 0xff, 0x70, 0x0, 0xe, 0x30,
    0xd, 0x40, 0x0, 0x9, 0x70, 0x0, 0xe, 0x30,
    0xd, 0x41, 0x11, 0x19, 0x70, 0x0, 0xf, 0x20,
    0xd, 0xff, 0xff, 0xff, 0x70, 0x45, 0x7f, 0x10,
    0xd, 0x30, 0x0, 0x9, 0x70, 0x9e, 0xd6, 0x0,
    0x0, 0x0, 0x0, 0x0, 0x0, 0x0, 0x0, 0x0,

    /* U+914F "酏" */
    0x0, 0x0, 0x0, 0x0, 0x0, 0x0, 0x0, 0x0,
    0x0, 0x0, 0x0, 0x0, 0x0, 0xe, 0x20, 0x0,
    0x9f, 0xff, 0xff, 0xfe, 0x0, 0xe, 0x20, 0x0,
    0x12, 0x5b, 0x89, 0x22, 0x69, 0xe, 0x20, 0x0,
    0x0, 0x3b, 0x78, 0x0, 0x69, 0xe, 0x46, 0xa2,
    0x1d, 0xdf, 0xee, 0xd6, 0x6b, 0x8f, 0xfc, 0xf2,
    0x2e, 0x5b, 0x89, 0x9c, 0xee, 0x9f, 0x20, 0xf2,
    0x2d, 0x5a, 0x78, 0x89, 0x99, 0xe, 0x20, 0xf1,
    0x2d, 0x77, 0x6a, 0x97, 0x69, 0xe, 0x20, 0xf1,
    0x2e, 0xe3, 0x2c, 0xe7, 0x69, 0xe, 0x22, 0xf0,
    0x2e, 0x70, 0x0, 0x87, 0x69, 0xe, 0xcf, 0xb0,
    0x2f, 0xaa, 0xaa, 0xd7, 0x69, 0xe, 0x43, 0x11,
    0x2e, 0x44, 0x44, 0xa7, 0x69, 0xd, 0x20, 0x5c,
    0x2d, 0x0, 0x0, 0x87, 0x69, 0x0, 0x0, 0x89,
    0x2f, 0xff, 0xff, 0xf7, 0x5d, 0x21, 0x13, 0xe5,
    0x2d, 0x0, 0x0, 0x87, 0xb, 0xff, 0xff, 0xa0,
    0x0, 0x0, 0x0, 0x0, 0x0, 0x0, 0x0, 0x0,

    /* U+9150 "酐" */
    0x11, 0x11, 0x11, 0x11, 0x1, 0x11, 0x11, 0x10,
    0x9f, 0xff, 0xff, 0xff, 0x6f, 0xff, 0xff, 0xf1,
    0x0, 0x4c, 0x4b, 0x0, 0x0, 0xe, 0x40, 0x0,
    0x1, 0x5d, 0x5c, 0x11, 0x0, 0xe, 0x40, 0x0,
    0x5f, 0xff, 0xff, 0xfd, 0x0, 0xe, 0x40, 0x0,
    0x5c, 0x4c, 0x4b, 0x4d, 0x0, 0xe, 0x40, 0x0,
    0x5c, 0x6b, 0x4b, 0x4d, 0x12, 0x2e, 0x52, 0x20,
    0x5c, 0x97, 0x4d, 0x6d, 0xcf, 0xff, 0xff, 0xf6,
    0x5e, 0xf2, 0xa, 0xdd, 0x0, 0xe, 0x40, 0x0,
    0x5c, 0x30, 0x0, 0x4d, 0x0, 0xe, 0x40, 0x0,
    0x5f, 0xff, 0xff, 0xfd, 0x0, 0xe, 0x40, 0x0,
    0x5d, 0x11, 0x11, 0x4d, 0x0, 0xe, 0x40, 0x0,
    0x5c, 0x0, 0x0, 0x4d, 0x0, 0xe, 0x40, 0x0,
    0x5f, 0xff, 0xff, 0xfd, 0x0, 0xe, 0x40, 0x0,
    0x5d, 0x11, 0x11, 0x4d, 0x0, 0xe, 0x40, 0x0,
    0x0, 0x0, 0x0, 0x0, 0x0, 0x2, 0x0, 0x0,

    /* U+9161 "酡" */
    0x0, 0x0, 0x0, 0x0, 0x0, 0x0, 0x0, 0x0,
    0x13, 0x33, 0x33, 0x32, 0x0, 0xe, 0x30, 0x0,
    0x6d, 0xdf, 0xdf, 0xdb, 0x11, 0x1a, 0xa1, 0x11,
    0x0, 0x1e, 0x4b, 0x0, 0xbf, 0xff, 0xff, 0xfd,
    0x0, 0x1e, 0x4b, 0x0, 0xb5, 0x0, 0x0, 0x3d,
    0xf, 0xff, 0xff, 0xf9, 0xa4, 0x0, 0x0, 0x2c,
    0xf, 0x1d, 0x4b, 0x69, 0x6, 0x10, 0x0, 0x0,
    0xf, 0x2c, 0x4b, 0x69, 0xe, 0x20, 0x1, 0xb4,
    0xf, 0x5a, 0x3d, 0x89, 0xe, 0x20, 0x2d, 0xa0,
    0xf, 0xc5, 0x9, 0xd9, 0xe, 0x38, 0xe6, 0x0,
    0xf, 0x50, 0x0, 0x69, 0xe, 0xfa, 0x10, 0x0,
    0xf, 0xee, 0xee, 0xf9, 0xe, 0x40, 0x0, 0x3d,
    0xf, 0x0, 0x0, 0x69, 0xe, 0x20, 0x0, 0x4d,
    0xf, 0x0, 0x0, 0x69, 0xe, 0x20, 0x0, 0x6b,
    0xf, 0xff, 0xff, 0xf9, 0xd, 0x72, 0x22, 0xc7,
    0xf, 0x0, 0x0, 0x69, 0x6, 0xff, 0xff, 0xb1,
    0x0, 0x0, 0x0, 0x0, 0x0, 0x0, 0x0, 0x0,

    /* U+9162 "酢" */
    0x0, 0x0, 0x0, 0x0, 0x0, 0x0, 0x0, 0x0,
    0x1, 0x11, 0x11, 0x10, 0x4, 0xc0, 0x0, 0x0,
    0x7f, 0xff, 0xff, 0xfd, 0x9, 0x80, 0x0, 0x0,
    0x0, 0x1e, 0x4b, 0x0, 0xf, 0xa8, 0x88, 0x86,
    0x0, 0x1e, 0x4b, 0x0, 0x6d, 0xea, 0x88, 0x86,
    0xf, 0xef, 0xff, 0xfa, 0xe4, 0xd5, 0x0, 0x0,
    0xf, 0x1d, 0x4b, 0x6d, 0xc0, 0xd5, 0x0, 0x0,
    0xf, 0x2c, 0x4b, 0x69, 0x10, 0xdb, 0x99, 0x93,
    0xf, 0x5a, 0x3d, 0x89, 0x0, 0xdb, 0x99, 0x93,
    0xf, 0xb5, 0x9, 0xd9, 0x0, 0xd5, 0x0, 0x0,
    0xf, 0x60, 0x0, 0x69, 0x0, 0xd5, 0x0, 0x0,
    0xf, 0xee, 0xee, 0xf9, 0x0, 0xdf, 0xff, 0xf7,
    0xf, 0x0, 0x0, 0x69, 0x0, 0xd6, 0x22, 0x21,
    0xf, 0x0, 0x0, 0x69, 0x0, 0xd5, 0x0, 0x0,
    0xf, 0xff, 0xff, 0xf9, 0x0, 0xd5, 0x0, 0x0,
    0xe, 0x0, 0x0, 0x58, 0x0, 0xd5, 0x0, 0x0,

    /* U+9164 "酤" */
    0x0, 0x0, 0x0, 0x0, 0x0, 0x0, 0x0, 0x0,
    0x1, 0x11, 0x11, 0x10, 0x0, 0x4, 0xe0, 0x0,
    0x7f, 0xff, 0xff, 0xfd, 0x0, 0x4, 0xe0, 0x0,
    0x0, 0x1e, 0x4b, 0x0, 0x0, 0x4, 0xe0, 0x0,
    0x0, 0x1e, 0x4b, 0x0, 0x8c, 0xcd, 0xfc, 0xc7,
    0xf, 0xef, 0xff, 0xf9, 0x35, 0x57, 0xe5, 0x53,
    0xf, 0x1d, 0x4b, 0x69, 0x0, 0x4, 0xe0, 0x0,
    0xf, 0x2c, 0x4b, 0x69, 0x0, 0x4, 0xe0, 0x0,
    0xf, 0x5a, 0x3d, 0x89, 0x4, 0x47, 0xe4, 0x40,
    0xf, 0xb5, 0x9, 0xd9, 0x1f, 0xdd, 0xdd, 0xf2,
    0xf, 0x50, 0x0, 0x69, 0x1f, 0x0, 0x0, 0xe2,
    0xf, 0xee, 0xee, 0xf9, 0x1f, 0x0, 0x0, 0xe2,
    0xf, 0x0, 0x0, 0x69, 0x1f, 0x0, 0x0, 0xe2,
    0xf, 0x0, 0x0, 0x69, 0x1f, 0x21, 0x11, 0xe2,
    0xf, 0xff, 0xff, 0xf9, 0x1f, 0xff, 0xff, 0xf2,
    0xf, 0x0, 0x0, 0x69, 0x1f, 0x0, 0x0, 0xe2,
    0x0, 0x0, 0x0, 0x0, 0x1, 0x0, 0x0, 0x10,

    /* U+9169 "酩" */
    0x0, 0x0, 0x0, 0x0, 0x0, 0x0, 0x0, 0x0,
    0x1, 0x11, 0x11, 0x11, 0x0, 0x6b, 0x0, 0x0,
    0x9f, 0xff, 0xff, 0xff, 0x1, 0xe9, 0x44, 0x40,
    0x0, 0x3b, 0x68, 0x0, 0x9, 0xec, 0xcc, 0xf2,
    0x0, 0x4b, 0x68, 0x0, 0x5e, 0x10, 0x9, 0xb0,
    0x2f, 0xff, 0xff, 0xfa, 0xf7, 0x20, 0x4f, 0x20,
    0x2d, 0x3b, 0x68, 0x88, 0x68, 0xe6, 0xf5, 0x0,
    0x2d, 0x4a, 0x68, 0x87, 0x0, 0xaf, 0x70, 0x0,
    0x2d, 0x77, 0x6b, 0x97, 0x6, 0xf6, 0x0, 0x0,
    0x2e, 0xd2, 0x1b, 0xe9, 0xbf, 0xda, 0xaa, 0xa0,
    0x2d, 0x30, 0x0, 0x89, 0x7e, 0x64, 0x44, 0xf1,
    0x2f, 0xee, 0xee, 0xf7, 0xe, 0x20, 0x0, 0xf1,
    0x2d, 0x0, 0x0, 0x87, 0xe, 0x20, 0x0, 0xf1,
    0x2d, 0x0, 0x0, 0x87, 0xe, 0x20, 0x0, 0xf1,
    0x2f, 0xff, 0xff, 0xf7, 0xe, 0xff, 0xff, 0xf1,
    0x2d, 0x0, 0x0, 0x87, 0xe, 0x30, 0x0, 0xf1,
    0x0, 0x0, 0x0, 0x0, 0x1, 0x0, 0x0, 0x10,

    /* U+916F "酯" */
    0x0, 0x0, 0x0, 0x0, 0x2, 0x0, 0x0, 0x0,
    0x1, 0x11, 0x11, 0x11, 0x3e, 0x0, 0x2, 0x20,
    0x8f, 0xff, 0xff, 0xff, 0x4e, 0x3, 0xaf, 0x80,
    0x0, 0x2d, 0x4a, 0x0, 0x3f, 0xdd, 0x82, 0x10,
    0x15, 0x7e, 0x8c, 0x53, 0x3f, 0x20, 0x0, 0xa7,
    0x3e, 0xae, 0xbd, 0xbb, 0x2f, 0x32, 0x23, 0xe4,
    0x3d, 0x3c, 0x4a, 0x5b, 0xa, 0xff, 0xff, 0xa0,
    0x3d, 0x5a, 0x4a, 0x5b, 0x0, 0x0, 0x0, 0x0,
    0x3d, 0xa7, 0x3f, 0xdb, 0x1d, 0xdd, 0xdd, 0xd0,
    0x3d, 0xd1, 0x4, 0x9b, 0x1f, 0x32, 0x24, 0xf0,
    0x3d, 0x42, 0x22, 0x7b, 0x1f, 0x0, 0x2, 0xf0,
    0x3f, 0xdd, 0xdd, 0xdb, 0x1f, 0xee, 0xee, 0xf0,
    0x3d, 0x0, 0x0, 0x5b, 0x1f, 0x22, 0x23, 0xf0,
    0x3e, 0x44, 0x44, 0x8b, 0x1f, 0x0, 0x2, 0xf0,
    0x3f, 0xbb, 0xbb, 0xcb, 0x1f, 0xff, 0xff, 0xf0,
    0x3d, 0x0, 0x0, 0x5b, 0x1f, 0x21, 0x13, 0xf0,
    0x0, 0x0, 0x0, 0x0, 0x0, 0x0, 0x0, 0x0,

    /* U+9170 "酰" */
    0x0, 0x0, 0x0, 0x0, 0x0, 0x1, 0x0, 0x0,
    0x1, 0x11, 0x11, 0x10, 0x2, 0xc, 0x20, 0x0,
    0x7f, 0xff, 0xff, 0xfd, 0xe, 0x2c, 0x20, 0x0,
    0x0, 0x1e, 0x4b, 0x0, 0x2f, 0x3d, 0x53, 0x30,
    0x0, 0x1e, 0x4b, 0x0, 0x6f, 0xdf, 0xed, 0xd1,
    0xf, 0xef, 0xff, 0xf9, 0xb5, 0xc, 0x20, 0x0,
    0xf, 0x1d, 0x4b, 0x6a, 0xe0, 0xc, 0x20, 0x0,
    0xf, 0x2c, 0x4b, 0x69, 0x0, 0xc, 0x20, 0x0,
    0xf, 0x5a, 0x3d, 0x89, 0xdd, 0xdf, 0xdd, 0xd8,
    0xf, 0xb5, 0x9, 0xd9, 0x57, 0xe5, 0xe6, 0x53,
    0xf, 0x50, 0x0, 0x69, 0x3, 0xd0, 0xe2, 0x0,
    0xf, 0xee, 0xee, 0xf9, 0x6, 0xb0, 0xe2, 0x0,
    0xf, 0x0, 0x0, 0x69, 0xa, 0x70, 0xe2, 0x4b,
    0xf, 0x0, 0x0, 0x69, 0x2f, 0x20, 0xe2, 0x5b,
    0xf, 0xff, 0xff, 0xfb, 0xca, 0x0, 0xe4, 0x99,
    0xf, 0x0, 0x0, 0x6d, 0xc0, 0x0, 0x8f, 0xe3,
    0x0, 0x0, 0x0, 0x0, 0x0, 0x0, 0x0, 0x0,

    /* U+9172 "酲" */
    0x22, 0x22, 0x22, 0x20, 0x33, 0x33, 0x33, 0x30,
    0xad, 0xfe, 0xfd, 0xd3, 0xfd, 0xdd, 0xdd, 0xe0,
    0x0, 0x94, 0xd0, 0x0, 0xf1, 0x0, 0x2, 0xe0,
    0x38, 0xca, 0xe8, 0x70, 0xf1, 0x0, 0x2, 0xe0,
    0x6c, 0xb9, 0xe7, 0xe0, 0xff, 0xff, 0xff, 0xe0,
    0x69, 0x94, 0xd2, 0xe0, 0xf2, 0x11, 0x13, 0xe0,
    0x69, 0xa3, 0xd2, 0xe0, 0x31, 0x11, 0x11, 0x30,
    0x6a, 0xe0, 0xd4, 0xe5, 0xdd, 0xef, 0xdd, 0xd3,
    0x6e, 0xa0, 0x8e, 0xe0, 0x0, 0x3e, 0x0, 0x0,
    0x69, 0x10, 0x1, 0xe0, 0x0, 0x3e, 0x0, 0x0,
    0x6f, 0xee, 0xee, 0xe0, 0xff, 0xff, 0xff, 0xd0,
    0x6a, 0x11, 0x13, 0xe0, 0x11, 0x4e, 0x11, 0x0,
    0x6a, 0x33, 0x34, 0xe0, 0x0, 0x3e, 0x0, 0x0,
    0x6e, 0xcc, 0xcc, 0xe9, 0xcc, 0xdf, 0xcc, 0xc7,
    0x69, 0x0, 0x1, 0xe3, 0x44, 0x44, 0x44, 0x42,
    0x0, 0x0, 0x0, 0x0, 0x0, 0x0, 0x0, 0x0,

    /* U+9174 "酴" */
    0x12, 0x22, 0x22, 0x20, 0x0, 0x9e, 0x0, 0x0,
    0xae, 0xfe, 0xfe, 0xe1, 0x2, 0xfe, 0x50, 0x0,
    0x0, 0xa3, 0xd0, 0x0, 0xc, 0x75, 0xe1, 0x0,
    0x24, 0xc6, 0xe4, 0x30, 0x9c, 0x0, 0xac, 0x0,
    0x6d, 0xeb, 0xfc, 0xa8, 0xe1, 0x0, 0xc, 0xc2,
    0x68, 0xa2, 0xd5, 0xce, 0xdf, 0xff, 0xff, 0xc3,
    0x68, 0xc1, 0xd5, 0xa0, 0x12, 0x6c, 0x22, 0x0,
    0x6a, 0xe0, 0xe5, 0xa0, 0x0, 0x5c, 0x0, 0x0,
    0x6e, 0x90, 0x9e, 0xac, 0xee, 0xef, 0xee, 0xe3,
    0x69, 0x10, 0x5, 0xa2, 0x32, 0x6c, 0x22, 0x20,
    0x6f, 0xee, 0xef, 0xa0, 0xc4, 0x5c, 0x3c, 0x0,
    0x69, 0x0, 0x5, 0xa4, 0xe0, 0x5c, 0xd, 0x60,
    0x69, 0x0, 0x5, 0xac, 0x70, 0x5c, 0x4, 0xf1,
    0x6f, 0xff, 0xff, 0xdd, 0x46, 0xba, 0x0, 0xa3,
    0x68, 0x0, 0x5, 0xa0, 0x5c, 0xc3, 0x0, 0x0,
    0x0, 0x0, 0x0, 0x0, 0x0, 0x0, 0x0, 0x0,

    /* U+9179 "酹" */
    0x34, 0x44, 0x44, 0x41, 0x12, 0x34, 0x67, 0x80,
    0x9b, 0xdd, 0xfc, 0xba, 0xff, 0xec, 0xba, 0x90,
    0x0, 0x87, 0xc2, 0x0, 0x10, 0x72, 0x0, 0x90,
    0x0, 0x87, 0xc3, 0x4, 0xb0, 0x97, 0x7, 0xd0,
    0x5f, 0xff, 0xfe, 0xf1, 0xe2, 0x4d, 0xe, 0x50,
    0x5a, 0x86, 0xc2, 0xe1, 0x88, 0x9, 0x29, 0x0,
    0x5a, 0x95, 0xc2, 0xe1, 0x0, 0x0, 0x94, 0x0,
    0x5a, 0xc3, 0xb7, 0xf2, 0x22, 0x22, 0xc6, 0x20,
    0x5d, 0xd0, 0x4a, 0xf8, 0xff, 0xff, 0xff, 0xf3,
    0x5b, 0x30, 0x0, 0xe1, 0x60, 0x0, 0xc5, 0x0,
    0x5f, 0xee, 0xee, 0xf1, 0xd8, 0x0, 0xc5, 0x0,
    0x5a, 0x0, 0x0, 0xe1, 0x3f, 0x20, 0xc5, 0x0,
    0x5a, 0x0, 0x0, 0xe1, 0x6, 0x0, 0xc5, 0x0,
    0x5f, 0xff, 0xff, 0xf1, 0x0, 0x32, 0xe4, 0x0,
    0x5a, 0x0, 0x0, 0xe1, 0x1, 0xff, 0xd1, 0x0,
    0x0, 0x0, 0x0, 0x0, 0x0, 0x0, 0x0, 0x0,

    /* U+917D "酽" */
    0x22, 0x22, 0x22, 0x21, 0x33, 0x33, 0x33, 0x31,
    0xad, 0xee, 0xfe, 0xd6, 0xdd, 0xfd, 0xfd, 0xd4,
    0x0, 0x85, 0xc2, 0x0, 0x11, 0xe0, 0xe1, 0x20,
    0x13, 0x97, 0xc4, 0x34, 0xc1, 0xe0, 0xe1, 0xd2,
    0x6e, 0xee, 0xfd, 0xf0, 0xd4, 0xe0, 0xe6, 0xb0,
    0x69, 0x85, 0xc2, 0xf0, 0x54, 0xe0, 0xe6, 0x20,
    0x69, 0xa4, 0xc2, 0xf0, 0xcd, 0xfd, 0xfd, 0xd4,
    0x69, 0xe2, 0xb3, 0xf0, 0xe3, 0x11, 0x11, 0x10,
    0x6e, 0xb0, 0x6d, 0xf0, 0xe2, 0x0, 0x0, 0x0,
    0x69, 0x10, 0x0, 0xf0, 0xf1, 0x0, 0x0, 0x0,
    0x6f, 0xee, 0xee, 0xf0, 0xf0, 0x0, 0x0, 0x0,
    0x69, 0x0, 0x0, 0xf2, 0xe0, 0x0, 0x0, 0x0,
    0x69, 0x0, 0x0, 0xf6, 0xb0, 0x0, 0x0, 0x0,
    0x6f, 0xff, 0xff, 0xfc, 0x60, 0x0, 0x0, 0x0,
    0x69, 0x0, 0x0, 0xfb, 0x0, 0x0, 0x0, 0x0,
    0x0, 0x0, 0x0, 0x0, 0x0, 0x0, 0x0, 0x0,

    /* U+917E "酾" */
    0x12, 0x22, 0x22, 0x21, 0x33, 0x33, 0x33, 0x31,
    0x9e, 0xfe, 0xfe, 0xe7, 0xee, 0xee, 0xee, 0xe5,
    0x0, 0x85, 0xd0, 0x0, 0x0, 0x0, 0x0, 0x0,
    0x2, 0x96, 0xd2, 0x22, 0x88, 0x81, 0x88, 0x80,
    0x5e, 0xee, 0xfd, 0xd5, 0xc8, 0xf3, 0xd8, 0xf0,
    0x5a, 0x84, 0xd2, 0xd5, 0x90, 0xe3, 0xa0, 0xe0,
    0x5a, 0xa4, 0xd2, 0xd5, 0xc3, 0xe3, 0xd4, 0xe0,
    0x5a, 0xd1, 0xd3, 0xd5, 0xd8, 0xe3, 0xd9, 0xe0,
    0x5e, 0xb0, 0x8e, 0xd5, 0xab, 0xe3, 0xac, 0xe0,
    0x5a, 0x10, 0x2, 0xd5, 0x9c, 0xe3, 0xac, 0xe0,
    0x5f, 0xee, 0xee, 0xd5, 0x93, 0xe3, 0xa2, 0xe0,
    0x5a, 0x0, 0x2, 0xd5, 0x90, 0xe3, 0xa0, 0xe0,
    0x5a, 0x0, 0x2, 0xd5, 0x90, 0xe3, 0xa0, 0xe0,
    0x5f, 0xff, 0xff, 0xd5, 0xa2, 0xe3, 0xb2, 0xe0,
    0x5a, 0x0, 0x2, 0xd5, 0xae, 0x92, 0xae, 0x90,
    0x0, 0x0, 0x0, 0x0, 0x0, 0x0, 0x0, 0x0,

    /* U+9185 "醅" */
    0x0, 0x0, 0x0, 0x0, 0x0, 0x1, 0x0, 0x0,
    0x12, 0x22, 0x22, 0x22, 0x0, 0xe, 0x30, 0x0,
    0x8d, 0xef, 0xee, 0xdc, 0x11, 0x1a, 0x81, 0x11,
    0x0, 0x3b, 0x78, 0x0, 0x9f, 0xff, 0xff, 0xf8,
    0x0, 0x4b, 0x78, 0x0, 0x17, 0x0, 0x2, 0x70,
    0x2f, 0xff, 0xff, 0xf6, 0xd, 0x70, 0xa, 0xb0,
    0x2d, 0x4b, 0x78, 0x96, 0x4, 0xc0, 0x4f, 0x20,
    0x2d, 0x5a, 0x78, 0x97, 0xbb, 0xbb, 0xee, 0xba,
    0x2d, 0x87, 0x6a, 0xa7, 0x66, 0x66, 0x66, 0x65,
    0x2e, 0xe2, 0x1b, 0xe6, 0x1, 0x11, 0x11, 0x0,
    0x2e, 0x40, 0x0, 0x96, 0x3f, 0xdd, 0xdd, 0xe0,
    0x2f, 0xee, 0xee, 0xf6, 0x3e, 0x0, 0x2, 0xe0,
    0x2d, 0x0, 0x0, 0x96, 0x3e, 0x0, 0x2, 0xe0,
    0x2d, 0x0, 0x0, 0x96, 0x3e, 0x0, 0x2, 0xe0,
    0x2f, 0xff, 0xff, 0xf6, 0x3f, 0xff, 0xff, 0xe0,
    0x2d, 0x0, 0x0, 0x96, 0x3e, 0x11, 0x13, 0xe0,
    0x0, 0x0, 0x0, 0x0, 0x2, 0x0, 0x0, 0x20,

    /* U+918C "醌" */
    0x1, 0x11, 0x11, 0x10, 0x14, 0x44, 0x44, 0x40,
    0x3f, 0xff, 0xff, 0xfb, 0x6e, 0xcc, 0xcc, 0xf2,
    0x0, 0x1d, 0x5a, 0x0, 0x6a, 0x0, 0x0, 0xe2,
    0x0, 0x2d, 0x5a, 0x10, 0x6e, 0xbb, 0xbb, 0xf2,
    0xf, 0xff, 0xff, 0xf7, 0x6b, 0x44, 0x44, 0xe2,
    0xf, 0x2d, 0x5a, 0x77, 0x6b, 0x22, 0x22, 0xe2,
    0xf, 0x4c, 0x5a, 0x77, 0x6f, 0xee, 0xee, 0xf2,
    0xf, 0x99, 0x3e, 0xd7, 0x59, 0x0, 0xb0, 0x51,
    0xf, 0xe3, 0x3, 0xa7, 0x5a, 0x0, 0xe1, 0x88,
    0xf, 0x20, 0x0, 0x77, 0x5f, 0xd7, 0xea, 0xc1,
    0xf, 0xff, 0xff, 0xf7, 0x5c, 0x53, 0xea, 0x0,
    0xf, 0x0, 0x0, 0x87, 0x5a, 0x0, 0xe1, 0x2b,
    0xf, 0x0, 0x0, 0x87, 0x5a, 0x36, 0xe1, 0x3a,
    0xf, 0xff, 0xff, 0xf7, 0x7f, 0xf5, 0xe6, 0x99,
    0xf, 0x0, 0x0, 0x77, 0x6a, 0x10, 0x7e, 0xd3,
    0x0, 0x0, 0x0, 0x0, 0x0, 0x0, 0x0, 0x0,

    /* U+918D "醍" */
    0x1, 0x11, 0x11, 0x10, 0x26, 0x66, 0x66, 0x50,
    0x8f, 0xff, 0xff, 0xfe, 0x6d, 0x99, 0x9a, 0xe0,
    0x0, 0x4a, 0x78, 0x0, 0x69, 0x0, 0x2, 0xe0,
    0x0, 0x4a, 0x78, 0x0, 0x6f, 0xee, 0xee, 0xe0,
    0x2f, 0xde, 0xee, 0xe6, 0x69, 0x0, 0x2, 0xe0,
    0x2d, 0x4a, 0x78, 0x96, 0x6f, 0xee, 0xee, 0xe0,
    0x2d, 0x59, 0x78, 0x96, 0x46, 0x0, 0x2, 0x90,
    0x2d, 0x86, 0x6a, 0xa7, 0x44, 0x44, 0x44, 0x42,
    0x2e, 0xe1, 0x1b, 0xe8, 0xbb, 0xbf, 0xcb, 0xb5,
    0x2d, 0x51, 0x11, 0xa6, 0x38, 0xe, 0x20, 0x0,
    0x2f, 0xee, 0xee, 0xf6, 0x59, 0xe, 0xee, 0xd0,
    0x2d, 0x0, 0x0, 0x96, 0x78, 0xe, 0x20, 0x0,
    0x2d, 0x0, 0x0, 0x96, 0xbe, 0x1e, 0x20, 0x0,
    0x2f, 0xff, 0xff, 0xf9, 0xe8, 0xdf, 0x30, 0x11,
    0x2d, 0x0, 0x0, 0x9e, 0x70, 0x7d, 0xff, 0xf8,
    0x0, 0x0, 0x0, 0x0, 0x0, 0x0, 0x0, 0x0,

    /* U+9190 "醐" */
    0x0, 0x0, 0x0, 0x0, 0x10, 0x0, 0x0, 0x0,
    0x12, 0x22, 0x22, 0x20, 0xc3, 0x2, 0x22, 0x20,
    0x7e, 0xfe, 0xfe, 0xc0, 0xc3, 0xb, 0xed, 0xf1,
    0x0, 0x84, 0xc0, 0x2, 0xd5, 0x1b, 0x30, 0xe1,
    0x2, 0x96, 0xd2, 0x2e, 0xfe, 0x8b, 0x30, 0xe1,
    0x2f, 0xed, 0xfe, 0x70, 0xc3, 0xb, 0x52, 0xe1,
    0x2c, 0x84, 0xc6, 0x70, 0xc3, 0xb, 0xdd, 0xf1,
    0x2c, 0xa3, 0xc6, 0x74, 0xd7, 0x2b, 0x30, 0xe1,
    0x2c, 0xd1, 0xd7, 0x7c, 0x8c, 0x6b, 0x30, 0xe1,
    0x2f, 0xb0, 0x9e, 0x7c, 0x7, 0x6c, 0x86, 0xe1,
    0x2c, 0x10, 0x6, 0x7c, 0x7, 0x6d, 0xa9, 0xf1,
    0x2f, 0xee, 0xef, 0x7c, 0x7, 0x6f, 0x0, 0xe1,
    0x2c, 0x0, 0x7, 0x7c, 0xff, 0x8e, 0x0, 0xe1,
    0x2c, 0x0, 0x7, 0x7b, 0x0, 0x7a, 0x0, 0xe1,
    0x2f, 0xff, 0xff, 0x70, 0x0, 0xd4, 0x45, 0xf0,
    0x2c, 0x0, 0x6, 0x70, 0x3, 0xc0, 0x9c, 0x80,
    0x0, 0x0, 0x0, 0x0, 0x0, 0x0, 0x0, 0x0,

    /* U+9191 "醑" */
    0x12, 0x22, 0x22, 0x22, 0x55, 0x55, 0x55, 0x52,
    0x7, 0xee, 0xef, 0xee, 0x4a, 0xaa, 0xfa, 0xae,
    0x80, 0x0, 0x75, 0xd0, 0x0, 0x92, 0x1e, 0x0,
    0x91, 0x0, 0x29, 0x7d, 0x22, 0xd, 0x21, 0xfd,
    0xdd, 0x50, 0x3f, 0xee, 0xfd, 0xc0, 0xf4, 0x1e,
    0x33, 0x31, 0x3, 0xb7, 0x5d, 0x3c, 0x5d, 0xea,
    0xf4, 0x34, 0x40, 0x3b, 0x94, 0xd3, 0xcd, 0x41,
    0x7a, 0xbc, 0xc8, 0x3, 0xbd, 0x2c, 0x4c, 0x47,
    0x88, 0x88, 0x87, 0x0, 0x3e, 0xc0, 0x7e, 0xc0,
    0xe5, 0x55, 0x56, 0xe0, 0x3, 0xb1, 0x0, 0x2c,
    0xe, 0x88, 0x88, 0x9e, 0x0, 0x3f, 0xee, 0xee,
    0xc0, 0xe6, 0x66, 0x67, 0xe0, 0x3, 0xb0, 0x0,
    0x3c, 0xe, 0x76, 0x66, 0x7e, 0x0, 0x3b, 0x0,
    0x3, 0xc0, 0xe8, 0x88, 0x89, 0xe0, 0x3, 0xff,
    0xff, 0xfc, 0xe, 0x11, 0x43, 0x7d, 0x0, 0x3b,
    0x0, 0x2, 0xc0, 0xe1, 0x1d, 0xdc, 0x40, 0x0,
    0x0, 0x0, 0x0, 0x0, 0x0, 0x0, 0x0, 0x0,

    /* U+91A2 "醢" */
    0x0, 0x0, 0x0, 0x0, 0x0, 0x40, 0x0, 0x0,
    0x59, 0x99, 0x99, 0x80, 0x7, 0xe0, 0x0, 0x0,
    0x37, 0xb9, 0xe7, 0x6b, 0xdf, 0xfd, 0xdd, 0xd3,
    0x0, 0x85, 0xd0, 0x2, 0x9c, 0x22, 0x22, 0x20,
    0x2, 0x97, 0xd2, 0x11, 0xf4, 0x0, 0x0, 0x0,
    0x3f, 0xee, 0xfd, 0xa9, 0xff, 0xee, 0xef, 0x80,
    0x3b, 0x85, 0xd4, 0xde, 0xd4, 0x0, 0x7, 0x80,
    0x3b, 0x84, 0xd4, 0xa2, 0xc8, 0x55, 0x5a, 0x80,
    0x3b, 0xc2, 0xd5, 0xa0, 0xca, 0x88, 0x8b, 0x80,
    0x3e, 0xc0, 0x8e, 0xa0, 0x41, 0x0, 0x2, 0x30,
    0x3b, 0x20, 0x4, 0xa6, 0xff, 0xff, 0xff, 0xf0,
    0x3f, 0xee, 0xef, 0xa6, 0x65, 0xa0, 0xe0, 0xf0,
    0x3b, 0x0, 0x4, 0xa6, 0x65, 0xa0, 0xe0, 0xf0,
    0x3b, 0x0, 0x4, 0xa6, 0x65, 0xa0, 0xe0, 0xf0,
    0x3f, 0xff, 0xff, 0xa6, 0x75, 0xa0, 0xe0, 0xf0,
    0x3b, 0x0, 0x4, 0xbf, 0xff, 0xff, 0xff, 0xfc,
    0x0, 0x0, 0x0, 0x0, 0x0, 0x0, 0x0, 0x0,

    /* U+91A3 "醣" */
    0x0, 0x0, 0x0, 0x0, 0x0, 0x23, 0x0, 0x0,
    0x59, 0x99, 0x99, 0x80, 0x0, 0x5d, 0x0, 0x0,
    0x36, 0xb9, 0xe6, 0x55, 0xdd, 0xdf, 0xed, 0xd7,
    0x0, 0x84, 0xd0, 0x6, 0x91, 0x17, 0x11, 0x10,
    0x2, 0x96, 0xd2, 0x16, 0x91, 0x2e, 0x22, 0x20,
    0x3f, 0xed, 0xfd, 0x96, 0x98, 0xcf, 0xcc, 0xf0,
    0x3b, 0x84, 0xd5, 0x96, 0x90, 0xe, 0x0, 0xe0,
    0x3b, 0x93, 0xd5, 0x96, 0xff, 0xff, 0xff, 0xfa,
    0x3b, 0xc1, 0xd6, 0x96, 0x80, 0xe, 0x0, 0xe0,
    0x3e, 0xc0, 0x9e, 0x97, 0x8a, 0xef, 0xee, 0xf0,
    0x3b, 0x21, 0x15, 0x97, 0x80, 0xc, 0x0, 0x30,
    0x3f, 0xee, 0xee, 0x99, 0x6c, 0xdd, 0xdd, 0xd1,
    0x3b, 0x0, 0x5, 0x9a, 0x5f, 0x11, 0x11, 0xd1,
    0x3c, 0x33, 0x37, 0x9d, 0x2f, 0x0, 0x0, 0xd1,
    0x3e, 0xcc, 0xcd, 0xcf, 0xf, 0xbb, 0xbb, 0xf1,
    0x3b, 0x0, 0x5, 0xb9, 0xe, 0x22, 0x22, 0xd1,
    0x0, 0x0, 0x0, 0x0, 0x0, 0x0, 0x0, 0x0,

    /* U+91AA "醪" */
    0x23, 0x33, 0x33, 0x48, 0x88, 0x28, 0x88, 0x70,
    0xad, 0xfd, 0xed, 0x78, 0x7f, 0x28, 0x77, 0xe0,
    0x0, 0xd4, 0x90, 0x4c, 0x1e, 0x19, 0x91, 0xe0,
    0x24, 0xe7, 0xa4, 0x16, 0x2e, 0x10, 0x76, 0xe0,
    0x9c, 0xfc, 0xee, 0x57, 0xdf, 0x29, 0xeb, 0xe0,
    0x95, 0xd4, 0x9a, 0x99, 0x2c, 0x4a, 0x11, 0xe0,
    0x95, 0xd4, 0x9a, 0x40, 0x8, 0xec, 0xa1, 0x20,
    0x99, 0xb4, 0xab, 0x56, 0xda, 0x11, 0x8e, 0x71,
    0x9e, 0x51, 0xbe, 0xbb, 0x34, 0xd8, 0x3, 0xb7,
    0x96, 0x0, 0xa, 0x46, 0xdc, 0x33, 0xb4, 0x0,
    0x9f, 0xff, 0xff, 0x45, 0x32, 0xae, 0x70, 0x40,
    0x95, 0x0, 0xa, 0x46, 0xce, 0x81, 0x3c, 0xd1,
    0x95, 0x11, 0x1a, 0x48, 0x60, 0x4b, 0xe7, 0x0,
    0x9f, 0xff, 0xff, 0x41, 0x7d, 0xd7, 0x0, 0x0,
    0x95, 0x0, 0xa, 0x6f, 0xa4, 0x0, 0x0, 0x0,
    0x0, 0x0, 0x0, 0x0, 0x0, 0x0, 0x0, 0x0,

    /* U+91AD "醭" */
    0x0, 0x0, 0x0, 0x0, 0x0, 0x30, 0x30, 0x0,
    0x1, 0x11, 0x11, 0x11, 0x41, 0xe0, 0xe1, 0x40,
    0xcf, 0xff, 0xff, 0xf6, 0xe2, 0xe0, 0xe3, 0xe1,
    0x0, 0x85, 0xc1, 0x0, 0x86, 0xe0, 0xe8, 0x70,
    0x1, 0x96, 0xd3, 0x14, 0x89, 0xf8, 0xf9, 0x83,
    0x6f, 0xfe, 0xfe, 0xf3, 0x79, 0x87, 0x7a, 0x73,
    0x69, 0x85, 0xc2, 0xf0, 0x8, 0xa0, 0x6c, 0x0,
    0x69, 0xa4, 0xc2, 0xf2, 0xff, 0xff, 0xff, 0xf2,
    0x6a, 0xe2, 0xba, 0xf0, 0x0, 0xe, 0x0, 0x0,
    0x6e, 0xc0, 0x15, 0xf0, 0xce, 0xef, 0xee, 0xc0,
    0x69, 0x10, 0x0, 0xf0, 0x11, 0x1e, 0x11, 0x10,
    0x6f, 0xee, 0xee, 0xf1, 0x33, 0x3e, 0x33, 0x31,
    0x6b, 0x44, 0x45, 0xf7, 0xdd, 0xef, 0xdd, 0xd6,
    0x6a, 0x11, 0x11, 0xf0, 0x0, 0xca, 0xb0, 0x0,
    0x6f, 0xff, 0xff, 0xf0, 0x4c, 0xa0, 0xad, 0x51,
    0x69, 0x0, 0x0, 0xfa, 0xf7, 0x0, 0x7, 0xf6,
    0x0, 0x0, 0x0, 0x1, 0x0, 0x0, 0x0, 0x0,

    /* U+91AE "醮" */
    0x0, 0x0, 0x0, 0x0, 0x2, 0x0, 0x10, 0x0,
    0x33, 0x33, 0x33, 0x31, 0xe, 0x56, 0xc0, 0x0,
    0x9c, 0xed, 0xfc, 0xc4, 0x4e, 0x10, 0xa2, 0x0,
    0x0, 0x85, 0xc1, 0x0, 0xaf, 0xff, 0xff, 0xf5,
    0x13, 0xa7, 0xd4, 0x22, 0xf1, 0x4, 0xc0, 0x0,
    0x6f, 0xfe, 0xfe, 0xfb, 0xf4, 0x37, 0xc3, 0x30,
    0x69, 0x85, 0xc2, 0xfa, 0xec, 0xcd, 0xfc, 0xb0,
    0x69, 0xa4, 0xc2, 0xf0, 0xe1, 0x4, 0xc0, 0x0,
    0x69, 0xc2, 0xc6, 0xf0, 0xe9, 0x9b, 0xe9, 0x80,
    0x6d, 0xd0, 0x5c, 0xf0, 0xe7, 0x69, 0xd6, 0x60,
    0x6b, 0x40, 0x0, 0xf0, 0xe2, 0x5, 0xc0, 0x0,
    0x6f, 0xdd, 0xdd, 0xf0, 0xef, 0xff, 0xff, 0xf5,
    0x6a, 0x22, 0x23, 0xf0, 0x70, 0x0, 0x11, 0x30,
    0x6a, 0x11, 0x11, 0xf2, 0xd4, 0xd0, 0xd3, 0xc0,
    0x6f, 0xff, 0xff, 0xf7, 0x70, 0xf2, 0xb3, 0xd3,
    0x69, 0x0, 0x0, 0xfd, 0x10, 0x94, 0x54, 0x63,
    0x0, 0x0, 0x0, 0x1, 0x0, 0x0, 0x0, 0x0,

    /* U+91AF "醯" */
    0x0, 0x0, 0x0, 0x0, 0x0, 0x4, 0x0, 0x0,
    0x37, 0x77, 0x77, 0x60, 0x0, 0xd, 0x20, 0x0,
    0x59, 0xcb, 0xe9, 0x88, 0xff, 0xff, 0xff, 0xf4,
    0x0, 0x85, 0xd0, 0x0, 0x7, 0xd1, 0x25, 0x0,
    0x2, 0x96, 0xd2, 0x10, 0x7e, 0x32, 0x4f, 0x50,
    0x3f, 0xee, 0xfe, 0xa1, 0xdc, 0xcb, 0xba, 0xe3,
    0x3b, 0x84, 0xd5, 0xa0, 0x26, 0x8, 0x7, 0x20,
    0x3b, 0x94, 0xd5, 0xa0, 0x59, 0x1d, 0x1c, 0x6,
    0x3b, 0xd1, 0xd5, 0xa0, 0xc5, 0x1d, 0x1c, 0x1d,
    0x3f, 0xb0, 0x9e, 0xac, 0xa0, 0x1d, 0xd, 0xe7,
    0x3b, 0x10, 0x5, 0xa3, 0x77, 0x77, 0x77, 0x80,
    0x3f, 0xee, 0xef, 0xa3, 0xe6, 0xf6, 0xe6, 0xf0,
    0x3b, 0x0, 0x5, 0xa3, 0xd0, 0xf0, 0xd0, 0xf0,
    0x3b, 0x0, 0x5, 0xa3, 0xd0, 0xf0, 0xd0, 0xf0,
    0x3f, 0xff, 0xff, 0xa3, 0xd0, 0xf0, 0xd0, 0xf0,
    0x3b, 0x0, 0x5, 0xaf, 0xff, 0xff, 0xff, 0xfb,
    0x0, 0x0, 0x0, 0x0, 0x0, 0x0, 0x0, 0x0,

    /* U+91B4 "醴" */
    0x0, 0x0, 0x0, 0x0, 0x0, 0x50, 0x50, 0x0,
    0x47, 0x77, 0x77, 0x60, 0x1, 0xc0, 0xe0, 0x0,
    0x6a, 0xdc, 0xfa, 0x93, 0xdd, 0xfd, 0xfd, 0xd0,
    0x0, 0x84, 0xd0, 0x3, 0xa1, 0xc0, 0xe0, 0xe0,
    0x18, 0xca, 0xe8, 0x43, 0xec, 0xfc, 0xfc, 0xf0,
    0x3d, 0xc9, 0xea, 0x93, 0xa1, 0xc0, 0xe0, 0xe0,
    0x3b, 0x84, 0xd5, 0x93, 0xec, 0xfc, 0xfc, 0xf0,
    0x3b, 0x94, 0xd5, 0x92, 0x80, 0x0, 0x0, 0xa0,
    0x3b, 0xc1, 0xe6, 0x96, 0xbb, 0xbb, 0xbb, 0xb6,
    0x3e, 0xc0, 0xae, 0x91, 0x22, 0x22, 0x22, 0x21,
    0x3b, 0x10, 0x5, 0x90, 0xfd, 0xdd, 0xde, 0xc0,
    0x3f, 0xdd, 0xde, 0x90, 0xf0, 0x0, 0x2, 0xc0,
    0x3b, 0x22, 0x26, 0x90, 0xfd, 0xdd, 0xde, 0xc0,
    0x3b, 0x0, 0x5, 0x90, 0x3a, 0x10, 0x59, 0x20,
    0x3f, 0xff, 0xff, 0x91, 0x28, 0x92, 0xc6, 0x21,
    0x3b, 0x0, 0x5, 0x98, 0xcc, 0xcc, 0xcc, 0xc8,

    /* U+91B5 "醵" */
    0x0, 0x0, 0x0, 0x0, 0x0, 0x40, 0x0, 0x0,
    0x22, 0x22, 0x22, 0x20, 0x0, 0xe3, 0x33, 0x10,
    0xad, 0xfe, 0xfd, 0xd2, 0x0, 0xea, 0xaa, 0x30,
    0x0, 0xa4, 0xc0, 0x3, 0x66, 0xf6, 0x66, 0x62,
    0x13, 0xb6, 0xc3, 0x19, 0x97, 0xb7, 0x77, 0xe6,
    0x6e, 0xed, 0xfe, 0x89, 0x65, 0xe8, 0x61, 0xa3,
    0x68, 0xa3, 0xc7, 0x89, 0x75, 0xe3, 0x1b, 0x20,
    0x68, 0xb3, 0xc7, 0x89, 0x30, 0x8c, 0xc7, 0x0,
    0x69, 0xe1, 0xd8, 0x89, 0xba, 0xaa, 0xaa, 0xa4,
    0x6e, 0xa0, 0xbe, 0x8a, 0x58, 0xea, 0x33, 0x41,
    0x68, 0x10, 0x7, 0x8a, 0x89, 0x5e, 0x26, 0xd1,
    0x6f, 0xff, 0xff, 0x8b, 0x27, 0xc8, 0xed, 0x10,
    0x68, 0x0, 0x7, 0x8c, 0x97, 0x3d, 0xd4, 0x70,
    0x68, 0x0, 0x7, 0x8d, 0x18, 0xd3, 0xd1, 0xd2,
    0x6f, 0xff, 0xff, 0xac, 0xe9, 0x10, 0xe0, 0x58,
    0x68, 0x0, 0x7, 0xd8, 0x17, 0xcd, 0x90, 0x0,
    0x11, 0x0, 0x0, 0x1, 0x1, 0x22, 0x0, 0x0,

    /* U+91BA "醺" */
    0x12, 0x22, 0x22, 0x21, 0x23, 0x44, 0x67, 0x50,
    0x7d, 0xee, 0xfd, 0xc5, 0xcc, 0xbf, 0xa9, 0x60,
    0x0, 0x75, 0xd0, 0x5, 0x55, 0x5f, 0x55, 0x51,
    0x16, 0xb9, 0xe6, 0x44, 0x55, 0x5f, 0x55, 0x51,
    0x3d, 0xb9, 0xe8, 0xa5, 0xcc, 0xcf, 0xcc, 0xc0,
    0x3b, 0x75, 0xd3, 0xa7, 0x77, 0xe, 0x15, 0xe0,
    0x3b, 0x94, 0xd3, 0xa7, 0x78, 0x4e, 0x75, 0xe0,
    0x3b, 0xd1, 0xd3, 0xa7, 0xca, 0xaf, 0xaa, 0xf0,
    0x3e, 0xa0, 0x9e, 0xa2, 0x42, 0x2e, 0x22, 0x50,
    0x3b, 0x0, 0x3, 0xa5, 0x99, 0x9f, 0x99, 0x90,
    0x3f, 0xff, 0xff, 0xa1, 0x33, 0x3e, 0x33, 0x30,
    0x3b, 0x0, 0x3, 0xaa, 0xaa, 0xaf, 0xaa, 0xa4,
    0x3b, 0x0, 0x3, 0xa3, 0x83, 0x53, 0x74, 0x91,
    0x3f, 0xff, 0xff, 0xa6, 0x92, 0xc0, 0xd0, 0xd2,
    0x3b, 0x0, 0x3, 0xac, 0x20, 0xc0, 0x71, 0x56,
    0x0, 0x0, 0x0, 0x0, 0x0, 0x0, 0x0, 0x0,

    /* U+928E "銎" */
    0x2, 0x22, 0x22, 0x12, 0x66, 0x66, 0x60, 0x0,
    0x2e, 0xef, 0xee, 0x66, 0xea, 0xaa, 0xf1, 0x0,
    0x0, 0xf, 0x20, 0x6, 0xa0, 0x0, 0xf1, 0x0,
    0x0, 0xf, 0x20, 0xa, 0x8a, 0x90, 0xf1, 0x3d,
    0x1, 0x3f, 0xab, 0xbf, 0x21, 0xd3, 0xf4, 0x7c,
    0x5f, 0xeb, 0x85, 0x7a, 0x94, 0x0, 0xaf, 0xf5,
    0x1, 0x0, 0x4, 0xcc, 0x8e, 0x70, 0x0, 0x0,
    0x0, 0x17, 0xdd, 0x50, 0x2, 0xaf, 0x94, 0x0,
    0x3d, 0xfb, 0xbe, 0xee, 0xee, 0xef, 0x8e, 0xf9,
    0x5, 0x10, 0x0, 0x6, 0xc0, 0x0, 0x0, 0x32,
    0x0, 0xee, 0xee, 0xee, 0xfe, 0xee, 0xee, 0x60,
    0x0, 0x12, 0xa1, 0x16, 0xd1, 0x16, 0x71, 0x0,
    0x0, 0x2, 0xea, 0x5, 0xc0, 0x3f, 0x80, 0x0,
    0x0, 0x0, 0x4b, 0x5, 0xc0, 0x6a, 0x0, 0x0,
    0x6f, 0xff, 0xff, 0xff, 0xff, 0xff, 0xff, 0xfe,

    /* U+92AE "銮" */
    0x0, 0x0, 0x0, 0x0, 0x50, 0x0, 0x0, 0x0,
    0x0, 0x0, 0x0, 0x0, 0xe, 0x70, 0x0, 0x0,
    0x0, 0x9, 0xff, 0xff, 0xff, 0xff, 0xff, 0xff,
    0xff, 0x30, 0x1, 0x11, 0x1d, 0x61, 0x1c, 0x61,
    0x11, 0x10, 0x0, 0x6, 0xd0, 0xd5, 0x0, 0xc6,
    0x7c, 0x10, 0x0, 0x9, 0xf4, 0xd, 0x54, 0x5c,
    0x60, 0xae, 0x40, 0x8, 0xe3, 0x0, 0x4b, 0xef,
    0xb2, 0x0, 0x8e, 0x0, 0x1, 0x0, 0x4d, 0xc1,
    0x4e, 0xc3, 0x0, 0x10, 0x0, 0x5, 0xcf, 0x71,
    0x11, 0x2b, 0xfb, 0x40, 0x0, 0x8e, 0xe7, 0xaf,
    0xff, 0xff, 0xf5, 0xaf, 0xe3, 0x4, 0x40, 0x0,
    0x0, 0xc6, 0x0, 0x0, 0x16, 0x0, 0x6, 0xff,
    0xff, 0xff, 0xff, 0xff, 0xff, 0x0, 0x0, 0x1,
    0xb4, 0x11, 0xc6, 0x11, 0xa4, 0x10, 0x0, 0x0,
    0x6, 0xd0, 0xc, 0x60, 0x8d, 0x10, 0x0, 0xc,
    0xee, 0xef, 0xee, 0xff, 0xef, 0xfe, 0xee, 0x60,
    0x11, 0x11, 0x11, 0x11, 0x11, 0x11, 0x11, 0x10,

    /* U+92C8 "鋈" */
    0x0, 0x4, 0x0, 0x0, 0x0, 0x0, 0x0, 0x0,
    0x0, 0x2, 0xed, 0x51, 0xaa, 0xbc, 0xcd, 0xdd,
    0x0, 0x0, 0x0, 0x89, 0x5, 0x44, 0xac, 0x21,
    0x0, 0x0, 0x2d, 0x50, 0x1, 0x22, 0x2a, 0xb2,
    0x22, 0x10, 0x0, 0x5d, 0x60, 0x8c, 0xcc, 0xfd,
    0xcc, 0xc8, 0x0, 0x0, 0x8, 0xd0, 0x2, 0xae,
    0xd8, 0x30, 0x0, 0x0, 0x1b, 0xd2, 0x8e, 0xf9,
    0x1, 0x7d, 0xd4, 0x0, 0xc, 0xa0, 0x3, 0xcc,
    0xe8, 0x10, 0x4, 0x10, 0x0, 0x10, 0x4b, 0xe6,
    0x1, 0x9e, 0x93, 0x0, 0x0, 0x5a, 0xed, 0xcb,
    0xaa, 0xaa, 0xca, 0xee, 0xa3, 0x6, 0x82, 0x2,
    0x33, 0xd7, 0x33, 0x0, 0x38, 0x0, 0x4, 0xbb,
    0xbb, 0xbe, 0xcb, 0xbb, 0xbb, 0x0, 0x0, 0x14,
    0xc6, 0x44, 0xd8, 0x44, 0xa6, 0x40, 0x0, 0x0,
    0x7, 0xc0, 0xc, 0x50, 0x5e, 0x20, 0x0, 0xb,
    0xdd, 0xde, 0xdd, 0xfe, 0xdf, 0xed, 0xdd, 0x50,
    0x11, 0x11, 0x11, 0x11, 0x11, 0x11, 0x11, 0x10,

    /* U+933E "錾" */
    0x0, 0x2, 0x0, 0x0, 0x0, 0x0, 0x0, 0x0,
    0x0, 0x3f, 0x10, 0x0, 0x2, 0x34, 0x68, 0x70,
    0x8e, 0xff, 0xee, 0xed, 0x4f, 0xcb, 0x98, 0x60,
    0x5, 0xe1, 0x52, 0x11, 0x4c, 0x0, 0x0, 0x0,
    0xd, 0x83, 0xe5, 0x32, 0x6d, 0x77, 0x77, 0x72,
    0xb, 0xbb, 0xfb, 0xb7, 0x9c, 0x77, 0xf9, 0x73,
    0x1, 0x23, 0xe7, 0x65, 0xf4, 0x0, 0xe2, 0x0,
    0xae, 0xdb, 0xfa, 0x89, 0x90, 0x0, 0xe2, 0x0,
    0x0, 0x0, 0xd5, 0xbc, 0xca, 0x20, 0xe2, 0x0,
    0x0, 0x4, 0xbe, 0x50, 0x6, 0xeb, 0x50, 0x0,
    0x39, 0xee, 0x8e, 0xef, 0xfe, 0xe7, 0xef, 0xc4,
    0x6b, 0x50, 0x0, 0x8, 0x90, 0x0, 0x4, 0xa1,
    0x0, 0xce, 0xee, 0xef, 0xfe, 0xee, 0xea, 0x0,
    0x0, 0x6, 0xa0, 0x8, 0x90, 0xb, 0x40, 0x0,
    0x0, 0x1, 0xc8, 0x8, 0x90, 0xab, 0x0, 0x0,
    0x6e, 0xee, 0xee, 0xef, 0xfe, 0xfe, 0xee, 0xe4,

    /* U+936A "鍪" */
    0x0, 0x0, 0x0, 0x0, 0x0, 0x4, 0x0, 0x0,
    0x0, 0xa, 0xaa, 0xaa, 0xaa, 0x26, 0xa0, 0x0,
    0x0, 0x0, 0x5c, 0x42, 0x5e, 0x92, 0xee, 0xee,
    0xee, 0x10, 0x0, 0x5c, 0xbc, 0x30, 0xd5, 0x0,
    0x6a, 0x0, 0x9, 0xcc, 0xcf, 0xcc, 0xc5, 0xa6,
    0x1d, 0x30, 0x0, 0x0, 0x4d, 0x6d, 0xe, 0x12,
    0xcf, 0x90, 0x0, 0x4, 0xbb, 0x22, 0xd1, 0x90,
    0x8e, 0x9e, 0xa1, 0x0, 0x64, 0x1c, 0xe7, 0x2b,
    0xc9, 0x20, 0x1a, 0xd0, 0x0, 0x0, 0x22, 0x7f,
    0xbd, 0xe5, 0x0, 0x1, 0x0, 0x0, 0x18, 0xed,
    0x40, 0x7, 0xed, 0x61, 0x0, 0x7, 0xcf, 0xb7,
    0xdd, 0xfd, 0xdc, 0x6c, 0xfc, 0x30, 0x56, 0x10,
    0x0, 0xc, 0x50, 0x0, 0x1, 0x60, 0x0, 0x6d,
    0xdd, 0xdd, 0xfe, 0xdd, 0xdd, 0xd0, 0x0, 0x0,
    0xa, 0x60, 0xc, 0x50, 0x1d, 0x10, 0x0, 0xa,
    0xcc, 0xdf, 0xcc, 0xfd, 0xce, 0xec, 0xcc, 0x50,
    0x11, 0x11, 0x11, 0x11, 0x11, 0x11, 0x11, 0x10,

    /* U+938F "鎏" */
    0x0, 0x0, 0x0, 0x0, 0x2, 0x0, 0x0, 0x0,
    0x0, 0x1e, 0x60, 0x0, 0x0, 0xc7, 0x0, 0x0,
    0x0, 0x0, 0x3d, 0x7d, 0xdd, 0xfe, 0xdd, 0xdd,
    0xd1, 0x2, 0xb3, 0x0, 0x2, 0xc8, 0x0, 0x7a,
    0x0, 0x0, 0x9, 0xf3, 0x5, 0xfe, 0xcc, 0xcd,
    0xed, 0x20, 0x0, 0x2, 0x55, 0x8, 0x20, 0x61,
    0x7, 0x61, 0x0, 0x0, 0x3f, 0x40, 0xe2, 0xe,
    0x30, 0xf0, 0x67, 0x0, 0x2e, 0x61, 0xab, 0x0,
    0xe3, 0xf, 0x4b, 0x70, 0xc, 0x80, 0x99, 0x5c,
    0xda, 0x10, 0x6c, 0xa1, 0x0, 0x10, 0x16, 0xc8,
    0x10, 0x7c, 0x71, 0x0, 0x0, 0x17, 0xbe, 0xae,
    0xdd, 0xdd, 0xeb, 0xed, 0x96, 0x3, 0xc5, 0x0,
    0x0, 0x89, 0x0, 0x0, 0x49, 0x70, 0x0, 0xad,
    0xdd, 0xde, 0xfd, 0xdd, 0xdd, 0x20, 0x0, 0x0,
    0x5b, 0x0, 0x89, 0x0, 0xb8, 0x0, 0x0, 0x0,
    0x0, 0xc8, 0x8, 0x90, 0x9d, 0x10, 0x0, 0x2,
    0xdd, 0xde, 0xed, 0xef, 0xde, 0xed, 0xdd, 0x90,

    /* U+93CA "鏊" */
    0x0, 0x0, 0x0, 0x0, 0x0, 0x0, 0x0, 0x0,
    0x3, 0x33, 0x7b, 0x33, 0x20, 0x78, 0x0, 0x0,
    0x6, 0x66, 0xac, 0x66, 0x60, 0xee, 0xdd, 0xda,
    0x9, 0xdd, 0xef, 0xdd, 0x78, 0x70, 0xb, 0x40,
    0x1, 0x11, 0x6a, 0x11, 0x2d, 0x10, 0x1e, 0x0,
    0x3c, 0xde, 0xcc, 0xcc, 0xc2, 0xc8, 0xa7, 0x0,
    0x0, 0x6d, 0x88, 0x87, 0x0, 0x1e, 0xf2, 0x0,
    0x2, 0xe6, 0x43, 0x6c, 0x6, 0xea, 0x7e, 0x60,
    0x3e, 0x73, 0xcc, 0xef, 0xec, 0x40, 0x3, 0xe7,
    0x3, 0x0, 0x3a, 0xd6, 0x1a, 0xb5, 0x0, 0x11,
    0x3, 0x8d, 0xdf, 0xcc, 0xdc, 0xed, 0xeb, 0x74,
    0x5e, 0x83, 0x0, 0x5, 0xc0, 0x0, 0x16, 0xa7,
    0x0, 0x9c, 0xcc, 0xcd, 0xfc, 0xcc, 0xcc, 0x20,
    0x0, 0x3, 0xd1, 0x5, 0xc0, 0xa, 0x90, 0x0,
    0x0, 0x0, 0xab, 0x5, 0xc0, 0x8d, 0x20, 0x0,
    0x3d, 0xdd, 0xde, 0xde, 0xfd, 0xde, 0xdd, 0xd9,

    /* U+93D6 "鏖" */
    0x0, 0x0, 0x0, 0x0, 0x30, 0x0, 0x0, 0x0,
    0x0, 0x0, 0x0, 0x1, 0xe4, 0x0, 0x0, 0x0,
    0x2, 0xfd, 0xdd, 0xfd, 0xdd, 0xfd, 0xdd, 0xd6,
    0x2, 0xf5, 0x56, 0xf5, 0x56, 0xf5, 0x55, 0x40,
    0x2, 0xf6, 0x67, 0xf6, 0x67, 0xf6, 0x68, 0xc0,
    0x2, 0xfc, 0xcc, 0xfc, 0xcc, 0xfc, 0xcd, 0xc0,
    0x2, 0xe0, 0xe4, 0x11, 0x18, 0x80, 0x15, 0x70,
    0x2, 0xe0, 0xea, 0x88, 0x68, 0xdb, 0xa7, 0xa6,
    0x3, 0xe1, 0xfc, 0xdf, 0xa5, 0xea, 0xaa, 0xe1,
    0x3, 0xd0, 0x43, 0x15, 0xbc, 0xb4, 0x22, 0x0,
    0x4, 0xc1, 0x59, 0xec, 0x54, 0xaf, 0xc7, 0x41,
    0x6, 0xcd, 0x94, 0x47, 0xad, 0x76, 0x27, 0xb5,
    0x8, 0x80, 0xab, 0xbb, 0xde, 0xbb, 0xbb, 0x10,
    0xc, 0x50, 0x8, 0x50, 0x5a, 0x3, 0xb0, 0x0,
    0x2f, 0x0, 0x5, 0xf1, 0x5a, 0xd, 0x80, 0x0,
    0x9a, 0xc, 0xdd, 0xfd, 0xef, 0xdf, 0xdd, 0xd5,
    0x22, 0x0, 0x0, 0x0, 0x0, 0x0, 0x0, 0x0,

    /* U+943E "鐾" */
    0x0, 0x0, 0x0, 0x0, 0x0, 0x2, 0x0, 0x0,
    0x0, 0x28, 0x88, 0x88, 0x40, 0x0, 0xc5, 0x0,
    0x0, 0x5, 0xb4, 0x44, 0x98, 0x7d, 0xde, 0xed,
    0xd7, 0x0, 0x5c, 0x66, 0x6a, 0x80, 0x58, 0x0,
    0x94, 0x0, 0x7, 0xa6, 0x66, 0x96, 0x35, 0xe4,
    0x6f, 0x43, 0x0, 0xa9, 0xaa, 0xaa, 0x55, 0x55,
    0xc9, 0x55, 0x40, 0xe, 0x98, 0x33, 0x88, 0x25,
    0x5c, 0x95, 0x52, 0x6, 0x98, 0x72, 0x27, 0x88,
    0xcc, 0xee, 0xcc, 0x50, 0x1, 0x5a, 0xaa, 0xcf,
    0xd8, 0x6, 0x40, 0x0, 0x0, 0x0, 0x3, 0xab,
    0x30, 0x8e, 0x82, 0x0, 0x0, 0x4, 0x9e, 0xcf,
    0xdd, 0xdd, 0xec, 0xfd, 0x85, 0x5, 0xe9, 0x20,
    0x0, 0x5c, 0x0, 0x0, 0x6b, 0x90, 0x0, 0x9d,
    0xdd, 0xde, 0xfd, 0xdd, 0xdd, 0x20, 0x0, 0x0,
    0x3c, 0x10, 0x5c, 0x0, 0x99, 0x0, 0x0, 0x0,
    0x0, 0xab, 0x5, 0xc0, 0x7d, 0x20, 0x0, 0x2,
    0xdd, 0xdd, 0xed, 0xef, 0xdd, 0xed, 0xdd, 0x90,

    /* U+946B "鑫" */
    0x0, 0x0, 0x0, 0x0, 0x20, 0x0, 0x0, 0x0,
    0x0, 0x0, 0x0, 0x17, 0xed, 0xa4, 0x0, 0x0,
    0x0, 0x0, 0x15, 0xae, 0x81, 0x4, 0xbe, 0x84,
    0x10, 0x3, 0xde, 0xa6, 0xcc, 0xde, 0xcc, 0x96,
    0xcf, 0x90, 0x3, 0x0, 0x0, 0x5, 0xc0, 0x0,
    0x0, 0x11, 0x0, 0xd, 0xdd, 0xdd, 0xef, 0xdd,
    0xdd, 0xd8, 0x0, 0x0, 0x2, 0xd1, 0x5, 0xc0,
    0x8, 0xb0, 0x0, 0x2, 0xdd, 0xde, 0xdd, 0xde,
    0xdd, 0xfd, 0xdd, 0x70, 0x0, 0x9, 0xad, 0x60,
    0x0, 0x6d, 0xd2, 0x0, 0x0, 0x2b, 0x80, 0x1a,
    0xa1, 0x9c, 0x14, 0xd6, 0x0, 0x2e, 0xcc, 0xdc,
    0x93, 0xed, 0xcc, 0xcd, 0xcc, 0x0, 0x22, 0x2f,
    0x22, 0x21, 0x0, 0xb5, 0x0, 0x10, 0x8, 0xaa,
    0xfa, 0xaa, 0x7c, 0xce, 0xdc, 0xc4, 0x0, 0x1c,
    0xf, 0x1a, 0x40, 0xb0, 0xb5, 0x19, 0x0, 0x0,
    0x81, 0xf3, 0xb4, 0x9, 0x5b, 0x59, 0x50, 0x1,
    0xcc, 0xb9, 0x76, 0x4a, 0xcc, 0xed, 0xcc, 0xa0,
    0x1, 0x0, 0x0, 0x0, 0x0, 0x0, 0x0, 0x0,
    0x0,

    /* U+96B9 "隹" */
    0x0, 0x0, 0x6, 0x0, 0x3, 0x0, 0x0, 0x0,
    0x0, 0x0, 0x7, 0xe1, 0x6, 0xf2, 0x0, 0x0,
    0x0, 0x0, 0x1, 0xf6, 0x0, 0xc, 0x90, 0x0,
    0x0, 0x0, 0x0, 0x9f, 0xdd, 0xdd, 0xed, 0xdd,
    0xdd, 0xd2, 0x0, 0x5f, 0x83, 0x33, 0x3e, 0x73,
    0x33, 0x33, 0x0, 0x2f, 0xf6, 0x0, 0x0, 0xd5,
    0x0, 0x0, 0x0, 0xd, 0xbd, 0x72, 0x22, 0x2e,
    0x72, 0x22, 0x21, 0x0, 0x51, 0xdf, 0xff, 0xff,
    0xff, 0xff, 0xff, 0x90, 0x0, 0xd, 0x60, 0x0,
    0xd, 0x50, 0x0, 0x0, 0x0, 0x0, 0xd6, 0x0,
    0x0, 0xd5, 0x0, 0x0, 0x0, 0x0, 0xd, 0xfe,
    0xee, 0xef, 0xfe, 0xee, 0xe8, 0x0, 0x0, 0xd7,
    0x22, 0x22, 0xe7, 0x22, 0x22, 0x10, 0x0, 0xd,
    0x60, 0x0, 0xd, 0x50, 0x0, 0x0, 0x0, 0x0,
    0xd7, 0x22, 0x22, 0xe7, 0x22, 0x22, 0x20, 0x0,
    0xd, 0xff, 0xff, 0xff, 0xff, 0xff, 0xff, 0x30,
    0x0, 0xd6, 0x0, 0x0, 0x0, 0x0, 0x0, 0x0,

    /* U+96BC "隼" */
    0x0, 0x0, 0x0, 0x0, 0x0, 0x0, 0x0, 0x0,
    0x0, 0x9, 0xa0, 0x0, 0xe2, 0x0, 0x0, 0x0,
    0x0, 0x1f, 0x52, 0x22, 0xa9, 0x22, 0x22, 0x20,
    0x0, 0x9f, 0xdd, 0xdd, 0xee, 0xdd, 0xdd, 0xd3,
    0x3, 0xfd, 0x0, 0x0, 0xa8, 0x0, 0x0, 0x0,
    0x1e, 0xbf, 0xee, 0xee, 0xff, 0xee, 0xee, 0x90,
    0x18, 0x4d, 0x0, 0x0, 0x98, 0x0, 0x0, 0x0,
    0x0, 0x4f, 0xff, 0xff, 0xff, 0xff, 0xff, 0x90,
    0x0, 0x4d, 0x0, 0x0, 0xa8, 0x0, 0x0, 0x0,
    0x0, 0x4f, 0xdd, 0xdd, 0xfe, 0xdd, 0xdd, 0xd8,
    0x0, 0x4b, 0x22, 0x23, 0x62, 0x22, 0x22, 0x21,
    0x0, 0x0, 0x0, 0x5, 0xe0, 0x0, 0x0, 0x0,
    0x1f, 0xff, 0xff, 0xff, 0xff, 0xff, 0xff, 0xfa,
    0x0, 0x0, 0x0, 0x5, 0xe0, 0x0, 0x0, 0x0,
    0x0, 0x0, 0x0, 0x5, 0xe0, 0x0, 0x0, 0x0,
    0x0, 0x0, 0x0, 0x5, 0xe0, 0x0, 0x0, 0x0,

    /* U+96BD "隽" */
    0x0, 0x0, 0x42, 0x0, 0x14, 0x0, 0x0, 0x0,
    0x0, 0x0, 0x1f, 0x50, 0x3, 0xf2, 0x0, 0x0,
    0x0, 0x0, 0xa, 0xfa, 0xaa, 0xae, 0xba, 0xaa,
    0xa8, 0x0, 0x5, 0xf7, 0x44, 0x44, 0xf6, 0x44,
    0x44, 0x30, 0x4, 0xff, 0xca, 0xaa, 0xaf, 0xba,
    0xaa, 0xa3, 0x0, 0xe7, 0xd7, 0x33, 0x33, 0xf5,
    0x33, 0x33, 0x10, 0x2, 0xd, 0xca, 0xaa, 0xaf,
    0xba, 0xaa, 0xa3, 0x0, 0x0, 0xd7, 0x33, 0x33,
    0xf5, 0x33, 0x33, 0x10, 0x0, 0xd, 0xcb, 0xbb,
    0xbf, 0xbb, 0xbb, 0xbb, 0x0, 0x0, 0xb6, 0x33,
    0x33, 0x33, 0x33, 0x33, 0x30, 0x0, 0x3a, 0xaa,
    0xaa, 0xaa, 0xaa, 0x70, 0x0, 0x0, 0x2, 0x55,
    0xac, 0x55, 0x55, 0xd6, 0x0, 0x0, 0x0, 0x0,
    0xd, 0x60, 0x0, 0x1f, 0xff, 0xfa, 0x0, 0x0,
    0x8, 0xd0, 0x0, 0x0, 0x0, 0x9, 0x90, 0x0,
    0x2b, 0xe3, 0x0, 0x0, 0x21, 0x11, 0xd7, 0x0,
    0x9f, 0xb1, 0x0, 0x0, 0xe, 0xff, 0xfc, 0x10,
    0x1, 0x10, 0x0, 0x0, 0x0, 0x0, 0x0, 0x0,
    0x0,

    /* U+96CE "雎" */
    0x0, 0x0, 0x0, 0x0, 0x51, 0x23, 0x0, 0x0,
    0x4, 0x44, 0x44, 0x1, 0xf2, 0x5e, 0x10, 0x0,
    0xe, 0xcc, 0xce, 0x6, 0xb0, 0xc, 0x80, 0x0,
    0xe, 0x20, 0x2e, 0xb, 0xee, 0xee, 0xee, 0xe4,
    0xe, 0x20, 0x2e, 0x2f, 0x63, 0x3e, 0x53, 0x30,
    0xe, 0x98, 0x9e, 0x9f, 0x40, 0xe, 0x30, 0x0,
    0xe, 0xba, 0xbf, 0xed, 0x51, 0x1e, 0x41, 0x10,
    0xe, 0x20, 0x2e, 0x3d, 0xff, 0xff, 0xff, 0xf0,
    0xe, 0x20, 0x2e, 0xd, 0x40, 0xe, 0x30, 0x0,
    0xe, 0xee, 0xee, 0xd, 0x40, 0xe, 0x30, 0x0,
    0xe, 0x20, 0x2e, 0xd, 0xff, 0xff, 0xff, 0xf0,
    0xe, 0x20, 0x2e, 0xd, 0x51, 0x1e, 0x41, 0x10,
    0xe, 0x20, 0x2f, 0x3d, 0x40, 0xe, 0x30, 0x0,
    0x5f, 0xbd, 0xff, 0xad, 0x73, 0x3f, 0x53, 0x31,
    0x9b, 0x86, 0x31, 0xd, 0xee, 0xee, 0xee, 0xe5,
    0x0, 0x0, 0x0, 0xd, 0x40, 0x0, 0x0, 0x0,

    /* U+96D2 "雒" */
    0x0, 0x3, 0x40, 0x0, 0x1, 0x40, 0x40, 0x0,
    0x0, 0x0, 0xc8, 0x0, 0x0, 0x89, 0x2f, 0x40,
    0x0, 0x0, 0x4f, 0xdc, 0xc7, 0xe, 0x30, 0x8d,
    0x0, 0x0, 0xd, 0x84, 0x4d, 0x76, 0xfc, 0xcd,
    0xdc, 0xc6, 0x9, 0xd2, 0x4, 0xe1, 0xef, 0x44,
    0xf6, 0x44, 0x20, 0xb5, 0xf5, 0xd6, 0x9f, 0xe0,
    0xe, 0x30, 0x0, 0x0, 0x5, 0xfd, 0xe, 0x6e,
    0x11, 0xe4, 0x11, 0x0, 0x0, 0xad, 0xf7, 0x3,
    0xff, 0xff, 0xff, 0xf3, 0x5, 0xda, 0x3, 0xe8,
    0x3e, 0x0, 0xe3, 0x0, 0x0, 0xaa, 0x55, 0x57,
    0x13, 0xe0, 0xe, 0x30, 0x0, 0x0, 0xec, 0xbb,
    0xf1, 0x3f, 0xff, 0xff, 0xff, 0x30, 0xe, 0x30,
    0xf, 0x13, 0xe1, 0x1e, 0x41, 0x10, 0x0, 0xe3,
    0x0, 0xf1, 0x3e, 0x0, 0xe3, 0x0, 0x0, 0xe,
    0x30, 0xf, 0x13, 0xf5, 0x5f, 0x75, 0x53, 0x0,
    0xef, 0xff, 0xf1, 0x3f, 0xcc, 0xcc, 0xcc, 0x80,
    0xc, 0x42, 0x2d, 0x13, 0xe0, 0x0, 0x0, 0x0,

    /* U+96E0 "雠" */
    0x0, 0xa5, 0x70, 0x2b, 0x0, 0x28, 0x36, 0x0,
    0x1, 0xf1, 0xf3, 0xc, 0xa0, 0x68, 0x1e, 0x0,
    0x5, 0xd2, 0x85, 0x11, 0xe5, 0xa5, 0x18, 0x31,
    0xa, 0xfe, 0xfe, 0x90, 0x10, 0xef, 0xff, 0xfb,
    0xf, 0xc0, 0xe1, 0x37, 0x55, 0xf3, 0xf, 0x10,
    0x6e, 0xc0, 0xe1, 0x49, 0xcc, 0xe3, 0xf, 0x10,
    0x26, 0xff, 0xff, 0x83, 0xc7, 0xdf, 0xff, 0xfa,
    0x3, 0xc0, 0xe1, 0x3, 0xc0, 0xd3, 0x1f, 0x20,
    0x3, 0xc0, 0xe1, 0x3, 0xc0, 0xd3, 0xf, 0x10,
    0x3, 0xfb, 0xfc, 0x63, 0xc0, 0xfc, 0xcf, 0xc8,
    0x3, 0xd4, 0xf5, 0x23, 0xca, 0xf6, 0x4f, 0x52,
    0x3, 0xc0, 0xe1, 0x4, 0xfd, 0xe3, 0xf, 0x10,
    0x3, 0xd1, 0xe2, 0x19, 0xe1, 0xd4, 0x1f, 0x31,
    0x3, 0xff, 0xff, 0xb1, 0x30, 0xdf, 0xff, 0xfc,
    0x3, 0xc0, 0x0, 0x0, 0x0, 0xd3, 0x0, 0x0,
    0x0, 0x0, 0x0, 0x0, 0x0, 0x0, 0x0, 0x0,

    /* U+96E9 "雩" */
    0x6, 0xbb, 0xbb, 0xbb, 0xbb, 0xbb, 0xbb, 0x0,
    0x2, 0x33, 0x33, 0x3d, 0x73, 0x33, 0x33, 0x0,
    0x5d, 0xdd, 0xdd, 0xdf, 0xed, 0xdd, 0xdd, 0xd0,
    0x6d, 0x22, 0x22, 0x2c, 0x62, 0x22, 0x25, 0xf0,
    0x6d, 0x3d, 0xdd, 0x5c, 0x5a, 0xdd, 0xb3, 0xf0,
    0x0, 0x15, 0x55, 0x2c, 0x54, 0x55, 0x40, 0x0,
    0x0, 0x15, 0x55, 0x27, 0x34, 0x55, 0x40, 0x0,
    0x1, 0xdd, 0xdd, 0xdd, 0xdd, 0xdd, 0xd9, 0x0,
    0x0, 0x11, 0x11, 0x11, 0x11, 0x11, 0x11, 0x0,
    0xcf, 0xff, 0xff, 0xff, 0xff, 0xff, 0xff, 0xf5,
    0x0, 0x1f, 0x20, 0x0, 0x0, 0x0, 0x0, 0x0,
    0x0, 0x3f, 0xff, 0xff, 0xff, 0xff, 0xf6, 0x0,
    0x0, 0x0, 0x0, 0x0, 0x0, 0x0, 0xe5, 0x0,
    0x0, 0x0, 0x0, 0x1, 0x0, 0x4, 0xf1, 0x0,
    0x0, 0x0, 0x0, 0xf, 0xff, 0xfe, 0x60, 0x0,
    0x0, 0x0, 0x0, 0x0, 0x0, 0x0, 0x0, 0x0,

    /* U+96EF "雯" */
    0x0, 0x6b, 0xbb, 0xbb, 0xbb, 0xbb, 0xbb, 0xb0,
    0x0, 0x2, 0x44, 0x44, 0x4d, 0x74, 0x44, 0x44,
    0x0, 0x4, 0xbb, 0xbb, 0xbb, 0xfd, 0xbb, 0xbb,
    0xbb, 0x0, 0x6d, 0x33, 0x33, 0x3d, 0x73, 0x33,
    0x37, 0xf0, 0x6, 0xd3, 0xdd, 0xd5, 0xc5, 0xbd,
    0xdb, 0x4f, 0x0, 0x4a, 0x0, 0x0, 0xc, 0x50,
    0x0, 0x3, 0xb0, 0x0, 0x4, 0xee, 0xe5, 0xa3,
    0xce, 0xec, 0x0, 0x0, 0x0, 0x0, 0x0, 0xe,
    0x70, 0x0, 0x0, 0x0, 0x3, 0x44, 0x44, 0x44,
    0xaa, 0x44, 0x44, 0x44, 0x0, 0x7b, 0xbe, 0xfb,
    0xbb, 0xbb, 0xcf, 0xdb, 0xb2, 0x0, 0x0, 0x2e,
    0x80, 0x0, 0x1c, 0xb0, 0x0, 0x0, 0x0, 0x0,
    0x3e, 0xb2, 0x4d, 0xb0, 0x0, 0x0, 0x0, 0x0,
    0x0, 0x1d, 0xff, 0xa0, 0x0, 0x0, 0x0, 0x0,
    0x25, 0x9e, 0xf9, 0xaf, 0xea, 0x64, 0x20, 0xa,
    0xff, 0xd9, 0x50, 0x0, 0x15, 0x9d, 0xff, 0x40,
    0x24, 0x10, 0x0, 0x0, 0x0, 0x0, 0x0, 0x20,

    /* U+96F3 "雳" */
    0x0, 0x8c, 0xcc, 0xcc, 0xcc, 0xcc, 0xcc, 0x10,
    0x0, 0x12, 0x22, 0x24, 0xe2, 0x22, 0x22, 0x0,
    0xe, 0xee, 0xee, 0xee, 0xfe, 0xee, 0xee, 0xe5,
    0xf, 0x32, 0x22, 0x24, 0xe2, 0x22, 0x22, 0xb6,
    0xf, 0x1d, 0xdd, 0xd3, 0xe4, 0xdd, 0xd6, 0xb6,
    0x7, 0x8, 0x88, 0x83, 0xe3, 0x88, 0x83, 0x42,
    0x0, 0x2, 0x22, 0x21, 0x60, 0x22, 0x20, 0x0,
    0x3, 0xff, 0xff, 0xff, 0xff, 0xff, 0xff, 0xf0,
    0x4, 0xf1, 0x11, 0x12, 0x51, 0x11, 0x11, 0x10,
    0x4, 0xe0, 0x0, 0x4, 0xe0, 0x0, 0x0, 0x0,
    0x5, 0xd5, 0xff, 0xff, 0xff, 0xff, 0xff, 0x20,
    0x8, 0xa0, 0x0, 0xc, 0x80, 0x0, 0x1f, 0x10,
    0xd, 0x60, 0x0, 0x7f, 0x10, 0x0, 0x2f, 0x0,
    0x5f, 0x10, 0x3b, 0xf4, 0x2, 0x11, 0x8d, 0x0,
    0xa7, 0x2e, 0xfa, 0x20, 0xe, 0xff, 0xe4, 0x0,
    0x0, 0x3, 0x0, 0x0, 0x0, 0x0, 0x0, 0x0,

    /* U+9701 "霁" */
    0x0, 0x89, 0x99, 0x99, 0x99, 0x99, 0x98, 0x0,
    0x0, 0x45, 0x55, 0x5d, 0x85, 0x55, 0x54, 0x0,
    0x1e, 0xee, 0xee, 0xef, 0xee, 0xee, 0xee, 0xe0,
    0x1f, 0x14, 0x44, 0x2c, 0x54, 0x44, 0x40, 0xf1,
    0x1f, 0x27, 0x77, 0x3c, 0x57, 0x77, 0x70, 0xf1,
    0x2, 0x3c, 0xcc, 0x69, 0x2b, 0xcc, 0xc0, 0x30,
    0x0, 0x0, 0x0, 0xc, 0x60, 0x0, 0x0, 0x0,
    0xf, 0xff, 0xff, 0xff, 0xff, 0xff, 0xff, 0xf1,
    0x0, 0x7, 0xd5, 0x0, 0x2, 0x9c, 0x20, 0x0,
    0x0, 0x0, 0x2a, 0xfa, 0xce, 0x60, 0x0, 0x0,
    0x5a, 0xbd, 0xfd, 0xa6, 0x7a, 0xdf, 0xfe, 0xd6,
    0x27, 0x52, 0x73, 0x0, 0x0, 0x82, 0x12, 0x31,
    0x0, 0x0, 0xe3, 0x0, 0x0, 0xd4, 0x0, 0x0,
    0x0, 0x3b, 0xc0, 0x0, 0x0, 0xd4, 0x0, 0x0,
    0x2, 0xe9, 0x0, 0x0, 0x0, 0xd4, 0x0, 0x0,
    0x0, 0x0, 0x0, 0x0, 0x0, 0x0, 0x0, 0x0,

    /* U+9706 "霆" */
    0x4, 0xbb, 0xbb, 0xbb, 0xbb, 0xbb, 0xbb, 0x50,
    0x0, 0x22, 0x22, 0x2a, 0x92, 0x22, 0x22, 0x10,
    0x2e, 0xdd, 0xdd, 0xdf, 0xed, 0xdd, 0xdd, 0xe1,
    0x2f, 0x0, 0x0, 0x9, 0x80, 0x0, 0x0, 0xf2,
    0x2f, 0x3d, 0xdd, 0x79, 0x88, 0xdd, 0xd3, 0xf2,
    0x0, 0x29, 0x99, 0x59, 0x86, 0x99, 0x92, 0x0,
    0x0, 0x14, 0x44, 0x24, 0x32, 0x44, 0x41, 0x0,
    0x1e, 0xee, 0xf7, 0x7b, 0xcc, 0xde, 0xff, 0x90,
    0x0, 0x3c, 0x90, 0x23, 0x22, 0xe4, 0x0, 0x0,
    0x6, 0xfb, 0x76, 0x3d, 0xdd, 0xfe, 0xdd, 0x60,
    0x4, 0x66, 0xbb, 0x1, 0x11, 0xe4, 0x11, 0x0,
    0xc, 0x30, 0xd4, 0x9b, 0xbb, 0xfc, 0xbb, 0xb0,
    0x6, 0xfb, 0xc0, 0x23, 0x33, 0x33, 0x33, 0x30,
    0x0, 0xdf, 0xb4, 0x10, 0x0, 0x0, 0x0, 0x10,
    0x2d, 0xe7, 0xad, 0xff, 0xff, 0xff, 0xff, 0xf7,
    0x7, 0x10, 0x0, 0x0, 0x0, 0x0, 0x0, 0x0,

    /* U+9708 "霈" */
    0x3, 0xee, 0xee, 0xee, 0xee, 0xee, 0xee, 0x50,
    0x0, 0x11, 0x11, 0x19, 0x91, 0x11, 0x11, 0x0,
    0x2e, 0xee, 0xee, 0xef, 0xfe, 0xee, 0xee, 0xe6,
    0x3e, 0x22, 0x22, 0x2a, 0xa2, 0x22, 0x22, 0xd7,
    0x3e, 0x4d, 0xdd, 0x89, 0x98, 0xdd, 0xd4, 0xd7,
    0x3, 0x2, 0x22, 0x19, 0x91, 0x22, 0x20, 0x21,
    0x0, 0x5a, 0xaa, 0x64, 0x49, 0xca, 0xa3, 0x0,
    0x3, 0xf8, 0x0, 0x0, 0x9, 0x90, 0x0, 0x0,
    0x1, 0x3d, 0x4e, 0xee, 0xef, 0xfe, 0xee, 0xe8,
    0x5f, 0x60, 0x0, 0x0, 0x9, 0x90, 0x0, 0x0,
    0x4, 0xa0, 0xa, 0xfe, 0xef, 0xfe, 0xef, 0xf0,
    0x0, 0x2e, 0x1a, 0x60, 0x9, 0x90, 0x4, 0xf0,
    0x0, 0xba, 0xa, 0x60, 0x9, 0x90, 0x7, 0xf0,
    0x6, 0xe0, 0xa, 0x60, 0x9, 0x95, 0xfe, 0x80,
    0xd, 0x40, 0x0, 0x0, 0x9, 0x90, 0x0, 0x0,
    0x0, 0x0, 0x0, 0x0, 0x0, 0x0, 0x0, 0x0,

    /* U+970E "霎" */
    0x0, 0xdd, 0xdd, 0xdd, 0xdd, 0xdd, 0xdd, 0x60,
    0x3, 0x44, 0x44, 0x47, 0xd4, 0x44, 0x44, 0x41,
    0xe, 0xa9, 0x99, 0x9b, 0xe9, 0x99, 0x99, 0xd6,
    0xe, 0x4b, 0xbb, 0xb5, 0xc6, 0xbb, 0xb6, 0xb6,
    0x9, 0x23, 0x33, 0x35, 0xc2, 0x33, 0x31, 0x73,
    0x0, 0x5, 0x55, 0x55, 0x83, 0x55, 0x52, 0x0,
    0x4, 0xbb, 0xbb, 0xbc, 0xfb, 0xbb, 0xbb, 0xb0,
    0x0, 0x22, 0xac, 0x22, 0x22, 0x7f, 0x32, 0x20,
    0x1, 0x11, 0x2e, 0x61, 0x13, 0xf8, 0x11, 0x11,
    0x4c, 0xcc, 0xcd, 0xfc, 0xcc, 0xcc, 0xcc, 0xcb,
    0x1, 0x11, 0x19, 0xc1, 0x11, 0x11, 0x11, 0x10,
    0xc, 0xcc, 0xfe, 0xcc, 0xcc, 0xdf, 0xdc, 0xc5,
    0x0, 0x3, 0xeb, 0x73, 0x6, 0xe7, 0x0, 0x0,
    0x0, 0x0, 0x4, 0xbf, 0xff, 0xb4, 0x0, 0x0,
    0x4, 0xac, 0xee, 0xb6, 0x13, 0x7b, 0xfc, 0x50,
    0x1, 0x53, 0x10, 0x0, 0x0, 0x0, 0x4, 0x10,

    /* U+970F "霏" */
    0x3, 0xee, 0xee, 0xee, 0xee, 0xee, 0xee, 0x30,
    0x0, 0x11, 0x11, 0x1a, 0x91, 0x11, 0x11, 0x0,
    0x2d, 0xdd, 0xdd, 0xdf, 0xed, 0xdd, 0xdd, 0xd2,
    0x3f, 0x33, 0x33, 0x3b, 0x93, 0x33, 0x33, 0xf3,
    0x3e, 0x4d, 0xdd, 0x8a, 0x88, 0xdd, 0xd4, 0xe3,
    0x4, 0x0, 0x0, 0xa, 0x80, 0x0, 0x0, 0x40,
    0x0, 0x4d, 0xdd, 0x99, 0x79, 0xdd, 0xd4, 0x0,
    0x0, 0x0, 0x3, 0xf0, 0xe, 0x40, 0x0, 0x0,
    0x2f, 0xff, 0xff, 0xf0, 0xe, 0xff, 0xff, 0xf2,
    0x0, 0x0, 0x3, 0xf0, 0xe, 0x30, 0x0, 0x0,
    0xb, 0xff, 0xff, 0xf0, 0xe, 0xff, 0xff, 0xd0,
    0x0, 0x0, 0x3, 0xf0, 0xe, 0x40, 0x0, 0x0,
    0x23, 0x33, 0x36, 0xf0, 0xe, 0x63, 0x33, 0x32,
    0x7c, 0xcc, 0xcd, 0xf0, 0xe, 0xdc, 0xcc, 0xc8,
    0x0, 0x0, 0x3, 0xf0, 0xe, 0x30, 0x0, 0x0,

    /* U+972A "霪" */
    0x3, 0xee, 0xee, 0xee, 0xee, 0xee, 0xee, 0x10,
    0x2, 0x22, 0x22, 0x2b, 0x82, 0x22, 0x22, 0x20,
    0x3f, 0xbb, 0xbb, 0xbe, 0xdb, 0xbb, 0xbb, 0xf1,
    0x3e, 0x3a, 0xaa, 0x5b, 0x77, 0xaa, 0xa2, 0xf1,
    0x2b, 0x2, 0x22, 0x1b, 0x71, 0x22, 0x20, 0xd1,
    0x0, 0x4b, 0xbb, 0x6a, 0x78, 0xbb, 0xb2, 0x0,
    0x5, 0xa0, 0x38, 0x99, 0xaa, 0xbc, 0xdd, 0x30,
    0x0, 0xca, 0x16, 0x94, 0x6c, 0x21, 0x63, 0x0,
    0x24, 0x3, 0x3, 0xf1, 0x1f, 0x20, 0xe4, 0x0,
    0x3e, 0x50, 0x3, 0xa6, 0x38, 0x57, 0xc3, 0x10,
    0x3, 0x60, 0xb, 0xbb, 0xbf, 0xcb, 0xbb, 0x30,
    0x0, 0x68, 0x12, 0x22, 0x2f, 0x42, 0x22, 0x20,
    0x0, 0xd5, 0xbd, 0xdd, 0xdf, 0xdd, 0xdd, 0xd3,
    0x6, 0xd0, 0x0, 0x0, 0xf, 0x30, 0x0, 0x0,
    0x1e, 0x50, 0x5f, 0xff, 0xff, 0xff, 0xff, 0x50,
    0x5, 0x0, 0x0, 0x0, 0x0, 0x0, 0x0, 0x0,

    /* U+972D "霭" */
    0x1, 0x88, 0x88, 0x88, 0x88, 0x88, 0x88, 0x0,
    0x3, 0x33, 0x33, 0x99, 0x33, 0x33, 0x30, 0x2f,
    0xcc, 0xcc, 0xce, 0xec, 0xcc, 0xcc, 0xf2, 0xf2,
    0x88, 0x87, 0x77, 0x78, 0x88, 0x2f, 0x1a, 0x14,
    0x44, 0x37, 0x73, 0x44, 0x41, 0xb0, 0x2, 0x99,
    0x98, 0x45, 0x89, 0x99, 0x10, 0x7, 0xc2, 0x2,
    0xc9, 0x99, 0x99, 0x9b, 0x0, 0x9, 0xe1, 0x2f,
    0xaa, 0xaa, 0xaa, 0xe0, 0x0, 0x1, 0x2, 0xf4,
    0x44, 0x44, 0x4d, 0x8, 0xff, 0x30, 0x1d, 0xa5,
    0x55, 0x55, 0x80, 0x1, 0xe3, 0x3b, 0xca, 0xad,
    0xca, 0xab, 0xb0, 0xe, 0x39, 0x76, 0x5, 0xec,
    0x50, 0x5b, 0x0, 0xe4, 0x84, 0xc3, 0x91, 0x18,
    0xa7, 0xa0, 0x1f, 0xfb, 0x3b, 0xbb, 0xbb, 0xba,
    0xb7, 0x2, 0xe5, 0x0, 0x0, 0x2, 0xff, 0xfc,
    0x10, 0x0, 0x0, 0x0, 0x0, 0x0, 0x0, 0x0,

    /* U+9730 "霰" */
    0x3, 0x88, 0x88, 0x88, 0x88, 0x88, 0x88, 0x0,
    0x1, 0x33, 0x33, 0x3c, 0x73, 0x33, 0x33, 0x0,
    0x5f, 0xcc, 0xcc, 0xcf, 0xdc, 0xcc, 0xcc, 0xf0,
    0x5b, 0x48, 0x88, 0x4b, 0x57, 0x88, 0x83, 0xf0,
    0x38, 0x24, 0x44, 0x2b, 0x53, 0x44, 0x41, 0xa0,
    0x0, 0x99, 0x9b, 0x78, 0x39, 0xb9, 0x91, 0x0,
    0x58, 0xe9, 0x8c, 0xc8, 0x5, 0xc0, 0x0, 0x0,
    0x23, 0xe5, 0x3a, 0x93, 0xc, 0xdd, 0xdf, 0xd6,
    0x89, 0xa9, 0x9a, 0x99, 0x9f, 0x60, 0x2e, 0x0,
    0xb, 0xbb, 0xbb, 0xb6, 0xe8, 0xb0, 0x6a, 0x0,
    0xf, 0x43, 0x33, 0x98, 0x30, 0xd3, 0xd5, 0x0,
    0xf, 0x87, 0x77, 0xb8, 0x0, 0x5e, 0xc0, 0x0,
    0xf, 0xcb, 0xbb, 0xd8, 0x0, 0x6f, 0xb1, 0x0,
    0xf, 0x10, 0x33, 0xc7, 0x2a, 0xd3, 0xae, 0x71,
    0xf, 0x10, 0x9d, 0xa1, 0xc9, 0x10, 0x5, 0xc4,
    0x0, 0x0, 0x0, 0x0, 0x0, 0x0, 0x0, 0x0,

    /* U+973E "霾" */
    0x3, 0xdd, 0xdd, 0xdd, 0xdd, 0xdd, 0xdd, 0x30,
    0x4, 0x44, 0x44, 0x47, 0xd4, 0x44, 0x44, 0x41,
    0x2f, 0xaa, 0xaa, 0xab, 0xea, 0xaa, 0xaa, 0xe5,
    0x2f, 0x3a, 0xaa, 0xa5, 0xc5, 0xaa, 0xa5, 0xb5,
    0x19, 0x14, 0x44, 0x45, 0xc2, 0x44, 0x42, 0x73,
    0x0, 0x26, 0x6a, 0x61, 0x33, 0x66, 0x63, 0x0,
    0x15, 0x7a, 0xeb, 0x24, 0xdd, 0xdd, 0xdd, 0xd0,
    0x2a, 0x95, 0xb1, 0x45, 0xa0, 0x2d, 0x0, 0xf0,
    0x0, 0xe6, 0xee, 0x75, 0xfd, 0xdf, 0xdd, 0xf0,
    0x3d, 0xea, 0xf3, 0x5, 0xa0, 0x2d, 0x0, 0xf0,
    0x3, 0x29, 0xdd, 0x5, 0xfd, 0xdf, 0xdd, 0xf0,
    0x3c, 0xe6, 0x5f, 0x30, 0x0, 0x2d, 0x0, 0x0,
    0x5, 0x1a, 0xdc, 0x47, 0xee, 0xef, 0xee, 0xe3,
    0x19, 0xe7, 0x1d, 0x20, 0x0, 0x2d, 0x0, 0x0,
    0x6, 0x1f, 0xf9, 0x3e, 0xee, 0xef, 0xee, 0xeb,
    0x0, 0x0, 0x0, 0x0, 0x0, 0x0, 0x0, 0x0,

    /* U+9753 "靓" */
    0x0, 0x1, 0x20, 0x0, 0x0, 0x0, 0x0, 0x0,
    0x0, 0x0, 0x7a, 0x0, 0x2, 0x44, 0x44, 0x44,
    0x0, 0x37, 0x7a, 0xc7, 0x74, 0x9e, 0xdd, 0xde,
    0xe0, 0x3, 0x88, 0xbd, 0x88, 0x59, 0x80, 0x0,
    0x2e, 0x0, 0xe, 0xef, 0xfe, 0xe4, 0x98, 0xf,
    0x12, 0xe0, 0x0, 0x0, 0x7a, 0x0, 0x9, 0x80,
    0xf1, 0x2e, 0x0, 0x9d, 0xde, 0xfd, 0xdc, 0x98,
    0xf, 0x2, 0xe0, 0x1, 0x22, 0x22, 0x22, 0x29,
    0x81, 0xf0, 0x2e, 0x0, 0xd, 0xee, 0xee, 0xf1,
    0x98, 0x1f, 0x2, 0xe0, 0x0, 0xe3, 0x0, 0xf,
    0x19, 0x83, 0xe0, 0x2e, 0x0, 0xe, 0xee, 0xee,
    0xf1, 0x98, 0x7f, 0xb2, 0xc0, 0x0, 0xe3, 0x0,
    0xf, 0x10, 0xc, 0xcc, 0x0, 0x10, 0xe, 0xee,
    0xee, 0xf1, 0x4, 0xe6, 0xc0, 0x1f, 0x0, 0xe3,
    0x0, 0xf, 0x12, 0xe6, 0x6c, 0x2, 0xf0, 0xe,
    0x30, 0x13, 0xf4, 0xe9, 0x4, 0xe2, 0x7d, 0x0,
    0xe3, 0xc, 0xe9, 0xa8, 0x0, 0xc, 0xff, 0x50,
    0x0, 0x0, 0x0, 0x0, 0x0, 0x0, 0x0, 0x0,
    0x0,

    /* U+977C "靼" */
    0x1, 0x20, 0x3, 0x0, 0x0, 0x0, 0x0, 0x0,
    0x7, 0x90, 0x1f, 0x0, 0x44, 0x44, 0x44, 0x40,
    0x8c, 0xc9, 0x9f, 0x93, 0xec, 0xcc, 0xcc, 0xe0,
    0x5a, 0xb6, 0x6f, 0x62, 0xe3, 0x0, 0x2, 0xe0,
    0x7, 0xa3, 0x4f, 0x0, 0xe3, 0x0, 0x2, 0xe0,
    0x7, 0xde, 0xcf, 0x0, 0xe3, 0x0, 0x2, 0xe0,
    0x0, 0xc, 0x41, 0x0, 0xee, 0xee, 0xee, 0xe0,
    0x4e, 0xef, 0xee, 0xb0, 0xe5, 0x22, 0x24, 0xe0,
    0x4b, 0xc, 0x43, 0xc0, 0xe3, 0x0, 0x2, 0xe0,
    0x4b, 0xc, 0x43, 0xc0, 0xe3, 0x0, 0x2, 0xe0,
    0x4f, 0xef, 0xee, 0xc0, 0xe7, 0x44, 0x46, 0xe0,
    0x2, 0xc, 0x40, 0x20, 0xec, 0xcc, 0xcc, 0xe0,
    0x9a, 0xae, 0xba, 0xa4, 0x71, 0x0, 0x1, 0x70,
    0x23, 0x3c, 0x63, 0x31, 0x0, 0x0, 0x0, 0x0,
    0x0, 0xc, 0x40, 0xe, 0xee, 0xee, 0xee, 0xeb,
    0x0, 0xc, 0x40, 0x3, 0x33, 0x33, 0x33, 0x32,

    /* U+9785 "鞅" */
    0x1, 0x10, 0x2, 0x0, 0x0, 0x12, 0x0, 0x0,
    0xa, 0x60, 0x2e, 0x0, 0x0, 0x5c, 0x0, 0x0,
    0x7d, 0xb9, 0xaf, 0x90, 0x0, 0x5c, 0x0, 0x0,
    0x5c, 0xa6, 0x7e, 0x61, 0x66, 0x9d, 0x66, 0x40,
    0xa, 0x83, 0x5e, 0x2, 0xfb, 0xce, 0xbc, 0xc0,
    0xa, 0xcf, 0xce, 0x2, 0xe0, 0x5b, 0x4, 0xc0,
    0x0, 0xe, 0x21, 0x2, 0xe0, 0x5b, 0x4, 0xc0,
    0x4e, 0xef, 0xee, 0x72, 0xe0, 0x6b, 0x4, 0xc0,
    0x5b, 0xe, 0x27, 0x82, 0xe0, 0x7a, 0x4, 0xc0,
    0x5b, 0xe, 0x27, 0x9d, 0xfd, 0xee, 0xde, 0xf9,
    0x5f, 0xef, 0xef, 0x95, 0x55, 0xef, 0x55, 0x53,
    0x12, 0xe, 0x21, 0x10, 0x3, 0xeb, 0x80, 0x0,
    0xbd, 0xdf, 0xdd, 0xd1, 0xd, 0x73, 0xf3, 0x0,
    0x11, 0x1e, 0x31, 0x10, 0xcc, 0x0, 0x8f, 0x40,
    0x0, 0xe, 0x20, 0x3d, 0xd1, 0x0, 0xa, 0xf7,
    0x0, 0xe, 0x20, 0x6b, 0x10, 0x0, 0x0, 0x73,
    0x0, 0x0, 0x0, 0x0, 0x0, 0x0, 0x0, 0x0,

    /* U+9791 "鞑" */
    0x0, 0x0, 0x1, 0x0, 0x0, 0x0, 0x0, 0x0,
    0x0, 0x87, 0x4, 0xb0, 0x78, 0x0, 0xc, 0x40,
    0x0, 0x5c, 0xc8, 0xad, 0x83, 0xf0, 0x0, 0xc4,
    0x0, 0x3, 0xba, 0x68, 0xd5, 0xd, 0x60, 0xc,
    0x30, 0x0, 0x8, 0x93, 0x6b, 0x0, 0x33, 0xaa,
    0xeb, 0xa7, 0x0, 0x8d, 0xfc, 0xb0, 0x0, 0x16,
    0x6e, 0x86, 0x40, 0x0, 0xe, 0x20, 0x4e, 0xe2,
    0x0, 0xf2, 0x0, 0x1, 0xee, 0xfe, 0xe5, 0x2e,
    0x20, 0x1f, 0x30, 0x0, 0x2d, 0xe, 0x19, 0x50,
    0xe2, 0x5, 0xfd, 0x0, 0x2, 0xd0, 0xe1, 0x95,
    0xe, 0x20, 0xb9, 0xc7, 0x0, 0x2f, 0xef, 0xef,
    0x50, 0xe2, 0x3f, 0x23, 0xf1, 0x0, 0x20, 0xe1,
    0x21, 0xe, 0x4e, 0x80, 0xb, 0xa0, 0x8d, 0xdf,
    0xdd, 0xa1, 0xf5, 0x90, 0x0, 0x23, 0x1, 0x11,
    0xe3, 0x11, 0xaf, 0xb0, 0x0, 0x0, 0x0, 0x0,
    0xe, 0x10, 0x5e, 0x2d, 0xb4, 0x22, 0x23, 0x0,
    0x0, 0xe1, 0x8, 0x30, 0x19, 0xef, 0xff, 0xc0,
    0x0, 0x0, 0x0, 0x0, 0x0, 0x0, 0x0, 0x0,
    0x0,

    /* U+9792 "鞒" */
    0x1, 0x20, 0x3, 0x0, 0x0, 0x0, 0x0, 0x0,
    0x7, 0x80, 0x1e, 0x1, 0x44, 0x56, 0x78, 0x90,
    0x8c, 0xc9, 0x9f, 0x97, 0xdc, 0xde, 0xa8, 0x71,
    0x5a, 0xb6, 0x6f, 0x61, 0x0, 0x7b, 0x0, 0x0,
    0x7, 0xa3, 0x4e, 0x0, 0x0, 0x99, 0x0, 0x0,
    0x7, 0xde, 0xce, 0xa, 0xbb, 0xed, 0xbb, 0xb8,
    0x0, 0xc, 0x41, 0x4, 0x57, 0xfa, 0xe5, 0x54,
    0x4e, 0xef, 0xee, 0xb0, 0xb, 0xa0, 0xe8, 0x0,
    0x4b, 0xc, 0x43, 0xc0, 0xae, 0x10, 0x3f, 0xa2,
    0x4b, 0xc, 0x43, 0xcd, 0xf8, 0x0, 0x1a, 0xeb,
    0x4f, 0xef, 0xee, 0xc5, 0x4d, 0x0, 0x4d, 0x12,
    0x12, 0xc, 0x40, 0x20, 0x4c, 0x0, 0x4d, 0x0,
    0xde, 0xef, 0xee, 0xe5, 0x7a, 0x0, 0x4d, 0x0,
    0x0, 0xc, 0x40, 0x1, 0xd6, 0x0, 0x4d, 0x0,
    0x0, 0xc, 0x40, 0x1c, 0xc0, 0x0, 0x4d, 0x0,
    0x0, 0xc, 0x40, 0x5b, 0x10, 0x0, 0x3b, 0x0,
    0x0, 0x0, 0x0, 0x0, 0x0, 0x0, 0x0, 0x0,

    /* U+9794 "鞔" */
    0x2, 0x10, 0x3, 0x0, 0x0, 0x30, 0x0, 0x0,
    0x8, 0x70, 0x3c, 0x0, 0x8, 0xc0, 0x0, 0x0,
    0x8c, 0xc8, 0xae, 0x81, 0x1f, 0xca, 0xaa, 0x0,
    0x5b, 0xa6, 0x8d, 0x61, 0xca, 0x66, 0xae, 0x0,
    0x8, 0x93, 0x5c, 0x9, 0xc0, 0x0, 0xe4, 0x0,
    0x8, 0xdf, 0xcc, 0xc, 0xba, 0xac, 0xfa, 0x90,
    0x0, 0xe, 0x21, 0x8, 0xb6, 0x8d, 0x67, 0xe0,
    0x4e, 0xef, 0xee, 0x88, 0x90, 0x4b, 0x1, 0xe0,
    0x5a, 0xe, 0x26, 0x98, 0x90, 0x5a, 0x1, 0xe0,
    0x5a, 0xe, 0x26, 0x98, 0xec, 0xde, 0xcc, 0xe0,
    0x5f, 0xef, 0xef, 0x97, 0xb6, 0xda, 0x77, 0xd0,
    0x12, 0xe, 0x21, 0x10, 0x0, 0xf8, 0x80, 0x0,
    0xde, 0xef, 0xee, 0xe2, 0x8, 0xa6, 0x80, 0x3b,
    0x0, 0xe, 0x20, 0x0, 0x4d, 0x16, 0x80, 0x5a,
    0x0, 0xe, 0x20, 0x6, 0xd2, 0x5, 0xb1, 0x98,
    0x0, 0xe, 0x20, 0x89, 0x0, 0x1, 0xef, 0xe2,

    /* U+97A3 "鞣" */
    0x2, 0x10, 0x21, 0x0, 0x0, 0x0, 0x0, 0x0,
    0xb, 0x40, 0x87, 0x9, 0x99, 0x99, 0x99, 0x60,
    0x8e, 0xa8, 0xcc, 0x56, 0xa6, 0x66, 0xcf, 0x60,
    0x5d, 0x86, 0xba, 0x31, 0xcc, 0x5c, 0xc2, 0x0,
    0xb, 0x63, 0x97, 0x1, 0x17, 0xe8, 0x11, 0x10,
    0xb, 0xcf, 0xd7, 0x7d, 0xdf, 0xff, 0xdd, 0xf0,
    0x0, 0x2e, 0x0, 0x0, 0x7d, 0x7d, 0x4, 0xd0,
    0x4e, 0xef, 0xee, 0x6d, 0xa1, 0x5c, 0xa, 0x70,
    0x4a, 0x2e, 0xe, 0x54, 0x6e, 0xd4, 0x4, 0x10,
    0x4a, 0x2e, 0xe, 0x0, 0x0, 0xc2, 0x0, 0x0,
    0x4f, 0xef, 0xef, 0x46, 0x66, 0xf7, 0x66, 0x60,
    0x2, 0x2e, 0x2, 0x47, 0x8f, 0xfe, 0xa7, 0x70,
    0xde, 0xef, 0xee, 0x80, 0xc6, 0xe5, 0xe3, 0x0,
    0x0, 0x2e, 0x0, 0x2c, 0xa0, 0xe2, 0x5e, 0x60,
    0x0, 0x2e, 0x1, 0xea, 0x0, 0xe2, 0x4, 0xf5,
    0x0, 0x2e, 0x0, 0x40, 0x0, 0xd2, 0x0, 0x20,

    /* U+97AB "鞫" */
    0x0, 0x0, 0x0, 0x0, 0x10, 0x0, 0x0, 0x0,
    0xb, 0x40, 0xa5, 0x2, 0xf1, 0x0, 0x0, 0x0,
    0x7e, 0xa9, 0xdb, 0x4b, 0xe9, 0x99, 0x99, 0x90,
    0x5d, 0x86, 0xc9, 0x9e, 0x78, 0x77, 0x78, 0xf0,
    0xb, 0x63, 0xb5, 0x84, 0xc, 0x30, 0x1, 0xf0,
    0xb, 0xde, 0xe5, 0x8f, 0xff, 0xff, 0xf1, 0xf0,
    0x0, 0x4c, 0x0, 0x2, 0x22, 0x22, 0x1, 0xf0,
    0x5e, 0xef, 0xee, 0xb, 0xcc, 0xcc, 0x12, 0xe0,
    0x69, 0x3c, 0xf, 0x6, 0x66, 0x66, 0x2, 0xe0,
    0x6b, 0x7d, 0x4f, 0x6, 0x77, 0x77, 0x3, 0xe0,
    0x6d, 0xae, 0x9f, 0xc, 0xcc, 0xcc, 0x23, 0xd0,
    0x0, 0x3c, 0x0, 0xe, 0x33, 0x3c, 0x34, 0xd0,
    0x78, 0x9e, 0x88, 0x5e, 0x11, 0x1c, 0x34, 0xc0,
    0x78, 0xae, 0x88, 0x5f, 0xee, 0xee, 0x36, 0xb0,
    0x0, 0x3c, 0x0, 0x1, 0x6, 0x42, 0x3d, 0x70,
    0x0, 0x3c, 0x0, 0x0, 0xc, 0xff, 0xfb, 0x0,
    0x0, 0x0, 0x0, 0x0, 0x0, 0x0, 0x0, 0x0,

    /* U+97AF "鞯" */
    0x2, 0x40, 0x15, 0x0, 0x13, 0x0, 0x23, 0x0,
    0x5, 0x90, 0x3b, 0x0, 0x5a, 0x0, 0x69, 0x0,
    0x9d, 0xec, 0xdf, 0xb7, 0xde, 0xcc, 0xde, 0xc6,
    0x27, 0xa2, 0x5c, 0x22, 0x7b, 0x33, 0x8a, 0x31,
    0x5, 0xb6, 0x8b, 0x0, 0x36, 0xd2, 0x35, 0x0,
    0x5, 0xbe, 0xaa, 0xa, 0xdd, 0xfd, 0xdd, 0xd7,
    0x0, 0xc, 0x20, 0x1, 0x2e, 0x42, 0x22, 0x21,
    0x2f, 0xff, 0xff, 0x80, 0x7a, 0x0, 0x0, 0x0,
    0x2c, 0x1d, 0x47, 0x81, 0xe2, 0xef, 0xff, 0xf2,
    0x2c, 0xc, 0x26, 0x8b, 0xf1, 0x0, 0xb, 0x90,
    0x2f, 0xef, 0xef, 0x9a, 0xe1, 0x0, 0xb8, 0x0,
    0x2, 0xc, 0x21, 0x10, 0xe9, 0xcc, 0xfd, 0xc8,
    0xae, 0xef, 0xee, 0xe2, 0xe1, 0x0, 0xc3, 0x0,
    0x0, 0xc, 0x30, 0x0, 0xe1, 0x0, 0xc3, 0x0,
    0x0, 0xc, 0x20, 0x0, 0xe1, 0x55, 0xf2, 0x0,
    0x0, 0xc, 0x20, 0x0, 0xc1, 0xbc, 0x80, 0x0,

    /* U+97B2 "鞲" */
    0x3, 0x10, 0x31, 0x0, 0x21, 0x0, 0x30, 0x0,
    0xa, 0x40, 0xa3, 0x12, 0x97, 0x22, 0xe3, 0x20,
    0x8e, 0xdc, 0xed, 0x4b, 0xdd, 0xbb, 0xfc, 0xb0,
    0x1b, 0x62, 0xb5, 0x0, 0x86, 0x0, 0xe1, 0x0,
    0xa, 0x40, 0xa3, 0x1e, 0xfe, 0xee, 0xfe, 0xa0,
    0xa, 0xef, 0xf3, 0x3, 0x98, 0x33, 0xe4, 0x20,
    0x1, 0x3c, 0x20, 0x7a, 0xdc, 0xaa, 0xfa, 0xa4,
    0x3e, 0xef, 0xec, 0x12, 0x22, 0xc5, 0x22, 0x21,
    0x49, 0x2c, 0xd, 0xa, 0xcc, 0xed, 0xcc, 0x70,
    0x49, 0x2c, 0xd, 0xe, 0x44, 0xc6, 0x48, 0x90,
    0x4f, 0xef, 0xed, 0xe, 0x99, 0xea, 0x9b, 0x90,
    0x12, 0x2c, 0x3, 0xe, 0x44, 0xc6, 0x48, 0x90,
    0x9e, 0xef, 0xee, 0xaf, 0xdd, 0xfe, 0xde, 0xf7,
    0x0, 0x3c, 0x0, 0xe, 0x21, 0x11, 0x16, 0xa0,
    0x0, 0x2c, 0x0, 0xe, 0x10, 0x4, 0x3a, 0x80,
    0x0, 0x2c, 0x0, 0xe, 0x10, 0xd, 0xec, 0x20,

    /* U+97B4 "鞴" */
    0x9, 0x30, 0x83, 0x0, 0x88, 0x0, 0x75, 0x0,
    0x2c, 0x63, 0xb6, 0x13, 0xab, 0x33, 0xa7, 0x30,
    0x8e, 0xcb, 0xec, 0x5c, 0xee, 0xcc, 0xed, 0xc1,
    0xb, 0x30, 0xa4, 0x0, 0x99, 0x0, 0x95, 0x0,
    0xb, 0xef, 0xf4, 0xbd, 0xee, 0xdd, 0xee, 0xd7,
    0x2, 0x3c, 0x20, 0x14, 0xe2, 0x11, 0x11, 0x11,
    0x5e, 0xef, 0xed, 0xa, 0xec, 0xcc, 0xcc, 0xb0,
    0x59, 0x3c, 0xe, 0x3f, 0x62, 0x3e, 0x23, 0xe0,
    0x59, 0x3c, 0xf, 0xee, 0x62, 0x3e, 0x23, 0xe0,
    0x5f, 0xef, 0xee, 0x4b, 0xdd, 0xdf, 0xdd, 0xe0,
    0x1, 0x3c, 0x2, 0xb, 0x40, 0x1e, 0x1, 0xe0,
    0x8c, 0xcf, 0xcc, 0x1b, 0xff, 0xff, 0xff, 0xe0,
    0x23, 0x5c, 0x33, 0xb, 0x40, 0x1e, 0x1, 0xe0,
    0x0, 0x3c, 0x0, 0xb, 0x40, 0x1e, 0x15, 0xd0,
    0x0, 0x3c, 0x0, 0xb, 0x40, 0x2, 0x8f, 0x70,
    0x0, 0x1, 0x0, 0x1, 0x0, 0x0, 0x0, 0x0,

    /* U+98E8 "飨" */
    0x0, 0x0, 0x0, 0x0, 0x0, 0x10, 0x0, 0x0,
    0x0, 0x0, 0xc4, 0x0, 0x0, 0x5f, 0x60, 0x0,
    0x0, 0x0, 0x6e, 0x0, 0x0, 0x2e, 0x8f, 0x20,
    0x0, 0x0, 0xd, 0x50, 0x50, 0x1e, 0x86, 0x7e,
    0x30, 0x0, 0x8, 0xb0, 0x6e, 0x4e, 0x81, 0xf4,
    0x7f, 0x70, 0x3, 0xf2, 0x1e, 0xaf, 0xb4, 0x49,
    0x54, 0x8e, 0xd0, 0x7f, 0xff, 0xa1, 0x8f, 0xbb,
    0xbb, 0xbf, 0x13, 0x0, 0x3, 0xe2, 0x13, 0xc0,
    0x0, 0x0, 0xf1, 0x0, 0x0, 0xd5, 0x5c, 0x3f,
    0xff, 0xff, 0xff, 0x10, 0x0, 0xbb, 0x28, 0xb3,
    0xc0, 0x0, 0x0, 0xf1, 0x0, 0x2f, 0xda, 0xe8,
    0x3f, 0xff, 0xff, 0xff, 0x10, 0x0, 0x0, 0xe,
    0x43, 0xc1, 0x11, 0x11, 0xcc, 0x10, 0x0, 0x6,
    0xe0, 0x3c, 0x1d, 0x82, 0x7f, 0xa1, 0x0, 0x2,
    0xf6, 0x3, 0xc0, 0x3b, 0xff, 0x70, 0x0, 0x4,
    0xea, 0x0, 0x4d, 0x6c, 0x42, 0xaf, 0xb4, 0x5,
    0xf9, 0x0, 0x8, 0xfc, 0x60, 0x0, 0x2a, 0xb0,
    0x3, 0x0, 0x0, 0x13, 0x0, 0x0, 0x0, 0x0,
    0x0,

    /* U+990D "餍" */
    0x0, 0x33, 0x33, 0x33, 0x33, 0x33, 0x33, 0x31,
    0x3, 0xfb, 0xbb, 0xbb, 0xbc, 0xbb, 0xbb, 0xb5,
    0x3, 0xf0, 0x0, 0x0, 0x4b, 0x9, 0x50, 0x0,
    0x3, 0xf4, 0xee, 0xee, 0xfe, 0xee, 0xee, 0xe0,
    0x3, 0xf0, 0x0, 0x8, 0xdd, 0xa5, 0x10, 0x0,
    0x3, 0xf4, 0x7b, 0xe8, 0x5a, 0x58, 0xdc, 0x71,
    0x3, 0xf5, 0x95, 0x19, 0xc8, 0xe6, 0x3, 0x91,
    0x3, 0xe0, 0x18, 0xe7, 0x38, 0x3c, 0xd7, 0x20,
    0x4, 0xeb, 0xff, 0xdc, 0xcf, 0xcc, 0xfd, 0xf6,
    0x5, 0xc3, 0x1e, 0x65, 0x55, 0x55, 0xe2, 0x10,
    0x8, 0xa0, 0xe, 0x87, 0x77, 0x77, 0xf2, 0x0,
    0xc, 0x70, 0xe, 0xdc, 0xcc, 0xcc, 0xf4, 0x10,
    0x1f, 0x20, 0xe, 0x20, 0xa8, 0x30, 0xbf, 0x60,
    0x9c, 0x0, 0xe, 0x45, 0x96, 0xbf, 0xf7, 0x10,
    0x74, 0x0, 0x1f, 0xda, 0x60, 0x0, 0x5a, 0xf3,
    0x0, 0x0, 0x1, 0x0, 0x0, 0x0, 0x0, 0x0,

    /* U+992E "餮" */
    0x0, 0x0, 0x0, 0x0, 0x0, 0x0, 0x0, 0x0,
    0x5, 0x77, 0x77, 0x77, 0x0, 0xae, 0x40, 0x0,
    0x3, 0x5b, 0xb5, 0x55, 0x3c, 0x63, 0xb9, 0x20,
    0x0, 0x5f, 0xcc, 0xcb, 0xc4, 0x9b, 0x16, 0xd0,
    0x7, 0xd4, 0x22, 0xc6, 0x5d, 0x55, 0xd2, 0x0,
    0x9, 0x2d, 0x59, 0xb0, 0x16, 0xcb, 0x25, 0x40,
    0x0, 0x5, 0xfa, 0x6, 0x89, 0x34, 0xcb, 0x20,
    0x7, 0xdc, 0x44, 0xc9, 0xab, 0xda, 0x30, 0x0,
    0x4, 0x36, 0xca, 0x26, 0x45, 0xdb, 0x50, 0x0,
    0x5a, 0xee, 0xec, 0xcc, 0xcc, 0xcf, 0xdf, 0xb2,
    0x45, 0x9, 0xb6, 0x66, 0x66, 0x6e, 0x31, 0x50,
    0x0, 0x9, 0xb5, 0x55, 0x55, 0x5e, 0x30, 0x0,
    0x0, 0x9, 0xec, 0xcc, 0xcc, 0xcf, 0x54, 0x0,
    0x0, 0x9, 0x80, 0x1c, 0x83, 0xb, 0xe6, 0x0,
    0x0, 0x9, 0x94, 0x7a, 0x6b, 0xff, 0x50, 0x0,
    0x0, 0xc, 0xeb, 0x84, 0x0, 0x5, 0xbf, 0x20,
    0x0, 0x1, 0x0, 0x0, 0x0, 0x0, 0x0, 0x0,

    /* U+9954 "饔" */
    0x0, 0x0, 0x0, 0x0, 0x10, 0x0, 0x0, 0x0,
    0x0, 0x0, 0x0, 0x0, 0x9a, 0x0, 0x0, 0x0,
    0x0, 0x3e, 0xef, 0xee, 0xee, 0xee, 0xee, 0xee,
    0xea, 0x0, 0xa, 0x81, 0x40, 0xa8, 0x35, 0xe3,
    0x33, 0x0, 0xa, 0xea, 0xd6, 0x3f, 0x87, 0x7f,
    0x77, 0x71, 0x0, 0x25, 0xe4, 0x1d, 0xfb, 0xaa,
    0xfa, 0xa9, 0x0, 0x6, 0xf9, 0x7d, 0x3c, 0x87,
    0x7f, 0x77, 0x70, 0x0, 0x68, 0x6d, 0x80, 0xc5,
    0x33, 0xf3, 0x33, 0x0, 0x3, 0x7d, 0x80, 0x3e,
    0xfe, 0xbb, 0xbb, 0xb3, 0x0, 0x97, 0x37, 0xb8,
    0x76, 0x8d, 0xa5, 0x20, 0x0, 0x3a, 0xdf, 0xeb,
    0xab, 0xca, 0xad, 0xec, 0xf8, 0x1, 0x61, 0xb9,
    0x77, 0x77, 0x77, 0x9b, 0x1, 0x0, 0x0, 0xb,
    0x73, 0x33, 0x33, 0x37, 0xb0, 0x0, 0x0, 0x0,
    0xbb, 0xaa, 0xfc, 0xaa, 0xbd, 0xd2, 0x0, 0x0,
    0xb, 0x50, 0x18, 0xad, 0xac, 0xb2, 0x0, 0x0,
    0x0, 0xed, 0xdc, 0x60, 0x3, 0x8c, 0xc5, 0x0,
    0x0, 0x4, 0x10, 0x0, 0x0, 0x0, 0x1, 0x10,
    0x0,

    /* U+9955 "饕" */
    0x0, 0x0, 0x0, 0x0, 0x0, 0x20, 0x0, 0x0,
    0x3, 0xaa, 0xaa, 0x20, 0x0, 0xea, 0x99, 0x90,
    0x5, 0x80, 0x9, 0x44, 0x77, 0xf8, 0x77, 0x72,
    0x5, 0xdb, 0xbe, 0x49, 0x72, 0xa4, 0x44, 0x94,
    0x6, 0x76, 0x67, 0x69, 0x89, 0xf8, 0x74, 0x60,
    0x5, 0xc4, 0x44, 0x4a, 0x40, 0x8b, 0xbb, 0x50,
    0x2, 0xbb, 0xbe, 0x3e, 0x11, 0x99, 0x96, 0x0,
    0x0, 0x11, 0x1d, 0x89, 0xb, 0x71, 0x4b, 0x57,
    0x0, 0x3a, 0xa7, 0x6d, 0xeb, 0x20, 0xa, 0xb2,
    0x0, 0x4, 0x9d, 0x75, 0x66, 0xcb, 0x62, 0x0,
    0x3b, 0xec, 0xfa, 0xaa, 0xca, 0xad, 0xdc, 0xe7,
    0x4, 0x4, 0xe7, 0x77, 0x77, 0x7b, 0xa0, 0x11,
    0x0, 0x4, 0xd3, 0x33, 0x33, 0x39, 0xa0, 0x0,
    0x0, 0x4, 0xea, 0xae, 0xda, 0xab, 0xcb, 0x20,
    0x0, 0x4, 0xc1, 0x49, 0x7b, 0xcf, 0xc3, 0x0,
    0x0, 0x7, 0xfc, 0xa6, 0x0, 0x3, 0x7b, 0xa0,
    0x0, 0x0, 0x0, 0x0, 0x0, 0x0, 0x0, 0x0,

    /* U+9AB0 "骰" */
    0x9, 0xcc, 0xcc, 0xc1, 0xb, 0xcc, 0xc8, 0x0,
    0xc, 0x63, 0x33, 0xd1, 0xf, 0x53, 0x8b, 0x0,
    0xc, 0x62, 0x20, 0xd1, 0xf, 0x10, 0x6b, 0x0,
    0xc, 0xdc, 0xe0, 0xd1, 0x1f, 0x0, 0x6b, 0x0,
    0xc, 0x41, 0xe0, 0xd1, 0x6c, 0x0, 0x5d, 0x41,
    0xaf, 0xed, 0xfd, 0xfc, 0xd4, 0x0, 0x1b, 0xc2,
    0xc4, 0x11, 0x11, 0x1c, 0x10, 0x0, 0x0, 0x0,
    0x67, 0xdd, 0xdd, 0xc6, 0xef, 0xff, 0xff, 0x40,
    0x7, 0xa1, 0x13, 0xe0, 0x3e, 0x0, 0x1f, 0x10,
    0x7, 0xfe, 0xee, 0xe0, 0xe, 0x30, 0x6b, 0x0,
    0x7, 0xa1, 0x13, 0xe0, 0x9, 0x90, 0xd5, 0x0,
    0x7, 0xb4, 0x45, 0xe0, 0x1, 0xfa, 0xc0, 0x0,
    0x7, 0xeb, 0xbc, 0xe0, 0x0, 0xbf, 0x60, 0x0,
    0x7, 0xa0, 0x35, 0xe1, 0x7d, 0xc6, 0xeb, 0x51,
    0x7, 0xa0, 0x9e, 0x7a, 0xc5, 0x0, 0x18, 0xd1,
    0x0, 0x0, 0x0, 0x0, 0x0, 0x0, 0x0, 0x0,

    /* U+9AB1 "骱" */
    0x0, 0x0, 0x0, 0x0, 0x0, 0x43, 0x0, 0x0,
    0xf, 0xff, 0xff, 0x0, 0x0, 0xe9, 0x0, 0x0,
    0xe, 0x0, 0xe, 0x10, 0x6, 0xce, 0x30, 0x0,
    0xf, 0xee, 0xe, 0x10, 0x1e, 0x35, 0xe1, 0x0,
    0xe, 0xd, 0xe, 0x10, 0xba, 0x0, 0xad, 0x10,
    0x5f, 0x6e, 0x6e, 0x59, 0xd1, 0x0, 0xc, 0xd2,
    0xdb, 0xbb, 0xbb, 0xee, 0x32, 0x0, 0x21, 0xc4,
    0xd0, 0x0, 0x2, 0xc1, 0x5d, 0x0, 0xe4, 0x0,
    0x5b, 0xff, 0xfe, 0x40, 0x5d, 0x0, 0xe4, 0x0,
    0xb, 0x30, 0x1e, 0x0, 0x5d, 0x0, 0xe4, 0x0,
    0xb, 0xee, 0xee, 0x0, 0x6c, 0x0, 0xe4, 0x0,
    0xb, 0x30, 0x1e, 0x0, 0x8a, 0x0, 0xe4, 0x0,
    0xb, 0xee, 0xee, 0x0, 0xb6, 0x0, 0xe4, 0x0,
    0xb, 0x41, 0x2e, 0x2, 0xf2, 0x0, 0xe4, 0x0,
    0xb, 0x32, 0x4d, 0xa, 0xa0, 0x0, 0xe4, 0x0,
    0xb, 0x37, 0xf8, 0x3e, 0x10, 0x0, 0xe4, 0x0,
    0x0, 0x0, 0x0, 0x0, 0x0, 0x0, 0x0, 0x0,

    /* U+9AB6 "骶" */
    0xa, 0xbb, 0xbb, 0x10, 0x45, 0x67, 0x9b, 0xc0,
    0xe, 0x44, 0x4d, 0x22, 0xff, 0xef, 0xa8, 0x60,
    0xe, 0x43, 0xd, 0x22, 0xe0, 0xf, 0x20, 0x0,
    0xe, 0xbe, 0xd, 0x22, 0xe0, 0xf, 0x20, 0x0,
    0xe, 0x1d, 0xd, 0x22, 0xe0, 0xe, 0x30, 0x0,
    0xdf, 0xff, 0xff, 0xf4, 0xe2, 0x2e, 0x52, 0x21,
    0xd1, 0x0, 0x0, 0xd4, 0xff, 0xff, 0xff, 0xf8,
    0x7a, 0xfe, 0xee, 0x63, 0xe0, 0xc, 0x50, 0x0,
    0x9, 0x50, 0x1e, 0x2, 0xe0, 0xb, 0x60, 0x0,
    0x9, 0xff, 0xfe, 0x2, 0xe0, 0x9, 0x70, 0x0,
    0x9, 0x50, 0x1e, 0x2, 0xe0, 0x37, 0xa0, 0x12,
    0x9, 0xdc, 0xde, 0x2, 0xe5, 0xe4, 0xd0, 0x6c,
    0x9, 0x72, 0x3e, 0x2, 0xff, 0x60, 0xf3, 0x7a,
    0x9, 0x52, 0x5d, 0x6, 0xf6, 0xb8, 0x8c, 0xc7,
    0x9, 0x57, 0xe7, 0x2, 0x80, 0x1d, 0x3b, 0xe2,
    0x0, 0x0, 0x0, 0x0, 0x0, 0x0, 0x0, 0x0,

    /* U+9AB7 "骷" */
    0x0, 0x0, 0x0, 0x0, 0x0, 0x1, 0x0, 0x0,
    0x9, 0xcc, 0xcc, 0xc0, 0x0, 0xd, 0x40, 0x0,
    0xc, 0x63, 0x33, 0xf0, 0x0, 0xd, 0x40, 0x0,
    0xc, 0x86, 0x50, 0xf0, 0x22, 0x2e, 0x62, 0x21,
    0xc, 0xba, 0xe0, 0xf1, 0xff, 0xff, 0xff, 0xf8,
    0xc, 0x52, 0xe1, 0xf1, 0x0, 0xd, 0x40, 0x0,
    0xce, 0xee, 0xee, 0xef, 0x0, 0xd, 0x40, 0x0,
    0xc2, 0x0, 0x0, 0xf, 0x0, 0xd, 0x40, 0x0,
    0x57, 0xff, 0xff, 0xb6, 0x59, 0x9f, 0xb9, 0x90,
    0x7, 0xa0, 0x4, 0xc0, 0x9c, 0x77, 0x78, 0xf0,
    0x7, 0xfe, 0xee, 0xc0, 0x98, 0x0, 0x1, 0xf0,
    0x7, 0xb1, 0x15, 0xc0, 0x98, 0x0, 0x1, 0xf0,
    0x7, 0xd9, 0x9b, 0xc0, 0x98, 0x0, 0x1, 0xf0,
    0x7, 0xd7, 0x79, 0xc0, 0x99, 0x11, 0x13, 0xf0,
    0x7, 0xa0, 0x26, 0xc0, 0x9f, 0xff, 0xff, 0xf0,
    0x7, 0xa0, 0x9f, 0x60, 0x98, 0x0, 0x1, 0xf0,
    0x0, 0x0, 0x0, 0x0, 0x0, 0x0, 0x0, 0x0,

    /* U+9ABA "骺" */
    0x6, 0x88, 0x88, 0x20, 0x1, 0x23, 0x57, 0x70,
    0xd, 0x77, 0x7c, 0x52, 0xff, 0xed, 0xca, 0x80,
    0xd, 0x88, 0xa, 0x52, 0xf0, 0x0, 0x0, 0x0,
    0xd, 0x5e, 0xa, 0x52, 0xf0, 0x0, 0x0, 0x0,
    0x3e, 0x4e, 0x4b, 0x83, 0xfd, 0xdd, 0xdd, 0xd5,
    0xdc, 0xcc, 0xcc, 0xe7, 0xf4, 0x44, 0x44, 0x41,
    0xd2, 0x0, 0x0, 0xa7, 0xe0, 0x0, 0x0, 0x0,
    0x4a, 0xff, 0xff, 0x44, 0xe1, 0x22, 0x22, 0x20,
    0xa, 0x40, 0xe, 0x13, 0xd8, 0xec, 0xcc, 0xf0,
    0xa, 0xff, 0xff, 0x14, 0xc8, 0x90, 0x1, 0xf0,
    0xa, 0x40, 0xe, 0x15, 0xa8, 0x90, 0x1, 0xf0,
    0xa, 0xa8, 0x8f, 0x19, 0x78, 0x90, 0x1, 0xf0,
    0xa, 0xa8, 0x8f, 0x1e, 0x38, 0xa2, 0x24, 0xf0,
    0xa, 0x40, 0x1f, 0x7d, 0x8, 0xfe, 0xee, 0xf0,
    0xa, 0x4c, 0xfa, 0x46, 0x8, 0x90, 0x1, 0xf0,
    0x0, 0x0, 0x0, 0x0, 0x0, 0x0, 0x0, 0x0,

    /* U+9ABC "骼" */
    0x0, 0x0, 0x0, 0x0, 0x4, 0x20, 0x0, 0x0,
    0x9, 0xbb, 0xbb, 0x20, 0xe, 0x40, 0x0, 0x0,
    0xd, 0x44, 0x4d, 0x30, 0x6f, 0xdd, 0xdd, 0x40,
    0xd, 0x43, 0xc, 0x30, 0xeb, 0x99, 0x9f, 0x40,
    0xd, 0xbf, 0x1c, 0x38, 0xfa, 0x0, 0x7c, 0x0,
    0xd, 0xc, 0x1c, 0x38, 0x6e, 0x43, 0xe3, 0x0,
    0xcf, 0xff, 0xff, 0xf4, 0x4, 0xfe, 0x50, 0x0,
    0xd2, 0x0, 0x0, 0xb4, 0x7, 0xee, 0xa2, 0x0,
    0x4a, 0xfe, 0xef, 0x59, 0xec, 0x21, 0x9f, 0xb2,
    0xa, 0x40, 0xf, 0x18, 0x52, 0x22, 0x23, 0x60,
    0xa, 0xff, 0xff, 0x10, 0xee, 0xee, 0xef, 0x20,
    0xa, 0x40, 0xf, 0x10, 0xe2, 0x0, 0xe, 0x20,
    0xa, 0xcb, 0xbf, 0x10, 0xe2, 0x0, 0xe, 0x20,
    0xa, 0x74, 0x4f, 0x10, 0xe2, 0x0, 0xe, 0x20,
    0xa, 0x43, 0x6f, 0x0, 0xef, 0xff, 0xff, 0x20,
    0x9, 0x36, 0xc8, 0x0, 0xe4, 0x11, 0x1e, 0x20,

    /* U+9AC0 "髀" */
    0x0, 0x0, 0x0, 0x0, 0x0, 0x62, 0x0, 0x0,
    0xa, 0xbb, 0xbb, 0x0, 0x1, 0xf1, 0x0, 0x0,
    0xf, 0x44, 0x4f, 0x2, 0xee, 0xfe, 0xee, 0xd0,
    0xf, 0xba, 0xf, 0x2, 0xe1, 0x4d, 0x13, 0xe0,
    0xf, 0x4e, 0xf, 0x2, 0xe0, 0x3c, 0x2, 0xe0,
    0x3f, 0x5e, 0x4f, 0x42, 0xfe, 0xef, 0xee, 0xe0,
    0xdd, 0xdd, 0xdd, 0xf4, 0xe1, 0x5b, 0x12, 0xe0,
    0xd1, 0x0, 0x0, 0xf4, 0xe0, 0x69, 0x2, 0xe0,
    0x8b, 0xfe, 0xfc, 0x83, 0xfa, 0xdd, 0xab, 0xe0,
    0xa, 0x50, 0x3c, 0x0, 0x4a, 0xe6, 0x65, 0xb0,
    0xa, 0xff, 0xfc, 0x0, 0x8e, 0x38, 0x80, 0x0,
    0xa, 0x50, 0x3c, 0x5, 0xd4, 0x29, 0x92, 0x21,
    0xa, 0xdc, 0xdc, 0x1e, 0xee, 0xef, 0xfe, 0xeb,
    0xa, 0x62, 0x5c, 0x0, 0x0, 0x8, 0x80, 0x0,
    0xa, 0x53, 0x8b, 0x0, 0x0, 0x8, 0x80, 0x0,
    0xa, 0x56, 0xc5, 0x0, 0x0, 0x8, 0x80, 0x0,

    /* U+9AC1 "髁" */
    0xb, 0xcc, 0xcc, 0x15, 0xbb, 0xbb, 0xbb, 0xa0,
    0xe, 0x22, 0x2d, 0x28, 0xa4, 0x8c, 0x46, 0xe0,
    0xe, 0x88, 0xd, 0x28, 0x80, 0x5b, 0x2, 0xe0,
    0xe, 0x6e, 0xd, 0x28, 0xed, 0xef, 0xdd, 0xe0,
    0x2f, 0x3e, 0x3d, 0x58, 0x92, 0x7c, 0x24, 0xe0,
    0xcc, 0xcc, 0xcc, 0xf8, 0x80, 0x5b, 0x2, 0xe0,
    0xc0, 0x0, 0x0, 0xe8, 0xfe, 0xff, 0xee, 0xe0,
    0x4a, 0xff, 0xfd, 0x44, 0x51, 0x6c, 0x12, 0x80,
    0xa, 0x40, 0x1e, 0x5, 0x55, 0x9d, 0x55, 0x53,
    0xa, 0xed, 0xde, 0xa, 0xaa, 0xff, 0xba, 0xa6,
    0xa, 0x51, 0x2e, 0x0, 0x9, 0xef, 0xc0, 0x0,
    0xa, 0xca, 0xbe, 0x0, 0x8d, 0x6b, 0x9a, 0x0,
    0xa, 0x73, 0x4e, 0x1b, 0xe2, 0x5b, 0xc, 0xb1,
    0xa, 0x43, 0x6d, 0x8d, 0x10, 0x5b, 0x0, 0xb9,
    0xa, 0x46, 0xc5, 0x1, 0x0, 0x5b, 0x0, 0x0,

    /* U+9AC2 "髂" */
    0x0, 0x0, 0x0, 0x0, 0x0, 0x24, 0x0, 0x0,
    0x0, 0x7c, 0xcc, 0xc5, 0x0, 0x5, 0xf1, 0x0,
    0x0, 0x9, 0x93, 0x38, 0x6b, 0xff, 0xff, 0xff,
    0xff, 0x0, 0x9b, 0x76, 0x66, 0xb6, 0x52, 0x11,
    0x12, 0xf0, 0x9, 0xc9, 0xc6, 0x68, 0x5f, 0x61,
    0x11, 0x1a, 0x0, 0x98, 0x1c, 0x66, 0x8, 0xff,
    0xff, 0xfd, 0x0, 0x3f, 0xee, 0xee, 0xf4, 0xfe,
    0x20, 0x1d, 0x60, 0x3, 0xc0, 0x0, 0xe, 0xa7,
    0x6e, 0x6e, 0x80, 0x0, 0x19, 0xff, 0xff, 0x81,
    0x2, 0xdf, 0xd3, 0x0, 0x0, 0x5c, 0x0, 0x93,
    0x6b, 0xfa, 0x3a, 0xfd, 0x91, 0x5, 0xeb, 0xbd,
    0x3b, 0x93, 0x11, 0x12, 0x79, 0x0, 0x5d, 0x44,
    0xb3, 0xd, 0xff, 0xff, 0xfe, 0x0, 0x5, 0xe8,
    0x8c, 0x30, 0xd3, 0x0, 0x2, 0xe0, 0x0, 0x5d,
    0x66, 0xb3, 0xd, 0x30, 0x0, 0x2e, 0x0, 0x5,
    0xc0, 0x3b, 0x20, 0xdf, 0xff, 0xff, 0xe0, 0x0,
    0x5c, 0xc, 0xb0, 0xd, 0x41, 0x11, 0x3e, 0x0,
    0x0, 0x0, 0x0, 0x0, 0x0, 0x0, 0x0, 0x0,
    0x0,

    /* U+9AC5 "髅" */
    0x0, 0x0, 0x0, 0x0, 0x0, 0x1, 0x0, 0x0,
    0x5, 0x55, 0x55, 0x11, 0x10, 0x5b, 0x0, 0x20,
    0xe, 0xaa, 0xae, 0x36, 0xd1, 0x5b, 0x8, 0xc0,
    0xe, 0x22, 0xc, 0x30, 0x8a, 0x5b, 0x4e, 0x10,
    0xf, 0xcf, 0xc, 0x33, 0x55, 0x8c, 0x56, 0x52,
    0xe, 0xd, 0xc, 0x38, 0xab, 0xff, 0xda, 0xa5,
    0xaf, 0xdf, 0xdf, 0xd1, 0xc, 0x9c, 0xc4, 0x0,
    0xc4, 0x22, 0x22, 0xe5, 0xd7, 0x5b, 0x2d, 0xa1,
    0x78, 0xaa, 0xaa, 0x6d, 0x60, 0x49, 0x0, 0xa5,
    0xb, 0x63, 0x3f, 0x1, 0x3, 0xe2, 0x0, 0x0,
    0xb, 0xcb, 0xbf, 0x1e, 0xef, 0xee, 0xef, 0xea,
    0xb, 0x52, 0x2f, 0x0, 0x8b, 0x0, 0x7b, 0x0,
    0xb, 0xee, 0xef, 0x0, 0x8e, 0x86, 0xe2, 0x0,
    0xb, 0x40, 0xf, 0x0, 0x2, 0xef, 0xb1, 0x0,
    0xb, 0x42, 0x4e, 0x3, 0x8e, 0xd4, 0xaf, 0x70,
    0xb, 0x49, 0xe7, 0x2f, 0xb5, 0x0, 0x3, 0xc2,
    0x0, 0x0, 0x0, 0x0, 0x0, 0x0, 0x0, 0x0,

    /* U+9ACB "髋" */
    0x0, 0x0, 0x0, 0x0, 0x0, 0x50, 0x0, 0x0,
    0xb, 0xcc, 0xcc, 0x0, 0x0, 0xb7, 0x0, 0x0,
    0xe, 0x33, 0x3e, 0x1e, 0xff, 0xff, 0xff, 0xf0,
    0xe, 0x66, 0xd, 0x1e, 0x43, 0x33, 0x33, 0xf0,
    0xe, 0x9f, 0xd, 0x18, 0x1d, 0x20, 0xf0, 0x80,
    0xe, 0x1d, 0x1d, 0x2e, 0xff, 0xff, 0xff, 0xf3,
    0xcf, 0xff, 0xff, 0xe1, 0x1d, 0x31, 0xf1, 0x10,
    0xc0, 0x0, 0x0, 0xc2, 0x79, 0x77, 0x97, 0x20,
    0x5a, 0xff, 0xfd, 0x54, 0xd9, 0x99, 0x9d, 0x50,
    0xa, 0x40, 0x1e, 0x4, 0xa0, 0x44, 0xa, 0x50,
    0xa, 0xee, 0xee, 0x4, 0xa0, 0x96, 0xa, 0x50,
    0xa, 0x51, 0x2e, 0x4, 0xa0, 0xb6, 0xa, 0x50,
    0xa, 0x74, 0x4e, 0x2, 0x41, 0xfe, 0x23, 0x20,
    0xa, 0xcb, 0xce, 0x0, 0xb, 0xbd, 0x20, 0x95,
    0xa, 0x41, 0x4d, 0x5, 0xdc, 0x1c, 0x63, 0xd5,
    0xa, 0x45, 0xe7, 0x3e, 0x70, 0x6, 0xcd, 0xa0,
    0x0, 0x0, 0x0, 0x0, 0x0, 0x0, 0x0, 0x0,

    /* U+9ACC "髌" */
    0x0, 0x0, 0x0, 0x0, 0x0, 0x23, 0x0, 0x0,
    0xc, 0xdd, 0xdd, 0x30, 0x0, 0x6d, 0x0, 0x0,
    0xd, 0x22, 0x2b, 0x49, 0xdd, 0xdf, 0xdd, 0xd3,
    0xe, 0xbb, 0xb, 0x4b, 0x62, 0x22, 0x22, 0xa4,
    0xd, 0x4e, 0xb, 0x47, 0x20, 0x2, 0x68, 0x52,
    0xd, 0x1d, 0x1b, 0x50, 0xaf, 0xfe, 0xdb, 0x0,
    0xdf, 0xff, 0xff, 0xf2, 0xb6, 0x0, 0x0, 0x0,
    0xd0, 0x0, 0x0, 0xb2, 0xb6, 0x11, 0x11, 0x10,
    0x8b, 0xff, 0xff, 0x61, 0xbf, 0xff, 0xff, 0xf0,
    0xb, 0x20, 0xf, 0x0, 0xb5, 0x0, 0xe3, 0x0,
    0xb, 0xff, 0xff, 0x0, 0xb5, 0x0, 0xe3, 0x0,
    0xb, 0x20, 0xf, 0xb, 0xed, 0xbb, 0xfc, 0xb4,
    0xb, 0xcc, 0xcf, 0x3, 0x34, 0x43, 0x43, 0x31,
    0xb, 0x42, 0x2f, 0x0, 0x2d, 0x80, 0xca, 0x0,
    0xb, 0x23, 0x4f, 0x8, 0xf8, 0x0, 0x1b, 0xd2,
    0xb, 0x2b, 0xe7, 0x1c, 0x40, 0x0, 0x0, 0x74,
    0x0, 0x0, 0x0, 0x0, 0x0, 0x0, 0x0, 0x0,

    /* U+9AD1 "髑" */
    0xb, 0xcc, 0xcb, 0x2b, 0xbb, 0xbb, 0xbb, 0x70,
    0xe2, 0x22, 0xe3, 0xb1, 0xd1, 0xd1, 0x4b, 0xe,
    0x21, 0xe, 0x3b, 0xd, 0xd, 0x3, 0xb0, 0xed,
    0xc0, 0xe3, 0xd8, 0xe8, 0xe8, 0xab, 0xe, 0xc,
    0xe, 0x5, 0x92, 0x22, 0x23, 0x5c, 0xff, 0xff,
    0xf8, 0xae, 0xee, 0xee, 0xed, 0xc0, 0x0, 0x2,
    0xcb, 0x8, 0x50, 0x0, 0xe1, 0x8d, 0xdd, 0xab,
    0xba, 0xdc, 0xa7, 0xe, 0xa, 0x40, 0x2c, 0xe,
    0x29, 0x66, 0xc0, 0xe0, 0xaf, 0xee, 0xc0, 0xe2,
    0x96, 0x6c, 0xe, 0xa, 0x50, 0x2c, 0xf, 0xce,
    0xdc, 0x91, 0xd0, 0xa7, 0x45, 0xc0, 0x60, 0x85,
    0x85, 0x1d, 0xa, 0xcb, 0xcc, 0x24, 0x5b, 0xab,
    0xd3, 0xc0, 0xa4, 0x2, 0xc4, 0x97, 0x55, 0x39,
    0xa9, 0xa, 0x49, 0xe6, 0x0, 0x0, 0x3f, 0xfc,
    0x10, 0x0, 0x0, 0x0, 0x0, 0x0, 0x0, 0x0,

    /* U+9ADF "髟" */
    0x0, 0x11, 0x11, 0x11, 0x0, 0x0, 0x8, 0x70,
    0x6, 0xff, 0xff, 0xff, 0x20, 0x3, 0xdd, 0x30,
    0x6, 0xc0, 0x0, 0x0, 0x3, 0xbf, 0x90, 0x0,
    0x6, 0xff, 0xff, 0xfd, 0x1f, 0xb2, 0x0, 0x0,
    0x6, 0xc0, 0x0, 0x0, 0x1, 0x0, 0x2, 0x70,
    0x6, 0xc1, 0x11, 0x11, 0x0, 0x0, 0x4f, 0x90,
    0x6, 0xfe, 0xee, 0xec, 0x0, 0x6, 0xf7, 0x0,
    0x6, 0xc0, 0x0, 0x0, 0x2, 0xbe, 0x50, 0x0,
    0xdf, 0xff, 0xff, 0xff, 0x5e, 0xb1, 0x0, 0x0,
    0x0, 0x6c, 0x3, 0x10, 0x2, 0x0, 0x0, 0xb3,
    0x0, 0xd5, 0xa, 0x90, 0x0, 0x0, 0xb, 0xd1,
    0x4, 0xe0, 0x1, 0xe3, 0x0, 0x2, 0xdc, 0x10,
    0xd, 0x95, 0x68, 0xdc, 0x0, 0x6f, 0x90, 0x0,
    0x5f, 0xdc, 0xa9, 0x7c, 0x4c, 0xe5, 0x0, 0x0,
    0x0, 0x0, 0x0, 0x0, 0x7a, 0x10, 0x0, 0x0,
    0x0, 0x0, 0x0, 0x0, 0x0, 0x0, 0x0, 0x0,

    /* U+9AE1 "髡" */
    0x5, 0xaa, 0xaa, 0xaa, 0x10, 0x1, 0x6c, 0x30,
    0x7, 0xa3, 0x33, 0x33, 0x27, 0xcf, 0xa4, 0x0,
    0x7, 0xed, 0xdd, 0xdb, 0x4a, 0x50, 0x2, 0x30,
    0x7, 0xb5, 0x55, 0x54, 0x0, 0x26, 0xce, 0x70,
    0x7, 0xc7, 0x77, 0x76, 0x2d, 0xe9, 0x40, 0x0,
    0x9e, 0xec, 0xcc, 0xcc, 0x42, 0x0, 0x17, 0xd1,
    0x13, 0xe5, 0x11, 0xb3, 0x2, 0x6b, 0xfb, 0x40,
    0xd, 0xeb, 0xcd, 0xfc, 0x4f, 0xb6, 0x10, 0x0,
    0x3, 0x32, 0x11, 0x6, 0x10, 0x0, 0x0, 0x0,
    0xad, 0xdd, 0xdd, 0xdd, 0xdd, 0xdd, 0xdd, 0xd3,
    0x23, 0x33, 0x5f, 0x43, 0x3f, 0x43, 0x33, 0x30,
    0x0, 0x0, 0x5e, 0x0, 0xf, 0x10, 0x0, 0xc3,
    0x0, 0x1, 0xd9, 0x0, 0xf, 0x10, 0x0, 0xf3,
    0x2, 0x7e, 0xd1, 0x0, 0xf, 0x50, 0x6, 0xf0,
    0xbf, 0xd7, 0x0, 0x0, 0x6, 0xff, 0xfe, 0x60,
    0x12, 0x0, 0x0, 0x0, 0x0, 0x0, 0x0, 0x0,

    /* U+9AE6 "髦" */
    0x0, 0x77, 0x77, 0x77, 0x20, 0x0, 0x28, 0x50,
    0x0, 0xf4, 0x44, 0x44, 0x14, 0x9d, 0xc7, 0x10,
    0x0, 0xfb, 0xbb, 0xbb, 0x19, 0x62, 0x4, 0x40,
    0x0, 0xf9, 0x99, 0x99, 0x10, 0x48, 0xdc, 0x40,
    0x1, 0xf3, 0x33, 0x33, 0x1c, 0xc7, 0x20, 0x30,
    0x1a, 0xbf, 0xaa, 0xea, 0x50, 0x3, 0x9e, 0xa0,
    0x2, 0xea, 0x78, 0xf9, 0x9, 0xeb, 0x61, 0x0,
    0x1, 0x54, 0x32, 0x28, 0x24, 0x33, 0x34, 0x0,
    0x2, 0xee, 0xee, 0xef, 0xdc, 0xbb, 0xaa, 0x10,
    0x0, 0x0, 0x0, 0x1f, 0x42, 0x34, 0x45, 0x0,
    0x3, 0xdd, 0xcc, 0xbf, 0xba, 0x99, 0x88, 0x0,
    0x0, 0x0, 0x0, 0x1f, 0x43, 0x44, 0x55, 0x64,
    0x2e, 0xee, 0xdd, 0xcf, 0xba, 0xa9, 0x88, 0x95,
    0x0, 0x0, 0x0, 0xf, 0x20, 0x0, 0x0, 0x7b,
    0x0, 0x0, 0x0, 0xa, 0xfe, 0xee, 0xee, 0xe5,

    /* U+9AEB "髫" */
    0x1, 0x88, 0x88, 0x88, 0x10, 0x0, 0x16, 0x40,
    0x3, 0xd4, 0x44, 0x44, 0x4, 0x8c, 0xe9, 0x30,
    0x3, 0xea, 0xaa, 0xa9, 0x1b, 0x72, 0x4, 0x40,
    0x3, 0xe8, 0x88, 0x87, 0x3, 0x6a, 0xda, 0x40,
    0x3b, 0xea, 0xaa, 0xaa, 0x49, 0x63, 0x3, 0x60,
    0x1, 0xb7, 0x13, 0xc1, 0x0, 0x38, 0xdd, 0x70,
    0x7, 0xfd, 0xdd, 0xe6, 0xc, 0xe9, 0x40, 0x0,
    0x3, 0x43, 0x22, 0x32, 0x23, 0x22, 0x22, 0x10,
    0x9, 0xbb, 0xbf, 0xdb, 0xbb, 0xbb, 0xbe, 0x70,
    0x0, 0x4, 0xac, 0x10, 0x55, 0x55, 0x5e, 0x50,
    0x5d, 0xea, 0x50, 0x0, 0x58, 0x88, 0x74, 0x0,
    0x0, 0xcd, 0xdd, 0xdd, 0xdd, 0xdd, 0xdc, 0x0,
    0x0, 0xe4, 0x0, 0x0, 0x0, 0x0, 0x4e, 0x0,
    0x0, 0xe6, 0x22, 0x22, 0x22, 0x22, 0x6e, 0x0,
    0x0, 0xec, 0xaa, 0xaa, 0xaa, 0xaa, 0xce, 0x0,

    /* U+9AED "髭" */
    0x3, 0x99, 0x99, 0x99, 0x0, 0x0, 0x39, 0x60,
    0x5, 0xd3, 0x33, 0x33, 0x4, 0x8d, 0xd7, 0x10,
    0x5, 0xfc, 0xcc, 0xca, 0x2c, 0x72, 0x1, 0x20,
    0x5, 0xe7, 0x77, 0x76, 0x0, 0x15, 0xbe, 0x70,
    0x5, 0xd4, 0x44, 0x43, 0xc, 0xfa, 0x50, 0x0,
    0x7c, 0xee, 0xcc, 0xdc, 0x33, 0x0, 0x28, 0xe4,
    0x1, 0xd4, 0x3, 0xd1, 0x3, 0x7c, 0xfa, 0x30,
    0xb, 0xfd, 0xdd, 0xdb, 0xc, 0xb6, 0x10, 0x0,
    0x2, 0x10, 0x3, 0x3, 0x3, 0x0, 0x1, 0x20,
    0x2, 0x40, 0x3d, 0x0, 0xe, 0x20, 0x7e, 0x90,
    0x6, 0xa0, 0x3f, 0xff, 0x8e, 0xaf, 0xb3, 0x0,
    0x6, 0xa0, 0x3d, 0x0, 0xe, 0x92, 0x0, 0x51,
    0x6, 0xa0, 0x3d, 0x0, 0xe, 0x20, 0x0, 0xc5,
    0x7, 0xb6, 0x9f, 0xce, 0x5e, 0x60, 0x2, 0xf2,
    0xaf, 0xdb, 0x86, 0x42, 0x7, 0xff, 0xff, 0x90,
    0x0, 0x0, 0x0, 0x0, 0x0, 0x0, 0x0, 0x0,

    /* U+9AEF "髯" */
    0x0, 0x0, 0x0, 0x0, 0x0, 0x0, 0x0, 0x0,
    0x0, 0xbb, 0xbb, 0xbb, 0x30, 0x2, 0x7c, 0x90,
    0x0, 0xf3, 0x33, 0x33, 0x9, 0xde, 0x83, 0x0,
    0x0, 0xf8, 0x88, 0x88, 0x16, 0x30, 0x16, 0x80,
    0x0, 0xfb, 0xbb, 0xbb, 0x13, 0x7b, 0xe9, 0x30,
    0x4, 0xf4, 0x44, 0x44, 0x29, 0x84, 0x2, 0x70,
    0x7, 0xbd, 0x77, 0xe7, 0x30, 0x27, 0xcd, 0x81,
    0x2, 0xfb, 0xbb, 0xe8, 0x1b, 0xd8, 0x30, 0x0,
    0x0, 0x21, 0x0, 0x7, 0xd0, 0x0, 0x0, 0x0,
    0x0, 0x4f, 0xdd, 0xdd, 0xfd, 0xdd, 0xdd, 0x0,
    0x0, 0x4c, 0x0, 0x4, 0xd0, 0x0, 0x4d, 0x0,
    0x0, 0x4f, 0xdd, 0xdd, 0xfd, 0xdd, 0xdd, 0x0,
    0x0, 0x4c, 0x0, 0x4, 0xd0, 0x0, 0x4d, 0x0,
    0x3d, 0xef, 0xdd, 0xdd, 0xdd, 0xdd, 0xef, 0xda,
    0x0, 0x4c, 0x0, 0x0, 0x0, 0x0, 0x6d, 0x0,
    0x0, 0x4c, 0x0, 0x0, 0x7, 0xff, 0xf7, 0x0,
    0x0, 0x2, 0x0, 0x0, 0x0, 0x0, 0x0, 0x0,

    /* U+9AF9 "髹" */
    0x0, 0x0, 0x0, 0x0, 0x0, 0x0, 0x0, 0x0,
    0x3, 0xbb, 0xbb, 0xbb, 0x10, 0x2, 0x7c, 0x60,
    0x4, 0xc0, 0x0, 0x0, 0x19, 0xde, 0x94, 0x0,
    0x4, 0xfb, 0xbb, 0xba, 0x8, 0x30, 0x4, 0x30,
    0x4, 0xe7, 0x77, 0x77, 0x2, 0x5a, 0xec, 0x50,
    0x4, 0xd3, 0x33, 0x32, 0xc, 0x95, 0x10, 0x30,
    0x4c, 0xde, 0xcc, 0xdc, 0x40, 0x26, 0xbe, 0xa0,
    0x3, 0xd5, 0x36, 0xe3, 0x2e, 0xd9, 0x50, 0x0,
    0x7, 0xba, 0xc6, 0x5c, 0x3, 0xa0, 0x0, 0x0,
    0x0, 0xa, 0xc0, 0x0, 0x3, 0xf0, 0x0, 0x0,
    0x0, 0x8f, 0x26, 0xff, 0xff, 0xff, 0xff, 0xf1,
    0xa, 0xef, 0x10, 0x0, 0x6e, 0xfc, 0x20, 0x0,
    0x6b, 0x1f, 0x10, 0x7, 0xd4, 0xf4, 0xd2, 0x0,
    0x0, 0xf, 0x13, 0xcd, 0x13, 0xf0, 0x5e, 0x70,
    0x0, 0xf, 0x7f, 0x80, 0x3, 0xf0, 0x3, 0xda,
    0x0, 0xf, 0x12, 0x0, 0x3, 0xf0, 0x0, 0x1,

    /* U+9AFB "髻" */
    0x2, 0xbb, 0xbb, 0xbb, 0x10, 0x0, 0x38, 0x80,
    0x3, 0xd4, 0x44, 0x44, 0x17, 0xbe, 0xb6, 0x10,
    0x3, 0xd6, 0x66, 0x65, 0x8, 0x40, 0x16, 0x70,
    0x3, 0xeb, 0xbb, 0xb9, 0x4, 0x8c, 0xe9, 0x30,
    0x29, 0xe7, 0x77, 0x77, 0x2a, 0x73, 0x2, 0x70,
    0x14, 0xc9, 0x46, 0xc4, 0x10, 0x48, 0xdd, 0x81,
    0x6, 0xfb, 0xbb, 0xd5, 0xa, 0xb7, 0x20, 0x0,
    0x0, 0x0, 0x0, 0x9, 0x90, 0x0, 0x0, 0x0,
    0x3e, 0xee, 0xee, 0xef, 0xfe, 0xee, 0xee, 0xe7,
    0x0, 0x0, 0x0, 0x9, 0x90, 0x0, 0x0, 0x0,
    0x3, 0xee, 0xee, 0xee, 0xee, 0xee, 0xee, 0x60,
    0x0, 0x1, 0x11, 0x11, 0x11, 0x11, 0x11, 0x0,
    0x0, 0x8e, 0xcc, 0xcc, 0xcc, 0xcc, 0xdc, 0x0,
    0x0, 0x88, 0x0, 0x0, 0x0, 0x0, 0x4c, 0x0,
    0x0, 0x8e, 0xdd, 0xdd, 0xdd, 0xdd, 0xec, 0x0,

    /* U+9B08 "鬈" */
    0x0, 0x4b, 0xbb, 0xbb, 0xb1, 0x0, 0x37, 0xc2,
    0x0, 0x6, 0xc7, 0x77, 0x75, 0x2a, 0xec, 0x72,
    0x0, 0x0, 0x6c, 0x66, 0x66, 0x41, 0x61, 0x4,
    0x93, 0x0, 0x6, 0xd9, 0x99, 0x96, 0x17, 0xbd,
    0x94, 0x10, 0x5, 0x9e, 0xb9, 0x9c, 0x93, 0x41,
    0x38, 0xdb, 0x0, 0x9, 0xfa, 0xab, 0xe6, 0x2c,
    0xeb, 0x62, 0x0, 0x0, 0x14, 0x91, 0x0, 0x85,
    0x30, 0x3b, 0x0, 0x0, 0x6, 0x7e, 0xd7, 0x7e,
    0xa7, 0x7f, 0xa7, 0x40, 0x0, 0x45, 0x55, 0x5d,
    0xb5, 0x55, 0x55, 0x53, 0x0, 0xac, 0xcc, 0xce,
    0xec, 0xcc, 0xdd, 0xcc, 0xc4, 0x0, 0x3, 0x8f,
    0xb4, 0x33, 0x37, 0xfb, 0x51, 0x0, 0x9e, 0xc9,
    0xf7, 0x77, 0x77, 0xbb, 0x49, 0xe4, 0x2, 0x10,
    0x3f, 0x0, 0x6c, 0xce, 0x51, 0x20, 0x0, 0x0,
    0x3, 0xf0, 0x0, 0x0, 0x0, 0x8b, 0x0, 0x0,
    0x0, 0xd, 0xdc, 0xcc, 0xcc, 0xdd, 0x30, 0x0,

    /* U+9B0F "鬏" */
    0x0, 0x0, 0x0, 0x0, 0x0, 0x0, 0x0, 0x0,
    0x4, 0xcc, 0xcc, 0xcc, 0x0, 0x3, 0x7c, 0x80,
    0x5, 0xb3, 0x33, 0x32, 0x2b, 0xec, 0x72, 0x0,
    0x5, 0xd7, 0x77, 0x76, 0x5, 0x10, 0x16, 0x70,
    0x5, 0xeb, 0xbb, 0xb8, 0x4, 0x8c, 0xd8, 0x30,
    0x28, 0xc5, 0x55, 0x55, 0x19, 0x62, 0x2, 0x72,
    0x26, 0xda, 0x66, 0xb6, 0x10, 0x38, 0xdd, 0x82,
    0x8, 0xfa, 0xbb, 0xf8, 0x2e, 0xb7, 0x30, 0x0,
    0x1, 0x21, 0x1, 0x26, 0x0, 0x3a, 0x0, 0x0,
    0xc, 0xde, 0xfd, 0xa2, 0x50, 0x5c, 0x0, 0x70,
    0x1, 0x5, 0xb0, 0x2, 0xf3, 0x7f, 0x8, 0xb0,
    0x5d, 0xde, 0xfd, 0xd6, 0x77, 0xbe, 0x7d, 0x0,
    0x1, 0x4f, 0xc4, 0x10, 0x3, 0xe4, 0xd0, 0x0,
    0x3, 0xd7, 0xdd, 0x90, 0x2e, 0x50, 0xac, 0x0,
    0x6e, 0x35, 0xb0, 0x66, 0xf8, 0x0, 0x1c, 0xe4,
    0x22, 0x5, 0xb0, 0xb, 0x50, 0x0, 0x0, 0x92,

    /* U+9B13 "鬓" */
    0x0, 0x0, 0x0, 0x0, 0x0, 0x0, 0x0, 0x0,
    0x6, 0xda, 0xaa, 0xaa, 0x0, 0x15, 0x9d, 0x50,
    0x6, 0xd9, 0x99, 0x97, 0x3d, 0xd9, 0x40, 0x0,
    0x6, 0xb4, 0x44, 0x43, 0x1, 0x2, 0x7c, 0x70,
    0x6, 0xc8, 0x88, 0x86, 0x1a, 0xed, 0x82, 0x0,
    0x6c, 0xdb, 0xaa, 0xba, 0x25, 0x10, 0x38, 0x90,
    0x4, 0xd5, 0x38, 0xc1, 0x6, 0xad, 0xb6, 0x10,
    0x6, 0x87, 0x66, 0x67, 0xa6, 0x40, 0x0, 0x0,
    0x2d, 0xcc, 0xcc, 0xcc, 0xec, 0xcc, 0xcc, 0xc0,
    0x3e, 0x2, 0x22, 0x33, 0x44, 0x56, 0x42, 0xe0,
    0x0, 0x4f, 0x88, 0x77, 0x66, 0x55, 0x30, 0x0,
    0x0, 0x4f, 0xcc, 0xcc, 0xcc, 0xcc, 0xcc, 0x60,
    0x0, 0x4f, 0x0, 0x0, 0x4, 0xf0, 0x0, 0x0,
    0xac, 0xdf, 0xcc, 0xcc, 0xcd, 0xfc, 0xcc, 0xc4,
    0x0, 0x25, 0xab, 0x0, 0x5, 0xb7, 0x40, 0x0,
    0x6d, 0xc8, 0x40, 0x0, 0x0, 0x25, 0x9c, 0xb0,
    0x0, 0x0, 0x0, 0x0, 0x0, 0x0, 0x0, 0x0,

    /* U+9B1F "鬟" */
    0x0, 0x0, 0x0, 0x0, 0x0, 0x0, 0x0, 0x0,
    0x4, 0xa9, 0x99, 0x99, 0x10, 0x37, 0xbc, 0x20,
    0x6, 0xc8, 0x88, 0x87, 0x1c, 0x95, 0x26, 0x20,
    0x6, 0xc8, 0x88, 0x87, 0x5, 0x9c, 0xc7, 0x10,
    0x5b, 0xda, 0x99, 0xb9, 0x57, 0x41, 0x5a, 0x80,
    0x6, 0xe8, 0x78, 0xfa, 0x18, 0xcd, 0x93, 0x0,
    0x2, 0x44, 0x33, 0x25, 0x24, 0x21, 0x10, 0x0,
    0x2, 0xe9, 0x99, 0xf9, 0x9f, 0x99, 0x9d, 0x0,
    0x2, 0xe8, 0x88, 0xe8, 0x8f, 0x88, 0x9d, 0x0,
    0x6b, 0xfc, 0xcc, 0xcc, 0xcc, 0xcc, 0xdf, 0xa0,
    0x1, 0x35, 0x55, 0x55, 0x55, 0x55, 0x52, 0x10,
    0x0, 0x8b, 0x66, 0x66, 0x66, 0x66, 0xc5, 0x0,
    0x0, 0x8d, 0xaa, 0xbc, 0xba, 0xaa, 0xd5, 0x0,
    0x0, 0x26, 0x9c, 0x82, 0x8c, 0x49, 0xd5, 0x0,
    0x5c, 0xe9, 0xba, 0x47, 0x74, 0xce, 0x85, 0x40,
    0x13, 0x0, 0xce, 0xb9, 0x60, 0x2, 0x7a, 0xa0,
    0x0, 0x0, 0x10, 0x0, 0x0, 0x0, 0x0, 0x0,

    /* U+9B23 "鬣" */
    0x0, 0x0, 0x0, 0x0, 0x0, 0x0, 0x0, 0x0,
    0x0, 0xb, 0x99, 0x99, 0x92, 0x1, 0x49, 0xc8,
    0x0, 0x0, 0xe9, 0x99, 0x99, 0x1c, 0xb7, 0x31,
    0x30, 0x0, 0xe, 0x99, 0x99, 0x90, 0x14, 0x8c,
    0xb6, 0x0, 0x18, 0xe8, 0x88, 0x88, 0x78, 0x74,
    0x37, 0xb1, 0x0, 0x2d, 0xa8, 0x9e, 0x90, 0x6b,
    0xca, 0x61, 0x0, 0x0, 0x4b, 0x80, 0x9, 0xc5,
    0x12, 0xab, 0x0, 0x0, 0x2e, 0x90, 0x8, 0xf6,
    0x1, 0xbc, 0x30, 0x0, 0x0, 0x5d, 0xa5, 0x57,
    0xea, 0x55, 0x9f, 0x30, 0x0, 0xf, 0x46, 0xdb,
    0x86, 0x9d, 0x73, 0xf4, 0x0, 0x0, 0xf1, 0x69,
    0xca, 0x8c, 0xa5, 0xe, 0x40, 0x0, 0xf, 0x9b,
    0xa9, 0x99, 0x99, 0xb9, 0xf4, 0x0, 0x2, 0xe3,
    0xab, 0x2e, 0x49, 0xb5, 0xb6, 0x0, 0x0, 0x2e,
    0x5c, 0xb1, 0xe4, 0xbc, 0x4a, 0x60, 0x90, 0x2,
    0xe3, 0x6a, 0xf, 0x65, 0x94, 0x6c, 0x2e, 0x0,
    0x4e, 0xa7, 0x42, 0xeb, 0x85, 0x10, 0xaf, 0x80,

    /* U+9B43 "魃" */
    0x0, 0x2, 0x40, 0x0, 0x0, 0x61, 0x0, 0x0,
    0x0, 0xa, 0x70, 0x0, 0x0, 0xe3, 0x99, 0x0,
    0x1d, 0xdf, 0xdd, 0xd3, 0x0, 0xf2, 0xb, 0x60,
    0x1e, 0x25, 0xc2, 0xc3, 0x67, 0xf8, 0x77, 0x73,
    0x1e, 0x4, 0xc0, 0xc3, 0x8a, 0xf9, 0x99, 0x94,
    0x1f, 0xff, 0xff, 0xf3, 0x5, 0xc0, 0x0, 0x0,
    0x1e, 0x4, 0xc0, 0xc3, 0x9, 0xec, 0xcc, 0x60,
    0x1e, 0x4, 0xb0, 0xc3, 0xd, 0x85, 0x5b, 0x70,
    0x1f, 0xef, 0xfe, 0xf3, 0x3f, 0x60, 0xd, 0x30,
    0x6, 0x9, 0x90, 0x63, 0xa9, 0xc8, 0x3e, 0x0,
    0x0, 0xc, 0xe4, 0xc2, 0xe2, 0x1e, 0xc6, 0x0,
    0x0, 0x1f, 0xa8, 0x9b, 0x40, 0x9, 0xf2, 0x0,
    0x0, 0x8c, 0x9f, 0xcd, 0xb0, 0x7e, 0xad, 0x45,
    0x1, 0xf4, 0x98, 0x42, 0x8c, 0xe3, 0xb, 0xaa,
    0xb, 0xb0, 0x89, 0x0, 0x29, 0x10, 0x1, 0xb7,
    0x6d, 0x10, 0x2d, 0xff, 0xff, 0xff, 0xff, 0xb1,
    0x2, 0x0, 0x0, 0x0, 0x0, 0x0, 0x0, 0x0,

    /* U+9B45 "魅" */
    0x0, 0x0, 0x0, 0x0, 0x0, 0x0, 0x0, 0x0,
    0x0, 0x3, 0xe0, 0x0, 0x0, 0xe, 0x20, 0x0,
    0x7, 0x7b, 0xd7, 0x77, 0x0, 0xe, 0x20, 0x0,
    0xf, 0x87, 0xf8, 0x7f, 0x3f, 0xff, 0xff, 0xc0,
    0xf, 0x10, 0xf0, 0xf, 0x11, 0x1e, 0x31, 0x0,
    0xf, 0xdd, 0xfd, 0xdf, 0x10, 0xe, 0x20, 0x0,
    0xf, 0x34, 0xf3, 0x3f, 0x7d, 0xdf, 0xdd, 0xd2,
    0xf, 0x12, 0xe0, 0xf, 0x23, 0x9f, 0xc3, 0x30,
    0xf, 0xee, 0xfe, 0xef, 0x10, 0xcf, 0xc3, 0x0,
    0xe, 0x2a, 0xa2, 0x22, 0x6, 0x8e, 0x5c, 0x0,
    0x0, 0xe, 0xc4, 0x61, 0x2e, 0x1e, 0x2b, 0x90,
    0x0, 0x5f, 0xa6, 0xc7, 0xb7, 0xe, 0x22, 0xf3,
    0x0, 0xd9, 0x9d, 0xab, 0x80, 0xe, 0x20, 0x40,
    0x6, 0xf1, 0x9a, 0x66, 0x80, 0xe, 0x20, 0x98,
    0x2f, 0x70, 0x89, 0x0, 0x0, 0x6, 0x12, 0xd6,
    0xab, 0x0, 0x2d, 0xff, 0xff, 0xff, 0xff, 0xb0,
    0x11, 0x0, 0x0, 0x0, 0x0, 0x0, 0x0, 0x0,

    /* U+9B47 "魇" */
    0x0, 0x33, 0x33, 0x33, 0x33, 0x33, 0x33, 0x31,
    0x3, 0xfb, 0xbb, 0xbb, 0xbc, 0xbb, 0xbb, 0xb5,
    0x3, 0xe0, 0x0, 0x0, 0x7a, 0x1, 0xd0, 0x0,
    0x3, 0xe7, 0xee, 0xee, 0xff, 0xfe, 0xee, 0xe0,
    0x3, 0xe0, 0x1, 0x5c, 0x90, 0xbb, 0x40, 0x0,
    0x3, 0xea, 0xee, 0xa3, 0x87, 0x5, 0xbf, 0xe6,
    0x3, 0xe2, 0xca, 0xaa, 0xfb, 0xaa, 0xab, 0x30,
    0x4, 0xe0, 0xe4, 0x22, 0x6c, 0x22, 0x2f, 0x0,
    0x4, 0xd0, 0xec, 0xcc, 0xdf, 0xcc, 0xcf, 0x0,
    0x6, 0xc0, 0xe2, 0x11, 0x89, 0x11, 0x1f, 0x0,
    0x8, 0xa0, 0xed, 0xdd, 0xfe, 0xdd, 0xdf, 0x0,
    0xc, 0x70, 0x60, 0x7, 0xe5, 0xa, 0x51, 0x25,
    0x1f, 0x20, 0x0, 0x6e, 0x4e, 0x5e, 0xcd, 0x6b,
    0x8d, 0x0, 0x4b, 0xe3, 0x1f, 0x12, 0x2, 0x89,
    0x95, 0xd, 0xf9, 0x10, 0xa, 0xff, 0xff, 0xd2,
    0x0, 0x3, 0x0, 0x0, 0x0, 0x0, 0x0, 0x0,

    /* U+9B48 "魈" */
    0x0, 0x0, 0x0, 0x0, 0x0, 0x0, 0x0, 0x0,
    0x0, 0x8, 0x90, 0x0, 0x4, 0x3, 0xa0, 0x41,
    0xc, 0xcf, 0xdc, 0xcb, 0xd, 0x64, 0xc1, 0xd1,
    0x1f, 0x46, 0xd4, 0x4e, 0x3, 0xc4, 0xc9, 0x50,
    0x1e, 0x2, 0xd0, 0x1e, 0x2, 0x36, 0xd3, 0x30,
    0x1f, 0x67, 0xe6, 0x6e, 0xe, 0xcc, 0xcc, 0xf1,
    0x1f, 0x79, 0xd7, 0x8e, 0xe, 0x20, 0x0, 0xe1,
    0x1e, 0x5, 0xb0, 0x1e, 0xe, 0xee, 0xee, 0xf1,
    0x1f, 0xcd, 0xec, 0xce, 0xe, 0x30, 0x0, 0xe1,
    0xa, 0x2c, 0x82, 0x22, 0xe, 0x53, 0x33, 0xf1,
    0x0, 0xf, 0xf3, 0x84, 0xe, 0xcc, 0xcc, 0xf1,
    0x0, 0x5e, 0xc4, 0xd9, 0x2e, 0x20, 0x0, 0xe1,
    0x0, 0xc8, 0xcb, 0xba, 0x9e, 0x20, 0x24, 0xf2,
    0x5, 0xf1, 0xc6, 0x53, 0x7d, 0x20, 0x8c, 0xbd,
    0x1e, 0x80, 0xc7, 0x0, 0x0, 0x0, 0x0, 0x8b,
    0x6c, 0x0, 0x5e, 0xff, 0xff, 0xff, 0xff, 0xd3,
    0x1, 0x0, 0x0, 0x0, 0x0, 0x0, 0x0, 0x0,

    /* U+9B49 "魉" */
    0x0, 0x6, 0x10, 0x0, 0x0, 0x0, 0x0, 0x0,
    0x0, 0x1f, 0x0, 0x7, 0xaa, 0xaa, 0xaa, 0xa3,
    0xc, 0xdf, 0xcc, 0x94, 0x6c, 0x87, 0xd6, 0x61,
    0x1e, 0x3c, 0x65, 0xd0, 0xa, 0x41, 0xc0, 0x0,
    0x1d, 0xb, 0x32, 0xd5, 0xce, 0xdc, 0xfc, 0xa0,
    0x1f, 0xdf, 0xed, 0xd6, 0x7b, 0x54, 0xc2, 0xd0,
    0x1d, 0x1c, 0x43, 0xd6, 0x5b, 0x23, 0xa0, 0xd0,
    0x1d, 0xd, 0x22, 0xd6, 0x5c, 0x44, 0xa0, 0xd0,
    0x1f, 0xef, 0xee, 0xd6, 0x5d, 0xd9, 0xe1, 0xd0,
    0xa, 0x2f, 0x0, 0x6, 0x8a, 0x3b, 0x87, 0xd0,
    0x0, 0x4f, 0x82, 0x46, 0xd5, 0x2e, 0xd, 0xd0,
    0x0, 0x9c, 0xc9, 0x98, 0xb0, 0x97, 0x2, 0xd0,
    0x0, 0xe7, 0xee, 0xac, 0x50, 0x1, 0x35, 0xd2,
    0x7, 0xd3, 0xd5, 0x3c, 0x50, 0x2, 0xdc, 0x8b,
    0x1e, 0x43, 0xe1, 0x0, 0x0, 0x0, 0x0, 0x99,
    0x9a, 0x0, 0xbf, 0xff, 0xff, 0xff, 0xff, 0xd2,
    0x10, 0x0, 0x0, 0x0, 0x0, 0x0, 0x0, 0x0,

    /* U+9B4D "魍" */
    0x0, 0x6, 0x0, 0x0, 0x0, 0x0, 0x0, 0x0,
    0x0, 0x2, 0xd0, 0x0, 0xa, 0xaa, 0xaa, 0xaa,
    0x30, 0xc, 0xde, 0xcc, 0xc0, 0xf3, 0x53, 0x55,
    0xb5, 0x0, 0xe4, 0xb7, 0x4e, 0xe, 0x1d, 0x9,
    0x5a, 0x50, 0xe, 0x9, 0x40, 0xe0, 0xe0, 0x82,
    0xd0, 0xa5, 0x0, 0xf7, 0xc9, 0x7f, 0xe, 0xad,
    0xdd, 0xda, 0x50, 0xe, 0x6c, 0x86, 0xf0, 0xe0,
    0xb, 0x10, 0xa5, 0x0, 0xe0, 0xc2, 0xe, 0xe,
    0x9b, 0xdb, 0xba, 0x50, 0xf, 0xef, 0xee, 0xf0,
    0xe1, 0xe2, 0x22, 0xa5, 0x0, 0x92, 0xb1, 0x11,
    0xe, 0xd, 0x0, 0xa, 0x50, 0x0, 0x4b, 0x72,
    0x71, 0xe0, 0xec, 0xca, 0xa5, 0x0, 0x9, 0x8b,
    0x99, 0x5e, 0x1, 0x11, 0x1a, 0x50, 0x0, 0xe4,
    0xcd, 0x8a, 0xe0, 0x0, 0x22, 0xc5, 0x0, 0x6a,
    0x3b, 0x65, 0x8d, 0x0, 0x8, 0xda, 0xf0, 0x1e,
    0x33, 0xd1, 0x0, 0x0, 0x0, 0x0, 0x6d, 0x5,
    0xa0, 0xb, 0xff, 0xff, 0xff, 0xff, 0xfe, 0x40,
    0x0, 0x0, 0x0, 0x0, 0x0, 0x0, 0x0, 0x0,
    0x0,

    /* U+9B51 "魑" */
    0x0, 0x5, 0x20, 0x0, 0x0, 0x42, 0x0, 0x0,
    0x0, 0x0, 0xe2, 0x0, 0x0, 0x9, 0xa0, 0x0,
    0x0, 0x1c, 0xcf, 0xcc, 0x1c, 0xee, 0xee, 0xee,
    0xe7, 0x1, 0xd2, 0xd3, 0xc2, 0x0, 0x65, 0x1a,
    0x1, 0x0, 0x1d, 0xd, 0x1c, 0x23, 0xc2, 0xde,
    0x73, 0xc0, 0x1, 0xe9, 0xf9, 0xe2, 0x3c, 0x6d,
    0x8d, 0x4c, 0x0, 0x1e, 0x6f, 0x6d, 0x23, 0xc5,
    0x32, 0x55, 0xc0, 0x1, 0xd0, 0xf0, 0xc2, 0x2c,
    0xcd, 0xec, 0xcc, 0x0, 0x1e, 0x7f, 0x7e, 0x20,
    0x11, 0x88, 0x11, 0x30, 0x1, 0xb8, 0xe6, 0x71,
    0x4e, 0xdf, 0xde, 0xdf, 0x0, 0x0, 0x5d, 0x8b,
    0x24, 0xa3, 0xb2, 0xc0, 0xe0, 0x0, 0x9, 0xaa,
    0x9d, 0x6b, 0xdb, 0x9f, 0x3e, 0x0, 0x0, 0xe5,
    0xfa, 0xce, 0xa8, 0x76, 0x66, 0xe8, 0x10, 0x6b,
    0x49, 0x0, 0x5a, 0x0, 0x1d, 0xd6, 0xd2, 0xe,
    0x33, 0xc0, 0x0, 0x0, 0x0, 0x0, 0x3f, 0x6,
    0xb0, 0xa, 0xee, 0xee, 0xee, 0xee, 0xee, 0x70,
    0x1, 0x0, 0x0, 0x0, 0x0, 0x0, 0x0, 0x0,
    0x0,

    /* U+9C7F "鱿" */
    0x0, 0x3, 0x0, 0x0, 0x0, 0x20, 0x0, 0x0,
    0x0, 0x8d, 0x0, 0x0, 0x5, 0xc0, 0x64, 0x0,
    0x1, 0xfe, 0xdd, 0x30, 0x5, 0xc0, 0x4e, 0x80,
    0xb, 0x92, 0x3f, 0x10, 0x5, 0xc0, 0x2, 0x70,
    0x8d, 0x0, 0x98, 0x2, 0x48, 0xc4, 0x44, 0x42,
    0x5e, 0xee, 0xff, 0xe9, 0xef, 0xff, 0xfe, 0xe7,
    0xe, 0x24, 0xc0, 0xf0, 0x7, 0xaa, 0x80, 0x0,
    0xe, 0x14, 0xc0, 0xf0, 0x8, 0x9a, 0x80, 0x0,
    0xe, 0xff, 0xff, 0xf0, 0xa, 0x7a, 0x80, 0x0,
    0xe, 0x14, 0xc0, 0xf0, 0xd, 0x5a, 0x80, 0x0,
    0xe, 0x14, 0xc0, 0xf0, 0xf, 0x2a, 0x80, 0x0,
    0xe, 0xef, 0xfe, 0xf0, 0x4e, 0xa, 0x80, 0x46,
    0xb, 0x20, 0x0, 0xc0, 0x99, 0xa, 0x80, 0x6b,
    0x0, 0x0, 0x0, 0x1, 0xf3, 0xa, 0x80, 0x89,
    0x47, 0x89, 0xbc, 0xeb, 0xd0, 0x9, 0xb2, 0xc6,
    0x9c, 0xb9, 0x86, 0x6f, 0x40, 0x3, 0xef, 0xc1,
    0x0, 0x0, 0x0, 0x2, 0x0, 0x0, 0x0, 0x0,

    /* U+9C82 "鲂" */
    0x0, 0x42, 0x0, 0x0, 0x0, 0x31, 0x0, 0x0,
    0x0, 0xe3, 0x0, 0x0, 0x0, 0x9c, 0x0, 0x0,
    0x5, 0xfd, 0xdd, 0x30, 0x0, 0xc, 0x30, 0x0,
    0xe, 0x52, 0x7f, 0x1a, 0xee, 0xee, 0xee, 0xeb,
    0x9b, 0x0, 0xd6, 0x3, 0x5f, 0x65, 0x55, 0x54,
    0x7f, 0xff, 0xff, 0xe0, 0xf, 0x20, 0x0, 0x0,
    0xf, 0xc, 0x31, 0xe0, 0xf, 0x20, 0x0, 0x0,
    0xf, 0xc, 0x31, 0xe0, 0xf, 0xdd, 0xdd, 0xd1,
    0xf, 0xff, 0xff, 0xe0, 0x1f, 0x44, 0x44, 0xf1,
    0xf, 0xc, 0x31, 0xe0, 0x2f, 0x0, 0x1, 0xf0,
    0xf, 0xc, 0x31, 0xe0, 0x4e, 0x0, 0x2, 0xf0,
    0xf, 0xef, 0xfe, 0xe0, 0x7b, 0x0, 0x2, 0xf0,
    0xb, 0x10, 0x1, 0x70, 0xc7, 0x0, 0x3, 0xf0,
    0x0, 0x1, 0x24, 0x53, 0xf2, 0x0, 0x4, 0xe0,
    0x6d, 0xff, 0xff, 0xec, 0xb0, 0x43, 0x3b, 0xb0,
    0x36, 0x53, 0x20, 0x2e, 0x10, 0xdf, 0xfd, 0x30,
    0x0, 0x0, 0x0, 0x0, 0x0, 0x0, 0x0, 0x0,

    /* U+9C85 "鲅" */
    0x0, 0x15, 0x0, 0x0, 0x1, 0x20, 0x0, 0x0,
    0x0, 0x9c, 0x0, 0x0, 0x6, 0xb0, 0xb7, 0x0,
    0x2, 0xff, 0xff, 0x30, 0x7, 0xa0, 0x2c, 0xb0,
    0xc, 0x80, 0x2e, 0x12, 0x4a, 0xb4, 0x44, 0x52,
    0x8d, 0x0, 0xa7, 0x8, 0xff, 0xff, 0xff, 0xf9,
    0x5f, 0xff, 0xff, 0xf0, 0xc, 0x50, 0x0, 0x0,
    0xe, 0x24, 0xc0, 0xf0, 0xf, 0x53, 0x33, 0x20,
    0xe, 0x24, 0xc0, 0xf0, 0x2f, 0xee, 0xee, 0xc0,
    0xe, 0xff, 0xff, 0xf0, 0x7f, 0x10, 0x9, 0x90,
    0xe, 0x24, 0xc0, 0xf0, 0xcf, 0x60, 0xe, 0x40,
    0xe, 0x24, 0xc0, 0xf3, 0xf6, 0xd0, 0x5d, 0x0,
    0xe, 0xef, 0xfe, 0xfb, 0xa0, 0xd9, 0xe5, 0x0,
    0xb, 0x20, 0x1, 0xaf, 0x20, 0x4f, 0xb0, 0x0,
    0x0, 0x12, 0x46, 0x74, 0x4, 0xed, 0xf7, 0x0,
    0x6f, 0xff, 0xdb, 0xa7, 0xcf, 0x70, 0x5f, 0xd6,
    0x13, 0x10, 0x0, 0x1d, 0x92, 0x0, 0x2, 0xa7,
    0x0, 0x0, 0x0, 0x0, 0x0, 0x0, 0x0, 0x0,

    /* U+9C86 "鲆" */
    0x0, 0x21, 0x0, 0x0, 0x0, 0x0, 0x0, 0x0,
    0x0, 0xc5, 0x0, 0x3, 0x33, 0x33, 0x33, 0x31,
    0x3, 0xfe, 0xe7, 0x2e, 0xee, 0xef, 0xee, 0xe5,
    0xd, 0x51, 0xe4, 0x0, 0x0, 0x5d, 0x0, 0x0,
    0x8c, 0x6, 0xc0, 0x1c, 0x0, 0x5d, 0x0, 0xb4,
    0x7f, 0xff, 0xff, 0x1c, 0x80, 0x5d, 0x4, 0xf1,
    0xf, 0xe, 0xd, 0x14, 0xf1, 0x5d, 0xc, 0x70,
    0xf, 0xe, 0xd, 0x10, 0xb4, 0x5d, 0x1c, 0x0,
    0xf, 0xef, 0xef, 0x10, 0x0, 0x5d, 0x0, 0x0,
    0xf, 0xe, 0xd, 0x8e, 0xee, 0xff, 0xee, 0xee,
    0xf, 0xe, 0xd, 0x23, 0x33, 0x7d, 0x33, 0x32,
    0xf, 0xff, 0xff, 0x10, 0x0, 0x5d, 0x0, 0x0,
    0xb, 0x0, 0x7, 0x0, 0x0, 0x5d, 0x0, 0x0,
    0x23, 0x56, 0x78, 0x70, 0x0, 0x5d, 0x0, 0x0,
    0x9c, 0xb9, 0x87, 0x40, 0x0, 0x5d, 0x0, 0x0,
    0x0, 0x0, 0x0, 0x0, 0x0, 0x5d, 0x0, 0x0,

    /* U+9C87 "鲇" */
    0x0, 0x0, 0x0, 0x0, 0x0, 0x0, 0x0, 0x0,
    0x0, 0xb4, 0x0, 0x0, 0x0, 0x3e, 0x0, 0x0,
    0x3, 0xfd, 0xdd, 0x30, 0x0, 0x3e, 0x0, 0x0,
    0xc, 0x52, 0x6f, 0x10, 0x0, 0x3e, 0x11, 0x11,
    0x8b, 0x0, 0xd6, 0x0, 0x0, 0x3f, 0xff, 0xfd,
    0x7f, 0xff, 0xff, 0xe0, 0x0, 0x3e, 0x22, 0x21,
    0xf, 0xc, 0x31, 0xe0, 0x0, 0x3e, 0x0, 0x0,
    0xf, 0xc, 0x31, 0xe0, 0x0, 0x3e, 0x0, 0x0,
    0xf, 0xdf, 0xdd, 0xe0, 0x22, 0x5e, 0x22, 0x20,
    0xf, 0x3c, 0x53, 0xe1, 0xff, 0xff, 0xff, 0xf0,
    0xf, 0xc, 0x31, 0xe1, 0xf1, 0x0, 0x2, 0xf0,
    0xf, 0xef, 0xfe, 0xe1, 0xf1, 0x0, 0x2, 0xf0,
    0xb, 0x10, 0x1, 0x71, 0xf1, 0x0, 0x2, 0xf0,
    0x2, 0x34, 0x57, 0x82, 0xf1, 0x0, 0x2, 0xf0,
    0x8f, 0xfd, 0xca, 0x82, 0xff, 0xff, 0xff, 0xf0,
    0x0, 0x0, 0x0, 0x1, 0xf3, 0x22, 0x24, 0xf0,

    /* U+9C88 "鲈" */
    0x0, 0x33, 0x0, 0x0, 0x0, 0x14, 0x0, 0x0,
    0x0, 0xc5, 0x0, 0x0, 0x0, 0x3e, 0x0, 0x0,
    0x4, 0xff, 0xff, 0x50, 0x0, 0x3f, 0xdd, 0xdb,
    0x1e, 0x50, 0x6e, 0x10, 0x0, 0x3f, 0x44, 0x43,
    0x9c, 0x13, 0xf5, 0x10, 0x0, 0x3e, 0x0, 0x0,
    0x3f, 0xef, 0xee, 0xe0, 0xff, 0xff, 0xff, 0xf0,
    0xe, 0x2c, 0x32, 0xe0, 0xf3, 0x22, 0x23, 0xf0,
    0xe, 0x2c, 0x32, 0xe0, 0xf2, 0x0, 0x1, 0xf0,
    0xe, 0xff, 0xff, 0xe0, 0xf2, 0x0, 0x1, 0xf0,
    0xe, 0x2c, 0x32, 0xe0, 0xfa, 0xaa, 0xaa, 0xf0,
    0xe, 0x2c, 0x32, 0xe1, 0xf7, 0x77, 0x78, 0xf0,
    0xe, 0xff, 0xff, 0xe2, 0xf0, 0x0, 0x0, 0x20,
    0xa, 0x10, 0x1, 0x74, 0xe0, 0x0, 0x0, 0x0,
    0x2, 0x46, 0x8a, 0xb8, 0xb0, 0x0, 0x0, 0x0,
    0x9f, 0xdb, 0x97, 0x5d, 0x60, 0x0, 0x0, 0x0,
    0x0, 0x0, 0x0, 0x3e, 0x0, 0x0, 0x0, 0x0,
    0x0, 0x0, 0x0, 0x1, 0x0, 0x0, 0x0, 0x0,

    /* U+9C8B "鲋" */
    0x0, 0x0, 0x0, 0x0, 0x0, 0x0, 0x0, 0x0,
    0x0, 0xa7, 0x0, 0x0, 0x2f, 0x10, 0xf, 0x20,
    0x3, 0xfe, 0xe9, 0x0, 0x9b, 0x0, 0xf, 0x30,
    0xc, 0x60, 0xb6, 0x0, 0xe5, 0x0, 0xf, 0x30,
    0x8c, 0x3, 0xe1, 0x6, 0xf6, 0xcc, 0xcf, 0xda,
    0x7f, 0xff, 0xff, 0x3e, 0xf4, 0x66, 0x6f, 0x85,
    0xf, 0xd, 0x1d, 0xbe, 0xf1, 0x0, 0xf, 0x30,
    0xf, 0xd, 0x1d, 0xc4, 0xf2, 0xe1, 0xf, 0x30,
    0xf, 0xef, 0xef, 0x20, 0xf1, 0xc6, 0xf, 0x30,
    0xf, 0xd, 0x1d, 0x20, 0xf1, 0x6c, 0xf, 0x30,
    0xf, 0xd, 0x1d, 0x20, 0xf1, 0x2c, 0xf, 0x30,
    0xf, 0xff, 0xff, 0x20, 0xf1, 0x0, 0xf, 0x30,
    0xb, 0x0, 0x7, 0x10, 0xf1, 0x0, 0xf, 0x30,
    0x0, 0x12, 0x45, 0x60, 0xf1, 0x0, 0xf, 0x30,
    0xbf, 0xff, 0xdc, 0x90, 0xf1, 0x22, 0x5f, 0x10,
    0x21, 0x0, 0x0, 0x0, 0xf1, 0x7f, 0xf9, 0x0,
    0x0, 0x0, 0x0, 0x0, 0x0, 0x0, 0x0, 0x0,

    /* U+9C8E "鲎" */
    0x0, 0x2, 0x0, 0x6, 0x0, 0x0, 0x31, 0x0,
    0x0, 0x4e, 0x20, 0xc, 0x80, 0x2, 0xf7, 0x0,
    0x0, 0x9, 0x80, 0x2, 0xb0, 0xd, 0x80, 0x0,
    0xf, 0xff, 0xff, 0xff, 0xff, 0xff, 0xff, 0xf7,
    0xf, 0x30, 0x2a, 0x20, 0x0, 0x0, 0x0, 0xc7,
    0xf, 0x20, 0xbf, 0xcc, 0xcc, 0xcc, 0x10, 0xc7,
    0x0, 0x9, 0xb1, 0x11, 0x11, 0xca, 0x0, 0x0,
    0x0, 0x9f, 0xcc, 0xcc, 0xcd, 0xfc, 0xc9, 0x0,
    0x1b, 0xdf, 0x22, 0x26, 0xd2, 0x22, 0x7d, 0x0,
    0x2b, 0x3f, 0x0, 0x5, 0xd0, 0x0, 0x6d, 0x0,
    0x0, 0x2f, 0xdd, 0xde, 0xfd, 0xdd, 0xed, 0x0,
    0x0, 0x2f, 0x0, 0x4, 0xd0, 0x0, 0x6d, 0x0,
    0x0, 0x2f, 0xee, 0xee, 0xee, 0xee, 0xfd, 0x0,
    0x0, 0x4, 0x0, 0x0, 0x0, 0x0, 0x14, 0x0,
    0x4e, 0xee, 0xee, 0xee, 0xee, 0xee, 0xee, 0xea,
    0x2, 0x22, 0x22, 0x22, 0x22, 0x22, 0x22, 0x21,

    /* U+9C90 "鲐" */
    0x0, 0x11, 0x0, 0x0, 0x0, 0x21, 0x0, 0x0,
    0x0, 0xb7, 0x0, 0x0, 0x0, 0xc9, 0x0, 0x0,
    0x3, 0xfe, 0xee, 0x40, 0x4, 0xf1, 0x1, 0x0,
    0xd, 0x60, 0x8e, 0x10, 0xb, 0x90, 0x4d, 0x0,
    0x9c, 0x13, 0xf6, 0x10, 0x4e, 0x10, 0xd, 0x50,
    0x7f, 0xef, 0xee, 0xe0, 0xd7, 0x1, 0x28, 0xd0,
    0xe, 0x1b, 0x31, 0xe9, 0xff, 0xff, 0xfe, 0xf4,
    0xe, 0x1b, 0x31, 0xe3, 0x63, 0x20, 0x0, 0x7b,
    0xe, 0xef, 0xee, 0xe0, 0x0, 0x0, 0x0, 0x1,
    0xe, 0x1b, 0x31, 0xe0, 0xee, 0xee, 0xee, 0xd0,
    0xe, 0x1b, 0x31, 0xe0, 0xf3, 0x22, 0x25, 0xe0,
    0xe, 0xee, 0xee, 0xe0, 0xf1, 0x0, 0x3, 0xe0,
    0x9, 0x0, 0x0, 0x70, 0xf1, 0x0, 0x3, 0xe0,
    0x24, 0x56, 0x78, 0x94, 0xf2, 0x11, 0x14, 0xe0,
    0xad, 0xca, 0x98, 0x72, 0xff, 0xff, 0xff, 0xe0,
    0x0, 0x0, 0x0, 0x0, 0xf1, 0x0, 0x3, 0xe0,
    0x0, 0x0, 0x0, 0x0, 0x0, 0x0, 0x0, 0x0,

    /* U+9C91 "鲑" */
    0x0, 0x10, 0x0, 0x0, 0x0, 0x2, 0x0, 0x0,
    0x0, 0xb6, 0x0, 0x0, 0x0, 0x2e, 0x0, 0x0,
    0x3, 0xfe, 0xee, 0x30, 0x0, 0x2e, 0x0, 0x0,
    0xc, 0x50, 0x9d, 0x7, 0xff, 0xff, 0xff, 0xe0,
    0x8c, 0x3, 0xf4, 0x1, 0x44, 0x6f, 0x44, 0x40,
    0x7f, 0xef, 0xee, 0xd0, 0x0, 0x2e, 0x0, 0x0,
    0xe, 0xd, 0x11, 0xd2, 0x33, 0x5f, 0x33, 0x32,
    0xe, 0xd, 0x11, 0xdb, 0xee, 0xee, 0xee, 0xe9,
    0xe, 0xef, 0xee, 0xd0, 0x0, 0x2b, 0x0, 0x0,
    0xe, 0xd, 0x11, 0xd0, 0x0, 0x2e, 0x0, 0x0,
    0xe, 0x1d, 0x12, 0xd5, 0x99, 0xaf, 0x99, 0x91,
    0xe, 0xff, 0xff, 0xd4, 0x88, 0x9f, 0x88, 0x81,
    0xa, 0x0, 0x1, 0x70, 0x0, 0x2e, 0x0, 0x0,
    0x34, 0x56, 0x89, 0xa0, 0x0, 0x2e, 0x0, 0x0,
    0x9c, 0xb9, 0x86, 0x8f, 0xff, 0xff, 0xff, 0xfd,
    0x0, 0x0, 0x0, 0x2, 0x22, 0x22, 0x22, 0x22,

    /* U+9C92 "鲒" */
    0x0, 0x10, 0x0, 0x0, 0x0, 0x3, 0x0, 0x0,
    0x0, 0xa7, 0x0, 0x0, 0x0, 0x2f, 0x0, 0x0,
    0x2, 0xfe, 0xee, 0x40, 0x0, 0x2f, 0x0, 0x0,
    0xc, 0x60, 0x7e, 0x19, 0xdd, 0xdf, 0xdd, 0xd8,
    0x8d, 0x2, 0xf5, 0x4, 0x66, 0x7f, 0x66, 0x64,
    0x7f, 0xef, 0xee, 0xe0, 0x0, 0x2f, 0x0, 0x0,
    0xe, 0x1c, 0x21, 0xe0, 0x22, 0x4f, 0x22, 0x20,
    0xe, 0x1c, 0x21, 0xe4, 0xff, 0xff, 0xff, 0xf3,
    0xe, 0xef, 0xee, 0xe0, 0x0, 0x0, 0x0, 0x0,
    0xe, 0x1c, 0x21, 0xe0, 0x33, 0x33, 0x33, 0x20,
    0xe, 0x1c, 0x31, 0xe0, 0xfd, 0xdd, 0xde, 0xe0,
    0xe, 0xff, 0xff, 0xe0, 0xf0, 0x0, 0x2, 0xe0,
    0xa, 0x0, 0x0, 0x80, 0xf0, 0x0, 0x2, 0xe0,
    0x24, 0x56, 0x78, 0x94, 0xf0, 0x0, 0x2, 0xe0,
    0xad, 0xca, 0x98, 0x72, 0xff, 0xff, 0xff, 0xe0,
    0x0, 0x0, 0x0, 0x0, 0xf2, 0x22, 0x24, 0xe0,

    /* U+9C94 "鲔" */
    0x0, 0x10, 0x0, 0x0, 0x0, 0x30, 0x0, 0x0,
    0x0, 0xc5, 0x0, 0x0, 0x1, 0xf2, 0x0, 0x0,
    0x3, 0xf9, 0x99, 0x11, 0x27, 0xd2, 0x22, 0x21,
    0xc, 0x96, 0xbf, 0x1c, 0xff, 0xff, 0xff, 0xfa,
    0x7d, 0x1, 0xe6, 0x0, 0x2e, 0x0, 0x0, 0x0,
    0x9d, 0xbd, 0xfb, 0xa0, 0x99, 0x11, 0x11, 0x10,
    0xe, 0x4d, 0x54, 0xe1, 0xff, 0xff, 0xff, 0xe0,
    0xe, 0x1c, 0x21, 0xea, 0xf4, 0x0, 0x2, 0xe0,
    0xe, 0xae, 0xaa, 0xeb, 0xc6, 0x22, 0x24, 0xe0,
    0xe, 0x5d, 0x65, 0xe0, 0xce, 0xee, 0xee, 0xe0,
    0xe, 0x1c, 0x21, 0xe0, 0xc4, 0x0, 0x2, 0xe0,
    0xe, 0x9e, 0xa9, 0xe0, 0xc7, 0x44, 0x46, 0xe0,
    0xb, 0x65, 0x56, 0xb0, 0xcd, 0xcc, 0xcc, 0xe0,
    0x0, 0x0, 0x1, 0x21, 0xc4, 0x0, 0x2, 0xe0,
    0x8c, 0xde, 0xff, 0xe3, 0xc4, 0x2, 0x47, 0xd0,
    0x46, 0x43, 0x10, 0x0, 0xc4, 0x5, 0xdd, 0x50,

    /* U+9C95 "鲕" */
    0x0, 0x21, 0x0, 0x0, 0x0, 0x0, 0x0, 0x0,
    0x0, 0xc5, 0x0, 0x46, 0x66, 0x66, 0x66, 0x63,
    0x4, 0xfe, 0xe7, 0x7b, 0xbb, 0xfc, 0xbb, 0xb5,
    0x1e, 0x51, 0xe3, 0x0, 0x0, 0xf2, 0x0, 0x0,
    0xac, 0x49, 0xc4, 0x0, 0x2, 0xe0, 0x0, 0x0,
    0x4f, 0xaf, 0xaf, 0x1e, 0xff, 0xff, 0xff, 0xf1,
    0xf, 0xe, 0xd, 0x1e, 0x25, 0xb2, 0xe1, 0xe1,
    0xf, 0xe, 0xd, 0x1e, 0x14, 0xb1, 0xe0, 0xe1,
    0xf, 0xef, 0xef, 0x1e, 0x14, 0xb1, 0xe0, 0xe1,
    0xf, 0xe, 0xd, 0x1e, 0x14, 0xb1, 0xe0, 0xe1,
    0xf, 0xe, 0xd, 0x1e, 0x14, 0xb1, 0xe0, 0xe1,
    0xf, 0xff, 0xff, 0x1e, 0x14, 0xb1, 0xe0, 0xe1,
    0x9, 0x0, 0x6, 0xe, 0x14, 0xb1, 0xe0, 0xe1,
    0x46, 0x78, 0x9a, 0x4e, 0x14, 0xb1, 0xe0, 0xe1,
    0x9b, 0xa8, 0x65, 0x1e, 0x11, 0x40, 0x65, 0xf0,
    0x0, 0x0, 0x0, 0xe, 0x10, 0x0, 0xac, 0x80,

    /* U+9C9A "鲚" */
    0x0, 0x10, 0x0, 0x0, 0x0, 0x11, 0x0, 0x0,
    0x0, 0xb, 0x50, 0x0, 0x0, 0xb, 0xb0, 0x0,
    0x0, 0x3, 0xfd, 0xdd, 0x21, 0x22, 0x4f, 0x42,
    0x21, 0x0, 0xc6, 0x2a, 0xd0, 0xdf, 0xff, 0xff,
    0xff, 0xc0, 0x8c, 0x3, 0xf4, 0x0, 0x89, 0x0,
    0xe, 0x40, 0x7, 0xff, 0xff, 0xfc, 0x1, 0xe4,
    0x9, 0xb0, 0x0, 0xe, 0x1d, 0x13, 0xc0, 0x5,
    0xfa, 0xe1, 0x0, 0x0, 0xe1, 0xd1, 0x3c, 0x0,
    0x2e, 0xfa, 0x10, 0x0, 0xe, 0xef, 0xee, 0xc3,
    0xaf, 0x94, 0xcf, 0xa6, 0x0, 0xe1, 0xd1, 0x3d,
    0xeb, 0x70, 0x1, 0x89, 0x90, 0xe, 0x1d, 0x13,
    0xc0, 0x5b, 0x0, 0x5c, 0x0, 0x0, 0xef, 0xff,
    0xfc, 0x6, 0xa0, 0x5, 0xc0, 0x0, 0xa, 0x0,
    0x1, 0x70, 0x98, 0x0, 0x5c, 0x0, 0x2, 0x34,
    0x56, 0x79, 0x1e, 0x30, 0x5, 0xc0, 0x0, 0xad,
    0xca, 0x98, 0x8c, 0xa0, 0x0, 0x5c, 0x0, 0x0,
    0x0, 0x0, 0x4, 0xb0, 0x0, 0x5, 0xc0, 0x0,
    0x0, 0x0, 0x0, 0x0, 0x0, 0x0, 0x0, 0x0,
    0x0,

    /* U+9C9B "鲛" */
    0x0, 0x44, 0x0, 0x0, 0x0, 0x51, 0x0, 0x0,
    0x0, 0xd, 0x40, 0x0, 0x0, 0xb, 0x90, 0x0,
    0x0, 0x4, 0xfe, 0xee, 0x21, 0x11, 0x4e, 0x11,
    0x10, 0x0, 0xd6, 0x19, 0xd0, 0xdf, 0xff, 0xff,
    0xff, 0xb0, 0x9c, 0x2, 0xf3, 0x1, 0x23, 0x22,
    0x32, 0x21, 0x5, 0xff, 0xff, 0xfe, 0x1, 0xe4,
    0xb, 0xa0, 0x0, 0xf, 0x1c, 0x31, 0xe0, 0xab,
    0x0, 0x1e, 0x90, 0x0, 0xf1, 0xc3, 0x1e, 0x7e,
    0x10, 0x0, 0x4f, 0x60, 0xf, 0xff, 0xff, 0xeb,
    0x88, 0x0, 0x3d, 0x54, 0x0, 0xf1, 0xc3, 0x1e,
    0x2, 0xf0, 0x9, 0x90, 0x0, 0xf, 0x1c, 0x31,
    0xe0, 0xc, 0x82, 0xf3, 0x0, 0x0, 0xfe, 0xff,
    0xee, 0x0, 0x3f, 0xc9, 0x0, 0x0, 0xb, 0x10,
    0x2, 0xb0, 0x0, 0xcf, 0x30, 0x0, 0x0, 0x1,
    0x34, 0x68, 0x11, 0xbd, 0xaf, 0x40, 0x0, 0x6f,
    0xff, 0xda, 0x98, 0xeb, 0x10, 0x6f, 0xb4, 0x1,
    0x31, 0x0, 0xa, 0xd5, 0x0, 0x0, 0x19, 0xa0,
    0x0, 0x0, 0x0, 0x0, 0x0, 0x0, 0x0, 0x0,
    0x0,

    /* U+9C9E "鲞" */
    0x0, 0x0, 0x0, 0x0, 0x10, 0x0, 0x0, 0x0,
    0x0, 0x0, 0xd4, 0x0, 0x7b, 0x0, 0xa, 0x70,
    0x0, 0x0, 0x3, 0xe1, 0xb, 0x60, 0xa, 0xb0,
    0x0, 0x0, 0x6e, 0xee, 0xee, 0xfe, 0xee, 0xee,
    0xee, 0x0, 0x0, 0x0, 0x0, 0xb7, 0x0, 0x0,
    0x0, 0x0, 0x4, 0xee, 0xee, 0xff, 0xee, 0xef,
    0xfe, 0xee, 0xa0, 0x0, 0x3, 0xca, 0x54, 0x0,
    0x5d, 0x60, 0x0, 0x1, 0x6c, 0xe6, 0x7f, 0xdd,
    0xdc, 0x2a, 0xfa, 0x60, 0x2c, 0x61, 0xac, 0x10,
    0xb, 0x80, 0x2, 0x86, 0x0, 0x6, 0xef, 0xdc,
    0xcd, 0xfd, 0xcc, 0x50, 0x0, 0x0, 0xae, 0x30,
    0x3, 0xd0, 0x0, 0x97, 0x0, 0x0, 0x0, 0xcc,
    0xcc, 0xcf, 0xcc, 0xce, 0x70, 0x0, 0x0, 0xc,
    0x30, 0x3, 0xd0, 0x0, 0x97, 0x0, 0x0, 0x0,
    0xcd, 0xcc, 0xcc, 0xcc, 0xce, 0x70, 0x0, 0x0,
    0x0, 0x0, 0x0, 0x0, 0x0, 0x0, 0x0, 0x5,
    0xff, 0xff, 0xff, 0xff, 0xff, 0xff, 0xff, 0xd0,

    /* U+9C9F "鲟" */
    0x0, 0x44, 0x0, 0x0, 0x0, 0x0, 0x0, 0x0,
    0x0, 0xd5, 0x0, 0x1, 0xaa, 0xaa, 0xaa, 0x80,
    0x5, 0xfe, 0xee, 0x10, 0x77, 0x77, 0x79, 0xd0,
    0x1e, 0x62, 0xac, 0x0, 0x0, 0x0, 0x4, 0xd0,
    0xac, 0x3, 0xf2, 0x0, 0xae, 0xee, 0xee, 0xd0,
    0x6f, 0xef, 0xfe, 0xd0, 0x23, 0x33, 0x37, 0xd0,
    0xf, 0x1b, 0x42, 0xf0, 0x22, 0x22, 0x26, 0xd0,
    0xf, 0x1b, 0x41, 0xf2, 0xdd, 0xdd, 0xde, 0xd0,
    0xf, 0xff, 0xff, 0xf0, 0x0, 0x0, 0x3, 0x70,
    0xf, 0x1b, 0x41, 0xf2, 0x44, 0x44, 0x6f, 0x43,
    0xf, 0x1b, 0x41, 0xf7, 0xcc, 0xcc, 0xcf, 0xc8,
    0xf, 0xef, 0xfe, 0xf0, 0x47, 0x0, 0x2f, 0x0,
    0xc, 0x10, 0x1, 0x80, 0x3f, 0x40, 0x2f, 0x0,
    0x0, 0x0, 0x12, 0x31, 0x6, 0x90, 0x2f, 0x0,
    0x9d, 0xef, 0xff, 0xf3, 0x2, 0x22, 0x7e, 0x0,
    0x46, 0x43, 0x10, 0x0, 0xa, 0xff, 0xf6, 0x0,
    0x0, 0x0, 0x0, 0x0, 0x0, 0x0, 0x0, 0x0,

    /* U+9CA0 "鲠" */
    0x0, 0x21, 0x0, 0x0, 0x0, 0x0, 0x0, 0x0,
    0x0, 0xc5, 0x0, 0x26, 0x66, 0x66, 0x66, 0x64,
    0x3, 0xfe, 0xe7, 0x3a, 0xaa, 0xbf, 0xaa, 0xa6,
    0xd, 0x50, 0xd4, 0x0, 0x0, 0x2e, 0x0, 0x0,
    0x8c, 0x6, 0xc0, 0xc, 0xee, 0xef, 0xee, 0xe0,
    0x7f, 0xff, 0xff, 0x1e, 0x53, 0x5e, 0x33, 0xf0,
    0xf, 0xe, 0xd, 0x1e, 0x30, 0x3e, 0x1, 0xf0,
    0xf, 0xe, 0xd, 0x1e, 0xff, 0xff, 0xff, 0xf0,
    0xf, 0xef, 0xef, 0x1e, 0x20, 0x2e, 0x0, 0xf0,
    0xf, 0xe, 0xd, 0x1e, 0x64, 0x6e, 0x45, 0xf0,
    0xf, 0xe, 0xd, 0x1a, 0xbb, 0xde, 0xbb, 0xf0,
    0xf, 0xff, 0xff, 0x14, 0xc0, 0x9a, 0x0, 0x50,
    0xb, 0x0, 0x7, 0x0, 0xcc, 0xe6, 0x0, 0x0,
    0x12, 0x45, 0x67, 0x30, 0x2f, 0xf6, 0x0, 0x0,
    0xbf, 0xdc, 0xa9, 0x58, 0xfc, 0x7f, 0xe8, 0x52,
    0x0, 0x0, 0x9, 0xfc, 0x50, 0x0, 0x6c, 0xf7,
    0x0, 0x0, 0x1, 0x10, 0x0, 0x0, 0x0, 0x0,

    /* U+9CA1 "鲡" */
    0x0, 0x42, 0x0, 0x0, 0x0, 0x0, 0x0, 0x0,
    0x0, 0xe2, 0x0, 0x3a, 0xaa, 0xaa, 0xaa, 0xa5,
    0x6, 0xfd, 0xd5, 0x27, 0x77, 0x77, 0x77, 0x73,
    0xe, 0x52, 0xd3, 0x0, 0x0, 0x0, 0x0, 0x0,
    0x9a, 0x4, 0xb0, 0xb, 0xdd, 0xb3, 0xdd, 0xd1,
    0x5f, 0xff, 0xff, 0xe, 0x55, 0xe4, 0xb4, 0xe1,
    0xe, 0xe, 0xe, 0xe, 0x11, 0xe4, 0x90, 0xe1,
    0xe, 0xe, 0xe, 0xe, 0x92, 0xe4, 0xd6, 0xe1,
    0xf, 0xff, 0xff, 0xe, 0x95, 0xe4, 0xb9, 0xe1,
    0xe, 0xe, 0xe, 0xe, 0x69, 0xe4, 0x9b, 0xe1,
    0xe, 0xe, 0xe, 0xe, 0x4c, 0xe4, 0x9c, 0xe1,
    0xf, 0xff, 0xff, 0xe, 0x12, 0xe4, 0x90, 0xe1,
    0xb, 0x0, 0x7, 0xe, 0x11, 0xe4, 0x90, 0xe1,
    0x0, 0x0, 0x1, 0x1e, 0x11, 0xe4, 0x90, 0xe1,
    0x7b, 0xce, 0xff, 0x7e, 0x23, 0xd4, 0x91, 0xe1,
    0x67, 0x54, 0x21, 0xe, 0x9e, 0x84, 0x9f, 0xc0,

    /* U+9CA2 "鲢" */
    0x0, 0x11, 0x0, 0x0, 0x0, 0x4, 0x10, 0x0,
    0x0, 0xb7, 0x0, 0x98, 0x0, 0xe, 0x30, 0x0,
    0x3, 0xff, 0xe6, 0x5d, 0x4, 0x6f, 0x54, 0x41,
    0xd, 0x51, 0xe3, 0xf, 0x3c, 0xee, 0xcc, 0xc4,
    0x9b, 0x8, 0xa0, 0x7, 0x30, 0xc5, 0x40, 0x0,
    0x6e, 0xff, 0xfe, 0x0, 0x1, 0xf0, 0xf1, 0x0,
    0xe, 0xd, 0xe, 0x9a, 0x26, 0xb0, 0xf1, 0x0,
    0xe, 0xd, 0xe, 0x7e, 0x4b, 0xb7, 0xf8, 0x70,
    0xf, 0xef, 0xef, 0xc, 0x46, 0x88, 0xf9, 0x80,
    0xe, 0xd, 0xe, 0xc, 0x40, 0x0, 0xf1, 0x0,
    0xe, 0xd, 0xe, 0xc, 0x66, 0x66, 0xf6, 0x63,
    0xf, 0xef, 0xef, 0xc, 0x7a, 0xaa, 0xfa, 0xa5,
    0xe, 0x11, 0x1a, 0xc, 0x40, 0x0, 0xf1, 0x0,
    0x2, 0x35, 0x68, 0x3f, 0x90, 0x0, 0xf1, 0x0,
    0xaf, 0xff, 0xfd, 0xc6, 0xd8, 0x10, 0x20, 0x0,
    0x45, 0x31, 0x2, 0xc0, 0x1a, 0xff, 0xff, 0xf8,
    0x0, 0x0, 0x0, 0x20, 0x0, 0x0, 0x0, 0x0,

    /* U+9CA3 "鲣" */
    0x0, 0x20, 0x0, 0x0, 0x1, 0x0, 0x0, 0x0,
    0x0, 0xe4, 0x0, 0x1, 0x3c, 0x44, 0x44, 0x41,
    0x6, 0xfe, 0xe5, 0x2c, 0x3c, 0xbd, 0xbb, 0xf3,
    0x1e, 0x41, 0xe2, 0x2c, 0x3c, 0x2c, 0x1, 0xe0,
    0x9c, 0x38, 0xc3, 0x2c, 0x3c, 0xd, 0x26, 0x90,
    0x5f, 0xbf, 0xbe, 0x2c, 0x3c, 0x6, 0xbe, 0x20,
    0xe, 0xd, 0xe, 0x2c, 0x3c, 0x1, 0xfb, 0x0,
    0xe, 0x4e, 0x4e, 0x2c, 0x3c, 0x5e, 0x9d, 0xb3,
    0xf, 0xaf, 0xae, 0x14, 0x3c, 0xb5, 0x0, 0x88,
    0xe, 0xd, 0xe, 0x0, 0x3, 0x98, 0x0, 0x0,
    0xe, 0xd, 0xe, 0x3, 0x33, 0xaa, 0x33, 0x30,
    0xf, 0xff, 0xfe, 0xb, 0xdd, 0xfe, 0xdd, 0xd0,
    0x9, 0x0, 0x7, 0x0, 0x0, 0x98, 0x0, 0x0,
    0x25, 0x78, 0x9a, 0x20, 0x0, 0x98, 0x0, 0x0,
    0x5b, 0x98, 0x65, 0x9f, 0xff, 0xff, 0xff, 0xfa,
    0x0, 0x0, 0x0, 0x12, 0x22, 0x22, 0x22, 0x21,

    /* U+9CA5 "鲥" */
    0x0, 0x0, 0x0, 0x0, 0x0, 0x0, 0x0, 0x0,
    0x0, 0xb7, 0x0, 0x0, 0x0, 0x0, 0x2, 0xe0,
    0x3, 0xfe, 0xe4, 0xf, 0xff, 0xb0, 0x2, 0xe0,
    0xc, 0x52, 0xf1, 0xf, 0x4, 0xb0, 0x2, 0xe0,
    0x9b, 0x9, 0x90, 0xf, 0x4, 0xbe, 0xff, 0xff,
    0x8f, 0xff, 0xff, 0xf, 0x4, 0xb2, 0x24, 0xe2,
    0xe, 0xd, 0xe, 0xf, 0x4, 0xb1, 0x12, 0xe0,
    0xe, 0xd, 0xe, 0xf, 0xcd, 0xb8, 0x82, 0xe0,
    0xf, 0xef, 0xef, 0xf, 0x36, 0xb3, 0xe2, 0xe0,
    0xe, 0xd, 0xe, 0xf, 0x4, 0xb0, 0xd6, 0xe0,
    0xe, 0x2d, 0x2e, 0xf, 0x4, 0xb0, 0x22, 0xe0,
    0xf, 0xbb, 0xbf, 0xf, 0x4, 0xb0, 0x2, 0xe0,
    0xa, 0x0, 0x8, 0xf, 0xee, 0xb0, 0x2, 0xe0,
    0x46, 0x89, 0xbc, 0x4f, 0x25, 0xb0, 0x2, 0xe0,
    0xbf, 0xdb, 0xa8, 0x2a, 0x0, 0x21, 0x16, 0xd0,
    0x0, 0x0, 0x0, 0x0, 0x0, 0x6, 0xff, 0x50,
    0x0, 0x0, 0x0, 0x0, 0x0, 0x0, 0x0, 0x0,

    /* U+9CA6 "鲦" */
    0x0, 0x21, 0x0, 0x0, 0x2, 0x0, 0x0, 0x0,
    0x0, 0xd4, 0x0, 0x0, 0xe, 0x30, 0x0, 0x0,
    0x5, 0xff, 0xf7, 0x0, 0x7f, 0xee, 0xee, 0x60,
    0xd, 0x40, 0xd4, 0x1, 0xfa, 0x22, 0x3f, 0x30,
    0x9b, 0x5, 0xd0, 0xc, 0xaf, 0x30, 0xaa, 0x0,
    0x8f, 0xff, 0xff, 0x6b, 0x6, 0xea, 0xd1, 0x0,
    0xf, 0xd, 0x1c, 0x30, 0x4, 0xef, 0xa1, 0x0,
    0xf, 0x1d, 0x2c, 0x78, 0xde, 0x62, 0xaf, 0xc5,
    0xf, 0xef, 0xef, 0x9a, 0x50, 0x4c, 0x1, 0x73,
    0xf, 0xd, 0x1c, 0x33, 0x44, 0x8d, 0x44, 0x41,
    0xf, 0xd, 0x1c, 0x3a, 0xdd, 0xef, 0xdd, 0xd4,
    0xf, 0xff, 0xff, 0x30, 0x32, 0x5d, 0x6, 0x0,
    0xb, 0x0, 0x6, 0x20, 0xe6, 0x5d, 0x2f, 0x40,
    0x1, 0x34, 0x67, 0x39, 0xc0, 0x5d, 0x6, 0xe1,
    0x6f, 0xfd, 0xca, 0x8f, 0x32, 0x9c, 0x0, 0xb8,
    0x0, 0x0, 0x0, 0x3, 0x4f, 0xf5, 0x0, 0x10,
    0x0, 0x0, 0x0, 0x0, 0x0, 0x0, 0x0, 0x0,

    /* U+9CA7 "鲧" */
    0x0, 0x21, 0x0, 0x0, 0x0, 0x0, 0x0, 0x0,
    0x0, 0xc, 0x50, 0x1, 0x34, 0x55, 0x67, 0x89,
    0x20, 0x3, 0xfe, 0xe7, 0x2e, 0xdc, 0xed, 0xa9,
    0x83, 0x0, 0xc5, 0xe, 0x40, 0x0, 0x4e, 0x40,
    0x0, 0x0, 0x7c, 0x5, 0xc0, 0x0, 0x3e, 0x40,
    0x8, 0x50, 0x9, 0xff, 0xff, 0xf1, 0x6e, 0x41,
    0x17, 0xe2, 0x0, 0xf, 0x1e, 0x1d, 0x4f, 0xff,
    0xef, 0xc1, 0x0, 0x0, 0xf0, 0xe0, 0xd1, 0x20,
    0x1b, 0x90, 0x82, 0x0, 0xf, 0xef, 0xef, 0x10,
    0x5d, 0x60, 0x7, 0xb0, 0x0, 0xf0, 0xe0, 0xd3,
    0xcf, 0xca, 0xab, 0xcf, 0x60, 0xf, 0xe, 0xd,
    0x1a, 0x87, 0x8e, 0x43, 0x6b, 0x0, 0xff, 0xff,
    0xf1, 0x7, 0x33, 0xe0, 0x91, 0x0, 0x9, 0x0,
    0x6, 0x3, 0xf2, 0x3e, 0x9, 0xb0, 0x1, 0x34,
    0x56, 0x83, 0xc8, 0x3, 0xe0, 0x1e, 0x50, 0xbf,
    0xec, 0xb9, 0x9e, 0x32, 0x8d, 0x0, 0x6c, 0x0,
    0x0, 0x0, 0x0, 0x2b, 0xff, 0x60, 0x0, 0x0,
    0x0, 0x0, 0x0, 0x0, 0x0, 0x0, 0x0, 0x0,
    0x0,

    /* U+9CA8 "鲨" */
    0x0, 0x10, 0x0, 0x0, 0x0, 0x0, 0x0, 0x0,
    0x0, 0x8e, 0x60, 0x0, 0x4, 0xd0, 0x10, 0x0,
    0x1, 0x4, 0xc2, 0xb, 0x64, 0xd0, 0x9c, 0x10,
    0x1e, 0xb4, 0x0, 0x6d, 0x4, 0xd0, 0x9, 0xd2,
    0x1, 0x89, 0x31, 0xe3, 0x3, 0xc0, 0x7a, 0x83,
    0x0, 0x2a, 0xf3, 0x12, 0x47, 0xbe, 0xa3, 0x0,
    0x9, 0xf9, 0x46, 0x9d, 0xb8, 0x40, 0x0, 0x0,
    0x9, 0x32, 0xed, 0xaa, 0xaa, 0xaa, 0x30, 0x0,
    0x0, 0x4e, 0x63, 0x33, 0x33, 0x9e, 0x10, 0x0,
    0x8, 0xff, 0xdd, 0xdd, 0xed, 0xfe, 0xde, 0x40,
    0x9, 0x7c, 0x0, 0x0, 0xf0, 0x0, 0xc, 0x40,
    0x0, 0x5f, 0xcc, 0xcc, 0xfc, 0xcc, 0xcf, 0x40,
    0x0, 0x5c, 0x0, 0x0, 0xf0, 0x0, 0xc, 0x40,
    0x0, 0x5f, 0xdd, 0xdd, 0xdd, 0xdd, 0xdf, 0x40,
    0x0, 0x1, 0x0, 0x0, 0x0, 0x0, 0x1, 0x0,
    0x5f, 0xff, 0xff, 0xff, 0xff, 0xff, 0xff, 0xfd,

    /* U+9CA9 "鲩" */
    0x0, 0x42, 0x0, 0x0, 0x1, 0x50, 0x0, 0x0,
    0x0, 0xe3, 0x0, 0x0, 0x2, 0xf2, 0x0, 0x0,
    0x5, 0xfd, 0xd4, 0x3b, 0xbb, 0xfd, 0xbb, 0xb2,
    0xd, 0x52, 0xe3, 0x5e, 0x55, 0x55, 0x55, 0xf3,
    0x7b, 0x5, 0xb0, 0x3a, 0x0, 0x0, 0x0, 0xa2,
    0x8e, 0xef, 0xee, 0x1, 0x55, 0x55, 0x55, 0x0,
    0xe, 0x5e, 0x5e, 0x3, 0xcc, 0xcc, 0xcc, 0x10,
    0xe, 0xe, 0xe, 0x0, 0x0, 0x0, 0x0, 0x0,
    0xf, 0x9f, 0x9f, 0x14, 0x44, 0x44, 0x44, 0x40,
    0xf, 0x5f, 0x5f, 0x3c, 0xdf, 0xce, 0xec, 0xc2,
    0xe, 0xe, 0xe, 0x0, 0x3e, 0x9, 0x90, 0x0,
    0xf, 0xff, 0xff, 0x0, 0x4c, 0x9, 0x90, 0x11,
    0xc, 0x0, 0x8, 0x0, 0x89, 0x9, 0x90, 0x6b,
    0x0, 0x4, 0x7b, 0x60, 0xe4, 0x9, 0x90, 0x7a,
    0x7d, 0xff, 0xc9, 0x4b, 0xb0, 0x9, 0xb1, 0xb8,
    0x67, 0x30, 0x2, 0xec, 0x10, 0x4, 0xff, 0xe2,
    0x0, 0x0, 0x0, 0x40, 0x0, 0x0, 0x0, 0x0,

    /* U+9CAB "鲫" */
    0x0, 0x51, 0x0, 0x0, 0x0, 0x0, 0x0, 0x0,
    0x1, 0xe0, 0x0, 0x8, 0x88, 0x72, 0x88, 0x80,
    0x8, 0xfd, 0xd3, 0x1f, 0x78, 0xd4, 0xd8, 0xf1,
    0x1e, 0x33, 0xf1, 0x1e, 0x2, 0xd4, 0xa0, 0xe1,
    0xa9, 0x8, 0x90, 0x1e, 0x2, 0xd4, 0xa0, 0xe1,
    0x6f, 0xef, 0xfc, 0x1f, 0xff, 0xd4, 0xa0, 0xe1,
    0xd, 0xd, 0xd, 0x1e, 0x2, 0xd4, 0xa0, 0xe1,
    0xd, 0xd, 0xd, 0x1e, 0x2, 0xd4, 0xa0, 0xe1,
    0xf, 0x9f, 0x9d, 0x1f, 0x45, 0xd4, 0xa0, 0xe1,
    0xe, 0x6e, 0x6d, 0x1f, 0xcc, 0xd4, 0xa0, 0xe1,
    0xd, 0xd, 0xd, 0x1e, 0x3, 0x4, 0xa0, 0xe1,
    0xf, 0xcf, 0xcd, 0x1e, 0xb, 0x54, 0xa1, 0xf0,
    0xb, 0x33, 0x39, 0x1e, 0x1c, 0xc4, 0xdf, 0xb0,
    0x0, 0x0, 0x24, 0x4f, 0xea, 0xd7, 0xa0, 0x0,
    0x7e, 0xff, 0xec, 0x7e, 0x40, 0x14, 0xa0, 0x0,
    0x22, 0x10, 0x0, 0x1, 0x0, 0x4, 0xa0, 0x0,

    /* U+9CAD "鲭" */
    0x0, 0x10, 0x0, 0x0, 0x0, 0x13, 0x0, 0x0,
    0x0, 0xc5, 0x0, 0x0, 0x0, 0x5c, 0x0, 0x0,
    0x4, 0xff, 0xf7, 0x2f, 0xff, 0xff, 0xff, 0xf8,
    0xd, 0x40, 0xd4, 0x0, 0x0, 0x5c, 0x0, 0x0,
    0x8c, 0x5, 0xc0, 0x8, 0xdd, 0xef, 0xdd, 0xd1,
    0x7f, 0xff, 0xff, 0x21, 0x33, 0x7c, 0x33, 0x30,
    0xf, 0xe, 0xc, 0x6c, 0xcc, 0xdf, 0xcc, 0xc8,
    0xf, 0x2e, 0x2d, 0x32, 0x22, 0x22, 0x22, 0x22,
    0xf, 0xcf, 0xcf, 0x25, 0xff, 0xff, 0xff, 0xc0,
    0xf, 0xe, 0xc, 0x26, 0xa0, 0x0, 0x4, 0xd0,
    0xf, 0x3e, 0x3d, 0x26, 0xfe, 0xee, 0xee, 0xd0,
    0xf, 0xcc, 0xcf, 0x26, 0xa0, 0x0, 0x3, 0xd0,
    0xb, 0x0, 0x7, 0x16, 0xfe, 0xee, 0xef, 0xd0,
    0x35, 0x78, 0x9b, 0x86, 0xa0, 0x0, 0x4, 0xd0,
    0xad, 0xba, 0x98, 0x46, 0xa0, 0x4, 0x49, 0xc0,
    0x0, 0x0, 0x0, 0x6, 0xa0, 0xd, 0xdc, 0x40,

    /* U+9CAE "鲮" */
    0x0, 0x31, 0x0, 0x0, 0x0, 0x13, 0x0, 0x0,
    0x0, 0xe4, 0x0, 0x0, 0x0, 0x6b, 0x0, 0x0,
    0x6, 0xf6, 0x62, 0x2, 0x33, 0x8c, 0x33, 0x30,
    0x1e, 0xb9, 0xe5, 0x8, 0xdd, 0xef, 0xdd, 0xd0,
    0x9b, 0x4, 0xc0, 0x0, 0x0, 0x6b, 0x0, 0x0,
    0x6f, 0xff, 0xff, 0x6e, 0xee, 0xef, 0xee, 0xe9,
    0x1d, 0xf, 0xd, 0x22, 0x36, 0x22, 0x54, 0x21,
    0x1d, 0xf, 0xd, 0x13, 0xea, 0x0, 0x7f, 0x80,
    0x1f, 0xff, 0xff, 0x6f, 0x78, 0xb0, 0x2, 0xc9,
    0x1d, 0xf, 0xd, 0x23, 0x3f, 0xed, 0xdd, 0x40,
    0x1d, 0xf, 0xd, 0x11, 0xdc, 0x22, 0x4f, 0x20,
    0x1f, 0xff, 0xff, 0x2d, 0x9e, 0x50, 0xb9, 0x0,
    0xa, 0x0, 0x6, 0x18, 0x4, 0xfb, 0xd0, 0x0,
    0x1, 0x24, 0x57, 0x40, 0x4, 0xef, 0xa1, 0x0,
    0xaf, 0xfd, 0xca, 0x77, 0xcf, 0x73, 0xcf, 0xa4,
    0x11, 0x0, 0x0, 0x7d, 0x71, 0x0, 0x4, 0xa8,
    0x0, 0x0, 0x0, 0x0, 0x0, 0x0, 0x0, 0x0,

    /* U+9CB0 "鲰" */
    0x0, 0x0, 0x0, 0x0, 0x0, 0x0, 0x0, 0x0,
    0x0, 0xc3, 0x0, 0x44, 0x44, 0x40, 0x0, 0x0,
    0x4, 0xfb, 0xb5, 0xde, 0xcf, 0xc2, 0x11, 0x10,
    0xc, 0x64, 0xe3, 0x68, 0xd, 0x5f, 0xff, 0xf4,
    0x7a, 0x16, 0xb1, 0x68, 0xd, 0x2a, 0x30, 0xb3,
    0x6f, 0xef, 0xed, 0x6f, 0xef, 0x2a, 0x40, 0xc2,
    0xd, 0xc, 0xd, 0x68, 0x1d, 0x29, 0x50, 0xe0,
    0xd, 0xc, 0xd, 0x68, 0xd, 0x27, 0x70, 0xe0,
    0xf, 0xef, 0xed, 0x69, 0x3d, 0x25, 0x93, 0xb0,
    0xd, 0x1c, 0x1d, 0x6e, 0xcf, 0x21, 0xc7, 0x70,
    0xd, 0xc, 0xd, 0x68, 0xd, 0x20, 0xdd, 0x30,
    0xf, 0xee, 0xed, 0x68, 0xd, 0x71, 0x8d, 0x0,
    0x8, 0x0, 0x6, 0x9d, 0xdf, 0xb2, 0xad, 0x0,
    0x24, 0x56, 0x89, 0xa7, 0x3d, 0x25, 0xeb, 0x80,
    0xad, 0xca, 0x97, 0x0, 0xd, 0x6f, 0x52, 0xf5,
    0x0, 0x0, 0x0, 0x0, 0xd, 0x88, 0x0, 0x54,

    /* U+9CB1 "鲱" */
    0x0, 0x22, 0x0, 0x0, 0x1, 0x30, 0x40, 0x0,
    0x0, 0xd4, 0x0, 0x0, 0x4, 0xc0, 0xe2, 0x0,
    0x4, 0xfd, 0xdd, 0x10, 0x4, 0xc0, 0xe2, 0x0,
    0xd, 0x52, 0xbc, 0x9, 0xcd, 0xc0, 0xec, 0xc6,
    0x8b, 0x4, 0xf2, 0x5, 0x69, 0xc0, 0xe8, 0x63,
    0x6e, 0xef, 0xfe, 0xb0, 0x4, 0xc0, 0xe2, 0x0,
    0xf, 0x1e, 0x13, 0xd0, 0x4, 0xc0, 0xe2, 0x0,
    0xf, 0xe, 0x12, 0xd5, 0xcd, 0xc0, 0xec, 0xc4,
    0xf, 0xff, 0xff, 0xd2, 0x47, 0xc0, 0xe6, 0x41,
    0xf, 0xe, 0x12, 0xd0, 0x4, 0xc0, 0xe2, 0x0,
    0xf, 0xe, 0x12, 0xd0, 0x4, 0xc0, 0xe2, 0x0,
    0xf, 0xff, 0xff, 0xda, 0xee, 0xc0, 0xee, 0xe9,
    0xb, 0x0, 0x1, 0x72, 0x36, 0xc0, 0xe4, 0x32,
    0x0, 0x0, 0x0, 0x21, 0x4, 0xc0, 0xe2, 0x0,
    0x6c, 0xde, 0xff, 0xf4, 0x4, 0xc0, 0xe2, 0x0,
    0x47, 0x53, 0x21, 0x0, 0x4, 0xc0, 0xe2, 0x0,

    /* U+9CB2 "鲲" */
    0x0, 0x43, 0x0, 0x0, 0x0, 0x0, 0x0, 0x0,
    0x0, 0xd4, 0x0, 0x0, 0xbb, 0xbb, 0xbb, 0xb0,
    0x4, 0xfd, 0xdd, 0x30, 0xf5, 0x55, 0x55, 0xf1,
    0xd, 0x62, 0x9e, 0x10, 0xf0, 0x0, 0x0, 0xf1,
    0x8c, 0x2, 0xf4, 0x0, 0xff, 0xff, 0xff, 0xf1,
    0x5e, 0xef, 0xfe, 0xd0, 0xf1, 0x11, 0x11, 0xf1,
    0xf, 0x1d, 0x31, 0xe0, 0xf5, 0x55, 0x55, 0xf1,
    0xf, 0x1d, 0x21, 0xe0, 0xfb, 0xbb, 0xbb, 0xf1,
    0xf, 0xff, 0xff, 0xe0, 0xa0, 0x2, 0x90, 0x30,
    0xf, 0x1d, 0x21, 0xe0, 0xf0, 0x3, 0xd0, 0xb5,
    0xf, 0x1d, 0x21, 0xe0, 0xfe, 0xe3, 0xed, 0x90,
    0xf, 0xef, 0xee, 0xe0, 0xf3, 0x33, 0xf5, 0x1,
    0xb, 0x10, 0x1, 0x80, 0xf0, 0x3, 0xd0, 0x3c,
    0x0, 0x0, 0x0, 0x0, 0xf0, 0x74, 0xd0, 0x5a,
    0x38, 0x9b, 0xce, 0xf4, 0xfe, 0xb3, 0xe1, 0x88,
    0x5c, 0xa9, 0x76, 0x42, 0xe4, 0x0, 0xcf, 0xe3,
    0x0, 0x0, 0x0, 0x0, 0x0, 0x0, 0x0, 0x0,

    /* U+9CB3 "鲳" */
    0x0, 0x32, 0x0, 0x0, 0x0, 0x0, 0x0, 0x0,
    0x0, 0xd5, 0x10, 0x5, 0xdd, 0xdd, 0xdd, 0xa0,
    0x5, 0xff, 0xf7, 0x7, 0xb2, 0x22, 0x26, 0xc0,
    0xd, 0x40, 0xd3, 0x7, 0xa0, 0x0, 0x4, 0xc0,
    0x9c, 0x26, 0xc2, 0x7, 0xff, 0xff, 0xff, 0xc0,
    0x7f, 0xff, 0xff, 0x27, 0xa0, 0x0, 0x4, 0xc0,
    0xf, 0xe, 0xc, 0x27, 0xb3, 0x33, 0x37, 0xc0,
    0xf, 0x2e, 0x2d, 0x26, 0xdc, 0xcc, 0xcc, 0xb0,
    0xf, 0xef, 0xef, 0x20, 0x0, 0x0, 0x0, 0x0,
    0xf, 0xe, 0xc, 0x2e, 0xff, 0xff, 0xff, 0xf6,
    0xf, 0xe, 0xc, 0x2e, 0x20, 0x0, 0x0, 0xa6,
    0xf, 0xef, 0xef, 0x2e, 0x43, 0x33, 0x33, 0xb6,
    0xd, 0x22, 0x29, 0x1e, 0xcc, 0xcc, 0xcc, 0xe6,
    0x35, 0x67, 0x89, 0x4e, 0x20, 0x0, 0x0, 0xa6,
    0x8a, 0x87, 0x64, 0x1e, 0xff, 0xff, 0xff, 0xf6,
    0x0, 0x0, 0x0, 0xe, 0x31, 0x11, 0x11, 0xb6,

    /* U+9CB4 "鲴" */
    0x0, 0x11, 0x0, 0x0, 0x0, 0x0, 0x0, 0x0,
    0x0, 0xa7, 0x0, 0x6, 0x77, 0x77, 0x77, 0x72,
    0x2, 0xff, 0xe5, 0xe, 0xa8, 0x88, 0x88, 0xd5,
    0xc, 0x61, 0xe2, 0xe, 0x30, 0x28, 0x0, 0xa5,
    0x7d, 0x28, 0xb2, 0xe, 0x30, 0x3c, 0x0, 0xa5,
    0x5f, 0xcf, 0xcf, 0xe, 0x7f, 0xff, 0xfe, 0xa5,
    0xe, 0xd, 0xe, 0xe, 0x30, 0x3c, 0x0, 0xa5,
    0xe, 0x1d, 0x1e, 0xe, 0x30, 0x3c, 0x0, 0xa5,
    0xf, 0xdf, 0xdf, 0xe, 0x3b, 0xff, 0xf5, 0xa5,
    0xe, 0xd, 0xe, 0xe, 0x3b, 0x40, 0xa5, 0xa5,
    0xe, 0x3e, 0x3e, 0xe, 0x3b, 0x40, 0xa5, 0xa5,
    0xf, 0xbb, 0xbf, 0xe, 0x3b, 0xee, 0xf5, 0xa5,
    0x6, 0x0, 0x3, 0xe, 0x3b, 0x41, 0xa5, 0xa5,
    0x35, 0x67, 0x8a, 0x3e, 0x30, 0x0, 0x0, 0xa5,
    0x6b, 0x97, 0x65, 0x1e, 0xff, 0xff, 0xff, 0xf5,
    0x0, 0x0, 0x0, 0xe, 0x41, 0x11, 0x11, 0xb5,

    /* U+9CB5 "鲵" */
    0x0, 0x44, 0x0, 0x0, 0x0, 0x0, 0x0, 0x0,
    0x0, 0xd, 0x60, 0x0, 0x37, 0xca, 0x56, 0x66,
    0x0, 0x6, 0xfd, 0xda, 0xc, 0xb6, 0x18, 0xab,
    0xe0, 0x1, 0xe5, 0x2b, 0x80, 0xc4, 0x0, 0x0,
    0x2e, 0x0, 0xbc, 0x25, 0xe3, 0xc, 0x40, 0x0,
    0x2, 0xe0, 0x4, 0xfc, 0xfc, 0xf3, 0xcf, 0xf5,
    0xcf, 0xfe, 0x0, 0xf, 0xd, 0x1c, 0x3c, 0x52,
    0x1, 0x24, 0xe0, 0x0, 0xf0, 0xd1, 0xc3, 0xc4,
    0x0, 0x0, 0x2e, 0x0, 0xf, 0xff, 0xff, 0x3c,
    0x51, 0x11, 0x13, 0xe0, 0x0, 0xf1, 0xd2, 0xc3,
    0xcf, 0xff, 0xff, 0xfe, 0x0, 0xf, 0xd, 0x1c,
    0x35, 0x1c, 0x4b, 0x51, 0x60, 0x0, 0xff, 0xff,
    0xf3, 0x0, 0xe3, 0xb5, 0x0, 0x0, 0xb, 0x0,
    0x6, 0x10, 0x3f, 0xb, 0x50, 0x2e, 0x0, 0x23,
    0x46, 0x74, 0xc, 0x90, 0xb5, 0x3, 0xe0, 0xbf,
    0xfd, 0xca, 0x6c, 0xd1, 0xb, 0x80, 0x8b, 0x1,
    0x0, 0x0, 0x2f, 0xb1, 0x0, 0x5f, 0xfe, 0x40,
    0x0, 0x0, 0x0, 0x30, 0x0, 0x0, 0x0, 0x0,
    0x0,

    /* U+9CB6 "鲶" */
    0x0, 0x10, 0x0, 0x0, 0x0, 0x1, 0x0, 0x0,
    0x0, 0xe2, 0x0, 0x0, 0x0, 0xbd, 0x0, 0x0,
    0x5, 0xfb, 0xb4, 0x0, 0x5, 0xdb, 0x60, 0x0,
    0xd, 0x53, 0xd3, 0x0, 0x2e, 0x31, 0xe3, 0x0,
    0x7a, 0x4, 0xc0, 0x2, 0xe6, 0xb3, 0x5e, 0x30,
    0x7f, 0xff, 0xff, 0x6f, 0x80, 0x6c, 0x7, 0xf6,
    0xf, 0xe, 0xd, 0x69, 0x22, 0x24, 0x22, 0x66,
    0xf, 0xe, 0xd, 0x11, 0xff, 0xff, 0xfe, 0x0,
    0xf, 0xef, 0xef, 0x10, 0x0, 0x0, 0xa8, 0x0,
    0xf, 0xe, 0xd, 0x10, 0x0, 0x5, 0xe0, 0x0,
    0xf, 0xe, 0xd, 0x10, 0x13, 0x88, 0x30, 0x0,
    0xf, 0xff, 0xff, 0x1c, 0x7d, 0x2f, 0x11, 0xd0,
    0x7, 0x0, 0x6, 0x2f, 0x5d, 0x5, 0x39, 0xd5,
    0x0, 0x25, 0x8a, 0x7c, 0x4d, 0x0, 0x4c, 0x8b,
    0x7f, 0xfd, 0xa7, 0xa7, 0x3e, 0x10, 0x9a, 0x26,
    0x23, 0x0, 0x0, 0x0, 0xb, 0xff, 0xe2, 0x0,

    /* U+9CB7 "鲷" */
    0x0, 0x21, 0x0, 0x0, 0x0, 0x0, 0x0, 0x0,
    0xc, 0x50, 0x1, 0x66, 0x66, 0x66, 0x64, 0x4,
    0xfe, 0xe6, 0x3e, 0xaa, 0xaa, 0xab, 0xc0, 0xd4,
    0xc, 0x33, 0xc0, 0xa, 0x30, 0x3c, 0x8b, 0x4,
    0xc0, 0x3c, 0x35, 0xd8, 0x53, 0xc7, 0xfe, 0xfe,
    0xf3, 0xc5, 0xae, 0xba, 0x4c, 0xe, 0xe, 0xe,
    0x3c, 0x0, 0xb4, 0x3, 0xc0, 0xe1, 0xe1, 0xe3,
    0xce, 0xff, 0xff, 0xac, 0xf, 0xbf, 0xbf, 0x3c,
    0x0, 0x0, 0x3, 0xc0, 0xe0, 0xe0, 0xe3, 0xc4,
    0xff, 0xfb, 0x3c, 0xe, 0x4e, 0x4e, 0x3b, 0x4b,
    0x14, 0xc3, 0xc0, 0xfb, 0xbb, 0xf5, 0xa4, 0xa0,
    0x3c, 0x3c, 0xa, 0x0, 0x7, 0x79, 0x4f, 0xff,
    0xc3, 0xc5, 0x79, 0xab, 0xcc, 0x63, 0x80, 0x0,
    0x3c, 0xbf, 0xdb, 0x98, 0xf2, 0x0, 0x2, 0x28,
    0xb0, 0x0, 0x0, 0x2c, 0x0, 0x0, 0x9f, 0xf5,
    0x0, 0x0, 0x0, 0x10, 0x0, 0x0, 0x0, 0x0,

    /* U+9CBA "鲺" */
    0x0, 0x11, 0x0, 0x0, 0x0, 0x0, 0x0, 0x0,
    0x0, 0xb7, 0x0, 0x25, 0x55, 0x55, 0x54, 0x0,
    0x3, 0xff, 0xe7, 0x5b, 0xbb, 0xbb, 0xcd, 0x0,
    0xd, 0x51, 0xe3, 0x0, 0x0, 0x13, 0x3d, 0x0,
    0x9b, 0x8, 0xa0, 0x6e, 0xff, 0xec, 0x5d, 0x0,
    0x6e, 0xff, 0xfe, 0x1, 0x1e, 0x0, 0x3d, 0x0,
    0xe, 0xd, 0xe, 0x3, 0x3e, 0x33, 0x3d, 0x0,
    0xe, 0xd, 0xe, 0x3e, 0xcf, 0xcf, 0x3d, 0x0,
    0xf, 0xef, 0xef, 0x3a, 0x1e, 0xe, 0x4d, 0x0,
    0xe, 0xd, 0xe, 0x3a, 0x1e, 0xe, 0x3d, 0x0,
    0xe, 0xd, 0xe, 0x3f, 0xdf, 0xdf, 0x3d, 0x0,
    0xf, 0xff, 0xff, 0x3a, 0x3e, 0x23, 0x3d, 0x45,
    0xe, 0x0, 0xa, 0x0, 0x1e, 0x4a, 0x2e, 0x6a,
    0x0, 0x13, 0x45, 0x0, 0x1e, 0x2f, 0x3f, 0x88,
    0xbf, 0xfe, 0xda, 0xbf, 0xfe, 0xdd, 0x8e, 0xf6,
    0x22, 0x0, 0x0, 0x11, 0x0, 0x3, 0x66, 0xe1,

    /* U+9CBB "鲻" */
    0x0, 0x21, 0x0, 0x0, 0x10, 0x1, 0x0, 0x20,
    0x0, 0xc4, 0x0, 0x0, 0xc8, 0xd, 0x71, 0xe3,
    0x4, 0xfe, 0xe8, 0x7, 0xb0, 0x7d, 0xa, 0x80,
    0xd, 0x40, 0xc5, 0x3e, 0x12, 0xf3, 0x3e, 0x0,
    0x9c, 0x4, 0xd0, 0xc, 0x70, 0xc9, 0xd, 0x70,
    0x7f, 0xff, 0xff, 0x32, 0xf5, 0x1e, 0x62, 0xf3,
    0xf, 0xe, 0xb, 0x30, 0x51, 0x3, 0x30, 0x51,
    0xf, 0xe, 0xb, 0x37, 0xaa, 0xaa, 0xaa, 0xa0,
    0xf, 0xef, 0xef, 0x3b, 0x86, 0x7f, 0x66, 0xf1,
    0xf, 0xe, 0xb, 0x3b, 0x40, 0x1e, 0x0, 0xe1,
    0xf, 0xe, 0xb, 0x3b, 0x62, 0x3e, 0x22, 0xe1,
    0xf, 0xff, 0xff, 0x3b, 0xed, 0xdf, 0xdd, 0xf1,
    0xb, 0x0, 0x6, 0x2b, 0x40, 0x1e, 0x0, 0xe1,
    0x35, 0x67, 0x8a, 0x6b, 0x40, 0x1e, 0x0, 0xe1,
    0x9c, 0xba, 0x98, 0x4b, 0xee, 0xef, 0xee, 0xf1,
    0x0, 0x0, 0x0, 0xb, 0x62, 0x22, 0x22, 0xe1,

    /* U+9CBC "鲼" */
    0x0, 0x44, 0x0, 0x0, 0x0, 0x24, 0x0, 0x0,
    0x0, 0xd5, 0x0, 0x0, 0x0, 0x6a, 0x0, 0x0,
    0x6, 0xfd, 0xda, 0x9, 0xee, 0xff, 0xee, 0xe0,
    0x1e, 0x52, 0xb8, 0x1, 0x22, 0x7b, 0x23, 0x10,
    0xbc, 0x25, 0xe3, 0x0, 0x96, 0x35, 0x2e, 0x0,
    0x4f, 0xcf, 0xce, 0x7c, 0xed, 0xcc, 0xcf, 0xc6,
    0xf, 0xd, 0x1b, 0x54, 0xb9, 0x44, 0x5e, 0x42,
    0xf, 0x1d, 0x2b, 0x40, 0x53, 0x0, 0x17, 0x0,
    0xf, 0xef, 0xef, 0x46, 0xff, 0xff, 0xff, 0xa0,
    0xf, 0xd, 0x1b, 0x46, 0xa0, 0x0, 0x6, 0xa0,
    0xf, 0xd, 0x1b, 0x46, 0xa0, 0x69, 0x6, 0xa0,
    0xf, 0xff, 0xff, 0x46, 0xa0, 0x88, 0x6, 0xa0,
    0xb, 0x0, 0x5, 0x26, 0xa0, 0xc7, 0x6, 0xa0,
    0x34, 0x67, 0x89, 0x70, 0x16, 0xec, 0xb3, 0x0,
    0x9c, 0xa9, 0x76, 0x56, 0xce, 0x30, 0x5e, 0xa2,
    0x0, 0x0, 0x0, 0xac, 0x70, 0x0, 0x0, 0x97,
    0x0, 0x0, 0x0, 0x0, 0x0, 0x0, 0x0, 0x0,

    /* U+9CBD "鲽" */
    0x0, 0x20, 0x0, 0x0, 0x0, 0x20, 0x2, 0x0,
    0x0, 0xe3, 0x0, 0x9, 0x30, 0xf0, 0xf, 0x0,
    0x5, 0xfa, 0xa3, 0x1c, 0x51, 0xf1, 0x2f, 0x10,
    0xe, 0x76, 0xe3, 0xbf, 0xff, 0xff, 0xff, 0xf5,
    0x9b, 0x26, 0xc2, 0xb, 0x40, 0xf0, 0xf, 0x0,
    0x4f, 0xbf, 0xbf, 0xb, 0x40, 0xfb, 0xbf, 0x0,
    0xe, 0xe, 0xe, 0xb, 0x40, 0xd4, 0x4c, 0x0,
    0xe, 0xe, 0xe, 0xb, 0x51, 0x11, 0x11, 0x10,
    0xf, 0xef, 0xef, 0xb, 0xff, 0xff, 0xff, 0xe0,
    0xe, 0xe, 0xe, 0x0, 0x0, 0x78, 0x0, 0x0,
    0xe, 0xe, 0xe, 0x59, 0x99, 0xcd, 0x99, 0x94,
    0xf, 0xee, 0xef, 0x37, 0x7d, 0xef, 0xc7, 0x73,
    0x5, 0x0, 0x5, 0x0, 0x7c, 0x89, 0xd3, 0x0,
    0x13, 0x68, 0xad, 0x49, 0xd1, 0x78, 0x3e, 0x40,
    0x6c, 0xa7, 0x53, 0xec, 0x10, 0x78, 0x4, 0xf6,
    0x0, 0x0, 0x0, 0x30, 0x0, 0x78, 0x0, 0x20,

    /* U+9CC4 "鳄" */
    0x0, 0x42, 0x0, 0x0, 0x0, 0x0, 0x0, 0x0,
    0x0, 0xe2, 0x0, 0xb, 0xcc, 0x83, 0xcc, 0xb0,
    0x5, 0xfd, 0xd5, 0xe, 0x25, 0xb5, 0x92, 0xe0,
    0xd, 0x52, 0xd4, 0xe, 0x3, 0xb5, 0x80, 0xe0,
    0x8b, 0x4, 0xc0, 0xe, 0xbc, 0xb5, 0xdb, 0xe0,
    0x6e, 0xde, 0xed, 0xc, 0x56, 0xa4, 0x95, 0xd0,
    0xe, 0x1e, 0x1d, 0x10, 0x0, 0x0, 0x0, 0x0,
    0xe, 0xe, 0xd, 0x16, 0xee, 0xee, 0xee, 0x60,
    0xf, 0xbf, 0xbf, 0x10, 0x0, 0x0, 0x0, 0x0,
    0xe, 0x1e, 0x1d, 0x7f, 0xff, 0xff, 0xff, 0xf9,
    0xe, 0xe, 0xd, 0x11, 0xe5, 0x0, 0x0, 0x0,
    0xf, 0xff, 0xff, 0x14, 0xfd, 0xdd, 0xdd, 0x30,
    0xd, 0x0, 0x9, 0x0, 0x22, 0x22, 0x2e, 0x20,
    0x0, 0x0, 0x0, 0x10, 0x0, 0x0, 0xf, 0x10,
    0x69, 0xbc, 0xef, 0xf0, 0x1, 0x21, 0x6e, 0x0,
    0x79, 0x86, 0x43, 0x10, 0x6, 0xff, 0xe5, 0x0,
    0x0, 0x0, 0x0, 0x0, 0x0, 0x0, 0x0, 0x0,

    /* U+9CC5 "鳅" */
    0x0, 0x23, 0x0, 0x0, 0x0, 0x0, 0x30, 0x0,
    0x0, 0xb6, 0x0, 0x35, 0x69, 0x10, 0xe1, 0x0,
    0x4, 0xfe, 0xd7, 0x8b, 0xe6, 0x10, 0xe1, 0x0,
    0x1d, 0x51, 0xe4, 0x1, 0xd0, 0x50, 0xe1, 0x22,
    0x9a, 0x17, 0xb1, 0x1, 0xd0, 0xd0, 0xe0, 0x95,
    0x3f, 0xdf, 0xde, 0x8d, 0xfc, 0xc2, 0xf1, 0xc1,
    0xe, 0xd, 0xe, 0x18, 0xe2, 0x85, 0xf3, 0xd0,
    0xe, 0xd, 0xe, 0xb, 0xd0, 0x59, 0xf9, 0x90,
    0xf, 0xef, 0xee, 0xc, 0xe7, 0x14, 0xf8, 0x20,
    0xe, 0xd, 0xe, 0x68, 0xdb, 0x46, 0xc9, 0x0,
    0xe, 0xd, 0xe, 0xc3, 0xd1, 0x59, 0x7d, 0x0,
    0xf, 0xff, 0xff, 0xa1, 0xd0, 0xd, 0x2d, 0x20,
    0xa, 0x0, 0x2, 0x21, 0xd0, 0x3d, 0x9, 0x80,
    0x2, 0x34, 0x56, 0x31, 0xd0, 0xb7, 0x3, 0xe0,
    0xaf, 0xdc, 0xb9, 0x31, 0xd5, 0xf1, 0x0, 0xd8,
    0x0, 0x0, 0x0, 0x1, 0xd6, 0x60, 0x0, 0x55,
    0x0, 0x0, 0x0, 0x0, 0x0, 0x0, 0x0, 0x0,

    /* U+9CC6 "鳆" */
    0x0, 0x21, 0x0, 0x0, 0x12, 0x0, 0x0, 0x0,
    0x0, 0xc5, 0x0, 0x0, 0xa9, 0x0, 0x0, 0x0,
    0x4, 0xfe, 0xe6, 0x4, 0xff, 0xff, 0xff, 0xf0,
    0xd, 0x51, 0xd3, 0x2e, 0x70, 0x0, 0x0, 0x0,
    0x8b, 0x5, 0xb0, 0x9d, 0xdd, 0xdd, 0xdd, 0x20,
    0x6f, 0xff, 0xff, 0x13, 0xc2, 0x22, 0x2c, 0x30,
    0x1d, 0xe, 0xd, 0x13, 0xfc, 0xcc, 0xcf, 0x30,
    0x1d, 0xe, 0xd, 0x13, 0xc2, 0x22, 0x2c, 0x30,
    0x1f, 0xdf, 0xdf, 0x13, 0xfe, 0xee, 0xef, 0x30,
    0x1d, 0xe, 0xd, 0x10, 0x54, 0x22, 0x2a, 0x20,
    0x1d, 0xe, 0xd, 0x10, 0xdb, 0x99, 0x99, 0x40,
    0x1f, 0xff, 0xff, 0x19, 0xf9, 0x44, 0x7f, 0x40,
    0xa, 0x0, 0xa, 0x3d, 0x3e, 0x31, 0xd8, 0x0,
    0x23, 0x56, 0x79, 0x21, 0x5, 0xee, 0x80, 0x0,
    0x9e, 0xcb, 0xa8, 0x23, 0x7d, 0xed, 0xd8, 0x41,
    0x0, 0x0, 0x0, 0xdf, 0xa5, 0x0, 0x5a, 0xe5,
    0x0, 0x0, 0x0, 0x10, 0x0, 0x0, 0x0, 0x0,

    /* U+9CC7 "鳇" */
    0x0, 0x44, 0x0, 0x0, 0x0, 0x71, 0x0, 0x0,
    0x0, 0xd, 0x60, 0x0, 0x12, 0x7f, 0x32, 0x22,
    0x0, 0x5, 0xfd, 0xda, 0xd, 0xed, 0xdd, 0xde,
    0xe0, 0x1, 0xe6, 0x2b, 0x80, 0xd4, 0x0, 0x0,
    0x2e, 0x0, 0xac, 0x2, 0xe1, 0xd, 0xa8, 0x88,
    0x89, 0xe0, 0x7, 0xff, 0xff, 0xf3, 0xda, 0x88,
    0x88, 0x9e, 0x0, 0xf, 0xd, 0x1c, 0x3d, 0x40,
    0x0, 0x2, 0xe0, 0x0, 0xf0, 0xd1, 0xc3, 0xdf,
    0xff, 0xff, 0xfe, 0x0, 0xf, 0xcf, 0xdf, 0x36,
    0x20, 0x0, 0x1, 0x70, 0x0, 0xf0, 0xd1, 0xc6,
    0xdd, 0xdd, 0xdd, 0xdd, 0x50, 0xf, 0xd, 0x1c,
    0x32, 0x22, 0x6c, 0x22, 0x20, 0x0, 0xfe, 0xfe,
    0xf3, 0x0, 0x5, 0xc0, 0x0, 0x0, 0xc, 0x22,
    0x26, 0x1d, 0xff, 0xff, 0xff, 0xf1, 0x0, 0x2,
    0x35, 0x63, 0x0, 0x5, 0xc0, 0x0, 0x0, 0xbf,
    0xff, 0xdc, 0x50, 0x0, 0x5c, 0x0, 0x0, 0x2,
    0x20, 0x0, 0xe, 0xff, 0xff, 0xff, 0xff, 0xf0,

    /* U+9CCA "鳊" */
    0x0, 0x33, 0x0, 0x0, 0x0, 0x60, 0x0, 0x0,
    0x0, 0xc7, 0x10, 0x0, 0x0, 0xd6, 0x0, 0x0,
    0x4, 0xfe, 0xf7, 0x3e, 0xee, 0xff, 0xee, 0xd0,
    0xd, 0x41, 0xf2, 0x4b, 0x11, 0x11, 0x11, 0xf0,
    0x9a, 0x8, 0xa0, 0x4a, 0x0, 0x0, 0x0, 0xf0,
    0x6f, 0xff, 0xfe, 0x4f, 0xdd, 0xdd, 0xdd, 0xf0,
    0xe, 0xd, 0xe, 0x4b, 0x11, 0x11, 0x11, 0x90,
    0xe, 0xd, 0xe, 0x4a, 0x34, 0x44, 0x44, 0x40,
    0xf, 0xef, 0xef, 0x4a, 0xeb, 0xfb, 0xfb, 0xe2,
    0xe, 0xd, 0xe, 0x59, 0xe0, 0xe0, 0xe0, 0xc2,
    0xe, 0x2d, 0x2e, 0x68, 0xe0, 0xe0, 0xe0, 0xc2,
    0xf, 0xdd, 0xdf, 0x86, 0xee, 0xfe, 0xfe, 0xf2,
    0x5, 0x0, 0x5, 0xc3, 0xe0, 0xe0, 0xe0, 0xc2,
    0x24, 0x67, 0x9a, 0xe0, 0xe0, 0xe0, 0xe0, 0xc2,
    0x9d, 0xb9, 0x7d, 0x90, 0xe0, 0xe0, 0xe0, 0xd2,
    0x0, 0x0, 0x9, 0x20, 0xe0, 0x30, 0x5f, 0xb0,
    0x0, 0x0, 0x0, 0x0, 0x0, 0x0, 0x0, 0x0,

    /* U+9CCB "鳋" */
    0x0, 0x41, 0x0, 0x0, 0x0, 0x0, 0x0, 0x0,
    0x0, 0xe, 0x20, 0x4, 0x77, 0x77, 0x77, 0x77,
    0x0, 0x6, 0xfb, 0xb5, 0x4e, 0xa8, 0xa8, 0x8b,
    0xe0, 0x0, 0xd5, 0x3d, 0x40, 0x7c, 0x2e, 0x31,
    0xd4, 0x0, 0x8a, 0x3, 0xd0, 0x0, 0xc9, 0x34,
    0xd7, 0x0, 0x7, 0xff, 0xff, 0xf1, 0x0, 0xcd,
    0xf5, 0x0, 0x0, 0xf, 0xe, 0xd, 0x57, 0xbe,
    0x9c, 0xfb, 0x86, 0x0, 0xf0, 0xe0, 0xd9, 0xb6,
    0xc, 0x22, 0x6a, 0x80, 0xf, 0xdf, 0xdf, 0x12,
    0x33, 0xf5, 0x33, 0x20, 0x0, 0xf3, 0xe3, 0xe1,
    0xec, 0xcf, 0xcc, 0xdc, 0x0, 0xf, 0x1e, 0x1d,
    0x1e, 0x20, 0xe2, 0x4, 0xc0, 0x0, 0xfc, 0xcc,
    0xf1, 0xee, 0xef, 0xee, 0xec, 0x0, 0x4, 0x0,
    0x3, 0xe, 0x31, 0xe3, 0x15, 0x10, 0x0, 0x13,
    0x57, 0x92, 0x0, 0xe, 0x20, 0xc9, 0x0, 0x7d,
    0xa8, 0x53, 0x9b, 0xcd, 0xff, 0xff, 0xf7, 0x0,
    0x0, 0x0, 0x4, 0x64, 0x32, 0x10, 0x3, 0xd0,
    0x0, 0x0, 0x0, 0x0, 0x0, 0x0, 0x0, 0x0,
    0x0,

    /* U+9CCC "鳌" */
    0x0, 0x0, 0x11, 0x0, 0x0, 0x3, 0x0, 0x0,
    0x4, 0x44, 0x9a, 0x44, 0x30, 0x6b, 0x0, 0x0,
    0x6, 0x66, 0xab, 0x66, 0x51, 0xed, 0xcc, 0xc9,
    0x7, 0xaa, 0xcd, 0xaa, 0x4b, 0xf1, 0xa, 0x50,
    0x2a, 0xaa, 0xcd, 0xaa, 0xa6, 0x89, 0x2e, 0x0,
    0x0, 0x6c, 0x55, 0x55, 0x0, 0xd, 0xe5, 0x0,
    0x2, 0xd7, 0x66, 0x6f, 0x0, 0x7e, 0xdb, 0x30,
    0x3e, 0x62, 0xdd, 0xc8, 0xd, 0x92, 0x5, 0xc7,
    0x1, 0x3, 0xea, 0x77, 0x77, 0x77, 0x10, 0x0,
    0x0, 0x3e, 0x64, 0x44, 0x44, 0xad, 0x10, 0x0,
    0x7, 0xfe, 0xcc, 0xcd, 0xec, 0xcc, 0xcd, 0x0,
    0x9, 0xab, 0x66, 0x6b, 0xc6, 0x66, 0x8e, 0x0,
    0x0, 0x8b, 0x55, 0x5a, 0xc5, 0x55, 0x6e, 0x0,
    0x0, 0x8e, 0xcc, 0xcc, 0xdc, 0xcc, 0xce, 0x0,
    0x0, 0x11, 0x0, 0x0, 0x0, 0x0, 0x2, 0x0,
    0x3d, 0xdd, 0xdd, 0xdd, 0xdd, 0xdd, 0xdd, 0xda,

    /* U+9CCD "鳍" */
    0x0, 0x10, 0x0, 0x0, 0x0, 0x20, 0x0, 0x0,
    0x0, 0xa6, 0x0, 0x0, 0x4, 0xc0, 0x0, 0x40,
    0x3, 0xfe, 0xfa, 0x7, 0xcd, 0xfc, 0xc8, 0xe2,
    0xc, 0x40, 0xd5, 0x0, 0x15, 0xc1, 0x9e, 0x20,
    0x9b, 0x6, 0xc0, 0x27, 0x79, 0xda, 0xf8, 0x73,
    0x6e, 0xff, 0xff, 0x57, 0x7b, 0xf9, 0x77, 0x73,
    0xd, 0x1e, 0xc, 0x34, 0xbd, 0x55, 0x9e, 0x50,
    0xd, 0x1e, 0xc, 0xbd, 0xbe, 0xc8, 0x42, 0xb0,
    0xd, 0xef, 0xef, 0x30, 0x4d, 0x55, 0x5a, 0x90,
    0xd, 0x1e, 0xc, 0x30, 0x5, 0x78, 0x76, 0x0,
    0xd, 0x1e, 0xc, 0x33, 0xdd, 0xdd, 0xdd, 0x80,
    0xd, 0xee, 0xef, 0x34, 0xc0, 0x0, 0x6, 0x90,
    0xd, 0x10, 0x8, 0x24, 0xfc, 0xcc, 0xce, 0x90,
    0x35, 0x68, 0x9b, 0xa4, 0xc0, 0x0, 0x6, 0x90,
    0x8c, 0xa8, 0x65, 0x34, 0xea, 0xaa, 0xac, 0x90,
    0x0, 0x0, 0x0, 0x4, 0xc2, 0x22, 0x28, 0x90,

    /* U+9CCE "鳎" */
    0x0, 0x33, 0x0, 0x0, 0x0, 0x0, 0x0, 0x0,
    0xc, 0x71, 0x0, 0x3d, 0xdd, 0xdd, 0xd1, 0x3,
    0xfe, 0xf8, 0x3, 0xc2, 0x22, 0x2e, 0x20, 0xc4,
    0xd, 0x30, 0x3e, 0xbb, 0xbb, 0xf2, 0x6c, 0x5,
    0xc0, 0x3, 0xd4, 0x44, 0x4e, 0x26, 0xff, 0xff,
    0xf0, 0x3c, 0x22, 0x22, 0xe2, 0xe, 0x4e, 0x4e,
    0x3, 0xfd, 0xdd, 0xdf, 0x20, 0xe0, 0xd0, 0xe0,
    0x12, 0x10, 0x1, 0x21, 0xf, 0xef, 0xef, 0x3f,
    0xff, 0x5e, 0xff, 0xe0, 0xe0, 0xd0, 0xe0, 0x60,
    0x85, 0x61, 0x1e, 0xe, 0xd, 0xe, 0xc, 0x88,
    0x58, 0xb1, 0xe0, 0xff, 0xff, 0xf0, 0x17, 0x85,
    0x7, 0x3e, 0x6, 0x0, 0x3, 0x16, 0xbf, 0x55,
    0xce, 0xe1, 0x34, 0x57, 0x8a, 0xb5, 0x85, 0x86,
    0x2e, 0x9f, 0xec, 0xa9, 0x1, 0x1b, 0x40, 0x15,
    0xd0, 0x0, 0x0, 0x0, 0x8f, 0xd1, 0x4f, 0xf8,
    0x0, 0x0, 0x0, 0x0, 0x0, 0x0, 0x0, 0x0,

    /* U+9CCF "鳏" */
    0x0, 0x21, 0x0, 0x0, 0x0, 0x0, 0x0, 0x0,
    0x0, 0xc5, 0x0, 0x6, 0x66, 0x66, 0x66, 0x60,
    0x4, 0xfe, 0xe6, 0x1f, 0x9d, 0xa9, 0xf9, 0xf1,
    0xc, 0x50, 0xd4, 0x1e, 0xb, 0x30, 0xe0, 0xe1,
    0x7c, 0x4, 0xc0, 0x1e, 0xb, 0x30, 0xe0, 0xe1,
    0x8e, 0xce, 0xec, 0x1e, 0xb, 0x40, 0xe0, 0xe1,
    0x1e, 0x4e, 0x4e, 0x2f, 0xff, 0xff, 0xff, 0xf1,
    0x1d, 0xe, 0xd, 0x14, 0x10, 0x7e, 0x0, 0x40,
    0x1f, 0xef, 0xef, 0x10, 0xc5, 0x7e, 0x1e, 0x20,
    0x1d, 0xe, 0xd, 0x19, 0xa0, 0x7e, 0x6, 0xd0,
    0x1d, 0xe, 0xd, 0x3c, 0x11, 0x7e, 0x0, 0xa4,
    0x1f, 0xff, 0xff, 0x10, 0x7b, 0x7e, 0x5b, 0x0,
    0xa, 0x0, 0x8, 0x1, 0xe3, 0x7e, 0xd, 0x50,
    0x13, 0x56, 0x8a, 0x2a, 0x90, 0x7e, 0x4, 0xe0,
    0xae, 0xca, 0x86, 0x2e, 0x10, 0x7e, 0x0, 0xa3,
    0x0, 0x0, 0x0, 0x0, 0x0, 0x7e, 0x0, 0x0,

    /* U+9CD0 "鳐" */
    0x0, 0x11, 0x0, 0x0, 0x0, 0x0, 0x0, 0x0,
    0x0, 0xb8, 0x0, 0x0, 0x12, 0x33, 0x56, 0x73,
    0x3, 0xfe, 0xe7, 0x5f, 0xff, 0xed, 0xca, 0x94,
    0xc, 0x61, 0xe4, 0x4, 0x10, 0x63, 0x0, 0xa1,
    0x9b, 0x7, 0xb0, 0xa, 0x80, 0x6a, 0x8, 0xc0,
    0x6e, 0xef, 0xfe, 0x12, 0xb0, 0x1a, 0x1f, 0x20,
    0xf, 0xe, 0xd, 0x12, 0xd0, 0x0, 0x2, 0x0,
    0xf, 0xe, 0xd, 0x1a, 0xff, 0xff, 0xff, 0xf1,
    0xf, 0xef, 0xef, 0x6e, 0x0, 0x3d, 0x0, 0x0,
    0xf, 0xe, 0xd, 0x54, 0x0, 0x3d, 0x0, 0x0,
    0xf, 0xe, 0xd, 0x9f, 0xff, 0xff, 0xff, 0xfb,
    0xf, 0xef, 0xef, 0x11, 0x0, 0x4d, 0x0, 0x10,
    0xe, 0x0, 0xa, 0xe, 0x10, 0x3d, 0x0, 0xf0,
    0x25, 0x67, 0x9a, 0x4e, 0x10, 0x3d, 0x0, 0xf0,
    0x8b, 0x98, 0x64, 0x1e, 0xdc, 0xdf, 0xcc, 0xf0,
    0x0, 0x0, 0x0, 0x2, 0x33, 0x33, 0x33, 0xf0,

    /* U+9CD3 "鳓" */
    0x0, 0x21, 0x0, 0x4, 0x0, 0x40, 0x20, 0x0,
    0x0, 0xc5, 0x0, 0xd, 0x0, 0xd0, 0xb3, 0x0,
    0x3, 0xfa, 0xa6, 0x8e, 0x99, 0xe5, 0xb3, 0x0,
    0xc, 0x74, 0xc7, 0x5e, 0x55, 0xe3, 0xb3, 0x0,
    0x6c, 0x3, 0xe0, 0xe, 0x66, 0xdc, 0xff, 0xf5,
    0x6f, 0xef, 0xed, 0xe, 0xca, 0xd0, 0xc4, 0xa5,
    0xd, 0xd, 0xd, 0x2, 0x86, 0x20, 0xc3, 0x94,
    0xd, 0xd, 0xd, 0x5e, 0xee, 0xf0, 0xc2, 0xa4,
    0xf, 0xef, 0xed, 0x58, 0x85, 0xb0, 0xd1, 0xa4,
    0xd, 0xd, 0xd, 0x59, 0x96, 0xb0, 0xe0, 0xa4,
    0xd, 0xd, 0xd, 0x5e, 0xed, 0xe0, 0xf0, 0xa3,
    0xf, 0xdd, 0xdd, 0x1, 0x85, 0x21, 0xd0, 0xb3,
    0x5, 0x0, 0x5, 0xaf, 0xff, 0xf8, 0xa0, 0xb3,
    0x2, 0x35, 0x79, 0x40, 0x85, 0xa, 0x50, 0xc2,
    0x8f, 0xfd, 0xba, 0x30, 0x85, 0x2d, 0x12, 0xe1,
    0x11, 0x0, 0x0, 0x0, 0x85, 0x65, 0x9f, 0x90,
    0x0, 0x0, 0x0, 0x0, 0x0, 0x0, 0x0, 0x0,

    /* U+9CD4 "鳔" */
    0x0, 0x0, 0x0, 0x0, 0x0, 0x0, 0x0, 0x0,
    0x0, 0x9, 0x70, 0x2, 0x33, 0x33, 0x33, 0x33,
    0x30, 0x2, 0xfb, 0xa5, 0x8c, 0xce, 0xdc, 0xfc,
    0xcb, 0x0, 0xb8, 0x4e, 0x40, 0x0, 0x96, 0xf,
    0x0, 0x0, 0x7b, 0x7, 0xb0, 0x3f, 0xff, 0xff,
    0xff, 0xf8, 0x8, 0xee, 0xff, 0xe4, 0xd0, 0x96,
    0xf, 0x7, 0x80, 0xe, 0x2d, 0x2e, 0x4d, 0x9,
    0x60, 0xf0, 0x78, 0x0, 0xe0, 0xd0, 0xe4, 0xff,
    0xff, 0xff, 0xff, 0x80, 0xf, 0xdf, 0xdf, 0x14,
    0x0, 0x0, 0x0, 0x22, 0x0, 0xe0, 0xd0, 0xe0,
    0x5e, 0xee, 0xee, 0xed, 0x0, 0xe, 0xd, 0xe,
    0x0, 0x0, 0x0, 0x0, 0x0, 0x0, 0xff, 0xff,
    0xf8, 0xff, 0xff, 0xff, 0xff, 0xe0, 0xe, 0x0,
    0xa, 0x0, 0x20, 0x3d, 0x2, 0x0, 0x0, 0x13,
    0x68, 0xb0, 0x7f, 0x53, 0xd1, 0xe9, 0x0, 0xaf,
    0xda, 0x87, 0xdc, 0x41, 0x6d, 0x2, 0xcd, 0x1,
    0x0, 0x0, 0x5, 0x6, 0xff, 0x70, 0x0, 0x30,
    0x0, 0x0, 0x0, 0x0, 0x0, 0x0, 0x0, 0x0,
    0x0,

    /* U+9CD5 "鳕" */
    0x0, 0x0, 0x0, 0x0, 0x0, 0x0, 0x0, 0x0,
    0x0, 0xb5, 0x0, 0x3, 0x44, 0x44, 0x44, 0x20,
    0x2, 0xf6, 0x62, 0x9, 0xbb, 0xed, 0xbb, 0x60,
    0xb, 0xb9, 0xe5, 0x12, 0x22, 0x98, 0x22, 0x20,
    0x5d, 0x2, 0xd0, 0x8f, 0xee, 0xfe, 0xee, 0xf4,
    0x8d, 0xad, 0xda, 0x89, 0x11, 0x97, 0x11, 0xb4,
    0xe, 0x5e, 0x5e, 0x77, 0xbb, 0x98, 0xca, 0x93,
    0xe, 0xe, 0xe, 0x1, 0x33, 0x97, 0x33, 0x0,
    0xf, 0x9f, 0x9f, 0x4, 0xaa, 0x98, 0xaa, 0x20,
    0xf, 0x5f, 0x5f, 0x3, 0x44, 0x76, 0x44, 0x30,
    0xe, 0xe, 0xe, 0xb, 0xcc, 0xcc, 0xcd, 0xd0,
    0xf, 0xaf, 0xaf, 0x0, 0x0, 0x0, 0x4, 0xd0,
    0xc, 0x33, 0x39, 0x3, 0xff, 0xff, 0xff, 0xd0,
    0x0, 0x0, 0x0, 0x0, 0x0, 0x0, 0x4, 0xd0,
    0x59, 0xab, 0xde, 0x74, 0x44, 0x44, 0x47, 0xd0,
    0x8a, 0x87, 0x54, 0x1b, 0xbb, 0xbb, 0xbc, 0xd0,

    /* U+9CD7 "鳗" */
    0x0, 0x30, 0x0, 0x0, 0x0, 0x0, 0x0, 0x0,
    0x0, 0xe2, 0x0, 0x9, 0xaa, 0xaa, 0xaa, 0xa0,
    0x6, 0xfb, 0xb3, 0xe, 0x43, 0x33, 0x33, 0xe1,
    0xd, 0x53, 0xf2, 0xe, 0xdd, 0xdd, 0xdd, 0xf1,
    0x8a, 0x7, 0x90, 0xe, 0x21, 0x11, 0x11, 0xe1,
    0x6f, 0xff, 0xfe, 0xe, 0xcc, 0xcc, 0xcc, 0xf1,
    0xe, 0xe, 0xe, 0x2, 0x0, 0x0, 0x0, 0x20,
    0xe, 0xe, 0xe, 0x6e, 0xdf, 0xdd, 0xfd, 0xea,
    0xf, 0xcf, 0xce, 0x67, 0xe, 0x0, 0xe0, 0x5a,
    0xe, 0xe, 0xe, 0x6e, 0xdf, 0xdd, 0xfd, 0xea,
    0xe, 0xe, 0xe, 0x34, 0x0, 0x0, 0x0, 0x25,
    0xf, 0xef, 0xee, 0x1e, 0xed, 0xdd, 0xde, 0xd0,
    0xa, 0x0, 0x6, 0x1, 0xd4, 0x0, 0x3e, 0x50,
    0x1, 0x34, 0x67, 0x30, 0x2e, 0x88, 0xe5, 0x0,
    0x9f, 0xec, 0xb9, 0x31, 0x5b, 0xff, 0xc6, 0x20,
    0x0, 0x0, 0x0, 0xaf, 0xb6, 0x11, 0x7b, 0xfb,
    0x0, 0x0, 0x0, 0x10, 0x0, 0x0, 0x0, 0x0,

    /* U+9CD8 "鳘" */
    0x0, 0x40, 0x0, 0x0, 0x0, 0x30, 0x0, 0x0,
    0x3, 0xf6, 0x55, 0x55, 0x21, 0xe0, 0x0, 0x0,
    0xc, 0x86, 0x66, 0x66, 0x29, 0xec, 0xcc, 0xc2,
    0x9a, 0xdb, 0xcb, 0xc9, 0x5f, 0xa0, 0x4c, 0x0,
    0x24, 0xb0, 0xc2, 0x68, 0x34, 0xe2, 0xb6, 0x0,
    0xae, 0xdc, 0xdc, 0xed, 0xc0, 0x6e, 0xc0, 0x0,
    0xa, 0x42, 0xc0, 0xa4, 0x1, 0xae, 0xe6, 0x0,
    0x9, 0xbb, 0xdd, 0xfc, 0x7f, 0x90, 0x4d, 0xe1,
    0x0, 0x5, 0xfa, 0xa7, 0x79, 0x75, 0x0, 0x20,
    0x0, 0x7e, 0x53, 0x33, 0x35, 0xe5, 0x0, 0x0,
    0x1b, 0xfd, 0xcc, 0xce, 0xdc, 0xcc, 0xf5, 0x0,
    0x8, 0xda, 0x77, 0x7d, 0xa7, 0x77, 0xe5, 0x0,
    0x0, 0xc8, 0x44, 0x4c, 0x94, 0x44, 0xd5, 0x0,
    0x0, 0xcd, 0xcc, 0xcc, 0xcc, 0xcc, 0xf5, 0x0,
    0x0, 0x20, 0x0, 0x0, 0x0, 0x0, 0x20, 0x0,
    0x8e, 0xee, 0xee, 0xee, 0xee, 0xee, 0xee, 0xe3,

    /* U+9CD9 "鳙" */
    0x0, 0x11, 0x0, 0x0, 0x0, 0x20, 0x0, 0x0,
    0x0, 0xb7, 0x0, 0x0, 0x0, 0xb9, 0x0, 0x0,
    0x2, 0xfe, 0xe9, 0x2f, 0xff, 0xff, 0xff, 0xfa,
    0xb, 0x60, 0xa6, 0x2d, 0x0, 0x6, 0x10, 0x0,
    0x5d, 0x2, 0xe0, 0x2d, 0x5d, 0xdf, 0xdd, 0xf2,
    0x7e, 0xce, 0xeb, 0x2d, 0x22, 0x2d, 0x52, 0xd4,
    0xe, 0x3d, 0x3e, 0x2d, 0x9b, 0xbe, 0xcb, 0xeb,
    0xe, 0x1d, 0x1e, 0x2d, 0x38, 0x8e, 0x98, 0xe2,
    0xf, 0xbf, 0xbe, 0x2d, 0x13, 0x3d, 0x63, 0x91,
    0xe, 0xd, 0xe, 0x3c, 0x8d, 0xdf, 0xed, 0xd7,
    0xf, 0x7e, 0x7e, 0x4b, 0xa3, 0xc, 0x30, 0x68,
    0xf, 0x88, 0x8e, 0x69, 0xad, 0xcf, 0xdc, 0xd8,
    0x2, 0x0, 0x0, 0x87, 0xa3, 0xc, 0x30, 0x68,
    0x6a, 0xcd, 0xef, 0xd4, 0xad, 0xdf, 0xdd, 0xe8,
    0x35, 0x42, 0x13, 0xf0, 0xa3, 0xc, 0x30, 0x88,
    0x0, 0x0, 0x7, 0x80, 0xa3, 0xc, 0x3d, 0xd4,
    0x0, 0x0, 0x0, 0x0, 0x0, 0x0, 0x0, 0x0,

    /* U+9CDC "鳜" */
    0x0, 0x21, 0x0, 0x0, 0x0, 0x0, 0x0, 0x0,
    0x0, 0xc5, 0x0, 0x56, 0x66, 0x66, 0x66, 0x64,
    0x4, 0xff, 0xf0, 0xe9, 0x99, 0x99, 0x99, 0x96,
    0xd, 0x33, 0xc0, 0xe4, 0x70, 0x67, 0x4a, 0x0,
    0x8a, 0xa, 0x50, 0xe1, 0xd0, 0xd2, 0x77, 0x0,
    0x5f, 0xef, 0xf6, 0xe8, 0xdc, 0xfa, 0xcd, 0xc7,
    0xd, 0xc, 0x56, 0xe3, 0x3e, 0x36, 0xd3, 0x88,
    0xd, 0xc, 0x56, 0xe6, 0x4d, 0x1a, 0x64, 0xc2,
    0xf, 0xdf, 0xe6, 0xe7, 0x5d, 0x2b, 0x2b, 0x50,
    0xd, 0xc, 0x56, 0xe6, 0x5d, 0x2b, 0x3a, 0x0,
    0xd, 0x1c, 0x56, 0xe6, 0xbe, 0x9b, 0x4a, 0x0,
    0xf, 0xee, 0xe7, 0xe2, 0x7e, 0x7a, 0x7e, 0x0,
    0x9, 0x0, 0x26, 0xb0, 0x3a, 0x0, 0xcc, 0x30,
    0x25, 0x79, 0xba, 0x80, 0xa5, 0x4, 0xc5, 0x90,
    0x7b, 0x97, 0x5d, 0x43, 0xe0, 0x2e, 0x30, 0xe4,
    0x0, 0x0, 0xd, 0xb, 0x40, 0xa6, 0x0, 0x49,
    0x0, 0x0, 0x0, 0x0, 0x0, 0x0, 0x0, 0x0,

    /* U+9CDD "鳝" */
    0x0, 0x0, 0x0, 0x0, 0x0, 0x0, 0x0, 0x0,
    0x0, 0xa5, 0x0, 0x0, 0x3d, 0x0, 0x2e, 0x0,
    0x2, 0xfb, 0xa4, 0x2, 0x2c, 0x62, 0xa9, 0x20,
    0xc, 0x85, 0xe5, 0x1c, 0xcc, 0xdf, 0xcc, 0xc4,
    0x8c, 0x6, 0xc0, 0x1, 0x33, 0x6d, 0x33, 0x20,
    0x7f, 0xff, 0xff, 0x25, 0xbb, 0xce, 0xbb, 0xa0,
    0xf, 0xe, 0xc, 0x20, 0x0, 0x5c, 0x0, 0x0,
    0xf, 0xe, 0xc, 0x4e, 0xee, 0xef, 0xee, 0xe7,
    0xf, 0xaf, 0xae, 0x20, 0xb4, 0x4c, 0xc, 0x40,
    0xf, 0xe, 0xc, 0x6d, 0xee, 0xef, 0xef, 0xdb,
    0xf, 0xe, 0xc, 0x21, 0x11, 0x11, 0x11, 0x11,
    0xf, 0xff, 0xff, 0x21, 0x44, 0x44, 0x44, 0x30,
    0xd, 0x22, 0x29, 0x15, 0xea, 0xaa, 0xab, 0xd0,
    0x13, 0x45, 0x67, 0x65, 0xc0, 0x0, 0x4, 0xd0,
    0x9c, 0xb9, 0x87, 0x45, 0xfc, 0xcc, 0xcd, 0xd0,
    0x0, 0x0, 0x0, 0x5, 0xc2, 0x22, 0x25, 0xd0,
    0x0, 0x0, 0x0, 0x0, 0x0, 0x0, 0x0, 0x0,

    /* U+9CDF "鳟" */
    0x0, 0x51, 0x0, 0x0, 0x32, 0x0, 0x24, 0x0,
    0x1, 0xe0, 0x0, 0x0, 0x5d, 0x0, 0xc5, 0x0,
    0x8, 0xfd, 0xd3, 0x9d, 0xde, 0xde, 0xfd, 0xd7,
    0x1e, 0x34, 0xf1, 0x0, 0xb, 0x33, 0xb0, 0x0,
    0xa8, 0x8, 0x90, 0x2d, 0xdf, 0xdd, 0xfd, 0xd1,
    0x5f, 0xff, 0xfd, 0x2c, 0x2f, 0x24, 0xc1, 0xe1,
    0xd, 0xd, 0xd, 0x2b, 0xba, 0x1, 0xff, 0xe1,
    0xd, 0xd, 0xd, 0x2b, 0x50, 0x0, 0x1, 0xe1,
    0xf, 0x9f, 0x9d, 0x2f, 0xdd, 0xdd, 0xdd, 0xf1,
    0xe, 0x5e, 0x5d, 0x2c, 0x33, 0x33, 0x33, 0xe1,
    0xd, 0xd, 0xd, 0x2e, 0xaa, 0xaa, 0xaa, 0xf1,
    0xf, 0xbf, 0xbd, 0x2, 0x11, 0x11, 0x4b, 0x20,
    0xe, 0x66, 0x6d, 0x8d, 0xed, 0xdd, 0xef, 0xd9,
    0x0, 0x0, 0x1, 0x3, 0xd1, 0x0, 0x3b, 0x0,
    0x6b, 0xde, 0xfe, 0x20, 0x8a, 0x11, 0x5b, 0x0,
    0x34, 0x31, 0x0, 0x0, 0x0, 0xcf, 0xf6, 0x0,
    0x0, 0x0, 0x0, 0x0, 0x0, 0x0, 0x0, 0x0,

    /* U+9CE2 "鳢" */
    0x0, 0x10, 0x0, 0x0, 0x2, 0x0, 0x20, 0x0,
    0x0, 0xc5, 0x0, 0x0, 0xc, 0x20, 0xe0, 0x0,
    0x4, 0xfe, 0xe6, 0xc, 0xdf, 0xdd, 0xfd, 0xd0,
    0xd, 0x50, 0xd3, 0xe, 0xc, 0x20, 0xe0, 0xe0,
    0x8b, 0x5, 0xb0, 0xe, 0xbe, 0xcb, 0xfb, 0xe0,
    0x6f, 0xff, 0xff, 0x1e, 0x1c, 0x31, 0xe1, 0xe0,
    0x1d, 0xe, 0xd, 0x1e, 0x9e, 0xa9, 0xf9, 0xe0,
    0x1d, 0xe, 0xd, 0x1a, 0x33, 0x33, 0x33, 0xa0,
    0x1f, 0xef, 0xef, 0x5b, 0xbb, 0xbb, 0xbb, 0xb8,
    0x1d, 0xe, 0xd, 0x22, 0x22, 0x22, 0x22, 0x21,
    0x1d, 0x1e, 0x1d, 0x19, 0xed, 0xdd, 0xde, 0xb0,
    0x1f, 0xff, 0xff, 0x19, 0x50, 0x0, 0x3, 0xb0,
    0x6, 0x0, 0x3, 0x9, 0xed, 0xdd, 0xde, 0xb0,
    0x1, 0x24, 0x67, 0x22, 0x58, 0x0, 0x86, 0x20,
    0xaf, 0xff, 0xff, 0x30, 0x1e, 0x0, 0xe2, 0x0,
    0x45, 0x42, 0x10, 0xae, 0xef, 0xee, 0xfe, 0xe9,

    /* U+9E58 "鹘" */
    0x0, 0x0, 0x0, 0x0, 0x0, 0x62, 0x0, 0x0,
    0x8b, 0xbb, 0xb9, 0x0, 0xe, 0x30, 0x0, 0xc,
    0x54, 0x45, 0xd0, 0xdf, 0xff, 0xff, 0x40, 0xc5,
    0x30, 0x2d, 0xe, 0x76, 0x66, 0xd4, 0xc, 0xbe,
    0x32, 0xd0, 0xe3, 0x92, 0xc, 0x30, 0xc2, 0xb3,
    0x2d, 0xe, 0x34, 0xe0, 0xd3, 0xbf, 0xef, 0xee,
    0xf9, 0xe3, 0x2, 0x2f, 0x1c, 0x41, 0x11, 0x12,
    0xae, 0x3a, 0xff, 0x70, 0x79, 0xfe, 0xef, 0xb5,
    0xe3, 0x0, 0x0, 0x0, 0x87, 0x0, 0x6a, 0xc,
    0xee, 0xee, 0xfd, 0x8, 0xff, 0xff, 0xa0, 0x0,
    0x0, 0x3, 0xd0, 0x87, 0x0, 0x6a, 0x6a, 0xaa,
    0xa8, 0x4c, 0x8, 0xec, 0xcd, 0xa3, 0x55, 0x55,
    0x54, 0xc0, 0x88, 0x22, 0x7a, 0x0, 0x0, 0x0,
    0x6b, 0x8, 0x70, 0x7, 0x90, 0x3, 0x32, 0x3d,
    0x70, 0x87, 0x6d, 0xd3, 0x0, 0x8f, 0xff, 0xa0,
    0x0, 0x0, 0x0, 0x0, 0x0, 0x0, 0x0, 0x0,

    /* U+9E7E "鹾" */
    0x0, 0x3, 0x0, 0x0, 0x0, 0x0, 0x0, 0x0,
    0x0, 0xe, 0x20, 0x0, 0xc, 0x40, 0xb, 0x70,
    0x0, 0xe, 0x98, 0x80, 0x4, 0xc0, 0x2d, 0x0,
    0x0, 0xe, 0x86, 0x65, 0xff, 0xff, 0xff, 0xf9,
    0x0, 0xe, 0x20, 0x0, 0x0, 0x3d, 0x0, 0x0,
    0xb, 0xbf, 0xbb, 0xb0, 0x22, 0x6d, 0x22, 0x20,
    0x1f, 0x55, 0x56, 0xf1, 0xbd, 0xee, 0xdd, 0xd3,
    0x1e, 0xb0, 0x5c, 0xf1, 0x0, 0xa6, 0x0, 0x0,
    0x1e, 0x6a, 0xe3, 0xfb, 0xff, 0xff, 0xff, 0xfe,
    0x1e, 0xc, 0xa0, 0xf1, 0x7, 0xc0, 0x0, 0x0,
    0x1e, 0xc, 0xc0, 0xf1, 0xe, 0x60, 0x0, 0x0,
    0x1e, 0x88, 0xd7, 0xf1, 0x9f, 0xff, 0xff, 0xf1,
    0x1f, 0xd0, 0x4d, 0xf6, 0xf3, 0x3, 0xd0, 0x0,
    0x1e, 0x10, 0x0, 0xff, 0x50, 0x3, 0xd0, 0x0,
    0x1f, 0xdd, 0xdd, 0xf3, 0x24, 0x47, 0xd4, 0x43,
    0x1e, 0x22, 0x22, 0xf1, 0x7b, 0xbb, 0xbb, 0xba,
    0x0, 0x0, 0x0, 0x0, 0x0, 0x0, 0x0, 0x0,

    /* U+9E82 "麂" */
    0x0, 0x0, 0x0, 0x1, 0x60, 0x0, 0x0, 0x0,
    0x0, 0x0, 0x0, 0x1, 0xf5, 0x0, 0x0, 0x0,
    0x2, 0xff, 0xff, 0xff, 0xff, 0xff, 0xff, 0xf8,
    0x2, 0xf0, 0x5, 0xc0, 0x5, 0xb0, 0x0, 0x0,
    0x2, 0xfe, 0xee, 0xfe, 0xef, 0xfe, 0xee, 0xd0,
    0x2, 0xf0, 0x5, 0xc0, 0x5, 0xb0, 0x2, 0xe0,
    0x2, 0xfb, 0xbc, 0xeb, 0xbd, 0xeb, 0xbc, 0xe0,
    0x2, 0xf3, 0xc6, 0x33, 0x3c, 0x63, 0x35, 0x80,
    0x2, 0xf0, 0xce, 0xdd, 0x6c, 0xcc, 0xed, 0x77,
    0x3, 0xe0, 0xc4, 0x0, 0x1c, 0x82, 0x0, 0x89,
    0x4, 0xd0, 0xed, 0xef, 0x79, 0xeb, 0xbb, 0xf3,
    0x6, 0xb0, 0x54, 0x20, 0x1, 0x55, 0x54, 0x10,
    0x8, 0x80, 0xa, 0xfe, 0xee, 0xf7, 0x0, 0x31,
    0xd, 0x40, 0xc, 0x50, 0x0, 0xb7, 0x0, 0x98,
    0x4f, 0x0, 0x6f, 0x10, 0x0, 0xba, 0x12, 0xd5,
    0x98, 0x4e, 0xe4, 0x0, 0x0, 0x5e, 0xff, 0xc0,
    0x1, 0x5, 0x0, 0x0, 0x0, 0x0, 0x0, 0x0,

    /* U+9E87 "麇" */
    0x0, 0x0, 0x0, 0x0, 0x40, 0x0, 0x0, 0x0,
    0x0, 0x0, 0x0, 0x0, 0x4f, 0x10, 0x0, 0x0,
    0x0, 0x3, 0xee, 0xee, 0xee, 0xfe, 0xee, 0xee,
    0xe8, 0x0, 0x3e, 0x0, 0x9, 0x50, 0xf, 0x20,
    0x0, 0x0, 0x3, 0xfe, 0xee, 0xfe, 0xee, 0xfe,
    0xee, 0xe1, 0x0, 0x3e, 0x0, 0x9, 0x50, 0xf,
    0x20, 0xe, 0x10, 0x3, 0xfe, 0xee, 0xee, 0xee,
    0xfe, 0xee, 0xf1, 0x0, 0x3e, 0x4, 0xe7, 0x77,
    0x8a, 0x58, 0x97, 0x30, 0x3, 0xd0, 0x4d, 0x45,
    0x68, 0xe6, 0x41, 0x89, 0x0, 0x4c, 0x7, 0xfe,
    0xdb, 0x3d, 0xed, 0xdd, 0x20, 0x5, 0xb0, 0x47,
    0x56, 0x67, 0x88, 0x9a, 0x0, 0x0, 0x79, 0x5,
    0x77, 0x6d, 0x85, 0x43, 0x20, 0x0, 0xa, 0x67,
    0xdd, 0xdd, 0xfd, 0xdd, 0xdd, 0xd1, 0x0, 0xe2,
    0x0, 0x3a, 0x9d, 0x9d, 0x93, 0x0, 0x0, 0x4e,
    0x49, 0xdb, 0x30, 0xc5, 0x6, 0xde, 0xb7, 0x3,
    0x74, 0x82, 0x0, 0xc, 0x50, 0x0, 0x37, 0x50,
    0x0, 0x0, 0x0, 0x0, 0x0, 0x0, 0x0, 0x0,
    0x0,

    /* U+9E88 "麈" */
    0x0, 0x0, 0x0, 0x0, 0x20, 0x0, 0x0, 0x0,
    0x0, 0x0, 0x0, 0x2, 0xf3, 0x0, 0x0, 0x0,
    0x3, 0xfd, 0xdd, 0xfe, 0xdd, 0xfd, 0xdd, 0xd8,
    0x3, 0xe4, 0x44, 0xe6, 0x44, 0xf5, 0x44, 0x30,
    0x3, 0xf7, 0x77, 0xe9, 0x77, 0xf8, 0x78, 0xe0,
    0x3, 0xfa, 0xaa, 0xfb, 0xaa, 0xfa, 0xab, 0xe0,
    0x3, 0xe2, 0xb8, 0x22, 0x29, 0x92, 0x36, 0xb0,
    0x3, 0xe0, 0xad, 0xcc, 0x78, 0xdd, 0xd9, 0x43,
    0x4, 0xd0, 0xa7, 0x3, 0x38, 0xb0, 0x0, 0xa7,
    0x5, 0xc0, 0xdf, 0xec, 0x74, 0xbd, 0xdd, 0xa1,
    0x7, 0xa0, 0x32, 0x0, 0x5c, 0x0, 0x0, 0x0,
    0xa, 0x77, 0xdd, 0xdd, 0xdf, 0xdd, 0xdd, 0xd1,
    0xe, 0x30, 0x55, 0x55, 0x8e, 0x55, 0x55, 0x20,
    0x5e, 0x0, 0x55, 0x55, 0x9e, 0x55, 0x55, 0x30,
    0xa7, 0x3c, 0xcc, 0xcc, 0xdf, 0xcc, 0xcc, 0xc9,
    0x0, 0x1, 0x11, 0x11, 0x11, 0x11, 0x11, 0x10,

    /* U+9E8B "麋" */
    0x0, 0x0, 0x0, 0x0, 0x20, 0x0, 0x0, 0x0,
    0x0, 0x0, 0x0, 0x3, 0xe0, 0x0, 0x0, 0x0,
    0x5, 0xfe, 0xef, 0xfe, 0xef, 0xfe, 0xee, 0xe7,
    0x5, 0xb0, 0x7, 0xa0, 0x6, 0xb0, 0x0, 0x0,
    0x5, 0xfe, 0xee, 0xfe, 0xee, 0xfe, 0xee, 0xe0,
    0x5, 0xc1, 0x17, 0xa1, 0x17, 0xc1, 0x13, 0xe0,
    0x5, 0xfc, 0xfc, 0xcc, 0xce, 0xec, 0xcc, 0xe0,
    0x5, 0xb0, 0xec, 0xcc, 0x49, 0xb8, 0x9c, 0x70,
    0x5, 0xb0, 0xe3, 0x11, 0x9, 0xc6, 0x30, 0x78,
    0x6, 0xa1, 0xf9, 0xad, 0x87, 0xd3, 0x33, 0xd4,
    0x7, 0x91, 0xe8, 0x43, 0xa2, 0x8a, 0xcd, 0x60,
    0xa, 0x70, 0x6d, 0x80, 0xe3, 0x3c, 0xa4, 0x0,
    0xd, 0x8e, 0xee, 0xee, 0xfe, 0xee, 0xee, 0xe6,
    0x2f, 0x0, 0x5, 0xc8, 0xf8, 0xd7, 0x10, 0x0,
    0x8b, 0x6a, 0xea, 0x20, 0xe3, 0x17, 0xdc, 0x84,
    0x64, 0x76, 0x0, 0x0, 0xe3, 0x0, 0x3, 0x73,
    0x0, 0x0, 0x0, 0x0, 0x0, 0x0, 0x0, 0x0,

    /* U+9E92 "麒" */
    0x0, 0x0, 0x15, 0x0, 0x0, 0x52, 0x0, 0x60,
    0x0, 0x0, 0x0, 0xe1, 0x0, 0xb, 0x40, 0xe,
    0x20, 0x0, 0xbc, 0xcf, 0xdc, 0xc2, 0xc6, 0x22,
    0xe4, 0x0, 0xe, 0x5e, 0x5e, 0x54, 0xaf, 0xff,
    0xff, 0xf3, 0x0, 0xe1, 0xd1, 0xd1, 0x0, 0xb4,
    0x0, 0xe2, 0x0, 0xe, 0xdf, 0xdf, 0xdd, 0x1b,
    0x51, 0x1e, 0x20, 0x0, 0xe4, 0xe4, 0xe4, 0xd2,
    0xbf, 0xff, 0xf2, 0x0, 0xe, 0x1d, 0x1d, 0x1c,
    0x2b, 0x40, 0xe, 0x20, 0x0, 0xfc, 0xfc, 0xfc,
    0xf2, 0xb8, 0x44, 0xe2, 0x0, 0xf, 0x45, 0x34,
    0x59, 0x1b, 0xdc, 0xcf, 0x20, 0x1, 0xf3, 0xc3,
    0x7a, 0x40, 0xb4, 0x0, 0xe2, 0x0, 0x2e, 0x3e,
    0x99, 0xc9, 0xff, 0xfe, 0xef, 0xe6, 0x5, 0xc3,
    0xb0, 0x68, 0x2, 0x25, 0x23, 0x32, 0x10, 0x98,
    0x3c, 0x5a, 0x97, 0x14, 0xe1, 0x9b, 0x0, 0xe,
    0x46, 0xfc, 0xdf, 0xb5, 0xe3, 0x0, 0xcb, 0x0,
    0x50, 0x13, 0x3, 0x30, 0x84, 0x0, 0x0, 0xa1,

    /* U+9E9D "麝" */
    0x0, 0x0, 0x0, 0x0, 0x10, 0x0, 0x0, 0x0,
    0x0, 0x0, 0x0, 0x2, 0xf2, 0x0, 0x0, 0x0,
    0x2, 0xfc, 0xcd, 0xfc, 0xcd, 0xfc, 0xcc, 0xc7,
    0x2, 0xf6, 0x68, 0xe6, 0x67, 0xe6, 0x66, 0x50,
    0x2, 0xe4, 0x46, 0xe4, 0x46, 0xe4, 0x45, 0xe0,
    0x2, 0xfb, 0xdc, 0xdb, 0xbd, 0xeb, 0xbb, 0xe0,
    0x2, 0xe0, 0xea, 0x99, 0x4a, 0x84, 0x7a, 0x93,
    0x2, 0xe0, 0xe5, 0x57, 0x49, 0xd6, 0x32, 0xa7,
    0x2, 0xd0, 0xcb, 0x86, 0x23, 0xcd, 0xdd, 0xa1,
    0x3, 0xd1, 0x2d, 0x72, 0x20, 0x0, 0xc, 0x20,
    0x5, 0xb6, 0xc7, 0x77, 0xe7, 0xaa, 0xaf, 0xb7,
    0x7, 0x86, 0xd9, 0x99, 0xf3, 0x53, 0x3e, 0x52,
    0xb, 0x56, 0xd9, 0x99, 0xf2, 0xd6, 0xe, 0x20,
    0xf, 0x3b, 0xb9, 0xca, 0xf1, 0x1a, 0xe, 0x20,
    0x7c, 0x1, 0x7c, 0x60, 0xe1, 0x0, 0x1f, 0x20,
    0x65, 0x2e, 0x71, 0x9d, 0xd0, 0x2e, 0xeb, 0x0,
    0x0, 0x0, 0x0, 0x0, 0x0, 0x0, 0x0, 0x0,

    /* U+9E9F "麟" */
    0x0, 0x3, 0x20, 0x0, 0x0, 0x5, 0x0, 0x0,
    0x0, 0x0, 0x8a, 0x0, 0x8, 0x50, 0xe1, 0x1c,
    0x10, 0xd, 0xef, 0xfe, 0xe5, 0x2e, 0x2e, 0x1c,
    0x80, 0x0, 0xd2, 0xb3, 0xa1, 0x1, 0x51, 0xe2,
    0x81, 0x0, 0xd, 0x1a, 0x2a, 0x2, 0xff, 0xff,
    0xff, 0xfb, 0x0, 0xef, 0xff, 0xff, 0x40, 0x2c,
    0xfc, 0x40, 0x0, 0xd, 0x1a, 0x2a, 0x84, 0x3d,
    0x3e, 0x2d, 0x60, 0x0, 0xd2, 0xb3, 0xa8, 0xbe,
    0x40, 0xe1, 0x2c, 0xc0, 0xf, 0xdd, 0xdd, 0xe6,
    0x88, 0x5, 0x7, 0x72, 0x0, 0xd3, 0x30, 0x62,
    0x1c, 0xef, 0x8e, 0xff, 0xc0, 0xd, 0x79, 0x2c,
    0x55, 0xc0, 0xc2, 0x47, 0x70, 0x2, 0xc7, 0xb4,
    0xc8, 0xb8, 0x5d, 0x67, 0x77, 0x0, 0x4a, 0x76,
    0xc, 0x1, 0x1e, 0x8a, 0xdd, 0xdc, 0x7, 0x77,
    0x84, 0xc5, 0x23, 0xe1, 0x23, 0x98, 0x30, 0xb3,
    0xaf, 0x5f, 0xd4, 0xe7, 0x0, 0x7, 0x70, 0x5,
    0x3, 0x10, 0x50, 0xc8, 0x0, 0x0, 0x77, 0x0,
    0x0, 0x0, 0x0, 0x0, 0x0, 0x0, 0x0, 0x0,
    0x0,

    /* U+9EB4 "麴" */
    0x0, 0x4, 0x10, 0x0, 0x4, 0x0, 0x0, 0x0,
    0x0, 0xc, 0x30, 0x0, 0x4e, 0x0, 0x0, 0x0,
    0xaf, 0xff, 0xff, 0xf1, 0xcd, 0xaa, 0xaa, 0xa0,
    0x5, 0x2c, 0x35, 0x25, 0xd7, 0x77, 0x77, 0xf0,
    0xe, 0xc, 0x3d, 0x2e, 0x31, 0xb0, 0x1, 0xf0,
    0x3f, 0x9c, 0x5f, 0x54, 0x41, 0xe0, 0x92, 0xf0,
    0xb5, 0x9f, 0xa6, 0xd5, 0xe2, 0xe4, 0xc1, 0xf0,
    0x41, 0xcf, 0xc2, 0x0, 0x84, 0xe7, 0x31, 0xf0,
    0x2d, 0x6c, 0x6e, 0x59, 0xbb, 0xfb, 0xb5, 0xf0,
    0xc6, 0x75, 0x2, 0x24, 0x4c, 0xe4, 0x43, 0xf0,
    0x3, 0xff, 0xff, 0x70, 0x4d, 0xe7, 0x2, 0xe0,
    0x2e, 0x50, 0x2f, 0x22, 0xe4, 0xeb, 0xb3, 0xe0,
    0x96, 0xd8, 0xc8, 0x3e, 0x71, 0xe0, 0x95, 0xe0,
    0x0, 0x2f, 0xf1, 0x28, 0x1, 0xe0, 0x3, 0xd0,
    0x5, 0xea, 0x9e, 0x20, 0x1, 0xe4, 0x39, 0xb0,
    0x9e, 0x60, 0x6, 0x10, 0x0, 0xb, 0xfd, 0x30,
    0x10, 0x0, 0x0, 0x0, 0x0, 0x0, 0x0, 0x0,

    /* U+9EB8 "麸" */
    0x0, 0x0, 0x10, 0x0, 0x0, 0x0, 0x20, 0x0,
    0x0, 0x0, 0xc, 0x50, 0x0, 0x0, 0x3e, 0x0,
    0x0, 0x2, 0x44, 0xd8, 0x44, 0x0, 0x3, 0xe0,
    0x0, 0x0, 0x7b, 0xbf, 0xdb, 0xb2, 0x33, 0x6e,
    0x33, 0x30, 0x0, 0x0, 0xc5, 0x0, 0x3d, 0xde,
    0xfd, 0xdd, 0x0, 0x2e, 0xef, 0xfe, 0xa0, 0x0,
    0x3e, 0x0, 0x0, 0x0, 0x0, 0xc5, 0x0, 0x0,
    0x4, 0xd0, 0x0, 0x0, 0xdf, 0xff, 0xff, 0xf6,
    0x44, 0x7d, 0x44, 0x42, 0x0, 0xd, 0x60, 0x0,
    0x6b, 0xbe, 0xfb, 0xbb, 0x60, 0x6, 0xfc, 0xcc,
    0x90, 0x0, 0xbf, 0x30, 0x0, 0x3, 0xf5, 0x33,
    0xc8, 0x0, 0x1f, 0x99, 0x0, 0x0, 0xc7, 0x73,
    0x3e, 0x10, 0x8, 0xb2, 0xf1, 0x0, 0x1, 0x6,
    0xee, 0x50, 0x3, 0xf3, 0xb, 0x90, 0x0, 0x0,
    0x4e, 0xdc, 0x2, 0xe8, 0x0, 0x2f, 0x60, 0x3,
    0xbe, 0x40, 0x36, 0xfa, 0x0, 0x0, 0x5f, 0x80,
    0x98, 0x10, 0x0, 0x37, 0x0, 0x0, 0x0, 0x54,

    /* U+9EBD "麽" */
    0x0, 0x0, 0x0, 0x0, 0x20, 0x0, 0x0, 0x0,
    0x0, 0x0, 0x0, 0x0, 0xe4, 0x0, 0x0, 0x0,
    0x1, 0x99, 0x99, 0x99, 0xcb, 0x99, 0x99, 0x96,
    0x2, 0xf7, 0x77, 0x97, 0x77, 0x78, 0x87, 0x75,
    0x2, 0xe0, 0x0, 0xe1, 0x0, 0x5, 0xa0, 0x0,
    0x2, 0xe3, 0xcc, 0xfc, 0xc7, 0xcd, 0xec, 0xc1,
    0x2, 0xe1, 0x3b, 0xf5, 0x31, 0x6e, 0xf9, 0x30,
    0x2, 0xe0, 0x79, 0xec, 0x72, 0xd6, 0xab, 0x50,
    0x3, 0xe6, 0xc0, 0xe1, 0x6e, 0x45, 0xa1, 0xd7,
    0x3, 0xd0, 0x0, 0xa2, 0x3, 0x5, 0xa0, 0x11,
    0x5, 0xc0, 0x0, 0xb9, 0x6, 0x71, 0x30, 0x0,
    0x7, 0xa0, 0x2d, 0x80, 0x6e, 0x40, 0x0, 0x0,
    0xa, 0x75, 0xe5, 0x8, 0xd2, 0xb, 0x70, 0x0,
    0xf, 0x41, 0x21, 0xbb, 0x0, 0x2, 0xe9, 0x0,
    0x6e, 0x0, 0x2f, 0xfd, 0xef, 0xff, 0xff, 0xa0,
    0x15, 0x0, 0x6, 0x54, 0x21, 0x0, 0x2, 0x70,

    /* U+9EBE "麾" */
    0x0, 0x0, 0x0, 0x0, 0x30, 0x0, 0x0, 0x0,
    0x0, 0x0, 0x0, 0x0, 0xd7, 0x0, 0x0, 0x0,
    0x2, 0xff, 0xff, 0xff, 0xff, 0xff, 0xff, 0xfa,
    0x2, 0xe0, 0x1, 0xb0, 0x0, 0x9, 0x40, 0x0,
    0x2, 0xe6, 0xbb, 0xfb, 0x5a, 0xbe, 0xcb, 0xb0,
    0x2, 0xe1, 0x2c, 0xe4, 0x12, 0x8f, 0xe4, 0x20,
    0x2, 0xe0, 0x9a, 0xfd, 0x35, 0xcb, 0x8d, 0x20,
    0x2, 0xeb, 0xa1, 0xe2, 0xad, 0x1b, 0x44, 0xe6,
    0x3, 0xe2, 0x0, 0x60, 0x42, 0x25, 0x44, 0x42,
    0x3, 0xd7, 0xee, 0xee, 0xfd, 0xcb, 0xba, 0x30,
    0x5, 0xc0, 0x0, 0x2, 0xe2, 0x33, 0x44, 0x20,
    0x7, 0xa7, 0xdd, 0xcc, 0xfb, 0xa9, 0x98, 0x30,
    0xb, 0x70, 0x1, 0x24, 0xe4, 0x55, 0x67, 0x75,
    0xf, 0x9d, 0xdc, 0xbb, 0xf9, 0x88, 0x76, 0x63,
    0x5e, 0x0, 0x0, 0x1, 0xe0, 0x0, 0x0, 0x4a,
    0x48, 0x0, 0x0, 0x0, 0xcf, 0xee, 0xee, 0xe5,
    0x0, 0x0, 0x0, 0x0, 0x0, 0x0, 0x0, 0x0,

    /* U+9EDB "黛" */
    0x0, 0x0, 0x2, 0x0, 0x30, 0x1, 0x0, 0x0,
    0x0, 0x0, 0xbc, 0x0, 0xe3, 0x9, 0xd3, 0x0,
    0x0, 0x1b, 0xc0, 0x0, 0x8b, 0x13, 0xab, 0x76,
    0x5, 0xef, 0x4a, 0xcd, 0xff, 0xfc, 0xb9, 0x96,
    0x4e, 0x4c, 0x43, 0x21, 0x3, 0xf7, 0x0, 0x7a,
    0x0, 0x9, 0x30, 0x0, 0x0, 0x3c, 0xe9, 0xd5,
    0x0, 0x7d, 0xdd, 0xdd, 0xdd, 0xdd, 0xff, 0x60,
    0x0, 0x89, 0x87, 0x5, 0xc0, 0x5b, 0x1f, 0x0,
    0x0, 0x89, 0x1b, 0x15, 0xc0, 0xb3, 0x1f, 0x0,
    0x0, 0x8e, 0xdd, 0xdd, 0xfd, 0xdd, 0xdf, 0x0,
    0x0, 0x22, 0x0, 0x5, 0xc0, 0x0, 0x5, 0x0,
    0x4, 0xdd, 0xdd, 0xdd, 0xfd, 0xdd, 0xdd, 0x90,
    0x0, 0x0, 0x0, 0x5, 0xc0, 0x0, 0x0, 0x0,
    0x3d, 0xed, 0xde, 0xdd, 0xdd, 0xed, 0xde, 0xda,
    0x4, 0xf1, 0xc, 0x50, 0x8, 0x90, 0xe, 0x50,
    0xe, 0x70, 0x5, 0xc0, 0x1, 0xe2, 0x4, 0xf2,
    0x3, 0x0, 0x0, 0x0, 0x0, 0x0, 0x0, 0x30,

    /* U+9EDC "黜" */
    0x0, 0x0, 0x0, 0x0, 0x0, 0x3, 0x0, 0x0,
    0xa, 0xbb, 0xbb, 0xb7, 0x0, 0xd, 0x30, 0x0,
    0xf, 0x24, 0xd2, 0x6a, 0x46, 0xd, 0x30, 0xa0,
    0xf, 0x82, 0xd4, 0x8a, 0x59, 0xd, 0x30, 0xe0,
    0xf, 0x96, 0xda, 0x7a, 0x59, 0xd, 0x30, 0xe0,
    0xf, 0x57, 0xda, 0x4a, 0x59, 0xd, 0x30, 0xe0,
    0xf, 0x56, 0xe5, 0x8a, 0x5a, 0x2d, 0x52, 0xe0,
    0xe, 0x89, 0xe8, 0xaa, 0x5e, 0xef, 0xee, 0xf0,
    0x1, 0x13, 0xd1, 0x11, 0x0, 0xd, 0x30, 0xa0,
    0xc, 0xcc, 0xfc, 0xc8, 0x31, 0xd, 0x30, 0x31,
    0x0, 0x2, 0xd2, 0x33, 0xa5, 0xd, 0x30, 0xa5,
    0x5e, 0xfe, 0xdc, 0xb8, 0xa5, 0xd, 0x30, 0xa5,
    0x3, 0x1, 0x11, 0x51, 0xa5, 0xd, 0x30, 0xa5,
    0xd, 0x5c, 0x69, 0x78, 0xa5, 0xd, 0x30, 0xa5,
    0x3d, 0xe, 0x2e, 0x1e, 0xaf, 0xff, 0xff, 0xf5,
    0x67, 0x6, 0x13, 0x1, 0x1, 0x11, 0x11, 0xa5,
    0x0, 0x0, 0x0, 0x0, 0x0, 0x0, 0x0, 0x0,

    /* U+9EDD "黝" */
    0x0, 0x0, 0x0, 0x0, 0x12, 0x0, 0x30, 0x0,
    0xa, 0xaa, 0xaa, 0x70, 0x69, 0x0, 0xc1, 0x0,
    0xd, 0x3a, 0x74, 0xc0, 0xb4, 0x0, 0xc1, 0x0,
    0xd, 0x88, 0x58, 0xc0, 0xd0, 0x1, 0xc3, 0x10,
    0xd, 0xb8, 0x98, 0xc5, 0x92, 0xbf, 0xff, 0xf3,
    0xd, 0x49, 0x83, 0xcb, 0x38, 0x80, 0xc1, 0xa3,
    0xf, 0xbd, 0xcb, 0xdf, 0xef, 0x30, 0xd1, 0xb3,
    0x7, 0x29, 0x62, 0x62, 0x3d, 0x0, 0xe0, 0xb2,
    0x1, 0x19, 0x51, 0x0, 0x87, 0x0, 0xe0, 0xb2,
    0xc, 0xce, 0xdc, 0x90, 0xd5, 0x0, 0xe0, 0xb2,
    0x0, 0x8, 0x40, 0x14, 0xab, 0x33, 0xc0, 0xc2,
    0x3b, 0xce, 0xef, 0xec, 0x36, 0x87, 0xa0, 0xc1,
    0x25, 0x42, 0x10, 0x4f, 0xde, 0xdd, 0x50, 0xc1,
    0xb, 0x54, 0xb3, 0xc4, 0x10, 0x9f, 0x0, 0xd1,
    0x2c, 0x49, 0x76, 0xa4, 0x0, 0xc8, 0x23, 0xe0,
    0x77, 0x1a, 0x27, 0x23, 0x4, 0xe0, 0x7f, 0x80,
    0x0, 0x0, 0x0, 0x0, 0x0, 0x20, 0x0, 0x0,

    /* U+9EDF "黟" */
    0x0, 0x0, 0x0, 0x0, 0x0, 0x3, 0x0, 0x0,
    0xa, 0xbb, 0xbb, 0xb7, 0x0, 0x9c, 0x0, 0x0,
    0xf, 0x24, 0xd2, 0x6a, 0x4, 0xfd, 0xcc, 0xc0,
    0xf, 0x93, 0xd5, 0x8a, 0x3e, 0x63, 0x38, 0xd0,
    0xf, 0x87, 0xdb, 0x6b, 0xe7, 0x70, 0x3f, 0x30,
    0xf, 0x25, 0xd6, 0x4a, 0x30, 0xba, 0xe5, 0x0,
    0xf, 0xbc, 0xfb, 0xca, 0x0, 0x8f, 0x50, 0x0,
    0xb, 0x23, 0xd2, 0x47, 0x1b, 0xe9, 0x50, 0x0,
    0x4, 0x46, 0xe4, 0x43, 0xbb, 0x4f, 0x60, 0x0,
    0x9, 0x9a, 0xe9, 0x96, 0x1, 0xdf, 0xff, 0xf9,
    0x0, 0x2, 0xd2, 0x34, 0x1d, 0xa0, 0x2, 0xe3,
    0x5e, 0xff, 0xec, 0xb9, 0xda, 0x71, 0x1d, 0x70,
    0x2, 0x0, 0x11, 0x61, 0x30, 0x7c, 0xd9, 0x0,
    0xd, 0x5b, 0x69, 0x8a, 0x0, 0x5f, 0x90, 0x0,
    0x3d, 0xe, 0x2e, 0x1b, 0x3a, 0xf5, 0x0, 0x0,
    0x66, 0x7, 0x14, 0x6, 0xf9, 0x10, 0x0, 0x0,
    0x0, 0x0, 0x0, 0x0, 0x20, 0x0, 0x0, 0x0,

    /* U+9EE0 "黠" */
    0x0, 0x0, 0x0, 0x0, 0x0, 0x1, 0x0, 0x0,
    0x6, 0x66, 0x66, 0x64, 0x0, 0xd, 0x40, 0x0,
    0xf, 0x56, 0xe5, 0x7b, 0x0, 0xd, 0x40, 0x0,
    0xf, 0x82, 0xd4, 0x8d, 0xff, 0xff, 0xff, 0xfd,
    0xf, 0x96, 0xd9, 0x7b, 0x22, 0x2d, 0x52, 0x21,
    0xf, 0x46, 0xd9, 0x4b, 0x0, 0xd, 0x40, 0x0,
    0xf, 0x67, 0xe6, 0x8b, 0x0, 0xd, 0x40, 0x0,
    0xe, 0x89, 0xe8, 0x9a, 0xbf, 0xff, 0xff, 0xf6,
    0x2, 0x23, 0xe2, 0x21, 0x0, 0x0, 0x0, 0x0,
    0xb, 0xbb, 0xfb, 0xb8, 0x1, 0x11, 0x11, 0x10,
    0x0, 0x1, 0xd0, 0x12, 0x6f, 0xff, 0xff, 0xf2,
    0x4d, 0xde, 0xed, 0xc9, 0x6a, 0x0, 0x0, 0xf2,
    0x14, 0x11, 0x13, 0x53, 0x6a, 0x0, 0x0, 0xf2,
    0xe, 0x3c, 0x3b, 0x3a, 0x6a, 0x0, 0x0, 0xf2,
    0x4c, 0xe, 0xe, 0x17, 0x6f, 0xff, 0xff, 0xf2,
    0x46, 0x6, 0x1, 0x0, 0x6a, 0x11, 0x11, 0xf2,

    /* U+9EE2 "黢" */
    0x0, 0x0, 0x0, 0x0, 0x0, 0x33, 0x0, 0x0,
    0x1a, 0xaa, 0xaa, 0xa0, 0x0, 0xe7, 0x0, 0x0,
    0x2d, 0x3b, 0x83, 0xf0, 0x9, 0xb0, 0x5a, 0x0,
    0x2c, 0x79, 0x68, 0xf0, 0x5e, 0x10, 0xc, 0x60,
    0x2c, 0xb9, 0x98, 0xf3, 0xfe, 0xcd, 0xef, 0xf3,
    0x2c, 0x5a, 0x92, 0xf0, 0x86, 0x43, 0x22, 0x66,
    0x2f, 0xbe, 0xdb, 0xf0, 0x2e, 0x30, 0x6d, 0x40,
    0x17, 0x2a, 0x72, 0x85, 0xf7, 0x30, 0x6, 0xf7,
    0x26, 0x6c, 0x96, 0x6b, 0x59, 0xb0, 0x0, 0x34,
    0x38, 0x8d, 0xb8, 0x80, 0x3f, 0xff, 0xff, 0xa0,
    0x0, 0xa, 0x84, 0x52, 0xef, 0x21, 0x1c, 0x60,
    0x8f, 0xfe, 0xcb, 0x9b, 0xa9, 0xa0, 0x5d, 0x0,
    0x14, 0x11, 0x74, 0x82, 0x1, 0xd9, 0xe3, 0x0,
    0x1e, 0x87, 0xc5, 0xf2, 0x0, 0x9f, 0xc1, 0x0,
    0x79, 0x5b, 0x79, 0x75, 0x7d, 0xd4, 0xbe, 0x82,
    0x63, 0x14, 0x10, 0xc, 0xd6, 0x0, 0x5, 0xc9,
    0x0, 0x0, 0x0, 0x1, 0x0, 0x0, 0x0, 0x0,

    /* U+9EE5 "黥" */
    0x0, 0x0, 0x0, 0x0, 0x0, 0x0, 0x0, 0x0,
    0x0, 0x34, 0x44, 0x44, 0x20, 0x0, 0xd4, 0x0,
    0x0, 0xf, 0x9b, 0xe9, 0xc8, 0x11, 0x17, 0x91,
    0x11, 0x0, 0xf4, 0x3c, 0x28, 0x8d, 0xee, 0xee,
    0xee, 0xd0, 0xf, 0xa6, 0xcb, 0x88, 0x0, 0x0,
    0x0, 0x0, 0x0, 0xf4, 0x6c, 0x76, 0x81, 0xcc,
    0xcc, 0xcc, 0x0, 0xf, 0xbc, 0xfb, 0xd8, 0x1e,
    0x11, 0x11, 0xf1, 0x0, 0xb2, 0x4c, 0x26, 0x61,
    0xe0, 0x0, 0xf, 0x10, 0x4, 0x46, 0xd4, 0x42,
    0x1e, 0x0, 0x0, 0xf1, 0x0, 0x99, 0xbe, 0x99,
    0x51, 0xfe, 0xff, 0xef, 0x10, 0x0, 0x3, 0xc2,
    0x34, 0x5, 0x4, 0xc0, 0x60, 0x5, 0xff, 0xfe,
    0xdb, 0x80, 0x84, 0x4c, 0x85, 0x0, 0x2, 0x10,
    0x11, 0x60, 0x3f, 0x24, 0xc5, 0xe0, 0x0, 0xd5,
    0xa9, 0x5d, 0x4c, 0x80, 0x4c, 0xc, 0x80, 0x4c,
    0x1e, 0x4b, 0x6c, 0xa1, 0x17, 0xb0, 0x3a, 0x7,
    0x70, 0x91, 0x50, 0x20, 0x5f, 0xf5, 0x0, 0x0,
    0x0, 0x0, 0x0, 0x0, 0x0, 0x0, 0x0, 0x0,
    0x0,

    /* U+9EE7 "黧" */
    0x0, 0x0, 0x0, 0x0, 0x0, 0x20, 0x0, 0x0,
    0x0, 0x17, 0x88, 0xab, 0xc1, 0x3e, 0x0, 0x0,
    0x0, 0x0, 0x54, 0x9a, 0x10, 0xb, 0xdc, 0xec,
    0xce, 0x0, 0x6c, 0xcd, 0xec, 0xc7, 0xc0, 0x6a,
    0x1, 0xe0, 0x0, 0x8, 0xea, 0x20, 0x83, 0x3e,
    0x30, 0x3d, 0x0, 0x2b, 0x97, 0xcd, 0xa1, 0x8f,
    0x59, 0x9d, 0x80, 0xa, 0x70, 0x35, 0x5, 0x7,
    0x20, 0x57, 0x40, 0x0, 0xa, 0xdc, 0xdc, 0xcf,
    0xdc, 0xcd, 0xcf, 0x30, 0x0, 0xa5, 0x3d, 0x30,
    0xc5, 0x8, 0xd0, 0xc3, 0x0, 0xa, 0x72, 0x6b,
    0x2c, 0x65, 0xc3, 0x2d, 0x30, 0x0, 0xab, 0xaa,
    0xaa, 0xeb, 0xaa, 0xaa, 0xe3, 0x0, 0x6, 0x88,
    0x88, 0x8e, 0xa8, 0x88, 0x88, 0x20, 0x0, 0x23,
    0x33, 0x33, 0xc7, 0x33, 0x33, 0x30, 0x0, 0xad,
    0xdd, 0xdd, 0xdd, 0xdd, 0xdd, 0xdd, 0xd4, 0x1,
    0xb9, 0x0, 0xc3, 0x1, 0xd2, 0x4, 0xe3, 0x0,
    0x9c, 0x10, 0x9, 0x90, 0xb, 0x70, 0x8, 0xe0,
    0x0, 0x0, 0x0, 0x0, 0x0, 0x0, 0x0, 0x1,
    0x0,

    /* U+9EE9 "黩" */
    0x0, 0x0, 0x0, 0x0, 0x0, 0x4, 0x0, 0x0,
    0x5, 0x66, 0x66, 0x62, 0x0, 0xe, 0x20, 0x0,
    0xf, 0x9b, 0xd9, 0xd6, 0x24, 0x4f, 0x54, 0x40,
    0xf, 0x44, 0xb3, 0x96, 0x7c, 0xcf, 0xcc, 0xc2,
    0xf, 0xb6, 0xbb, 0xa6, 0x0, 0xe, 0x20, 0x0,
    0xf, 0x69, 0xbb, 0x86, 0x89, 0x9f, 0xa9, 0x94,
    0xf, 0x48, 0xc4, 0xa6, 0x67, 0x77, 0x77, 0xc7,
    0xb, 0x9b, 0xd9, 0xa4, 0xe, 0x95, 0xc0, 0xb5,
    0x1, 0x15, 0xb1, 0x11, 0x72, 0xc7, 0xc0, 0x21,
    0xc, 0xcd, 0xec, 0xc6, 0xbd, 0x14, 0xb0, 0x0,
    0x0, 0x4, 0xb0, 0x11, 0x17, 0x27, 0xb1, 0x11,
    0x6d, 0xdf, 0xfe, 0xc7, 0xee, 0xef, 0xfe, 0xea,
    0x13, 0x21, 0x13, 0x74, 0x0, 0x1e, 0x50, 0x0,
    0xc, 0x4e, 0x4b, 0x5c, 0x0, 0xbd, 0xe6, 0x0,
    0x2d, 0xe, 0x2f, 0x19, 0x5d, 0xc1, 0x4e, 0xa1,
    0x77, 0x7, 0x23, 0xc, 0xf8, 0x0, 0x2, 0xc9,
    0x0, 0x0, 0x0, 0x2, 0x0, 0x0, 0x0, 0x0,

    /* U+9EEA "黪" */
    0x0, 0x0, 0x0, 0x0, 0x0, 0x32, 0x0, 0x0,
    0x1a, 0xaa, 0xaa, 0x90, 0x1, 0xe6, 0x0, 0x0,
    0x1d, 0x3a, 0x73, 0xe0, 0xb, 0x90, 0x5b, 0x0,
    0x1c, 0x48, 0x54, 0xe0, 0xac, 0x0, 0x1e, 0x80,
    0x1c, 0xc8, 0x79, 0xe1, 0xfe, 0xee, 0xdc, 0xe3,
    0x1c, 0x79, 0x94, 0xe0, 0x20, 0x76, 0x0, 0x10,
    0x1e, 0xbd, 0xcb, 0xeb, 0xff, 0xff, 0xff, 0xf9,
    0x7, 0x29, 0x62, 0x70, 0xd, 0x50, 0xa6, 0x0,
    0x1, 0x19, 0x61, 0x10, 0x9a, 0x5, 0x2e, 0x30,
    0x2c, 0xce, 0xdc, 0xb9, 0xc1, 0xad, 0x14, 0xe5,
    0x0, 0x8, 0x50, 0x1a, 0x5e, 0xa1, 0x83, 0x48,
    0x5b, 0xce, 0xff, 0xd1, 0x44, 0x1b, 0xb1, 0x0,
    0x25, 0x32, 0x10, 0x30, 0x18, 0xe7, 0x8, 0xa0,
    0xc, 0x55, 0xb2, 0xd1, 0xaa, 0x23, 0xcc, 0x10,
    0x5b, 0x49, 0x68, 0x75, 0x3, 0xae, 0x60, 0x0,
    0x95, 0x19, 0x14, 0x2, 0xde, 0x70, 0x0, 0x0,
    0x0, 0x0, 0x0, 0x0, 0x40, 0x0, 0x0, 0x0,

    /* U+9EEF "黯" */
    0x0, 0x0, 0x0, 0x0, 0x0, 0x0, 0x0, 0x0,
    0x3, 0x33, 0x33, 0x30, 0x0, 0x5d, 0x0, 0x0,
    0x2e, 0xad, 0xca, 0xf1, 0x44, 0x4d, 0x64, 0x41,
    0x2c, 0x29, 0x63, 0xf3, 0xcc, 0xcc, 0xcc, 0xc4,
    0x2c, 0xb9, 0x89, 0xf0, 0x4b, 0x0, 0xb, 0x60,
    0x2c, 0x6a, 0x93, 0xf0, 0xc, 0x50, 0x8c, 0x0,
    0x2f, 0xbe, 0xdb, 0xfa, 0xff, 0xff, 0xff, 0xff,
    0x2a, 0x2a, 0x72, 0xb0, 0x0, 0x0, 0x0, 0x0,
    0x1, 0x1a, 0x71, 0x10, 0x12, 0x22, 0x22, 0x10,
    0x4c, 0xce, 0xdc, 0xc1, 0xee, 0xee, 0xee, 0xe0,
    0x1, 0x2a, 0x84, 0x60, 0xe2, 0x0, 0x2, 0xe0,
    0x8d, 0xca, 0x97, 0x60, 0xec, 0xcc, 0xcc, 0xe0,
    0x6, 0x32, 0xa5, 0xa0, 0xe6, 0x44, 0x46, 0xe0,
    0x3d, 0x88, 0xb5, 0xe2, 0xe2, 0x0, 0x2, 0xe0,
    0x99, 0x5b, 0x68, 0x52, 0xef, 0xff, 0xff, 0xe0,
    0x52, 0x2, 0x0, 0x0, 0xe3, 0x11, 0x13, 0xe0,

    /* U+9EFE "黾" */
    0x3, 0xcc, 0xcc, 0xcc, 0xcc, 0xcb, 0x0, 0x0,
    0x4, 0xe3, 0x33, 0x33, 0x33, 0x7e, 0x0, 0x0,
    0x4, 0xe0, 0x0, 0x0, 0x0, 0x4e, 0x0, 0x0,
    0x4, 0xff, 0xff, 0xff, 0xff, 0xfe, 0x0, 0x0,
    0x2, 0x80, 0x0, 0xe4, 0x0, 0x28, 0x0, 0x0,
    0x2, 0x22, 0x22, 0xe6, 0x22, 0x22, 0x20, 0x0,
    0x4f, 0xdd, 0xdd, 0xfe, 0xdd, 0xdd, 0xf0, 0x0,
    0x4f, 0x0, 0x0, 0xe4, 0x0, 0x2, 0xf0, 0x0,
    0x4f, 0xee, 0xee, 0xfe, 0xee, 0xee, 0xf0, 0x0,
    0x4f, 0x11, 0x11, 0xe4, 0x11, 0x13, 0xf0, 0x0,
    0x4f, 0x0, 0x0, 0xe4, 0x0, 0x2, 0xf0, 0x0,
    0x4f, 0xff, 0xff, 0xff, 0xff, 0xff, 0xf3, 0x70,
    0x3c, 0x0, 0x0, 0xe4, 0x0, 0x0, 0x5, 0xe0,
    0x0, 0x0, 0x0, 0xd9, 0x0, 0x0, 0x1c, 0xa0,
    0x0, 0x0, 0x0, 0x4d, 0xff, 0xff, 0xfb, 0x10,

    /* U+9F0B "鼋" */
    0x2, 0xaa, 0xaa, 0xaa, 0xaa, 0xaa, 0xa2, 0x0,
    0x0, 0x33, 0x33, 0x33, 0x33, 0x33, 0x30, 0x0,
    0x8d, 0xdd, 0xdd, 0xdd, 0xdd, 0xdd, 0xdd, 0xd2,
    0x0, 0x1, 0x8d, 0x0, 0x3e, 0x0, 0x0, 0xa4,
    0x7b, 0xee, 0x91, 0x0, 0xc, 0xdd, 0xdd, 0xc1,
    0x24, 0x7b, 0xbb, 0xbb, 0xbb, 0xbb, 0x70, 0x0,
    0x0, 0x79, 0x11, 0x11, 0x11, 0x16, 0xb0, 0x0,
    0x0, 0x7e, 0xcc, 0xce, 0xcc, 0xcd, 0xb0, 0x0,
    0x0, 0x33, 0x11, 0x1f, 0x31, 0x12, 0x31, 0x0,
    0x7, 0xdb, 0xbb, 0xbf, 0xbb, 0xbb, 0xcb, 0x0,
    0x7, 0xc8, 0x88, 0x8f, 0x98, 0x88, 0xab, 0x0,
    0x7, 0xa3, 0x33, 0x3f, 0x43, 0x33, 0x7b, 0x43,
    0x7, 0xec, 0xcc, 0xcf, 0xcc, 0xcc, 0xc8, 0x98,
    0x4, 0x50, 0x0, 0xd, 0x50, 0x0, 0x2, 0xe4,
    0x0, 0x0, 0x0, 0x4, 0xef, 0xff, 0xfe, 0x90,

    /* U+9F0D "鼍" */
    0xb, 0xaa, 0xaa, 0x90, 0x6a, 0xaa, 0xab, 0x20,
    0xf, 0x66, 0x66, 0xd0, 0x99, 0x66, 0x6d, 0x30,
    0x7, 0x44, 0x44, 0x60, 0x45, 0x44, 0x47, 0x10,
    0x2, 0xfa, 0xaa, 0xaf, 0xaa, 0xaa, 0xe5, 0x0,
    0x2, 0xf8, 0x88, 0x8f, 0x98, 0x88, 0xd5, 0x0,
    0x2, 0xfa, 0xaa, 0xae, 0xaa, 0xaa, 0xe5, 0x0,
    0x46, 0xa5, 0x55, 0x55, 0x55, 0x55, 0x97, 0x51,
    0x35, 0x55, 0x55, 0x55, 0x55, 0x55, 0x55, 0x51,
    0x5, 0xd8, 0x88, 0x88, 0x88, 0x88, 0xc7, 0x0,
    0x5, 0xe9, 0x99, 0x9b, 0x99, 0x99, 0xd7, 0x0,
    0xb, 0xa9, 0x99, 0x9f, 0x99, 0x99, 0xac, 0x0,
    0xe, 0x76, 0x66, 0x6f, 0x66, 0x66, 0x6f, 0x0,
    0xe, 0x53, 0x33, 0x3f, 0x43, 0x33, 0x3f, 0x10,
    0xb, 0x99, 0x99, 0x9f, 0xa9, 0x99, 0x99, 0xb7,
    0x0, 0x0, 0x0, 0xa, 0xdc, 0xcc, 0xcd, 0xc1,
    0x0, 0x0, 0x0, 0x0, 0x0, 0x0, 0x0, 0x0,

    /* U+9F22 "鼢" */
    0x0, 0x4a, 0x71, 0x11, 0x0, 0x0, 0x39, 0x0,
    0xf, 0xc7, 0x1e, 0xef, 0x10, 0x69, 0x2e, 0x0,
    0xf, 0x0, 0x0, 0xd, 0x10, 0xa5, 0xe, 0x30,
    0xf, 0xff, 0x4e, 0xff, 0x10, 0xf1, 0x9, 0x90,
    0xf, 0x0, 0x0, 0xd, 0x16, 0xb0, 0x2, 0xf3,
    0xf, 0x88, 0x88, 0x8e, 0x2e, 0x30, 0x0, 0x9d,
    0xf, 0x99, 0x99, 0x9d, 0x17, 0x33, 0x33, 0x35,
    0x8, 0x10, 0xc1, 0x9, 0x3, 0xdf, 0xdd, 0xe0,
    0xe, 0xa9, 0xeb, 0x8d, 0x0, 0x4b, 0x2, 0xe0,
    0xe, 0x4, 0xe0, 0x4e, 0x0, 0x5a, 0x3, 0xd0,
    0xe, 0x81, 0xe7, 0x2e, 0x35, 0x78, 0x3, 0xd0,
    0xe, 0x4b, 0xe4, 0xbe, 0x69, 0xa5, 0x4, 0xc0,
    0xe, 0x3, 0xe0, 0x2d, 0xb6, 0xe1, 0x5, 0xb0,
    0xf, 0xcb, 0xfb, 0xb7, 0xe8, 0xc2, 0x3a, 0x90,
    0xd, 0x61, 0xe7, 0x0, 0x1e, 0x47, 0xfd, 0x20,
    0x0, 0x0, 0x0, 0x0, 0x1, 0x0, 0x0, 0x0,

    /* U+9F2C "鼬" */
    0x0, 0x0, 0x0, 0x0, 0x0, 0x0, 0x10, 0x0,
    0x1, 0x6d, 0x50, 0x0, 0x0, 0x4, 0xc0, 0x0,
    0xf, 0xb5, 0x7e, 0xf8, 0x0, 0x4, 0xc0, 0x0,
    0xe, 0x0, 0x0, 0x88, 0x1, 0x14, 0xc1, 0x10,
    0xf, 0xee, 0x6e, 0xf8, 0x1f, 0xff, 0xff, 0xf2,
    0xe, 0x0, 0x0, 0x88, 0x1e, 0x4, 0xc0, 0xd2,
    0xf, 0xcc, 0xcc, 0xe8, 0x1e, 0x4, 0xc0, 0xd2,
    0xe, 0x22, 0x22, 0x97, 0x1e, 0x4, 0xc0, 0xd2,
    0x8, 0x30, 0xb1, 0x90, 0x1e, 0x4, 0xc0, 0xd2,
    0xd, 0xba, 0xda, 0xe0, 0x1f, 0xff, 0xff, 0xf2,
    0xd, 0x3, 0xc1, 0xd0, 0x1e, 0x4, 0xc0, 0xd2,
    0xe, 0xa2, 0xe7, 0xd0, 0x1e, 0x4, 0xc0, 0xd2,
    0xd, 0x5a, 0xc7, 0xe4, 0x6e, 0x4, 0xc0, 0xd2,
    0xd, 0x4, 0xc0, 0xe8, 0x8e, 0x4, 0xc0, 0xd2,
    0xf, 0xda, 0xec, 0xdd, 0x5f, 0xff, 0xff, 0xf2,
    0xa, 0x22, 0xa0, 0x4c, 0x1e, 0x0, 0x0, 0xd2,
    0x0, 0x0, 0x0, 0x0, 0x0, 0x0, 0x0, 0x0,

    /* U+9F2F "鼯" */
    0x1, 0x47, 0x1, 0x10, 0x22, 0x22, 0x22, 0x20,
    0x2f, 0x96, 0x6b, 0xe5, 0xcd, 0xfe, 0xdd, 0xd2,
    0x2d, 0x11, 0x1, 0xa5, 0x0, 0xc3, 0x0, 0x0,
    0x2e, 0xa9, 0x5a, 0xe5, 0x6c, 0xfc, 0xcc, 0x50,
    0x2d, 0x0, 0x0, 0xa5, 0x14, 0xf3, 0x3a, 0x70,
    0x2f, 0xbb, 0xbb, 0xe5, 0x2, 0xd0, 0x9, 0x70,
    0x17, 0x33, 0x53, 0x73, 0x15, 0xc1, 0x19, 0x80,
    0x1e, 0x72, 0xd3, 0xe2, 0xee, 0xee, 0xee, 0xe8,
    0x1d, 0x7a, 0xd9, 0xf0, 0x0, 0x0, 0x0, 0x0,
    0x1e, 0x32, 0xd2, 0xe0, 0xe, 0xff, 0xff, 0xa0,
    0x1e, 0xd6, 0xeb, 0xe0, 0xf, 0x10, 0x5, 0xb0,
    0x1d, 0x23, 0xc3, 0xd2, 0x1f, 0x0, 0x5, 0xb0,
    0x1d, 0x26, 0xc2, 0xf7, 0xaf, 0x0, 0x5, 0xb0,
    0x2f, 0xd6, 0xfc, 0xbd, 0x8f, 0xff, 0xff, 0xb0,
    0x19, 0x16, 0x80, 0x2b, 0x1f, 0x10, 0x5, 0xb0,

    /* U+9F37 "鼷" */
    0x0, 0x0, 0x0, 0x0, 0x0, 0x0, 0x0, 0x0,
    0x3, 0xa9, 0x22, 0x21, 0x22, 0x34, 0x67, 0x93,
    0x2e, 0x60, 0xcd, 0xf6, 0xfd, 0xcc, 0xa8, 0x82,
    0x2c, 0x0, 0x0, 0xc2, 0xa1, 0xe, 0x10, 0xd3,
    0x2f, 0xfa, 0xdf, 0xf2, 0x88, 0x39, 0x48, 0x80,
    0x2c, 0x0, 0x0, 0xc2, 0x14, 0xd2, 0x4, 0x20,
    0x2d, 0x77, 0x77, 0xd2, 0x4c, 0x21, 0x4e, 0x60,
    0x2d, 0x99, 0x99, 0xd2, 0xde, 0xdf, 0xb2, 0x0,
    0xc, 0x3b, 0x50, 0xd0, 0x6, 0xa4, 0x9, 0x60,
    0xd, 0x9d, 0x9a, 0xd2, 0xff, 0xcd, 0xde, 0xf6,
    0xd, 0xb, 0x20, 0xd0, 0x53, 0x29, 0x0, 0x23,
    0xd, 0xab, 0xb3, 0xd1, 0x33, 0x3e, 0x43, 0x32,
    0xd, 0x4c, 0x47, 0xd5, 0xcc, 0xdf, 0xec, 0xc9,
    0xd, 0x1c, 0x34, 0xd7, 0x0, 0x8a, 0xd1, 0x0,
    0x1f, 0xee, 0xe6, 0xcd, 0x3a, 0xc0, 0x6e, 0x62,
    0x2b, 0x17, 0x30, 0x6d, 0xe7, 0x0, 0x3, 0xba,
    0x0, 0x0, 0x0, 0x0, 0x0, 0x0, 0x0, 0x0,

    /* U+9F39 "鼹" */
    0x1, 0x6d, 0x21, 0x10, 0x4, 0x44, 0x44, 0x40,
    0x2f, 0x93, 0xce, 0xf5, 0x2f, 0x99, 0x99, 0xf2,
    0x2d, 0x0, 0x0, 0xa5, 0x2f, 0x66, 0x66, 0xf2,
    0x2f, 0xda, 0xad, 0xf5, 0x2f, 0x55, 0x55, 0xf2,
    0x2d, 0x0, 0x0, 0xa5, 0x2f, 0xbb, 0xbb, 0xf2,
    0x2f, 0xdd, 0xdd, 0xf5, 0x2d, 0x29, 0x42, 0xd2,
    0x2e, 0x77, 0x77, 0xc5, 0x1, 0x1a, 0x81, 0x10,
    0x8, 0x1, 0x80, 0xa0, 0xce, 0xdd, 0xdd, 0xeb,
    0xe, 0x97, 0xc9, 0xe0, 0xc5, 0x47, 0x0, 0x5b,
    0xe, 0x12, 0xc1, 0xe0, 0xed, 0xee, 0xdd, 0xdd,
    0xe, 0xb8, 0xcc, 0xf0, 0x26, 0xd2, 0x2b, 0x71,
    0xe, 0x3, 0xc1, 0xe0, 0xa, 0xd4, 0x4e, 0x0,
    0xe, 0x26, 0xc6, 0xf5, 0xc0, 0x4e, 0xf7, 0x0,
    0x1f, 0xe9, 0xfb, 0xcc, 0xa4, 0xbd, 0x7e, 0xc3,
    0x1b, 0x15, 0x50, 0x3e, 0x8e, 0x70, 0x0, 0x86,
    0x0, 0x0, 0x0, 0x0, 0x0, 0x0, 0x0, 0x0,

    /* U+9F3D "鼽" */
    0x0, 0x3, 0x10, 0x0, 0x3, 0x10, 0x0, 0x0,
    0x3, 0x3f, 0x63, 0x30, 0xb, 0x50, 0x0, 0x0,
    0xe, 0x88, 0x88, 0xf1, 0xb, 0x40, 0x0, 0x0,
    0xe, 0xbb, 0xbb, 0xf1, 0xc, 0x40, 0x0, 0x0,
    0xe, 0x54, 0x44, 0xf3, 0xbf, 0xdb, 0xb1, 0x0,
    0xe, 0x87, 0x77, 0xf2, 0x4d, 0x74, 0xf2, 0x0,
    0xe, 0xcb, 0xbb, 0xf1, 0xc, 0x30, 0xe2, 0x0,
    0x17, 0x43, 0x33, 0x72, 0xd, 0x30, 0xe2, 0x0,
    0x5c, 0x7a, 0xc7, 0xb8, 0xe, 0x20, 0xe2, 0x0,
    0x5e, 0xbd, 0xeb, 0xd8, 0xf, 0x10, 0xe2, 0x0,
    0x5a, 0x17, 0xa1, 0x88, 0xf, 0x0, 0xe2, 0x10,
    0x5d, 0xaa, 0xaa, 0xc8, 0x2e, 0x0, 0xe2, 0x87,
    0x9b, 0xbb, 0xbb, 0xbb, 0x7a, 0x0, 0xe2, 0x96,
    0x24, 0xd2, 0x2d, 0x52, 0xc5, 0x0, 0xe2, 0xa5,
    0x9, 0x80, 0xd, 0x34, 0xe0, 0x0, 0xe4, 0xd3,
    0x7c, 0x0, 0xd, 0x3b, 0x50, 0x0, 0x9f, 0xc0,
    0x0, 0x0, 0x0, 0x0, 0x0, 0x0, 0x0, 0x0,

    /* U+9F3E "鼾" */
    0x0, 0x2, 0x10, 0x0, 0x0, 0x0, 0x0, 0x0,
    0x2, 0x3b, 0x93, 0x33, 0x4, 0x44, 0x44, 0x42,
    0xc, 0xa8, 0x88, 0x8f, 0xd, 0xdd, 0xfd, 0xd8,
    0xc, 0xcb, 0xbb, 0xbf, 0x0, 0x3, 0xe0, 0x0,
    0xc, 0x74, 0x44, 0x4f, 0x0, 0x3, 0xe0, 0x0,
    0xc, 0x97, 0x77, 0x7f, 0x0, 0x3, 0xe0, 0x0,
    0xc, 0xcb, 0xbb, 0xbf, 0x0, 0x3, 0xe0, 0x0,
    0x7, 0x54, 0x44, 0x48, 0x24, 0x47, 0xf4, 0x44,
    0x3e, 0x77, 0xe8, 0x7b, 0x9c, 0xcd, 0xfc, 0xcb,
    0x3f, 0xbb, 0xfc, 0xbd, 0x70, 0x3, 0xe0, 0x0,
    0x3d, 0x33, 0xd4, 0x39, 0x70, 0x3, 0xe0, 0x0,
    0x2b, 0x88, 0x88, 0x8a, 0x60, 0x3, 0xe0, 0x0,
    0x7b, 0xbb, 0xbb, 0xbb, 0xb0, 0x3, 0xe0, 0x0,
    0x12, 0xd4, 0x22, 0xf2, 0x20, 0x3, 0xe0, 0x0,
    0x18, 0xc0, 0x0, 0xf0, 0x0, 0x3, 0xe0, 0x0,
    0x9a, 0x10, 0x0, 0xe0, 0x0, 0x3, 0xe0, 0x0,
    0x0, 0x0, 0x0, 0x0, 0x0, 0x0, 0x0, 0x0,

    /* U+9F44 "齄" */
    0x0, 0x6, 0x20, 0x0, 0x0, 0x7, 0x0, 0x0,
    0x6, 0x7f, 0x87, 0x20, 0x0, 0x1e, 0x0, 0x0,
    0xe, 0x44, 0x4a, 0x67, 0xbb, 0xbf, 0xbb, 0xb4,
    0xf, 0xee, 0xef, 0x62, 0x34, 0xef, 0xc3, 0x31,
    0xe, 0x0, 0x8, 0x60, 0x1c, 0x8e, 0x99, 0x0,
    0xf, 0xaa, 0xad, 0x64, 0xe6, 0x1e, 0x9, 0xd4,
    0xe, 0xaa, 0xad, 0x7b, 0x30, 0x8, 0x0, 0x47,
    0x17, 0x33, 0x35, 0x40, 0xcf, 0xff, 0xff, 0xa0,
    0x6b, 0x7d, 0x87, 0xd0, 0xd2, 0x0, 0x4, 0xb0,
    0x6d, 0xbe, 0xcb, 0xd0, 0xdb, 0xbb, 0xbc, 0xb0,
    0x69, 0x3c, 0x53, 0xd0, 0xd5, 0x44, 0x47, 0xb0,
    0x5c, 0xaa, 0xaa, 0xd0, 0xd2, 0x0, 0x4, 0xb0,
    0xab, 0xbb, 0xbb, 0xb3, 0xdc, 0xbb, 0xbc, 0xb0,
    0x25, 0xc2, 0x6b, 0x20, 0x81, 0x0, 0x2, 0x70,
    0x8, 0x70, 0x5a, 0x0, 0x0, 0x0, 0x0, 0x0,
    0x6a, 0x0, 0x5a, 0xf, 0xff, 0xff, 0xff, 0xfc,
    0x0, 0x0, 0x0, 0x0, 0x0, 0x0, 0x0, 0x0,

    /* U+9F80 "龀" */
    0x0, 0x0, 0x0, 0x0, 0x0, 0x0, 0x0, 0x0,
    0x0, 0x0, 0xe2, 0x0, 0x2, 0xe0, 0x0, 0x0,
    0x7, 0x80, 0xe3, 0x10, 0x3, 0xf0, 0x0, 0x0,
    0x7, 0x90, 0xef, 0xf9, 0x3, 0xf0, 0x0, 0x30,
    0x7, 0x90, 0xe2, 0x0, 0x3, 0xf0, 0x3, 0xf3,
    0x29, 0xb4, 0xf6, 0x44, 0x3, 0xf0, 0xd, 0x90,
    0x6c, 0xcc, 0xcc, 0xcb, 0x3, 0xf0, 0xad, 0x0,
    0x6, 0x4, 0xb0, 0x33, 0x3, 0xf8, 0xf3, 0x0,
    0xf, 0x5, 0xb0, 0x88, 0x3, 0xff, 0x30, 0x0,
    0xf, 0x7, 0xe0, 0x88, 0x8, 0xf4, 0x0, 0x0,
    0xf, 0xc, 0xd8, 0x89, 0xbf, 0xf0, 0x0, 0x0,
    0xf, 0x7d, 0x1f, 0xba, 0xd6, 0xf0, 0x0, 0x5c,
    0xf, 0xa3, 0x6, 0xb8, 0x3, 0xf0, 0x0, 0x6c,
    0xf, 0x0, 0x0, 0x88, 0x2, 0xf0, 0x0, 0x8b,
    0xf, 0xef, 0xff, 0xf8, 0x1, 0xf5, 0x23, 0xd8,
    0x1, 0x11, 0x0, 0x88, 0x0, 0x7e, 0xff, 0xb1,
    0x0, 0x0, 0x0, 0x0, 0x0, 0x0, 0x0, 0x0,

    /* U+9F83 "龃" */
    0x0, 0x1, 0x20, 0x0, 0x0, 0x0, 0x0, 0x0,
    0x1, 0x4, 0xc0, 0x0, 0x56, 0x66, 0x66, 0x10,
    0xe, 0x34, 0xc0, 0x0, 0xee, 0xdd, 0xdf, 0x40,
    0xe, 0x34, 0xfe, 0xe2, 0xe2, 0x0, 0xc, 0x40,
    0xe, 0x34, 0xc0, 0x0, 0xe2, 0x0, 0xc, 0x40,
    0x4e, 0x78, 0xd5, 0x52, 0xe3, 0x11, 0x1d, 0x40,
    0x9a, 0xaa, 0xaa, 0xa4, 0xef, 0xff, 0xff, 0x40,
    0x12, 0xa, 0x30, 0x30, 0xe2, 0x0, 0xc, 0x40,
    0x5a, 0xc, 0x31, 0xe0, 0xe2, 0x0, 0xc, 0x40,
    0x5a, 0xf, 0x81, 0xe0, 0xe2, 0x0, 0xc, 0x40,
    0x5a, 0x4d, 0xe4, 0xe0, 0xef, 0xff, 0xff, 0x40,
    0x5c, 0xe5, 0x7c, 0xe0, 0xe3, 0x11, 0x1d, 0x40,
    0x5c, 0x90, 0x7, 0xe0, 0xe2, 0x0, 0xc, 0x40,
    0x5a, 0x0, 0x3, 0xe0, 0xe2, 0x0, 0xc, 0x40,
    0x5f, 0xff, 0xee, 0xe0, 0xe3, 0x11, 0x1c, 0x40,
    0x0, 0x0, 0x1, 0xec, 0xff, 0xff, 0xff, 0xf5,

    /* U+9F85 "龅" */
    0x0, 0x0, 0x0, 0x0, 0x0, 0x0, 0x0, 0x0,
    0x0, 0x4, 0xc0, 0x0, 0xd, 0x10, 0x0, 0x0,
    0xb, 0x44, 0xc1, 0x0, 0x4d, 0x11, 0x11, 0x10,
    0xb, 0x54, 0xff, 0xd0, 0xaf, 0xff, 0xff, 0xf1,
    0xb, 0x54, 0xc0, 0x2, 0xe0, 0x0, 0x1, 0xf0,
    0x3c, 0x87, 0xd4, 0x4b, 0x81, 0x11, 0x1, 0xf0,
    0x8c, 0xcc, 0xcc, 0xca, 0xee, 0xef, 0x41, 0xf0,
    0x15, 0x9, 0x50, 0x60, 0xe2, 0xc, 0x41, 0xf0,
    0x3e, 0xb, 0x52, 0xf0, 0xe2, 0xc, 0x42, 0xf0,
    0x3e, 0xd, 0x62, 0xf0, 0xef, 0xff, 0x42, 0xf0,
    0x3e, 0x1f, 0xe2, 0xf0, 0xe3, 0x11, 0x5, 0xd0,
    0x3e, 0xa9, 0xaa, 0xf0, 0xe2, 0x25, 0x7e, 0x70,
    0x3f, 0xd1, 0x2c, 0xf0, 0xe2, 0x4d, 0xb7, 0x58,
    0x3e, 0x0, 0x2, 0xf0, 0xe2, 0x0, 0x0, 0x99,
    0x3f, 0xff, 0xff, 0xf0, 0xc8, 0x11, 0x14, 0xe4,
    0x1, 0x10, 0x2, 0xf0, 0x4d, 0xff, 0xfe, 0x80,
    0x0, 0x0, 0x0, 0x0, 0x0, 0x0, 0x0, 0x0,

    /* U+9F86 "龆" */
    0x0, 0x0, 0x0, 0x0, 0x0, 0x0, 0x0, 0x0,
    0x0, 0x5, 0xb0, 0x0, 0x55, 0x55, 0x55, 0x50,
    0xb, 0x35, 0xc1, 0x0, 0xbb, 0xfc, 0xbb, 0xf2,
    0xc, 0x45, 0xff, 0xc0, 0x0, 0xf2, 0x0, 0xf1,
    0xc, 0x45, 0xb0, 0x0, 0x3, 0xf0, 0x0, 0xf0,
    0x3d, 0x78, 0xc4, 0x40, 0x8, 0xb0, 0x1, 0xf0,
    0x9c, 0xcc, 0xcc, 0xc0, 0x4f, 0x30, 0x5, 0xe0,
    0x15, 0x9, 0x41, 0x56, 0xf6, 0xc, 0xff, 0x60,
    0x4d, 0xc, 0x43, 0xe2, 0x30, 0x0, 0x10, 0x0,
    0x4d, 0xe, 0x63, 0xe0, 0xde, 0xee, 0xee, 0xd0,
    0x4d, 0x4e, 0xe4, 0xe0, 0xe4, 0x33, 0x34, 0xe0,
    0x4d, 0xd6, 0x9c, 0xe0, 0xe2, 0x0, 0x2, 0xe0,
    0x4e, 0xa0, 0x19, 0xe0, 0xe2, 0x0, 0x2, 0xe0,
    0x4d, 0x0, 0x3, 0xe0, 0xe2, 0x0, 0x2, 0xe0,
    0x4f, 0xef, 0xff, 0xe0, 0xef, 0xff, 0xff, 0xe0,
    0x1, 0x11, 0x3, 0xd0, 0xe3, 0x11, 0x13, 0xe0,

    /* U+9F87 "龇" */
    0x0, 0x1, 0x10, 0x0, 0x0, 0x20, 0x20, 0x0,
    0x1, 0x7, 0x80, 0x0, 0x1, 0xe0, 0xe1, 0x0,
    0xb, 0x37, 0x81, 0x0, 0x1, 0xe0, 0xe1, 0x0,
    0xb, 0x37, 0xff, 0xa0, 0x21, 0xe0, 0xe1, 0x0,
    0xb, 0x37, 0x80, 0x3, 0xd1, 0xe0, 0xe1, 0x26,
    0x3d, 0x7a, 0xa5, 0x53, 0xd1, 0xe1, 0xe4, 0xe7,
    0x7a, 0xaa, 0xaa, 0xa4, 0xd1, 0xff, 0xef, 0x60,
    0x3, 0xc, 0x21, 0x23, 0xd1, 0xe0, 0xe4, 0x0,
    0x3b, 0xd, 0x15, 0x93, 0xd1, 0xe0, 0xe1, 0x0,
    0x3b, 0xf, 0x55, 0x93, 0xd1, 0xe0, 0xe1, 0x0,
    0x3b, 0x4d, 0xd5, 0x93, 0xd1, 0xe0, 0xe1, 0x0,
    0x3c, 0xc5, 0xab, 0x93, 0xd1, 0xe0, 0xe1, 0xb,
    0x3c, 0x90, 0x3a, 0x93, 0xd1, 0xe0, 0xe1, 0xd,
    0x3b, 0x0, 0x6, 0x93, 0xd1, 0xf8, 0xe1, 0x1c,
    0x3f, 0xef, 0xff, 0x98, 0xff, 0xfa, 0xd4, 0x7a,
    0x3, 0x21, 0x5, 0x9c, 0x94, 0x0, 0x7f, 0xe4,
    0x0, 0x0, 0x0, 0x0, 0x0, 0x0, 0x0, 0x0,

    /* U+9F88 "龈" */
    0x0, 0x4, 0xd0, 0x0, 0x33, 0x33, 0x33, 0x30,
    0xc, 0x34, 0xd1, 0x10, 0xfe, 0xdd, 0xde, 0xe0,
    0xd, 0x34, 0xff, 0xf2, 0xf3, 0x0, 0x2, 0xe0,
    0xd, 0x34, 0xd0, 0x0, 0xf3, 0x11, 0x13, 0xe0,
    0x1d, 0x55, 0xd2, 0x20, 0xff, 0xff, 0xff, 0xe0,
    0xce, 0xee, 0xee, 0xe6, 0xf3, 0x0, 0x2, 0xe0,
    0x13, 0xa, 0x50, 0x40, 0xf4, 0x22, 0x24, 0xe0,
    0x6b, 0xb, 0x40, 0xf1, 0xff, 0xff, 0xff, 0xe0,
    0x6b, 0xe, 0x80, 0xf1, 0xf3, 0x4d, 0x1, 0x62,
    0x6b, 0x3e, 0xe2, 0xf1, 0xf3, 0xf, 0x32, 0xdb,
    0x6b, 0xc7, 0x7a, 0xf1, 0xf3, 0x9, 0xde, 0x70,
    0x6c, 0xb0, 0x8, 0xf1, 0xf3, 0x1, 0xf7, 0x0,
    0x6b, 0x0, 0x0, 0xf1, 0xf4, 0x8c, 0x5f, 0x50,
    0x6f, 0xef, 0xff, 0xf2, 0xff, 0xc4, 0x6, 0xf9,
    0x2, 0x11, 0x0, 0xf2, 0xd4, 0x0, 0x0, 0x33,
    0x0, 0x0, 0x0, 0x0, 0x0, 0x0, 0x0, 0x0,

    /* U+9F89 "龉" */
    0x0, 0x6, 0xa0, 0x2, 0x44, 0x44, 0x44, 0x40,
    0xc, 0x26, 0xa0, 0x9, 0xcd, 0xfc, 0xcc, 0xc0,
    0xd, 0x36, 0xff, 0xb0, 0x6, 0xb0, 0x0, 0x0,
    0xd, 0x36, 0xa0, 0x3, 0x6b, 0xb6, 0x66, 0x10,
    0x1d, 0x47, 0xb1, 0x16, 0xbe, 0xcb, 0xbf, 0x20,
    0xde, 0xee, 0xee, 0xe1, 0xd, 0x40, 0xe, 0x20,
    0x13, 0xc, 0x21, 0x33, 0x4f, 0x31, 0x1e, 0x61,
    0x6a, 0xe, 0x25, 0xbd, 0xff, 0xff, 0xff, 0xf7,
    0x6a, 0xf, 0x55, 0xb0, 0x0, 0x0, 0x0, 0x0,
    0x6a, 0x6d, 0xe6, 0xb0, 0xef, 0xff, 0xff, 0x60,
    0x6c, 0xe3, 0x9e, 0xb0, 0xf4, 0x11, 0x1b, 0x70,
    0x6d, 0x90, 0x2b, 0xb0, 0xf3, 0x0, 0xa, 0x70,
    0x6a, 0x0, 0x5, 0xb0, 0xf3, 0x0, 0xa, 0x70,
    0x6f, 0xee, 0xff, 0xb0, 0xff, 0xff, 0xff, 0x70,
    0x2, 0x11, 0x16, 0xb0, 0xf4, 0x11, 0x1b, 0x70,
    0x0, 0x0, 0x0, 0x0, 0x0, 0x0, 0x0, 0x0,

    /* U+9F8A "龊" */
    0x0, 0x1, 0x30, 0x0, 0x0, 0x0, 0x0, 0x0,
    0x1, 0x5, 0xb0, 0x0, 0x56, 0x66, 0x66, 0x60,
    0xc, 0x35, 0xc1, 0x0, 0xee, 0xdd, 0xdd, 0xf0,
    0xc, 0x35, 0xff, 0xc0, 0xe2, 0x0, 0x1, 0xf0,
    0xc, 0x35, 0xb0, 0x0, 0xe2, 0x0, 0x1, 0xf0,
    0x5e, 0x9a, 0xd7, 0x70, 0xe2, 0x0, 0x1, 0xf0,
    0x68, 0x88, 0x88, 0x80, 0xef, 0xff, 0xff, 0xf0,
    0x15, 0xa, 0x41, 0x50, 0xb2, 0xe, 0x42, 0xc0,
    0x4d, 0xc, 0x43, 0xe0, 0x0, 0xe, 0x30, 0x0,
    0x4d, 0xe, 0x53, 0xe0, 0x65, 0xe, 0x41, 0x10,
    0x4d, 0x3f, 0xe3, 0xe0, 0x98, 0xe, 0xff, 0xf5,
    0x4d, 0xc7, 0xaa, 0xe0, 0xa6, 0xe, 0x30, 0x0,
    0x4e, 0xb0, 0x2b, 0xe0, 0xc5, 0xe, 0x30, 0x0,
    0x4d, 0x0, 0x3, 0xe2, 0xfd, 0x1e, 0x30, 0x0,
    0x4f, 0xff, 0xff, 0xea, 0x9a, 0xef, 0x41, 0x11,
    0x1, 0x10, 0x3, 0xfd, 0x10, 0x7e, 0xff, 0xf8,
    0x0, 0x0, 0x0, 0x0, 0x0, 0x0, 0x1, 0x10,

    /* U+9F8C "龌" */
    0x0, 0x1, 0x20, 0x0, 0x0, 0x0, 0x0, 0x0,
    0x1, 0x6, 0x90, 0x1, 0x33, 0x33, 0x33, 0x31,
    0xa, 0x56, 0xa1, 0x6, 0xeb, 0xbb, 0xbb, 0xe6,
    0xa, 0x56, 0xeb, 0x66, 0xa0, 0x0, 0x0, 0xa6,
    0xa, 0x56, 0x90, 0x6, 0xff, 0xff, 0xff, 0xf6,
    0x2b, 0x78, 0xb3, 0x36, 0xa0, 0x0, 0x0, 0x74,
    0x58, 0x88, 0x88, 0x76, 0xbf, 0xff, 0xff, 0xf7,
    0x5, 0xc, 0x13, 0x36, 0xa0, 0x6d, 0x13, 0x0,
    0x2d, 0xd, 0x8, 0x77, 0xa5, 0xd1, 0xc, 0x70,
    0x2d, 0xf, 0x68, 0x77, 0x9e, 0xed, 0xde, 0xf5,
    0x2d, 0x5d, 0xe9, 0x78, 0x81, 0x15, 0x60, 0x44,
    0x2e, 0xd4, 0xaf, 0x7a, 0x60, 0x7, 0x90, 0x0,
    0x2e, 0x90, 0x2c, 0x7d, 0x6f, 0xff, 0xff, 0xf2,
    0x2e, 0x57, 0x8c, 0x8f, 0x10, 0x7, 0x90, 0x0,
    0x6, 0x54, 0x37, 0xdc, 0x8c, 0xce, 0xec, 0xcb,
    0x0, 0x0, 0x0, 0x75, 0x12, 0x22, 0x22, 0x22,
    0x0, 0x0, 0x0, 0x0, 0x0, 0x0, 0x0, 0x0,

    /* U+FF01 "！" */
    0x0, 0x0, 0xf8, 0xf, 0x80, 0xf8, 0xf, 0x70,
    0xe7, 0xe, 0x70, 0xe6, 0xd, 0x60, 0x83, 0x0,
    0x0, 0xb7, 0x1f, 0xa0, 0x10,

    /* U+FF08 "（" */
    0x0, 0x0, 0x0, 0x3, 0xf3, 0x0, 0xe7, 0x0,
    0x7e, 0x0, 0xe, 0x70, 0x2, 0xf3, 0x0, 0x6f,
    0x0, 0x7, 0xd0, 0x0, 0x8d, 0x0, 0x7, 0xe0,
    0x0, 0x5f, 0x0, 0x1, 0xf3, 0x0, 0xd, 0x90,
    0x0, 0x5f, 0x10, 0x0, 0xc9, 0x0, 0x1, 0xc3,

    /* U+FF09 "）" */
    0x0, 0x0, 0x2, 0xf3, 0x0, 0x6, 0xe0, 0x0,
    0xe, 0x70, 0x0, 0x7e, 0x0, 0x2, 0xf2, 0x0,
    0xf, 0x60, 0x0, 0xd7, 0x0, 0xc, 0x80, 0x0,
    0xe7, 0x0, 0xf, 0x50, 0x4, 0xf1, 0x0, 0x9c,
    0x0, 0x1f, 0x50, 0x9, 0xb0, 0x3, 0xc1, 0x0,

    /* U+FF0C "，" */
    0x1, 0x20, 0xc9, 0xf, 0x43, 0xf0, 0x7a, 0x0,

    /* U+FF1A "：" */
    0x99, 0xd, 0xe0, 0x0, 0x0, 0x0, 0x0, 0x0,
    0x0, 0x0, 0x9, 0xa0, 0xde, 0x0, 0x0,

    /* U+FF1B "；" */
    0x9, 0x90, 0xd, 0xe0, 0x0, 0x0, 0x0, 0x0,
    0x0, 0x0, 0x0, 0x0, 0x1, 0x20, 0xc, 0xa0,
    0xf, 0x40, 0x3f, 0x0, 0x7a, 0x0,

    /* U+FF1F "？" */
    0x0, 0x24, 0x10, 0x5, 0xef, 0xff, 0x90, 0x76,
    0x0, 0x8f, 0x50, 0x0, 0x0, 0xe9, 0x0, 0x0,
    0xf, 0x70, 0x0, 0x9, 0xe1, 0x0, 0xa, 0xe3,
    0x0, 0x8, 0xe2, 0x0, 0x0, 0xd8, 0x0, 0x0,
    0x8, 0x40, 0x0, 0x0, 0x0, 0x0, 0x0, 0x1c,
    0x60, 0x0, 0x2, 0xfa, 0x0, 0x0, 0x1, 0x0,
    0x0,

    /* U+FF5E "～" */
    0x0, 0x34, 0x0, 0x0, 0x50, 0x8, 0xfe, 0xe6,
    0x4, 0xf0, 0xf, 0x30, 0x5e, 0xef, 0x80, 0x5,
    0x0, 0x0, 0x42, 0x0
};


/*---------------------
 *  GLYPH DESCRIPTION
 *--------------------*/

static const lv_font_fmt_txt_glyph_dsc_t glyph_dsc[] = {
    {.bitmap_index = 0, .adv_w = 0, .box_w = 0, .box_h = 0, .ofs_x = 0, .ofs_y = 0} /* id = 0 reserved */,
    {.bitmap_index = 0, .adv_w = 62, .box_w = 3, .box_h = 3, .ofs_x = 0, .ofs_y = 4},
    {.bitmap_index = 5, .adv_w = 277, .box_w = 18, .box_h = 3, .ofs_x = 0, .ofs_y = 3},
    {.bitmap_index = 32, .adv_w = 188, .box_w = 10, .box_h = 2, .ofs_x = 1, .ofs_y = 0},
    {.bitmap_index = 42, .adv_w = 221, .box_w = 12, .box_h = 13, .ofs_x = 1, .ofs_y = -1},
    {.bitmap_index = 120, .adv_w = 221, .box_w = 12, .box_h = 13, .ofs_x = 1, .ofs_y = -1},
    {.bitmap_index = 198, .adv_w = 136, .box_w = 7, .box_h = 13, .ofs_x = 1, .ofs_y = -1},
    {.bitmap_index = 244, .adv_w = 256, .box_w = 4, .box_h = 4, .ofs_x = 1, .ofs_y = -2},
    {.bitmap_index = 252, .adv_w = 256, .box_w = 4, .box_h = 5, .ofs_x = 1, .ofs_y = -2},
    {.bitmap_index = 262, .adv_w = 256, .box_w = 16, .box_h = 17, .ofs_x = 0, .ofs_y = -3},
    {.bitmap_index = 398, .adv_w = 256, .box_w = 16, .box_h = 17, .ofs_x = 0, .ofs_y = -3},
    {.bitmap_index = 534, .adv_w = 256, .box_w = 16, .box_h = 15, .ofs_x = 0, .ofs_y = -2},
    {.bitmap_index = 654, .adv_w = 256, .box_w = 16, .box_h = 15, .ofs_x = 0, .ofs_y = -2},
    {.bitmap_index = 774, .adv_w = 256, .box_w = 16, .box_h = 16, .ofs_x = 0, .ofs_y = -2},
    {.bitmap_index = 902, .adv_w = 256, .box_w = 17, .box_h = 16, .ofs_x = -1, .ofs_y = -2},
    {.bitmap_index = 1038, .adv_w = 256, .box_w = 17, .box_h = 17, .ofs_x = -1, .ofs_y = -3},
    {.bitmap_index = 1183, .adv_w = 256, .box_w = 16, .box_h = 17, .ofs_x = 0, .ofs_y = -3},
    {.bitmap_index = 1319, .adv_w = 256, .box_w = 17, .box_h = 17, .ofs_x = -1, .ofs_y = -3},
    {.bitmap_index = 1464, .adv_w = 256, .box_w = 16, .box_h = 17, .ofs_x = 0, .ofs_y = -3},
    {.bitmap_index = 1600, .adv_w = 256, .box_w = 16, .box_h = 17, .ofs_x = 0, .ofs_y = -3},
    {.bitmap_index = 1736, .adv_w = 256, .box_w = 16, .box_h = 17, .ofs_x = 0, .ofs_y = -3},
    {.bitmap_index = 1872, .adv_w = 256, .box_w = 17, .box_h = 17, .ofs_x = -1, .ofs_y = -3},
    {.bitmap_index = 2017, .adv_w = 256, .box_w = 16, .box_h = 16, .ofs_x = 0, .ofs_y = -2},
    {.bitmap_index = 2145, .adv_w = 256, .box_w = 17, .box_h = 17, .ofs_x = 0, .ofs_y = -3},
    {.bitmap_index = 2290, .adv_w = 256, .box_w = 16, .box_h = 16, .ofs_x = 0, .ofs_y = -2},
    {.bitmap_index = 2418, .adv_w = 256, .box_w = 16, .box_h = 16, .ofs_x = 0, .ofs_y = -2},
    {.bitmap_index = 2546, .adv_w = 256, .box_w = 17, .box_h = 17, .ofs_x = -1, .ofs_y = -3},
    {.bitmap_index = 2691, .adv_w = 256, .box_w = 16, .box_h = 16, .ofs_x = 0, .ofs_y = -2},
    {.bitmap_index = 2819, .adv_w = 256, .box_w = 17, .box_h = 16, .ofs_x = -1, .ofs_y = -2},
    {.bitmap_index = 2955, .adv_w = 256, .box_w = 16, .box_h = 16, .ofs_x = 0, .ofs_y = -2},
    {.bitmap_index = 3083, .adv_w = 256, .box_w = 16, .box_h = 17, .ofs_x = 0, .ofs_y = -3},
    {.bitmap_index = 3219, .adv_w = 256, .box_w = 17, .box_h = 17, .ofs_x = -1, .ofs_y = -3},
    {.bitmap_index = 3364, .adv_w = 256, .box_w = 16, .box_h = 16, .ofs_x = 0, .ofs_y = -2},
    {.bitmap_index = 3492, .adv_w = 256, .box_w = 17, .box_h = 17, .ofs_x = -1, .ofs_y = -3},
    {.bitmap_index = 3637, .adv_w = 256, .box_w = 16, .box_h = 17, .ofs_x = 0, .ofs_y = -3},
    {.bitmap_index = 3773, .adv_w = 256, .box_w = 16, .box_h = 16, .ofs_x = 0, .ofs_y = -2},
    {.bitmap_index = 3901, .adv_w = 256, .box_w = 16, .box_h = 16, .ofs_x = 0, .ofs_y = -2},
    {.bitmap_index = 4029, .adv_w = 256, .box_w = 16, .box_h = 16, .ofs_x = 0, .ofs_y = -2},
    {.bitmap_index = 4157, .adv_w = 256, .box_w = 16, .box_h = 16, .ofs_x = 0, .ofs_y = -2},
    {.bitmap_index = 4285, .adv_w = 256, .box_w = 16, .box_h = 17, .ofs_x = 0, .ofs_y = -3},
    {.bitmap_index = 4421, .adv_w = 256, .box_w = 16, .box_h = 17, .ofs_x = 0, .ofs_y = -3},
    {.bitmap_index = 4557, .adv_w = 256, .box_w = 16, .box_h = 17, .ofs_x = 0, .ofs_y = -3},
    {.bitmap_index = 4693, .adv_w = 256, .box_w = 16, .box_h = 16, .ofs_x = 0, .ofs_y = -2},
    {.bitmap_index = 4821, .adv_w = 256, .box_w = 16, .box_h = 17, .ofs_x = 0, .ofs_y = -3},
    {.bitmap_index = 4957, .adv_w = 256, .box_w = 16, .box_h = 17, .ofs_x = 0, .ofs_y = -3},
    {.bitmap_index = 5093, .adv_w = 256, .box_w = 16, .box_h = 17, .ofs_x = 0, .ofs_y = -3},
    {.bitmap_index = 5229, .adv_w = 256, .box_w = 16, .box_h = 17, .ofs_x = 0, .ofs_y = -3},
    {.bitmap_index = 5365, .adv_w = 256, .box_w = 16, .box_h = 17, .ofs_x = 0, .ofs_y = -3},
    {.bitmap_index = 5501, .adv_w = 256, .box_w = 16, .box_h = 16, .ofs_x = 0, .ofs_y = -2},
    {.bitmap_index = 5629, .adv_w = 256, .box_w = 16, .box_h = 16, .ofs_x = 0, .ofs_y = -2},
    {.bitmap_index = 5757, .adv_w = 256, .box_w = 16, .box_h = 17, .ofs_x = 0, .ofs_y = -3},
    {.bitmap_index = 5893, .adv_w = 256, .box_w = 16, .box_h = 17, .ofs_x = 0, .ofs_y = -3},
    {.bitmap_index = 6029, .adv_w = 256, .box_w = 16, .box_h = 17, .ofs_x = 0, .ofs_y = -3},
    {.bitmap_index = 6165, .adv_w = 256, .box_w = 16, .box_h = 16, .ofs_x = 0, .ofs_y = -2},
    {.bitmap_index = 6293, .adv_w = 256, .box_w = 16, .box_h = 17, .ofs_x = 0, .ofs_y = -3},
    {.bitmap_index = 6429, .adv_w = 256, .box_w = 16, .box_h = 16, .ofs_x = 0, .ofs_y = -2},
    {.bitmap_index = 6557, .adv_w = 256, .box_w = 16, .box_h = 17, .ofs_x = 0, .ofs_y = -3},
    {.bitmap_index = 6693, .adv_w = 256, .box_w = 16, .box_h = 16, .ofs_x = 0, .ofs_y = -2},
    {.bitmap_index = 6821, .adv_w = 256, .box_w = 16, .box_h = 17, .ofs_x = 0, .ofs_y = -3},
    {.bitmap_index = 6957, .adv_w = 256, .box_w = 16, .box_h = 16, .ofs_x = 0, .ofs_y = -2},
    {.bitmap_index = 7085, .adv_w = 256, .box_w = 16, .box_h = 16, .ofs_x = 0, .ofs_y = -2},
    {.bitmap_index = 7213, .adv_w = 256, .box_w = 16, .box_h = 17, .ofs_x = 0, .ofs_y = -3},
    {.bitmap_index = 7349, .adv_w = 256, .box_w = 16, .box_h = 17, .ofs_x = 0, .ofs_y = -3},
    {.bitmap_index = 7485, .adv_w = 256, .box_w = 16, .box_h = 16, .ofs_x = 0, .ofs_y = -2},
    {.bitmap_index = 7613, .adv_w = 256, .box_w = 16, .box_h = 17, .ofs_x = 0, .ofs_y = -3},
    {.bitmap_index = 7749, .adv_w = 256, .box_w = 17, .box_h = 16, .ofs_x = 0, .ofs_y = -2},
    {.bitmap_index = 7885, .adv_w = 256, .box_w = 16, .box_h = 17, .ofs_x = 0, .ofs_y = -3},
    {.bitmap_index = 8021, .adv_w = 256, .box_w = 16, .box_h = 17, .ofs_x = 0, .ofs_y = -3},
    {.bitmap_index = 8157, .adv_w = 256, .box_w = 17, .box_h = 17, .ofs_x = 0, .ofs_y = -3},
    {.bitmap_index = 8302, .adv_w = 256, .box_w = 16, .box_h = 17, .ofs_x = 0, .ofs_y = -3},
    {.bitmap_index = 8438, .adv_w = 256, .box_w = 16, .box_h = 16, .ofs_x = 0, .ofs_y = -2},
    {.bitmap_index = 8566, .adv_w = 256, .box_w = 16, .box_h = 17, .ofs_x = 0, .ofs_y = -3},
    {.bitmap_index = 8702, .adv_w = 256, .box_w = 17, .box_h = 17, .ofs_x = 0, .ofs_y = -3},
    {.bitmap_index = 8847, .adv_w = 256, .box_w = 16, .box_h = 17, .ofs_x = 0, .ofs_y = -3},
    {.bitmap_index = 8983, .adv_w = 256, .box_w = 16, .box_h = 16, .ofs_x = 0, .ofs_y = -2},
    {.bitmap_index = 9111, .adv_w = 256, .box_w = 16, .box_h = 16, .ofs_x = 0, .ofs_y = -2},
    {.bitmap_index = 9239, .adv_w = 256, .box_w = 17, .box_h = 16, .ofs_x = 0, .ofs_y = -2},
    {.bitmap_index = 9375, .adv_w = 256, .box_w = 17, .box_h = 17, .ofs_x = 0, .ofs_y = -3},
    {.bitmap_index = 9520, .adv_w = 256, .box_w = 16, .box_h = 16, .ofs_x = 0, .ofs_y = -2},
    {.bitmap_index = 9648, .adv_w = 256, .box_w = 16, .box_h = 16, .ofs_x = 0, .ofs_y = -2},
    {.bitmap_index = 9776, .adv_w = 256, .box_w = 15, .box_h = 16, .ofs_x = 0, .ofs_y = -2},
    {.bitmap_index = 9896, .adv_w = 256, .box_w = 16, .box_h = 16, .ofs_x = 0, .ofs_y = -2},
    {.bitmap_index = 10024, .adv_w = 256, .box_w = 17, .box_h = 16, .ofs_x = 0, .ofs_y = -2},
    {.bitmap_index = 10160, .adv_w = 256, .box_w = 17, .box_h = 17, .ofs_x = -1, .ofs_y = -3},
    {.bitmap_index = 10305, .adv_w = 256, .box_w = 16, .box_h = 17, .ofs_x = 0, .ofs_y = -3},
    {.bitmap_index = 10441, .adv_w = 256, .box_w = 17, .box_h = 16, .ofs_x = 0, .ofs_y = -2},
    {.bitmap_index = 10577, .adv_w = 256, .box_w = 16, .box_h = 15, .ofs_x = 0, .ofs_y = -2},
    {.bitmap_index = 10697, .adv_w = 256, .box_w = 16, .box_h = 17, .ofs_x = 0, .ofs_y = -3},
    {.bitmap_index = 10833, .adv_w = 256, .box_w = 16, .box_h = 17, .ofs_x = 0, .ofs_y = -3},
    {.bitmap_index = 10969, .adv_w = 256, .box_w = 17, .box_h = 17, .ofs_x = 0, .ofs_y = -3},
    {.bitmap_index = 11114, .adv_w = 256, .box_w = 17, .box_h = 16, .ofs_x = -1, .ofs_y = -2},
    {.bitmap_index = 11250, .adv_w = 256, .box_w = 16, .box_h = 17, .ofs_x = 0, .ofs_y = -3},
    {.bitmap_index = 11386, .adv_w = 256, .box_w = 17, .box_h = 16, .ofs_x = 0, .ofs_y = -2},
    {.bitmap_index = 11522, .adv_w = 256, .box_w = 16, .box_h = 16, .ofs_x = 0, .ofs_y = -2},
    {.bitmap_index = 11650, .adv_w = 256, .box_w = 17, .box_h = 16, .ofs_x = 0, .ofs_y = -2},
    {.bitmap_index = 11786, .adv_w = 256, .box_w = 17, .box_h = 17, .ofs_x = 0, .ofs_y = -3},
    {.bitmap_index = 11931, .adv_w = 256, .box_w = 16, .box_h = 17, .ofs_x = 0, .ofs_y = -3},
    {.bitmap_index = 12067, .adv_w = 256, .box_w = 16, .box_h = 16, .ofs_x = 0, .ofs_y = -2},
    {.bitmap_index = 12195, .adv_w = 256, .box_w = 16, .box_h = 17, .ofs_x = 0, .ofs_y = -3},
    {.bitmap_index = 12331, .adv_w = 256, .box_w = 17, .box_h = 17, .ofs_x = 0, .ofs_y = -3},
    {.bitmap_index = 12476, .adv_w = 256, .box_w = 16, .box_h = 17, .ofs_x = 0, .ofs_y = -3},
    {.bitmap_index = 12612, .adv_w = 256, .box_w = 16, .box_h = 17, .ofs_x = 0, .ofs_y = -3},
    {.bitmap_index = 12748, .adv_w = 256, .box_w = 16, .box_h = 16, .ofs_x = 0, .ofs_y = -3},
    {.bitmap_index = 12876, .adv_w = 256, .box_w = 16, .box_h = 17, .ofs_x = 0, .ofs_y = -3},
    {.bitmap_index = 13012, .adv_w = 256, .box_w = 16, .box_h = 16, .ofs_x = 0, .ofs_y = -2},
    {.bitmap_index = 13140, .adv_w = 256, .box_w = 16, .box_h = 15, .ofs_x = 0, .ofs_y = -2},
    {.bitmap_index = 13260, .adv_w = 256, .box_w = 17, .box_h = 16, .ofs_x = 0, .ofs_y = -2},
    {.bitmap_index = 13396, .adv_w = 256, .box_w = 16, .box_h = 17, .ofs_x = 0, .ofs_y = -3},
    {.bitmap_index = 13532, .adv_w = 256, .box_w = 16, .box_h = 17, .ofs_x = 0, .ofs_y = -3},
    {.bitmap_index = 13668, .adv_w = 256, .box_w = 17, .box_h = 16, .ofs_x = 0, .ofs_y = -2},
    {.bitmap_index = 13804, .adv_w = 256, .box_w = 16, .box_h = 17, .ofs_x = 0, .ofs_y = -3},
    {.bitmap_index = 13940, .adv_w = 256, .box_w = 15, .box_h = 17, .ofs_x = 0, .ofs_y = -3},
    {.bitmap_index = 14068, .adv_w = 256, .box_w = 17, .box_h = 17, .ofs_x = 0, .ofs_y = -3},
    {.bitmap_index = 14213, .adv_w = 256, .box_w = 16, .box_h = 16, .ofs_x = 0, .ofs_y = -2},
    {.bitmap_index = 14341, .adv_w = 256, .box_w = 16, .box_h = 16, .ofs_x = 0, .ofs_y = -3},
    {.bitmap_index = 14469, .adv_w = 256, .box_w = 15, .box_h = 17, .ofs_x = 0, .ofs_y = -3},
    {.bitmap_index = 14597, .adv_w = 256, .box_w = 16, .box_h = 16, .ofs_x = 0, .ofs_y = -2},
    {.bitmap_index = 14725, .adv_w = 256, .box_w = 16, .box_h = 17, .ofs_x = 0, .ofs_y = -3},
    {.bitmap_index = 14861, .adv_w = 256, .box_w = 16, .box_h = 17, .ofs_x = 0, .ofs_y = -3},
    {.bitmap_index = 14997, .adv_w = 256, .box_w = 16, .box_h = 16, .ofs_x = 0, .ofs_y = -2},
    {.bitmap_index = 15125, .adv_w = 256, .box_w = 15, .box_h = 17, .ofs_x = 0, .ofs_y = -3},
    {.bitmap_index = 15253, .adv_w = 256, .box_w = 16, .box_h = 16, .ofs_x = 0, .ofs_y = -3},
    {.bitmap_index = 15381, .adv_w = 256, .box_w = 16, .box_h = 15, .ofs_x = 0, .ofs_y = -2},
    {.bitmap_index = 15501, .adv_w = 256, .box_w = 16, .box_h = 16, .ofs_x = 0, .ofs_y = -2},
    {.bitmap_index = 15629, .adv_w = 256, .box_w = 16, .box_h = 17, .ofs_x = 0, .ofs_y = -3},
    {.bitmap_index = 15765, .adv_w = 256, .box_w = 16, .box_h = 17, .ofs_x = 0, .ofs_y = -3},
    {.bitmap_index = 15901, .adv_w = 256, .box_w = 16, .box_h = 17, .ofs_x = 0, .ofs_y = -3},
    {.bitmap_index = 16037, .adv_w = 256, .box_w = 16, .box_h = 16, .ofs_x = 0, .ofs_y = -3},
    {.bitmap_index = 16165, .adv_w = 256, .box_w = 16, .box_h = 15, .ofs_x = 0, .ofs_y = -2},
    {.bitmap_index = 16285, .adv_w = 256, .box_w = 17, .box_h = 17, .ofs_x = -1, .ofs_y = -3},
    {.bitmap_index = 16430, .adv_w = 256, .box_w = 16, .box_h = 17, .ofs_x = 0, .ofs_y = -3},
    {.bitmap_index = 16566, .adv_w = 256, .box_w = 17, .box_h = 17, .ofs_x = -1, .ofs_y = -3},
    {.bitmap_index = 16711, .adv_w = 256, .box_w = 16, .box_h = 17, .ofs_x = 0, .ofs_y = -3},
    {.bitmap_index = 16847, .adv_w = 256, .box_w = 17, .box_h = 17, .ofs_x = -1, .ofs_y = -3},
    {.bitmap_index = 16992, .adv_w = 256, .box_w = 16, .box_h = 17, .ofs_x = 0, .ofs_y = -3},
    {.bitmap_index = 17128, .adv_w = 256, .box_w = 16, .box_h = 17, .ofs_x = 0, .ofs_y = -3},
    {.bitmap_index = 17264, .adv_w = 256, .box_w = 15, .box_h = 17, .ofs_x = 0, .ofs_y = -3},
    {.bitmap_index = 17392, .adv_w = 256, .box_w = 17, .box_h = 17, .ofs_x = -1, .ofs_y = -3},
    {.bitmap_index = 17537, .adv_w = 256, .box_w = 16, .box_h = 17, .ofs_x = 0, .ofs_y = -3},
    {.bitmap_index = 17673, .adv_w = 256, .box_w = 16, .box_h = 17, .ofs_x = 0, .ofs_y = -3},
    {.bitmap_index = 17809, .adv_w = 256, .box_w = 17, .box_h = 17, .ofs_x = -1, .ofs_y = -3},
    {.bitmap_index = 17954, .adv_w = 256, .box_w = 16, .box_h = 17, .ofs_x = 0, .ofs_y = -3},
    {.bitmap_index = 18090, .adv_w = 256, .box_w = 16, .box_h = 17, .ofs_x = 0, .ofs_y = -3},
    {.bitmap_index = 18226, .adv_w = 256, .box_w = 16, .box_h = 17, .ofs_x = 0, .ofs_y = -3},
    {.bitmap_index = 18362, .adv_w = 256, .box_w = 16, .box_h = 17, .ofs_x = 0, .ofs_y = -3},
    {.bitmap_index = 18498, .adv_w = 256, .box_w = 17, .box_h = 17, .ofs_x = -1, .ofs_y = -3},
    {.bitmap_index = 18643, .adv_w = 256, .box_w = 17, .box_h = 17, .ofs_x = -1, .ofs_y = -3},
    {.bitmap_index = 18788, .adv_w = 256, .box_w = 17, .box_h = 17, .ofs_x = -1, .ofs_y = -3},
    {.bitmap_index = 18933, .adv_w = 256, .box_w = 15, .box_h = 16, .ofs_x = 1, .ofs_y = -3},
    {.bitmap_index = 19053, .adv_w = 256, .box_w = 16, .box_h = 16, .ofs_x = 0, .ofs_y = -2},
    {.bitmap_index = 19181, .adv_w = 256, .box_w = 16, .box_h = 16, .ofs_x = 0, .ofs_y = -2},
    {.bitmap_index = 19309, .adv_w = 256, .box_w = 16, .box_h = 16, .ofs_x = 0, .ofs_y = -3},
    {.bitmap_index = 19437, .adv_w = 256, .box_w = 16, .box_h = 17, .ofs_x = 0, .ofs_y = -3},
    {.bitmap_index = 19573, .adv_w = 256, .box_w = 16, .box_h = 16, .ofs_x = 0, .ofs_y = -2},
    {.bitmap_index = 19701, .adv_w = 256, .box_w = 16, .box_h = 16, .ofs_x = 0, .ofs_y = -3},
    {.bitmap_index = 19829, .adv_w = 256, .box_w = 16, .box_h = 16, .ofs_x = 0, .ofs_y = -3},
    {.bitmap_index = 19957, .adv_w = 256, .box_w = 16, .box_h = 16, .ofs_x = 0, .ofs_y = -2},
    {.bitmap_index = 20085, .adv_w = 256, .box_w = 16, .box_h = 17, .ofs_x = 0, .ofs_y = -3},
    {.bitmap_index = 20221, .adv_w = 256, .box_w = 17, .box_h = 17, .ofs_x = 0, .ofs_y = -3},
    {.bitmap_index = 20366, .adv_w = 256, .box_w = 16, .box_h = 16, .ofs_x = 0, .ofs_y = -2},
    {.bitmap_index = 20494, .adv_w = 256, .box_w = 16, .box_h = 17, .ofs_x = 0, .ofs_y = -3},
    {.bitmap_index = 20630, .adv_w = 256, .box_w = 17, .box_h = 16, .ofs_x = 0, .ofs_y = -2},
    {.bitmap_index = 20766, .adv_w = 256, .box_w = 16, .box_h = 17, .ofs_x = 0, .ofs_y = -3},
    {.bitmap_index = 20902, .adv_w = 256, .box_w = 16, .box_h = 17, .ofs_x = 0, .ofs_y = -3},
    {.bitmap_index = 21038, .adv_w = 256, .box_w = 17, .box_h = 17, .ofs_x = 0, .ofs_y = -3},
    {.bitmap_index = 21183, .adv_w = 256, .box_w = 17, .box_h = 16, .ofs_x = 0, .ofs_y = -2},
    {.bitmap_index = 21319, .adv_w = 256, .box_w = 16, .box_h = 16, .ofs_x = 0, .ofs_y = -2},
    {.bitmap_index = 21447, .adv_w = 256, .box_w = 16, .box_h = 17, .ofs_x = 0, .ofs_y = -3},
    {.bitmap_index = 21583, .adv_w = 256, .box_w = 16, .box_h = 17, .ofs_x = 0, .ofs_y = -3},
    {.bitmap_index = 21719, .adv_w = 256, .box_w = 16, .box_h = 17, .ofs_x = 0, .ofs_y = -3},
    {.bitmap_index = 21855, .adv_w = 256, .box_w = 16, .box_h = 17, .ofs_x = 0, .ofs_y = -3},
    {.bitmap_index = 21991, .adv_w = 256, .box_w = 16, .box_h = 16, .ofs_x = 0, .ofs_y = -2},
    {.bitmap_index = 22119, .adv_w = 256, .box_w = 17, .box_h = 17, .ofs_x = 0, .ofs_y = -3},
    {.bitmap_index = 22264, .adv_w = 256, .box_w = 16, .box_h = 17, .ofs_x = 0, .ofs_y = -3},
    {.bitmap_index = 22400, .adv_w = 256, .box_w = 16, .box_h = 17, .ofs_x = 0, .ofs_y = -3},
    {.bitmap_index = 22536, .adv_w = 256, .box_w = 16, .box_h = 17, .ofs_x = 0, .ofs_y = -3},
    {.bitmap_index = 22672, .adv_w = 256, .box_w = 17, .box_h = 17, .ofs_x = 0, .ofs_y = -3},
    {.bitmap_index = 22817, .adv_w = 256, .box_w = 17, .box_h = 17, .ofs_x = -1, .ofs_y = -3},
    {.bitmap_index = 22962, .adv_w = 256, .box_w = 17, .box_h = 17, .ofs_x = -1, .ofs_y = -3},
    {.bitmap_index = 23107, .adv_w = 256, .box_w = 16, .box_h = 17, .ofs_x = 0, .ofs_y = -3},
    {.bitmap_index = 23243, .adv_w = 256, .box_w = 16, .box_h = 17, .ofs_x = 0, .ofs_y = -3},
    {.bitmap_index = 23379, .adv_w = 256, .box_w = 17, .box_h = 17, .ofs_x = -1, .ofs_y = -3},
    {.bitmap_index = 23524, .adv_w = 256, .box_w = 16, .box_h = 17, .ofs_x = 0, .ofs_y = -3},
    {.bitmap_index = 23660, .adv_w = 256, .box_w = 16, .box_h = 17, .ofs_x = 0, .ofs_y = -3},
    {.bitmap_index = 23796, .adv_w = 256, .box_w = 16, .box_h = 17, .ofs_x = 0, .ofs_y = -3},
    {.bitmap_index = 23932, .adv_w = 256, .box_w = 16, .box_h = 16, .ofs_x = 0, .ofs_y = -2},
    {.bitmap_index = 24060, .adv_w = 256, .box_w = 16, .box_h = 16, .ofs_x = 0, .ofs_y = -2},
    {.bitmap_index = 24188, .adv_w = 256, .box_w = 16, .box_h = 15, .ofs_x = 0, .ofs_y = -2},
    {.bitmap_index = 24308, .adv_w = 256, .box_w = 16, .box_h = 17, .ofs_x = 0, .ofs_y = -3},
    {.bitmap_index = 24444, .adv_w = 256, .box_w = 16, .box_h = 16, .ofs_x = 0, .ofs_y = -3},
    {.bitmap_index = 24572, .adv_w = 256, .box_w = 14, .box_h = 17, .ofs_x = 1, .ofs_y = -3},
    {.bitmap_index = 24691, .adv_w = 256, .box_w = 16, .box_h = 16, .ofs_x = 0, .ofs_y = -2},
    {.bitmap_index = 24819, .adv_w = 256, .box_w = 16, .box_h = 17, .ofs_x = 0, .ofs_y = -3},
    {.bitmap_index = 24955, .adv_w = 256, .box_w = 16, .box_h = 16, .ofs_x = 0, .ofs_y = -2},
    {.bitmap_index = 25083, .adv_w = 256, .box_w = 16, .box_h = 17, .ofs_x = 0, .ofs_y = -3},
    {.bitmap_index = 25219, .adv_w = 256, .box_w = 16, .box_h = 17, .ofs_x = 0, .ofs_y = -3},
    {.bitmap_index = 25355, .adv_w = 256, .box_w = 17, .box_h = 17, .ofs_x = 0, .ofs_y = -3},
    {.bitmap_index = 25500, .adv_w = 256, .box_w = 16, .box_h = 17, .ofs_x = 0, .ofs_y = -3},
    {.bitmap_index = 25636, .adv_w = 256, .box_w = 16, .box_h = 17, .ofs_x = 0, .ofs_y = -3},
    {.bitmap_index = 25772, .adv_w = 256, .box_w = 16, .box_h = 17, .ofs_x = 0, .ofs_y = -3},
    {.bitmap_index = 25908, .adv_w = 256, .box_w = 16, .box_h = 17, .ofs_x = 0, .ofs_y = -3},
    {.bitmap_index = 26044, .adv_w = 256, .box_w = 16, .box_h = 17, .ofs_x = 0, .ofs_y = -3},
    {.bitmap_index = 26180, .adv_w = 256, .box_w = 17, .box_h = 17, .ofs_x = 0, .ofs_y = -3},
    {.bitmap_index = 26325, .adv_w = 256, .box_w = 16, .box_h = 17, .ofs_x = 0, .ofs_y = -3},
    {.bitmap_index = 26461, .adv_w = 256, .box_w = 16, .box_h = 16, .ofs_x = 0, .ofs_y = -3},
    {.bitmap_index = 26589, .adv_w = 256, .box_w = 17, .box_h = 16, .ofs_x = 0, .ofs_y = -3},
    {.bitmap_index = 26725, .adv_w = 256, .box_w = 16, .box_h = 16, .ofs_x = 0, .ofs_y = -3},
    {.bitmap_index = 26853, .adv_w = 256, .box_w = 16, .box_h = 16, .ofs_x = 0, .ofs_y = -3},
    {.bitmap_index = 26981, .adv_w = 256, .box_w = 16, .box_h = 16, .ofs_x = 0, .ofs_y = -2},
    {.bitmap_index = 27109, .adv_w = 256, .box_w = 16, .box_h = 17, .ofs_x = 0, .ofs_y = -3},
    {.bitmap_index = 27245, .adv_w = 256, .box_w = 16, .box_h = 16, .ofs_x = 0, .ofs_y = -2},
    {.bitmap_index = 27373, .adv_w = 256, .box_w = 15, .box_h = 16, .ofs_x = 0, .ofs_y = -3},
    {.bitmap_index = 27493, .adv_w = 256, .box_w = 16, .box_h = 15, .ofs_x = 0, .ofs_y = -2},
    {.bitmap_index = 27613, .adv_w = 256, .box_w = 16, .box_h = 16, .ofs_x = 0, .ofs_y = -3},
    {.bitmap_index = 27741, .adv_w = 256, .box_w = 16, .box_h = 16, .ofs_x = 0, .ofs_y = -3},
    {.bitmap_index = 27869, .adv_w = 256, .box_w = 16, .box_h = 17, .ofs_x = 0, .ofs_y = -3},
    {.bitmap_index = 28005, .adv_w = 256, .box_w = 16, .box_h = 16, .ofs_x = 0, .ofs_y = -3},
    {.bitmap_index = 28133, .adv_w = 256, .box_w = 16, .box_h = 17, .ofs_x = 0, .ofs_y = -3},
    {.bitmap_index = 28269, .adv_w = 256, .box_w = 17, .box_h = 17, .ofs_x = 0, .ofs_y = -3},
    {.bitmap_index = 28414, .adv_w = 256, .box_w = 17, .box_h = 16, .ofs_x = -1, .ofs_y = -3},
    {.bitmap_index = 28550, .adv_w = 256, .box_w = 16, .box_h = 16, .ofs_x = 0, .ofs_y = -2},
    {.bitmap_index = 28678, .adv_w = 256, .box_w = 16, .box_h = 17, .ofs_x = 0, .ofs_y = -3},
    {.bitmap_index = 28814, .adv_w = 256, .box_w = 16, .box_h = 16, .ofs_x = 0, .ofs_y = -2},
    {.bitmap_index = 28942, .adv_w = 256, .box_w = 16, .box_h = 16, .ofs_x = 0, .ofs_y = -3},
    {.bitmap_index = 29070, .adv_w = 256, .box_w = 17, .box_h = 17, .ofs_x = 0, .ofs_y = -3},
    {.bitmap_index = 29215, .adv_w = 256, .box_w = 16, .box_h = 15, .ofs_x = 0, .ofs_y = -2},
    {.bitmap_index = 29335, .adv_w = 256, .box_w = 16, .box_h = 17, .ofs_x = 0, .ofs_y = -3},
    {.bitmap_index = 29471, .adv_w = 256, .box_w = 16, .box_h = 17, .ofs_x = 0, .ofs_y = -3},
    {.bitmap_index = 29607, .adv_w = 256, .box_w = 16, .box_h = 16, .ofs_x = 0, .ofs_y = -2},
    {.bitmap_index = 29735, .adv_w = 256, .box_w = 16, .box_h = 15, .ofs_x = 0, .ofs_y = -2},
    {.bitmap_index = 29855, .adv_w = 256, .box_w = 16, .box_h = 17, .ofs_x = 0, .ofs_y = -3},
    {.bitmap_index = 29991, .adv_w = 256, .box_w = 16, .box_h = 17, .ofs_x = 0, .ofs_y = -3},
    {.bitmap_index = 30127, .adv_w = 256, .box_w = 17, .box_h = 16, .ofs_x = 0, .ofs_y = -3},
    {.bitmap_index = 30263, .adv_w = 256, .box_w = 16, .box_h = 16, .ofs_x = 0, .ofs_y = -2},
    {.bitmap_index = 30391, .adv_w = 256, .box_w = 16, .box_h = 15, .ofs_x = 0, .ofs_y = -2},
    {.bitmap_index = 30511, .adv_w = 256, .box_w = 17, .box_h = 17, .ofs_x = 0, .ofs_y = -3},
    {.bitmap_index = 30656, .adv_w = 256, .box_w = 16, .box_h = 15, .ofs_x = 0, .ofs_y = -2},
    {.bitmap_index = 30776, .adv_w = 256, .box_w = 16, .box_h = 17, .ofs_x = 0, .ofs_y = -3},
    {.bitmap_index = 30912, .adv_w = 256, .box_w = 17, .box_h = 17, .ofs_x = 0, .ofs_y = -3},
    {.bitmap_index = 31057, .adv_w = 256, .box_w = 16, .box_h = 15, .ofs_x = 0, .ofs_y = -2},
    {.bitmap_index = 31177, .adv_w = 256, .box_w = 16, .box_h = 16, .ofs_x = 0, .ofs_y = -2},
    {.bitmap_index = 31305, .adv_w = 256, .box_w = 16, .box_h = 17, .ofs_x = 0, .ofs_y = -3},
    {.bitmap_index = 31441, .adv_w = 256, .box_w = 16, .box_h = 15, .ofs_x = 0, .ofs_y = -2},
    {.bitmap_index = 31561, .adv_w = 256, .box_w = 16, .box_h = 16, .ofs_x = 0, .ofs_y = -2},
    {.bitmap_index = 31689, .adv_w = 256, .box_w = 17, .box_h = 16, .ofs_x = 0, .ofs_y = -3},
    {.bitmap_index = 31825, .adv_w = 256, .box_w = 17, .box_h = 16, .ofs_x = 0, .ofs_y = -3},
    {.bitmap_index = 31961, .adv_w = 256, .box_w = 16, .box_h = 17, .ofs_x = 0, .ofs_y = -3},
    {.bitmap_index = 32097, .adv_w = 256, .box_w = 17, .box_h = 17, .ofs_x = 0, .ofs_y = -3},
    {.bitmap_index = 32242, .adv_w = 256, .box_w = 16, .box_h = 17, .ofs_x = 0, .ofs_y = -3},
    {.bitmap_index = 32378, .adv_w = 256, .box_w = 16, .box_h = 15, .ofs_x = 0, .ofs_y = -2},
    {.bitmap_index = 32498, .adv_w = 256, .box_w = 16, .box_h = 16, .ofs_x = 0, .ofs_y = -3},
    {.bitmap_index = 32626, .adv_w = 256, .box_w = 17, .box_h = 17, .ofs_x = 0, .ofs_y = -3},
    {.bitmap_index = 32771, .adv_w = 256, .box_w = 16, .box_h = 16, .ofs_x = 0, .ofs_y = -3},
    {.bitmap_index = 32899, .adv_w = 256, .box_w = 17, .box_h = 17, .ofs_x = 0, .ofs_y = -3},
    {.bitmap_index = 33044, .adv_w = 256, .box_w = 16, .box_h = 16, .ofs_x = 0, .ofs_y = -3},
    {.bitmap_index = 33172, .adv_w = 256, .box_w = 16, .box_h = 17, .ofs_x = 0, .ofs_y = -3},
    {.bitmap_index = 33308, .adv_w = 256, .box_w = 16, .box_h = 17, .ofs_x = 0, .ofs_y = -3},
    {.bitmap_index = 33444, .adv_w = 256, .box_w = 16, .box_h = 17, .ofs_x = 0, .ofs_y = -3},
    {.bitmap_index = 33580, .adv_w = 256, .box_w = 16, .box_h = 17, .ofs_x = 0, .ofs_y = -3},
    {.bitmap_index = 33716, .adv_w = 256, .box_w = 17, .box_h = 17, .ofs_x = 0, .ofs_y = -3},
    {.bitmap_index = 33861, .adv_w = 256, .box_w = 16, .box_h = 16, .ofs_x = 0, .ofs_y = -3},
    {.bitmap_index = 33989, .adv_w = 256, .box_w = 16, .box_h = 17, .ofs_x = 0, .ofs_y = -3},
    {.bitmap_index = 34125, .adv_w = 256, .box_w = 16, .box_h = 17, .ofs_x = 0, .ofs_y = -3},
    {.bitmap_index = 34261, .adv_w = 256, .box_w = 16, .box_h = 16, .ofs_x = 0, .ofs_y = -3},
    {.bitmap_index = 34389, .adv_w = 256, .box_w = 16, .box_h = 17, .ofs_x = 0, .ofs_y = -3},
    {.bitmap_index = 34525, .adv_w = 256, .box_w = 16, .box_h = 16, .ofs_x = 0, .ofs_y = -2},
    {.bitmap_index = 34653, .adv_w = 256, .box_w = 16, .box_h = 17, .ofs_x = 0, .ofs_y = -3},
    {.bitmap_index = 34789, .adv_w = 256, .box_w = 16, .box_h = 17, .ofs_x = 0, .ofs_y = -3},
    {.bitmap_index = 34925, .adv_w = 256, .box_w = 16, .box_h = 17, .ofs_x = 0, .ofs_y = -3},
    {.bitmap_index = 35061, .adv_w = 256, .box_w = 16, .box_h = 17, .ofs_x = 0, .ofs_y = -3},
    {.bitmap_index = 35197, .adv_w = 256, .box_w = 16, .box_h = 16, .ofs_x = 0, .ofs_y = -3},
    {.bitmap_index = 35325, .adv_w = 256, .box_w = 16, .box_h = 16, .ofs_x = 0, .ofs_y = -3},
    {.bitmap_index = 35453, .adv_w = 256, .box_w = 16, .box_h = 16, .ofs_x = 0, .ofs_y = -3},
    {.bitmap_index = 35581, .adv_w = 256, .box_w = 16, .box_h = 16, .ofs_x = 0, .ofs_y = -3},
    {.bitmap_index = 35709, .adv_w = 256, .box_w = 16, .box_h = 16, .ofs_x = 0, .ofs_y = -3},
    {.bitmap_index = 35837, .adv_w = 256, .box_w = 16, .box_h = 17, .ofs_x = 0, .ofs_y = -3},
    {.bitmap_index = 35973, .adv_w = 256, .box_w = 16, .box_h = 16, .ofs_x = 0, .ofs_y = -3},
    {.bitmap_index = 36101, .adv_w = 256, .box_w = 16, .box_h = 16, .ofs_x = 0, .ofs_y = -3},
    {.bitmap_index = 36229, .adv_w = 256, .box_w = 16, .box_h = 17, .ofs_x = 0, .ofs_y = -3},
    {.bitmap_index = 36365, .adv_w = 256, .box_w = 17, .box_h = 16, .ofs_x = 0, .ofs_y = -3},
    {.bitmap_index = 36501, .adv_w = 256, .box_w = 16, .box_h = 17, .ofs_x = 0, .ofs_y = -3},
    {.bitmap_index = 36637, .adv_w = 256, .box_w = 16, .box_h = 17, .ofs_x = 0, .ofs_y = -3},
    {.bitmap_index = 36773, .adv_w = 256, .box_w = 16, .box_h = 16, .ofs_x = 0, .ofs_y = -3},
    {.bitmap_index = 36901, .adv_w = 256, .box_w = 16, .box_h = 17, .ofs_x = 0, .ofs_y = -3},
    {.bitmap_index = 37037, .adv_w = 256, .box_w = 16, .box_h = 17, .ofs_x = 0, .ofs_y = -3},
    {.bitmap_index = 37173, .adv_w = 256, .box_w = 16, .box_h = 17, .ofs_x = 0, .ofs_y = -3},
    {.bitmap_index = 37309, .adv_w = 256, .box_w = 16, .box_h = 16, .ofs_x = 0, .ofs_y = -2},
    {.bitmap_index = 37437, .adv_w = 256, .box_w = 16, .box_h = 17, .ofs_x = 0, .ofs_y = -3},
    {.bitmap_index = 37573, .adv_w = 256, .box_w = 16, .box_h = 16, .ofs_x = 0, .ofs_y = -3},
    {.bitmap_index = 37701, .adv_w = 256, .box_w = 16, .box_h = 15, .ofs_x = 0, .ofs_y = -2},
    {.bitmap_index = 37821, .adv_w = 256, .box_w = 17, .box_h = 16, .ofs_x = -1, .ofs_y = -2},
    {.bitmap_index = 37957, .adv_w = 256, .box_w = 17, .box_h = 16, .ofs_x = -1, .ofs_y = -2},
    {.bitmap_index = 38093, .adv_w = 256, .box_w = 16, .box_h = 16, .ofs_x = 0, .ofs_y = -2},
    {.bitmap_index = 38221, .adv_w = 256, .box_w = 17, .box_h = 16, .ofs_x = -1, .ofs_y = -2},
    {.bitmap_index = 38357, .adv_w = 256, .box_w = 17, .box_h = 16, .ofs_x = 0, .ofs_y = -2},
    {.bitmap_index = 38493, .adv_w = 256, .box_w = 16, .box_h = 16, .ofs_x = 0, .ofs_y = -2},
    {.bitmap_index = 38621, .adv_w = 256, .box_w = 16, .box_h = 17, .ofs_x = 0, .ofs_y = -3},
    {.bitmap_index = 38757, .adv_w = 256, .box_w = 17, .box_h = 16, .ofs_x = 0, .ofs_y = -2},
    {.bitmap_index = 38893, .adv_w = 256, .box_w = 17, .box_h = 17, .ofs_x = 0, .ofs_y = -3},
    {.bitmap_index = 39038, .adv_w = 256, .box_w = 17, .box_h = 16, .ofs_x = -1, .ofs_y = -2},
    {.bitmap_index = 39174, .adv_w = 256, .box_w = 16, .box_h = 16, .ofs_x = 0, .ofs_y = -2},
    {.bitmap_index = 39302, .adv_w = 256, .box_w = 17, .box_h = 17, .ofs_x = -1, .ofs_y = -3},
    {.bitmap_index = 39447, .adv_w = 256, .box_w = 16, .box_h = 16, .ofs_x = 0, .ofs_y = -2},
    {.bitmap_index = 39575, .adv_w = 256, .box_w = 17, .box_h = 16, .ofs_x = -1, .ofs_y = -2},
    {.bitmap_index = 39711, .adv_w = 256, .box_w = 16, .box_h = 16, .ofs_x = 0, .ofs_y = -3},
    {.bitmap_index = 39839, .adv_w = 256, .box_w = 16, .box_h = 16, .ofs_x = 0, .ofs_y = -3},
    {.bitmap_index = 39967, .adv_w = 256, .box_w = 17, .box_h = 16, .ofs_x = -1, .ofs_y = -3},
    {.bitmap_index = 40103, .adv_w = 256, .box_w = 16, .box_h = 16, .ofs_x = 0, .ofs_y = -3},
    {.bitmap_index = 40231, .adv_w = 256, .box_w = 16, .box_h = 16, .ofs_x = 0, .ofs_y = -3},
    {.bitmap_index = 40359, .adv_w = 256, .box_w = 16, .box_h = 16, .ofs_x = 0, .ofs_y = -3},
    {.bitmap_index = 40487, .adv_w = 256, .box_w = 16, .box_h = 16, .ofs_x = 0, .ofs_y = -3},
    {.bitmap_index = 40615, .adv_w = 256, .box_w = 16, .box_h = 16, .ofs_x = 0, .ofs_y = -3},
    {.bitmap_index = 40743, .adv_w = 256, .box_w = 16, .box_h = 15, .ofs_x = 0, .ofs_y = -2},
    {.bitmap_index = 40863, .adv_w = 256, .box_w = 16, .box_h = 16, .ofs_x = 0, .ofs_y = -3},
    {.bitmap_index = 40991, .adv_w = 256, .box_w = 15, .box_h = 16, .ofs_x = 0, .ofs_y = -3},
    {.bitmap_index = 41111, .adv_w = 256, .box_w = 16, .box_h = 16, .ofs_x = 0, .ofs_y = -3},
    {.bitmap_index = 41239, .adv_w = 256, .box_w = 16, .box_h = 16, .ofs_x = 0, .ofs_y = -3},
    {.bitmap_index = 41367, .adv_w = 256, .box_w = 17, .box_h = 17, .ofs_x = 0, .ofs_y = -3},
    {.bitmap_index = 41512, .adv_w = 256, .box_w = 16, .box_h = 16, .ofs_x = 0, .ofs_y = -2},
    {.bitmap_index = 41640, .adv_w = 256, .box_w = 16, .box_h = 17, .ofs_x = 0, .ofs_y = -3},
    {.bitmap_index = 41776, .adv_w = 256, .box_w = 17, .box_h = 17, .ofs_x = 0, .ofs_y = -3},
    {.bitmap_index = 41921, .adv_w = 256, .box_w = 16, .box_h = 17, .ofs_x = 0, .ofs_y = -3},
    {.bitmap_index = 42057, .adv_w = 256, .box_w = 16, .box_h = 16, .ofs_x = 0, .ofs_y = -2},
    {.bitmap_index = 42185, .adv_w = 256, .box_w = 16, .box_h = 16, .ofs_x = 0, .ofs_y = -2},
    {.bitmap_index = 42313, .adv_w = 256, .box_w = 16, .box_h = 17, .ofs_x = 0, .ofs_y = -3},
    {.bitmap_index = 42449, .adv_w = 256, .box_w = 16, .box_h = 16, .ofs_x = 0, .ofs_y = -2},
    {.bitmap_index = 42577, .adv_w = 256, .box_w = 16, .box_h = 16, .ofs_x = 0, .ofs_y = -2},
    {.bitmap_index = 42705, .adv_w = 256, .box_w = 16, .box_h = 16, .ofs_x = 0, .ofs_y = -3},
    {.bitmap_index = 42833, .adv_w = 256, .box_w = 17, .box_h = 17, .ofs_x = 0, .ofs_y = -3},
    {.bitmap_index = 42978, .adv_w = 256, .box_w = 16, .box_h = 16, .ofs_x = 0, .ofs_y = -3},
    {.bitmap_index = 43106, .adv_w = 256, .box_w = 16, .box_h = 17, .ofs_x = 0, .ofs_y = -3},
    {.bitmap_index = 43242, .adv_w = 256, .box_w = 17, .box_h = 17, .ofs_x = 0, .ofs_y = -3},
    {.bitmap_index = 43387, .adv_w = 256, .box_w = 16, .box_h = 17, .ofs_x = 0, .ofs_y = -3},
    {.bitmap_index = 43523, .adv_w = 256, .box_w = 16, .box_h = 16, .ofs_x = 0, .ofs_y = -3},
    {.bitmap_index = 43651, .adv_w = 256, .box_w = 16, .box_h = 17, .ofs_x = 0, .ofs_y = -3},
    {.bitmap_index = 43787, .adv_w = 256, .box_w = 16, .box_h = 16, .ofs_x = 0, .ofs_y = -3},
    {.bitmap_index = 43915, .adv_w = 256, .box_w = 16, .box_h = 17, .ofs_x = 0, .ofs_y = -3},
    {.bitmap_index = 44051, .adv_w = 256, .box_w = 16, .box_h = 16, .ofs_x = 0, .ofs_y = -3},
    {.bitmap_index = 44179, .adv_w = 256, .box_w = 16, .box_h = 16, .ofs_x = 0, .ofs_y = -2},
    {.bitmap_index = 44307, .adv_w = 256, .box_w = 16, .box_h = 16, .ofs_x = 0, .ofs_y = -2},
    {.bitmap_index = 44435, .adv_w = 256, .box_w = 16, .box_h = 15, .ofs_x = 0, .ofs_y = -2},
    {.bitmap_index = 44555, .adv_w = 256, .box_w = 17, .box_h = 17, .ofs_x = 0, .ofs_y = -3},
    {.bitmap_index = 44700, .adv_w = 256, .box_w = 16, .box_h = 17, .ofs_x = 0, .ofs_y = -3},
    {.bitmap_index = 44836, .adv_w = 256, .box_w = 16, .box_h = 17, .ofs_x = 0, .ofs_y = -3},
    {.bitmap_index = 44972, .adv_w = 256, .box_w = 16, .box_h = 17, .ofs_x = 0, .ofs_y = -3},
    {.bitmap_index = 45108, .adv_w = 256, .box_w = 15, .box_h = 16, .ofs_x = 0, .ofs_y = -3},
    {.bitmap_index = 45228, .adv_w = 256, .box_w = 16, .box_h = 16, .ofs_x = 0, .ofs_y = -3},
    {.bitmap_index = 45356, .adv_w = 256, .box_w = 16, .box_h = 16, .ofs_x = 0, .ofs_y = -3},
    {.bitmap_index = 45484, .adv_w = 256, .box_w = 16, .box_h = 15, .ofs_x = 0, .ofs_y = -2},
    {.bitmap_index = 45604, .adv_w = 256, .box_w = 16, .box_h = 15, .ofs_x = 0, .ofs_y = -2},
    {.bitmap_index = 45724, .adv_w = 256, .box_w = 16, .box_h = 16, .ofs_x = 0, .ofs_y = -3},
    {.bitmap_index = 45852, .adv_w = 256, .box_w = 16, .box_h = 17, .ofs_x = 0, .ofs_y = -3},
    {.bitmap_index = 45988, .adv_w = 256, .box_w = 16, .box_h = 16, .ofs_x = 0, .ofs_y = -2},
    {.bitmap_index = 46116, .adv_w = 256, .box_w = 16, .box_h = 15, .ofs_x = 0, .ofs_y = -2},
    {.bitmap_index = 46236, .adv_w = 256, .box_w = 17, .box_h = 15, .ofs_x = -1, .ofs_y = -2},
    {.bitmap_index = 46364, .adv_w = 256, .box_w = 16, .box_h = 16, .ofs_x = 0, .ofs_y = -2},
    {.bitmap_index = 46492, .adv_w = 256, .box_w = 16, .box_h = 17, .ofs_x = 0, .ofs_y = -3},
    {.bitmap_index = 46628, .adv_w = 256, .box_w = 16, .box_h = 17, .ofs_x = 0, .ofs_y = -3},
    {.bitmap_index = 46764, .adv_w = 256, .box_w = 17, .box_h = 16, .ofs_x = 0, .ofs_y = -2},
    {.bitmap_index = 46900, .adv_w = 256, .box_w = 16, .box_h = 17, .ofs_x = 0, .ofs_y = -3},
    {.bitmap_index = 47036, .adv_w = 256, .box_w = 16, .box_h = 17, .ofs_x = 0, .ofs_y = -3},
    {.bitmap_index = 47172, .adv_w = 256, .box_w = 16, .box_h = 16, .ofs_x = 0, .ofs_y = -3},
    {.bitmap_index = 47300, .adv_w = 256, .box_w = 16, .box_h = 17, .ofs_x = 0, .ofs_y = -3},
    {.bitmap_index = 47436, .adv_w = 256, .box_w = 16, .box_h = 17, .ofs_x = 0, .ofs_y = -3},
    {.bitmap_index = 47572, .adv_w = 256, .box_w = 17, .box_h = 17, .ofs_x = 0, .ofs_y = -3},
    {.bitmap_index = 47717, .adv_w = 256, .box_w = 17, .box_h = 17, .ofs_x = 0, .ofs_y = -3},
    {.bitmap_index = 47862, .adv_w = 256, .box_w = 16, .box_h = 17, .ofs_x = 0, .ofs_y = -3},
    {.bitmap_index = 47998, .adv_w = 256, .box_w = 16, .box_h = 17, .ofs_x = 0, .ofs_y = -3},
    {.bitmap_index = 48134, .adv_w = 256, .box_w = 16, .box_h = 17, .ofs_x = 0, .ofs_y = -3},
    {.bitmap_index = 48270, .adv_w = 256, .box_w = 16, .box_h = 16, .ofs_x = 0, .ofs_y = -2},
    {.bitmap_index = 48398, .adv_w = 256, .box_w = 16, .box_h = 16, .ofs_x = 0, .ofs_y = -2},
    {.bitmap_index = 48526, .adv_w = 256, .box_w = 16, .box_h = 17, .ofs_x = 0, .ofs_y = -3},
    {.bitmap_index = 48662, .adv_w = 256, .box_w = 16, .box_h = 17, .ofs_x = 0, .ofs_y = -3},
    {.bitmap_index = 48798, .adv_w = 256, .box_w = 16, .box_h = 16, .ofs_x = 0, .ofs_y = -2},
    {.bitmap_index = 48926, .adv_w = 256, .box_w = 16, .box_h = 17, .ofs_x = 0, .ofs_y = -3},
    {.bitmap_index = 49062, .adv_w = 256, .box_w = 16, .box_h = 16, .ofs_x = 0, .ofs_y = -2},
    {.bitmap_index = 49190, .adv_w = 256, .box_w = 16, .box_h = 16, .ofs_x = 0, .ofs_y = -2},
    {.bitmap_index = 49318, .adv_w = 256, .box_w = 16, .box_h = 16, .ofs_x = 0, .ofs_y = -2},
    {.bitmap_index = 49446, .adv_w = 256, .box_w = 16, .box_h = 16, .ofs_x = 0, .ofs_y = -2},
    {.bitmap_index = 49574, .adv_w = 256, .box_w = 17, .box_h = 17, .ofs_x = 0, .ofs_y = -3},
    {.bitmap_index = 49719, .adv_w = 256, .box_w = 17, .box_h = 17, .ofs_x = 0, .ofs_y = -3},
    {.bitmap_index = 49864, .adv_w = 256, .box_w = 17, .box_h = 16, .ofs_x = 0, .ofs_y = -2},
    {.bitmap_index = 50000, .adv_w = 256, .box_w = 16, .box_h = 17, .ofs_x = 0, .ofs_y = -3},
    {.bitmap_index = 50136, .adv_w = 256, .box_w = 16, .box_h = 17, .ofs_x = 0, .ofs_y = -3},
    {.bitmap_index = 50272, .adv_w = 256, .box_w = 16, .box_h = 16, .ofs_x = 0, .ofs_y = -2},
    {.bitmap_index = 50400, .adv_w = 256, .box_w = 16, .box_h = 17, .ofs_x = 0, .ofs_y = -3},
    {.bitmap_index = 50536, .adv_w = 256, .box_w = 16, .box_h = 16, .ofs_x = 0, .ofs_y = -2},
    {.bitmap_index = 50664, .adv_w = 256, .box_w = 16, .box_h = 17, .ofs_x = 0, .ofs_y = -3},
    {.bitmap_index = 50800, .adv_w = 256, .box_w = 16, .box_h = 17, .ofs_x = 0, .ofs_y = -3},
    {.bitmap_index = 50936, .adv_w = 256, .box_w = 17, .box_h = 17, .ofs_x = 0, .ofs_y = -3},
    {.bitmap_index = 51081, .adv_w = 256, .box_w = 16, .box_h = 16, .ofs_x = 0, .ofs_y = -2},
    {.bitmap_index = 51209, .adv_w = 256, .box_w = 16, .box_h = 17, .ofs_x = 0, .ofs_y = -3},
    {.bitmap_index = 51345, .adv_w = 256, .box_w = 16, .box_h = 16, .ofs_x = 0, .ofs_y = -2},
    {.bitmap_index = 51473, .adv_w = 256, .box_w = 16, .box_h = 16, .ofs_x = 0, .ofs_y = -2},
    {.bitmap_index = 51601, .adv_w = 256, .box_w = 16, .box_h = 17, .ofs_x = 0, .ofs_y = -3},
    {.bitmap_index = 51737, .adv_w = 256, .box_w = 16, .box_h = 16, .ofs_x = 0, .ofs_y = -2},
    {.bitmap_index = 51865, .adv_w = 256, .box_w = 16, .box_h = 16, .ofs_x = 0, .ofs_y = -2},
    {.bitmap_index = 51993, .adv_w = 256, .box_w = 16, .box_h = 17, .ofs_x = 0, .ofs_y = -3},
    {.bitmap_index = 52129, .adv_w = 256, .box_w = 16, .box_h = 16, .ofs_x = 0, .ofs_y = -2},
    {.bitmap_index = 52257, .adv_w = 256, .box_w = 16, .box_h = 16, .ofs_x = 0, .ofs_y = -2},
    {.bitmap_index = 52385, .adv_w = 256, .box_w = 17, .box_h = 17, .ofs_x = 0, .ofs_y = -3},
    {.bitmap_index = 52530, .adv_w = 256, .box_w = 16, .box_h = 16, .ofs_x = 0, .ofs_y = -2},
    {.bitmap_index = 52658, .adv_w = 256, .box_w = 15, .box_h = 17, .ofs_x = 0, .ofs_y = -3},
    {.bitmap_index = 52786, .adv_w = 256, .box_w = 16, .box_h = 16, .ofs_x = 0, .ofs_y = -2},
    {.bitmap_index = 52914, .adv_w = 256, .box_w = 16, .box_h = 16, .ofs_x = 0, .ofs_y = -2},
    {.bitmap_index = 53042, .adv_w = 256, .box_w = 16, .box_h = 17, .ofs_x = 0, .ofs_y = -3},
    {.bitmap_index = 53178, .adv_w = 256, .box_w = 16, .box_h = 16, .ofs_x = 0, .ofs_y = -2},
    {.bitmap_index = 53306, .adv_w = 256, .box_w = 16, .box_h = 17, .ofs_x = 0, .ofs_y = -3},
    {.bitmap_index = 53442, .adv_w = 256, .box_w = 16, .box_h = 17, .ofs_x = 0, .ofs_y = -3},
    {.bitmap_index = 53578, .adv_w = 256, .box_w = 16, .box_h = 17, .ofs_x = 0, .ofs_y = -3},
    {.bitmap_index = 53714, .adv_w = 256, .box_w = 17, .box_h = 16, .ofs_x = 0, .ofs_y = -2},
    {.bitmap_index = 53850, .adv_w = 256, .box_w = 16, .box_h = 17, .ofs_x = 0, .ofs_y = -3},
    {.bitmap_index = 53986, .adv_w = 256, .box_w = 17, .box_h = 17, .ofs_x = 0, .ofs_y = -3},
    {.bitmap_index = 54131, .adv_w = 256, .box_w = 16, .box_h = 16, .ofs_x = 0, .ofs_y = -2},
    {.bitmap_index = 54259, .adv_w = 256, .box_w = 16, .box_h = 16, .ofs_x = 0, .ofs_y = -2},
    {.bitmap_index = 54387, .adv_w = 256, .box_w = 15, .box_h = 17, .ofs_x = 0, .ofs_y = -3},
    {.bitmap_index = 54515, .adv_w = 256, .box_w = 16, .box_h = 16, .ofs_x = 0, .ofs_y = -2},
    {.bitmap_index = 54643, .adv_w = 256, .box_w = 16, .box_h = 16, .ofs_x = 0, .ofs_y = -2},
    {.bitmap_index = 54771, .adv_w = 256, .box_w = 16, .box_h = 17, .ofs_x = 0, .ofs_y = -3},
    {.bitmap_index = 54907, .adv_w = 256, .box_w = 17, .box_h = 17, .ofs_x = 0, .ofs_y = -3},
    {.bitmap_index = 55052, .adv_w = 256, .box_w = 16, .box_h = 16, .ofs_x = 0, .ofs_y = -2},
    {.bitmap_index = 55180, .adv_w = 256, .box_w = 16, .box_h = 17, .ofs_x = 0, .ofs_y = -3},
    {.bitmap_index = 55316, .adv_w = 256, .box_w = 16, .box_h = 16, .ofs_x = 0, .ofs_y = -2},
    {.bitmap_index = 55444, .adv_w = 256, .box_w = 16, .box_h = 17, .ofs_x = 0, .ofs_y = -3},
    {.bitmap_index = 55580, .adv_w = 256, .box_w = 16, .box_h = 17, .ofs_x = 0, .ofs_y = -3},
    {.bitmap_index = 55716, .adv_w = 256, .box_w = 16, .box_h = 17, .ofs_x = 0, .ofs_y = -3},
    {.bitmap_index = 55852, .adv_w = 256, .box_w = 16, .box_h = 17, .ofs_x = 0, .ofs_y = -3},
    {.bitmap_index = 55988, .adv_w = 256, .box_w = 16, .box_h = 16, .ofs_x = 0, .ofs_y = -2},
    {.bitmap_index = 56116, .adv_w = 256, .box_w = 15, .box_h = 17, .ofs_x = 0, .ofs_y = -3},
    {.bitmap_index = 56244, .adv_w = 256, .box_w = 16, .box_h = 17, .ofs_x = 0, .ofs_y = -3},
    {.bitmap_index = 56380, .adv_w = 256, .box_w = 16, .box_h = 17, .ofs_x = 0, .ofs_y = -3},
    {.bitmap_index = 56516, .adv_w = 256, .box_w = 17, .box_h = 17, .ofs_x = 0, .ofs_y = -3},
    {.bitmap_index = 56661, .adv_w = 256, .box_w = 16, .box_h = 16, .ofs_x = 0, .ofs_y = -2},
    {.bitmap_index = 56789, .adv_w = 256, .box_w = 16, .box_h = 17, .ofs_x = 0, .ofs_y = -3},
    {.bitmap_index = 56925, .adv_w = 256, .box_w = 17, .box_h = 16, .ofs_x = -1, .ofs_y = -2},
    {.bitmap_index = 57061, .adv_w = 256, .box_w = 16, .box_h = 17, .ofs_x = 0, .ofs_y = -3},
    {.bitmap_index = 57197, .adv_w = 256, .box_w = 17, .box_h = 17, .ofs_x = 0, .ofs_y = -3},
    {.bitmap_index = 57342, .adv_w = 256, .box_w = 16, .box_h = 17, .ofs_x = 0, .ofs_y = -3},
    {.bitmap_index = 57478, .adv_w = 256, .box_w = 17, .box_h = 16, .ofs_x = -1, .ofs_y = -2},
    {.bitmap_index = 57614, .adv_w = 256, .box_w = 16, .box_h = 16, .ofs_x = 0, .ofs_y = -2},
    {.bitmap_index = 57742, .adv_w = 256, .box_w = 16, .box_h = 17, .ofs_x = 0, .ofs_y = -3},
    {.bitmap_index = 57878, .adv_w = 256, .box_w = 16, .box_h = 17, .ofs_x = 0, .ofs_y = -3},
    {.bitmap_index = 58014, .adv_w = 256, .box_w = 16, .box_h = 17, .ofs_x = 0, .ofs_y = -3},
    {.bitmap_index = 58150, .adv_w = 256, .box_w = 16, .box_h = 17, .ofs_x = 0, .ofs_y = -3},
    {.bitmap_index = 58286, .adv_w = 256, .box_w = 16, .box_h = 17, .ofs_x = 0, .ofs_y = -3},
    {.bitmap_index = 58422, .adv_w = 256, .box_w = 16, .box_h = 16, .ofs_x = 0, .ofs_y = -2},
    {.bitmap_index = 58550, .adv_w = 256, .box_w = 16, .box_h = 17, .ofs_x = 0, .ofs_y = -3},
    {.bitmap_index = 58686, .adv_w = 256, .box_w = 17, .box_h = 17, .ofs_x = 0, .ofs_y = -3},
    {.bitmap_index = 58831, .adv_w = 256, .box_w = 17, .box_h = 17, .ofs_x = -1, .ofs_y = -3},
    {.bitmap_index = 58976, .adv_w = 256, .box_w = 16, .box_h = 17, .ofs_x = 0, .ofs_y = -3},
    {.bitmap_index = 59112, .adv_w = 256, .box_w = 16, .box_h = 17, .ofs_x = 0, .ofs_y = -3},
    {.bitmap_index = 59248, .adv_w = 256, .box_w = 16, .box_h = 16, .ofs_x = 0, .ofs_y = -2},
    {.bitmap_index = 59376, .adv_w = 256, .box_w = 16, .box_h = 15, .ofs_x = 1, .ofs_y = -2},
    {.bitmap_index = 59496, .adv_w = 256, .box_w = 16, .box_h = 15, .ofs_x = 0, .ofs_y = -2},
    {.bitmap_index = 59616, .adv_w = 256, .box_w = 16, .box_h = 16, .ofs_x = 0, .ofs_y = -3},
    {.bitmap_index = 59744, .adv_w = 256, .box_w = 16, .box_h = 16, .ofs_x = 0, .ofs_y = -3},
    {.bitmap_index = 59872, .adv_w = 256, .box_w = 16, .box_h = 17, .ofs_x = 0, .ofs_y = -3},
    {.bitmap_index = 60008, .adv_w = 256, .box_w = 16, .box_h = 15, .ofs_x = 0, .ofs_y = -2},
    {.bitmap_index = 60128, .adv_w = 256, .box_w = 16, .box_h = 17, .ofs_x = 0, .ofs_y = -3},
    {.bitmap_index = 60264, .adv_w = 256, .box_w = 16, .box_h = 16, .ofs_x = 0, .ofs_y = -3},
    {.bitmap_index = 60392, .adv_w = 256, .box_w = 16, .box_h = 17, .ofs_x = 0, .ofs_y = -3},
    {.bitmap_index = 60528, .adv_w = 256, .box_w = 16, .box_h = 17, .ofs_x = 0, .ofs_y = -3},
    {.bitmap_index = 60664, .adv_w = 256, .box_w = 16, .box_h = 17, .ofs_x = 0, .ofs_y = -3},
    {.bitmap_index = 60800, .adv_w = 256, .box_w = 16, .box_h = 17, .ofs_x = 0, .ofs_y = -3},
    {.bitmap_index = 60936, .adv_w = 256, .box_w = 16, .box_h = 16, .ofs_x = 0, .ofs_y = -2},
    {.bitmap_index = 61064, .adv_w = 256, .box_w = 16, .box_h = 17, .ofs_x = 0, .ofs_y = -3},
    {.bitmap_index = 61200, .adv_w = 256, .box_w = 16, .box_h = 16, .ofs_x = 0, .ofs_y = -2},
    {.bitmap_index = 61328, .adv_w = 256, .box_w = 16, .box_h = 17, .ofs_x = 0, .ofs_y = -3},
    {.bitmap_index = 61464, .adv_w = 256, .box_w = 16, .box_h = 16, .ofs_x = 0, .ofs_y = -3},
    {.bitmap_index = 61592, .adv_w = 256, .box_w = 16, .box_h = 16, .ofs_x = 0, .ofs_y = -3},
    {.bitmap_index = 61720, .adv_w = 256, .box_w = 16, .box_h = 17, .ofs_x = 0, .ofs_y = -3},
    {.bitmap_index = 61856, .adv_w = 256, .box_w = 16, .box_h = 17, .ofs_x = 0, .ofs_y = -3},
    {.bitmap_index = 61992, .adv_w = 256, .box_w = 3, .box_h = 14, .ofs_x = 2, .ofs_y = -1},
    {.bitmap_index = 62013, .adv_w = 256, .box_w = 5, .box_h = 16, .ofs_x = 10, .ofs_y = -3},
    {.bitmap_index = 62053, .adv_w = 256, .box_w = 5, .box_h = 16, .ofs_x = 1, .ofs_y = -3},
    {.bitmap_index = 62093, .adv_w = 256, .box_w = 3, .box_h = 5, .ofs_x = 2, .ofs_y = -2},
    {.bitmap_index = 62101, .adv_w = 256, .box_w = 3, .box_h = 10, .ofs_x = 3, .ofs_y = -1},
    {.bitmap_index = 62116, .adv_w = 256, .box_w = 4, .box_h = 11, .ofs_x = 2, .ofs_y = -2},
    {.bitmap_index = 62138, .adv_w = 256, .box_w = 7, .box_h = 14, .ofs_x = 1, .ofs_y = -1},
    {.bitmap_index = 62187, .adv_w = 256, .box_w = 10, .box_h = 4, .ofs_x = 3, .ofs_y = 3}
};

/*---------------------
 *  CHARACTER MAPPING
 *--------------------*/

static const uint16_t unicode_list_0[] = {
    0x0, 0x1f5d, 0x1f6f, 0x24ff, 0x2509, 0x25b3, 0x2f4a, 0x2f4b,
    0x6492, 0x64e4, 0x65f1, 0x7708, 0x796c, 0x7a43, 0x7a46, 0x7a4c,
    0x7a4d, 0x7a51, 0x7a53, 0x7a58, 0x7a5e, 0x7a62, 0x7a67, 0x7a69,
    0x7a6d, 0x7a6e, 0x7a73, 0x7a74, 0x7a77, 0x7a7a, 0x7a7c, 0x7a81,
    0x7a87, 0x7a8e, 0x7a90, 0x7a95, 0x7aa1, 0x7aa3, 0x7aa6, 0x7aa9,
    0x7aab, 0x7ab7, 0x7aba, 0x7abb, 0x7abe, 0x7ac4, 0x7ace, 0x7ad9,
    0x7ae5, 0x7ae6, 0x7aeb, 0x7aef, 0x7af0, 0x7af1, 0x7af3, 0x7af4,
    0x7af5, 0x7afd, 0x7b01, 0x7b0a, 0x7b15, 0x7b1a, 0x7b23, 0x7b26,
    0x7b2e, 0x7b2f, 0x7b33, 0x7b45, 0x7b47, 0x7b54, 0x7b55, 0x7b58,
    0x7b5f, 0x7b68, 0x7b6f, 0x7b73, 0x7b81, 0x7b89, 0x7b8a, 0x7bc5,
    0x7bda, 0x7be5, 0x7be6, 0x7be7, 0x7beb, 0x7bfb, 0x7c05, 0x7c06,
    0x7c0a, 0x7c0e, 0x7c10, 0x7c11, 0x7c15, 0x7c16, 0x7c20, 0x7c31,
    0x7c41, 0x7cc0, 0x7cef, 0x7cf7, 0x7d84, 0x7d90, 0x7de4, 0x7e7f,
    0x7e8b, 0x7e8d, 0x7e8e, 0x7ee6, 0x7ee8, 0x7ef0, 0x7ef8, 0x7ef9,
    0x7efb, 0x7f08, 0x7f17, 0x7f1e, 0x7f2a, 0x7f2e, 0x7f2f, 0x7f32,
    0x7f37, 0x7f3c, 0x8135, 0x8147, 0x814a, 0x814b, 0x814d, 0x8159,
    0x816a, 0x816b, 0x816c, 0x8171, 0x8174, 0x8176, 0x8178, 0x817c,
    0x817d, 0x8181, 0x8184, 0x8187, 0x818d, 0x8192, 0x8194, 0x8198,
    0x81a3, 0x81a8, 0x81b1, 0x81b7, 0x86f5, 0x86fc, 0x86fe, 0x8706,
    0x8709, 0x8713, 0x8714, 0x871a, 0x871c, 0x8724, 0x8729, 0x872e,
    0x8733, 0x8737, 0x8747, 0x8753, 0x875c, 0x875f, 0x8764, 0x876a,
    0x8782, 0x8785, 0x878d, 0x87c7, 0x87ce, 0x87d1, 0x8821, 0x8828,
    0x88a7, 0x891f, 0x8923, 0x8925, 0x8927, 0x892e, 0x8934, 0x8938,
    0x8987, 0x8a6f, 0x8b90, 0x8b92, 0x8b9e, 0x8bc1, 0x8bcb, 0x8bce,
    0x8bd3, 0x8bdd, 0x8be1, 0x8cb0, 0x8cb6, 0x8cbc, 0x8ccd, 0x8cda,
    0x8cdd, 0x8cfa, 0x8cfe, 0x8d01, 0x8d03, 0x8d05, 0x8d08, 0x8d0d,
    0x8d0f, 0x8d17, 0x8d18, 0x8d1f, 0x8d20, 0x8d23, 0x8d24, 0x8d27,
    0x8d2c, 0x8d2d, 0x8d34, 0x8d35, 0x8d40, 0x8d41, 0x8d42, 0x8d44,
    0x8d46, 0x8d4e, 0x8d52, 0x8d5d, 0x8d66, 0x8d68, 0x8d6c, 0x8d75,
    0x8d77, 0x8d78, 0x8d7a, 0x8d7e, 0x8d82, 0x8d83, 0x8d86, 0x8d89,
    0x8d8a, 0x8d8b, 0x8d92, 0x8d93, 0x8d9a, 0x8d9b, 0x8da2, 0x8db2,
    0x8db8, 0x8db9, 0x8dbd, 0x8dbf, 0x8dc5, 0x8dce, 0x8dd8, 0x8dd9,
    0x8ddd, 0x8de5, 0x8de7, 0x9093, 0x9097, 0x9098, 0x9099, 0x90aa,
    0x90ab, 0x90ad, 0x90b2, 0x90b8, 0x90b9, 0x90bb, 0x90bd, 0x90c2,
    0x90c6, 0x90c7, 0x90ce, 0x90d5, 0x90d6, 0x90d9, 0x90da, 0x90eb,
    0x90ec, 0x90f3, 0x90f6, 0x90f7, 0x90f8, 0x90fd, 0x90fe, 0x9103,
    0x91d7, 0x91f7, 0x9211, 0x9287, 0x92b3, 0x92d8, 0x9313, 0x931f,
    0x9387, 0x93b4, 0x9602, 0x9605, 0x9606, 0x9617, 0x961b, 0x9629,
    0x9632, 0x9638, 0x963c, 0x964a, 0x964f, 0x9651, 0x9657, 0x9658,
    0x9673, 0x9676, 0x9679, 0x9687, 0x969c, 0x96c5, 0x96ce, 0x96da,
    0x96db, 0x96dd, 0x96ec, 0x96f4, 0x96f8, 0x96fb, 0x96fd, 0x9831,
    0x9856, 0x9877, 0x989d, 0x989e, 0x99f9, 0x99fa, 0x99ff, 0x9a00,
    0x9a03, 0x9a05, 0x9a09, 0x9a0a, 0x9a0b, 0x9a0e, 0x9a14, 0x9a15,
    0x9a1a, 0x9a28, 0x9a2a, 0x9a2f, 0x9a34, 0x9a36, 0x9a38, 0x9a42,
    0x9a44, 0x9a51, 0x9a58, 0x9a5c, 0x9a68, 0x9a6c, 0x9a8c, 0x9a8e,
    0x9a90, 0x9a91, 0x9a92, 0x9a96, 0x9a9a, 0x9bc8, 0x9bcb, 0x9bce,
    0x9bcf, 0x9bd0, 0x9bd1, 0x9bd4, 0x9bd7, 0x9bd9, 0x9bda, 0x9bdb,
    0x9bdd, 0x9bde, 0x9be3, 0x9be4, 0x9be7, 0x9be8, 0x9be9, 0x9bea,
    0x9beb, 0x9bec, 0x9bee, 0x9bef, 0x9bf0, 0x9bf1, 0x9bf2, 0x9bf4,
    0x9bf6, 0x9bf7, 0x9bf9, 0x9bfa, 0x9bfb, 0x9bfc, 0x9bfd, 0x9bfe,
    0x9bff, 0x9c00, 0x9c03, 0x9c04, 0x9c05, 0x9c06, 0x9c0d, 0x9c0e,
    0x9c0f, 0x9c10, 0x9c13, 0x9c14, 0x9c15, 0x9c16, 0x9c17, 0x9c18,
    0x9c19, 0x9c1c, 0x9c1d, 0x9c1e, 0x9c20, 0x9c21, 0x9c22, 0x9c25,
    0x9c26, 0x9c28, 0x9c2b, 0x9da1, 0x9dc7, 0x9dcb, 0x9dd0, 0x9dd1,
    0x9dd4, 0x9ddb, 0x9de6, 0x9de8, 0x9dfd, 0x9e01, 0x9e06, 0x9e07,
    0x9e24, 0x9e25, 0x9e26, 0x9e28, 0x9e29, 0x9e2b, 0x9e2e, 0x9e30,
    0x9e32, 0x9e33, 0x9e38, 0x9e47, 0x9e54, 0x9e56, 0x9e6b, 0x9e75,
    0x9e78, 0x9e80, 0x9e82, 0x9e86, 0x9e87, 0x9e8d, 0x9ec9, 0x9ecc,
    0x9ece, 0x9ecf, 0x9ed0, 0x9ed1, 0x9ed2, 0x9ed3, 0x9ed5, 0xfe4a,
    0xfe51, 0xfe52, 0xfe55, 0xfe63, 0xfe64, 0xfe68, 0xfea7
};

/*Collect the unicode lists and glyph_id offsets*/
static const lv_font_fmt_txt_cmap_t cmaps[] =
{
    {
        .range_start = 183, .range_length = 65192, .glyph_id_start = 1,
        .unicode_list = unicode_list_0, .glyph_id_ofs_list = NULL, .list_length = 479, .type = LV_FONT_FMT_TXT_CMAP_SPARSE_TINY
    }
};



/*--------------------
 *  ALL CUSTOM DATA
 *--------------------*/

#if LVGL_VERSION_MAJOR == 8
/*Store all the custom data of the font*/
static  lv_font_fmt_txt_glyph_cache_t cache;
#endif

#if LVGL_VERSION_MAJOR >= 8
static const lv_font_fmt_txt_dsc_t font_dsc = {
#else
static lv_font_fmt_txt_dsc_t font_dsc = {
#endif
    .glyph_bitmap = glyph_bitmap,
    .glyph_dsc = glyph_dsc,
    .cmaps = cmaps,
    .kern_dsc = NULL,
    .kern_scale = 0,
    .cmap_num = 1,
    .bpp = 4,
    .kern_classes = 0,
    .bitmap_format = 0,
#if LVGL_VERSION_MAJOR == 8
    .cache = &cache
#endif
};



/*-----------------
 *  PUBLIC FONT
 *----------------*/

/*Initialize a public general font descriptor*/
#if LVGL_VERSION_MAJOR >= 8
const lv_font_t lv_font_cn_gb2312_16_7 = {
#else
lv_font_t lv_font_cn_gb2312_16_7 = {
#endif
    .get_glyph_dsc = lv_font_get_glyph_dsc_fmt_txt,    /*Function pointer to get glyph's data*/
    .get_glyph_bitmap = lv_font_get_bitmap_fmt_txt,    /*Function pointer to get glyph's bitmap*/
    .line_height = 17,          /*The maximum line height required by the font*/
    .base_line = 3,             /*Baseline measured from the bottom of the line*/
#if !(LVGL_VERSION_MAJOR == 6 && LVGL_VERSION_MINOR == 0)
    .subpx = LV_FONT_SUBPX_NONE,
#endif
#if LV_VERSION_CHECK(7, 4, 0) || LVGL_VERSION_MAJOR >= 8
    .underline_position = -1,
    .underline_thickness = 1,
#endif
    .dsc = &font_dsc,          /*The custom font data. Will be accessed by `get_glyph_bitmap/dsc` */
#if LV_VERSION_CHECK(8, 2, 0) || LVGL_VERSION_MAJOR >= 9
    .fallback = NULL,
#endif
    .user_data = NULL,
};



#endif /*#if LV_FONT_CN_GB2312_16_7*/

