/*******************************************************************************
 * Size: 16 px
 * Bpp: 4
 * Opts: --font G:\projects\ai_project\ai_manager\firmware\esp32_s3_sub_display\fonts\msyh.ttf --symbols 樾檠橐橛樵檎橹樽樨橘橼檑檐檩檗檫猷獒殁殂殇殄殒殓殍殚殛殡殪轫轭轱轲轳轵轶轸轷轹轺轼轾辁辂辄辇辋辍辎辏辘辚軎戋戗戛戟戢戡戥戤戬臧瓯瓴瓿甏甑甓攴旮旯旰昊昙杲昃昕昀炅曷昝昴昱昶昵耆晟晔晁晏晖晡晗晷暄暌暧暝暾曛曜曦曩贲贳贶贻贽赀赅赆赈赉赇赍赕赙觇觊觋觌觎觏觐觑牮犟牝牦牯牾牿犄犋犍犏犒挈挲掰搿擘耄毪毳毽毵毹氅氇氆氍氕氘氙氚氡氩氤氪氲攵敕敫牍牒牖爰虢刖肟肜肓肼朊肽肱肫肭肴肷胧胨胩胪胛胂胄胙胍胗朐胝胫胱胴胭脍脎胲胼朕脒豚脶脞脬脘脲腈腌腓腴腙腚腱腠腩腼腽腭腧塍媵膈膂膑滕膣膪臌朦臊膻臁膦欤欷欹歃歆歙飑飒飓飕飙飚殳彀毂觳斐齑斓於旆旄旃旌旎旒旖炀炜炖炝炻烀炷炫炱烨烊焐焓焖焯焱煳煜煨煅煲煊煸煺熘熳熵熨熠燠燔燧燹爝爨灬焘煦熹戾戽扃扈扉礻祀祆祉祛祜祓祚祢祗祠祯祧祺禅禊禚禧禳忑忐怼恝恚恧恁恙恣悫愆愍慝憩憝懋懑戆肀聿沓泶淼矶矸砀砉砗砘砑斫砭砜砝砹砺砻砟砼砥砬砣砩硎硭硖硗砦硐硇硌硪碛碓碚碇碜碡碣碲碹碥磔磙磉磬磲礅磴礓礤礞礴龛黹黻黼盱眄眍盹眇眈眚眢眙眭眦眵眸睐睑睇睃睚睨睢睥睿瞍睽瞀瞌瞑瞟瞠瞰瞵瞽町畀畎畋畈畛畲畹疃罘罡罟詈罨罴罱罹羁罾盍盥蠲钅钆钇钋钊钌钍钏钐钔钗钕钚钛钜钣钤钫钪钭钬钯钰钲钴钶钷钸钹钺钼钽钿铄铈铉铊铋铌铍铎铐铑铒铕铖铗铙铘铛铞铟铠铢铤铥铧铨铪铩铫铮铯铳铴铵铷铹铼铽铿锃锂锆锇锉锊锍锎锏锒锓锔锕锖锘锛锝锞锟锢锪锫锩锬锱锲锴锶锷锸锼锾锿镂锵镄镅镆镉镌镎镏镒镓镔镖镗镘镙镛镞镟镝镡镢镤镥镦镧镨镩镪镫镬镯镱镲镳锺矧矬雉秕秭秣秫稆嵇稃稂稞稔稹稷穑黏馥穰皈皎皓皙皤瓞瓠甬鸠鸢鸨鸩鸪鸫鸬鸲鸱鸶鸸鸷鸹鸺鸾鹁鹂鹄鹆鹇鹈鹉鹋鹌鹎鹑鹕鹗鹚鹛鹜鹞鹣鹦鹧鹨鹩鹪鹫鹬鹱鹭鹳疒疔疖疠疝疬疣疳疴疸痄疱疰痃痂痖痍痣痨痦痤痫痧瘃痱痼痿瘐瘀瘅瘌瘗瘊瘥瘘瘕瘙瘛瘼瘢瘠癀瘭瘰瘿瘵癃瘾瘳癍癞癔癜癖癫癯翊竦穸穹窀窆窈窕窦窠窬窨窭窳衤衩衲衽衿袂袢裆袷袼裉裢裎裣裥裱褚裼裨裾裰褡褙褓褛褊褴褫褶襁襦襻疋胥皲皴矜耒耔耖耜耠耢耥耦耧耩耨耱耋耵聃聆聍聒聩聱覃顸颀颃颉颌颍颏颔颚颛颞颟颡颢颥颦虍虔虬虮虿虺虼虻蚨蚍蚋蚬蚝蚧蚣蚪蚓蚩蚶蛄蚵蛎蚰蚺蚱蚯蛉蛏蚴蛩蛱蛲蛭蛳蛐蜓蛞蛴蛟蛘蛑蜃蜇蛸蜈蜊蜍蜉蜣蜻蜞蜥蜮蜚蜾蝈蜴蜱蜩蜷蜿螂蜢蝽蝾蝻蝠蝰蝌蝮螋蝓蝣蝼蝤蝙蝥螓螯螨蟒蟆螈螅螭螗螃螫 --size 16 --bpp 4 --format lvgl --no-compress --no-prefilter --force-fast-kern-format --lv-font-name lv_font_cn_gb2312_16_6 -o G:\projects\ai_project\ai_manager\firmware\esp32_s3_sub_display\main\fonts\lv_font_cn_gb2312_16_6.c --font C:\Windows\Fonts\seguisym.ttf -r 0x25B6,0x25C0,0x266A,0x2026
 ******************************************************************************/

#ifdef LV_LVGL_H_INCLUDE_SIMPLE
#include "lvgl.h"
#else
#include "lvgl/lvgl.h"
#endif

#include "lv_font_cn_gb2312.h"

#ifndef LV_FONT_CN_GB2312_16_6
#define LV_FONT_CN_GB2312_16_6 1
#endif

#if LV_FONT_CN_GB2312_16_6

/*-----------------
 *    BITMAPS
 *----------------*/

/*Store the image of the glyphs*/
static LV_ATTRIBUTE_LARGE_CONST const uint8_t glyph_bitmap[] = {
    /* U+2026 "…" */
    0x75, 0x0, 0x85, 0x0, 0x84, 0xb9, 0x0, 0xc8,
    0x0, 0xd7,

    /* U+25B6 "▶" */
    0x73, 0x0, 0x0, 0x0, 0x0, 0x0, 0xbf, 0xa1,
    0x0, 0x0, 0x0, 0x0, 0xbf, 0xff, 0x80, 0x0,
    0x0, 0x0, 0xbf, 0xff, 0xfe, 0x60, 0x0, 0x0,
    0xbf, 0xff, 0xff, 0xfd, 0x40, 0x0, 0xbf, 0xff,
    0xff, 0xff, 0xfb, 0x20, 0xbf, 0xff, 0xff, 0xff,
    0xff, 0xe2, 0xbf, 0xff, 0xff, 0xff, 0xf8, 0x0,
    0xbf, 0xff, 0xff, 0xfa, 0x10, 0x0, 0xbf, 0xff,
    0xfc, 0x30, 0x0, 0x0, 0xbf, 0xfd, 0x50, 0x0,
    0x0, 0x0, 0xbe, 0x70, 0x0, 0x0, 0x0, 0x0,
    0x51, 0x0, 0x0, 0x0, 0x0, 0x0,

    /* U+25C0 "◀" */
    0x0, 0x0, 0x0, 0x0, 0x0, 0x55, 0x0, 0x0,
    0x0, 0x0, 0x3c, 0xf8, 0x0, 0x0, 0x0, 0x1a,
    0xff, 0xf8, 0x0, 0x0, 0x8, 0xff, 0xff, 0xf8,
    0x0, 0x6, 0xef, 0xff, 0xff, 0xf8, 0x4, 0xdf,
    0xff, 0xff, 0xff, 0xf8, 0x4f, 0xff, 0xff, 0xff,
    0xff, 0xf8, 0x1, 0xaf, 0xff, 0xff, 0xff, 0xf8,
    0x0, 0x3, 0xbf, 0xff, 0xff, 0xf8, 0x0, 0x0,
    0x4, 0xdf, 0xff, 0xf8, 0x0, 0x0, 0x0, 0x6,
    0xef, 0xf8, 0x0, 0x0, 0x0, 0x0, 0x18, 0xf8,
    0x0, 0x0, 0x0, 0x0, 0x0, 0x24,

    /* U+266A "♪" */
    0x0, 0x3, 0x0, 0x0, 0x0, 0xf1, 0x0, 0x0,
    0xf, 0xe3, 0x0, 0x0, 0xd5, 0xe0, 0x0, 0xd,
    0xc, 0x30, 0x0, 0xd0, 0xb1, 0x0, 0xd, 0x1,
    0x0, 0x0, 0xd0, 0x0, 0x3, 0x6d, 0x0, 0x7,
    0xff, 0xc0, 0x0, 0xdf, 0xfa, 0x0, 0x9, 0xfe,
    0x20, 0x0, 0x1, 0x0, 0x0, 0x0,

    /* U+5216 "刖" */
    0x0, 0x77, 0x77, 0x77, 0x0, 0x0, 0x3, 0xb0,
    0x2f, 0x87, 0x79, 0xf0, 0xa, 0x30, 0x4e, 0x2,
    0xf1, 0x0, 0x3f, 0x0, 0xd4, 0x4, 0xe0, 0x2f,
    0x10, 0x3, 0xf0, 0xd, 0x40, 0x4e, 0x2, 0xfb,
    0xbb, 0xcf, 0x0, 0xd4, 0x4, 0xe0, 0x2f, 0x76,
    0x68, 0xf0, 0xd, 0x40, 0x4e, 0x2, 0xf1, 0x0,
    0x3f, 0x0, 0xd4, 0x4, 0xe0, 0x2f, 0x0, 0x3,
    0xf0, 0xd, 0x40, 0x4e, 0x2, 0xfb, 0xbb, 0xcf,
    0x0, 0xd4, 0x4, 0xe0, 0x3f, 0x66, 0x68, 0xf0,
    0xd, 0x40, 0x4e, 0x4, 0xe0, 0x0, 0x3f, 0x0,
    0xd4, 0x4, 0xe0, 0x7c, 0x0, 0x3, 0xf0, 0x0,
    0x0, 0x4e, 0xb, 0x80, 0x0, 0x3f, 0x0, 0x0,
    0x4, 0xe2, 0xf3, 0x4, 0x4a, 0xe0, 0x2, 0x11,
    0x8d, 0x8c, 0x0, 0xff, 0xe5, 0x0, 0xcf, 0xff,
    0x60, 0x20, 0x0, 0x0, 0x0, 0x1, 0x22, 0x0,

    /* U+584D "塍" */
    0x0, 0x0, 0x0, 0x0, 0x0, 0x50, 0x0, 0x0,
    0x1, 0x11, 0x10, 0x24, 0x2, 0xf0, 0x6, 0x10,
    0xe, 0xee, 0xf1, 0x3e, 0x14, 0xd0, 0x3e, 0x20,
    0xe, 0x20, 0xf1, 0x7, 0x57, 0xb0, 0x94, 0x0,
    0xe, 0x20, 0xf2, 0xff, 0xff, 0xff, 0xff, 0xf0,
    0xe, 0x76, 0xf1, 0x11, 0x1f, 0x41, 0x11, 0x10,
    0xe, 0xcc, 0xf2, 0x11, 0x5f, 0x11, 0x11, 0x10,
    0xe, 0x20, 0xfb, 0xff, 0xff, 0xff, 0xff, 0xf8,
    0xe, 0x20, 0xf1, 0x7, 0xe1, 0x45, 0xd1, 0x0,
    0xe, 0x98, 0xf1, 0x7f, 0x32, 0xf0, 0x8d, 0x40,
    0xe, 0x98, 0xfc, 0xe4, 0x2, 0xf0, 0x7, 0xf8,
    0xf, 0x10, 0xf8, 0x6f, 0xff, 0xff, 0xff, 0x42,
    0xf, 0x0, 0xf1, 0x0, 0x2, 0xf0, 0x0, 0x0,
    0x4e, 0x0, 0xf1, 0x0, 0x2, 0xf0, 0x0, 0x0,
    0xaa, 0x11, 0xf3, 0xee, 0xee, 0xfe, 0xee, 0xe0,
    0xa4, 0xef, 0xc0, 0x22, 0x22, 0x22, 0x22, 0x20,
    0x0, 0x0, 0x0, 0x0, 0x0, 0x0, 0x0, 0x0,

    /* U+5AB5 "媵" */
    0x0, 0x0, 0x0, 0x0, 0x0, 0x20, 0x0, 0x0,
    0x1, 0x11, 0x10, 0x45, 0x3, 0xe0, 0x8, 0x20,
    0xe, 0xee, 0xf1, 0x2e, 0x25, 0xd0, 0x6d, 0x10,
    0xe, 0x20, 0xf1, 0x7, 0x58, 0xa0, 0x93, 0x0,
    0xe, 0x20, 0xf3, 0xff, 0xff, 0xff, 0xff, 0xe0,
    0xe, 0x87, 0xf1, 0x0, 0x3f, 0x10, 0x0, 0x0,
    0xe, 0x86, 0xf9, 0xbb, 0xee, 0xbb, 0xbb, 0xb5,
    0xe, 0x20, 0xf4, 0x4c, 0xc4, 0x48, 0xe5, 0x42,
    0xe, 0x20, 0xf2, 0x9e, 0x1c, 0x40, 0x9c, 0x30,
    0xe, 0x99, 0xfd, 0xc1, 0x6d, 0x0, 0x7, 0xf7,
    0xe, 0x76, 0xf4, 0xef, 0xff, 0xff, 0xff, 0xa1,
    0xf, 0x10, 0xf1, 0x9, 0xa0, 0x4, 0xe0, 0x0,
    0xf, 0x0, 0xf1, 0xc, 0xd5, 0x1d, 0x70, 0x0,
    0x3e, 0x0, 0xf1, 0x0, 0x5d, 0xfd, 0x0, 0x0,
    0x8a, 0x11, 0xf1, 0x2, 0x9f, 0xae, 0xd6, 0x0,
    0xb4, 0xef, 0xc3, 0xef, 0xb3, 0x0, 0x7e, 0x60,
    0x0, 0x0, 0x0, 0x40, 0x0, 0x0, 0x0, 0x0,

    /* U+5D47 "嵇" */
    0x0, 0x0, 0x0, 0x0, 0x1, 0x0, 0x0, 0x0,
    0x4, 0x67, 0x98, 0x0, 0xc, 0x51, 0xa2, 0x0,
    0x1d, 0xdf, 0x96, 0x0, 0xd, 0x40, 0x8e, 0x10,
    0x0, 0x2e, 0x0, 0x99, 0x9f, 0xa9, 0x9b, 0x97,
    0x0, 0x2e, 0x0, 0x66, 0x8f, 0x6e, 0x96, 0x64,
    0x4e, 0xef, 0xed, 0x0, 0x8c, 0xd, 0x40, 0x14,
    0x3, 0x9f, 0x32, 0x1, 0xe5, 0xd, 0x40, 0x4d,
    0x0, 0xde, 0x10, 0xc, 0xb0, 0xd, 0x60, 0x8a,
    0x3, 0xff, 0xe4, 0xdc, 0x10, 0x9, 0xff, 0xf4,
    0x9, 0xae, 0x6c, 0x50, 0x0, 0x73, 0x22, 0x10,
    0x1f, 0x4e, 0x1, 0x85, 0x0, 0xd5, 0x0, 0xb2,
    0x8b, 0x2e, 0x0, 0xb6, 0x0, 0xd5, 0x0, 0xe3,
    0x53, 0x2e, 0x0, 0xb6, 0x0, 0xd5, 0x0, 0xe3,
    0x0, 0x2e, 0x0, 0xb6, 0x0, 0xd5, 0x0, 0xe3,
    0x0, 0x2e, 0x0, 0xbf, 0xff, 0xff, 0xff, 0xf3,
    0x0, 0x2e, 0x0, 0x12, 0x22, 0x22, 0x22, 0xd2,

    /* U+5F40 "彀" */
    0x0, 0x0, 0xd2, 0x0, 0x0, 0x55, 0x55, 0x0,
    0x1e, 0xee, 0xfe, 0xee, 0x70, 0xfa, 0xaf, 0x20,
    0x0, 0x0, 0xe3, 0x0, 0x0, 0xf1, 0xe, 0x20,
    0x5, 0xdd, 0xdd, 0xdc, 0x1, 0xf0, 0xe, 0x20,
    0x16, 0x66, 0x66, 0x66, 0x46, 0xc0, 0xe, 0x62,
    0x4e, 0x77, 0x77, 0x79, 0xce, 0x40, 0x9, 0xf9,
    0x39, 0x9c, 0xcc, 0xc7, 0x93, 0x0, 0x0, 0x0,
    0x0, 0x11, 0x11, 0x10, 0xf, 0xff, 0xff, 0xf0,
    0x8, 0xee, 0xee, 0xee, 0x5, 0xc1, 0x16, 0xc0,
    0x2, 0x44, 0x44, 0x5e, 0x0, 0xf1, 0xc, 0x60,
    0xa, 0xca, 0xaa, 0xae, 0x0, 0x99, 0x6d, 0x0,
    0xb, 0xdc, 0xcc, 0xcc, 0x10, 0x1e, 0xf3, 0x0,
    0x1, 0x11, 0x11, 0x1f, 0x0, 0x4f, 0xf5, 0x0,
    0x0, 0x2, 0x21, 0x5e, 0x3a, 0xf7, 0x6f, 0xb3,
    0x0, 0x9, 0xff, 0xd4, 0xab, 0x30, 0x3, 0xb6,
    0x0, 0x0, 0x0, 0x0, 0x0, 0x0, 0x0, 0x0,

    /* U+5FD0 "忐" */
    0x0, 0x0, 0x0, 0x4, 0x0, 0x0, 0x0, 0x0,
    0x0, 0x0, 0x0, 0x2f, 0x10, 0x0, 0x0, 0x0,
    0x0, 0x0, 0x0, 0x2f, 0x10, 0x0, 0x0, 0x0,
    0x0, 0x0, 0x0, 0x2f, 0xff, 0xff, 0xff, 0xa0,
    0x0, 0x0, 0x0, 0x2f, 0x42, 0x22, 0x22, 0x10,
    0x0, 0x0, 0x0, 0x2f, 0x10, 0x0, 0x0, 0x0,
    0x0, 0x0, 0x0, 0x2f, 0x10, 0x0, 0x0, 0x0,
    0x9f, 0xff, 0xff, 0xff, 0xff, 0xff, 0xff, 0xf2,
    0x12, 0x22, 0x22, 0x25, 0x22, 0x22, 0x22, 0x20,
    0x0, 0x0, 0x0, 0x2f, 0x20, 0x0, 0x0, 0x0,
    0x6, 0x90, 0x93, 0x9, 0xd0, 0x0, 0x2e, 0x0,
    0xc, 0x80, 0xe5, 0x0, 0xe8, 0x0, 0xd, 0x70,
    0x2f, 0x30, 0xe5, 0x0, 0x43, 0x9, 0x55, 0xe0,
    0x9c, 0x0, 0xe5, 0x0, 0x0, 0xe, 0x70, 0xd3,
    0x33, 0x0, 0xd9, 0x22, 0x22, 0x6f, 0x30, 0x0,
    0x0, 0x0, 0x5e, 0xff, 0xff, 0xe8, 0x0, 0x0,
    0x0, 0x0, 0x0, 0x0, 0x0, 0x0, 0x0, 0x0,

    /* U+5FD1 "忑" */
    0x2, 0x22, 0x22, 0x22, 0x22, 0x22, 0x22, 0x20,
    0x3f, 0xff, 0xff, 0xff, 0xff, 0xff, 0xff, 0xf2,
    0x0, 0x0, 0x0, 0xb, 0x70, 0x0, 0x0, 0x0,
    0x0, 0x0, 0x0, 0xb, 0x81, 0x0, 0x0, 0x0,
    0x0, 0x0, 0x0, 0xb, 0xef, 0x92, 0x0, 0x0,
    0x0, 0x0, 0x0, 0xb, 0x73, 0xaf, 0xc5, 0x0,
    0x0, 0x0, 0x0, 0xb, 0x70, 0x2, 0x9f, 0x30,
    0x0, 0x0, 0x0, 0x18, 0x10, 0x0, 0x0, 0x0,
    0x0, 0x0, 0x0, 0x5f, 0x90, 0x0, 0x0, 0x0,
    0x5, 0xa0, 0xa6, 0x4, 0xec, 0x10, 0x1d, 0x10,
    0xb, 0x90, 0xb7, 0x0, 0x29, 0x0, 0xb, 0xa0,
    0x2f, 0x30, 0xb7, 0x0, 0x0, 0x8, 0x53, 0xf3,
    0x8d, 0x0, 0xb7, 0x0, 0x0, 0xd, 0x70, 0xb7,
    0x24, 0x0, 0xab, 0x22, 0x22, 0x6f, 0x30, 0x0,
    0x0, 0x0, 0x3d, 0xff, 0xff, 0xe8, 0x0, 0x0,

    /* U+603C "怼" */
    0x0, 0x0, 0x0, 0x0, 0x0, 0x0, 0x14, 0x0,
    0x0, 0x0, 0x0, 0x0, 0x0, 0x0, 0x5d, 0x0,
    0x2f, 0xff, 0xff, 0xf0, 0x0, 0x0, 0x5d, 0x0,
    0x2, 0x22, 0x27, 0xd7, 0xff, 0xff, 0xff, 0xfc,
    0x8, 0xa0, 0xc, 0x70, 0x31, 0x11, 0x6d, 0x11,
    0x1, 0xbc, 0x6e, 0x0, 0xe5, 0x0, 0x5d, 0x0,
    0x0, 0xa, 0xf7, 0x0, 0x4f, 0x40, 0x5d, 0x0,
    0x0, 0x3e, 0xbf, 0x40, 0x7, 0x60, 0x5d, 0x0,
    0x19, 0xf6, 0x6, 0xf1, 0x0, 0x0, 0x7c, 0x0,
    0x3c, 0x30, 0x0, 0x12, 0x9, 0xee, 0xf6, 0x0,
    0x0, 0x0, 0x0, 0xe, 0x61, 0x33, 0x10, 0x0,
    0x4, 0x90, 0xa7, 0x5, 0xf3, 0x0, 0xa, 0x90,
    0xb, 0xa0, 0xb7, 0x0, 0x94, 0x7, 0x34, 0xf1,
    0x2f, 0x40, 0xb7, 0x0, 0x0, 0xd, 0x60, 0xd9,
    0x7c, 0x0, 0xab, 0x11, 0x11, 0x6f, 0x20, 0x43,
    0x0, 0x0, 0x3d, 0xff, 0xff, 0xe7, 0x0, 0x0,

    /* U+6041 "恁" */
    0x0, 0x0, 0x40, 0x0, 0x0, 0x0, 0x0, 0x0,
    0x0, 0x3, 0xf3, 0x34, 0x45, 0x57, 0x89, 0x70,
    0x0, 0xc, 0x85, 0xed, 0xde, 0xeb, 0xa9, 0x60,
    0x0, 0x8e, 0x0, 0x0, 0x7, 0xc0, 0x0, 0x0,
    0x5, 0xfe, 0x0, 0x0, 0x7, 0xc0, 0x0, 0x0,
    0x3f, 0xae, 0x3f, 0xff, 0xff, 0xff, 0xff, 0xf7,
    0x47, 0x4e, 0x2, 0x22, 0x28, 0xc2, 0x22, 0x21,
    0x0, 0x4e, 0x0, 0x0, 0x7, 0xc0, 0x0, 0x0,
    0x0, 0x4e, 0x1, 0x22, 0x28, 0xc2, 0x22, 0x20,
    0x0, 0x4e, 0x9, 0xff, 0xff, 0xff, 0xff, 0xf1,
    0x0, 0x14, 0x0, 0x2, 0x20, 0x0, 0x0, 0x0,
    0x0, 0x82, 0x57, 0x8, 0xd1, 0x0, 0x6, 0x30,
    0x3, 0xf1, 0x7b, 0x0, 0xcb, 0xa, 0x58, 0xd0,
    0xb, 0x90, 0x7b, 0x0, 0x11, 0xe, 0x50, 0xe7,
    0x3f, 0x20, 0x6d, 0x21, 0x11, 0x5f, 0x10, 0x6b,
    0x3, 0x0, 0x1c, 0xff, 0xff, 0xe7, 0x0, 0x0,

    /* U+6059 "恙" */
    0x0, 0x0, 0x1, 0x0, 0x0, 0x0, 0x0, 0x0,
    0x0, 0x0, 0x7, 0xd1, 0x0, 0x8, 0xd0, 0x0,
    0x0, 0x1, 0x11, 0x1d, 0x71, 0x13, 0xf6, 0x11,
    0x10, 0x0, 0xdf, 0xff, 0xff, 0xff, 0xff, 0xff,
    0xff, 0x50, 0x0, 0x0, 0x0, 0x6, 0xc0, 0x0,
    0x0, 0x0, 0x0, 0x1, 0x11, 0x11, 0x6c, 0x11,
    0x11, 0x10, 0x0, 0x3, 0xff, 0xff, 0xff, 0xff,
    0xff, 0xff, 0x90, 0x0, 0x0, 0x0, 0x0, 0x6c,
    0x0, 0x0, 0x0, 0x0, 0x2, 0x22, 0x22, 0x27,
    0xd2, 0x22, 0x22, 0x21, 0x2, 0xee, 0xee, 0xee,
    0xee, 0xee, 0xee, 0xee, 0x80, 0x0, 0x0, 0x0,
    0x9, 0x30, 0x0, 0x0, 0x0, 0x0, 0x1b, 0x17,
    0x90, 0x7e, 0x20, 0x2, 0xc1, 0x0, 0x6, 0xd0,
    0x8a, 0x0, 0xb9, 0x7, 0x5b, 0xb0, 0x0, 0xd6,
    0x8, 0xa0, 0x0, 0x0, 0xc7, 0x1e, 0x90, 0x4f,
    0x0, 0x7e, 0x32, 0x22, 0x5f, 0x30, 0x46, 0x0,
    0x20, 0x1, 0xcf, 0xff, 0xfe, 0x70, 0x0, 0x0,

    /* U+605A "恚" */
    0x0, 0x0, 0x0, 0x0, 0x0, 0x0, 0x0, 0x0,
    0x0, 0x0, 0x0, 0x7, 0xb0, 0x0, 0x0, 0x0,
    0x1, 0xcc, 0xcc, 0xce, 0xec, 0xcc, 0xcc, 0x70,
    0x0, 0x33, 0x33, 0x39, 0xc3, 0x33, 0x33, 0x10,
    0x0, 0x0, 0x0, 0x8, 0xb0, 0x0, 0x0, 0x0,
    0x1e, 0xee, 0xee, 0xee, 0xee, 0xee, 0xee, 0xe8,
    0x0, 0x0, 0x0, 0x5, 0x80, 0x0, 0x0, 0x0,
    0x1, 0xdd, 0xdd, 0xde, 0xfd, 0xdd, 0xdd, 0x70,
    0x0, 0x22, 0x22, 0x29, 0xb2, 0x22, 0x22, 0x10,
    0x0, 0x0, 0x0, 0x8, 0xb0, 0x0, 0x0, 0x0,
    0x1e, 0xee, 0xee, 0xee, 0xee, 0xee, 0xee, 0xe8,
    0x0, 0x10, 0x11, 0x5, 0x40, 0x0, 0x1, 0x0,
    0x4, 0xe0, 0x8b, 0x4, 0xf4, 0x3, 0xd, 0x70,
    0xb, 0x90, 0x8b, 0x0, 0x76, 0xe, 0x53, 0xf4,
    0x4f, 0x10, 0x7d, 0x10, 0x0, 0x4f, 0x10, 0x89,
    0x3, 0x0, 0x1c, 0xff, 0xff, 0xe6, 0x0, 0x0,

    /* U+605D "恝" */
    0x0, 0x0, 0x30, 0x0, 0x0, 0x0, 0x0, 0x0,
    0x0, 0x0, 0x2f, 0x0, 0x1, 0x22, 0x22, 0x22,
    0x0, 0x1b, 0xbb, 0xfb, 0xb8, 0x9f, 0xff, 0xff,
    0xf0, 0x0, 0x55, 0x6f, 0x55, 0x40, 0xf, 0x20,
    0x2f, 0x0, 0x1, 0x24, 0xf2, 0x21, 0x1, 0xf1,
    0x2, 0xf0, 0x0, 0xbe, 0xef, 0xee, 0x60, 0x4f,
    0x0, 0x3f, 0x0, 0x0, 0x2, 0xf0, 0x0, 0x8,
    0xc0, 0x3, 0xf0, 0x3, 0x99, 0xaf, 0x99, 0x81,
    0xf5, 0x0, 0x5d, 0x0, 0x26, 0x68, 0xf6, 0x66,
    0xbd, 0x6a, 0xae, 0x90, 0x0, 0x0, 0x2f, 0x0,
    0x1b, 0x23, 0x99, 0x70, 0x0, 0x0, 0x0, 0x10,
    0xa, 0x50, 0x0, 0x0, 0x0, 0x0, 0xc, 0x25,
    0x70, 0x6f, 0x30, 0x1, 0xe3, 0x0, 0x5, 0xf0,
    0x8a, 0x0, 0x9b, 0x9, 0x79, 0xe1, 0x0, 0xc9,
    0x8, 0xa0, 0x0, 0x0, 0xc7, 0xd, 0xa0, 0x2f,
    0x10, 0x7d, 0x21, 0x11, 0x4f, 0x30, 0x36, 0x0,
    0x0, 0x1, 0xcf, 0xff, 0xfe, 0x80, 0x0, 0x0,

    /* U+6063 "恣" */
    0x7, 0x20, 0x0, 0x5d, 0x0, 0x0, 0x0, 0x0,
    0x9, 0xf4, 0x0, 0xcb, 0x55, 0x55, 0x55, 0x20,
    0x0, 0x8d, 0x5, 0xfc, 0xdf, 0xcc, 0xcf, 0x80,
    0x0, 0x1, 0x2f, 0x60, 0x6f, 0x10, 0x4f, 0x20,
    0x0, 0x5c, 0x9b, 0x0, 0xcf, 0x80, 0x88, 0x0,
    0x1, 0xe8, 0x0, 0x6, 0xe3, 0xf5, 0x0, 0x0,
    0xa, 0xd0, 0x0, 0x7f, 0x50, 0x6f, 0x70, 0x0,
    0x6f, 0x32, 0x7d, 0xe5, 0x0, 0x6, 0xfd, 0x81,
    0x57, 0x7, 0xe8, 0x14, 0x0, 0x0, 0x29, 0xe2,
    0x1, 0x0, 0x31, 0xd, 0xa0, 0x0, 0x2, 0x0,
    0xa, 0xb0, 0xe5, 0x2, 0xf7, 0x0, 0x6e, 0x10,
    0x1f, 0x50, 0xe5, 0x0, 0x42, 0xa, 0x2c, 0xa0,
    0x7e, 0x0, 0xe5, 0x0, 0x0, 0x1f, 0x23, 0xf4,
    0x98, 0x0, 0xc9, 0x11, 0x11, 0x9d, 0x0, 0x60,
    0x0, 0x0, 0x4e, 0xff, 0xff, 0xc2, 0x0, 0x0,
    0x0, 0x0, 0x0, 0x0, 0x0, 0x0, 0x0, 0x0,

    /* U+6067 "恧" */
    0x4, 0x44, 0x44, 0x44, 0x44, 0x44, 0x44, 0x42,
    0x1, 0xdd, 0xdd, 0xde, 0xfd, 0xdd, 0xdd, 0xdd,
    0x80, 0x0, 0x0, 0x0, 0x8b, 0x0, 0x0, 0x0,
    0x0, 0x0, 0xd, 0xdd, 0xdf, 0xed, 0xdd, 0xdd,
    0xd6, 0x0, 0x0, 0xf6, 0x46, 0xf4, 0x4a, 0xb4,
    0x4c, 0x80, 0x0, 0xf, 0x20, 0x2f, 0x0, 0x99,
    0x0, 0xa8, 0x0, 0x0, 0xf2, 0x2, 0xf0, 0x9,
    0x90, 0xa, 0x80, 0x0, 0xf, 0x20, 0x2f, 0x0,
    0x99, 0x0, 0xc7, 0x0, 0x0, 0xf2, 0x0, 0x20,
    0x0, 0xb, 0xfe, 0x20, 0x0, 0x3, 0x0, 0x0,
    0xc6, 0x0, 0x12, 0x10, 0x0, 0x1, 0xa1, 0x55,
    0x5, 0xf3, 0x0, 0x1e, 0x30, 0x0, 0x6e, 0xa,
    0x90, 0xa, 0x70, 0x54, 0x9d, 0x0, 0xd, 0x70,
    0xa9, 0x0, 0x0, 0xc, 0x80, 0xe9, 0x6, 0xe0,
    0x9, 0xc2, 0x22, 0x25, 0xf4, 0x5, 0x80, 0x2,
    0x0, 0x2d, 0xff, 0xff, 0xe9, 0x0, 0x0, 0x0,

    /* U+60AB "悫" */
    0x0, 0x0, 0x0, 0x2, 0x40, 0x0, 0x0, 0x0,
    0x0, 0x0, 0x0, 0x7, 0xd0, 0x0, 0x0, 0x0,
    0x1f, 0xff, 0xff, 0xff, 0xff, 0xff, 0xff, 0xf6,
    0x0, 0x0, 0x0, 0x7, 0xd0, 0x0, 0x0, 0x0,
    0x0, 0xee, 0xee, 0xef, 0xfe, 0xee, 0xee, 0x50,
    0x0, 0x11, 0x11, 0x11, 0x11, 0x11, 0x11, 0x10,
    0xf, 0xff, 0xff, 0xff, 0xff, 0xff, 0xff, 0xf5,
    0xf, 0x40, 0x0, 0x0, 0x0, 0x0, 0x0, 0xe5,
    0x9, 0x20, 0x7f, 0xee, 0xee, 0xf6, 0x0, 0x82,
    0x0, 0x2, 0xd8, 0x0, 0x0, 0xc7, 0x0, 0xa9,
    0x2b, 0xef, 0xe2, 0x5, 0x0, 0x8f, 0xff, 0xf3,
    0xe, 0xc8, 0x20, 0x2f, 0x90, 0x0, 0x11, 0x0,
    0x3, 0x90, 0xa8, 0x3, 0xf6, 0x3, 0x8, 0x60,
    0x9, 0xa0, 0xa8, 0x0, 0x31, 0xd, 0x65, 0xf2,
    0x1f, 0x30, 0x9b, 0x11, 0x11, 0x4f, 0x20, 0xab,
    0x28, 0x0, 0x2d, 0xff, 0xff, 0xe8, 0x0, 0x10,

    /* U+6106 "愆" */
    0x0, 0x0, 0x0, 0x0, 0x0, 0x0, 0x0, 0x0,
    0x0, 0x0, 0x99, 0x9, 0x70, 0x3, 0x33, 0x33,
    0x0, 0x0, 0x8e, 0x20, 0x2d, 0xb2, 0xdd, 0xdd,
    0xd2, 0x0, 0x9e, 0x30, 0x11, 0x15, 0x0, 0x0,
    0x0, 0x0, 0x2d, 0x24, 0xa8, 0xe3, 0x1, 0x22,
    0x22, 0x21, 0x0, 0x3, 0xf6, 0x6, 0xb0, 0xaf,
    0xff, 0xff, 0xe0, 0x5, 0xfe, 0x0, 0x2, 0x90,
    0x0, 0x99, 0x0, 0x4, 0xf8, 0xe0, 0x1, 0xda,
    0x0, 0x9, 0x90, 0x0, 0x2, 0x3e, 0x2, 0xe9,
    0x0, 0x0, 0xa9, 0x0, 0x0, 0x3, 0xe0, 0x38,
    0x10, 0x1e, 0xef, 0x50, 0x0, 0x0, 0x15, 0x0,
    0xc, 0x70, 0x55, 0x20, 0x0, 0x0, 0x16, 0x6,
    0x80, 0x4f, 0x30, 0x0, 0x82, 0x0, 0x6, 0xe0,
    0x9a, 0x0, 0xa8, 0x6, 0x39, 0xd0, 0x0, 0xd7,
    0x9, 0xa0, 0x0, 0x0, 0xd6, 0xd, 0xa0, 0x4f,
    0x10, 0x7d, 0x21, 0x11, 0x4f, 0x20, 0x35, 0x0,
    0x20, 0x1, 0xcf, 0xff, 0xfe, 0x80, 0x0, 0x0,

    /* U+610D "愍" */
    0x2, 0x33, 0x33, 0x32, 0x0, 0xc5, 0x0, 0x0,
    0xe, 0xcc, 0xcc, 0xce, 0x3, 0xf1, 0x0, 0x0,
    0xe, 0x20, 0x0, 0x1e, 0xa, 0xfe, 0xee, 0xe7,
    0xe, 0xff, 0xff, 0xfe, 0x3f, 0x62, 0x2c, 0x61,
    0xe, 0x20, 0xd3, 0x4, 0x8c, 0xb0, 0xf, 0x10,
    0xe, 0xee, 0xff, 0xee, 0x70, 0xd4, 0x6b, 0x0,
    0xe, 0x30, 0x6b, 0x4, 0x30, 0x3e, 0xe2, 0x0,
    0xe, 0x47, 0x7e, 0x58, 0x60, 0x6f, 0xf9, 0x10,
    0x1f, 0xfb, 0x33, 0xef, 0x6c, 0xf4, 0x2c, 0xf5,
    0x8, 0x20, 0x0, 0x2, 0x59, 0x10, 0x0, 0x40,
    0x4, 0x40, 0xc3, 0x5e, 0x30, 0x0, 0x17, 0x0,
    0xd, 0x70, 0xe4, 0x8, 0xe1, 0x18, 0x2e, 0x70,
    0x4f, 0x10, 0xe4, 0x0, 0x30, 0x4f, 0x5, 0xf3,
    0xb9, 0x0, 0xd8, 0x11, 0x12, 0xbc, 0x0, 0x82,
    0x1, 0x0, 0x5e, 0xff, 0xff, 0xd3, 0x0, 0x0,

    /* U+615D "慝" */
    0x2, 0xdd, 0xdd, 0xdd, 0xdd, 0xdd, 0xdd, 0xd0,
    0x0, 0x3e, 0x11, 0x2e, 0x21, 0x13, 0xc1, 0x11,
    0x0, 0x3, 0xe9, 0xee, 0xfe, 0xee, 0xef, 0xee,
    0x90, 0x0, 0x3e, 0x0, 0xe, 0x57, 0x2, 0xc0,
    0x0, 0x0, 0x3, 0xe7, 0xbb, 0xbf, 0xdb, 0xbb,
    0xbb, 0x70, 0x0, 0x3e, 0x24, 0xae, 0x54, 0x44,
    0x44, 0x42, 0x0, 0x3, 0xe1, 0xaf, 0xee, 0xee,
    0xee, 0xe4, 0x0, 0x0, 0x3e, 0xb6, 0xc4, 0x0,
    0x0, 0x9, 0x50, 0x0, 0x3, 0xe0, 0xc, 0xee,
    0xee, 0xee, 0xf5, 0x0, 0x0, 0x3e, 0x0, 0x52,
    0x0, 0x0, 0x4, 0x20, 0x0, 0x3, 0xff, 0xff,
    0xff, 0xff, 0xff, 0xff, 0xf3, 0x0, 0x6, 0x7,
    0x30, 0x8a, 0x0, 0x0, 0x24, 0x0, 0x7, 0xc0,
    0xc5, 0x1, 0xd7, 0x9, 0x85, 0xf3, 0x1, 0xe4,
    0xb, 0x90, 0x0, 0x2, 0xe5, 0x8, 0xc0, 0x17,
    0x0, 0x4d, 0xff, 0xff, 0xfa, 0x0, 0x1, 0x0,

    /* U+619D "憝" */
    0x0, 0x0, 0x61, 0x0, 0x0, 0x42, 0x0, 0x0,
    0x14, 0x44, 0xd9, 0x44, 0x40, 0xe4, 0x0, 0x0,
    0x39, 0x99, 0x99, 0x99, 0x83, 0xf5, 0x55, 0x52,
    0x5, 0xbb, 0xbb, 0xb9, 0xa, 0xca, 0xae, 0xc5,
    0x7, 0xa1, 0x11, 0x5d, 0x3f, 0x90, 0xe, 0x30,
    0x7, 0xeb, 0xbb, 0xcd, 0xb8, 0xe0, 0x2f, 0x0,
    0x1, 0x22, 0x22, 0x21, 0x30, 0xa8, 0xaa, 0x0,
    0x9, 0xbb, 0xbc, 0xfd, 0x0, 0x2f, 0xf2, 0x0,
    0x24, 0x45, 0xbe, 0xa9, 0x80, 0x3e, 0xe3, 0x0,
    0x58, 0x77, 0xca, 0x43, 0x6a, 0xe4, 0x5e, 0xa3,
    0x0, 0x9f, 0xe3, 0x1, 0xb8, 0x10, 0x1, 0x96,
    0x0, 0x0, 0x0, 0x1e, 0x30, 0x0, 0x5, 0x0,
    0x6, 0xc0, 0xb8, 0x8, 0xf3, 0x5, 0x1e, 0x80,
    0xc, 0x70, 0xb8, 0x0, 0x71, 0xf, 0x34, 0xf3,
    0x5f, 0x10, 0x9b, 0x11, 0x11, 0x8e, 0x0, 0xa7,
    0x14, 0x0, 0x3d, 0xff, 0xff, 0xe5, 0x0, 0x0,

    /* U+61A9 "憩" */
    0x0, 0x0, 0x0, 0x0, 0x0, 0x42, 0x0, 0x0,
    0x14, 0x56, 0x8a, 0x80, 0x0, 0xe4, 0x0, 0x0,
    0x2b, 0xae, 0xa6, 0x41, 0xcc, 0xfc, 0xcc, 0x30,
    0x0, 0xb, 0x50, 0x2, 0xe3, 0x33, 0x3d, 0x40,
    0x9c, 0xce, 0xdc, 0xc5, 0xe0, 0x0, 0xd, 0x40,
    0x56, 0x6d, 0xa6, 0x63, 0xff, 0xff, 0xff, 0x40,
    0x5, 0x5d, 0x95, 0x32, 0xe0, 0x0, 0xd, 0x40,
    0xf, 0x98, 0x8c, 0x92, 0xff, 0xff, 0xff, 0x40,
    0xf, 0x10, 0x7, 0x92, 0xe0, 0x0, 0xd, 0x40,
    0xf, 0xcb, 0xbd, 0x92, 0xfc, 0xcc, 0xcf, 0x40,
    0xe, 0x43, 0x38, 0x82, 0xc3, 0x33, 0x3b, 0x30,
    0x0, 0x10, 0x41, 0x3c, 0x10, 0x0, 0x1, 0x0,
    0x7, 0xc0, 0xd5, 0xa, 0xd0, 0x17, 0x6d, 0x10,
    0xd, 0x50, 0xd5, 0x0, 0x70, 0x4e, 0xc, 0xa0,
    0x7d, 0x0, 0xc9, 0x11, 0x12, 0xab, 0x2, 0xc1,
    0x33, 0x0, 0x5e, 0xff, 0xff, 0xd2, 0x0, 0x0,

    /* U+61CB "懋" */
    0x0, 0x87, 0x6, 0x88, 0x88, 0x0, 0xf0, 0x0,
    0x0, 0x88, 0x4, 0x66, 0xbd, 0x0, 0xf0, 0x0,
    0x57, 0xcb, 0x71, 0xb6, 0xd1, 0x58, 0xf9, 0x80,
    0x57, 0xfb, 0x73, 0x5f, 0x42, 0x48, 0xf8, 0x60,
    0x4, 0xfb, 0x5c, 0xdf, 0xdf, 0x5a, 0xf9, 0x0,
    0xb, 0xa9, 0xe2, 0xae, 0x4e, 0x4a, 0xfb, 0x10,
    0x4b, 0x88, 0x38, 0x8c, 0x43, 0xc3, 0xf5, 0xb0,
    0xc3, 0x88, 0x8c, 0xc, 0x39, 0xa0, 0xf0, 0xb5,
    0x10, 0x88, 0x53, 0x7f, 0x24, 0x10, 0xf0, 0x20,
    0x0, 0x66, 0x2, 0x98, 0x0, 0x0, 0xc0, 0x0,
    0x4, 0x40, 0x41, 0x3f, 0x40, 0x0, 0x29, 0x0,
    0xd, 0x70, 0xe4, 0x7, 0xf4, 0x17, 0x2e, 0x70,
    0x4f, 0x10, 0xe4, 0x0, 0x60, 0x4f, 0x6, 0xf2,
    0xb9, 0x0, 0xd8, 0x11, 0x12, 0xbb, 0x0, 0x82,
    0x1, 0x0, 0x6f, 0xff, 0xff, 0xd3, 0x0, 0x0,

    /* U+61D1 "懑" */
    0x0, 0x0, 0x0, 0x2, 0x0, 0x3, 0x0, 0x0,
    0x7, 0xd3, 0x0, 0xd, 0x40, 0xf, 0x10, 0x0,
    0x0, 0x7e, 0xbf, 0xff, 0xff, 0xff, 0xff, 0xf2,
    0x34, 0x0, 0x0, 0xa, 0x30, 0xc, 0x10, 0x0,
    0x5e, 0xa1, 0xce, 0xee, 0xee, 0xee, 0xee, 0xe0,
    0x1, 0x80, 0x0, 0x9, 0x50, 0x1e, 0x0, 0x0,
    0x0, 0x30, 0xbf, 0xff, 0xff, 0xff, 0xff, 0xc0,
    0x0, 0xe6, 0xc4, 0x1f, 0x70, 0x7c, 0x3, 0xd0,
    0x6, 0xe0, 0xc4, 0x99, 0xa8, 0xda, 0xc4, 0xd0,
    0xe, 0x80, 0xca, 0xd1, 0xa, 0xb0, 0x67, 0xd0,
    0xa, 0x10, 0xc5, 0x22, 0x7, 0x18, 0xdf, 0x80,
    0x0, 0x0, 0x10, 0xa, 0xb0, 0x1, 0x32, 0x0,
    0x1, 0xc0, 0xa8, 0x0, 0xc9, 0x3, 0x1c, 0x20,
    0x9, 0xa0, 0xa8, 0x0, 0x12, 0xd, 0x57, 0xd1,
    0x3f, 0x20, 0x9b, 0x0, 0x0, 0x4f, 0x10, 0xb6,
    0x25, 0x0, 0x3d, 0xff, 0xff, 0xe7, 0x0, 0x0,

    /* U+6206 "戆" */
    0x0, 0x1, 0x0, 0x0, 0x1, 0x0, 0x0, 0x0,
    0x0, 0xc, 0x50, 0x0, 0x2e, 0x75, 0x55, 0x20,
    0x5c, 0xcc, 0xcd, 0xb2, 0xde, 0x76, 0xae, 0x30,
    0x4, 0xd1, 0x5c, 0x7, 0x34, 0xec, 0xc1, 0x0,
    0x9a, 0xaa, 0xaa, 0xab, 0xbb, 0x74, 0x9c, 0xc3,
    0xb, 0xbb, 0xbb, 0x71, 0x69, 0xbe, 0x99, 0x0,
    0x1d, 0x11, 0x15, 0xa4, 0x77, 0x9d, 0x77, 0x71,
    0x1f, 0xaa, 0xac, 0xa2, 0x55, 0x55, 0x55, 0x51,
    0x1e, 0x77, 0x7a, 0xa0, 0xfb, 0xbb, 0xbd, 0x80,
    0x6, 0x2a, 0x63, 0x40, 0xe0, 0x4a, 0x6, 0x80,
    0xbc, 0xce, 0xdc, 0xc6, 0xc0, 0xa9, 0x5, 0x60,
    0x0, 0x9, 0x50, 0x4, 0x7b, 0x8a, 0xe9, 0x30,
    0x0, 0x54, 0x51, 0xb, 0x50, 0x0, 0x9, 0xd1,
    0x6, 0xc0, 0xc6, 0x8, 0xa0, 0x18, 0x2f, 0x30,
    0x1e, 0x40, 0xb6, 0x0, 0x50, 0x6e, 0x6, 0xe1,
    0x28, 0x0, 0x7f, 0xff, 0xff, 0xe5, 0x0, 0x92,

    /* U+620B "戋" */
    0x0, 0x0, 0x3, 0x10, 0x0, 0x0, 0x0, 0x0,
    0x0, 0x0, 0xe, 0x60, 0xd, 0xa1, 0x0, 0x0,
    0x0, 0x0, 0xd, 0x70, 0x1, 0xbe, 0x0, 0x0,
    0x0, 0x0, 0xb, 0x80, 0x23, 0x59, 0x9a, 0x50,
    0x15, 0x79, 0xbe, 0xff, 0xfe, 0xca, 0x87, 0x20,
    0x2c, 0xa8, 0x7a, 0xd1, 0x0, 0x0, 0x0, 0x0,
    0x0, 0x0, 0x4, 0xf0, 0x0, 0x0, 0x25, 0x72,
    0x0, 0x0, 0x14, 0xf9, 0xac, 0xef, 0xfd, 0xa3,
    0x2a, 0xce, 0xfe, 0xfd, 0x86, 0x31, 0x0, 0x0,
    0x17, 0x53, 0x10, 0x7d, 0x0, 0x0, 0x9d, 0x0,
    0x0, 0x0, 0x0, 0x1f, 0x50, 0x5d, 0xd2, 0x0,
    0x0, 0x0, 0x0, 0x9, 0xdc, 0xf7, 0x0, 0x75,
    0x0, 0x0, 0x1, 0x7d, 0xfe, 0x10, 0x0, 0xc9,
    0x0, 0x27, 0xbf, 0xc6, 0x4f, 0xa0, 0x1, 0xf4,
    0xd, 0xfd, 0x83, 0x0, 0x3, 0xee, 0x8b, 0xf0,
    0x4, 0x20, 0x0, 0x0, 0x0, 0x18, 0xdf, 0x50,

    /* U+6217 "戗" */
    0x0, 0x0, 0x11, 0x0, 0x0, 0x40, 0x0, 0x0,
    0x0, 0x3, 0xfa, 0x0, 0x2, 0xf1, 0x71, 0x0,
    0x0, 0xc, 0xad, 0xa0, 0x2, 0xf1, 0xae, 0x30,
    0x0, 0x8d, 0x1, 0xdc, 0x11, 0xf1, 0x7, 0x80,
    0x6, 0xf3, 0x0, 0x1c, 0x30, 0xf2, 0x2, 0x42,
    0x7f, 0x62, 0x22, 0x21, 0x8a, 0xfe, 0xff, 0xe5,
    0x46, 0xff, 0xff, 0xf5, 0xa8, 0xf7, 0x20, 0x0,
    0x1, 0xf2, 0x0, 0xe5, 0x0, 0xe4, 0x0, 0xb2,
    0x1, 0xf2, 0x0, 0xe4, 0x0, 0xc6, 0x8, 0xd0,
    0x1, 0xf2, 0x13, 0xf2, 0x0, 0xa8, 0x2f, 0x40,
    0x1, 0xf5, 0xff, 0xa0, 0x0, 0x8b, 0xd9, 0x0,
    0x1, 0xf2, 0x10, 0x6, 0x10, 0x4f, 0xc0, 0x22,
    0x1, 0xf2, 0x0, 0x1f, 0x30, 0x9f, 0x40, 0x7c,
    0x0, 0xf4, 0x0, 0x6f, 0x1b, 0xeb, 0xb0, 0x99,
    0x0, 0xaf, 0xff, 0xf7, 0xbd, 0x11, 0xe9, 0xe5,
    0x0, 0x1, 0x22, 0x10, 0x20, 0x0, 0x3e, 0xc0,

    /* U+621B "戛" */
    0x1b, 0xbb, 0xbb, 0xbb, 0xbb, 0xbb, 0xbb, 0xb9,
    0x2, 0x22, 0x22, 0x2d, 0x92, 0x22, 0x22, 0x22,
    0x0, 0x5c, 0xcc, 0xcf, 0xdc, 0xcc, 0xcc, 0x10,
    0x0, 0x7a, 0x11, 0x11, 0x11, 0x11, 0x1f, 0x20,
    0x0, 0x7e, 0xdd, 0xdd, 0xdd, 0xdd, 0xdf, 0x20,
    0x0, 0x7b, 0x44, 0x44, 0x44, 0x44, 0x4f, 0x20,
    0x0, 0x7c, 0x77, 0x77, 0x77, 0x77, 0x7f, 0x20,
    0x0, 0x7e, 0xbb, 0xbb, 0xbb, 0xbb, 0xbf, 0x20,
    0x0, 0x69, 0x4b, 0x22, 0x28, 0xe5, 0x2b, 0x10,
    0x0, 0x0, 0xe, 0x30, 0x3, 0xbe, 0x79, 0xb1,
    0x4, 0x78, 0xae, 0xff, 0xfd, 0xba, 0x96, 0x50,
    0x9, 0x97, 0x64, 0xbb, 0x0, 0x29, 0xf3, 0x22,
    0x0, 0x0, 0x0, 0xd, 0xcc, 0xe9, 0x10, 0x7b,
    0x0, 0x13, 0x6a, 0xee, 0xbf, 0xa4, 0x21, 0xc8,
    0xd, 0xfc, 0x96, 0x20, 0x2, 0x8c, 0xff, 0xc1,
    0x0, 0x0, 0x0, 0x0, 0x0, 0x0, 0x0, 0x0,

    /* U+621F "戟" */
    0x0, 0x6, 0xb0, 0x0, 0x2, 0xf0, 0x52, 0x0,
    0x8f, 0xff, 0xff, 0xff, 0x12, 0xf0, 0x7f, 0x50,
    0x1, 0x17, 0xc1, 0x11, 0x2, 0xf0, 0x6, 0x30,
    0x0, 0x7, 0xb0, 0x0, 0x1, 0xf0, 0x13, 0x52,
    0x1f, 0xff, 0xff, 0xf6, 0x9b, 0xff, 0xff, 0xd5,
    0x1f, 0x0, 0x0, 0xb6, 0x65, 0xf4, 0x1, 0x0,
    0x1f, 0xee, 0xee, 0xf6, 0x0, 0xf3, 0x9, 0xa0,
    0x1f, 0x0, 0x0, 0xb6, 0x0, 0xd4, 0xe, 0x30,
    0x1f, 0x22, 0x22, 0xc6, 0x0, 0xb6, 0x7b, 0x0,
    0x1f, 0xde, 0xfd, 0xf6, 0x0, 0x9a, 0xe2, 0x0,
    0x5, 0x6, 0xb0, 0x31, 0x0, 0x5f, 0x70, 0x21,
    0xae, 0xef, 0xfe, 0xec, 0x1, 0xcf, 0x30, 0x89,
    0x11, 0x17, 0xc1, 0x11, 0x1c, 0xcb, 0xa0, 0xa7,
    0x0, 0x6, 0xb0, 0x3, 0xec, 0x2, 0xfb, 0xf3,
    0x0, 0x6, 0xb0, 0x0, 0x70, 0x0, 0x4c, 0x90,

    /* U+6221 "戡" */
    0x0, 0x40, 0x0, 0x13, 0x0, 0x23, 0x0, 0x0,
    0x3, 0xe0, 0x0, 0x5c, 0x0, 0x7a, 0x6a, 0x0,
    0x25, 0xf3, 0x33, 0x7c, 0x30, 0x7a, 0x1c, 0xc0,
    0x8d, 0xfc, 0xcc, 0xdf, 0xc0, 0x6b, 0x0, 0x80,
    0x3, 0xe0, 0x0, 0x6c, 0x0, 0x6b, 0x13, 0x53,
    0x3, 0xfe, 0xee, 0xfc, 0x2a, 0xdf, 0xfd, 0xb5,
    0x3, 0xe0, 0x0, 0x6c, 0x15, 0x7d, 0x0, 0x50,
    0x3, 0xff, 0xff, 0xfc, 0x0, 0x3e, 0x4, 0xe0,
    0x3, 0xe0, 0x0, 0x5c, 0x0, 0x1f, 0xc, 0x60,
    0xcf, 0xff, 0xff, 0xff, 0xf4, 0xf, 0xac, 0x0,
    0xd, 0x40, 0x40, 0x51, 0x0, 0xd, 0xe2, 0x0,
    0xd, 0x47, 0xd0, 0xc9, 0x0, 0x5f, 0x80, 0x22,
    0xd, 0x8f, 0x20, 0x2f, 0x47, 0xfa, 0xb0, 0x6b,
    0xd, 0x43, 0x0, 0x2, 0xad, 0x31, 0xf2, 0x89,
    0xd, 0xff, 0xff, 0xff, 0x70, 0x0, 0xac, 0xd6,
    0x1, 0x11, 0x11, 0x11, 0x0, 0x0, 0xb, 0xe1,

    /* U+6222 "戢" */
    0x0, 0x0, 0x0, 0x0, 0x0, 0x80, 0x0, 0x0,
    0x6, 0xcc, 0xcc, 0xcc, 0x20, 0xf1, 0x72, 0x0,
    0x8, 0x92, 0x22, 0x2d, 0x30, 0xf1, 0x8e, 0x20,
    0x8, 0x80, 0x0, 0xd, 0x30, 0xf2, 0x9, 0xd0,
    0x8, 0xfe, 0xee, 0xef, 0x30, 0xe2, 0x0, 0x20,
    0x2, 0x20, 0x0, 0x3, 0x0, 0xe2, 0x0, 0x0,
    0xae, 0xee, 0xee, 0xee, 0xee, 0xff, 0xee, 0xe4,
    0x6, 0xa0, 0x0, 0x2f, 0x0, 0xc5, 0x4, 0x60,
    0x6, 0xea, 0xaa, 0xbf, 0x0, 0xa6, 0xb, 0x70,
    0x6, 0xb3, 0x33, 0x4f, 0x0, 0x88, 0x1f, 0x10,
    0x6, 0xa0, 0x0, 0x1f, 0x0, 0x5b, 0x99, 0x0,
    0x6, 0xfe, 0xee, 0xef, 0x0, 0x2f, 0xe1, 0x10,
    0x6, 0xa0, 0x0, 0x1f, 0x20, 0x1f, 0x70, 0x98,
    0x5c, 0xeb, 0xde, 0xef, 0xc2, 0xdc, 0xc0, 0xb5,
    0x34, 0x32, 0x10, 0x1f, 0x3e, 0x80, 0xcb, 0xf2,
    0x0, 0x0, 0x0, 0x1f, 0x26, 0x0, 0x19, 0x80,

    /* U+6224 "戤" */
    0x0, 0x22, 0x22, 0x22, 0x20, 0x5, 0xa1, 0x10,
    0x0, 0x1d, 0xfd, 0xdd, 0xee, 0x0, 0x6b, 0x5d,
    0x20, 0x0, 0xe, 0x0, 0x9, 0xd3, 0x15, 0xb0,
    0x48, 0x0, 0x0, 0xed, 0xff, 0xda, 0xe5, 0x5c,
    0x24, 0x63, 0x0, 0x2c, 0x40, 0xc5, 0xa, 0xbe,
    0xff, 0xdb, 0x40, 0x7, 0x8a, 0xdc, 0x0, 0xc5,
    0x6d, 0x0, 0x0, 0x1, 0xe2, 0x7d, 0xe6, 0xe,
    0x12, 0xe0, 0xb, 0x0, 0xb8, 0xba, 0x14, 0xde,
    0xb0, 0x1f, 0x6, 0xc0, 0x4, 0x0, 0x0, 0x5,
    0x40, 0x0, 0xf2, 0xd4, 0x0, 0xe, 0xff, 0xff,
    0xff, 0xd0, 0xd, 0xcb, 0x0, 0x0, 0xe1, 0xc2,
    0xb2, 0x2d, 0x0, 0xbe, 0x10, 0x0, 0xe, 0x1c,
    0x2b, 0x22, 0xd0, 0x5f, 0xb0, 0x4a, 0x0, 0xe1,
    0xc2, 0xb2, 0x2d, 0x5f, 0x6f, 0x26, 0xa0, 0x5e,
    0x9e, 0xcf, 0xee, 0xfa, 0x40, 0xac, 0xb8, 0x7,
    0x97, 0x65, 0x42, 0x10, 0x0, 0x1, 0xbe, 0x20,

    /* U+6225 "戥" */
    0x0, 0x0, 0x0, 0x0, 0x1, 0x80, 0x0, 0x0,
    0x9, 0xcc, 0xcc, 0xcc, 0x2, 0xf2, 0xa1, 0x0,
    0xc, 0x73, 0x33, 0x3f, 0x1, 0xf2, 0xcd, 0x20,
    0xc, 0x50, 0x0, 0x1f, 0x1, 0xf1, 0xb, 0x50,
    0xc, 0xfe, 0xee, 0xef, 0x0, 0xf1, 0x0, 0x20,
    0xc, 0x40, 0x0, 0xf, 0x5a, 0xfd, 0xed, 0xb2,
    0xc, 0xff, 0xff, 0xff, 0x35, 0xf4, 0x0, 0x0,
    0x3, 0x60, 0xa2, 0x6, 0x0, 0xe4, 0x6, 0xb0,
    0x9, 0x90, 0xe3, 0x0, 0x0, 0xc5, 0xd, 0x60,
    0xe, 0xff, 0xff, 0xff, 0x50, 0xb7, 0x5e, 0x0,
    0x7c, 0x0, 0xe3, 0x0, 0x0, 0x8a, 0xe5, 0x0,
    0x96, 0x44, 0xe6, 0x44, 0x0, 0x5f, 0xb0, 0x10,
    0x6, 0xbb, 0xfc, 0xbb, 0x20, 0x8f, 0x30, 0x98,
    0x0, 0x0, 0xe3, 0x0, 0x8, 0xfd, 0x80, 0xb6,
    0x58, 0x9a, 0xfd, 0xef, 0xae, 0x23, 0xf5, 0xe3,
    0x78, 0x75, 0x42, 0x10, 0x1, 0x0, 0x5e, 0xb0,

    /* U+622C "戬" */
    0x24, 0x44, 0x44, 0x44, 0x30, 0x7a, 0x31, 0x0,
    0x6c, 0xcf, 0xce, 0xdc, 0xa0, 0x6a, 0x6e, 0x20,
    0x45, 0x3d, 0xa, 0x62, 0x80, 0x6b, 0x5, 0x70,
    0x1e, 0x5d, 0xa, 0x6c, 0x51, 0x7c, 0x57, 0x93,
    0x4, 0x4d, 0xa, 0x66, 0xb, 0xde, 0x97, 0x62,
    0xce, 0xef, 0xef, 0xfe, 0xe3, 0x4c, 0x0, 0x0,
    0x11, 0x11, 0x11, 0x11, 0x10, 0x3d, 0x2, 0xe0,
    0x4, 0x44, 0x44, 0x44, 0x10, 0x1f, 0x8, 0xa0,
    0xf, 0xcc, 0xcc, 0xcf, 0x40, 0xf, 0x2f, 0x30,
    0xf, 0x20, 0x0, 0xd, 0x40, 0xd, 0xca, 0x0,
    0xf, 0xed, 0xdd, 0xdf, 0x40, 0xa, 0xe1, 0x11,
    0xf, 0x42, 0x22, 0x2d, 0x40, 0x2f, 0xc0, 0x6b,
    0xf, 0x20, 0x0, 0xd, 0x43, 0xea, 0xf4, 0x79,
    0xf, 0xff, 0xff, 0xff, 0x5f, 0x90, 0x9f, 0xe6,
    0xf, 0x31, 0x11, 0x1d, 0x44, 0x0, 0xa, 0xc1,
    0x0, 0x0, 0x0, 0x0, 0x0, 0x0, 0x0, 0x0,

    /* U+623D "戽" */
    0x0, 0x0, 0x0, 0x1, 0x40, 0x0, 0x0, 0x0,
    0x0, 0x0, 0x0, 0x5, 0xf2, 0x0, 0x0, 0x0,
    0x0, 0xdd, 0xdd, 0xdd, 0xfe, 0xdd, 0xdd, 0xb0,
    0x1, 0xf5, 0x33, 0x33, 0x33, 0x33, 0x38, 0xd0,
    0x1, 0xf2, 0x0, 0x0, 0x0, 0x0, 0x6, 0xd0,
    0x1, 0xff, 0xff, 0xff, 0xff, 0xff, 0xff, 0xd0,
    0x1, 0xf4, 0x11, 0x32, 0x11, 0x13, 0x65, 0xa0,
    0x1, 0xf2, 0x0, 0x8f, 0x81, 0x5, 0xe0, 0x0,
    0x1, 0xf2, 0x0, 0x4, 0xce, 0x5, 0xe0, 0x0,
    0x1, 0xf1, 0x4e, 0x81, 0x2, 0x5, 0xe0, 0x0,
    0x2, 0xf0, 0x4, 0xcf, 0x40, 0x5, 0xe0, 0x0,
    0x5, 0xe0, 0x0, 0x5, 0x10, 0x16, 0xe5, 0x76,
    0x9, 0xb4, 0x89, 0xbc, 0xef, 0xff, 0xfd, 0xb8,
    0xe, 0x56, 0xa9, 0x76, 0x43, 0x15, 0xe0, 0x0,
    0x8e, 0x0, 0x0, 0x0, 0x0, 0x5, 0xe0, 0x0,
    0x65, 0x0, 0x0, 0x0, 0x0, 0x5, 0xe0, 0x0,
    0x0, 0x0, 0x0, 0x0, 0x0, 0x0, 0x0, 0x0,

    /* U+623E "戾" */
    0x0, 0x0, 0x0, 0x2, 0x40, 0x0, 0x0, 0x0,
    0x0, 0x0, 0x0, 0x7, 0xe1, 0x0, 0x0, 0x0,
    0x0, 0xcd, 0xdd, 0xdd, 0xfe, 0xdd, 0xdd, 0xc0,
    0x0, 0xf7, 0x33, 0x33, 0x33, 0x33, 0x37, 0xe0,
    0x0, 0xf4, 0x0, 0x0, 0x0, 0x0, 0x4, 0xe0,
    0x0, 0xf7, 0x44, 0x44, 0x44, 0x44, 0x48, 0xe0,
    0x0, 0xfd, 0xcc, 0xcc, 0xcc, 0xcc, 0xcd, 0xe0,
    0x0, 0xf4, 0x0, 0x0, 0x84, 0x3, 0x91, 0x30,
    0x0, 0xf3, 0x0, 0x0, 0xd5, 0x0, 0xba, 0x0,
    0x1, 0xf7, 0xee, 0xee, 0xfe, 0xee, 0xee, 0xe7,
    0x3, 0xf1, 0x33, 0x36, 0xff, 0x43, 0x33, 0x31,
    0x6, 0xd0, 0x0, 0xb, 0x9a, 0xa0, 0x0, 0x0,
    0xb, 0xa0, 0x0, 0x8e, 0x21, 0xe9, 0x0, 0x0,
    0x2f, 0x40, 0x1b, 0xf4, 0x0, 0x2e, 0xc3, 0x0,
    0xac, 0x29, 0xfd, 0x20, 0x0, 0x1, 0xaf, 0xc5,
    0x32, 0x2d, 0x60, 0x0, 0x0, 0x0, 0x2, 0x93,

    /* U+6243 "扃" */
    0x0, 0x0, 0x0, 0x4, 0x30, 0x0, 0x0, 0x0,
    0x0, 0x0, 0x0, 0x9, 0xb0, 0x0, 0x0, 0x0,
    0x2, 0xee, 0xee, 0xee, 0xfe, 0xee, 0xee, 0xc0,
    0x3, 0xf1, 0x11, 0x11, 0x11, 0x11, 0x15, 0xe0,
    0x3, 0xf0, 0x0, 0x0, 0x0, 0x0, 0x4, 0xe0,
    0x3, 0xff, 0xff, 0xff, 0xff, 0xff, 0xff, 0xe0,
    0x3, 0xf0, 0x0, 0x0, 0x0, 0x0, 0x3, 0xa0,
    0x3, 0xf0, 0x22, 0x22, 0x22, 0x22, 0x22, 0x20,
    0x3, 0xe0, 0xfd, 0xdd, 0xdd, 0xdd, 0xdd, 0xf2,
    0x4, 0xd0, 0xf2, 0x0, 0x0, 0x0, 0x0, 0xf2,
    0x5, 0xc0, 0xf2, 0x2f, 0xee, 0xef, 0x0, 0xf2,
    0x8, 0xa0, 0xf2, 0x2e, 0x0, 0x1f, 0x0, 0xf2,
    0xc, 0x70, 0xf2, 0x2e, 0x0, 0x1f, 0x0, 0xf2,
    0x1f, 0x20, 0xf2, 0x2f, 0xff, 0xff, 0x0, 0xf2,
    0x8c, 0x0, 0xf2, 0x1a, 0x0, 0x13, 0x36, 0xf0,
    0x54, 0x0, 0xf2, 0x0, 0x0, 0x2e, 0xed, 0x70,

    /* U+6248 "扈" */
    0x0, 0x0, 0x0, 0x4, 0x0, 0x0, 0x0, 0x0,
    0x0, 0x0, 0x0, 0xd, 0x80, 0x0, 0x0, 0x0,
    0x0, 0xee, 0xee, 0xef, 0xfe, 0xee, 0xee, 0xc0,
    0x1, 0xf1, 0x0, 0x0, 0x0, 0x0, 0x4, 0xd0,
    0x1, 0xfc, 0xbb, 0xbb, 0xbb, 0xbb, 0xbc, 0xd0,
    0x1, 0xf4, 0x33, 0x33, 0x33, 0x33, 0x35, 0x90,
    0x1, 0xf1, 0xcd, 0xdd, 0xdd, 0xdd, 0xdb, 0x0,
    0x1, 0xf1, 0xe2, 0x0, 0x0, 0x0, 0x3e, 0x0,
    0x1, 0xf0, 0xed, 0xdd, 0xdd, 0xdd, 0xde, 0x0,
    0x2, 0xf0, 0x31, 0x11, 0x11, 0x11, 0x13, 0x0,
    0x3, 0xf9, 0xdc, 0xcc, 0xfd, 0xcc, 0xce, 0xa0,
    0x5, 0xc9, 0x50, 0x0, 0xd4, 0x0, 0x7, 0xa0,
    0x8, 0xa9, 0xed, 0xdd, 0xdd, 0xdd, 0xde, 0xa0,
    0xd, 0x69, 0x50, 0x0, 0x0, 0x0, 0x2, 0x6c,
    0x3f, 0x19, 0x70, 0x0, 0x0, 0x0, 0x0, 0x9b,
    0x9a, 0x4, 0xef, 0xff, 0xff, 0xff, 0xff, 0xc2,
    0x11, 0x0, 0x0, 0x0, 0x0, 0x0, 0x0, 0x0,

    /* U+6249 "扉" */
    0x0, 0x0, 0x0, 0x4, 0x30, 0x0, 0x0, 0x0,
    0x0, 0x0, 0x0, 0x8, 0xc0, 0x0, 0x0, 0x0,
    0x2, 0xee, 0xee, 0xee, 0xfe, 0xee, 0xee, 0xc0,
    0x3, 0xf1, 0x11, 0x11, 0x11, 0x11, 0x15, 0xe0,
    0x3, 0xf0, 0x0, 0x0, 0x0, 0x0, 0x4, 0xe0,
    0x3, 0xff, 0xff, 0xff, 0xff, 0xff, 0xff, 0xe0,
    0x3, 0xf0, 0x0, 0x1b, 0x10, 0xa3, 0x2, 0x60,
    0x3, 0xf0, 0x11, 0x2f, 0x10, 0xe4, 0x11, 0x10,
    0x3, 0xf6, 0xff, 0xff, 0x10, 0xef, 0xff, 0xf1,
    0x4, 0xe0, 0x0, 0x1f, 0x10, 0xe3, 0x0, 0x0,
    0x5, 0xd2, 0xcc, 0xcf, 0x10, 0xec, 0xcc, 0x90,
    0x8, 0xa0, 0x44, 0x5f, 0x10, 0xe7, 0x44, 0x30,
    0xc, 0x70, 0x0, 0x1f, 0x10, 0xe3, 0x0, 0x0,
    0x1f, 0x3f, 0xff, 0xff, 0x10, 0xef, 0xff, 0xf6,
    0x9c, 0x1, 0x11, 0x2f, 0x10, 0xe4, 0x11, 0x10,
    0x43, 0x0, 0x0, 0x1f, 0x10, 0xe3, 0x0, 0x0,

    /* U+6308 "挈" */
    0x0, 0x0, 0x20, 0x0, 0x0, 0x0, 0x0, 0x0,
    0x1, 0x11, 0xf2, 0x11, 0x34, 0x44, 0x44, 0x40,
    0xa, 0xee, 0xfe, 0xea, 0x7b, 0xfc, 0xbc, 0xe0,
    0x0, 0x22, 0xf2, 0x20, 0x0, 0xf3, 0x4, 0xd0,
    0x5, 0xdd, 0xfd, 0xd6, 0x3, 0xf0, 0x5, 0xc0,
    0x1, 0x22, 0xf2, 0x21, 0xc, 0x80, 0x6, 0xb0,
    0xc, 0xdd, 0xfd, 0xda, 0xbd, 0x48, 0x8e, 0x80,
    0x0, 0x0, 0xf1, 0x7, 0xb1, 0x29, 0x97, 0x0,
    0x3, 0x99, 0xb9, 0x99, 0xaa, 0xaa, 0xbb, 0x30,
    0x1, 0x55, 0x55, 0x4a, 0xc4, 0x43, 0x33, 0x10,
    0x3, 0xbb, 0xbb, 0xbd, 0xeb, 0xbb, 0xbb, 0x20,
    0x1, 0x44, 0x44, 0x49, 0xc4, 0x44, 0x44, 0x0,
    0x13, 0x33, 0x33, 0x39, 0xc3, 0x33, 0x33, 0x32,
    0x4c, 0xcc, 0xcc, 0xce, 0xfc, 0xcc, 0xcc, 0xca,
    0x0, 0x0, 0x22, 0x2b, 0xa0, 0x0, 0x0, 0x0,
    0x0, 0x0, 0xaf, 0xfe, 0x40, 0x0, 0x0, 0x0,
    0x0, 0x0, 0x0, 0x0, 0x0, 0x0, 0x0, 0x0,

    /* U+6332 "挲" */
    0x0, 0x22, 0x0, 0x0, 0x1, 0x30, 0x0, 0x0,
    0x0, 0x7f, 0x91, 0x1, 0x6, 0xb0, 0x40, 0x0,
    0x3, 0x2, 0xa1, 0xe, 0x46, 0xb0, 0xcb, 0x0,
    0x1e, 0xd5, 0x0, 0x9c, 0x6, 0xb0, 0xb, 0xc1,
    0x0, 0x78, 0x33, 0xf2, 0x6, 0xb0, 0x6a, 0xa2,
    0x0, 0x19, 0xf3, 0x20, 0x3, 0xad, 0xc3, 0x0,
    0x7, 0xeb, 0x25, 0x7a, 0xde, 0xa3, 0x0, 0x0,
    0xb, 0x50, 0x7, 0x96, 0x30, 0x0, 0x0, 0x0,
    0x3, 0xbb, 0xbc, 0xcc, 0xdd, 0xef, 0xff, 0x70,
    0x0, 0x44, 0x33, 0x34, 0xf2, 0x10, 0x0, 0x0,
    0x2, 0xdd, 0xdd, 0xdd, 0xfd, 0xdd, 0xdd, 0x40,
    0x0, 0x33, 0x33, 0x34, 0xf3, 0x33, 0x33, 0x0,
    0x14, 0x44, 0x44, 0x46, 0xf5, 0x44, 0x44, 0x43,
    0x3b, 0xbb, 0xbb, 0xbc, 0xfb, 0xbb, 0xbb, 0xb9,
    0x0, 0x0, 0x22, 0x26, 0xf0, 0x0, 0x0, 0x0,
    0x0, 0x0, 0x7f, 0xff, 0x80, 0x0, 0x0, 0x0,
    0x0, 0x0, 0x0, 0x0, 0x0, 0x0, 0x0, 0x0,

    /* U+63B0 "掰" */
    0x0, 0x2, 0x40, 0x0, 0x20, 0x0, 0x2, 0x41,
    0x5d, 0xff, 0xe1, 0xa6, 0xc4, 0x2d, 0xff, 0xe5,
    0x25, 0xb7, 0x0, 0xe3, 0x89, 0x5, 0x6e, 0x0,
    0x0, 0xa6, 0x2, 0xf0, 0x3e, 0x0, 0x3e, 0x0,
    0x0, 0xa6, 0x8, 0xa0, 0xe, 0x50, 0x3e, 0x0,
    0x4f, 0xff, 0xee, 0x40, 0x8, 0xae, 0xff, 0xfb,
    0x2, 0xa7, 0x15, 0x11, 0x12, 0x1, 0x4e, 0x21,
    0x0, 0xa6, 0xb, 0xff, 0xff, 0x0, 0x3e, 0x0,
    0x12, 0xb7, 0x20, 0xc4, 0xf, 0x12, 0x5e, 0x22,
    0x7f, 0xff, 0xf0, 0xd3, 0x1f, 0x3f, 0xff, 0xfc,
    0x0, 0xe2, 0x0, 0xf1, 0x1f, 0x0, 0x3e, 0x0,
    0x1, 0xf0, 0x4, 0xd0, 0x2e, 0x0, 0x3e, 0x0,
    0x6, 0xb0, 0xb, 0x80, 0x2e, 0x0, 0x3e, 0x0,
    0xd, 0x50, 0x3f, 0x31, 0x7c, 0x1, 0x7d, 0x0,
    0x6d, 0x0, 0x88, 0x6f, 0xe5, 0x1f, 0xf6, 0x0,
    0x1, 0x0, 0x0, 0x0, 0x0, 0x0, 0x0, 0x0,

    /* U+643F "搿" */
    0x0, 0x0, 0x0, 0x0, 0x0, 0x0, 0x0, 0x0,
    0x0, 0x36, 0x90, 0xd, 0x80, 0x1, 0x25, 0x86,
    0x5f, 0xfe, 0xb2, 0x4f, 0xf2, 0x2f, 0xff, 0xb7,
    0x2, 0x97, 0x0, 0xb8, 0x8c, 0x1, 0x2e, 0x0,
    0x0, 0x97, 0x4, 0xf1, 0xe, 0x50, 0x2e, 0x0,
    0x15, 0xba, 0x5d, 0x80, 0x6, 0xd5, 0x7f, 0x54,
    0x2b, 0xed, 0xaa, 0xcc, 0xca, 0x3a, 0xcf, 0xb8,
    0x0, 0x97, 0x0, 0x33, 0x33, 0x0, 0x2e, 0x0,
    0x0, 0x97, 0x0, 0x0, 0x0, 0x0, 0x2e, 0x0,
    0x12, 0xa8, 0x22, 0xbb, 0xbb, 0x22, 0x4e, 0x21,
    0x6f, 0xff, 0xf5, 0xe6, 0x6f, 0x5f, 0xff, 0xfd,
    0x0, 0xd3, 0x3, 0xd0, 0xe, 0x20, 0x2e, 0x0,
    0x0, 0xf1, 0x3, 0xd0, 0xe, 0x20, 0x2e, 0x0,
    0x5, 0xc0, 0x3, 0xd3, 0x3e, 0x20, 0x2e, 0x0,
    0xd, 0x70, 0x3, 0xfd, 0xdf, 0x22, 0x7e, 0x0,
    0x5e, 0x0, 0x3, 0xd0, 0xe, 0x3f, 0xf6, 0x0,
    0x1, 0x0, 0x0, 0x10, 0x0, 0x0, 0x0, 0x0,

    /* U+64D8 "擘" */
    0x0, 0x0, 0x0, 0x0, 0x0, 0x2, 0x0, 0x0,
    0x6, 0x99, 0x99, 0x92, 0x0, 0x4d, 0x0, 0x0,
    0xb, 0x74, 0x44, 0xc5, 0xdd, 0xdf, 0xdd, 0xd2,
    0xc, 0x86, 0x66, 0xc5, 0xa, 0x20, 0x1b, 0x0,
    0xd, 0x99, 0x99, 0xb4, 0x8, 0x80, 0x99, 0x0,
    0x1e, 0x33, 0x33, 0x35, 0xcc, 0xcf, 0xcc, 0xc5,
    0x6a, 0xea, 0x99, 0xd5, 0x0, 0x1f, 0x0, 0x0,
    0xc3, 0xe3, 0x22, 0xb5, 0xcd, 0xdf, 0xdd, 0xc0,
    0x10, 0xb8, 0x88, 0xa3, 0x0, 0xe, 0x0, 0x0,
    0x7, 0xbb, 0xbb, 0xcc, 0xcd, 0xdd, 0xdb, 0x0,
    0x2, 0x33, 0x22, 0x19, 0xa0, 0x0, 0x0, 0x0,
    0x5, 0xee, 0xee, 0xef, 0xfe, 0xee, 0xeb, 0x0,
    0x0, 0x0, 0x0, 0x9, 0x90, 0x0, 0x0, 0x0,
    0xbd, 0xdd, 0xdd, 0xdf, 0xfd, 0xdd, 0xdd, 0xd5,
    0x0, 0x0, 0x11, 0x2c, 0x90, 0x0, 0x0, 0x0,
    0x0, 0x0, 0x8f, 0xfe, 0x30, 0x0, 0x0, 0x0,

    /* U+6534 "攴" */
    0x0, 0x0, 0x0, 0x5, 0x40, 0x0, 0x0, 0x0,
    0x0, 0x0, 0x0, 0xb, 0x90, 0x0, 0x0, 0x0,
    0x0, 0x0, 0x0, 0xb, 0x91, 0x11, 0x11, 0x10,
    0x0, 0x0, 0x0, 0xb, 0xff, 0xff, 0xff, 0xf8,
    0x0, 0x0, 0x0, 0xb, 0x91, 0x11, 0x11, 0x10,
    0x0, 0x0, 0x0, 0xb, 0x90, 0x0, 0x0, 0x0,
    0x0, 0xdd, 0xdd, 0xdf, 0xed, 0xdd, 0xd2, 0x0,
    0x0, 0x58, 0xf5, 0x55, 0x55, 0x5a, 0xf1, 0x0,
    0x0, 0x0, 0xe6, 0x0, 0x0, 0xe, 0x80, 0x0,
    0x0, 0x0, 0x7e, 0x10, 0x0, 0xad, 0x0, 0x0,
    0x0, 0x0, 0xc, 0xb0, 0x7, 0xf3, 0x0, 0x0,
    0x0, 0x0, 0x1, 0xeb, 0x9f, 0x40, 0x0, 0x0,
    0x0, 0x0, 0x0, 0x6f, 0xf9, 0x0, 0x0, 0x0,
    0x0, 0x1, 0x6c, 0xf9, 0x9f, 0xe9, 0x40, 0x0,
    0x28, 0xcf, 0xe8, 0x10, 0x2, 0x8e, 0xff, 0xd6,
    0x3e, 0x94, 0x0, 0x0, 0x0, 0x0, 0x37, 0xa1,
    0x0, 0x0, 0x0, 0x0, 0x0, 0x0, 0x0, 0x0,

    /* U+6535 "攵" */
    0x0, 0x0, 0x5c, 0x0, 0x0, 0x0, 0x0, 0x0,
    0x0, 0x0, 0xc9, 0x0, 0x0, 0x0, 0x0, 0x0,
    0x0, 0x5, 0xf7, 0x55, 0x55, 0x55, 0x55, 0x50,
    0x0, 0xe, 0xed, 0xdd, 0xdd, 0xde, 0xfd, 0xd0,
    0x0, 0x9f, 0x90, 0x0, 0x0, 0x6, 0xe0, 0x0,
    0x4, 0xfa, 0xe0, 0x0, 0x0, 0xb, 0xa0, 0x0,
    0x2f, 0x81, 0xf4, 0x0, 0x0, 0x1f, 0x40, 0x0,
    0x18, 0x0, 0xab, 0x0, 0x0, 0x9d, 0x0, 0x0,
    0x0, 0x0, 0x2f, 0x50, 0x3, 0xf5, 0x0, 0x0,
    0x0, 0x0, 0x8, 0xe2, 0x1d, 0xb0, 0x0, 0x0,
    0x0, 0x0, 0x0, 0xbe, 0xdd, 0x10, 0x0, 0x0,
    0x0, 0x0, 0x0, 0x6f, 0xf8, 0x0, 0x0, 0x0,
    0x0, 0x0, 0x4c, 0xf8, 0x8f, 0xd6, 0x0, 0x0,
    0x1, 0x6d, 0xfb, 0x30, 0x2, 0xaf, 0xfa, 0x51,
    0x5f, 0xfa, 0x30, 0x0, 0x0, 0x2, 0x8e, 0xf3,
    0x5, 0x0, 0x0, 0x0, 0x0, 0x0, 0x0, 0x20,

    /* U+6555 "敕" */
    0x0, 0x0, 0x25, 0x0, 0x0, 0x4, 0x20, 0x0,
    0x0, 0x0, 0x5, 0xc0, 0x0, 0x0, 0xe5, 0x0,
    0x0, 0x2, 0x44, 0x8d, 0x44, 0x40, 0x3f, 0x10,
    0x0, 0x0, 0x8c, 0xcd, 0xfc, 0xcc, 0x18, 0xe1,
    0x11, 0x11, 0x0, 0x0, 0x5c, 0x0, 0x0, 0xdd,
    0xcc, 0xee, 0x80, 0x2f, 0xff, 0xff, 0xf8, 0x4f,
    0x40, 0xb, 0x70, 0x2, 0xe0, 0x5c, 0x8, 0x9c,
    0xf7, 0x0, 0xd5, 0x0, 0x2e, 0x5, 0xc0, 0x8b,
    0xe9, 0x90, 0xf, 0x20, 0x2, 0xe0, 0x5c, 0x8,
    0x91, 0x4d, 0x5, 0xe0, 0x0, 0x2f, 0xff, 0xff,
    0xf9, 0x1, 0xf4, 0xb8, 0x0, 0x0, 0x21, 0xec,
    0x21, 0x10, 0x9, 0xcf, 0x20, 0x0, 0x0, 0xac,
    0xde, 0x70, 0x0, 0x3f, 0xa0, 0x0, 0x0, 0x8b,
    0x5c, 0x2e, 0xb0, 0xb, 0xfe, 0x20, 0x0, 0x8d,
    0x15, 0xc0, 0x15, 0x1c, 0xd1, 0xae, 0x40, 0xc,
    0x20, 0x5c, 0x0, 0x4e, 0xc1, 0x0, 0xaf, 0x80,
    0x0, 0x5, 0xc0, 0xc, 0x70, 0x0, 0x0, 0x74,
    0x0, 0x0, 0x0, 0x0, 0x0, 0x0, 0x0, 0x0,
    0x0,

    /* U+656B "敫" */
    0x0, 0x0, 0x62, 0x0, 0x0, 0x4, 0x0, 0x0,
    0x0, 0x0, 0x1f, 0x10, 0x0, 0x2, 0xf1, 0x0,
    0x0, 0x0, 0xdf, 0xfe, 0xee, 0x70, 0x7b, 0x0,
    0x0, 0x0, 0xe, 0x20, 0x0, 0x98, 0xd, 0xdb,
    0xbb, 0xb6, 0x0, 0xec, 0xcc, 0xce, 0x84, 0xf6,
    0x68, 0xe6, 0x30, 0xe, 0x42, 0x22, 0x98, 0xcf,
    0x20, 0x5d, 0x0, 0x0, 0xe4, 0x22, 0x2a, 0xde,
    0xf4, 0x6, 0xb0, 0x0, 0xd, 0xcd, 0xdc, 0xd9,
    0x4c, 0x70, 0x89, 0x0, 0x0, 0x0, 0x3c, 0x0,
    0x0, 0x9a, 0xb, 0x60, 0x0, 0xcf, 0xff, 0xff,
    0xff, 0x25, 0xe0, 0xf2, 0x0, 0x0, 0xe, 0x40,
    0x0, 0x0, 0xe, 0xad, 0x0, 0x0, 0x0, 0xff,
    0xee, 0xe5, 0x0, 0x7f, 0x70, 0x0, 0x0, 0x3f,
    0x0, 0xc, 0x50, 0x6, 0xf9, 0x0, 0x0, 0x8,
    0xa0, 0x0, 0xd3, 0x5, 0xf8, 0xf8, 0x0, 0x2,
    0xf3, 0x11, 0x2f, 0x28, 0xf5, 0x4, 0xfc, 0x20,
    0xd9, 0xa, 0xff, 0x99, 0xe4, 0x0, 0x3, 0xe8,
    0x2, 0x0, 0x0, 0x0, 0x11, 0x0, 0x0, 0x1,
    0x0,

    /* U+6590 "斐" */
    0x0, 0x0, 0x0, 0x23, 0x0, 0x32, 0x0, 0x0,
    0x0, 0x0, 0x0, 0x7, 0xb0, 0xb, 0x60, 0x0,
    0x0, 0x2, 0xff, 0xff, 0xfb, 0x0, 0xbf, 0xff,
    0xff, 0x0, 0x0, 0x0, 0x7, 0xb0, 0xb, 0x60,
    0x0, 0x0, 0x0, 0xdf, 0xff, 0xfb, 0x0, 0xbf,
    0xff, 0xfe, 0x0, 0x0, 0x0, 0x7, 0xb0, 0xb,
    0x70, 0x0, 0x0, 0x8, 0xdd, 0xdd, 0xeb, 0x0,
    0xbe, 0xdd, 0xdd, 0x30, 0x23, 0x33, 0x38, 0xb9,
    0x4b, 0x83, 0x33, 0x30, 0x0, 0x0, 0x0, 0x11,
    0x9b, 0x11, 0x0, 0x0, 0x0, 0xaf, 0xff, 0xff,
    0xff, 0xff, 0xff, 0xff, 0xf3, 0x1, 0x22, 0x5f,
    0x52, 0x22, 0x24, 0xf7, 0x22, 0x0, 0x0, 0x0,
    0x7f, 0x40, 0x2, 0xe9, 0x0, 0x0, 0x0, 0x0,
    0x0, 0x6f, 0xa7, 0xf7, 0x0, 0x0, 0x0, 0x0,
    0x0, 0x2, 0xaf, 0xfd, 0x40, 0x0, 0x0, 0x2,
    0x47, 0xae, 0xfc, 0x53, 0xaf, 0xfc, 0x97, 0x30,
    0x9f, 0xda, 0x61, 0x0, 0x0, 0x4, 0x7b, 0xd3,
    0x0, 0x0, 0x0, 0x0, 0x0, 0x0, 0x0, 0x0,
    0x0,

    /* U+6593 "斓" */
    0x2, 0xb0, 0x5, 0x60, 0x11, 0x11, 0x11, 0x10,
    0x0, 0xc7, 0x2, 0xe5, 0x8e, 0xee, 0xee, 0xf3,
    0x0, 0x3a, 0x0, 0x37, 0x1, 0x30, 0x0, 0xc3,
    0xaf, 0xff, 0xeb, 0x6b, 0xbc, 0xeb, 0xb7, 0xc3,
    0x2, 0x1d, 0x4b, 0x52, 0x25, 0xc2, 0x21, 0xc3,
    0x4b, 0xd, 0x2b, 0x5b, 0xcd, 0xfc, 0xc5, 0xc3,
    0xe, 0x2f, 0xb, 0x5d, 0x43, 0xb2, 0x77, 0xc3,
    0x7, 0xbe, 0xb, 0x5d, 0x97, 0xbc, 0x87, 0xc3,
    0x1, 0xfc, 0xb, 0x5d, 0x25, 0xb5, 0x67, 0xc3,
    0x0, 0xa9, 0xb, 0x5e, 0xde, 0xfd, 0xe7, 0xc3,
    0x0, 0xed, 0xb, 0x51, 0x2d, 0xd7, 0x11, 0xc3,
    0x4, 0xcc, 0x4b, 0x51, 0xc5, 0xcb, 0xc2, 0xc3,
    0xc, 0x56, 0xbb, 0x9e, 0x53, 0xb0, 0x65, 0xc3,
    0x7d, 0x0, 0x1b, 0x96, 0x3, 0xb0, 0x12, 0xe3,
    0x73, 0x0, 0xb, 0x50, 0x3, 0xb2, 0xff, 0xb0,
    0x0, 0x0, 0x0, 0x0, 0x0, 0x0, 0x0, 0x0,

    /* U+65AB "斫" */
    0x2, 0x22, 0x22, 0x10, 0x1, 0x23, 0x57, 0x90,
    0x2f, 0xff, 0xff, 0xc5, 0xff, 0xfe, 0xdb, 0x92,
    0x0, 0x1f, 0x10, 0x6, 0xd0, 0x0, 0x0, 0x0,
    0x0, 0x4d, 0x0, 0x6, 0xc0, 0x0, 0x0, 0x0,
    0x0, 0xa8, 0x0, 0x6, 0xc0, 0x0, 0x0, 0x0,
    0x0, 0xfa, 0x77, 0x6, 0xd3, 0x33, 0x33, 0x32,
    0x7, 0xfa, 0xaf, 0x6, 0xfe, 0xee, 0xff, 0xeb,
    0x1e, 0xf1, 0xf, 0x6, 0xc0, 0x0, 0xe4, 0x0,
    0x6c, 0xf1, 0xf, 0x6, 0xb0, 0x0, 0xe4, 0x0,
    0x1, 0xf1, 0xf, 0x7, 0xa0, 0x0, 0xe4, 0x0,
    0x0, 0xf1, 0xf, 0xa, 0x80, 0x0, 0xe4, 0x0,
    0x0, 0xfc, 0xcf, 0xe, 0x40, 0x0, 0xe4, 0x0,
    0x0, 0xf6, 0x55, 0x4e, 0x0, 0x0, 0xe4, 0x0,
    0x0, 0xd1, 0x0, 0xd8, 0x0, 0x0, 0xe4, 0x0,
    0x0, 0x0, 0x1, 0xc0, 0x0, 0x0, 0xe4, 0x0,
    0x0, 0x0, 0x0, 0x0, 0x0, 0x0, 0x0, 0x0,

    /* U+65BC "於" */
    0x0, 0x4, 0x0, 0x0, 0x0, 0x23, 0x0, 0x0,
    0x0, 0x1e, 0x50, 0x0, 0x0, 0xee, 0x0, 0x0,
    0x0, 0x7, 0x90, 0x0, 0x7, 0xcb, 0x80, 0x0,
    0xbf, 0xff, 0xff, 0xf1, 0x2f, 0x23, 0xf3, 0x0,
    0x15, 0xe2, 0x22, 0x21, 0xd8, 0x0, 0x7f, 0x30,
    0x3, 0xe0, 0x0, 0x1c, 0xb0, 0x0, 0x9, 0xf4,
    0x4, 0xe2, 0x22, 0x3c, 0x0, 0x0, 0x0, 0x72,
    0x4, 0xff, 0xff, 0x90, 0xb, 0x50, 0x0, 0x0,
    0x5, 0xc0, 0x9, 0x90, 0x8, 0xfc, 0x20, 0x0,
    0x6, 0xb0, 0x9, 0x80, 0x0, 0x2b, 0xf8, 0x0,
    0x7, 0xa0, 0x9, 0x80, 0x0, 0x0, 0x76, 0x0,
    0xa, 0x70, 0xa, 0x70, 0x50, 0x0, 0x0, 0x0,
    0xe, 0x50, 0xb, 0x72, 0xed, 0x30, 0x0, 0x0,
    0x3f, 0x0, 0xc, 0x60, 0x1a, 0xfa, 0x10, 0x0,
    0xba, 0x13, 0x4f, 0x30, 0x0, 0x4e, 0xe5, 0x0,
    0xb2, 0x2f, 0xfa, 0x0, 0x0, 0x1, 0xac, 0x0,
    0x0, 0x0, 0x0, 0x0, 0x0, 0x0, 0x0, 0x0,

    /* U+65C3 "旃" */
    0x0, 0x3, 0x20, 0x0, 0x4, 0x20, 0x0, 0x0,
    0x0, 0x0, 0x8c, 0x0, 0x0, 0xe5, 0x0, 0x0,
    0x0, 0x0, 0x0, 0xc3, 0x0, 0x6f, 0x99, 0x99,
    0x99, 0x30, 0x9d, 0xdd, 0xdd, 0x3e, 0x98, 0x88,
    0x88, 0x82, 0x2, 0x7d, 0x33, 0x3a, 0xc0, 0x0,
    0x0, 0x0, 0x0, 0x5, 0xc0, 0x0, 0xc6, 0xdd,
    0xdd, 0xdd, 0x0, 0x0, 0x5c, 0x22, 0x10, 0x3e,
    0x46, 0x45, 0xf0, 0x0, 0x6, 0xff, 0xfc, 0x3,
    0xe1, 0xf2, 0x1f, 0x0, 0x0, 0x6b, 0x6, 0xb0,
    0x3e, 0x8, 0xb1, 0xf0, 0x0, 0x7, 0xa0, 0x6b,
    0x15, 0xe1, 0x26, 0x2f, 0x20, 0x0, 0x89, 0x6,
    0xb9, 0xff, 0xff, 0xff, 0xff, 0x70, 0xa, 0x70,
    0x7a, 0x6, 0xb0, 0x0, 0x1f, 0x0, 0x0, 0xd4,
    0x8, 0x90, 0x99, 0x0, 0x1, 0xf0, 0x0, 0x2f,
    0x0, 0x99, 0xe, 0x40, 0x0, 0x1f, 0x0, 0x9,
    0xa2, 0x2c, 0x75, 0xe0, 0x1, 0x15, 0xf0, 0x0,
    0xc2, 0xbf, 0xd2, 0xd6, 0x0, 0x9f, 0xf9, 0x0,
    0x0, 0x0, 0x0, 0x2, 0x0, 0x0, 0x0, 0x0,
    0x0,

    /* U+65C4 "旄" */
    0x0, 0x5, 0x0, 0x0, 0x16, 0x0, 0x0, 0x0,
    0x0, 0x2, 0xf4, 0x0, 0x7, 0xc0, 0x0, 0x0,
    0x0, 0x0, 0x7, 0x90, 0x0, 0xeb, 0x88, 0x88,
    0x86, 0x4, 0xdd, 0xdd, 0xda, 0x8c, 0x88, 0x88,
    0x88, 0x60, 0x13, 0xe6, 0x33, 0x5f, 0x20, 0x0,
    0x0, 0x10, 0x0, 0xe, 0x30, 0x8, 0xa2, 0x35,
    0x8b, 0xfb, 0x0, 0x0, 0xe4, 0x22, 0x5, 0xbb,
    0xf8, 0x65, 0x30, 0x0, 0xf, 0xff, 0xf5, 0x0,
    0x1f, 0x10, 0x11, 0x0, 0x0, 0xf2, 0xd, 0x44,
    0x8a, 0xfe, 0xff, 0x90, 0x0, 0xf, 0x10, 0xe4,
    0x69, 0x8f, 0x42, 0x0, 0x0, 0x1, 0xf0, 0xe,
    0x30, 0x1, 0xf1, 0x0, 0x21, 0x0, 0x3e, 0x0,
    0xf3, 0x57, 0x9f, 0xde, 0xff, 0x60, 0x6, 0xc0,
    0xf, 0x3c, 0xa9, 0xf5, 0x31, 0x13, 0x0, 0xa8,
    0x0, 0xf2, 0x0, 0x1f, 0x10, 0x4, 0xe0, 0x1f,
    0x42, 0x5f, 0x0, 0x1, 0xf3, 0x11, 0xab, 0x7,
    0xb2, 0xfe, 0x70, 0x0, 0xa, 0xff, 0xfd, 0x30,
    0x1, 0x0, 0x0, 0x0, 0x0, 0x0, 0x0, 0x0,
    0x0,

    /* U+65C6 "旆" */
    0x0, 0x3, 0x20, 0x0, 0x5, 0x0, 0x0, 0x0,
    0x0, 0x0, 0x8c, 0x0, 0x6, 0xc0, 0x0, 0x0,
    0x0, 0x0, 0x0, 0xc3, 0x0, 0xdc, 0x88, 0x88,
    0x88, 0x30, 0x9d, 0xdd, 0xdd, 0x6e, 0x88, 0x88,
    0x88, 0x83, 0x2, 0x7d, 0x33, 0x4e, 0x50, 0x7,
    0x20, 0x0, 0x0, 0x5, 0xc0, 0x3, 0xc2, 0x22,
    0xd6, 0x22, 0x20, 0x0, 0x5c, 0x0, 0x5, 0xff,
    0xff, 0xff, 0xff, 0x40, 0x6, 0xfd, 0xd7, 0x0,
    0x0, 0xd4, 0x0, 0x0, 0x0, 0x6c, 0x3b, 0x80,
    0x22, 0x2d, 0x62, 0x22, 0x0, 0x8, 0xa0, 0xa8,
    0xf, 0xff, 0xff, 0xff, 0xf0, 0x0, 0x99, 0xa,
    0x70, 0xf1, 0xd, 0x40, 0x2f, 0x0, 0xb, 0x60,
    0xb7, 0xf, 0x10, 0xd4, 0x2, 0xf0, 0x0, 0xe3,
    0xb, 0x60, 0xf1, 0xd, 0x40, 0x2f, 0x0, 0x4e,
    0x0, 0xc5, 0xf, 0x10, 0xd6, 0x59, 0xe0, 0xb,
    0x92, 0x2f, 0x30, 0xd0, 0xd, 0x6c, 0xc5, 0x0,
    0xa1, 0xff, 0xb0, 0x0, 0x0, 0xd4, 0x0, 0x0,
    0x0, 0x0, 0x0, 0x0, 0x0, 0x0, 0x0, 0x0,
    0x0,

    /* U+65CC "旌" */
    0x0, 0x3, 0x20, 0x0, 0x6, 0x0, 0x0, 0x0,
    0x0, 0x0, 0x8c, 0x0, 0x4, 0xe0, 0x0, 0x0,
    0x0, 0x0, 0x0, 0xc3, 0x0, 0xad, 0x88, 0x88,
    0x88, 0x30, 0x9d, 0xdd, 0xdd, 0x4f, 0x88, 0x88,
    0x88, 0x82, 0x2, 0x7d, 0x33, 0x3b, 0xa1, 0x5,
    0x50, 0x0, 0x0, 0x5, 0xc0, 0x1, 0xe3, 0xf3,
    0x99, 0x0, 0x0, 0x0, 0x5c, 0x0, 0x0, 0x7e,
    0x3a, 0xa3, 0x33, 0x0, 0x6, 0xff, 0xfc, 0xe,
    0xdd, 0xee, 0xdd, 0xd0, 0x0, 0x6b, 0x17, 0xb8,
    0xc0, 0x9, 0x90, 0x0, 0x0, 0x7, 0xa0, 0x6b,
    0x22, 0x0, 0x99, 0x0, 0x0, 0x0, 0x89, 0x7,
    0xa0, 0xdf, 0xff, 0xff, 0xfd, 0x0, 0xa, 0x70,
    0x7a, 0x1, 0x11, 0x99, 0x11, 0x10, 0x0, 0xd5,
    0x8, 0x90, 0x0, 0x9, 0x90, 0x0, 0x0, 0x2f,
    0x10, 0x99, 0x0, 0x0, 0x99, 0x0, 0x0, 0x8,
    0xb2, 0x2c, 0x60, 0x11, 0x19, 0x91, 0x11, 0x0,
    0xe4, 0xbf, 0xd1, 0x8f, 0xff, 0xff, 0xff, 0xf9,
    0x2, 0x0, 0x0, 0x0, 0x0, 0x0, 0x0, 0x0,
    0x0,

    /* U+65CE "旎" */
    0x0, 0x3, 0x20, 0x0, 0x5, 0x0, 0x0, 0x0,
    0x0, 0x0, 0x8c, 0x0, 0x6, 0xb0, 0x0, 0x0,
    0x0, 0x0, 0x0, 0xc3, 0x0, 0xde, 0xdd, 0xdd,
    0xdd, 0x40, 0x9d, 0xdd, 0xdd, 0x6e, 0x33, 0x33,
    0x33, 0x31, 0x4, 0x9d, 0x66, 0x6e, 0x70, 0x0,
    0x0, 0x0, 0x0, 0x5, 0xc0, 0x1, 0xaf, 0xff,
    0xff, 0xff, 0xe0, 0x0, 0x5c, 0x11, 0x0, 0xf3,
    0x0, 0x0, 0x2e, 0x0, 0x6, 0xff, 0xf8, 0xf,
    0x30, 0x0, 0x3, 0xe0, 0x0, 0x6b, 0x9, 0x80,
    0xff, 0xff, 0xff, 0xfe, 0x0, 0x7, 0xa0, 0xa7,
    0xf, 0x24, 0x20, 0x0, 0x30, 0x0, 0x89, 0xa,
    0x70, 0xf2, 0xc5, 0x1, 0x8c, 0x10, 0xa, 0x70,
    0xa6, 0xf, 0x1c, 0x9b, 0xfb, 0x50, 0x0, 0xd4,
    0xb, 0x62, 0xf0, 0xcd, 0x71, 0x3, 0x40, 0x2f,
    0x10, 0xc5, 0x5c, 0xc, 0x50, 0x0, 0x68, 0x8,
    0xb2, 0x2f, 0x3a, 0x80, 0xc7, 0x0, 0x9, 0x50,
    0xe4, 0xff, 0xb2, 0xf3, 0x6, 0xfe, 0xee, 0xd1,
    0x1, 0x0, 0x0, 0x5, 0x0, 0x0, 0x11, 0x10,
    0x0,

    /* U+65D2 "旒" */
    0x0, 0x42, 0x0, 0x2, 0x50, 0x0, 0x0, 0x0,
    0x0, 0x9a, 0x0, 0x9, 0xa0, 0x0, 0x0, 0x0,
    0x0, 0x2d, 0x0, 0x1f, 0xff, 0xff, 0xff, 0xf6,
    0x9f, 0xff, 0xfe, 0xba, 0x13, 0xc2, 0x11, 0x10,
    0x13, 0xf1, 0x11, 0x91, 0x0, 0xc6, 0x0, 0x0,
    0x2, 0xf0, 0x0, 0xbf, 0xff, 0xff, 0xff, 0xf3,
    0x2, 0xf9, 0x95, 0x1, 0xad, 0x21, 0x71, 0x10,
    0x3, 0xf9, 0xca, 0x8, 0xc1, 0x1, 0xda, 0x0,
    0x3, 0xe0, 0x89, 0x7f, 0xee, 0xff, 0xff, 0xb0,
    0x4, 0xd0, 0x89, 0x13, 0x11, 0x0, 0x1, 0xd2,
    0x5, 0xc0, 0x88, 0xc, 0x42, 0xe0, 0xe2, 0x0,
    0x7, 0x90, 0x98, 0xd, 0x42, 0xe0, 0xe2, 0x0,
    0xa, 0x70, 0x97, 0xe, 0x22, 0xe0, 0xe2, 0x35,
    0xe, 0x20, 0xa7, 0x2f, 0x2, 0xe0, 0xe2, 0x6a,
    0x5d, 0x22, 0xe5, 0xa9, 0x2, 0xe0, 0xe3, 0x88,
    0x94, 0xbf, 0xc8, 0xd1, 0x2, 0xe0, 0xaf, 0xf4,
    0x0, 0x0, 0x0, 0x10, 0x0, 0x0, 0x2, 0x10,

    /* U+65D6 "旖" */
    0x0, 0x0, 0x10, 0x0, 0x4, 0x0, 0x0, 0x0,
    0x0, 0x0, 0x7b, 0x0, 0x5, 0xe0, 0x0, 0x0,
    0x0, 0x0, 0x1, 0xf2, 0x0, 0xdf, 0xff, 0xff,
    0xff, 0x30, 0x8c, 0xcd, 0xcc, 0xab, 0x0, 0x49,
    0x0, 0x0, 0x1, 0x6c, 0x11, 0x2d, 0xcf, 0xff,
    0xff, 0xf9, 0x0, 0x5, 0xc0, 0x0, 0x0, 0x1,
    0xe9, 0x0, 0x0, 0x0, 0x5c, 0x33, 0x20, 0x3,
    0xdd, 0xec, 0x30, 0x0, 0x6, 0xfd, 0xeb, 0xb,
    0xf8, 0x0, 0x7e, 0x60, 0x0, 0x6a, 0x6, 0xb6,
    0xb9, 0x88, 0x88, 0x99, 0x20, 0x8, 0xa0, 0x6a,
    0x34, 0x44, 0x44, 0x4f, 0x61, 0x0, 0x99, 0x7,
    0xa0, 0xde, 0xee, 0xb0, 0xe3, 0x0, 0xb, 0x60,
    0x79, 0xe, 0x10, 0x4c, 0xe, 0x30, 0x0, 0xe4,
    0x8, 0x90, 0xe1, 0x4, 0xc0, 0xe3, 0x0, 0x3f,
    0x0, 0x98, 0xe, 0xee, 0xfc, 0xe, 0x30, 0xb,
    0x92, 0x2c, 0x60, 0x50, 0x0, 0x1, 0xf2, 0x0,
    0xa1, 0xbf, 0xd1, 0x0, 0x0, 0x2f, 0xfb, 0x0,
    0x0, 0x0, 0x0, 0x0, 0x0, 0x0, 0x0, 0x0,
    0x0,

    /* U+65EE "旮" */
    0x0, 0x0, 0x1, 0x10, 0x0, 0x0, 0x0, 0x0,
    0x0, 0x0, 0x0, 0xc7, 0x0, 0x0, 0x0, 0x0,
    0x0, 0x1, 0x22, 0x2d, 0x82, 0x22, 0x22, 0x0,
    0x0, 0x0, 0xaf, 0xff, 0xff, 0xff, 0xff, 0xf0,
    0x0, 0x0, 0x0, 0x0, 0x3f, 0x20, 0x0, 0x5f,
    0x0, 0x3c, 0x0, 0x0, 0xc, 0xc0, 0x0, 0x5,
    0xf0, 0x5, 0xe0, 0x0, 0x5d, 0xd1, 0x0, 0x0,
    0x3f, 0xaa, 0xe9, 0x2, 0xff, 0x91, 0x0, 0x0,
    0x0, 0x46, 0x65, 0x0, 0x4, 0x5e, 0xee, 0xee,
    0xee, 0xee, 0xe7, 0x0, 0x0, 0x4, 0xe3, 0x33,
    0x33, 0x33, 0x3b, 0x80, 0x0, 0x0, 0x4e, 0x0,
    0x0, 0x0, 0x0, 0xa8, 0x0, 0x0, 0x4, 0xff,
    0xff, 0xff, 0xff, 0xff, 0x80, 0x0, 0x0, 0x4e,
    0x22, 0x22, 0x22, 0x22, 0xb8, 0x0, 0x0, 0x4,
    0xe0, 0x0, 0x0, 0x0, 0xa, 0x80, 0x0, 0x0,
    0x4f, 0xff, 0xff, 0xff, 0xff, 0xf8, 0x0, 0x0,
    0x4, 0xe2, 0x22, 0x22, 0x22, 0x2b, 0x80, 0x0,
    0x0, 0x0, 0x0, 0x0, 0x0, 0x0, 0x0, 0x0,
    0x0,

    /* U+65EF "旯" */
    0x0, 0xbc, 0xcc, 0xcc, 0xcc, 0xcc, 0xc4, 0x0,
    0x0, 0xe8, 0x55, 0x55, 0x55, 0x55, 0xe5, 0x0,
    0x0, 0xe4, 0x0, 0x0, 0x0, 0x0, 0xd5, 0x0,
    0x0, 0xef, 0xff, 0xff, 0xff, 0xff, 0xf5, 0x0,
    0x0, 0xe4, 0x0, 0x0, 0x0, 0x0, 0xd5, 0x0,
    0x0, 0xe7, 0x44, 0x44, 0x44, 0x44, 0xe5, 0x0,
    0x0, 0xee, 0xdd, 0xdd, 0xdd, 0xdd, 0xf5, 0x0,
    0x0, 0x0, 0xb, 0x40, 0x0, 0x0, 0x0, 0x0,
    0x15, 0x55, 0x5f, 0x85, 0x55, 0x51, 0x0, 0x0,
    0x3d, 0xdd, 0xdf, 0xdd, 0xdd, 0xf5, 0x0, 0x0,
    0x0, 0x0, 0x3f, 0x0, 0x0, 0xe5, 0x0, 0x0,
    0x0, 0x0, 0xab, 0x0, 0x0, 0xe5, 0x0, 0xa5,
    0x0, 0x8, 0xf3, 0x0, 0x0, 0xe5, 0x0, 0xd6,
    0x3, 0xcf, 0x50, 0x0, 0x0, 0xd9, 0x35, 0xf3,
    0xaf, 0xb2, 0x0, 0x0, 0x0, 0x6f, 0xff, 0xa0,
    0x23, 0x0, 0x0, 0x0, 0x0, 0x0, 0x0, 0x0,

    /* U+65F0 "旰" */
    0x0, 0x0, 0x0, 0x6, 0x66, 0x66, 0x66, 0x63,
    0x1f, 0xff, 0xfe, 0xa, 0xbb, 0xcf, 0xbb, 0xb5,
    0x2f, 0x22, 0x5e, 0x0, 0x0, 0x5e, 0x0, 0x0,
    0x2f, 0x0, 0x3e, 0x0, 0x0, 0x5e, 0x0, 0x0,
    0x2f, 0x0, 0x3e, 0x0, 0x0, 0x5e, 0x0, 0x0,
    0x2f, 0x0, 0x3e, 0x0, 0x0, 0x5e, 0x0, 0x0,
    0x2f, 0x87, 0x9e, 0x14, 0x44, 0x8e, 0x44, 0x44,
    0x2f, 0x99, 0xbe, 0x5d, 0xdd, 0xef, 0xdd, 0xdd,
    0x2f, 0x0, 0x3e, 0x0, 0x0, 0x5e, 0x0, 0x0,
    0x2f, 0x0, 0x3e, 0x0, 0x0, 0x5e, 0x0, 0x0,
    0x2f, 0x0, 0x3e, 0x0, 0x0, 0x5e, 0x0, 0x0,
    0x2f, 0xdd, 0xee, 0x0, 0x0, 0x5e, 0x0, 0x0,
    0x2f, 0x43, 0x6e, 0x0, 0x0, 0x5e, 0x0, 0x0,
    0x5, 0x0, 0x2, 0x0, 0x0, 0x5e, 0x0, 0x0,
    0x0, 0x0, 0x0, 0x0, 0x0, 0x5e, 0x0, 0x0,

    /* U+6600 "昀" */
    0x0, 0x0, 0x0, 0x2, 0x0, 0x0, 0x0, 0x0,
    0x0, 0x0, 0x1, 0xf5, 0x0, 0x0, 0x0, 0xde,
    0xee, 0x30, 0x6f, 0x0, 0x0, 0x0, 0xf, 0x52,
    0xe4, 0xc, 0xff, 0xff, 0xff, 0xf2, 0xf3, 0xe,
    0x43, 0xf4, 0x33, 0x33, 0x3f, 0x1f, 0x30, 0xe4,
    0xca, 0x0, 0x0, 0x1, 0xf1, 0xf3, 0xe, 0x7f,
    0x2c, 0x70, 0x0, 0x1f, 0xf, 0xff, 0xf4, 0x20,
    0x4f, 0x80, 0x2, 0xf0, 0xf4, 0x2e, 0x40, 0x0,
    0x5e, 0x10, 0x2f, 0xf, 0x30, 0xe4, 0x0, 0x0,
    0x15, 0xa3, 0xf0, 0xf3, 0xe, 0x40, 0x0, 0x6d,
    0xfa, 0x3f, 0xf, 0x30, 0xe4, 0x18, 0xef, 0xa2,
    0x4, 0xe0, 0xf5, 0x3e, 0x48, 0xf9, 0x10, 0x0,
    0x4e, 0xf, 0xee, 0xf4, 0x11, 0x0, 0x0, 0x6,
    0xc0, 0xa2, 0x4, 0x10, 0x0, 0x23, 0x24, 0xd9,
    0x0, 0x0, 0x0, 0x0, 0xa, 0xff, 0xfb, 0x10,
    0x0, 0x0, 0x0, 0x0, 0x0, 0x0, 0x0, 0x0,

    /* U+6603 "昃" */
    0x0, 0x6c, 0xcc, 0xcc, 0xcc, 0xcc, 0xc9, 0x0,
    0x0, 0x9b, 0x44, 0x44, 0x44, 0x44, 0x8d, 0x0,
    0x0, 0x9a, 0x0, 0x0, 0x0, 0x0, 0x5d, 0x0,
    0x0, 0x9f, 0xff, 0xff, 0xff, 0xff, 0xfd, 0x0,
    0x0, 0x99, 0x0, 0x0, 0x0, 0x0, 0x5d, 0x0,
    0x0, 0x9f, 0xee, 0xee, 0xee, 0xee, 0xed, 0x0,
    0x0, 0x56, 0x0, 0x0, 0x0, 0x0, 0x38, 0x0,
    0x2, 0xee, 0xee, 0xee, 0xee, 0xee, 0xee, 0xd0,
    0x2, 0xf2, 0x22, 0x22, 0x86, 0x22, 0x22, 0x20,
    0x2, 0xf0, 0x0, 0x0, 0xd8, 0x0, 0x0, 0x0,
    0x4, 0xe0, 0x0, 0x2, 0xfe, 0x0, 0x0, 0x0,
    0x7, 0xb0, 0x0, 0xc, 0x79, 0xb0, 0x0, 0x0,
    0xc, 0x70, 0x4, 0xdb, 0x0, 0xcd, 0x40, 0x0,
    0x4f, 0x27, 0xcf, 0x80, 0x0, 0x8, 0xfd, 0x92,
    0x77, 0xc, 0x82, 0x0, 0x0, 0x0, 0x17, 0xb1,

    /* U+660A "昊" */
    0x0, 0x12, 0x22, 0x22, 0x22, 0x22, 0x22, 0x0,
    0x0, 0x7f, 0xcc, 0xcc, 0xcc, 0xcc, 0xde, 0x0,
    0x0, 0x7b, 0x0, 0x0, 0x0, 0x0, 0x4e, 0x0,
    0x0, 0x7f, 0xff, 0xff, 0xff, 0xff, 0xfe, 0x0,
    0x0, 0x7b, 0x0, 0x0, 0x0, 0x0, 0x4e, 0x0,
    0x0, 0x7f, 0xff, 0xff, 0xff, 0xff, 0xfe, 0x0,
    0x0, 0x58, 0x0, 0x0, 0x0, 0x0, 0x3a, 0x0,
    0x4, 0xff, 0xff, 0xff, 0xff, 0xff, 0xff, 0xb0,
    0x0, 0x0, 0x0, 0x9, 0xa0, 0x0, 0x0, 0x0,
    0x0, 0x0, 0x0, 0xb, 0x80, 0x0, 0x0, 0x0,
    0x3f, 0xff, 0xff, 0xff, 0xff, 0xff, 0xff, 0xfa,
    0x0, 0x0, 0x0, 0x9d, 0x8d, 0x10, 0x0, 0x0,
    0x0, 0x0, 0x1a, 0xf3, 0xa, 0xe6, 0x0, 0x0,
    0x2, 0x6b, 0xfc, 0x20, 0x0, 0x6e, 0xea, 0x74,
    0x3f, 0xea, 0x40, 0x0, 0x0, 0x0, 0x5a, 0xd7,
    0x1, 0x0, 0x0, 0x0, 0x0, 0x0, 0x0, 0x0,

    /* U+6615 "昕" */
    0x0, 0x0, 0x0, 0x2, 0x34, 0x67, 0x99, 0xe,
    0xff, 0xfe, 0x6, 0xfd, 0xcb, 0x97, 0x60, 0xe6,
    0x36, 0xe0, 0x6d, 0x0, 0x0, 0x0, 0xe, 0x40,
    0x4e, 0x6, 0xd0, 0x0, 0x0, 0x0, 0xe4, 0x4,
    0xe0, 0x6d, 0x0, 0x0, 0x0, 0xe, 0x62, 0x6e,
    0x6, 0xe6, 0x66, 0x66, 0x65, 0xef, 0xff, 0xe0,
    0x6f, 0xcc, 0xcf, 0xcc, 0x9e, 0x40, 0x4e, 0x6,
    0xd0, 0x1, 0xf2, 0x0, 0xe4, 0x4, 0xe0, 0x7c,
    0x0, 0x1f, 0x20, 0xe, 0x40, 0x4e, 0x8, 0xb0,
    0x1, 0xf2, 0x0, 0xe7, 0x47, 0xe0, 0xc8, 0x0,
    0x1f, 0x20, 0xe, 0xee, 0xec, 0x2f, 0x30, 0x1,
    0xf2, 0x0, 0xa2, 0x0, 0xa, 0xc0, 0x0, 0x1f,
    0x20, 0x0, 0x0, 0x8, 0xf4, 0x0, 0x1, 0xf2,
    0x0, 0x0, 0x0, 0x76, 0x0, 0x0, 0x1f, 0x20,
    0x0,

    /* U+6619 "昙" */
    0x2, 0xcc, 0xcc, 0xcc, 0xcc, 0xcc, 0xc9, 0x0,
    0x3, 0xf4, 0x44, 0x44, 0x44, 0x44, 0x9c, 0x0,
    0x3, 0xf1, 0x11, 0x11, 0x11, 0x11, 0x7c, 0x0,
    0x3, 0xfe, 0xee, 0xee, 0xee, 0xee, 0xfc, 0x0,
    0x3, 0xf1, 0x11, 0x11, 0x11, 0x11, 0x7c, 0x0,
    0x3, 0xff, 0xff, 0xff, 0xff, 0xff, 0xfc, 0x0,
    0x1, 0x50, 0x0, 0x0, 0x0, 0x0, 0x24, 0x0,
    0x0, 0x9c, 0xcc, 0xcc, 0xcc, 0xcc, 0xc3, 0x0,
    0x0, 0x34, 0x44, 0x44, 0x44, 0x44, 0x41, 0x0,
    0x11, 0x11, 0x11, 0x11, 0x11, 0x11, 0x11, 0x10,
    0xaf, 0xff, 0xff, 0xff, 0xff, 0xff, 0xff, 0xf3,
    0x0, 0x0, 0x5e, 0x70, 0x1, 0xc4, 0x0, 0x0,
    0x0, 0x2b, 0xb2, 0x0, 0x0, 0x5e, 0x90, 0x0,
    0x7, 0xff, 0xcd, 0xde, 0xff, 0xff, 0xfd, 0x20,
    0x3, 0x75, 0x44, 0x32, 0x10, 0x0, 0x9, 0x30,

    /* U+661D "昝" */
    0x0, 0x1, 0x10, 0x0, 0x0, 0x20, 0x0, 0x0,
    0x0, 0x0, 0xaa, 0x0, 0x0, 0x2f, 0x10, 0x0,
    0x0, 0x0, 0x2f, 0xcb, 0xbb, 0x12, 0xf5, 0x10,
    0x0, 0x0, 0xb, 0xa6, 0x68, 0xf1, 0x2f, 0xcf,
    0x70, 0x0, 0x7, 0xf3, 0x0, 0xaa, 0x2, 0xf1,
    0x5d, 0xe6, 0x4, 0xf9, 0xe3, 0x6e, 0x20, 0x2f,
    0x10, 0x7, 0xb0, 0x4, 0x6, 0xff, 0x70, 0x2,
    0xf0, 0x0, 0x0, 0x0, 0x4, 0xcd, 0x9e, 0xfd,
    0xbb, 0xbb, 0xcc, 0xc0, 0x4e, 0xd6, 0x0, 0x1,
    0x24, 0x44, 0x44, 0x43, 0x0, 0x45, 0xee, 0xee,
    0xee, 0xee, 0xee, 0xd0, 0x0, 0x0, 0x5d, 0x11,
    0x11, 0x11, 0x11, 0x4e, 0x0, 0x0, 0x5, 0xc0,
    0x0, 0x0, 0x0, 0x4, 0xe0, 0x0, 0x0, 0x5f,
    0xee, 0xee, 0xee, 0xee, 0xfe, 0x0, 0x0, 0x5,
    0xc0, 0x0, 0x0, 0x0, 0x3, 0xe0, 0x0, 0x0,
    0x5f, 0xee, 0xee, 0xee, 0xee, 0xee, 0x0, 0x0,
    0x5, 0xd1, 0x11, 0x11, 0x11, 0x14, 0xe0, 0x0,
    0x0, 0x0, 0x0, 0x0, 0x0, 0x0, 0x0, 0x0,
    0x0,

    /* U+6631 "昱" */
    0x0, 0xcc, 0xcc, 0xcc, 0xcc, 0xcc, 0xc6, 0x0,
    0x0, 0xf6, 0x44, 0x44, 0x44, 0x44, 0xb8, 0x0,
    0x0, 0xf2, 0x0, 0x0, 0x0, 0x0, 0xa8, 0x0,
    0x0, 0xff, 0xff, 0xff, 0xff, 0xff, 0xf8, 0x0,
    0x0, 0xf3, 0x0, 0x0, 0x0, 0x0, 0xa8, 0x0,
    0x0, 0xf5, 0x33, 0x33, 0x33, 0x33, 0xb8, 0x0,
    0x0, 0xfd, 0xdd, 0xde, 0xdd, 0xdd, 0xf8, 0x0,
    0x0, 0x20, 0x0, 0x2f, 0x20, 0x0, 0x11, 0x0,
    0x2, 0x22, 0x22, 0x2a, 0xc2, 0x22, 0x22, 0x10,
    0x1e, 0xee, 0xee, 0xee, 0xee, 0xee, 0xee, 0x90,
    0x0, 0x3, 0xc0, 0x0, 0x0, 0x5b, 0x0, 0x0,
    0x0, 0x0, 0xda, 0x0, 0x1, 0xe9, 0x0, 0x0,
    0x0, 0x0, 0x2b, 0x10, 0x9, 0xc0, 0x0, 0x0,
    0xdf, 0xff, 0xff, 0xff, 0xff, 0xff, 0xff, 0xf6,
    0x11, 0x11, 0x11, 0x11, 0x11, 0x11, 0x11, 0x10,

    /* U+6634 "昴" */
    0x0, 0xde, 0xee, 0xee, 0xee, 0xee, 0xec, 0x0,
    0xe, 0x62, 0x22, 0x22, 0x22, 0x27, 0xd0, 0x0,
    0xe7, 0x44, 0x44, 0x44, 0x44, 0x8d, 0x0, 0xe,
    0xdc, 0xcc, 0xcc, 0xcc, 0xcd, 0xd0, 0x0, 0xe6,
    0x11, 0x11, 0x11, 0x11, 0x6d, 0x0, 0xe, 0xff,
    0xff, 0xff, 0xff, 0xff, 0xd0, 0x0, 0x10, 0x4,
    0x86, 0x0, 0x0, 0x1, 0x0, 0x9c, 0xef, 0xff,
    0xc0, 0x33, 0x33, 0x32, 0xd, 0x95, 0x32, 0x10,
    0x3f, 0xdd, 0xde, 0xc0, 0xd5, 0x0, 0x7b, 0x3,
    0xe0, 0x0, 0x6c, 0xe, 0x77, 0xbf, 0x90, 0x3e,
    0x0, 0x6, 0xc1, 0xfe, 0x95, 0xe5, 0x3, 0xe0,
    0x0, 0x7b, 0x3, 0x0, 0xad, 0x0, 0x3e, 0x9e,
    0xef, 0x60, 0x37, 0xec, 0x10, 0x3, 0xe2, 0x44,
    0x20, 0x1e, 0xb5, 0x0, 0x0, 0x3e, 0x0, 0x0,
    0x0, 0x0, 0x0, 0x0, 0x0, 0x0, 0x0, 0x0,

    /* U+6635 "昵" */
    0x0, 0x0, 0x1, 0x77, 0x77, 0x77, 0x76, 0xf,
    0xff, 0xf3, 0x3f, 0xaa, 0xaa, 0xab, 0xe0, 0xf4,
    0x2e, 0x33, 0xf0, 0x0, 0x0, 0x3e, 0xf, 0x20,
    0xe3, 0x3f, 0x0, 0x0, 0x3, 0xe0, 0xf2, 0xe,
    0x33, 0xf8, 0x88, 0x88, 0xae, 0xf, 0x42, 0xe3,
    0x3f, 0x99, 0x99, 0x9a, 0xe0, 0xff, 0xff, 0x33,
    0xe0, 0x20, 0x0, 0x1, 0xf, 0x20, 0xe3, 0x4e,
    0xe, 0x30, 0x2, 0x40, 0xf2, 0xe, 0x35, 0xd0,
    0xe3, 0x6, 0xfa, 0xf, 0x20, 0xe3, 0x6b, 0xe,
    0x6c, 0xe4, 0x0, 0xf4, 0x2e, 0x3a, 0x80, 0xef,
    0x70, 0x0, 0xf, 0xff, 0xf3, 0xe5, 0xe, 0x40,
    0x0, 0x6a, 0xf2, 0x0, 0x4f, 0x0, 0xe3, 0x0,
    0x7, 0xb1, 0x0, 0xc, 0x90, 0xd, 0x71, 0x11,
    0xb8, 0x0, 0x7, 0xe1, 0x0, 0x6f, 0xff, 0xfd,
    0x20, 0x0, 0x3, 0x0, 0x0, 0x0, 0x0, 0x0,

    /* U+6636 "昶" */
    0x0, 0x0, 0x0, 0x0, 0x0, 0x0, 0x0, 0x0,
    0x0, 0x3, 0xe9, 0x30, 0x0, 0x33, 0x33, 0x33,
    0x0, 0x0, 0x3, 0x9f, 0x80, 0xf, 0xdd, 0xde,
    0xe0, 0x0, 0x12, 0x22, 0x21, 0x0, 0xf2, 0x0,
    0x3e, 0x0, 0xc, 0xff, 0xf9, 0x0, 0xf, 0x20,
    0x3, 0xe0, 0x0, 0x0, 0x8, 0x90, 0x33, 0xf2,
    0x0, 0x3e, 0x0, 0x1, 0x11, 0x8d, 0xd, 0x7f,
    0xba, 0xab, 0xe0, 0x4, 0xff, 0xc8, 0xfc, 0xa0,
    0xf7, 0x55, 0x7e, 0x0, 0x0, 0x9b, 0x8f, 0xc0,
    0xf, 0x20, 0x3, 0xe0, 0x0, 0xb, 0x88, 0xbd,
    0x0, 0xf2, 0x0, 0x3e, 0x0, 0x0, 0xf4, 0x89,
    0xc5, 0xf, 0x31, 0x14, 0xe0, 0x0, 0x4f, 0x8,
    0x94, 0xe1, 0xff, 0xff, 0xfe, 0x0, 0xb, 0x90,
    0x89, 0xa, 0xce, 0x10, 0x3, 0xe0, 0x4, 0xf2,
    0x8, 0x90, 0xc, 0xd3, 0x0, 0x0, 0x0, 0x37,
    0x10, 0xb8, 0x0, 0x9, 0xfd, 0x96, 0x42, 0x0,
    0xe, 0xff, 0x30, 0x0, 0x1, 0x7b, 0xef, 0xd0,
    0x0, 0x23, 0x10, 0x0, 0x0, 0x0, 0x0, 0x0,
    0x0,

    /* U+6641 "晁" */
    0x2, 0xee, 0xee, 0xee, 0xee, 0xee, 0xee, 0x0,
    0x2, 0xf3, 0x22, 0x22, 0x22, 0x22, 0x4f, 0x0,
    0x2, 0xf3, 0x22, 0x22, 0x22, 0x22, 0x4f, 0x0,
    0x2, 0xfe, 0xee, 0xee, 0xee, 0xee, 0xef, 0x0,
    0x2, 0xf1, 0x0, 0x0, 0x0, 0x0, 0x3f, 0x0,
    0x2, 0xff, 0xff, 0xff, 0xff, 0xff, 0xff, 0x0,
    0x0, 0x60, 0x1, 0x20, 0x3, 0x0, 0x6, 0x0,
    0x3, 0xf8, 0x6, 0xc0, 0xf, 0x20, 0x9e, 0x0,
    0x0, 0x3d, 0x97, 0xb0, 0xf, 0x2c, 0xb1, 0x0,
    0x0, 0x0, 0x19, 0xa0, 0xf, 0x83, 0x0, 0x0,
    0x0, 0x5a, 0xef, 0x80, 0xf, 0xcf, 0xc6, 0x10,
    0x2f, 0xe8, 0x3f, 0x40, 0xf, 0x21, 0x7e, 0x93,
    0x4, 0x0, 0xbd, 0x0, 0xf, 0x20, 0x0, 0x7c,
    0x0, 0x4d, 0xe3, 0x0, 0xf, 0x71, 0x11, 0xb9,
    0x4e, 0xfa, 0x10, 0x0, 0x7, 0xff, 0xff, 0xc1,
    0x6, 0x10, 0x0, 0x0, 0x0, 0x0, 0x0, 0x0,

    /* U+664F "晏" */
    0x0, 0x6d, 0xdd, 0xdd, 0xdd, 0xdd, 0xdc, 0x0,
    0x0, 0x8a, 0x22, 0x22, 0x22, 0x22, 0x4f, 0x0,
    0x0, 0x8e, 0xcc, 0xcc, 0xcc, 0xcc, 0xcf, 0x0,
    0x0, 0x8a, 0x22, 0x22, 0x22, 0x22, 0x5f, 0x0,
    0x0, 0x8e, 0xcc, 0xcc, 0xcc, 0xcc, 0xcf, 0x0,
    0x0, 0x68, 0x33, 0x3a, 0x93, 0x33, 0x4b, 0x0,
    0x0, 0x0, 0x0, 0x7, 0xe1, 0x0, 0x0, 0x0,
    0xb, 0xff, 0xff, 0xff, 0xff, 0xff, 0xff, 0xf2,
    0xb, 0x70, 0x0, 0x67, 0x0, 0x0, 0x0, 0xf2,
    0x5, 0x42, 0x25, 0xf6, 0x22, 0x22, 0x22, 0x62,
    0x2d, 0xdd, 0xef, 0xdd, 0xdd, 0xdf, 0xed, 0xd7,
    0x0, 0x1, 0xd8, 0x0, 0x0, 0x6e, 0x10, 0x0,
    0x0, 0x3, 0x8c, 0xda, 0x69, 0xd2, 0x0, 0x0,
    0x0, 0x0, 0x25, 0x9f, 0xed, 0xea, 0x62, 0x0,
    0x8, 0xff, 0xdb, 0x73, 0x0, 0x16, 0xbf, 0x30,
    0x0, 0x10, 0x0, 0x0, 0x0, 0x0, 0x0, 0x0,

    /* U+6654 "晔" */
    0x0, 0x0, 0x0, 0x0, 0x0, 0x0, 0x0, 0x0,
    0x0, 0x0, 0x0, 0x4, 0xd0, 0x59, 0x0, 0x0,
    0xe, 0xee, 0xe0, 0xc, 0x50, 0x6b, 0x4, 0xb0,
    0xf, 0x22, 0xf0, 0x4f, 0x0, 0x6b, 0x6f, 0x50,
    0xf, 0x1, 0xf1, 0xef, 0x0, 0x6f, 0xe3, 0x0,
    0xf, 0x1, 0xfa, 0xcf, 0x5, 0xed, 0x10, 0x34,
    0xf, 0x1, 0xfc, 0x3f, 0xae, 0xbb, 0x0, 0x7a,
    0xf, 0xbb, 0xf0, 0x2f, 0x31, 0x6c, 0x0, 0xa8,
    0xf, 0x55, 0xf0, 0x2f, 0x0, 0x2e, 0xff, 0xe2,
    0xf, 0x1, 0xf0, 0x4, 0x2, 0xb0, 0x11, 0x0,
    0xf, 0x1, 0xf0, 0x11, 0x14, 0xe1, 0x11, 0x11,
    0xf, 0x1, 0xf8, 0xff, 0xff, 0xff, 0xff, 0xf9,
    0xf, 0x33, 0xf0, 0x11, 0x14, 0xe1, 0x11, 0x10,
    0xf, 0xdd, 0xf0, 0x0, 0x3, 0xe0, 0x0, 0x0,
    0x7, 0x0, 0x20, 0x0, 0x3, 0xe0, 0x0, 0x0,
    0x0, 0x0, 0x0, 0x0, 0x3, 0xe0, 0x0, 0x0,

    /* U+6656 "晖" */
    0x0, 0x0, 0x16, 0x66, 0x66, 0x66, 0x66, 0x1f,
    0xff, 0xf5, 0xfb, 0xbb, 0xbb, 0xbb, 0xf2, 0xf3,
    0x2f, 0x5e, 0x1, 0xc2, 0x0, 0xf, 0x2f, 0x20,
    0xf3, 0x50, 0x7d, 0x0, 0x0, 0x50, 0xf2, 0xf,
    0x8f, 0xff, 0xff, 0xff, 0xff, 0x5f, 0x20, 0xf3,
    0x29, 0xd2, 0x43, 0x22, 0x20, 0xfe, 0xdf, 0x31,
    0xf4, 0xc, 0x70, 0x0, 0xf, 0x54, 0xf3, 0x9c,
    0x11, 0xc7, 0x11, 0x10, 0xf2, 0xf, 0x3d, 0xff,
    0xff, 0xff, 0xff, 0x1f, 0x20, 0xf3, 0x0, 0x0,
    0xc7, 0x0, 0x0, 0xf2, 0xf, 0x30, 0x0, 0xc,
    0x70, 0x0, 0xf, 0x54, 0xf9, 0xee, 0xee, 0xff,
    0xee, 0xe7, 0xfd, 0xdf, 0x44, 0x44, 0x4d, 0x94,
    0x44, 0x2e, 0x10, 0x81, 0x0, 0x0, 0xc7, 0x0,
    0x0, 0x0, 0x0, 0x0, 0x0, 0xc, 0x70, 0x0,
    0x0,

    /* U+6657 "晗" */
    0x0, 0x0, 0x0, 0x0, 0x0, 0x30, 0x0, 0x0,
    0x0, 0x0, 0x0, 0x0, 0x9, 0xf5, 0x0, 0x0,
    0xf, 0xff, 0xf2, 0x0, 0x5e, 0x5e, 0x20, 0x0,
    0xf, 0x11, 0xe2, 0x5, 0xf5, 0x17, 0xe2, 0x0,
    0xf, 0x0, 0xe3, 0x9f, 0x57, 0xc0, 0x7f, 0x70,
    0xf, 0x0, 0xec, 0xe3, 0x0, 0xb2, 0x5, 0xe5,
    0xf, 0x0, 0xe2, 0x2a, 0xaa, 0xaa, 0xa7, 0x0,
    0xf, 0xff, 0xf2, 0x17, 0x77, 0x77, 0xe9, 0x0,
    0xf, 0x10, 0xe2, 0x0, 0x0, 0x5, 0xe1, 0x0,
    0xf, 0x0, 0xe2, 0x0, 0x0, 0x8, 0x50, 0x0,
    0xf, 0x0, 0xe2, 0x4f, 0xff, 0xff, 0xff, 0x40,
    0xf, 0x0, 0xe2, 0x4e, 0x22, 0x22, 0x2e, 0x40,
    0xf, 0x98, 0xf2, 0x4e, 0x0, 0x0, 0xe, 0x40,
    0xf, 0x88, 0xf2, 0x4e, 0x0, 0x0, 0xe, 0x40,
    0x6, 0x0, 0x10, 0x4f, 0xff, 0xff, 0xff, 0x40,
    0x0, 0x0, 0x0, 0x4e, 0x22, 0x22, 0x2e, 0x40,

    /* U+665F "晟" */
    0x0, 0xbc, 0xcc, 0xcc, 0xcc, 0xcc, 0xcc, 0x0,
    0x0, 0xe5, 0x22, 0x22, 0x22, 0x22, 0x3f, 0x10,
    0x0, 0xee, 0xdd, 0xdd, 0xdd, 0xdd, 0xdf, 0x10,
    0x0, 0xe4, 0x11, 0x11, 0x11, 0x11, 0x1f, 0x10,
    0x0, 0xef, 0xff, 0xff, 0xff, 0xff, 0xff, 0x10,
    0x0, 0x82, 0x0, 0x0, 0x15, 0x7, 0x80, 0x0,
    0x0, 0x0, 0x0, 0x0, 0x3e, 0x2, 0xd4, 0x0,
    0x0, 0xfe, 0xee, 0xee, 0xef, 0xee, 0xee, 0xe2,
    0x0, 0xf1, 0x0, 0x0, 0xf, 0x20, 0x6, 0x10,
    0x1, 0xff, 0xff, 0xf5, 0xc, 0x50, 0x5d, 0x10,
    0x2, 0xf0, 0x0, 0xc5, 0x8, 0xb4, 0xf3, 0x0,
    0x5, 0xc0, 0x0, 0xd4, 0x1, 0xff, 0x40, 0x43,
    0xb, 0x82, 0x46, 0xf1, 0x7, 0xfc, 0x0, 0xa8,
    0x2f, 0x25, 0xdd, 0x74, 0xdd, 0x4c, 0xb2, 0xe4,
    0x88, 0x0, 0x0, 0x1c, 0x60, 0x0, 0x9f, 0xb0,
    0x0, 0x0, 0x0, 0x0, 0x0, 0x0, 0x0, 0x0,

    /* U+6661 "晡" */
    0x0, 0x0, 0x0, 0x0, 0x0, 0x10, 0x0, 0x0,
    0x0, 0x0, 0x0, 0x0, 0x0, 0xf2, 0xb8, 0x0,
    0x1f, 0xff, 0xe1, 0x22, 0x22, 0xf4, 0x5e, 0x41,
    0x1e, 0x1, 0xf6, 0xff, 0xff, 0xff, 0xff, 0xfb,
    0x1e, 0x1, 0xf0, 0x0, 0x0, 0xf2, 0x0, 0x0,
    0x1e, 0x1, 0xf0, 0x45, 0x55, 0xf6, 0x55, 0x50,
    0x1e, 0x1, 0xf0, 0xed, 0xcc, 0xfc, 0xcc, 0xf0,
    0x1f, 0xbc, 0xf0, 0xe3, 0x0, 0xf2, 0x2, 0xf0,
    0x1e, 0x1, 0xf0, 0xed, 0xdd, 0xfd, 0xdd, 0xf0,
    0x1e, 0x1, 0xf0, 0xe6, 0x33, 0xf5, 0x35, 0xf0,
    0x1e, 0x1, 0xf0, 0xe3, 0x0, 0xf2, 0x2, 0xf0,
    0x1e, 0x1, 0xf0, 0xee, 0xdd, 0xfe, 0xde, 0xf0,
    0x1f, 0xff, 0xf0, 0xe6, 0x33, 0xf5, 0x35, 0xf0,
    0x1e, 0x1, 0xf0, 0xe3, 0x0, 0xf2, 0x2, 0xf0,
    0x5, 0x0, 0x0, 0xe3, 0x0, 0xf3, 0x26, 0xf0,
    0x0, 0x0, 0x0, 0xe3, 0x0, 0xf7, 0xff, 0x90,
    0x0, 0x0, 0x0, 0x10, 0x0, 0x0, 0x0, 0x0,

    /* U+6677 "晷" */
    0x0, 0xde, 0xee, 0xee, 0xee, 0xee, 0xe7, 0x0,
    0x0, 0xe3, 0x0, 0x0, 0x0, 0x0, 0x98, 0x0,
    0x0, 0xef, 0xff, 0xff, 0xff, 0xff, 0xf8, 0x0,
    0x0, 0xe3, 0x0, 0x0, 0x0, 0x0, 0x98, 0x0,
    0x0, 0xee, 0xee, 0xee, 0xee, 0xee, 0xf8, 0x0,
    0x0, 0x7, 0x80, 0x0, 0x3, 0xe4, 0x11, 0x0,
    0x0, 0x7f, 0xee, 0xef, 0xa3, 0xfe, 0xe7, 0x0,
    0x1a, 0xde, 0x30, 0x7d, 0x23, 0xe0, 0x5d, 0xe1,
    0x38, 0x4, 0xfd, 0xe1, 0x2, 0xa0, 0x0, 0x30,
    0x0, 0x4a, 0xea, 0xef, 0xee, 0xee, 0xee, 0xf4,
    0x8f, 0xd8, 0x10, 0x1, 0x22, 0x22, 0x22, 0x20,
    0x22, 0x6f, 0xff, 0xff, 0xff, 0xff, 0xf4, 0x0,
    0x0, 0x6c, 0x0, 0x0, 0x0, 0x0, 0xe4, 0x0,
    0x0, 0x6c, 0x0, 0x0, 0x0, 0x0, 0xe4, 0x0,
    0x0, 0x6f, 0xff, 0xff, 0xff, 0xff, 0xf4, 0x0,

    /* U+6684 "暄" */
    0x0, 0x0, 0x0, 0x0, 0x0, 0x30, 0x0, 0x0,
    0x0, 0x0, 0x0, 0x0, 0x2, 0xf2, 0x0, 0x0,
    0x1f, 0xff, 0xe0, 0xcc, 0xcc, 0xfd, 0xcc, 0xc8,
    0x1f, 0x24, 0xf1, 0xf6, 0x44, 0x44, 0x44, 0x9b,
    0x1f, 0x2, 0xf0, 0x71, 0x0, 0x0, 0x0, 0x35,
    0x1f, 0x2, 0xf0, 0x2f, 0xff, 0xff, 0xff, 0xc0,
    0x1f, 0x2, 0xf0, 0x0, 0x0, 0x0, 0x0, 0x0,
    0x1f, 0xff, 0xf0, 0x4f, 0xff, 0xff, 0xff, 0xd0,
    0x1f, 0x13, 0xf0, 0x4d, 0x0, 0x0, 0x3, 0xe0,
    0x1f, 0x2, 0xf0, 0x4f, 0xcc, 0xcc, 0xcc, 0xe0,
    0x1f, 0x2, 0xf0, 0x4e, 0x33, 0x33, 0x36, 0xe0,
    0x1f, 0x2, 0xf0, 0x4d, 0x0, 0x0, 0x3, 0xe0,
    0x1f, 0xab, 0xf0, 0x4f, 0xff, 0xff, 0xff, 0xe0,
    0x1f, 0x44, 0x40, 0x26, 0x0, 0x0, 0x1, 0x70,
    0x5, 0x0, 0x6, 0xdd, 0xdd, 0xdd, 0xdd, 0xdc,
    0x0, 0x0, 0x1, 0x33, 0x33, 0x33, 0x33, 0x33,

    /* U+668C "暌" */
    0x0, 0x0, 0x0, 0x0, 0x3, 0x30, 0x0, 0x0,
    0x0, 0x0, 0x77, 0x77, 0x79, 0x7, 0x50, 0xdd,
    0xdd, 0x9, 0x9a, 0xd4, 0xdc, 0xb1, 0xf, 0x44,
    0xf2, 0xa0, 0x88, 0xe, 0x70, 0x54, 0xf1, 0xf,
    0xb, 0xbe, 0x20, 0x8a, 0x9e, 0x4f, 0x10, 0xf0,
    0x1f, 0x80, 0x0, 0xdc, 0x0, 0xf1, 0xf, 0x2c,
    0xc3, 0x33, 0x35, 0xe8, 0xf, 0xff, 0xfd, 0xb4,
    0xee, 0xfe, 0xd2, 0xd9, 0xf2, 0x2f, 0x20, 0x0,
    0x5b, 0x0, 0x0, 0x1f, 0x10, 0xf0, 0x0, 0x6,
    0xa0, 0x0, 0x0, 0xf1, 0xf, 0x5e, 0xee, 0xff,
    0xee, 0xeb, 0xf, 0x10, 0xf1, 0x33, 0x3c, 0x93,
    0x33, 0x20, 0xfe, 0xef, 0x0, 0x3, 0xff, 0x80,
    0x0, 0xf, 0x32, 0x20, 0x3, 0xe7, 0x2c, 0xd3,
    0x0, 0x50, 0x0, 0x3a, 0xf8, 0x0, 0x8, 0xf9,
    0x0, 0x0, 0x6, 0xc3, 0x0, 0x0, 0x4, 0xa0,
    0x0, 0x0, 0x0, 0x0, 0x0, 0x0, 0x0, 0x0,

    /* U+669D "暝" */
    0x0, 0x0, 0x0, 0x22, 0x22, 0x22, 0x22, 0x22,
    0x2, 0xff, 0xfe, 0x2f, 0xdd, 0xdd, 0xdd, 0xde,
    0xb0, 0x2e, 0x13, 0xe2, 0xf0, 0x0, 0x0, 0x0,
    0x5b, 0x2, 0xe0, 0x2e, 0x3, 0xff, 0xff, 0xff,
    0xfd, 0x0, 0x2e, 0x2, 0xe0, 0x2e, 0x0, 0x0,
    0x4, 0xd0, 0x2, 0xe0, 0x2e, 0x2, 0xf3, 0x33,
    0x33, 0x6d, 0x0, 0x2f, 0x9a, 0xe0, 0x2f, 0xcc,
    0xcc, 0xcc, 0xd0, 0x2, 0xf6, 0x7e, 0x2, 0xe0,
    0x0, 0x0, 0x4d, 0x0, 0x2e, 0x2, 0xe0, 0x2f,
    0xff, 0xff, 0xff, 0xd0, 0x2, 0xe0, 0x2e, 0x1,
    0x50, 0xb, 0x70, 0x15, 0x0, 0x2e, 0x2, 0xe3,
    0xbb, 0xbb, 0xde, 0xbb, 0xbb, 0x2, 0xfd, 0xde,
    0x14, 0x47, 0x84, 0x49, 0x54, 0x40, 0x2f, 0x33,
    0x30, 0x4, 0xe9, 0x0, 0xdc, 0x20, 0x1, 0x80,
    0x0, 0x8, 0xf7, 0x0, 0x0, 0xae, 0x40, 0x0,
    0x0, 0x5, 0xe4, 0x0, 0x0, 0x0, 0x7b, 0x0,
    0x0, 0x0, 0x0, 0x0, 0x0, 0x0, 0x0, 0x0,

    /* U+66A7 "暧" */
    0x0, 0x0, 0x1, 0x67, 0x88, 0x9b, 0xcd, 0xd0,
    0x1e, 0xee, 0xe2, 0xbb, 0x9a, 0xb6, 0x5a, 0x40,
    0x1f, 0x22, 0xf1, 0x5c, 0x4, 0xc0, 0x2f, 0x20,
    0x1f, 0x0, 0xf1, 0xc, 0x20, 0xb1, 0x97, 0x0,
    0x1f, 0x0, 0xf4, 0xff, 0xff, 0xff, 0xff, 0xf2,
    0x1f, 0x0, 0xf4, 0xe0, 0x24, 0x0, 0x0, 0xe3,
    0x1f, 0x99, 0xf3, 0x91, 0x8a, 0x11, 0x11, 0x92,
    0x1f, 0x88, 0xf7, 0xff, 0xff, 0xff, 0xff, 0xf5,
    0x1f, 0x0, 0xf1, 0x3, 0xe0, 0x0, 0x0, 0x0,
    0x1f, 0x0, 0xf1, 0xa, 0xff, 0xff, 0xff, 0x50,
    0x1f, 0x0, 0xf1, 0x4e, 0xe3, 0x0, 0x7d, 0x0,
    0x1f, 0xee, 0xf2, 0xe5, 0x4e, 0x58, 0xe2, 0x0,
    0x1f, 0x22, 0x3c, 0xa0, 0x7, 0xff, 0x40, 0x0,
    0x6, 0x0, 0x4d, 0x37, 0xce, 0x79, 0xfc, 0x93,
    0x0, 0x0, 0x1, 0x7c, 0x60, 0x0, 0x16, 0xa2,

    /* U+66BE "暾" */
    0x0, 0x0, 0x0, 0x0, 0x0, 0x0, 0x0, 0x0,
    0x0, 0x0, 0x0, 0x6d, 0x0, 0x2, 0xd0, 0x0,
    0xc, 0xcc, 0x20, 0x1e, 0x40, 0x5, 0xb0, 0x0,
    0x1e, 0x3d, 0x9e, 0xee, 0xee, 0x99, 0x81, 0x10,
    0x1e, 0xc, 0x30, 0x0, 0x0, 0xd, 0xff, 0xf8,
    0x1e, 0xc, 0x3c, 0xee, 0xee, 0x2f, 0x21, 0xf0,
    0x1e, 0xc, 0x3c, 0x30, 0x1e, 0x8f, 0x33, 0xd0,
    0x1f, 0xbe, 0x3c, 0xa8, 0x9e, 0xec, 0x55, 0xb0,
    0x1e, 0x4d, 0x39, 0x75, 0x6b, 0x46, 0x87, 0x90,
    0x1e, 0xc, 0x5e, 0xee, 0xee, 0x43, 0xcb, 0x50,
    0x1e, 0xc, 0x30, 0x2, 0xca, 0x0, 0xef, 0x10,
    0x1e, 0xc, 0x30, 0xe, 0x81, 0x20, 0xab, 0x0,
    0x1f, 0xff, 0x9b, 0xcf, 0xfe, 0x92, 0xfe, 0x0,
    0x1e, 0xc, 0x76, 0x4f, 0x40, 0xc, 0x9b, 0x70,
    0x6, 0x0, 0x1, 0x1f, 0x30, 0xad, 0x2, 0xf4,
    0x0, 0x0, 0xf, 0xfc, 0x3, 0xe2, 0x0, 0x67,
    0x0, 0x0, 0x0, 0x0, 0x0, 0x10, 0x0, 0x0,

    /* U+66DB "曛" */
    0x0, 0x0, 0x1, 0x66, 0x77, 0x89, 0xab, 0xb0,
    0x1f, 0xff, 0xe0, 0x88, 0x88, 0xf6, 0x54, 0x30,
    0x1e, 0x1, 0xe4, 0x88, 0x89, 0xf8, 0x88, 0x83,
    0x1e, 0x1, 0xe2, 0x44, 0x45, 0xf4, 0x44, 0x41,
    0x1e, 0x1, 0xe0, 0xcc, 0xcc, 0xfc, 0xcc, 0xb0,
    0x1e, 0x24, 0xe0, 0xf2, 0x62, 0xe0, 0x73, 0xe0,
    0x1f, 0xdd, 0xe0, 0xf0, 0xb2, 0xe3, 0x91, 0xe0,
    0x1e, 0x1, 0xe0, 0xfd, 0xdd, 0xfd, 0xdd, 0xe0,
    0x1e, 0x1, 0xe0, 0x50, 0x1, 0xe0, 0x0, 0x50,
    0x1e, 0x1, 0xe0, 0xbd, 0xdd, 0xfd, 0xdd, 0xb0,
    0x1e, 0x12, 0xe0, 0x0, 0x2, 0xe0, 0x0, 0x0,
    0x1f, 0xff, 0xe9, 0xdd, 0xdd, 0xfd, 0xdd, 0xd9,
    0x1e, 0x1, 0xe0, 0x80, 0x31, 0x6, 0x1, 0x70,
    0x5, 0x0, 0x5, 0xc0, 0x97, 0xc, 0x50, 0xd5,
    0x0, 0x0, 0xc, 0x40, 0x49, 0x5, 0x70, 0x49,
    0x0, 0x0, 0x0, 0x0, 0x0, 0x0, 0x0, 0x0,

    /* U+66DC "曜" */
    0x0, 0x0, 0x5, 0x99, 0x99, 0x39, 0x99, 0x90,
    0x2f, 0xff, 0xe3, 0x66, 0x6f, 0x27, 0x66, 0xf1,
    0x2f, 0x2, 0xe1, 0xe8, 0x1f, 0x1d, 0xb2, 0xf1,
    0x2f, 0x2, 0xe0, 0x19, 0x1f, 0x0, 0x74, 0xf1,
    0x2f, 0x2, 0xe4, 0x9d, 0x9f, 0x6d, 0xe7, 0xf1,
    0x2f, 0x2, 0xe6, 0x79, 0x1b, 0x62, 0x0, 0xf1,
    0x2f, 0xff, 0xe0, 0x3e, 0x0, 0xc7, 0x0, 0x0,
    0x2f, 0x35, 0xe0, 0xcf, 0xff, 0xff, 0xff, 0xf4,
    0x2f, 0x2, 0xe6, 0xf2, 0x0, 0x69, 0x0, 0x0,
    0x2f, 0x2, 0xec, 0xee, 0xee, 0xff, 0xee, 0xe2,
    0x2f, 0x2, 0xe1, 0xe2, 0x0, 0x69, 0x0, 0x0,
    0x2f, 0xff, 0xe0, 0xee, 0xee, 0xff, 0xee, 0xe2,
    0x2f, 0x2, 0xe0, 0xe2, 0x0, 0x69, 0x0, 0x0,
    0x5, 0x0, 0x0, 0xec, 0xbb, 0xde, 0xbb, 0xb5,
    0x0, 0x0, 0x0, 0xe4, 0x33, 0x33, 0x33, 0x31,

    /* U+66E6 "曦" */
    0x0, 0x0, 0x0, 0x4, 0x20, 0x0, 0x4, 0x0,
    0x3, 0x33, 0x30, 0x4, 0xd3, 0x1, 0xc7, 0x0,
    0x2f, 0xcd, 0xe4, 0xaa, 0xcb, 0xad, 0xea, 0xa4,
    0x2e, 0x2, 0xe1, 0x33, 0x33, 0xe4, 0x33, 0x31,
    0x2e, 0x2, 0xe0, 0xdd, 0xdd, 0xfe, 0xdd, 0xc0,
    0x2e, 0x2, 0xe0, 0x0, 0x0, 0xe2, 0x0, 0x0,
    0x2e, 0x2, 0xe7, 0xdd, 0xdd, 0xdd, 0xdd, 0xd8,
    0x2f, 0xff, 0xe3, 0x89, 0xac, 0x86, 0x79, 0x60,
    0x2e, 0x13, 0xe1, 0x37, 0xb0, 0x6, 0x91, 0xa0,
    0x2e, 0x2, 0xea, 0xdf, 0xfd, 0xde, 0xfd, 0xd9,
    0x2e, 0x2, 0xe3, 0xca, 0xdd, 0x95, 0xb0, 0x73,
    0x2e, 0x2, 0xfe, 0x66, 0x93, 0x84, 0xd5, 0xe1,
    0x2f, 0xde, 0xe4, 0xea, 0x88, 0x80, 0xee, 0x30,
    0x2e, 0x24, 0xe0, 0xdc, 0xcc, 0x64, 0xf7, 0x3a,
    0x5, 0x0, 0x0, 0x0, 0x9, 0xbe, 0x7c, 0x79,
    0x0, 0x0, 0x0, 0xaf, 0xee, 0x32, 0x8, 0xe3,
    0x0, 0x0, 0x0, 0x0, 0x0, 0x0, 0x0, 0x0,

    /* U+66E9 "曩" */
    0x0, 0x6b, 0xbb, 0xbb, 0xbb, 0xbb, 0xb9, 0x0,
    0x0, 0x8, 0xa5, 0x55, 0x55, 0x55, 0x57, 0xd0,
    0x0, 0x0, 0x8a, 0x55, 0x55, 0x55, 0x55, 0x7d,
    0x0, 0x0, 0x8, 0xdb, 0xbb, 0xcd, 0xbb, 0xbc,
    0xd0, 0x0, 0x6, 0x66, 0x66, 0x6a, 0xd6, 0x66,
    0x66, 0x63, 0x0, 0x55, 0x55, 0x55, 0x55, 0x55,
    0x55, 0x55, 0x30, 0x0, 0xba, 0x99, 0xc7, 0x6d,
    0x99, 0x9e, 0x30, 0x0, 0xc, 0xa9, 0xac, 0x86,
    0xda, 0x99, 0xe3, 0x0, 0x3, 0xb9, 0x9f, 0xaa,
    0xab, 0xf9, 0x9b, 0x70, 0x0, 0x3, 0x33, 0xf4,
    0x33, 0x3f, 0x43, 0x32, 0x0, 0x0, 0x88, 0x8f,
    0x98, 0x88, 0xf9, 0x88, 0x40, 0x2, 0xaa, 0xaa,
    0xfa, 0xaa, 0xaf, 0xaa, 0xaa, 0x70, 0x0, 0x1,
    0x6b, 0xa3, 0x99, 0x11, 0x7b, 0x0, 0x2, 0xad,
    0xcd, 0x81, 0x47, 0x6d, 0xfc, 0x30, 0x0, 0x4,
    0x10, 0xae, 0xb9, 0x60, 0x3, 0x8b, 0xea, 0x0,
    0x0, 0x0, 0x0, 0x0, 0x0, 0x0, 0x0, 0x0,

    /* U+66F7 "曷" */
    0x0, 0x9c, 0xcc, 0xcc, 0xcc, 0xcc, 0xc2, 0x0,
    0xb, 0x83, 0x33, 0x33, 0x33, 0x3f, 0x30, 0x0,
    0xb7, 0x0, 0x0, 0x0, 0x0, 0xe3, 0x0, 0xb,
    0xfe, 0xee, 0xee, 0xee, 0xef, 0x30, 0x0, 0xb6,
    0x0, 0x0, 0x0, 0x0, 0xe3, 0x0, 0xb, 0xff,
    0xff, 0xff, 0xff, 0xff, 0x30, 0x0, 0xa, 0xa0,
    0x0, 0x0, 0x0, 0x61, 0x0, 0x8, 0xfe, 0xdd,
    0xdd, 0xdd, 0xdd, 0xd5, 0x9, 0xe3, 0x22, 0x2a,
    0x52, 0x22, 0x2d, 0x68, 0xdc, 0x30, 0x8, 0xf9,
    0x20, 0x0, 0xd5, 0x0, 0xe4, 0x4c, 0xc2, 0x8f,
    0xb3, 0xd, 0x50, 0xe, 0x5c, 0x60, 0x0, 0x17,
    0x30, 0xe4, 0x0, 0xef, 0xff, 0xff, 0xff, 0xfc,
    0x1f, 0x20, 0x0, 0x0, 0x0, 0x2, 0x53, 0x3a,
    0xe0, 0x0, 0x0, 0x0, 0x0, 0x2f, 0xff, 0xd3,
    0x0, 0x0, 0x0, 0x0, 0x0, 0x0, 0x0, 0x0,

    /* U+670A "朊" */
    0x4, 0x55, 0x51, 0x2, 0x22, 0x22, 0x22, 0x0,
    0xe, 0xcb, 0xf3, 0x2f, 0xff, 0xff, 0xff, 0x30,
    0xe, 0x20, 0xe3, 0x0, 0x0, 0x0, 0x0, 0x0,
    0xe, 0x20, 0xe3, 0x0, 0x0, 0x0, 0x0, 0x0,
    0xe, 0x98, 0xf3, 0x0, 0x0, 0x0, 0x0, 0x0,
    0xe, 0x86, 0xe3, 0xcd, 0xdd, 0xdd, 0xdd, 0xd2,
    0xe, 0x20, 0xe3, 0x45, 0xf7, 0x5e, 0x85, 0x50,
    0xe, 0x20, 0xe3, 0x0, 0xf3, 0xd, 0x50, 0x0,
    0xe, 0x42, 0xe3, 0x0, 0xf3, 0xd, 0x50, 0x0,
    0xe, 0xdd, 0xf3, 0x1, 0xf1, 0xd, 0x50, 0x0,
    0xf, 0x20, 0xe3, 0x3, 0xf0, 0xd, 0x50, 0x0,
    0xf, 0x10, 0xe3, 0x7, 0xc0, 0xd, 0x50, 0x57,
    0x3e, 0x0, 0xe3, 0xe, 0x70, 0xd, 0x50, 0x79,
    0x8a, 0x1, 0xf3, 0x9e, 0x10, 0xc, 0x81, 0xc6,
    0xc4, 0x9f, 0xc3, 0xf4, 0x0, 0x5, 0xff, 0xd1,
    0x0, 0x0, 0x0, 0x10, 0x0, 0x0, 0x0, 0x0,

    /* U+6710 "朐" */
    0x0, 0x0, 0x0, 0x0, 0x2, 0x0, 0x0, 0x0,
    0x0, 0x6, 0x77, 0x71, 0x4, 0xf2, 0x0, 0x0,
    0x0, 0x0, 0xea, 0x9f, 0x20, 0xbc, 0x22, 0x22,
    0x22, 0x0, 0xe, 0x30, 0xe2, 0x2f, 0xff, 0xff,
    0xff, 0xf1, 0x0, 0xe3, 0xe, 0x2c, 0xb0, 0x0,
    0x0, 0x1f, 0x10, 0xe, 0xa9, 0xf9, 0xf2, 0x0,
    0x0, 0x1, 0xf0, 0x0, 0xe7, 0x5f, 0x88, 0xff,
    0xff, 0xe0, 0x2f, 0x0, 0xe, 0x30, 0xe2, 0x2e,
    0x22, 0x4e, 0x2, 0xf0, 0x0, 0xe3, 0xe, 0x22,
    0xe0, 0x2, 0xe0, 0x3f, 0x0, 0xe, 0xa9, 0xf2,
    0x2e, 0x0, 0x2e, 0x3, 0xe0, 0x0, 0xe9, 0x7f,
    0x22, 0xe1, 0x13, 0xe0, 0x4e, 0x0, 0xf, 0x20,
    0xe2, 0x2f, 0xff, 0xfe, 0x4, 0xd0, 0x0, 0xf0,
    0xe, 0x22, 0xe0, 0x0, 0x0, 0x5d, 0x0, 0x4e,
    0x0, 0xe2, 0x0, 0x0, 0x0, 0x7, 0xc0, 0x9,
    0xa1, 0x1f, 0x20, 0x0, 0x53, 0x24, 0xd8, 0x0,
    0xd4, 0xcf, 0xc0, 0x0, 0xe, 0xff, 0xfb, 0x10,
    0x1, 0x0, 0x0, 0x0, 0x0, 0x0, 0x0, 0x0,
    0x0,

    /* U+6715 "朕" */
    0x0, 0x0, 0x0, 0x0, 0x0, 0x0, 0x0, 0x0,
    0x0, 0x3, 0x33, 0x31, 0x8, 0x70, 0x0, 0xa7,
    0x0, 0x0, 0xdd, 0xcf, 0x40, 0x3f, 0x30, 0x3f,
    0x30, 0x0, 0xd, 0x50, 0xe4, 0x0, 0x87, 0xc,
    0x80, 0x0, 0x0, 0xd5, 0xe, 0x49, 0xff, 0xff,
    0xff, 0xfd, 0x0, 0xd, 0x84, 0xe4, 0x23, 0x35,
    0xf3, 0x33, 0x30, 0x0, 0xdd, 0xbf, 0x40, 0x0,
    0x3f, 0x0, 0x0, 0x0, 0xd, 0x50, 0xe4, 0x0,
    0x3, 0xf0, 0x0, 0x0, 0x0, 0xd5, 0xe, 0x7f,
    0xff, 0xff, 0xff, 0xff, 0x60, 0xd, 0xdc, 0xf4,
    0x0, 0x7, 0xf5, 0x0, 0x0, 0x0, 0xd7, 0x4e,
    0x40, 0x0, 0xbe, 0xa0, 0x0, 0x0, 0xe, 0x40,
    0xe4, 0x0, 0x2f, 0x4f, 0x30, 0x0, 0x0, 0xf2,
    0xe, 0x40, 0xa, 0xc0, 0x8c, 0x0, 0x0, 0x3f,
    0x0, 0xe4, 0x6, 0xf3, 0x0, 0xea, 0x0, 0x8,
    0xb1, 0x2f, 0x47, 0xf8, 0x0, 0x3, 0xfc, 0x10,
    0xd5, 0x9f, 0xd3, 0xe8, 0x0, 0x0, 0x4, 0xc1,
    0x1, 0x0, 0x0, 0x1, 0x0, 0x0, 0x0, 0x0,
    0x0,

    /* U+6726 "朦" */
    0x0, 0x0, 0x0, 0x0, 0x0, 0x0, 0x0, 0x0,
    0x3, 0x33, 0x30, 0x0, 0xf1, 0x5, 0xb0, 0x0,
    0xe, 0xdc, 0xe4, 0xdd, 0xfd, 0xde, 0xfd, 0xd4,
    0xe, 0x31, 0xe0, 0x22, 0xe3, 0x26, 0xb2, 0x20,
    0xe, 0x31, 0xe4, 0xbb, 0xbb, 0xbb, 0xbb, 0xb0,
    0xe, 0x76, 0xe5, 0xc2, 0x33, 0x33, 0x33, 0xf1,
    0xe, 0xaa, 0xe2, 0x48, 0xff, 0xff, 0xf3, 0x60,
    0xe, 0x31, 0xe0, 0x0, 0x0, 0x0, 0x0, 0x0,
    0xe, 0x31, 0xe0, 0xde, 0xef, 0xfe, 0xee, 0xb0,
    0xe, 0x53, 0xe0, 0x3, 0xaf, 0x50, 0x4, 0x20,
    0xe, 0xdd, 0xe2, 0xeb, 0x5c, 0xb0, 0x9d, 0x40,
    0xe, 0x21, 0xe0, 0x26, 0xd9, 0xde, 0xf2, 0x0,
    0xf, 0x11, 0xe5, 0xf9, 0x38, 0xfb, 0x6a, 0x0,
    0x2f, 0x1, 0xe0, 0x27, 0xe8, 0x5d, 0xd, 0x90,
    0x8c, 0x14, 0xe6, 0xf9, 0x41, 0x8c, 0x1, 0xd4,
    0xb6, 0xff, 0x81, 0x10, 0xdf, 0xe4, 0x0, 0x0,
    0x0, 0x0, 0x0, 0x0, 0x0, 0x0, 0x0, 0x0,

    /* U+6772 "杲" */
    0x0, 0x33, 0x33, 0x33, 0x33, 0x33, 0x33, 0x0,
    0x2, 0xfe, 0xee, 0xee, 0xee, 0xee, 0xef, 0x20,
    0x2, 0xf0, 0x0, 0x0, 0x0, 0x0, 0xf, 0x20,
    0x2, 0xff, 0xff, 0xff, 0xff, 0xff, 0xff, 0x20,
    0x2, 0xf2, 0x22, 0x22, 0x22, 0x22, 0x2f, 0x20,
    0x2, 0xf2, 0x22, 0x22, 0x22, 0x22, 0x2f, 0x20,
    0x2, 0xff, 0xff, 0xff, 0xff, 0xff, 0xff, 0x20,
    0x1, 0x80, 0x0, 0x9, 0x70, 0x0, 0x8, 0x10,
    0x2, 0x22, 0x22, 0x2b, 0x92, 0x22, 0x22, 0x20,
    0xf, 0xff, 0xff, 0xff, 0xff, 0xff, 0xff, 0xf0,
    0x0, 0x0, 0x2, 0xdd, 0xdb, 0x10, 0x0, 0x0,
    0x0, 0x0, 0x7d, 0x3a, 0x85, 0xd6, 0x0, 0x0,
    0x0, 0x5d, 0xb1, 0xa, 0x80, 0x2c, 0xd6, 0x10,
    0x5e, 0xe6, 0x0, 0xa, 0x80, 0x0, 0x5d, 0xf8,
    0x26, 0x0, 0x0, 0xa, 0x80, 0x0, 0x0, 0x41,

    /* U+6A28 "樨" */
    0x0, 0x5, 0x20, 0x0, 0x0, 0x0, 0x0, 0x0,
    0x0, 0x0, 0xb5, 0x1, 0x33, 0x33, 0x33, 0x33,
    0x30, 0x0, 0xb, 0x50, 0x7e, 0xbb, 0xbb, 0xbb,
    0xce, 0x0, 0x0, 0xb5, 0x7, 0x90, 0x0, 0x0,
    0x2, 0xe0, 0xb, 0xef, 0xee, 0x8d, 0xaa, 0xaa,
    0xaa, 0xbe, 0x0, 0x12, 0xf6, 0x27, 0xb9, 0x84,
    0x7c, 0x46, 0xd0, 0x0, 0x3f, 0x50, 0x79, 0x5b,
    0xd5, 0xc7, 0xd8, 0x0, 0x8, 0xfd, 0x67, 0x90,
    0x16, 0x7c, 0x62, 0x0, 0x0, 0xdc, 0x7e, 0x9c,
    0xdd, 0x97, 0xd6, 0xbd, 0x40, 0x6b, 0xb5, 0x19,
    0x82, 0x91, 0x1a, 0x0, 0x10, 0xd, 0x4b, 0x50,
    0xa6, 0x7f, 0x23, 0xe1, 0x11, 0x0, 0x90, 0xb5,
    0xd, 0x5e, 0xed, 0xef, 0xdd, 0xc0, 0x0, 0xb,
    0x51, 0xf6, 0xa0, 0x2, 0xe0, 0x0, 0x0, 0x0,
    0xb5, 0x6b, 0xaf, 0xff, 0xff, 0xff, 0xf5, 0x0,
    0xb, 0x6e, 0x50, 0x0, 0x2, 0xe0, 0x0, 0x0,
    0x0, 0xb6, 0xa0, 0x0, 0x0, 0x2e, 0x0, 0x0,

    /* U+6A35 "樵" */
    0x0, 0x4, 0x20, 0x0, 0x41, 0x4, 0x0, 0x0,
    0x0, 0x0, 0xb6, 0x0, 0xf, 0x40, 0xd7, 0x0,
    0x0, 0x0, 0xb, 0x60, 0x6, 0xd0, 0x4, 0x90,
    0x0, 0x0, 0x0, 0xb6, 0x0, 0xdf, 0xff, 0xff,
    0xff, 0xf0, 0xa, 0xbe, 0xdb, 0x7f, 0x20, 0xc,
    0x50, 0x0, 0x0, 0x67, 0xfa, 0x7f, 0xf5, 0x33,
    0xc7, 0x33, 0x10, 0x0, 0x4f, 0x61, 0xae, 0xdd,
    0xdf, 0xdd, 0xd7, 0x0, 0xa, 0xfd, 0x70, 0xe2,
    0x0, 0xc5, 0x0, 0x0, 0x1, 0xeb, 0x7d, 0x4e,
    0xff, 0xff, 0xff, 0xf8, 0x0, 0x8a, 0xb6, 0x10,
    0xe3, 0x0, 0xc5, 0x0, 0x0, 0xe, 0x3b, 0x60,
    0xe, 0x30, 0xc, 0x50, 0x0, 0x0, 0x60, 0xb6,
    0x0, 0xef, 0xff, 0xff, 0xff, 0xf0, 0x0, 0xb,
    0x60, 0x6, 0x0, 0x0, 0x10, 0x41, 0x0, 0x0,
    0xb6, 0x6, 0xb1, 0xf0, 0x7b, 0xa, 0x90, 0x0,
    0xb, 0x60, 0xc4, 0xd, 0x51, 0xf1, 0x3f, 0x10,
    0x0, 0xb6, 0x1d, 0x0, 0x64, 0x7, 0x10, 0x92,
    0x0, 0x0, 0x0, 0x0, 0x0, 0x0, 0x0, 0x0,
    0x0,

    /* U+6A3D "樽" */
    0x0, 0x33, 0x0, 0x2, 0x40, 0x0, 0x51, 0x0,
    0x0, 0x88, 0x0, 0x3, 0xe2, 0x4, 0xe1, 0x0,
    0x0, 0x88, 0xc, 0xee, 0xfe, 0xef, 0xfe, 0xe8,
    0x35, 0xba, 0x50, 0x0, 0x3c, 0xd, 0x20, 0x0,
    0x7b, 0xed, 0xb3, 0xbb, 0xcf, 0xbf, 0xcb, 0xa0,
    0x0, 0xd8, 0x3, 0xe2, 0x9a, 0x2d, 0x43, 0xf0,
    0x2, 0xf8, 0x3, 0xd6, 0xf3, 0xb, 0xeb, 0xf0,
    0x6, 0xfd, 0xb3, 0xd5, 0x40, 0x0, 0x22, 0xf0,
    0xd, 0xb8, 0xcb, 0xfd, 0xdd, 0xdd, 0xdd, 0xf0,
    0x4d, 0x88, 0x24, 0xd0, 0x0, 0x0, 0x1, 0xf0,
    0xb7, 0x88, 0x3, 0xfd, 0xdd, 0xdd, 0xee, 0xf0,
    0x91, 0x88, 0x0, 0x0, 0x0, 0x0, 0xa7, 0x0,
    0x0, 0x88, 0x4e, 0xee, 0xee, 0xee, 0xff, 0xea,
    0x0, 0x88, 0x0, 0x5d, 0x20, 0x0, 0xa7, 0x0,
    0x0, 0x88, 0x0, 0x7, 0xc1, 0x11, 0xc6, 0x0,
    0x0, 0x88, 0x0, 0x0, 0x4, 0xff, 0xe2, 0x0,
    0x0, 0x0, 0x0, 0x0, 0x0, 0x0, 0x0, 0x0,

    /* U+6A3E "樾" */
    0x0, 0x41, 0x0, 0x4, 0x0, 0x0, 0x40, 0x0,
    0x0, 0xc4, 0x0, 0x2e, 0x0, 0x0, 0xf9, 0x80,
    0x0, 0xc4, 0x0, 0x2e, 0x0, 0x0, 0xf3, 0xd6,
    0x0, 0xc4, 0xd, 0xff, 0xf6, 0x55, 0xf7, 0x74,
    0x8f, 0xff, 0xe1, 0x3e, 0x11, 0xfb, 0xfb, 0xb6,
    0x0, 0xe5, 0x0, 0x2e, 0x1, 0xe0, 0xd3, 0x42,
    0x2, 0xf8, 0x4e, 0xef, 0xea, 0xe0, 0xc4, 0xc4,
    0x6, 0xfd, 0x72, 0x2c, 0x52, 0xe0, 0xa7, 0xf0,
    0xc, 0xd7, 0xe6, 0x3c, 0x41, 0xe0, 0x9e, 0xa0,
    0x3c, 0xc4, 0x5b, 0x5c, 0x73, 0xeb, 0x9f, 0x30,
    0x97, 0xc4, 0xc, 0x4c, 0xda, 0xf9, 0x8e, 0xb,
    0x61, 0xc4, 0xf, 0x6c, 0x41, 0x63, 0xff, 0x4a,
    0x0, 0xc4, 0x1f, 0xed, 0x40, 0x2e, 0x46, 0xe6,
    0x0, 0xc4, 0x6c, 0x6f, 0x92, 0x35, 0x0, 0x10,
    0x0, 0xc4, 0xc7, 0x4, 0xcf, 0xfd, 0xdd, 0xe9,
    0x0, 0xc4, 0x80, 0x0, 0x1, 0x34, 0x44, 0x42,
    0x0, 0x0, 0x0, 0x0, 0x0, 0x0, 0x0, 0x0,

    /* U+6A50 "橐" */
    0x0, 0x0, 0x0, 0x2, 0x40, 0x0, 0x0, 0x0,
    0x4, 0x44, 0x44, 0x48, 0xd4, 0x44, 0x44, 0x42,
    0x8, 0x88, 0x88, 0x8a, 0xe8, 0x88, 0x88, 0x85,
    0x0, 0x5b, 0xbb, 0xbd, 0xeb, 0xbb, 0xb9, 0x0,
    0x0, 0x7b, 0x22, 0x26, 0xc2, 0x22, 0x5d, 0x0,
    0x0, 0x6c, 0x99, 0x9b, 0xe9, 0x99, 0xac, 0x0,
    0xc, 0xcc, 0xcc, 0xcd, 0xfc, 0xcc, 0xcc, 0xc5,
    0xf, 0x35, 0x55, 0x55, 0x55, 0x55, 0x55, 0x97,
    0x9, 0x25, 0x9f, 0x65, 0x55, 0x55, 0x54, 0x54,
    0x0, 0x19, 0xfc, 0xaa, 0xaa, 0xaa, 0xb6, 0x0,
    0xa, 0xe9, 0xe3, 0x33, 0x33, 0x33, 0xa8, 0x0,
    0x5, 0x12, 0xc7, 0x7a, 0xd7, 0x77, 0xa6, 0x0,
    0xa, 0xbb, 0xbb, 0xbd, 0xeb, 0xbb, 0xbb, 0xb4,
    0x0, 0x0, 0x17, 0xd9, 0xdb, 0xa4, 0x0, 0x0,
    0x14, 0x8c, 0xd6, 0x5, 0xc0, 0x4a, 0xeb, 0x74,
    0x2b, 0x73, 0x0, 0x5, 0xc0, 0x0, 0x5, 0x85,

    /* U+6A58 "橘" */
    0x0, 0x5, 0x20, 0x0, 0x0, 0x0, 0x0, 0x0,
    0x0, 0x0, 0xb5, 0x1, 0xdd, 0xdd, 0xdd, 0xdd,
    0x60, 0x0, 0xb, 0x50, 0x1, 0x8a, 0x31, 0x5d,
    0x91, 0x0, 0x45, 0xd8, 0x50, 0x1, 0x6c, 0xde,
    0x30, 0x0, 0x8, 0xbf, 0xcb, 0x8c, 0xcc, 0xce,
    0xfc, 0xcc, 0x30, 0x0, 0xf5, 0x1, 0x22, 0xbc,
    0x4f, 0x23, 0xf2, 0x0, 0x5f, 0x50, 0x4, 0xda,
    0x4, 0xe0, 0x6c, 0x0, 0xa, 0xfd, 0x5b, 0xe5,
    0x8f, 0xf7, 0x6, 0x50, 0x1, 0xfc, 0x9e, 0x74,
    0x34, 0x54, 0x33, 0x33, 0x0, 0x8a, 0xb5, 0x59,
    0xeb, 0xcc, 0xbd, 0xbb, 0xf0, 0xe, 0x4b, 0x50,
    0x99, 0x5d, 0x50, 0xbb, 0x3f, 0x0, 0x70, 0xb5,
    0x9, 0xba, 0xcb, 0xbb, 0xb8, 0xf0, 0x0, 0xb,
    0x50, 0x99, 0x1e, 0x11, 0x6a, 0xf, 0x0, 0x0,
    0xb5, 0x9, 0x91, 0xfe, 0xee, 0xa0, 0xf0, 0x0,
    0xb, 0x50, 0x99, 0x1c, 0x0, 0x23, 0x6f, 0x0,
    0x0, 0xb5, 0x9, 0x90, 0x0, 0x7, 0xcc, 0x60,

    /* U+6A5B "橛" */
    0x0, 0x32, 0x0, 0x0, 0x0, 0x0, 0x0, 0x0,
    0x0, 0x9, 0x60, 0x11, 0x11, 0x11, 0x11, 0x11,
    0x10, 0x0, 0x96, 0xb, 0xff, 0xff, 0xff, 0xff,
    0xff, 0x10, 0x19, 0x70, 0xb6, 0x73, 0x5, 0x51,
    0xa0, 0x0, 0x7f, 0xff, 0xeb, 0x64, 0xc0, 0xd3,
    0x5a, 0x0, 0x0, 0xc, 0x60, 0xb8, 0xcd, 0xcf,
    0xbb, 0xed, 0xd0, 0x1, 0xf7, 0xb, 0x63, 0x3f,
    0x35, 0xe3, 0x4d, 0x0, 0x6f, 0xf6, 0xb6, 0xc0,
    0xe2, 0xb5, 0x68, 0x70, 0xc, 0xc8, 0xec, 0x6d,
    0x1e, 0x2b, 0x1e, 0x41, 0x3, 0xd9, 0x61, 0xc5,
    0xd1, 0xe2, 0xb2, 0xd0, 0x0, 0x97, 0x96, 0xd,
    0x4d, 0x9f, 0xab, 0x3d, 0x0, 0x4, 0x9, 0x60,
    0xf2, 0x59, 0xd7, 0xb7, 0xf2, 0x0, 0x0, 0x96,
    0x3f, 0x0, 0x79, 0x0, 0xcb, 0x70, 0x0, 0x9,
    0x68, 0xa0, 0x1e, 0x30, 0x5d, 0x2e, 0x0, 0x0,
    0x97, 0xe4, 0xb, 0xa0, 0x5f, 0x40, 0xaa, 0x0,
    0x9, 0x79, 0x2, 0xb0, 0xb, 0x50, 0x1, 0xa0,
    0x0, 0x0, 0x0, 0x0, 0x0, 0x0, 0x0, 0x0,
    0x0,

    /* U+6A79 "橹" */
    0x0, 0x32, 0x0, 0x0, 0x62, 0x0, 0x0, 0x0,
    0x0, 0xa6, 0x0, 0x9, 0xf3, 0x33, 0x30, 0x0,
    0x0, 0xa6, 0x0, 0x8f, 0xbb, 0xbc, 0xf1, 0x0,
    0x0, 0xa6, 0xa, 0xf8, 0x55, 0x5e, 0xa5, 0x51,
    0x6d, 0xfe, 0xc9, 0xd5, 0x56, 0xf5, 0x55, 0xe3,
    0x0, 0xf6, 0x3, 0xfc, 0xcc, 0xfc, 0xcc, 0xf3,
    0x3, 0xfb, 0x33, 0xc0, 0x1, 0xf0, 0x0, 0xd3,
    0x7, 0xfb, 0xc3, 0xfe, 0xee, 0xfe, 0xee, 0xf3,
    0xc, 0xb6, 0xb4, 0x40, 0x0, 0x0, 0x0, 0x41,
    0x2c, 0xa6, 0xa, 0xee, 0xee, 0xee, 0xee, 0xed,
    0x97, 0xa6, 0x0, 0x0, 0x0, 0x0, 0x0, 0x0,
    0x81, 0xa6, 0x0, 0xee, 0xdd, 0xdd, 0xde, 0xe0,
    0x0, 0xa6, 0x0, 0xe2, 0x0, 0x0, 0x2, 0xe0,
    0x0, 0xa6, 0x0, 0xed, 0xcc, 0xcc, 0xcd, 0xe0,
    0x0, 0xa6, 0x0, 0xe4, 0x22, 0x22, 0x24, 0xe0,
    0x0, 0xa6, 0x0, 0xeb, 0xbb, 0xbb, 0xbb, 0xe0,

    /* U+6A7C "橼" */
    0x0, 0x40, 0x0, 0x10, 0x0, 0x0, 0x0, 0x0,
    0x0, 0xf0, 0x1, 0xf0, 0x9, 0x70, 0x0, 0x0,
    0x0, 0xf0, 0x6, 0x90, 0xb, 0xff, 0xff, 0x80,
    0x0, 0xf0, 0xc, 0x32, 0xe, 0x20, 0x9, 0x60,
    0x8e, 0xfe, 0x8c, 0xe, 0x3f, 0xee, 0xef, 0x50,
    0x4, 0xf0, 0xa9, 0x9b, 0x0, 0x0, 0xd, 0x30,
    0x8, 0xf5, 0x79, 0xf4, 0xff, 0xff, 0xff, 0xf9,
    0xb, 0xfd, 0x64, 0xc0, 0x0, 0x7e, 0x20, 0x20,
    0x1c, 0xf3, 0x8c, 0x40, 0x5c, 0xbe, 0x16, 0xe0,
    0x78, 0xf0, 0x4d, 0x47, 0xa6, 0x3e, 0xdf, 0x30,
    0xb3, 0xf0, 0x9f, 0xca, 0x6, 0xe6, 0xf9, 0x30,
    0x40, 0xf0, 0x0, 0x0, 0xcc, 0x2b, 0xf5, 0x80,
    0x0, 0xf0, 0x0, 0x3, 0x40, 0xb9, 0xd2, 0xd0,
    0x0, 0xf0, 0x7c, 0xfe, 0x4d, 0xa0, 0xd2, 0x98,
    0x0, 0xf0, 0x55, 0x20, 0xe7, 0x34, 0xf0, 0x29,
    0x0, 0xf0, 0x0, 0x0, 0x0, 0xff, 0x70, 0x0,
    0x0, 0x0, 0x0, 0x0, 0x0, 0x0, 0x0, 0x0,

    /* U+6A8E "檎" */
    0x0, 0x22, 0x0, 0x0, 0x3, 0x70, 0x0, 0x0,
    0x0, 0x9, 0x70, 0x0, 0x2, 0xec, 0xa0, 0x0,
    0x0, 0x0, 0x97, 0x0, 0x4, 0xe5, 0x2a, 0xb1,
    0x0, 0x4, 0x6c, 0xa6, 0x19, 0xe3, 0x3e, 0x7,
    0xe7, 0x0, 0x6a, 0xec, 0xbe, 0xcf, 0xff, 0xff,
    0xff, 0xcc, 0x0, 0xd, 0x70, 0x49, 0xc, 0x60,
    0x7b, 0x19, 0x10, 0x2, 0xfa, 0x42, 0xf0, 0x1b,
    0xed, 0x12, 0xe0, 0x0, 0x7f, 0xbe, 0x3f, 0x1a,
    0xd7, 0xda, 0x3e, 0x0, 0xd, 0xa7, 0xb7, 0xf7,
    0xd7, 0x77, 0xb8, 0xe0, 0x5, 0xc9, 0x70, 0x18,
    0x88, 0xaf, 0x88, 0x9d, 0x0, 0xa5, 0x97, 0x0,
    0x0, 0xa, 0x90, 0x0, 0x0, 0x4, 0x9, 0x70,
    0xcf, 0xef, 0xfe, 0xee, 0xef, 0x60, 0x0, 0x97,
    0xc, 0x70, 0xa7, 0xb, 0x40, 0xb6, 0x0, 0x9,
    0x70, 0xc7, 0x6f, 0xee, 0xee, 0x2b, 0x60, 0x0,
    0x97, 0xc, 0x70, 0x31, 0x1, 0x64, 0xd5, 0x0,
    0x9, 0x70, 0xc7, 0x0, 0x0, 0x4f, 0xfd, 0x10,
    0x0, 0x0, 0x1, 0x0, 0x0, 0x0, 0x0, 0x0,
    0x0,

    /* U+6A90 "檐" */
    0x0, 0x32, 0x0, 0x1, 0x60, 0x0, 0x0, 0x0,
    0x0, 0x97, 0x0, 0xa, 0xd1, 0x11, 0x11, 0x0,
    0x0, 0x97, 0x0, 0x8f, 0xdd, 0xdd, 0xee, 0x0,
    0x0, 0x97, 0x9, 0xf7, 0x33, 0x33, 0xc9, 0x32,
    0x8f, 0xff, 0xfb, 0xfa, 0xab, 0xaa, 0xaa, 0xa6,
    0x1, 0xf8, 0x13, 0xe3, 0xcb, 0x23, 0xcb, 0x40,
    0x4, 0xf7, 0x3, 0xeb, 0x50, 0x5b, 0x6, 0xb0,
    0x9, 0xfe, 0xa3, 0xfd, 0xdd, 0xdf, 0xdd, 0xd8,
    0xf, 0xb8, 0xda, 0xd2, 0x22, 0x22, 0x22, 0x21,
    0x7b, 0x97, 0x37, 0xcb, 0xee, 0xee, 0xee, 0xb0,
    0xc5, 0x97, 0x7, 0xa5, 0x66, 0x66, 0x66, 0x50,
    0x40, 0x97, 0xa, 0x74, 0x66, 0x66, 0x66, 0x40,
    0x0, 0x97, 0xe, 0x4e, 0xee, 0xee, 0xee, 0xe0,
    0x0, 0x97, 0x3e, 0xe, 0x0, 0x0, 0x0, 0xe0,
    0x0, 0x97, 0xa8, 0xe, 0x22, 0x22, 0x22, 0xe0,
    0x0, 0x97, 0xd1, 0xf, 0xbb, 0xbb, 0xbb, 0xf0,
    0x0, 0x0, 0x0, 0x0, 0x0, 0x0, 0x0, 0x0,

    /* U+6A91 "檑" */
    0x0, 0x32, 0x0, 0x0, 0x0, 0x0, 0x0, 0x0,
    0x0, 0x97, 0x0, 0xab, 0xbb, 0xbb, 0xbb, 0x50,
    0x0, 0x97, 0x0, 0x34, 0x47, 0xd4, 0x44, 0x10,
    0x0, 0x97, 0x1, 0x22, 0x26, 0xc2, 0x22, 0x20,
    0x7e, 0xff, 0xdb, 0xed, 0xde, 0xfd, 0xdd, 0xf5,
    0x12, 0xd8, 0x2b, 0x51, 0x15, 0xc0, 0x10, 0xc5,
    0x1, 0xf7, 0x9, 0x5c, 0xb5, 0xc5, 0xc6, 0xa4,
    0x6, 0xfc, 0x60, 0x35, 0x45, 0xc2, 0x55, 0x10,
    0xb, 0xc8, 0xd2, 0x35, 0x43, 0x92, 0x55, 0x10,
    0x2d, 0x97, 0x2, 0xcc, 0xcc, 0xcc, 0xcc, 0x80,
    0x97, 0x97, 0x3, 0xd2, 0x26, 0xc2, 0x27, 0xb0,
    0x61, 0x97, 0x3, 0xd0, 0x4, 0xc0, 0x6, 0xb0,
    0x0, 0x97, 0x3, 0xfe, 0xee, 0xfe, 0xef, 0xb0,
    0x0, 0x97, 0x3, 0xd0, 0x4, 0xc0, 0x6, 0xb0,
    0x0, 0x97, 0x3, 0xfc, 0xcd, 0xfc, 0xcd, 0xb0,
    0x0, 0x97, 0x3, 0xd2, 0x22, 0x22, 0x27, 0xb0,
    0x0, 0x0, 0x0, 0x0, 0x0, 0x0, 0x0, 0x0,

    /* U+6A97 "檗" */
    0x0, 0x0, 0x0, 0x0, 0x0, 0x3, 0x0, 0x0,
    0x2, 0xaa, 0xaa, 0xa4, 0x0, 0x1e, 0x20, 0x0,
    0x3, 0xd4, 0x44, 0xa7, 0xcf, 0xff, 0xff, 0xf5,
    0x3, 0xc0, 0x0, 0x87, 0x9, 0x30, 0xa, 0x20,
    0x4, 0xfe, 0xee, 0xf7, 0x3, 0xc0, 0x4b, 0x0,
    0x7, 0xa0, 0x0, 0x13, 0xee, 0xee, 0xee, 0xea,
    0xc, 0xdf, 0xee, 0xf7, 0x33, 0x3c, 0x83, 0x32,
    0x4f, 0x89, 0x0, 0x97, 0x69, 0x9e, 0xb9, 0x93,
    0x77, 0x7f, 0xff, 0xf7, 0x12, 0x2c, 0x72, 0x20,
    0x0, 0x68, 0x0, 0x79, 0x70, 0xb, 0x60, 0x0,
    0x2, 0x22, 0x22, 0x26, 0xe2, 0x22, 0x22, 0x21,
    0x3e, 0xee, 0xee, 0xef, 0xff, 0xee, 0xee, 0xea,
    0x0, 0x0, 0x6, 0xd9, 0xeb, 0x91, 0x0, 0x0,
    0x0, 0x6, 0xdb, 0x15, 0xd0, 0x7e, 0x82, 0x0,
    0x29, 0xed, 0x40, 0x5, 0xd0, 0x2, 0xaf, 0xd8,
    0x1a, 0x40, 0x0, 0x5, 0xd0, 0x0, 0x1, 0x64,

    /* U+6AA0 "檠" */
    0x0, 0x4, 0x0, 0x30, 0x0, 0x10, 0x0, 0x0,
    0x0, 0xf, 0x1, 0xe0, 0x0, 0xb7, 0x0, 0x0,
    0x7e, 0xef, 0xee, 0xfe, 0xe3, 0xf8, 0x66, 0x63,
    0x2, 0x4f, 0x1, 0xe0, 0x9, 0xca, 0xae, 0xb5,
    0xb, 0xc9, 0x99, 0x99, 0x4f, 0x20, 0xf, 0x10,
    0x7c, 0x44, 0x44, 0x4f, 0x78, 0xd4, 0x7b, 0x0,
    0x67, 0xdd, 0xd7, 0xf, 0x0, 0x4f, 0xf3, 0x0,
    0x7, 0x80, 0x78, 0xf, 0x0, 0x4e, 0xf9, 0x0,
    0x7, 0xdb, 0xd9, 0x4f, 0x2b, 0xf6, 0x2d, 0xa0,
    0x4, 0x62, 0x24, 0xda, 0x38, 0x10, 0x1, 0x91,
    0x0, 0x0, 0x0, 0xa, 0x70, 0x0, 0x0, 0x0,
    0x7f, 0xff, 0xff, 0xff, 0xff, 0xff, 0xff, 0xf4,
    0x0, 0x0, 0x1a, 0xdc, 0xbe, 0x70, 0x0, 0x0,
    0x0, 0x28, 0xf8, 0xa, 0x71, 0xbe, 0x71, 0x0,
    0x6c, 0xf9, 0x20, 0xa, 0x70, 0x4, 0xbf, 0xc5,
    0x46, 0x10, 0x0, 0xa, 0x70, 0x0, 0x2, 0x72,

    /* U+6AA9 "檩" */
    0x0, 0x31, 0x0, 0x0, 0x3, 0x10, 0x0, 0x0,
    0x0, 0xb5, 0x0, 0x0, 0xc, 0x80, 0x0, 0x0,
    0x0, 0xb5, 0xf, 0xff, 0xff, 0xff, 0xff, 0xf7,
    0x0, 0xb5, 0x1, 0x33, 0x33, 0x33, 0x33, 0x30,
    0x8e, 0xff, 0xd7, 0xc9, 0x99, 0x99, 0x9a, 0xf0,
    0x1, 0xf6, 0x17, 0x72, 0xbb, 0xbb, 0x61, 0xf0,
    0x3, 0xf5, 0x7, 0x73, 0xc0, 0x6, 0x91, 0xf0,
    0x7, 0xfe, 0x87, 0x72, 0xcb, 0xbc, 0x71, 0xf0,
    0xc, 0xd6, 0xb8, 0xdc, 0xcc, 0xcc, 0xcc, 0xf0,
    0x3c, 0xb5, 0x4, 0x41, 0x11, 0x11, 0x11, 0x80,
    0xa7, 0xb5, 0x0, 0xad, 0xdd, 0xdd, 0xdd, 0x10,
    0x81, 0xb5, 0x0, 0x0, 0x0, 0x0, 0x0, 0x0,
    0x0, 0xb5, 0xe, 0xee, 0xee, 0xfe, 0xee, 0xe7,
    0x0, 0xb5, 0x0, 0x58, 0x5, 0xc0, 0x84, 0x0,
    0x0, 0xb5, 0x3c, 0xc4, 0x8, 0xc0, 0x5d, 0xd4,
    0x0, 0xb5, 0x45, 0xc, 0xfe, 0x50, 0x0, 0x63,
    0x0, 0x0, 0x0, 0x0, 0x0, 0x0, 0x0, 0x0,

    /* U+6AAB "檫" */
    0x0, 0x21, 0x0, 0x0, 0x5, 0x10, 0x0, 0x0,
    0x0, 0xa7, 0x0, 0x0, 0xa, 0xa0, 0x0, 0x0,
    0x0, 0xa7, 0x9, 0xee, 0xef, 0xfe, 0xee, 0xe1,
    0x11, 0xa7, 0x1a, 0x56, 0x10, 0x23, 0x0, 0xf1,
    0x9f, 0xff, 0xf5, 0x7f, 0x21, 0x58, 0x0, 0x40,
    0x36, 0xda, 0x60, 0xcd, 0xdf, 0x2f, 0xee, 0xe0,
    0x0, 0xf7, 0x6, 0xc4, 0x4c, 0xe, 0x29, 0x80,
    0x5, 0xfb, 0x3e, 0x3a, 0xf5, 0x7, 0xcc, 0x0,
    0xb, 0xdc, 0xd5, 0xb8, 0xc1, 0x11, 0xf5, 0x0,
    0x3d, 0xa7, 0x50, 0xae, 0x9e, 0xee, 0x8e, 0x30,
    0xb7, 0xa7, 0x1a, 0xd2, 0x0, 0x0, 0x5, 0xf6,
    0x80, 0xa7, 0x8, 0xbf, 0xff, 0xff, 0xff, 0x41,
    0x0, 0xa7, 0x0, 0x4, 0x2, 0xe0, 0x30, 0x0,
    0x0, 0xa7, 0x0, 0xad, 0x2, 0xe0, 0xac, 0x10,
    0x0, 0xa7, 0xb, 0xc1, 0x15, 0xd0, 0xa, 0xd1,
    0x0, 0xa7, 0x6, 0x2, 0xff, 0x70, 0x0, 0x60,
    0x0, 0x0, 0x0, 0x0, 0x0, 0x0, 0x0, 0x0,

    /* U+6B24 "欤" */
    0x0, 0x10, 0x0, 0x0, 0x0, 0x0, 0x0, 0x0,
    0x6, 0xc0, 0x0, 0x0, 0x9, 0xa0, 0x0, 0x0,
    0x7, 0xa0, 0x0, 0x0, 0xe, 0x70, 0x0, 0x0,
    0x9, 0xda, 0xaa, 0x90, 0x4f, 0x75, 0x55, 0x53,
    0xa, 0xc8, 0x88, 0x70, 0xae, 0xcc, 0xcc, 0xeb,
    0xc, 0x60, 0x0, 0x2, 0xf5, 0x15, 0x0, 0xd6,
    0xd, 0x61, 0x11, 0x19, 0xd0, 0x4d, 0x5, 0xe0,
    0xf, 0xff, 0xff, 0xac, 0x50, 0x4d, 0x8, 0x70,
    0x0, 0x0, 0x8, 0xa0, 0x0, 0x5f, 0x0, 0x0,
    0x0, 0x0, 0x8, 0xa0, 0x0, 0x9f, 0x40, 0x0,
    0x1, 0x47, 0x99, 0x90, 0x0, 0xdb, 0x90, 0x0,
    0xbf, 0xeb, 0x79, 0x80, 0x5, 0xe2, 0xf1, 0x0,
    0x32, 0x0, 0xa, 0x80, 0x1d, 0x70, 0xb8, 0x0,
    0x0, 0x0, 0xc, 0x60, 0xcd, 0x0, 0x3f, 0x40,
    0x1, 0x32, 0x5f, 0x6d, 0xe2, 0x0, 0x8, 0xf6,
    0x2, 0xff, 0xf8, 0x9c, 0x20, 0x0, 0x0, 0x99,
    0x0, 0x0, 0x0, 0x0, 0x0, 0x0, 0x0, 0x0,

    /* U+6B37 "欷" */
    0x0, 0x0, 0x0, 0x0, 0x0, 0x1, 0x0, 0x0,
    0x0, 0xa, 0x50, 0x1, 0xba, 0x0, 0xf1, 0x0,
    0x0, 0x0, 0x6d, 0xd6, 0xeb, 0x0, 0x4d, 0x0,
    0x0, 0x0, 0x0, 0x2e, 0xff, 0x40, 0x8, 0xff,
    0xff, 0xf3, 0x2, 0x9f, 0xa2, 0x8f, 0xb0, 0xe4,
    0x11, 0x2f, 0x10, 0x3c, 0x4b, 0x10, 0x39, 0x5d,
    0x9, 0x14, 0xd0, 0x2, 0x36, 0xf3, 0x33, 0x3d,
    0x70, 0xf2, 0x88, 0x0, 0xad, 0xfe, 0xdd, 0xdd,
    0x80, 0xf, 0x20, 0x0, 0x0, 0x2f, 0x1d, 0x40,
    0x0, 0x1, 0xf4, 0x0, 0x0, 0xa, 0xa1, 0xd5,
    0x11, 0x0, 0x4f, 0x80, 0x0, 0x5, 0xff, 0xff,
    0xff, 0xf1, 0x7, 0xdd, 0x0, 0x0, 0xee, 0x60,
    0xd4, 0xf, 0x10, 0xc6, 0xd3, 0x0, 0x3, 0xa6,
    0xd, 0x40, 0xf1, 0x3f, 0x18, 0xb0, 0x0, 0xa,
    0x60, 0xd6, 0x4f, 0x1c, 0x90, 0x1f, 0x60, 0x0,
    0xa6, 0xd, 0x8d, 0x9a, 0xd0, 0x0, 0x6f, 0x40,
    0x0, 0x0, 0xd4, 0x1, 0xc2, 0x0, 0x0, 0x81,
    0x0, 0x0, 0x0, 0x0, 0x0, 0x0, 0x0, 0x0,
    0x0,

    /* U+6B39 "欹" */
    0x0, 0x0, 0x11, 0x0, 0x0, 0x10, 0x0, 0x0,
    0x0, 0x0, 0xa7, 0x0, 0x2, 0xf0, 0x0, 0x0,
    0x18, 0x88, 0xdb, 0x88, 0x55, 0xb0, 0x0, 0x0,
    0x7, 0x78, 0xf8, 0x77, 0x4a, 0xff, 0xff, 0xf7,
    0x0, 0x1c, 0xed, 0x50, 0xe, 0x45, 0x33, 0xd5,
    0x7, 0xeb, 0x4, 0xec, 0x6c, 0xf, 0x31, 0xf1,
    0xa, 0x50, 0x0, 0x7, 0x76, 0xf, 0x26, 0xc0,
    0x8f, 0xff, 0xff, 0xff, 0xe0, 0xf, 0x35, 0x50,
    0x0, 0x0, 0x0, 0x2f, 0x0, 0x1f, 0x40, 0x0,
    0xb, 0xee, 0xe9, 0x1f, 0x0, 0x2f, 0x70, 0x0,
    0xc, 0x40, 0x6a, 0x1f, 0x0, 0x5d, 0xb0, 0x0,
    0xc, 0x40, 0x6a, 0x1f, 0x0, 0xa7, 0xe1, 0x0,
    0xc, 0xee, 0xea, 0x1f, 0x1, 0xf1, 0xa8, 0x0,
    0xa, 0x41, 0x10, 0x1f, 0x9, 0xa0, 0x3f, 0x20,
    0x0, 0x0, 0x21, 0x6e, 0x6f, 0x10, 0x9, 0xe2,
    0x0, 0x0, 0xbf, 0xf8, 0xf5, 0x0, 0x0, 0xb7,
    0x0, 0x0, 0x0, 0x0, 0x10, 0x0, 0x0, 0x0,

    /* U+6B43 "歃" */
    0x0, 0x0, 0x0, 0x0, 0x0, 0x0, 0x0, 0x0,
    0x3, 0x34, 0x57, 0x8a, 0x60, 0x6d, 0x0, 0x0,
    0xe, 0xdd, 0xfb, 0x98, 0x40, 0xb9, 0x0, 0x0,
    0x0, 0x0, 0xe3, 0x0, 0x1, 0xfe, 0xdd, 0xd6,
    0x15, 0x55, 0xe7, 0x55, 0x48, 0xd3, 0x33, 0xb6,
    0x4c, 0xcc, 0xfd, 0xcc, 0xbf, 0x63, 0xa0, 0xd2,
    0x0, 0x1, 0xe3, 0x0, 0x2a, 0x5, 0xc0, 0x80,
    0xa, 0xf9, 0xe8, 0xff, 0x80, 0x5, 0xc0, 0x0,
    0xe, 0x20, 0xe3, 0x29, 0x90, 0x7, 0xf0, 0x0,
    0xe, 0x10, 0xe3, 0x9, 0x90, 0x9, 0xf3, 0x0,
    0xe, 0x52, 0xe4, 0x4a, 0x90, 0xc, 0xc8, 0x0,
    0xe, 0xd8, 0xe7, 0xce, 0x90, 0x2f, 0x4d, 0x0,
    0xe, 0x10, 0xe3, 0x9, 0x90, 0x9b, 0xe, 0x40,
    0xe, 0x21, 0xe4, 0x19, 0x93, 0xf4, 0x8, 0xc0,
    0xe, 0xff, 0xff, 0xff, 0xbe, 0xa0, 0x1, 0xf8,
    0xe, 0x10, 0x0, 0x9, 0xcd, 0x10, 0x0, 0x66,
    0x1, 0x0, 0x0, 0x0, 0x0, 0x0, 0x0, 0x0,

    /* U+6B46 "歆" */
    0x0, 0x4, 0x0, 0x0, 0x3, 0x20, 0x0, 0x0,
    0x0, 0x2f, 0x10, 0x0, 0xc, 0x60, 0x0, 0x0,
    0x7b, 0xbf, 0xcb, 0xb2, 0xf, 0x30, 0x0, 0x0,
    0x37, 0x65, 0x58, 0x51, 0x3f, 0xff, 0xff, 0xf6,
    0xa, 0x70, 0xf, 0x40, 0x9a, 0x24, 0x22, 0xf4,
    0x3, 0xd0, 0x7c, 0x0, 0xe4, 0x4e, 0x5, 0xe0,
    0xef, 0xff, 0xff, 0xfa, 0xe0, 0x4e, 0x8, 0x80,
    0x11, 0x11, 0x11, 0x10, 0x0, 0x5e, 0x0, 0x0,
    0x14, 0x44, 0x44, 0x30, 0x0, 0x6f, 0x0, 0x0,
    0x4f, 0xcc, 0xcd, 0xd0, 0x0, 0x8f, 0x40, 0x0,
    0x4e, 0x0, 0x4, 0xd0, 0x0, 0xcd, 0x90, 0x0,
    0x4f, 0xff, 0xff, 0xd0, 0x3, 0xf4, 0xf0, 0x0,
    0x4e, 0x22, 0x26, 0xd0, 0xc, 0x90, 0xc8, 0x0,
    0x4e, 0x0, 0x4, 0xd0, 0x7f, 0x10, 0x3f, 0x30,
    0x4f, 0xff, 0xff, 0xd6, 0xf5, 0x0, 0x8, 0xe3,
    0x4e, 0x11, 0x15, 0xec, 0x60, 0x0, 0x0, 0x96,
    0x0, 0x0, 0x0, 0x0, 0x0, 0x0, 0x0, 0x0,

    /* U+6B59 "歙" */
    0x0, 0x0, 0x3, 0x10, 0x0, 0x0, 0x0, 0x0,
    0x0, 0x0, 0x9, 0xfd, 0x20, 0x0, 0xc5, 0x0,
    0x0, 0x0, 0xa, 0xd2, 0x8e, 0x40, 0xf, 0x10,
    0x0, 0x0, 0x1c, 0xf6, 0x44, 0xaf, 0x75, 0xff,
    0xff, 0xf1, 0xe, 0xb7, 0x77, 0x77, 0x57, 0xc5,
    0x0, 0x4d, 0x0, 0x2c, 0xdd, 0xdd, 0xdd, 0x5e,
    0xc, 0x3b, 0x60, 0x0, 0xe1, 0x0, 0x0, 0xf8,
    0x70, 0xd3, 0xa0, 0x0, 0xe, 0xdd, 0xdd, 0xdf,
    0x10, 0xe, 0x30, 0x0, 0x0, 0x20, 0x0, 0x0,
    0x20, 0x0, 0xf6, 0x0, 0x0, 0xdf, 0xff, 0x3f,
    0xff, 0xb0, 0xf, 0x90, 0x0, 0x2, 0xa0, 0xc2,
    0x94, 0x2b, 0x3, 0xdd, 0x0, 0x0, 0xa, 0x6c,
    0x23, 0xd2, 0xb0, 0x78, 0xe2, 0x0, 0x0, 0x2a,
    0xf2, 0x7, 0xeb, 0xc, 0x49, 0x80, 0x0, 0xaf,
    0x8d, 0x5f, 0xb5, 0xb4, 0xe0, 0x3e, 0x0, 0x9,
    0x20, 0xd2, 0x53, 0x7b, 0xd6, 0x0, 0xb9, 0x0,
    0xc, 0xfb, 0x2, 0xdc, 0xcc, 0x0, 0x2, 0xf2,
    0x0, 0x0, 0x0, 0x0, 0x1, 0x10, 0x0, 0x1,
    0x0,

    /* U+6B81 "殁" */
    0x1, 0x11, 0x11, 0x0, 0x77, 0x77, 0x72, 0x0,
    0x5f, 0xff, 0xff, 0xf0, 0xfb, 0xaa, 0xf4, 0x0,
    0x0, 0x8a, 0x0, 0x0, 0xf3, 0x0, 0xe4, 0x0,
    0x0, 0xa6, 0x0, 0x1, 0xf1, 0x0, 0xe4, 0x0,
    0x0, 0xef, 0xee, 0x39, 0xd0, 0x0, 0xd9, 0x32,
    0x3, 0xe2, 0x2f, 0xbf, 0x40, 0x0, 0x7f, 0xf7,
    0x9, 0x80, 0x1f, 0x34, 0x0, 0x0, 0x0, 0x0,
    0x1f, 0x40, 0x5c, 0x8f, 0xff, 0xff, 0xff, 0x10,
    0x8a, 0x8d, 0xb9, 0x8, 0xb1, 0x11, 0x7e, 0x0,
    0x42, 0x8, 0xf3, 0x2, 0xf1, 0x0, 0xe5, 0x0,
    0x0, 0x7, 0xd0, 0x0, 0x9b, 0xa, 0xb0, 0x0,
    0x0, 0x2f, 0x50, 0x0, 0x1d, 0xdd, 0x10, 0x0,
    0x0, 0xcb, 0x0, 0x0, 0x3c, 0xfc, 0x30, 0x0,
    0xb, 0xd1, 0x0, 0x5b, 0xf8, 0x19, 0xfc, 0x71,
    0x2c, 0x10, 0x8, 0xe8, 0x20, 0x0, 0x29, 0xe4,
    0x0, 0x0, 0x0, 0x0, 0x0, 0x0, 0x0, 0x0,

    /* U+6B82 "殂" */
    0x1, 0x11, 0x11, 0x11, 0x33, 0x33, 0x33, 0x30,
    0x0, 0xaf, 0xff, 0xff, 0x6f, 0xee, 0xee, 0xef,
    0x10, 0x0, 0xe, 0x30, 0x4, 0xe0, 0x0, 0x1,
    0xf1, 0x0, 0x1, 0xf0, 0x0, 0x4e, 0x0, 0x0,
    0x1f, 0x10, 0x0, 0x5f, 0xcc, 0x94, 0xe1, 0x11,
    0x11, 0xf1, 0x0, 0xa, 0x94, 0x9b, 0x4f, 0xff,
    0xff, 0xff, 0x10, 0x0, 0xf2, 0x9, 0x84, 0xe0,
    0x0, 0x1, 0xf1, 0x0, 0x7c, 0x40, 0xd4, 0x4e,
    0x0, 0x0, 0x1f, 0x10, 0xe, 0x4d, 0xbf, 0x14,
    0xe0, 0x0, 0x1, 0xf1, 0x0, 0x40, 0xc, 0xa0,
    0x4f, 0xff, 0xff, 0xff, 0x10, 0x0, 0x1, 0xf4,
    0x4, 0xe1, 0x11, 0x12, 0xf1, 0x0, 0x0, 0xab,
    0x0, 0x4e, 0x0, 0x0, 0x1f, 0x10, 0x0, 0x6f,
    0x10, 0x4, 0xe0, 0x0, 0x1, 0xf1, 0x0, 0x6f,
    0x40, 0x1d, 0xef, 0xdd, 0xdd, 0xdf, 0xd7, 0x3,
    0x40, 0x0, 0x33, 0x33, 0x33, 0x33, 0x33, 0x20,

    /* U+6B84 "殄" */
    0x0, 0x0, 0x0, 0x0, 0x0, 0x10, 0x0, 0x0,
    0x1, 0x11, 0x11, 0x10, 0x1, 0xfa, 0x0, 0x0,
    0x9f, 0xff, 0xff, 0xf0, 0xa, 0xbe, 0x40, 0x0,
    0x1, 0xc6, 0x11, 0x10, 0x7e, 0x15, 0xf3, 0x0,
    0x0, 0xe2, 0x0, 0x6, 0xf3, 0x0, 0x7f, 0x50,
    0x2, 0xff, 0xff, 0x8e, 0x30, 0x4d, 0x16, 0xf8,
    0x6, 0xb2, 0x5e, 0x42, 0x6, 0xf5, 0x0, 0x22,
    0xc, 0x60, 0x5c, 0x2, 0xbe, 0x30, 0x43, 0x0,
    0x3f, 0x62, 0x89, 0xe, 0x90, 0x7, 0xf6, 0x0,
    0xa9, 0x7e, 0xe5, 0x0, 0x1, 0xae, 0x40, 0x0,
    0x21, 0x7, 0xf0, 0x0, 0x7e, 0xb1, 0x3, 0xe2,
    0x0, 0xb, 0xa0, 0x1e, 0xe5, 0x0, 0x5f, 0x60,
    0x0, 0x4f, 0x10, 0x5, 0x0, 0x1b, 0xe5, 0x0,
    0x2, 0xe7, 0x0, 0x0, 0x29, 0xfb, 0x10, 0x0,
    0x1d, 0xb0, 0x0, 0x6c, 0xfb, 0x30, 0x0, 0x0,
    0x19, 0x0, 0x0, 0x87, 0x20, 0x0, 0x0, 0x0,

    /* U+6B87 "殇" */
    0x0, 0x0, 0x0, 0x0, 0x25, 0x0, 0x0, 0x0,
    0x15, 0x55, 0x55, 0x40, 0xab, 0x0, 0x0, 0x0,
    0x4c, 0xdf, 0xcc, 0xb1, 0xfe, 0xee, 0xee, 0xe7,
    0x0, 0x7b, 0x0, 0xa, 0xb3, 0x33, 0x33, 0x31,
    0x0, 0x98, 0x0, 0x4f, 0x54, 0x44, 0x44, 0x0,
    0x0, 0xdf, 0xff, 0x34, 0xac, 0xcd, 0xff, 0x0,
    0x2, 0xf2, 0x2f, 0x10, 0x0, 0x5e, 0xc3, 0x0,
    0x7, 0xa0, 0x2e, 0x0, 0x2b, 0xe6, 0x0, 0x0,
    0xe, 0x50, 0x5b, 0x8, 0xfb, 0x22, 0x22, 0x20,
    0x6c, 0x7d, 0xb7, 0x3f, 0xff, 0xff, 0xff, 0xf3,
    0x44, 0x8, 0xf2, 0x0, 0x99, 0xc, 0x60, 0xf2,
    0x0, 0x6, 0xc0, 0x5, 0xe1, 0x2f, 0x10, 0xf1,
    0x0, 0x1e, 0x30, 0x5f, 0x40, 0xaa, 0x1, 0xf0,
    0x0, 0xba, 0x9, 0xf4, 0x7, 0xf2, 0x2, 0xf0,
    0xa, 0xd1, 0x3, 0x20, 0x8f, 0x44, 0x39, 0xd0,
    0x2d, 0x10, 0x0, 0x5, 0xe3, 0xe, 0xfe, 0x40,
    0x0, 0x0, 0x0, 0x0, 0x0, 0x0, 0x0, 0x0,

    /* U+6B8D "殍" */
    0x11, 0x11, 0x11, 0x13, 0x44, 0x57, 0x8a, 0x80,
    0xaf, 0xff, 0xff, 0x9e, 0xdc, 0xba, 0x98, 0x50,
    0x0, 0xb6, 0x0, 0x22, 0x9, 0x20, 0xc, 0x50,
    0x0, 0xe3, 0x0, 0x8c, 0x9, 0xa0, 0x5e, 0x10,
    0x1, 0xfb, 0xbb, 0x1e, 0x42, 0xe0, 0xd7, 0x0,
    0x6, 0xd6, 0x8f, 0x6, 0x32, 0x22, 0x72, 0x0,
    0xc, 0x60, 0x4c, 0x4f, 0xff, 0xff, 0xff, 0x40,
    0x3f, 0x20, 0x89, 0x0, 0x0, 0x2, 0xdb, 0x0,
    0xb8, 0xca, 0xc5, 0x0, 0x0, 0x5f, 0x70, 0x0,
    0x81, 0x1c, 0xf2, 0x22, 0x22, 0xd8, 0x22, 0x20,
    0x0, 0xa, 0x97, 0xff, 0xff, 0xff, 0xff, 0xf4,
    0x0, 0x3f, 0x20, 0x0, 0x0, 0xd4, 0x0, 0x0,
    0x1, 0xe7, 0x0, 0x0, 0x0, 0xd4, 0x0, 0x0,
    0x1d, 0xb0, 0x0, 0x1, 0x33, 0xf3, 0x0, 0x0,
    0x5b, 0x0, 0x0, 0x4, 0xff, 0xb0, 0x0, 0x0,
    0x0, 0x0, 0x0, 0x0, 0x0, 0x0, 0x0, 0x0,

    /* U+6B92 "殒" */
    0x0, 0x0, 0x0, 0x5, 0xaa, 0xaa, 0xaa, 0x90,
    0x4, 0xff, 0xff, 0xfd, 0x8c, 0x66, 0x66, 0x8e,
    0x0, 0x1, 0x98, 0x11, 0x8, 0xa0, 0x0, 0x3,
    0xe0, 0x0, 0xb, 0x50, 0x0, 0x8a, 0x22, 0x22,
    0x5e, 0x0, 0x0, 0xfa, 0x88, 0x8, 0xfe, 0xee,
    0xee, 0xe0, 0x0, 0x3e, 0x77, 0xf1, 0x12, 0x0,
    0x0, 0x3, 0x0, 0x9, 0xa0, 0x2e, 0x1f, 0xff,
    0xff, 0xff, 0xf7, 0x0, 0xe7, 0x25, 0xc1, 0xf2,
    0x13, 0x41, 0x1a, 0x80, 0x6d, 0x6e, 0xc8, 0x1f,
    0x10, 0x6b, 0x0, 0xa8, 0x1, 0x40, 0x5f, 0x31,
    0xf1, 0x7, 0xb0, 0xa, 0x80, 0x0, 0x7, 0xd0,
    0x1f, 0x10, 0x99, 0x0, 0xa8, 0x0, 0x1, 0xf5,
    0x1, 0xb0, 0xe, 0x90, 0x7, 0x50, 0x0, 0xbb,
    0x0, 0x0, 0x2c, 0xde, 0xe6, 0x0, 0x0, 0xae,
    0x10, 0x25, 0xbf, 0xa1, 0x7, 0xee, 0x60, 0xb,
    0x20, 0x7, 0xea, 0x30, 0x0, 0x0, 0x8a, 0x0,
    0x0, 0x0, 0x0, 0x0, 0x0, 0x0, 0x0, 0x0,

    /* U+6B93 "殓" */
    0x0, 0x0, 0x0, 0x0, 0x0, 0xc7, 0x0, 0x0,
    0x6f, 0xff, 0xff, 0xe0, 0x8, 0xbe, 0x20, 0x0,
    0x1, 0xa7, 0x11, 0x0, 0x3e, 0x17, 0xc0, 0x0,
    0x0, 0xd4, 0x0, 0x1, 0xe5, 0x0, 0xbb, 0x0,
    0x0, 0xfa, 0x99, 0x2d, 0x90, 0x0, 0x1d, 0xc1,
    0x4, 0xe9, 0x9f, 0xdc, 0x33, 0x33, 0x34, 0xcb,
    0x9, 0x90, 0x3d, 0x35, 0xdd, 0xdd, 0xda, 0x1,
    0xf, 0x50, 0x6a, 0x0, 0x3, 0x40, 0x3, 0x10,
    0x7c, 0x8c, 0xc7, 0x5b, 0x6, 0xc0, 0xe, 0x60,
    0x34, 0x8, 0xf1, 0x2f, 0x12, 0xf0, 0x3f, 0x10,
    0x0, 0x8, 0xb0, 0xd, 0x60, 0xf4, 0x8b, 0x0,
    0x0, 0x2f, 0x30, 0x9, 0xa0, 0x73, 0xd5, 0x0,
    0x0, 0xd9, 0x0, 0x1, 0x0, 0x3, 0xf0, 0x0,
    0x1c, 0xc0, 0x4, 0xee, 0xee, 0xef, 0xfe, 0xe9,
    0x9, 0x0, 0x0, 0x33, 0x33, 0x33, 0x33, 0x32,

    /* U+6B9A "殚" */
    0x0, 0x0, 0x0, 0x0, 0x20, 0x0, 0x2, 0x0,
    0x26, 0x66, 0x65, 0x3, 0xe2, 0x0, 0x6e, 0x0,
    0x3b, 0xfc, 0xba, 0x0, 0x98, 0x1, 0xe4, 0x0,
    0x0, 0xf2, 0x0, 0x6f, 0xff, 0xff, 0xff, 0xf2,
    0x1, 0xf0, 0x0, 0x6a, 0x11, 0xd5, 0x11, 0xe2,
    0x4, 0xfc, 0xc9, 0x6a, 0x0, 0xd4, 0x0, 0xe2,
    0x7, 0xb5, 0x9b, 0x6f, 0xff, 0xff, 0xff, 0xf2,
    0xc, 0x50, 0x79, 0x6a, 0x11, 0xd5, 0x11, 0xe2,
    0x2f, 0x10, 0xa6, 0x6a, 0x0, 0xd4, 0x0, 0xe2,
    0x8a, 0x89, 0xe4, 0x6f, 0xff, 0xff, 0xff, 0xf2,
    0x22, 0x1b, 0xe0, 0x35, 0x11, 0xd5, 0x11, 0x81,
    0x0, 0xa, 0xa0, 0x0, 0x0, 0xd4, 0x0, 0x0,
    0x0, 0x3f, 0x33, 0xff, 0xff, 0xff, 0xff, 0xfd,
    0x0, 0xca, 0x0, 0x11, 0x11, 0xd5, 0x11, 0x11,
    0xa, 0xe1, 0x0, 0x0, 0x0, 0xd4, 0x0, 0x0,
    0x1c, 0x20, 0x0, 0x0, 0x0, 0xd4, 0x0, 0x0,
    0x0, 0x0, 0x0, 0x0, 0x0, 0x0, 0x0, 0x0,

    /* U+6B9B "殛" */
    0x12, 0x22, 0x22, 0x15, 0x55, 0x55, 0x55, 0x40,
    0x8f, 0xff, 0xfe, 0x3c, 0xcc, 0xcc, 0xdf, 0xd0,
    0x0, 0xf0, 0x0, 0x0, 0x0, 0x5, 0xdb, 0x30,
    0x3, 0xd0, 0x0, 0x0, 0x0, 0xdc, 0x30, 0x0,
    0x6, 0xff, 0xf5, 0xff, 0xf1, 0xf5, 0xdd, 0xd3,
    0x9, 0x82, 0xe4, 0xd0, 0xe1, 0xf1, 0x21, 0xf1,
    0xe, 0x20, 0xf2, 0xd0, 0xe1, 0xf6, 0xb2, 0xe0,
    0x5d, 0x65, 0xe1, 0xd0, 0xe1, 0xf0, 0xdd, 0x90,
    0xa6, 0xaf, 0xa1, 0xd0, 0xe1, 0xf0, 0x4f, 0x40,
    0x10, 0xe, 0x51, 0xfe, 0xf1, 0xf0, 0x9f, 0xa0,
    0x0, 0x5f, 0x1, 0xd1, 0x11, 0xf7, 0xf3, 0xf4,
    0x0, 0xd8, 0x0, 0x3, 0xac, 0xc5, 0x40, 0x52,
    0x8, 0xe1, 0x0, 0x1, 0x76, 0x10, 0x0, 0x0,
    0x5f, 0x40, 0xb, 0xee, 0xee, 0xee, 0xee, 0xe9,
    0x25, 0x0, 0x2, 0x22, 0x22, 0x22, 0x22, 0x21,

    /* U+6BA1 "殡" */
    0x0, 0x0, 0x0, 0x0, 0x1, 0x70, 0x0, 0x0,
    0x1, 0x55, 0x55, 0x50, 0x0, 0x1f, 0x40, 0x0,
    0x0, 0x4c, 0xed, 0xcb, 0xad, 0xdd, 0xfe, 0xdd,
    0xdb, 0x0, 0xc, 0x40, 0xc, 0x53, 0x33, 0x33,
    0x35, 0xe0, 0x0, 0xe2, 0x0, 0x81, 0x0, 0x3,
    0x68, 0x39, 0x0, 0x2f, 0xcc, 0x90, 0xae, 0xff,
    0xfd, 0xc3, 0x0, 0x7, 0xc5, 0x8c, 0xc, 0x71,
    0x0, 0x0, 0x0, 0x0, 0xc5, 0x6, 0x90, 0xc6,
    0x11, 0x11, 0x11, 0x0, 0x2f, 0x10, 0x97, 0xc,
    0xff, 0xff, 0xff, 0xf0, 0x9, 0x8d, 0x8e, 0x30,
    0xc5, 0x0, 0x1f, 0x0, 0x0, 0x30, 0x2d, 0xd0,
    0xc, 0x50, 0x1, 0xf0, 0x0, 0x0, 0x0, 0xc8,
    0x5d, 0xfe, 0xdd, 0xdf, 0xdd, 0xd0, 0x0, 0x6e,
    0x11, 0x33, 0x53, 0x33, 0x43, 0x33, 0x0, 0x2e,
    0x60, 0x0, 0x6f, 0x70, 0x3f, 0x91, 0x0, 0x1e,
    0xa0, 0x4, 0xdf, 0x60, 0x0, 0x4e, 0xf8, 0x0,
    0x80, 0x0, 0x59, 0x10, 0x0, 0x0, 0x8, 0x50,

    /* U+6BAA "殪" */
    0x0, 0x0, 0x0, 0x0, 0x0, 0x1, 0x0, 0x0,
    0x0, 0x11, 0x11, 0x10, 0x0, 0x2, 0xe0, 0x0,
    0x0, 0xc, 0xff, 0xff, 0x9e, 0xee, 0xef, 0xee,
    0xea, 0x0, 0x5, 0xb0, 0x0, 0x0, 0x3, 0xe0,
    0x0, 0x0, 0x0, 0x79, 0x0, 0x7, 0xff, 0xff,
    0xff, 0xc0, 0x0, 0xb, 0xec, 0xc0, 0x0, 0x0,
    0x0, 0x0, 0x0, 0x0, 0xe7, 0x7f, 0x7f, 0xff,
    0xff, 0xff, 0xfd, 0x0, 0x3e, 0x4, 0xc7, 0x64,
    0x44, 0x44, 0x44, 0xd0, 0x9, 0x95, 0x7a, 0x43,
    0x88, 0x88, 0x88, 0x37, 0x0, 0xe4, 0xdf, 0x80,
    0xab, 0xbb, 0xbb, 0xbb, 0x10, 0x2, 0x1, 0xf3,
    0xe, 0x43, 0x33, 0x33, 0xe2, 0x0, 0x0, 0x5e,
    0x0, 0xe2, 0x0, 0x0, 0xd, 0x20, 0x0, 0xc,
    0x80, 0xe, 0xff, 0xff, 0xff, 0xf2, 0x0, 0x5,
    0xe1, 0x0, 0x3, 0xb0, 0x4, 0xa0, 0x0, 0x2,
    0xe6, 0x0, 0x0, 0xd, 0x50, 0xa4, 0x0, 0x0,
    0xb9, 0x0, 0xa, 0xff, 0xff, 0xff, 0xff, 0xf0,
    0x1, 0x0, 0x0, 0x0, 0x0, 0x0, 0x0, 0x0,
    0x0,

    /* U+6BB3 "殳" */
    0x0, 0x0, 0xee, 0xee, 0xee, 0xee, 0x30, 0x0,
    0x0, 0x0, 0xf7, 0x33, 0x33, 0x3f, 0x40, 0x0,
    0x0, 0x0, 0xf3, 0x0, 0x0, 0xf, 0x40, 0x0,
    0x0, 0x5, 0xf0, 0x0, 0x0, 0xf, 0x40, 0x0,
    0x0, 0x3e, 0x80, 0x0, 0x0, 0xe, 0x94, 0x41,
    0x8, 0xfb, 0x0, 0x0, 0x0, 0x6, 0xef, 0xf3,
    0x8, 0x73, 0x33, 0x33, 0x33, 0x33, 0x20, 0x0,
    0x0, 0x5f, 0xff, 0xff, 0xff, 0xff, 0xe0, 0x0,
    0x0, 0x2, 0xf5, 0x0, 0x0, 0x2e, 0x70, 0x0,
    0x0, 0x0, 0x8e, 0x10, 0x0, 0xdb, 0x0, 0x0,
    0x0, 0x0, 0xc, 0xd2, 0x2d, 0xd1, 0x0, 0x0,
    0x0, 0x0, 0x1, 0xce, 0xec, 0x10, 0x0, 0x0,
    0x0, 0x0, 0x5, 0xcf, 0xfd, 0x61, 0x0, 0x0,
    0x2, 0x5a, 0xef, 0x92, 0x29, 0xff, 0xc8, 0x52,
    0x6f, 0xfb, 0x61, 0x0, 0x0, 0x5, 0xae, 0xf6,
    0x4, 0x0, 0x0, 0x0, 0x0, 0x0, 0x0, 0x20,

    /* U+6BC2 "毂" */
    0x0, 0x0, 0x10, 0x0, 0x0, 0x0, 0x0, 0x0,
    0x0, 0x0, 0xe2, 0x0, 0x0, 0x66, 0x66, 0x10,
    0x2f, 0xff, 0xff, 0xff, 0xd1, 0xfa, 0xaf, 0x20,
    0x0, 0x0, 0xe2, 0x0, 0x1, 0xe0, 0xe, 0x20,
    0x7, 0xff, 0xff, 0xff, 0x42, 0xd0, 0xe, 0x20,
    0x3, 0x33, 0x33, 0x33, 0x27, 0xa0, 0xe, 0x52,
    0x4f, 0xcc, 0xcc, 0xcc, 0xff, 0x30, 0x9, 0xfc,
    0x3c, 0x9, 0x50, 0x2, 0xd4, 0x0, 0x0, 0x0,
    0xc, 0xcf, 0xcc, 0xcc, 0x6f, 0xff, 0xff, 0xe0,
    0x3, 0xc8, 0x77, 0x33, 0x16, 0xa0, 0x7, 0xa0,
    0x3, 0xe0, 0x99, 0x0, 0x1, 0xe0, 0xd, 0x40,
    0x7, 0xff, 0xff, 0xff, 0x70, 0xb6, 0x6c, 0x0,
    0x0, 0x0, 0x99, 0x0, 0x0, 0x2e, 0xe2, 0x0,
    0x2b, 0xbc, 0xef, 0xef, 0xb0, 0x4f, 0xe4, 0x0,
    0x15, 0x43, 0xa9, 0x10, 0x19, 0xf4, 0x5f, 0xa3,
    0x0, 0x0, 0x99, 0x0, 0x9b, 0x20, 0x2, 0x99,
    0x0, 0x0, 0x0, 0x0, 0x0, 0x0, 0x0, 0x0,

    /* U+6BEA "毪" */
    0x0, 0x0, 0x0, 0x0, 0x1, 0x20, 0x0, 0x0,
    0x0, 0x3, 0x69, 0x0, 0xa, 0xc0, 0x0, 0x0,
    0x7e, 0xff, 0xc9, 0x10, 0x6d, 0x10, 0xc2, 0x0,
    0x24, 0x5e, 0x0, 0x5, 0xe2, 0x0, 0x6d, 0x0,
    0x0, 0x4e, 0x0, 0x7f, 0xdb, 0xcd, 0xef, 0xa0,
    0x0, 0x4f, 0x57, 0x37, 0x54, 0x54, 0x12, 0xd2,
    0x6f, 0xff, 0xb9, 0x8, 0x70, 0xa7, 0x0, 0x0,
    0x12, 0x4e, 0x0, 0xe, 0xb8, 0xdc, 0x88, 0x70,
    0x0, 0x4e, 0x0, 0x6d, 0x88, 0xdb, 0x88, 0x70,
    0x0, 0x4f, 0x68, 0xb4, 0x0, 0xa7, 0x0, 0x0,
    0x8e, 0xff, 0xb8, 0x76, 0x66, 0xcb, 0x66, 0x60,
    0x22, 0x4e, 0x0, 0x8a, 0xaa, 0xdc, 0xaa, 0xa0,
    0x0, 0x4e, 0x0, 0x0, 0x0, 0xa7, 0x0, 0x67,
    0x0, 0x4e, 0x0, 0x0, 0x0, 0xa7, 0x0, 0x86,
    0x0, 0x3f, 0x42, 0x22, 0x22, 0x44, 0x24, 0xe3,
    0x0, 0xa, 0xff, 0xff, 0xff, 0xff, 0xfe, 0x80,

    /* U+6BF3 "毳" */
    0x3, 0x77, 0x88, 0x9a, 0xab, 0xbc, 0xca, 0x0,
    0x2, 0x76, 0x65, 0x8f, 0x43, 0x32, 0x10, 0x0,
    0x4, 0x88, 0x99, 0xbf, 0xbb, 0xcc, 0xc8, 0x0,
    0x2, 0x44, 0x33, 0x6e, 0x10, 0x0, 0x0, 0x0,
    0x38, 0x89, 0x9a, 0xcf, 0xbc, 0xcd, 0xdd, 0xd5,
    0x25, 0x44, 0x32, 0x5f, 0x20, 0x0, 0x8, 0xb0,
    0x0, 0x0, 0x0, 0x1b, 0xee, 0xee, 0xdc, 0x30,
    0x39, 0xbd, 0xee, 0x70, 0x1, 0x24, 0x68, 0x10,
    0x26, 0x4f, 0x20, 0x4, 0xed, 0xfb, 0x86, 0x10,
    0x27, 0x9f, 0xde, 0xb0, 0x2, 0xd8, 0x68, 0x60,
    0x37, 0x6f, 0x30, 0x5, 0xec, 0xfb, 0x86, 0x30,
    0x25, 0x7f, 0xbc, 0xd3, 0x12, 0xd8, 0x78, 0xa2,
    0x79, 0x7f, 0x52, 0x6, 0xdb, 0xfa, 0x75, 0x83,
    0x0, 0x2f, 0x7a, 0xa0, 0x0, 0xd7, 0x0, 0xc6,
    0x0, 0x8f, 0xb7, 0x20, 0x0, 0x7f, 0xff, 0xd1,
    0x0, 0x11, 0x0, 0x0, 0x0, 0x0, 0x0, 0x0,

    /* U+6BF5 "毵" */
    0x0, 0x0, 0x0, 0x0, 0x0, 0x0, 0x0, 0x0,
    0x0, 0x2, 0xe1, 0x0, 0x0, 0x3, 0x58, 0x70,
    0x0, 0x1d, 0x60, 0x81, 0xb, 0xff, 0xda, 0x70,
    0x2, 0xd7, 0x0, 0x7d, 0x12, 0x1d, 0x30, 0x0,
    0x9, 0xfe, 0xed, 0xcc, 0xb0, 0xd, 0x30, 0x0,
    0x1, 0x10, 0xc1, 0x0, 0x11, 0x3e, 0x87, 0x90,
    0x2f, 0xff, 0xff, 0xff, 0xda, 0xdf, 0xa7, 0x50,
    0x1, 0x5e, 0x24, 0xe3, 0x10, 0xd, 0x30, 0x0,
    0x2, 0xe4, 0x29, 0x5d, 0x10, 0xd, 0x30, 0x0,
    0x4f, 0x64, 0xe5, 0x7, 0xc2, 0x4e, 0xaa, 0xc8,
    0x26, 0xad, 0x33, 0xd1, 0x3f, 0xdf, 0xa7, 0x52,
    0x0, 0x50, 0x7e, 0x31, 0x0, 0xd, 0x30, 0x10,
    0x0, 0x4d, 0xb1, 0x3e, 0x60, 0xd, 0x30, 0x5b,
    0x1, 0xd5, 0x8, 0xf6, 0x0, 0xd, 0x30, 0x79,
    0x0, 0x6, 0xeb, 0x20, 0x0, 0xc, 0x72, 0xc7,
    0x6, 0xfc, 0x40, 0x0, 0x0, 0x5, 0xff, 0xc1,
    0x2, 0x20, 0x0, 0x0, 0x0, 0x0, 0x0, 0x0,

    /* U+6BF9 "毹" */
    0x0, 0x0, 0x54, 0x0, 0x0, 0x0, 0x0, 0x0,
    0x0, 0x5, 0xfe, 0x40, 0x1, 0x35, 0x8b, 0xc0,
    0x0, 0x3f, 0x44, 0xf4, 0x1f, 0xef, 0x96, 0x30,
    0x4, 0xf6, 0x0, 0x5f, 0x40, 0x1f, 0x0, 0x0,
    0x6f, 0x9c, 0xcc, 0xc9, 0xc0, 0x1f, 0x0, 0x0,
    0x54, 0x3, 0x33, 0x30, 0x0, 0x3f, 0x79, 0xb0,
    0x6, 0x77, 0x50, 0x9, 0x2f, 0xff, 0xc9, 0x70,
    0xf, 0x89, 0xd5, 0x4d, 0x22, 0x1f, 0x0, 0x0,
    0xf, 0x1, 0xd6, 0x6d, 0x20, 0x1f, 0x0, 0x0,
    0xf, 0xdd, 0xd6, 0x6d, 0x20, 0x2f, 0x58, 0xa3,
    0xf, 0x1, 0xd6, 0x6d, 0x6f, 0xff, 0xb9, 0x61,
    0xf, 0x56, 0xd6, 0x6d, 0x32, 0x1f, 0x0, 0x10,
    0xf, 0x89, 0xd6, 0x5d, 0x20, 0x1f, 0x0, 0x6b,
    0xf, 0x1, 0xd0, 0xd, 0x20, 0x1f, 0x0, 0x89,
    0xf, 0x25, 0xc1, 0x4f, 0x10, 0xf, 0x42, 0xc6,
    0xf, 0x8d, 0x58, 0xd9, 0x0, 0x9, 0xff, 0xb0,
    0x0, 0x0, 0x0, 0x0, 0x0, 0x0, 0x0, 0x0,

    /* U+6BFD "毽" */
    0x0, 0x25, 0x30, 0x0, 0x0, 0x1d, 0x0, 0x0,
    0x8e, 0xfb, 0x7e, 0xed, 0x4d, 0xdf, 0xde, 0x20,
    0x34, 0xe0, 0x0, 0x5a, 0x0, 0x1e, 0xc, 0x30,
    0x1, 0xe0, 0x1, 0xe3, 0xdd, 0xdf, 0xdf, 0xd2,
    0x1, 0xf5, 0x49, 0x80, 0x0, 0x1e, 0xc, 0x30,
    0x8f, 0xfc, 0x6f, 0xb9, 0x4d, 0xdf, 0xdf, 0x30,
    0x23, 0xe0, 0x3, 0x4c, 0x0, 0x1e, 0x1, 0x0,
    0x1, 0xe0, 0x47, 0x2b, 0x8d, 0xdf, 0xdd, 0x20,
    0x3, 0xf8, 0xae, 0x78, 0x0, 0x1e, 0x0, 0x0,
    0xaf, 0xf8, 0x3b, 0xf5, 0xcd, 0xdf, 0xdd, 0x80,
    0x12, 0xe0, 0x5, 0xf5, 0x0, 0x1e, 0x0, 0x0,
    0x1, 0xe0, 0x1e, 0x9e, 0x82, 0x29, 0x11, 0x86,
    0x1, 0xe0, 0xd8, 0x2, 0x9d, 0xef, 0xff, 0xf6,
    0x0, 0xf4, 0x31, 0x11, 0x11, 0x11, 0x13, 0xe3,
    0x0, 0x6e, 0xff, 0xff, 0xff, 0xff, 0xfe, 0x80,

    /* U+6C05 "氅" */
    0x0, 0x0, 0x30, 0x0, 0x0, 0x10, 0x0, 0x0,
    0x8, 0x60, 0xe1, 0x2c, 0x0, 0xa7, 0x0, 0x0,
    0x1, 0xb0, 0xe1, 0x94, 0x2, 0xf9, 0x88, 0x85,
    0xe, 0xdd, 0xdd, 0xde, 0x6c, 0xd5, 0x5c, 0x83,
    0xf, 0x6, 0x66, 0x28, 0xcb, 0xd3, 0x1e, 0x0,
    0xf, 0x2d, 0x5b, 0x78, 0x60, 0x2d, 0xb5, 0x0,
    0xf, 0x2e, 0x9d, 0x78, 0x60, 0x3d, 0xe9, 0x10,
    0xf, 0x1a, 0x23, 0x2a, 0x9b, 0xd4, 0x9, 0xf8,
    0xa, 0x0, 0x3, 0xca, 0x25, 0x0, 0x1, 0x22,
    0x5, 0xbc, 0xcd, 0xde, 0xee, 0xee, 0xdc, 0x0,
    0x0, 0x22, 0x11, 0x2f, 0x22, 0x23, 0x33, 0x0,
    0x7, 0xdd, 0xdd, 0xdf, 0xcb, 0xba, 0xa8, 0x0,
    0x0, 0x0, 0x1, 0x2f, 0x33, 0x45, 0x56, 0x64,
    0x5e, 0xee, 0xdd, 0xcf, 0xba, 0xa9, 0x88, 0x96,
    0x0, 0x0, 0x0, 0xf, 0x10, 0x0, 0x0, 0x8b,
    0x0, 0x0, 0x0, 0xa, 0xfe, 0xee, 0xee, 0xe5,

    /* U+6C06 "氆" */
    0x0, 0x0, 0x0, 0x4, 0x0, 0x0, 0x40, 0x0,
    0x3, 0x69, 0xb4, 0x8, 0xc0, 0xb, 0xa0, 0x0,
    0xdf, 0xfa, 0x62, 0xee, 0xfe, 0xef, 0xee, 0x70,
    0x10, 0xe3, 0x0, 0x61, 0x96, 0x1e, 0x14, 0x20,
    0x0, 0xe3, 0x0, 0xc8, 0x95, 0xe, 0x1e, 0x40,
    0x1, 0xe8, 0x92, 0x16, 0x95, 0xe, 0x36, 0x0,
    0xcf, 0xfc, 0x97, 0xff, 0xff, 0xff, 0xff, 0xf0,
    0x10, 0xe3, 0x0, 0x0, 0x0, 0x0, 0x0, 0x0,
    0x0, 0xe3, 0x0, 0x9f, 0xff, 0xff, 0xfc, 0x0,
    0x3, 0xf9, 0xa5, 0x97, 0x0, 0x0, 0x3d, 0x0,
    0xdd, 0xf9, 0x51, 0x9f, 0xee, 0xee, 0xed, 0x0,
    0x0, 0xe3, 0x0, 0x97, 0x0, 0x0, 0x3d, 0x44,
    0x0, 0xe3, 0x0, 0x9e, 0xee, 0xee, 0xed, 0x98,
    0x0, 0xe3, 0x0, 0x87, 0x11, 0x11, 0x39, 0xb6,
    0x0, 0xd8, 0x22, 0x22, 0x22, 0x22, 0x24, 0xf2,
    0x0, 0x4e, 0xff, 0xff, 0xff, 0xff, 0xfe, 0x60,

    /* U+6C07 "氇" */
    0x0, 0x0, 0x0, 0x0, 0x50, 0x0, 0x0, 0x0,
    0x0, 0x25, 0x81, 0xa, 0xe7, 0x77, 0x40, 0x0,
    0xbf, 0xfc, 0x92, 0x9a, 0x44, 0x6e, 0x40, 0x0,
    0x32, 0xe2, 0xb, 0xfc, 0xcc, 0xee, 0xcc, 0x10,
    0x0, 0xe2, 0x6, 0xe0, 0x8, 0x80, 0xe, 0x20,
    0x0, 0xe4, 0x42, 0xfb, 0xbd, 0xdb, 0xbf, 0x20,
    0xae, 0xfd, 0xb2, 0xe6, 0x6b, 0xb6, 0x6e, 0x20,
    0x21, 0xe2, 0x1, 0x84, 0x44, 0x44, 0x48, 0x10,
    0x0, 0xe2, 0xb, 0xcc, 0xcc, 0xcc, 0xcc, 0xc0,
    0x1, 0xe8, 0x93, 0x46, 0x66, 0x66, 0x64, 0x0,
    0xcf, 0xfa, 0x71, 0xb8, 0x66, 0x66, 0x9a, 0x0,
    0x10, 0xe2, 0x0, 0xbc, 0xbb, 0xbb, 0xca, 0x22,
    0x0, 0xe2, 0x0, 0xb4, 0x0, 0x0, 0x5a, 0x78,
    0x0, 0xe2, 0x0, 0xbd, 0xcc, 0xcc, 0xda, 0x95,
    0x0, 0xd7, 0x11, 0x11, 0x11, 0x11, 0x13, 0xe2,
    0x0, 0x5e, 0xff, 0xff, 0xff, 0xff, 0xfe, 0x70,

    /* U+6C0D "氍" */
    0xa, 0xaa, 0x82, 0xaa, 0xa0, 0x1, 0x47, 0x70,
    0xe, 0x34, 0xd4, 0xa3, 0xd9, 0xef, 0xda, 0x70,
    0xf, 0xcc, 0xd4, 0xec, 0xf3, 0x3e, 0x20, 0x0,
    0xe, 0x56, 0xd4, 0xb5, 0xe1, 0xe, 0x20, 0x0,
    0xf, 0x56, 0xd4, 0xb5, 0xe1, 0x2e, 0x78, 0x90,
    0xf, 0xdd, 0xd4, 0xed, 0xfa, 0xef, 0xb8, 0x50,
    0x9, 0x22, 0x77, 0x50, 0x71, 0xe, 0x20, 0x0,
    0x0, 0xc8, 0x1d, 0x11, 0x10, 0xe, 0x20, 0x0,
    0x6, 0xeb, 0xbd, 0xcb, 0xb1, 0xe, 0x44, 0x61,
    0x2f, 0xa1, 0x19, 0x51, 0x19, 0xdf, 0xfc, 0xa1,
    0x9c, 0xea, 0xad, 0xca, 0xa5, 0x4e, 0x20, 0x0,
    0x6, 0xb2, 0x29, 0x62, 0x20, 0xe, 0x20, 0x67,
    0x6, 0xda, 0xad, 0xba, 0xa0, 0xe, 0x20, 0x88,
    0x6, 0xa1, 0x19, 0x51, 0x10, 0xe, 0x52, 0xd5,
    0x6, 0xeb, 0xbb, 0xbb, 0xb3, 0x8, 0xff, 0xb0,

    /* U+6C15 "氕" */
    0x0, 0x0, 0x52, 0x0, 0x0, 0x0, 0x0, 0x0,
    0x0, 0x2, 0xf4, 0x0, 0x0, 0x0, 0x0, 0x0,
    0x0, 0xc, 0xff, 0xff, 0xff, 0xff, 0xff, 0xf1,
    0x0, 0x7e, 0x32, 0x22, 0x22, 0x22, 0x22, 0x20,
    0x4, 0xf5, 0x11, 0x11, 0x11, 0x11, 0x11, 0x0,
    0x4f, 0x74, 0xff, 0xff, 0xff, 0xff, 0xfe, 0x0,
    0x78, 0x0, 0x0, 0x0, 0x0, 0x0, 0x0, 0x0,
    0x6, 0xff, 0xff, 0xff, 0xff, 0xff, 0xd0, 0x0,
    0x0, 0x22, 0x25, 0x62, 0x22, 0x27, 0xd0, 0x0,
    0x0, 0x0, 0x8, 0xa0, 0x0, 0x6, 0xd0, 0x0,
    0x0, 0x0, 0x9, 0x90, 0x0, 0x5, 0xe0, 0x0,
    0x0, 0x0, 0xe, 0x60, 0x0, 0x4, 0xf0, 0x25,
    0x0, 0x0, 0x7e, 0x0, 0x0, 0x1, 0xf2, 0x4d,
    0x0, 0x7, 0xf5, 0x0, 0x0, 0x0, 0xd7, 0x6b,
    0x4, 0xcf, 0x50, 0x0, 0x0, 0x0, 0x7e, 0xc9,
    0x1d, 0x91, 0x0, 0x0, 0x0, 0x0, 0xc, 0xe2,
    0x0, 0x0, 0x0, 0x0, 0x0, 0x0, 0x0, 0x0,

    /* U+6C18 "氘" */
    0x0, 0x1, 0x60, 0x0, 0x0, 0x0, 0x0, 0x0,
    0x0, 0x8, 0xd0, 0x0, 0x0, 0x0, 0x0, 0x0,
    0x0, 0x1f, 0xff, 0xff, 0xff, 0xff, 0xff, 0xf0,
    0x0, 0xaa, 0x22, 0x22, 0x22, 0x22, 0x22, 0x20,
    0x6, 0xe2, 0x22, 0x22, 0x22, 0x22, 0x21, 0x0,
    0x3f, 0x55, 0xff, 0xff, 0xff, 0xff, 0xfd, 0x0,
    0x79, 0x0, 0x0, 0x0, 0x0, 0x0, 0x0, 0x0,
    0x14, 0xff, 0xff, 0xff, 0xff, 0xff, 0xe0, 0x0,
    0x0, 0x22, 0x22, 0x22, 0x22, 0x26, 0xe0, 0x0,
    0x0, 0x7, 0xb0, 0x4, 0xe0, 0x4, 0xf0, 0x0,
    0x0, 0x7, 0xb0, 0x4, 0xe0, 0x4, 0xf0, 0x0,
    0x0, 0x9, 0xa0, 0x4, 0xe0, 0x2, 0xf1, 0x23,
    0x0, 0xc, 0x70, 0x4, 0xe0, 0x0, 0xf3, 0x5b,
    0x0, 0x4f, 0x20, 0x4, 0xe0, 0x0, 0xc8, 0x79,
    0x5, 0xe9, 0x0, 0x4, 0xe0, 0x0, 0x6e, 0xc7,
    0xc, 0x90, 0x0, 0x4, 0xe0, 0x0, 0xc, 0xe2,
    0x0, 0x0, 0x0, 0x0, 0x10, 0x0, 0x0, 0x0,

    /* U+6C19 "氙" */
    0x0, 0x0, 0x53, 0x0, 0x0, 0x0, 0x0, 0x0,
    0x0, 0x3, 0xf4, 0x0, 0x0, 0x0, 0x0, 0x0,
    0x0, 0xc, 0xff, 0xff, 0xff, 0xff, 0xff, 0xf0,
    0x0, 0x7e, 0x32, 0x22, 0x22, 0x22, 0x22, 0x20,
    0x4, 0xf5, 0x11, 0x11, 0x11, 0x11, 0x11, 0x0,
    0x3f, 0x84, 0xff, 0xff, 0xff, 0xff, 0xfd, 0x0,
    0x69, 0x0, 0x0, 0x0, 0x0, 0x0, 0x0, 0x0,
    0x5, 0xff, 0xff, 0xff, 0xff, 0xff, 0xf4, 0x0,
    0x0, 0x22, 0x23, 0x52, 0x22, 0x22, 0xe4, 0x0,
    0x1, 0x50, 0x3, 0xe0, 0x1, 0x50, 0xe4, 0x0,
    0x2, 0xe0, 0x3, 0xe0, 0x2, 0xe0, 0xe4, 0x0,
    0x2, 0xe0, 0x3, 0xe0, 0x2, 0xe0, 0xd5, 0x13,
    0x2, 0xe0, 0x3, 0xe0, 0x2, 0xe0, 0xc6, 0x4c,
    0x2, 0xe0, 0x3, 0xe0, 0x2, 0xe0, 0x99, 0x6b,
    0x2, 0xff, 0xff, 0xff, 0xff, 0xe0, 0x5e, 0xb8,
    0x0, 0x11, 0x11, 0x11, 0x13, 0xb0, 0xa, 0xe2,
    0x0, 0x0, 0x0, 0x0, 0x0, 0x0, 0x0, 0x0,

    /* U+6C1A "氚" */
    0x0, 0x0, 0x60, 0x0, 0x0, 0x0, 0x0, 0x0,
    0x0, 0x8, 0xc0, 0x0, 0x0, 0x0, 0x0, 0x0,
    0x0, 0x2f, 0xff, 0xff, 0xff, 0xff, 0xff, 0xf2,
    0x0, 0xba, 0x22, 0x22, 0x22, 0x22, 0x22, 0x20,
    0x7, 0xe1, 0x11, 0x11, 0x11, 0x11, 0x11, 0x0,
    0x4f, 0x45, 0xff, 0xff, 0xff, 0xff, 0xff, 0x0,
    0x77, 0x0, 0x0, 0x0, 0x0, 0x0, 0x0, 0x0,
    0x3, 0xff, 0xff, 0xff, 0xff, 0xff, 0xe0, 0x0,
    0x0, 0x22, 0x22, 0x22, 0x22, 0x26, 0xf0, 0x0,
    0x0, 0x4d, 0x3, 0xe0, 0x3e, 0x4, 0xf0, 0x0,
    0x0, 0x5d, 0x4, 0xe0, 0x4e, 0x3, 0xf0, 0x0,
    0x0, 0x6c, 0x4, 0xe0, 0x4e, 0x2, 0xf1, 0x14,
    0x0, 0x8a, 0x4, 0xe0, 0x4e, 0x0, 0xf4, 0x4d,
    0x0, 0xe6, 0x4, 0xe0, 0x4e, 0x0, 0xc8, 0x6b,
    0x1b, 0xd0, 0x4, 0xe0, 0x4e, 0x0, 0x6e, 0xb9,
    0x4d, 0x20, 0x3, 0xc0, 0x3c, 0x0, 0xb, 0xe3,
    0x0, 0x0, 0x0, 0x0, 0x0, 0x0, 0x0, 0x0,

    /* U+6C21 "氡" */
    0x0, 0x1, 0x0, 0x0, 0x0, 0x0, 0x0, 0x0,
    0x0, 0x2f, 0x20, 0x0, 0x0, 0x0, 0x0, 0x0,
    0x0, 0x9f, 0xff, 0xff, 0xff, 0xff, 0xff, 0xc0,
    0x3, 0xe2, 0x0, 0x0, 0x0, 0x0, 0x0, 0x0,
    0x1d, 0x7d, 0xee, 0xee, 0xee, 0xee, 0xe6, 0x0,
    0xab, 0x0, 0x0, 0x0, 0x0, 0x0, 0x0, 0x0,
    0x32, 0xff, 0xff, 0xff, 0xff, 0xff, 0xf0, 0x0,
    0x0, 0x4, 0xb0, 0x0, 0x0, 0x3, 0xf0, 0x0,
    0x0, 0x3f, 0xee, 0xee, 0xef, 0x93, 0xf0, 0x0,
    0x6, 0xea, 0xc3, 0x3, 0xcb, 0x12, 0xf0, 0x0,
    0x7, 0x31, 0x9f, 0xef, 0x91, 0x2, 0xf0, 0x0,
    0x2c, 0xee, 0xb6, 0x47, 0xbe, 0xf9, 0xf1, 0x0,
    0x3, 0x17, 0xca, 0x86, 0x40, 0x0, 0xf3, 0x68,
    0x0, 0x1, 0x35, 0x8a, 0xc0, 0x0, 0xc6, 0x89,
    0x1, 0xfd, 0xb9, 0x75, 0x30, 0x0, 0x8d, 0xc6,
    0x0, 0x13, 0x57, 0xac, 0xef, 0x40, 0xc, 0xe1,
    0x0, 0x0, 0x0, 0x0, 0x1, 0x0, 0x0, 0x0,

    /* U+6C24 "氤" */
    0x0, 0x1, 0x0, 0x0, 0x0, 0x0, 0x0, 0x0,
    0x0, 0x7d, 0x0, 0x0, 0x0, 0x0, 0x0, 0x0,
    0x0, 0xee, 0xee, 0xee, 0xee, 0xee, 0xee, 0xc0,
    0x6, 0xd0, 0x0, 0x0, 0x0, 0x0, 0x0, 0x0,
    0x1f, 0x5d, 0xff, 0xff, 0xff, 0xff, 0xfa, 0x0,
    0xbc, 0x0, 0x0, 0x0, 0x0, 0x0, 0x0, 0x0,
    0x63, 0xee, 0xee, 0xee, 0xee, 0xef, 0xe0, 0x0,
    0x1, 0x11, 0x11, 0x11, 0x11, 0x4, 0xe0, 0x0,
    0xc, 0xed, 0xde, 0xed, 0xdf, 0x74, 0xe0, 0x0,
    0xc, 0x50, 0xc, 0x40, 0x9, 0x73, 0xe0, 0x0,
    0xc, 0x8f, 0xff, 0xff, 0xc9, 0x73, 0xf0, 0x0,
    0xc, 0x50, 0x3f, 0x80, 0x9, 0x71, 0xf0, 0x20,
    0xc, 0x55, 0xe7, 0xbd, 0x39, 0x70, 0xf3, 0xb6,
    0xc, 0x7d, 0x40, 0x7, 0x69, 0x70, 0xc7, 0xd4,
    0xc, 0xdc, 0xcc, 0xcc, 0xce, 0x70, 0x7e, 0xf2,
    0xc, 0x73, 0x33, 0x33, 0x3b, 0x70, 0xa, 0x90,

    /* U+6C29 "氩" */
    0x0, 0x1, 0x0, 0x0, 0x0, 0x0, 0x0, 0x0,
    0x0, 0x1f, 0x40, 0x0, 0x0, 0x0, 0x0, 0x0,
    0x0, 0x8f, 0xff, 0xff, 0xff, 0xff, 0xff, 0xf6,
    0x1, 0xe4, 0x0, 0x0, 0x0, 0x0, 0x0, 0x0,
    0xa, 0xb8, 0xff, 0xff, 0xff, 0xff, 0xff, 0x30,
    0x4f, 0x20, 0x0, 0x0, 0x0, 0x0, 0x0, 0x0,
    0x17, 0xff, 0xff, 0xff, 0xff, 0xff, 0xf4, 0x0,
    0x0, 0x0, 0x0, 0x0, 0x0, 0x0, 0xe4, 0x0,
    0xa, 0xff, 0xff, 0xff, 0xff, 0xf3, 0xe4, 0x0,
    0x1, 0x11, 0xe5, 0x1f, 0x41, 0x10, 0xd5, 0x0,
    0xc, 0x40, 0xe4, 0xf, 0x30, 0xd3, 0xd5, 0x0,
    0x7, 0xd0, 0xe4, 0xf, 0x37, 0xd0, 0xb7, 0x13,
    0x0, 0xe5, 0xe4, 0xf, 0x3e, 0x30, 0xa9, 0x4e,
    0x0, 0x10, 0xe4, 0xf, 0x31, 0x0, 0x7d, 0x6c,
    0x1e, 0xee, 0xff, 0xef, 0xee, 0xeb, 0x2f, 0xea,
    0x2, 0x22, 0x22, 0x22, 0x22, 0x21, 0x7, 0xf4,

    /* U+6C2A "氪" */
    0x0, 0x0, 0x0, 0x0, 0x0, 0x0, 0x0, 0x0,
    0x0, 0x1, 0xf2, 0x0, 0x0, 0x0, 0x0, 0x0,
    0x0, 0x0, 0x9f, 0xff, 0xff, 0xff, 0xff, 0xff,
    0xf3, 0x0, 0x3f, 0x54, 0x44, 0x44, 0x44, 0x44,
    0x30, 0x0, 0x1d, 0x74, 0x77, 0x77, 0x77, 0x77,
    0x75, 0x0, 0x5, 0xbc, 0xcc, 0xcc, 0xcc, 0xcc,
    0xcc, 0x30, 0x0, 0x0, 0x22, 0x28, 0xc2, 0x22,
    0x22, 0xd4, 0x0, 0x0, 0xbb, 0xbb, 0xde, 0xbb,
    0xbb, 0x6d, 0x40, 0x0, 0x3, 0x33, 0x39, 0xc3,
    0x33, 0x32, 0xd4, 0x0, 0x0, 0x2c, 0xcc, 0xee,
    0xcc, 0xc6, 0xd, 0x40, 0x0, 0x3, 0xe2, 0x22,
    0x22, 0x2b, 0x80, 0xc5, 0x0, 0x0, 0x3e, 0x0,
    0x0, 0x0, 0xa8, 0xb, 0x60, 0x0, 0x3, 0xff,
    0xff, 0xff, 0xff, 0x81, 0x98, 0x1c, 0x0, 0x1,
    0x1f, 0x20, 0xf1, 0x1, 0xf7, 0xb3, 0xe0, 0x0,
    0x5d, 0x90, 0xf, 0x30, 0x6d, 0x2f, 0x9b, 0x1,
    0xed, 0x60, 0x0, 0x9e, 0xfe, 0x50, 0x7f, 0x50,
    0x1, 0x0, 0x0, 0x0, 0x0, 0x0, 0x0, 0x0,
    0x0,

    /* U+6C32 "氲" */
    0x0, 0x7, 0x10, 0x0, 0x0, 0x0, 0x0, 0x0,
    0x0, 0x4f, 0x77, 0x77, 0x77, 0x77, 0x77, 0x50,
    0x0, 0xca, 0x77, 0x77, 0x77, 0x77, 0x77, 0x50,
    0x7, 0xd9, 0xbb, 0xbb, 0xbb, 0xbb, 0xb4, 0x0,
    0x4f, 0x42, 0x33, 0x33, 0x33, 0x33, 0x31, 0x0,
    0xc9, 0xdd, 0xdd, 0xdd, 0xdd, 0xdd, 0xc0, 0x0,
    0x10, 0x11, 0x11, 0x11, 0x11, 0x15, 0xe0, 0x0,
    0x1, 0xfd, 0xdd, 0xdd, 0xde, 0x84, 0xd0, 0x0,
    0x1, 0xe2, 0x22, 0x22, 0x28, 0x84, 0xd0, 0x0,
    0x1, 0xfb, 0xbb, 0xbb, 0xbd, 0x83, 0xe0, 0x0,
    0x1, 0xf8, 0x88, 0x88, 0x8c, 0x82, 0xe0, 0x0,
    0x0, 0x83, 0x33, 0x33, 0x35, 0x41, 0xf0, 0x0,
    0x9, 0xdd, 0xed, 0xde, 0xdd, 0xe0, 0xf2, 0x88,
    0xb, 0x50, 0xc3, 0xe, 0x10, 0xf0, 0xd5, 0xa7,
    0xb, 0x50, 0xc3, 0xe, 0x10, 0xf0, 0x8c, 0xe4,
    0xbf, 0xed, 0xfe, 0xdf, 0xdd, 0xfd, 0x4c, 0xd0,

    /* U+6C93 "沓" */
    0x0, 0x0, 0x0, 0x0, 0x40, 0x0, 0x0, 0x0,
    0x0, 0x0, 0x0, 0x2, 0xf1, 0x0, 0x0, 0x0,
    0x1, 0x22, 0x22, 0x2, 0xf3, 0x0, 0x19, 0x20,
    0xe, 0xff, 0xff, 0x72, 0xfd, 0x5, 0xec, 0x30,
    0x0, 0x0, 0x3f, 0x22, 0xfa, 0xed, 0x50, 0x0,
    0x0, 0x3, 0xe6, 0x2, 0xf1, 0xbc, 0x20, 0x0,
    0x0, 0x7f, 0x60, 0x3, 0xf1, 0x9, 0xf8, 0x20,
    0x5e, 0xd3, 0x1e, 0xdf, 0xd0, 0x0, 0x4d, 0xf4,
    0x25, 0x0, 0x4, 0x44, 0x10, 0x0, 0x0, 0x30,
    0x0, 0x9f, 0xff, 0xff, 0xff, 0xff, 0xf5, 0x0,
    0x0, 0x9a, 0x0, 0x0, 0x0, 0x0, 0xd5, 0x0,
    0x0, 0x9a, 0x22, 0x22, 0x22, 0x22, 0xd5, 0x0,
    0x0, 0x9e, 0xdd, 0xdd, 0xdd, 0xdd, 0xf5, 0x0,
    0x0, 0x9a, 0x0, 0x0, 0x0, 0x0, 0xd5, 0x0,
    0x0, 0x9f, 0xee, 0xee, 0xee, 0xee, 0xf5, 0x0,
    0x0, 0x9a, 0x11, 0x11, 0x11, 0x11, 0xd5, 0x0,

    /* U+6CF6 "泶" */
    0x0, 0x0, 0x0, 0x0, 0x0, 0x0, 0x0, 0x0,
    0x0, 0x64, 0x0, 0x2e, 0x10, 0x0, 0x65, 0x0,
    0x0, 0x7e, 0x10, 0xc, 0x90, 0x2, 0xf5, 0x0,
    0x0, 0xc, 0x90, 0x4, 0xe0, 0xd, 0x90, 0x0,
    0x5, 0x57, 0x55, 0x55, 0x55, 0x5a, 0x55, 0x50,
    0x1f, 0xdd, 0xdd, 0xdd, 0xdd, 0xdd, 0xdd, 0xf2,
    0x1f, 0x20, 0x0, 0x3, 0xa0, 0x0, 0x1, 0xf2,
    0x1d, 0x10, 0x0, 0x4, 0xe0, 0x0, 0x3, 0xd2,
    0xa, 0xdd, 0xdd, 0x74, 0xf5, 0x1, 0xaf, 0x20,
    0x4, 0x55, 0x6f, 0x64, 0xfe, 0x6e, 0xd3, 0x0,
    0x0, 0x0, 0x9d, 0x4, 0xe6, 0xf9, 0x0, 0x0,
    0x0, 0x7, 0xf2, 0x4, 0xe0, 0xad, 0x20, 0x0,
    0x0, 0x8f, 0x40, 0x4, 0xe0, 0xb, 0xe5, 0x0,
    0x2c, 0xf4, 0x0, 0x4, 0xe0, 0x0, 0x8f, 0xc4,
    0x8c, 0x20, 0x5, 0x4a, 0xd0, 0x0, 0x3, 0xc4,
    0x0, 0x0, 0xf, 0xff, 0x60, 0x0, 0x0, 0x0,

    /* U+6DFC "淼" */
    0x0, 0x0, 0x0, 0x0, 0x0, 0x0, 0x0, 0x0,
    0x0, 0x0, 0x0, 0x2, 0xf0, 0x0, 0x0, 0x0,
    0x1, 0x33, 0x33, 0x12, 0xf5, 0x0, 0x19, 0x20,
    0x7, 0xcc, 0xcf, 0xa2, 0xfd, 0x37, 0xfa, 0x20,
    0x0, 0x0, 0x5e, 0x22, 0xf3, 0xfd, 0x20, 0x0,
    0x0, 0x19, 0xe2, 0x2, 0xf0, 0x2d, 0xa2, 0x0,
    0x18, 0xe9, 0x12, 0x49, 0xe0, 0x0, 0x8f, 0xc3,
    0x1a, 0x30, 0x65, 0xdc, 0x40, 0x5, 0x11, 0x60,
    0x0, 0x1, 0xf0, 0x15, 0x0, 0xe, 0x20, 0x40,
    0x1d, 0xd8, 0xf3, 0xd7, 0xbd, 0x8e, 0x76, 0xe1,
    0x3, 0x99, 0xff, 0x90, 0x27, 0x9e, 0xee, 0x20,
    0x0, 0xc4, 0xf9, 0xc0, 0xa, 0x5e, 0x9a, 0x0,
    0x4, 0xd1, 0xf0, 0xd8, 0x3e, 0xe, 0x3e, 0x50,
    0x1d, 0x51, 0xf0, 0x25, 0xd5, 0xe, 0x25, 0xf4,
    0x8b, 0x13, 0xf0, 0xa, 0xa1, 0x3f, 0x20, 0x78,
    0x10, 0x7f, 0xc0, 0x2, 0x4, 0xfd, 0x0, 0x0,
    0x0, 0x0, 0x0, 0x0, 0x0, 0x0, 0x0, 0x0,

    /* U+6ED5 "滕" */
    0x0, 0x0, 0x0, 0x0, 0x0, 0x30, 0x0, 0x0,
    0x1, 0x11, 0x10, 0x45, 0x2, 0xf0, 0x8, 0x20,
    0xe, 0xee, 0xf1, 0x2e, 0x24, 0xd0, 0x5e, 0x10,
    0xe, 0x20, 0xf1, 0x6, 0x58, 0xb0, 0x94, 0x0,
    0xe, 0x20, 0xf2, 0xff, 0xff, 0xff, 0xff, 0xf0,
    0xe, 0x87, 0xf1, 0x0, 0x2f, 0x10, 0x0, 0x0,
    0xe, 0x86, 0xf9, 0xbb, 0xdf, 0xbb, 0xbb, 0xb6,
    0xe, 0x20, 0xf4, 0x4b, 0xd4, 0x48, 0xe4, 0x42,
    0xe, 0x20, 0xf1, 0x7e, 0x22, 0x50, 0xbb, 0x10,
    0xe, 0x42, 0xfb, 0xe3, 0x5, 0xc0, 0xa, 0xe5,
    0xe, 0xdd, 0xf8, 0x2d, 0x25, 0xc0, 0x98, 0x64,
    0xf, 0x10, 0xf1, 0x4, 0xa5, 0xc9, 0x90, 0x0,
    0xf, 0x10, 0xf1, 0x2, 0x96, 0xc7, 0x30, 0x0,
    0x3f, 0x0, 0xf4, 0xbe, 0x86, 0xc4, 0xdb, 0x20,
    0x9a, 0x11, 0xf3, 0x71, 0x7, 0xb0, 0x8, 0xa0,
    0xb4, 0xdf, 0xb0, 0x7, 0xff, 0x60, 0x0, 0x0,
    0x0, 0x0, 0x0, 0x0, 0x0, 0x0, 0x0, 0x0,

    /* U+706C "灬" */
    0x0, 0x0, 0x0, 0x0, 0x0, 0x0, 0x0, 0x0,
    0x0, 0xa5, 0xa, 0x10, 0x3c, 0x0, 0x6b, 0x0,
    0x4, 0xf3, 0xe, 0x70, 0x1f, 0x40, 0x3f, 0x40,
    0xc, 0xa0, 0x9, 0xc0, 0xb, 0xa0, 0xb, 0xc0,
    0x7f, 0x20, 0x4, 0xf1, 0x6, 0xf0, 0x3, 0xf4,
    0x26, 0x0, 0x0, 0x50, 0x0, 0x10, 0x0, 0x72,

    /* U+7080 "炀" */
    0x0, 0x5c, 0x0, 0x2, 0x22, 0x22, 0x22, 0x20,
    0x0, 0x5c, 0x0, 0x2f, 0xff, 0xff, 0xff, 0xe0,
    0x0, 0x5c, 0x0, 0x0, 0x0, 0x3, 0xcd, 0x30,
    0x87, 0x6c, 0xb, 0x60, 0x1, 0x9f, 0x70, 0x0,
    0x6b, 0x6b, 0x2f, 0x10, 0x6e, 0xb1, 0x0, 0x0,
    0x2f, 0x7b, 0x8a, 0x2c, 0xf7, 0x22, 0x22, 0x21,
    0xb, 0x9a, 0x92, 0x5f, 0xff, 0xff, 0xff, 0xf8,
    0x0, 0x89, 0x0, 0x0, 0x6d, 0x7, 0xb0, 0xa7,
    0x0, 0xa8, 0x0, 0x0, 0xd7, 0xb, 0x70, 0xb7,
    0x0, 0xce, 0x10, 0x8, 0xe0, 0x1f, 0x30, 0xc6,
    0x0, 0xfc, 0xc0, 0x8f, 0x30, 0x8c, 0x0, 0xd5,
    0x5, 0xd1, 0xe7, 0xb4, 0x2, 0xf5, 0x0, 0xe4,
    0xc, 0x80, 0x5f, 0x20, 0xd, 0xb0, 0x0, 0xf3,
    0x5f, 0x10, 0x6, 0x1, 0xce, 0x33, 0x39, 0xe0,
    0x87, 0x0, 0x0, 0xb, 0xc1, 0x6f, 0xfd, 0x40,
    0x0, 0x0, 0x0, 0x1, 0x0, 0x0, 0x0, 0x0,

    /* U+7085 "炅" */
    0x0, 0xac, 0xcc, 0xcc, 0xcc, 0xcc, 0xc3, 0x0,
    0x0, 0xe7, 0x44, 0x44, 0x44, 0x44, 0xe5, 0x0,
    0x0, 0xe4, 0x0, 0x0, 0x0, 0x0, 0xd5, 0x0,
    0x0, 0xef, 0xff, 0xff, 0xff, 0xff, 0xf5, 0x0,
    0x0, 0xe4, 0x0, 0x0, 0x0, 0x0, 0xd5, 0x0,
    0x0, 0xe5, 0x11, 0x11, 0x11, 0x11, 0xd5, 0x0,
    0x0, 0xef, 0xff, 0xff, 0xff, 0xff, 0xf5, 0x0,
    0x0, 0x30, 0x0, 0xa, 0x50, 0x0, 0x21, 0x0,
    0x2, 0xd2, 0x0, 0xf, 0x40, 0x0, 0x97, 0x0,
    0x0, 0xad, 0x10, 0x3f, 0x60, 0x9, 0xf3, 0x0,
    0x0, 0xc, 0x90, 0xae, 0xf2, 0x4f, 0x40, 0x0,
    0x0, 0x1, 0x7, 0xf3, 0x8e, 0x32, 0x0, 0x0,
    0x0, 0x2, 0xaf, 0x60, 0x8, 0xf8, 0x20, 0x0,
    0x37, 0xcf, 0xc3, 0x0, 0x0, 0x4d, 0xfc, 0x91,
    0x8d, 0x93, 0x0, 0x0, 0x0, 0x0, 0x49, 0x90,
    0x0, 0x0, 0x0, 0x0, 0x0, 0x0, 0x0, 0x0,

    /* U+7096 "炖" */
    0x0, 0x5b, 0x0, 0x0, 0x0, 0xe3, 0x0, 0x0,
    0x0, 0x5, 0xc0, 0x2, 0x22, 0x2f, 0x52, 0x22,
    0x10, 0x0, 0x5c, 0x1, 0xff, 0xff, 0xff, 0xff,
    0xf9, 0x7, 0x55, 0xb0, 0xd2, 0x0, 0xf, 0x30,
    0x0, 0x0, 0x6a, 0x6b, 0x3f, 0x6a, 0x0, 0xf3,
    0x7, 0x90, 0x2, 0xe6, 0xb8, 0x97, 0xb0, 0xf,
    0x30, 0x8a, 0x0, 0xa, 0x7a, 0x63, 0x7b, 0x0,
    0xf3, 0x8, 0xa0, 0x0, 0x7, 0xa0, 0x7, 0xb0,
    0xf, 0x30, 0x8a, 0x0, 0x0, 0x89, 0x0, 0x7e,
    0xaa, 0xfb, 0xad, 0xa0, 0x0, 0xa, 0xf2, 0x3,
    0x77, 0x7f, 0x97, 0xba, 0x0, 0x0, 0xd8, 0xe2,
    0x0, 0x0, 0xf3, 0x0, 0x2, 0x0, 0x2f, 0x9,
    0xd0, 0x0, 0xf, 0x30, 0x0, 0xf2, 0x9, 0x90,
    0xd, 0x80, 0x0, 0xf3, 0x0, 0x1f, 0x3, 0xf2,
    0x0, 0x31, 0x0, 0xe, 0x71, 0x18, 0xe0, 0x69,
    0x0, 0x0, 0x0, 0x0, 0x6f, 0xff, 0xe5, 0x0,
    0x0, 0x0, 0x0, 0x0, 0x0, 0x0, 0x0, 0x0,

    /* U+709C "炜" */
    0x0, 0x13, 0x0, 0x0, 0x4, 0x30, 0x0, 0x0,
    0x0, 0x5c, 0x0, 0x0, 0x9, 0x80, 0x0, 0x0,
    0x0, 0x5c, 0x0, 0x12, 0x2a, 0x92, 0x22, 0x20,
    0x0, 0x5b, 0x2, 0xef, 0xff, 0xff, 0xff, 0xf7,
    0xa6, 0x6b, 0x4c, 0x0, 0x9, 0x80, 0x0, 0x0,
    0x6a, 0x6b, 0x87, 0x22, 0x2a, 0x92, 0x22, 0x10,
    0x3e, 0x7a, 0xd3, 0xbf, 0xff, 0xff, 0xff, 0x70,
    0xa, 0x9a, 0x80, 0x0, 0x9, 0x80, 0x0, 0x0,
    0x0, 0xa9, 0x1, 0x22, 0x2a, 0x92, 0x22, 0x20,
    0x0, 0xc7, 0x7, 0xff, 0xff, 0xff, 0xff, 0xf1,
    0x0, 0xec, 0xa0, 0x0, 0x9, 0x80, 0x0, 0xf0,
    0x2, 0xf3, 0xf3, 0x0, 0x9, 0x80, 0x1, 0xf0,
    0x7, 0xd0, 0x8c, 0x0, 0x9, 0x80, 0x5, 0xd0,
    0xd, 0x70, 0x16, 0x0, 0x9, 0x8c, 0xff, 0x60,
    0x7e, 0x0, 0x0, 0x0, 0x9, 0x82, 0x31, 0x0,
    0x34, 0x0, 0x0, 0x0, 0x9, 0x80, 0x0, 0x0,

    /* U+709D "炝" */
    0x0, 0x0, 0x0, 0x0, 0x0, 0x0, 0x0, 0x0,
    0x0, 0x1d, 0x0, 0x0, 0x6, 0xf2, 0x0, 0x0,
    0x0, 0x2f, 0x0, 0x0, 0x1e, 0xcb, 0x0, 0x0,
    0x2, 0x2f, 0x6, 0x10, 0xba, 0xe, 0x80, 0x0,
    0x6b, 0x2f, 0x2f, 0x18, 0xe1, 0x3, 0xf8, 0x0,
    0x3e, 0x2f, 0xa8, 0x9e, 0x20, 0x0, 0x4f, 0xb2,
    0x1f, 0x4f, 0xaa, 0xf7, 0x44, 0x44, 0x46, 0xd9,
    0xc, 0x6e, 0x1, 0x5f, 0xdd, 0xdd, 0xed, 0x0,
    0x0, 0x4d, 0x0, 0x3f, 0x0, 0x0, 0x6c, 0x0,
    0x0, 0x6b, 0x0, 0x3f, 0x0, 0x0, 0x7c, 0x0,
    0x0, 0x9e, 0x90, 0x3f, 0x1, 0x0, 0xaa, 0x0,
    0x0, 0xd6, 0xe6, 0x3f, 0xb, 0xff, 0xf4, 0x65,
    0x3, 0xf1, 0x5f, 0x6f, 0x1, 0x22, 0x0, 0xb9,
    0xa, 0xa0, 0x9, 0x6f, 0x0, 0x0, 0x0, 0xd7,
    0x4f, 0x20, 0x0, 0x2f, 0x52, 0x22, 0x25, 0xf4,
    0x69, 0x0, 0x0, 0x9, 0xff, 0xff, 0xff, 0x90,
    0x0, 0x0, 0x0, 0x0, 0x0, 0x0, 0x0, 0x0,

    /* U+70AB "炫" */
    0x0, 0x1, 0x0, 0x0, 0x0, 0x20, 0x0, 0x0,
    0x0, 0x3e, 0x0, 0x0, 0x5, 0xe1, 0x0, 0x0,
    0x0, 0x3e, 0x0, 0x0, 0x0, 0xc8, 0x0, 0x0,
    0x0, 0x3e, 0x0, 0xef, 0xff, 0xff, 0xff, 0xf8,
    0xa6, 0x3e, 0xc, 0x42, 0x4f, 0x62, 0x22, 0x21,
    0x6c, 0x3e, 0x4e, 0x0, 0xaa, 0x0, 0x14, 0x0,
    0x1f, 0x5d, 0x98, 0x4, 0xe1, 0x0, 0xbe, 0x10,
    0x2, 0x4d, 0x0, 0x1e, 0x40, 0x7, 0xf3, 0x0,
    0x0, 0x5c, 0x0, 0x9f, 0xcc, 0xdf, 0x70, 0x0,
    0x0, 0x7d, 0x0, 0x35, 0x44, 0xfa, 0x0, 0x0,
    0x0, 0xae, 0xb0, 0x0, 0xb, 0xd0, 0x73, 0x0,
    0x0, 0xd5, 0xca, 0x0, 0x7f, 0x20, 0xaa, 0x0,
    0x2, 0xf1, 0x1e, 0x43, 0xf5, 0x0, 0x3f, 0x20,
    0x9, 0xb0, 0x2, 0x3f, 0x80, 0x1, 0x2c, 0xa0,
    0x3f, 0x30, 0x0, 0xbf, 0xef, 0xff, 0xee, 0xf1,
    0x69, 0x0, 0x0, 0x34, 0x31, 0x0, 0x0, 0xd5,
    0x0, 0x0, 0x0, 0x0, 0x0, 0x0, 0x0, 0x0,

    /* U+70B1 "炱" */
    0x0, 0x0, 0x0, 0x3, 0x0, 0x0, 0x0, 0x0,
    0x0, 0x0, 0x2, 0xce, 0x10, 0x21, 0x0, 0x0,
    0x0, 0x0, 0x7e, 0x80, 0x0, 0x8e, 0x50, 0x0,
    0x0, 0x5d, 0xa2, 0x0, 0x0, 0x6, 0xf9, 0x0,
    0xb, 0xff, 0xdd, 0xee, 0xff, 0xee, 0xde, 0xd2,
    0x2, 0x43, 0x22, 0x10, 0x0, 0x0, 0x0, 0x8a,
    0x0, 0x5f, 0xff, 0xff, 0xff, 0xff, 0xfd, 0x0,
    0x0, 0x5d, 0x0, 0x0, 0x0, 0x0, 0x4e, 0x0,
    0x0, 0x5d, 0x0, 0x0, 0x0, 0x0, 0x4e, 0x0,
    0x0, 0x5f, 0xff, 0xff, 0xff, 0xff, 0xfe, 0x0,
    0x0, 0x46, 0x0, 0x4, 0xa0, 0x0, 0x18, 0x0,
    0x0, 0x7e, 0x20, 0xb, 0xe1, 0x0, 0x9e, 0x10,
    0x0, 0x7, 0xd0, 0x5f, 0xbc, 0x17, 0xc1, 0x0,
    0x0, 0x0, 0x18, 0xf4, 0xa, 0xe6, 0x10, 0x0,
    0x2, 0x5a, 0xfc, 0x20, 0x0, 0x5e, 0xfa, 0x74,
    0xd, 0xc8, 0x30, 0x0, 0x0, 0x0, 0x49, 0xc9,
    0x0, 0x0, 0x0, 0x0, 0x0, 0x0, 0x0, 0x0,

    /* U+70B7 "炷" */
    0x0, 0x0, 0x0, 0x0, 0x0, 0x0, 0x0, 0x0,
    0x0, 0x5b, 0x0, 0x0, 0x1, 0xe2, 0x0, 0x0,
    0x0, 0x5c, 0x0, 0x0, 0x0, 0xad, 0x0, 0x0,
    0x0, 0x5c, 0x2, 0x24, 0x44, 0x59, 0x44, 0x42,
    0xa6, 0x6b, 0xe, 0xad, 0xdd, 0xee, 0xdd, 0xd7,
    0x6a, 0x6b, 0x5d, 0x0, 0x0, 0x9a, 0x0, 0x0,
    0x2f, 0x7b, 0xb6, 0x0, 0x0, 0x9a, 0x0, 0x0,
    0x9, 0x8a, 0x70, 0x0, 0x0, 0x9a, 0x0, 0x0,
    0x0, 0x89, 0x0, 0x4, 0x44, 0xbb, 0x44, 0x40,
    0x0, 0x98, 0x0, 0x2d, 0xdd, 0xee, 0xdd, 0xd1,
    0x0, 0xcd, 0xa0, 0x0, 0x0, 0x9a, 0x0, 0x0,
    0x0, 0xf4, 0xe5, 0x0, 0x0, 0x9a, 0x0, 0x0,
    0x5, 0xe0, 0x7e, 0x0, 0x0, 0x9a, 0x0, 0x0,
    0xc, 0x90, 0x6, 0x0, 0x0, 0x9a, 0x0, 0x0,
    0x7f, 0x10, 0x1, 0xff, 0xff, 0xff, 0xff, 0xfd,
    0x55, 0x0, 0x0, 0x22, 0x22, 0x22, 0x22, 0x22,

    /* U+70BB "炻" */
    0x0, 0x3, 0x0, 0x0, 0x0, 0x0, 0x0, 0x0,
    0x0, 0x2e, 0x0, 0x0, 0x0, 0x0, 0x0, 0x0,
    0x0, 0x2e, 0x0, 0x3f, 0xff, 0xff, 0xff, 0xfd,
    0x1, 0x3e, 0x2, 0x12, 0x26, 0xf2, 0x22, 0x22,
    0x69, 0x3e, 0xd, 0x40, 0xa, 0xa0, 0x0, 0x0,
    0x3c, 0x3d, 0x1f, 0x0, 0x1f, 0x40, 0x0, 0x0,
    0x1f, 0x4d, 0x5b, 0x0, 0x9c, 0x0, 0x0, 0x0,
    0xd, 0x6c, 0x56, 0x2, 0xf8, 0x44, 0x44, 0x41,
    0x0, 0x5c, 0x0, 0xc, 0xfd, 0xdd, 0xdd, 0xf5,
    0x0, 0x7c, 0x0, 0x8f, 0xf1, 0x0, 0x0, 0xd5,
    0x0, 0xaf, 0x57, 0xf6, 0xf1, 0x0, 0x0, 0xd5,
    0x0, 0xeb, 0xe6, 0x62, 0xf1, 0x0, 0x0, 0xd5,
    0x4, 0xf0, 0xda, 0x2, 0xf1, 0x0, 0x0, 0xd5,
    0xb, 0xa0, 0x4b, 0x2, 0xf3, 0x22, 0x22, 0xd5,
    0x5f, 0x20, 0x0, 0x2, 0xff, 0xff, 0xff, 0xf5,
    0x37, 0x0, 0x0, 0x2, 0xf1, 0x0, 0x0, 0xd5,

    /* U+70C0 "烀" */
    0x0, 0x11, 0x0, 0x0, 0x0, 0x0, 0x0, 0x0,
    0x0, 0x6c, 0x0, 0x1, 0x12, 0x34, 0x67, 0x91,
    0x0, 0x6c, 0x0, 0xbf, 0xff, 0xfe, 0xba, 0x92,
    0x0, 0x6b, 0x0, 0x11, 0x0, 0xb7, 0x0, 0x0,
    0xa5, 0x7b, 0xe, 0x4d, 0x0, 0xb7, 0x2, 0xf2,
    0x89, 0x7b, 0x5d, 0xe, 0x60, 0xb7, 0xa, 0xb0,
    0x5d, 0x7a, 0xb6, 0x8, 0xd0, 0xb7, 0x2f, 0x30,
    0x1d, 0x8a, 0xc0, 0x2, 0xd1, 0xb7, 0x6a, 0x0,
    0x0, 0x99, 0x0, 0x44, 0x44, 0xc9, 0x44, 0x43,
    0x0, 0xa8, 0x0, 0xee, 0xee, 0xff, 0xee, 0xeb,
    0x0, 0xde, 0x60, 0x0, 0x0, 0xb7, 0x0, 0x0,
    0x0, 0xf8, 0xe1, 0x0, 0x0, 0xb7, 0x0, 0x0,
    0x5, 0xe0, 0xc9, 0x0, 0x0, 0xb7, 0x0, 0x0,
    0xc, 0x90, 0x4c, 0x0, 0x0, 0xb7, 0x0, 0x0,
    0x5f, 0x20, 0x0, 0x4, 0x44, 0xe6, 0x0, 0x0,
    0x68, 0x0, 0x0, 0xb, 0xff, 0xd1, 0x0, 0x0,
    0x0, 0x0, 0x0, 0x0, 0x0, 0x0, 0x0, 0x0,

    /* U+70CA "烊" */
    0x0, 0x15, 0x0, 0x2, 0x20, 0x0, 0x4, 0x0,
    0x0, 0x3e, 0x0, 0x8, 0xe1, 0x0, 0x4f, 0x40,
    0x0, 0x3e, 0x0, 0x0, 0xb9, 0x1, 0xe7, 0x0,
    0x11, 0x3e, 0x3, 0x7c, 0xdc, 0xcd, 0xfc, 0xc7,
    0x89, 0x3e, 0x1f, 0x45, 0x55, 0xda, 0x55, 0x53,
    0x3d, 0x3e, 0x6b, 0x0, 0x0, 0xb7, 0x0, 0x0,
    0xf, 0x6d, 0xc5, 0x0, 0x0, 0xb7, 0x0, 0x0,
    0x8, 0x7d, 0x90, 0x2f, 0xff, 0xff, 0xff, 0xe0,
    0x0, 0x5c, 0x0, 0x1, 0x11, 0xc8, 0x11, 0x10,
    0x0, 0x6a, 0x0, 0x0, 0x0, 0xb7, 0x0, 0x0,
    0x0, 0x9e, 0x10, 0x0, 0x0, 0xb7, 0x0, 0x0,
    0x0, 0xce, 0xb1, 0xff, 0xff, 0xff, 0xff, 0xff,
    0x2, 0xf2, 0xe7, 0x11, 0x11, 0xc8, 0x11, 0x11,
    0x8, 0xb0, 0x5f, 0x10, 0x0, 0xb7, 0x0, 0x0,
    0x2f, 0x30, 0x2, 0x0, 0x0, 0xb7, 0x0, 0x0,
    0x39, 0x0, 0x0, 0x0, 0x0, 0xb7, 0x0, 0x0,
    0x0, 0x0, 0x0, 0x0, 0x0, 0x0, 0x0, 0x0,

    /* U+70E8 "烨" */
    0x0, 0x1, 0x0, 0x0, 0x0, 0x0, 0x0, 0x0,
    0x0, 0x0, 0xc5, 0x0, 0x0, 0xe2, 0x3d, 0x0,
    0x0, 0x0, 0xc, 0x50, 0x0, 0x6c, 0x3, 0xd0,
    0x3c, 0x10, 0x20, 0xc5, 0x12, 0xd, 0x60, 0x3d,
    0x4f, 0x80, 0xe, 0x2c, 0x56, 0xc8, 0xf5, 0x3,
    0xff, 0x60, 0x0, 0xb6, 0xc5, 0xc9, 0xfe, 0x52,
    0xcf, 0x30, 0x23, 0x8, 0x9d, 0x7e, 0x87, 0xcb,
    0xfb, 0xd0, 0x6, 0xb0, 0x35, 0xd5, 0x40, 0xc,
    0x73, 0x3f, 0x10, 0x98, 0x0, 0xe, 0x20, 0x0,
    0xc5, 0x0, 0xdf, 0xff, 0x20, 0x0, 0xf1, 0x0,
    0x4, 0x10, 0xb2, 0x11, 0x0, 0x0, 0x2f, 0xc2,
    0x2, 0x22, 0x2f, 0x42, 0x22, 0x10, 0x6, 0xca,
    0xc3, 0xff, 0xff, 0xff, 0xff, 0xfa, 0x0, 0xb8,
    0x1f, 0x60, 0x0, 0xf, 0x30, 0x0, 0x0, 0x2f,
    0x20, 0x7a, 0x0, 0x0, 0xf3, 0x0, 0x0, 0xb,
    0xb0, 0x0, 0x0, 0x0, 0xf, 0x30, 0x0, 0x0,
    0x72, 0x0, 0x0, 0x0, 0x0, 0xf3, 0x0, 0x0,

    /* U+7110 "焐" */
    0x0, 0x4c, 0x0, 0x33, 0x33, 0x33, 0x33, 0x31,
    0x0, 0x4d, 0x1, 0xdd, 0xef, 0xdd, 0xdd, 0xd6,
    0x1, 0x4d, 0x2, 0x0, 0x7b, 0x0, 0x0, 0x0,
    0x79, 0x5c, 0x2d, 0xad, 0xee, 0xdd, 0xdd, 0x50,
    0x3e, 0x5c, 0x88, 0x34, 0xe7, 0x44, 0x4d, 0x70,
    0xf, 0x8c, 0xe3, 0x0, 0xf3, 0x0, 0xc, 0x70,
    0x9, 0x9c, 0x90, 0x14, 0xf2, 0x11, 0x1c, 0x71,
    0x0, 0x6a, 0x4, 0xff, 0xff, 0xff, 0xff, 0xfe,
    0x0, 0x89, 0x0, 0x0, 0x0, 0x0, 0x0, 0x0,
    0x0, 0xae, 0x10, 0x5d, 0xdd, 0xdd, 0xdd, 0x90,
    0x0, 0xe9, 0xc0, 0x6d, 0x33, 0x33, 0x39, 0xb0,
    0x3, 0xe0, 0xc8, 0x6c, 0x0, 0x0, 0x7, 0xb0,
    0xa, 0x80, 0x26, 0x6c, 0x0, 0x0, 0x7, 0xb0,
    0x3f, 0x10, 0x0, 0x6f, 0xff, 0xff, 0xff, 0xb0,
    0x26, 0x0, 0x0, 0x6c, 0x11, 0x11, 0x18, 0xb0,

    /* U+7113 "焓" */
    0x0, 0x0, 0x0, 0x0, 0x0, 0x0, 0x0, 0x0,
    0x0, 0x4d, 0x0, 0x0, 0x5, 0xf4, 0x0, 0x0,
    0x0, 0x4d, 0x0, 0x0, 0x1e, 0xbd, 0x0, 0x0,
    0x0, 0x4d, 0x0, 0x0, 0xbb, 0xa, 0xc0, 0x0,
    0x78, 0x4c, 0x4c, 0x1c, 0xc4, 0x90, 0xbd, 0x30,
    0x4c, 0x4c, 0x8c, 0xeb, 0x1, 0xe4, 0x9, 0xf7,
    0xf, 0x6c, 0xc5, 0x72, 0x22, 0x52, 0x21, 0x42,
    0xa, 0x8b, 0x80, 0x3f, 0xff, 0xff, 0xfb, 0x0,
    0x0, 0x6a, 0x0, 0x0, 0x0, 0x3, 0xe3, 0x0,
    0x0, 0x7d, 0x0, 0x0, 0x0, 0xb, 0x40, 0x0,
    0x0, 0xae, 0x90, 0x3f, 0xff, 0xff, 0xff, 0x40,
    0x0, 0xe4, 0xd7, 0x3f, 0x22, 0x22, 0x2e, 0x40,
    0x4, 0xe0, 0x4f, 0x4f, 0x0, 0x0, 0xe, 0x40,
    0xc, 0x80, 0x3, 0x3f, 0x0, 0x0, 0xe, 0x40,
    0x6f, 0x10, 0x0, 0x3f, 0xff, 0xff, 0xff, 0x40,
    0x26, 0x0, 0x0, 0x3f, 0x22, 0x22, 0x2e, 0x40,

    /* U+7116 "焖" */
    0x0, 0x0, 0x0, 0x0, 0x0, 0x0, 0x0, 0x0,
    0x0, 0xc5, 0x0, 0x78, 0x1, 0x11, 0x11, 0x10,
    0x0, 0xc5, 0x0, 0x1e, 0x4c, 0xff, 0xff, 0xf1,
    0x0, 0xc5, 0x12, 0x82, 0x5, 0x0, 0x0, 0xf1,
    0xd2, 0xc4, 0xac, 0xe0, 0xc, 0x60, 0x0, 0xf1,
    0xa7, 0xc5, 0xf7, 0xe0, 0x3, 0xe0, 0x0, 0xf1,
    0x6b, 0xda, 0xd3, 0xe0, 0x6, 0xb3, 0x10, 0xf1,
    0x2d, 0xdc, 0x63, 0xe4, 0x6e, 0x1, 0xe0, 0xf1,
    0x0, 0xe2, 0x3, 0xe8, 0x7e, 0x0, 0xc4, 0xf1,
    0x0, 0xf1, 0x3, 0xeb, 0x4e, 0x0, 0x7a, 0xf1,
    0x2, 0xf6, 0x3, 0xed, 0x2e, 0x5, 0xac, 0xf1,
    0x5, 0xef, 0x33, 0xea, 0x1e, 0x7, 0x80, 0xf1,
    0xa, 0x87, 0xe4, 0xe0, 0xf, 0x5c, 0x40, 0xf1,
    0x1f, 0x20, 0xc7, 0xe0, 0x6, 0xc8, 0x0, 0xf1,
    0x9b, 0x0, 0x3, 0xe0, 0x0, 0x2, 0x25, 0xf0,
    0x92, 0x0, 0x3, 0xe0, 0x0, 0xa, 0xff, 0x90,
    0x0, 0x0, 0x0, 0x0, 0x0, 0x0, 0x0, 0x0,

    /* U+7118 "焘" */
    0x0, 0x0, 0x0, 0x1, 0x30, 0x0, 0x0, 0x0,
    0x0, 0x0, 0x0, 0x0, 0x6c, 0x0, 0x0, 0x0,
    0x0, 0x5, 0xff, 0xff, 0xff, 0xff, 0xff, 0xff,
    0xfe, 0x0, 0x0, 0x0, 0x0, 0xd5, 0x0, 0x0,
    0x0, 0x0, 0x0, 0x4e, 0xee, 0xef, 0xee, 0xee,
    0xee, 0xe0, 0x0, 0x0, 0x0, 0xb, 0x90, 0x0,
    0x0, 0x0, 0x0, 0xb, 0xff, 0xff, 0xff, 0xff,
    0xff, 0xff, 0xff, 0x50, 0x0, 0x2, 0xf5, 0x0,
    0x0, 0xa, 0x90, 0x0, 0x0, 0x1, 0xdd, 0x33,
    0x33, 0x33, 0xba, 0x33, 0x10, 0x2, 0xed, 0xce,
    0xcc, 0xcc, 0xce, 0xec, 0xc4, 0x6, 0xfa, 0x1,
    0xe6, 0x0, 0x0, 0xa9, 0x0, 0x0, 0x87, 0x0,
    0x4, 0xf2, 0x65, 0x5e, 0x70, 0x0, 0x0, 0x0,
    0x0, 0x2, 0xb, 0xcc, 0xa1, 0x0, 0x0, 0x1,
    0xe1, 0xc, 0x20, 0x2d, 0x0, 0x4c, 0x0, 0x0,
    0xac, 0x0, 0xc8, 0x0, 0xd6, 0x0, 0xe7, 0x0,
    0x3f, 0x30, 0x7, 0xc0, 0x6, 0xb0, 0x6, 0xd0,
    0x0, 0x30, 0x0, 0x0, 0x0, 0x0, 0x0, 0x0,
    0x0,

    /* U+712F "焯" */
    0x0, 0x0, 0x0, 0x0, 0x0, 0x0, 0x0, 0x0,
    0x0, 0x0, 0xa5, 0x0, 0x0, 0x7, 0xb0, 0x0,
    0x0, 0x0, 0xc, 0x50, 0x0, 0x0, 0x7f, 0xff,
    0xff, 0x70, 0x60, 0xc5, 0x45, 0x0, 0x7, 0xc1,
    0x11, 0x10, 0xd, 0x3c, 0x5a, 0x83, 0x44, 0x9c,
    0x44, 0x42, 0x0, 0x98, 0xc5, 0xe2, 0xfc, 0xcc,
    0xcc, 0xce, 0xa0, 0x5, 0xdc, 0xab, 0xf, 0x30,
    0x0, 0x0, 0x8a, 0x0, 0x14, 0xc4, 0x10, 0xff,
    0xff, 0xff, 0xff, 0xa0, 0x0, 0xd, 0x30, 0xf,
    0x30, 0x0, 0x0, 0x8a, 0x0, 0x0, 0xf2, 0x0,
    0xf6, 0x33, 0x33, 0x3a, 0xa0, 0x0, 0x1f, 0x80,
    0xf, 0xcc, 0xdf, 0xcc, 0xea, 0x0, 0x5, 0xef,
    0x30, 0x51, 0x4, 0xe0, 0x3, 0x40, 0x0, 0xb8,
    0x8d, 0xef, 0xff, 0xff, 0xff, 0xff, 0x70, 0x2f,
    0x20, 0xd7, 0x11, 0x15, 0xe1, 0x11, 0x10, 0xc,
    0xa0, 0x1, 0x0, 0x0, 0x4e, 0x0, 0x0, 0x0,
    0x61, 0x0, 0x0, 0x0, 0x4, 0xe0, 0x0, 0x0,

    /* U+7131 "焱" */
    0x0, 0x0, 0x0, 0x1, 0x10, 0x0, 0x0, 0x0,
    0x0, 0x20, 0x0, 0xa, 0x80, 0x0, 0x2, 0x0,
    0x0, 0xe9, 0x0, 0xd, 0x90, 0x0, 0x8f, 0x20,
    0x0, 0x3e, 0xa0, 0x3f, 0xf4, 0xa, 0xf4, 0x0,
    0x0, 0x2, 0x70, 0xc9, 0x5e, 0x46, 0x20, 0x0,
    0x0, 0x0, 0x4d, 0xc0, 0x7, 0xf8, 0x10, 0x0,
    0x14, 0x8d, 0xf8, 0x0, 0x0, 0x4d, 0xfa, 0x62,
    0x2e, 0xb9, 0x50, 0x0, 0x0, 0x16, 0x4a, 0xe4,
    0x2, 0x5, 0xb0, 0x20, 0x20, 0x3e, 0x0, 0x20,
    0x1f, 0x16, 0xb1, 0xe6, 0xf2, 0x4d, 0x3, 0xf1,
    0x9, 0xa7, 0x98, 0xb0, 0xaa, 0x7f, 0x1b, 0x70,
    0x2, 0x4a, 0x84, 0x20, 0x24, 0xcf, 0x87, 0x0,
    0x0, 0xf, 0xf5, 0x0, 0x3, 0xf4, 0xf1, 0x0,
    0x0, 0x9d, 0x4e, 0x90, 0x2e, 0x80, 0xac, 0x0,
    0x19, 0xf3, 0x2, 0xa7, 0xfa, 0x0, 0x1d, 0xd4,
    0x4e, 0x30, 0x0, 0xc, 0x80, 0x0, 0x1, 0xb8,
    0x0, 0x0, 0x0, 0x0, 0x0, 0x0, 0x0, 0x0,

    /* U+7145 "煅" */
    0x0, 0xc1, 0x0, 0x24, 0x72, 0x24, 0x44, 0x0,
    0x0, 0xe2, 0x3, 0xfc, 0x93, 0xbd, 0xcf, 0x30,
    0x10, 0xe2, 0x23, 0xe0, 0x0, 0xb4, 0xc, 0x30,
    0xa4, 0xe2, 0xf4, 0xe5, 0x50, 0xc3, 0xc, 0x30,
    0x87, 0xe5, 0xd3, 0xfa, 0xa2, 0xf1, 0xc, 0x61,
    0x69, 0xe8, 0x93, 0xe0, 0x8, 0xb0, 0x6, 0xfd,
    0x24, 0xf3, 0x23, 0xe3, 0x36, 0x20, 0x0, 0x0,
    0x0, 0xf0, 0x3, 0xfd, 0xdb, 0xff, 0xff, 0xe0,
    0x1, 0xf0, 0x3, 0xe0, 0x2, 0xe0, 0x7, 0xb0,
    0x4, 0xf1, 0x3, 0xe0, 0x21, 0xd3, 0xd, 0x50,
    0x6, 0xfb, 0x5c, 0xff, 0xf5, 0x7b, 0x6d, 0x0,
    0xb, 0x6d, 0xb8, 0xe1, 0x0, 0xe, 0xf3, 0x0,
    0x1f, 0x13, 0xf4, 0xe0, 0x0, 0x5f, 0xf8, 0x0,
    0x9b, 0x0, 0x13, 0xe0, 0x3b, 0xf4, 0x3e, 0xd6,
    0x53, 0x0, 0x3, 0xe0, 0x8a, 0x10, 0x0, 0x85,
    0x0, 0x0, 0x0, 0x0, 0x0, 0x0, 0x0, 0x0,

    /* U+714A "煊" */
    0x0, 0x5, 0x20, 0x0, 0x0, 0x32, 0x0, 0x0,
    0x0, 0x0, 0xc5, 0x0, 0x0, 0x8, 0xb0, 0x0,
    0x0, 0x0, 0xc, 0x50, 0x6d, 0xdd, 0xef, 0xdd,
    0xdd, 0x20, 0x30, 0xc4, 0x48, 0xb3, 0x33, 0x33,
    0x33, 0xf2, 0xd, 0x3c, 0x4e, 0x54, 0x0, 0x0,
    0x0, 0x5, 0x10, 0x96, 0xc6, 0xe0, 0x9f, 0xff,
    0xff, 0xff, 0x50, 0x7, 0x9d, 0xaa, 0x0, 0x0,
    0x0, 0x0, 0x0, 0x0, 0x38, 0xd6, 0x30, 0xef,
    0xff, 0xff, 0xff, 0x70, 0x0, 0xf, 0x20, 0xf,
    0x30, 0x0, 0x0, 0xa7, 0x0, 0x0, 0xf5, 0x0,
    0xfc, 0xbb, 0xbb, 0xbe, 0x70, 0x0, 0x3f, 0xe1,
    0xf, 0x53, 0x33, 0x33, 0xb7, 0x0, 0x7, 0xa9,
    0x90, 0xf3, 0x0, 0x0, 0xa, 0x70, 0x0, 0xd5,
    0x1e, 0x3f, 0xff, 0xff, 0xff, 0xf7, 0x0, 0x5e,
    0x10, 0x30, 0x51, 0x0, 0x0, 0x4, 0x20, 0xd,
    0x60, 0x0, 0xbc, 0xcc, 0xcc, 0xcc, 0xcc, 0x50,
    0x30, 0x0, 0x3, 0x33, 0x33, 0x33, 0x33, 0x31,

    /* U+715C "煜" */
    0x0, 0x15, 0x0, 0x0, 0x0, 0x0, 0x0, 0x0,
    0x0, 0x4d, 0x0, 0x8c, 0xcc, 0xcc, 0xcc, 0x90,
    0x0, 0x4d, 0x0, 0xb9, 0x44, 0x44, 0x48, 0xc0,
    0x1, 0x4d, 0x1, 0xb6, 0x0, 0x0, 0x5, 0xc0,
    0x78, 0x5c, 0x3e, 0xbf, 0xff, 0xff, 0xff, 0xc0,
    0x3c, 0x5c, 0x7a, 0xb7, 0x0, 0x0, 0x6, 0xc0,
    0xf, 0x6c, 0xb5, 0xb8, 0x33, 0x33, 0x37, 0xc0,
    0xb, 0x9c, 0xa1, 0xbe, 0xdd, 0xdd, 0xde, 0xc0,
    0x0, 0x6b, 0x0, 0x10, 0x7, 0xb0, 0x0, 0x10,
    0x0, 0x8c, 0x0, 0x22, 0x22, 0xe5, 0x22, 0x20,
    0x0, 0xbf, 0x94, 0xee, 0xee, 0xee, 0xee, 0xe5,
    0x0, 0xf7, 0xf6, 0xa, 0x30, 0x0, 0x78, 0x0,
    0x6, 0xf0, 0x4e, 0x16, 0xe1, 0x1, 0xf5, 0x0,
    0xd, 0x90, 0x1, 0x0, 0x94, 0xa, 0x90, 0x0,
    0x6e, 0x10, 0xe, 0xff, 0xff, 0xff, 0xff, 0xfe,
    0x3, 0x0, 0x1, 0x11, 0x11, 0x11, 0x11, 0x11,

    /* U+7166 "煦" */
    0x0, 0x0, 0x0, 0x0, 0x61, 0x0, 0x0, 0x0,
    0x9, 0xaa, 0xa9, 0x4, 0xe0, 0x0, 0x0, 0x0,
    0xe, 0x86, 0x8e, 0xa, 0xff, 0xff, 0xff, 0xf0,
    0xe, 0x30, 0x3e, 0x2e, 0x22, 0x22, 0x23, 0xf0,
    0xe, 0x30, 0x3e, 0xb9, 0x22, 0x22, 0x2, 0xf0,
    0xe, 0x63, 0x6f, 0xce, 0xff, 0xff, 0x12, 0xf0,
    0xe, 0xed, 0xee, 0xd, 0x40, 0xf, 0x12, 0xf0,
    0xe, 0x30, 0x3e, 0xd, 0x30, 0xf, 0x13, 0xf0,
    0xe, 0x30, 0x3e, 0xd, 0xff, 0xff, 0x13, 0xe0,
    0xe, 0x63, 0x6e, 0xd, 0x41, 0x11, 0x5, 0xd0,
    0xe, 0xee, 0xee, 0x1, 0x4, 0x44, 0x5d, 0x90,
    0xc, 0x20, 0x2b, 0x0, 0xc, 0xff, 0xe9, 0x0,
    0x2, 0x90, 0x5, 0x0, 0x26, 0x0, 0x39, 0x0,
    0x9, 0xb0, 0x1f, 0x20, 0x2f, 0x30, 0x1f, 0x50,
    0x2f, 0x30, 0xa, 0x80, 0xa, 0xc0, 0x7, 0xe1,
    0x7b, 0x0, 0x2, 0x80, 0x2, 0x70, 0x0, 0x81,
    0x0, 0x0, 0x0, 0x0, 0x0, 0x0, 0x0, 0x0,

    /* U+7168 "煨" */
    0x0, 0x4, 0x20, 0x0, 0x0, 0x0, 0x0, 0x0,
    0x0, 0x0, 0xb6, 0x0, 0x9b, 0xbb, 0xbb, 0xbb,
    0x50, 0x0, 0xb, 0x60, 0xd, 0x74, 0x4f, 0x44,
    0xb7, 0x0, 0x10, 0xb6, 0x32, 0xd4, 0x1, 0xf0,
    0x9, 0x70, 0xe, 0x1c, 0x5a, 0x7d, 0xff, 0xff,
    0xff, 0xf7, 0x0, 0xa5, 0xc5, 0xe3, 0xd4, 0x1,
    0xf0, 0x9, 0x70, 0x6, 0x9c, 0x7e, 0xd, 0x62,
    0x3f, 0x22, 0xa7, 0x0, 0x39, 0xc7, 0x70, 0xdd,
    0xdd, 0xdd, 0xde, 0x70, 0x0, 0xd, 0x40, 0x0,
    0x0, 0x0, 0x0, 0x0, 0x0, 0x0, 0xf3, 0x1f,
    0xff, 0xff, 0xff, 0xff, 0xf6, 0x0, 0x1f, 0xc0,
    0xa, 0x80, 0x99, 0x0, 0x32, 0x0, 0x5, 0xec,
    0xa0, 0xa8, 0x2, 0xf2, 0x5f, 0x60, 0x0, 0xb9,
    0x1e, 0x7a, 0x80, 0x8, 0xed, 0x30, 0x0, 0x3f,
    0x20, 0x42, 0xa8, 0x29, 0x5b, 0xe5, 0x0, 0xd,
    0xa0, 0x0, 0xc, 0xdf, 0xa2, 0x7, 0xfe, 0x30,
    0x61, 0x0, 0x0, 0xcb, 0x20, 0x0, 0x1, 0x70,
    0x0, 0x0, 0x0, 0x0, 0x0, 0x0, 0x0, 0x0,
    0x0,

    /* U+7172 "煲" */
    0x0, 0x5, 0x20, 0x0, 0x0, 0x0, 0x0, 0x0,
    0x0, 0x1f, 0x36, 0xbb, 0xbb, 0xbb, 0xb8, 0x0,
    0x0, 0x9b, 0x8, 0xa3, 0x33, 0x33, 0x8b, 0x0,
    0x2, 0xf4, 0x8, 0x80, 0x0, 0x0, 0x6b, 0x0,
    0xd, 0xf3, 0x8, 0xff, 0xff, 0xff, 0xfb, 0x0,
    0xac, 0xe3, 0x3, 0x30, 0xf, 0x20, 0x23, 0x0,
    0x81, 0xe3, 0x8e, 0xee, 0xef, 0xee, 0xee, 0xe0,
    0x0, 0xe3, 0x1, 0x2a, 0xdf, 0x73, 0x11, 0x10,
    0x0, 0xe3, 0x6, 0xeb, 0x1f, 0xaf, 0xa2, 0x0,
    0x0, 0xe5, 0xee, 0x60, 0xf, 0x21, 0x8f, 0x90,
    0x0, 0x81, 0x30, 0x8, 0x34, 0x0, 0x34, 0x40,
    0x0, 0xdb, 0x0, 0x2f, 0x70, 0x3, 0xe8, 0x0,
    0x0, 0x1d, 0x80, 0xbd, 0xf5, 0x2f, 0x70, 0x0,
    0x0, 0x1, 0x2b, 0xe1, 0x6f, 0x93, 0x0, 0x0,
    0x2, 0x6b, 0xfb, 0x10, 0x3, 0xdf, 0xb6, 0x41,
    0x8f, 0xe9, 0x30, 0x0, 0x0, 0x4, 0xae, 0xf4,
    0x1, 0x0, 0x0, 0x0, 0x0, 0x0, 0x0, 0x0,

    /* U+7173 "煳" */
    0x0, 0x20, 0x0, 0x3, 0x0, 0x0, 0x0, 0x0,
    0x0, 0xe2, 0x0, 0xf, 0x10, 0x2, 0x22, 0x20,
    0x0, 0xe2, 0x0, 0xf, 0x10, 0x4f, 0xee, 0xf0,
    0x10, 0xe2, 0x20, 0x1f, 0x21, 0x4b, 0x0, 0xf0,
    0xb4, 0xe2, 0xf8, 0xff, 0xfe, 0x4b, 0x0, 0xf0,
    0x86, 0xe4, 0xd0, 0xf, 0x10, 0x4c, 0x33, 0xf0,
    0x68, 0xf8, 0x90, 0xf, 0x10, 0x4f, 0xdd, 0xf0,
    0x23, 0xf4, 0x30, 0xf, 0x10, 0x4b, 0x0, 0xf0,
    0x0, 0xf0, 0x6, 0xef, 0xe8, 0x4b, 0x0, 0xf0,
    0x2, 0xf0, 0x6, 0xa1, 0x89, 0x4c, 0x44, 0xf0,
    0x4, 0xf6, 0x6, 0xa0, 0x79, 0x5f, 0xdd, 0xf0,
    0x7, 0xdf, 0x36, 0xa0, 0x79, 0x79, 0x0, 0xf0,
    0xb, 0x78, 0xd7, 0xa0, 0x89, 0xa7, 0x0, 0xf0,
    0x1f, 0x30, 0x98, 0xff, 0xf9, 0xe3, 0x0, 0xf0,
    0x9d, 0x0, 0x6, 0x90, 0x8, 0xd0, 0x34, 0xf0,
    0x75, 0x0, 0x0, 0x0, 0x1e, 0x40, 0xdf, 0xa0,
    0x0, 0x0, 0x0, 0x0, 0x1, 0x0, 0x0, 0x0,

    /* U+7178 "煸" */
    0x0, 0x41, 0x0, 0x0, 0x4, 0x30, 0x0, 0x0,
    0x0, 0xd3, 0x0, 0x0, 0xa, 0xd0, 0x0, 0x0,
    0x0, 0xd3, 0x2, 0xee, 0xee, 0xfe, 0xee, 0xc0,
    0x41, 0xd3, 0x66, 0xd1, 0x11, 0x11, 0x13, 0xd0,
    0xa4, 0xd3, 0xc7, 0xd0, 0x0, 0x0, 0x2, 0xd0,
    0x87, 0xd3, 0xf3, 0xff, 0xff, 0xff, 0xff, 0xd0,
    0x69, 0xd6, 0xc3, 0xd0, 0x0, 0x0, 0x2, 0x80,
    0x49, 0xe5, 0x53, 0xd0, 0x11, 0x11, 0x11, 0x10,
    0x0, 0xf1, 0x3, 0xcc, 0xef, 0xee, 0xfe, 0xf2,
    0x0, 0xf4, 0x4, 0xcc, 0x1c, 0x21, 0xe0, 0xe2,
    0x3, 0xfe, 0x15, 0xac, 0x1c, 0x21, 0xe0, 0xe2,
    0x6, 0xba, 0xc8, 0x8c, 0xff, 0xff, 0xff, 0xf2,
    0xa, 0x71, 0x7c, 0x5c, 0x1c, 0x21, 0xe0, 0xe2,
    0x1f, 0x20, 0x2f, 0xc, 0x1c, 0x21, 0xe0, 0xe2,
    0x9b, 0x0, 0xb8, 0xc, 0x1c, 0x21, 0xe1, 0xf1,
    0x63, 0x1, 0xc0, 0xc, 0x16, 0x10, 0x9f, 0xb0,
    0x0, 0x0, 0x0, 0x0, 0x0, 0x0, 0x0, 0x0,

    /* U+717A "煺" */
    0x0, 0xb4, 0x0, 0x20, 0x1, 0x11, 0x11, 0x0,
    0x0, 0xc4, 0x0, 0xb8, 0xe, 0xee, 0xef, 0x50,
    0x10, 0xc4, 0x1, 0x3f, 0x1e, 0x30, 0xc, 0x50,
    0xa5, 0xc4, 0x6c, 0x3, 0xe, 0xdd, 0xdf, 0x50,
    0x69, 0xc4, 0xc6, 0x0, 0xe, 0x52, 0x2c, 0x50,
    0x4d, 0xc6, 0xe8, 0xfd, 0xe, 0x30, 0xc, 0x50,
    0x19, 0xb5, 0x61, 0x6d, 0xe, 0xff, 0xff, 0x50,
    0x0, 0xb2, 0x0, 0x4d, 0xe, 0x30, 0x8, 0x60,
    0x0, 0xc1, 0x0, 0x4d, 0xe, 0x3c, 0x35, 0xf2,
    0x0, 0xec, 0x10, 0x4d, 0xe, 0x36, 0xfe, 0x30,
    0x1, 0xdc, 0x90, 0x4d, 0xe, 0x33, 0x8e, 0x10,
    0x5, 0x93, 0xf2, 0x4d, 0xf, 0xdf, 0x19, 0xd1,
    0xb, 0x50, 0xb8, 0x6e, 0x3f, 0x81, 0x0, 0x60,
    0x3e, 0x0, 0x15, 0xfb, 0xc5, 0x11, 0x11, 0x11,
    0x88, 0x0, 0xa, 0x50, 0x7d, 0xff, 0xff, 0xf4,
    0x0, 0x0, 0x0, 0x0, 0x0, 0x0, 0x0, 0x0,

    /* U+7198 "熘" */
    0x0, 0xc3, 0x0, 0x15, 0xa9, 0x11, 0x11, 0x10,
    0x0, 0xd3, 0x5, 0xfb, 0x61, 0xdf, 0xff, 0xf4,
    0x0, 0xd2, 0x6, 0xb0, 0x10, 0xe, 0x20, 0xc4,
    0xa2, 0xd2, 0xaa, 0xb1, 0xe2, 0x1f, 0x0, 0xd3,
    0x96, 0xd2, 0xe6, 0xb1, 0xbb, 0x6c, 0x0, 0xd2,
    0x6a, 0xd5, 0xb8, 0xef, 0xa8, 0xe6, 0x34, 0xf1,
    0x38, 0xe6, 0x58, 0x91, 0xa, 0xc0, 0xbd, 0x80,
    0x0, 0xf0, 0x0, 0x33, 0x36, 0x43, 0x33, 0x20,
    0x0, 0xf0, 0x2, 0xfd, 0xdd, 0xfd, 0xdd, 0xe0,
    0x3, 0xf5, 0x2, 0xe0, 0x2, 0xe0, 0x3, 0xe0,
    0x6, 0xfe, 0x2, 0xf4, 0x46, 0xf4, 0x46, 0xe0,
    0xb, 0x7d, 0x72, 0xfc, 0xcc, 0xfc, 0xcc, 0xe0,
    0x2f, 0x25, 0xe3, 0xe0, 0x2, 0xe0, 0x3, 0xe0,
    0xcb, 0x0, 0x52, 0xfc, 0xcd, 0xfc, 0xcd, 0xe0,
    0x72, 0x0, 0x2, 0xe3, 0x33, 0x33, 0x36, 0xe0,

    /* U+71A0 "熠" */
    0x0, 0x41, 0x0, 0x0, 0x0, 0x0, 0x0, 0x0,
    0xc, 0x40, 0xad, 0xdd, 0xa8, 0xdd, 0xd8, 0x0,
    0xd4, 0x1, 0x32, 0x5d, 0x13, 0x27, 0xa3, 0xd,
    0x44, 0x4e, 0x34, 0xd3, 0xd2, 0x6a, 0xd2, 0xd3,
    0xd3, 0x47, 0x4d, 0x5, 0x58, 0xa8, 0x7d, 0x5e,
    0x3, 0x9e, 0xd3, 0x9e, 0xda, 0x5c, 0xd8, 0xab,
    0xd7, 0x49, 0x78, 0x16, 0xa1, 0x5e, 0x42, 0x20,
    0x0, 0xe1, 0x0, 0x35, 0x0, 0xf1, 0x0, 0x0,
    0x5d, 0x0, 0x0, 0x0, 0x1f, 0x10, 0xf, 0xee,
    0xee, 0xee, 0xf1, 0x4, 0xfa, 0x0, 0xf1, 0x0,
    0x0, 0xf, 0x10, 0x7c, 0xf3, 0xf, 0xbb, 0xbb,
    0xbb, 0xf1, 0xc, 0x67, 0xd0, 0xf4, 0x33, 0x33,
    0x3f, 0x12, 0xf1, 0xe, 0x6f, 0x10, 0x0, 0x0,
    0xf1, 0xc9, 0x0, 0x30, 0xfe, 0xee, 0xee, 0xef,
    0x16, 0x10, 0x0, 0xf, 0x10, 0x0, 0x0, 0xf1,

    /* U+71A8 "熨" */
    0x0, 0x0, 0x0, 0x0, 0x0, 0x0, 0x3, 0x0,
    0x5, 0xaa, 0xaa, 0xaa, 0xa0, 0x0, 0xf, 0x0,
    0x8, 0x82, 0x22, 0x22, 0xf0, 0x0, 0xf, 0x0,
    0x8, 0xed, 0xdd, 0xdd, 0xf8, 0xff, 0xff, 0xf9,
    0x8, 0x70, 0x0, 0x0, 0x90, 0x11, 0x1f, 0x10,
    0x8, 0x77, 0xcc, 0xcc, 0x40, 0xc0, 0xf, 0x0,
    0xa, 0x50, 0x11, 0x11, 0x0, 0xa7, 0xf, 0x0,
    0xd, 0xad, 0xdd, 0xfd, 0xd6, 0x3d, 0xf, 0x0,
    0x2e, 0x7, 0x72, 0xc5, 0x80, 0x0, 0xf, 0x0,
    0x98, 0x8c, 0x14, 0xc0, 0xc8, 0x46, 0x9e, 0x0,
    0x41, 0x50, 0xde, 0x65, 0x43, 0x49, 0x93, 0x0,
    0x0, 0x96, 0x0, 0xb, 0x60, 0x0, 0x64, 0x0,
    0x0, 0x2d, 0xa0, 0x1f, 0xd1, 0x9, 0xe3, 0x0,
    0x0, 0x1, 0x52, 0xd9, 0x9d, 0x49, 0x10, 0x0,
    0x0, 0x14, 0xaf, 0x90, 0x6, 0xfc, 0x73, 0x10,
    0x3e, 0xfd, 0x82, 0x0, 0x0, 0x16, 0xbe, 0xf4,
    0x2, 0x0, 0x0, 0x0, 0x0, 0x0, 0x0, 0x0,

    /* U+71B3 "熳" */
    0x0, 0x1, 0x0, 0x0, 0x0, 0x0, 0x0, 0x0,
    0x0, 0x0, 0xd3, 0x0, 0xaa, 0xaa, 0xaa, 0xaa,
    0x20, 0x0, 0xd, 0x30, 0x1f, 0x33, 0x33, 0x33,
    0xe3, 0x0, 0x90, 0xd3, 0x94, 0xfd, 0xdd, 0xdd,
    0xdf, 0x30, 0xd, 0x1d, 0x3e, 0x2f, 0x0, 0x0,
    0x0, 0xe3, 0x0, 0xa4, 0xd5, 0xd1, 0xfd, 0xdd,
    0xdd, 0xdf, 0x30, 0x8, 0x7e, 0x99, 0x0, 0x0,
    0x0, 0x0, 0x0, 0x0, 0x10, 0xf2, 0x1e, 0xdd,
    0xfd, 0xdf, 0xdd, 0xf0, 0x0, 0xf, 0x0, 0xe1,
    0xe, 0x10, 0xe1, 0xf, 0x0, 0x2, 0xf5, 0xe,
    0xdd, 0xfd, 0xdf, 0xdd, 0xf0, 0x0, 0x5e, 0xf2,
    0x70, 0x0, 0x0, 0x0, 0x8, 0x0, 0x8, 0x98,
    0xb5, 0xee, 0xdd, 0xdd, 0xee, 0x0, 0x0, 0xd5,
    0x1f, 0x21, 0xd5, 0x0, 0x2d, 0x70, 0x0, 0x4f,
    0x0, 0x51, 0x1, 0xca, 0x8e, 0x50, 0x0, 0xc,
    0x80, 0x0, 0x2, 0x5a, 0xfe, 0xd7, 0x31, 0x0,
    0x81, 0x0, 0x3f, 0xea, 0x50, 0x4, 0x9d, 0xf3,
    0x0, 0x0, 0x0, 0x10, 0x0, 0x0, 0x0, 0x0,
    0x0,

    /* U+71B5 "熵" */
    0x0, 0x0, 0x0, 0x0, 0x0, 0x0, 0x0, 0x0,
    0x0, 0x0, 0xa5, 0x0, 0x0, 0xa, 0x90, 0x0,
    0x0, 0x0, 0xc, 0x50, 0x44, 0x44, 0x7e, 0x44,
    0x44, 0x10, 0x0, 0xc5, 0xc, 0xcd, 0xcc, 0xcc,
    0xdc, 0xc4, 0x9, 0xc, 0x58, 0x30, 0xa9, 0x0,
    0x4e, 0x0, 0x0, 0xc5, 0xc5, 0xf3, 0x35, 0xf4,
    0x3d, 0x83, 0x30, 0x7, 0xad, 0xaa, 0x8e, 0xcc,
    0xcc, 0xcc, 0xcf, 0x0, 0x3c, 0xdc, 0x48, 0x90,
    0xc5, 0x1d, 0x42, 0xf0, 0x0, 0xe, 0x30, 0x8a,
    0xbb, 0x0, 0x4f, 0x8f, 0x0, 0x0, 0xf2, 0x8,
    0xa9, 0xba, 0xaa, 0xa6, 0xf0, 0x0, 0x2f, 0x60,
    0x89, 0x2e, 0x33, 0x99, 0x2f, 0x0, 0x5, 0xee,
    0x18, 0x92, 0xe0, 0x7, 0x92, 0xf0, 0x0, 0xb7,
    0xa9, 0x89, 0x2e, 0x0, 0x79, 0x2f, 0x0, 0x2f,
    0x22, 0xfb, 0x92, 0xfd, 0xdd, 0x82, 0xf0, 0xb,
    0xa0, 0x6, 0x99, 0x1, 0x0, 0x45, 0x9e, 0x0,
    0x81, 0x0, 0x8, 0x90, 0x0, 0x7, 0xcc, 0x50,

    /* U+71B9 "熹" */
    0x0, 0x0, 0x0, 0x2, 0x10, 0x0, 0x0, 0x0,
    0x0, 0x0, 0x0, 0xc, 0x50, 0x0, 0x0, 0x0,
    0x6e, 0xee, 0xee, 0xef, 0xee, 0xee, 0xee, 0xe0,
    0x2, 0x55, 0x55, 0x5d, 0x95, 0x55, 0x55, 0x0,
    0x2, 0x77, 0x77, 0x77, 0x77, 0x77, 0x77, 0x0,
    0x0, 0xbd, 0xdd, 0xdd, 0xdd, 0xdd, 0xd5, 0x0,
    0x0, 0xd4, 0x0, 0x0, 0x0, 0x0, 0xb6, 0x0,
    0x0, 0xdd, 0xdd, 0xdd, 0xdd, 0xed, 0xf6, 0x0,
    0x0, 0x10, 0xa9, 0x0, 0x1, 0xe4, 0x0, 0x0,
    0xbe, 0xee, 0xee, 0xee, 0xee, 0xee, 0xee, 0xe5,
    0x1, 0x55, 0x55, 0x55, 0x55, 0x55, 0x54, 0x0,
    0x3, 0xf6, 0x66, 0x66, 0x66, 0x66, 0x9c, 0x0,
    0x3, 0xfb, 0xbb, 0xbb, 0xbb, 0xbb, 0xdc, 0x0,
    0x3, 0xa1, 0x13, 0x11, 0x13, 0x11, 0x59, 0x0,
    0xb, 0x90, 0xe, 0x40, 0x1f, 0x20, 0x3f, 0x40,
    0x8c, 0x0, 0x8, 0x90, 0x9, 0x70, 0x6, 0xe1,
    0x0, 0x0, 0x0, 0x0, 0x0, 0x0, 0x0, 0x10,

    /* U+71D4 "燔" */
    0x0, 0x0, 0x0, 0x0, 0x0, 0x0, 0x0, 0x0,
    0x0, 0xe2, 0x1, 0x23, 0x34, 0x56, 0x79, 0x40,
    0x0, 0xe2, 0x8, 0xed, 0xde, 0xda, 0x98, 0x30,
    0x40, 0xe2, 0x40, 0x78, 0x8, 0x80, 0x6c, 0x0,
    0xd1, 0xe2, 0xe0, 0x9, 0x38, 0x82, 0xa1, 0x0,
    0xb3, 0xe4, 0xcc, 0xff, 0xff, 0xff, 0xff, 0xf1,
    0xa5, 0xe7, 0x90, 0x1, 0xbc, 0xcb, 0x20, 0x0,
    0x63, 0xf5, 0x30, 0x4d, 0x48, 0x84, 0xe8, 0x20,
    0x0, 0xf0, 0x3b, 0xb1, 0x8, 0x70, 0x2a, 0xf4,
    0x1, 0xf0, 0x28, 0xee, 0xee, 0xee, 0xee, 0x50,
    0x4, 0xf5, 0x3, 0xc1, 0x18, 0x81, 0x1c, 0x30,
    0x7, 0xce, 0x13, 0xc0, 0x8, 0x80, 0xc, 0x30,
    0xd, 0x58, 0xa3, 0xff, 0xff, 0xff, 0xff, 0x30,
    0x4f, 0x0, 0xd5, 0xc0, 0x8, 0x80, 0xc, 0x30,
    0xd8, 0x0, 0x3, 0xfd, 0xde, 0xed, 0xdf, 0x30,
    0x70, 0x0, 0x3, 0xd1, 0x11, 0x11, 0x1d, 0x30,

    /* U+71E0 "燠" */
    0x0, 0x0, 0x0, 0x0, 0x0, 0x0, 0x0, 0x0,
    0x0, 0x3b, 0x0, 0x0, 0xa, 0x80, 0x0, 0x0,
    0x0, 0x4c, 0x0, 0x58, 0x8f, 0x98, 0x88, 0x82,
    0x0, 0x4c, 0x0, 0xaa, 0x77, 0x88, 0x77, 0xe4,
    0x45, 0x4b, 0x9, 0xa5, 0x91, 0xb4, 0x63, 0xc4,
    0x3c, 0x4b, 0x4b, 0xa5, 0x58, 0xb5, 0xc0, 0xc4,
    0xf, 0x6b, 0xa5, 0xa7, 0xaa, 0xeb, 0xa8, 0xc4,
    0x9, 0x8a, 0xa0, 0xa6, 0x3a, 0xf8, 0x32, 0xc4,
    0x0, 0x69, 0x0, 0xa5, 0x6b, 0xbc, 0xc3, 0xc4,
    0x0, 0x8b, 0x0, 0xaa, 0xc0, 0xa4, 0x59, 0xc4,
    0x0, 0xaf, 0x60, 0x52, 0x0, 0xa1, 0x0, 0x61,
    0x0, 0xe5, 0xe6, 0xff, 0xff, 0xff, 0xff, 0xfd,
    0x4, 0xe0, 0x8b, 0x0, 0xb, 0xbe, 0x20, 0x0,
    0xb, 0x90, 0x8, 0x0, 0x9d, 0x18, 0xd2, 0x0,
    0x5f, 0x10, 0x1, 0x6e, 0xd1, 0x0, 0x8f, 0x94,
    0x27, 0x0, 0x9, 0xd7, 0x0, 0x0, 0x3, 0xb9,
    0x0, 0x0, 0x0, 0x0, 0x0, 0x0, 0x0, 0x0,

    /* U+71E7 "燧" */
    0x0, 0xd2, 0x1, 0x30, 0x1a, 0x0, 0xc, 0x10,
    0x0, 0xe2, 0x6, 0xc0, 0xc, 0x70, 0x7c, 0x0,
    0x10, 0xe2, 0x11, 0xf1, 0x37, 0x84, 0xe7, 0x41,
    0xb3, 0xe2, 0xe1, 0x93, 0xbc, 0xdf, 0xcc, 0xc4,
    0x86, 0xe4, 0xd0, 0x0, 0x5, 0xf6, 0x0, 0x10,
    0x59, 0xe8, 0xbf, 0xf3, 0xbc, 0x7d, 0xa, 0xa0,
    0x12, 0xf3, 0x20, 0xf2, 0x71, 0xce, 0xdb, 0x0,
    0x0, 0xf1, 0x0, 0xf1, 0x3d, 0x68, 0xc2, 0x0,
    0x1, 0xf0, 0x0, 0xf3, 0xe4, 0x5e, 0xee, 0x20,
    0x4, 0xf5, 0x0, 0xf1, 0x7, 0xd3, 0xe6, 0xd0,
    0x6, 0xde, 0x10, 0xf2, 0xbc, 0x12, 0xe0, 0xc5,
    0xb, 0x69, 0xc0, 0xf1, 0x74, 0x49, 0xc0, 0x0,
    0x1f, 0x21, 0xa8, 0xf6, 0x7, 0xcb, 0x30, 0x0,
    0x8c, 0x0, 0x7f, 0x5f, 0x72, 0x11, 0x11, 0x21,
    0xb4, 0x0, 0xb4, 0x3, 0xbe, 0xff, 0xff, 0xf7,
    0x10, 0x0, 0x0, 0x0, 0x0, 0x0, 0x0, 0x0,

    /* U+71F9 "燹" */
    0x4, 0x44, 0x44, 0x43, 0x13, 0x33, 0x33, 0x30,
    0xb, 0xbf, 0xeb, 0xb8, 0x6c, 0xdf, 0xcc, 0xc2,
    0x2, 0xbf, 0x20, 0x32, 0x6, 0xf7, 0x0, 0x30,
    0x6e, 0x6a, 0xc7, 0xe6, 0xda, 0x6e, 0x4d, 0x90,
    0x12, 0xab, 0xcb, 0x10, 0x35, 0xda, 0xf4, 0x0,
    0x3e, 0x65, 0xfe, 0xc1, 0xbb, 0x3c, 0xfd, 0x30,
    0x3, 0x9c, 0x4d, 0x9c, 0x34, 0xd5, 0xd7, 0xe3,
    0x4e, 0x92, 0x5d, 0x4, 0xbd, 0x41, 0xe3, 0x54,
    0x3, 0x4f, 0xe6, 0x2, 0x80, 0xff, 0xc0, 0x0,
    0x0, 0x63, 0x0, 0xa, 0xa0, 0x0, 0x33, 0x0,
    0x0, 0x6f, 0x40, 0xe, 0xc0, 0x3, 0xf8, 0x0,
    0x0, 0x6, 0xc0, 0x7e, 0xda, 0xd, 0x70, 0x0,
    0x0, 0x0, 0x8, 0xf4, 0x1d, 0xc4, 0x0, 0x0,
    0x1, 0x59, 0xfd, 0x30, 0x1, 0xaf, 0xd7, 0x51,
    0x2f, 0xea, 0x40, 0x0, 0x0, 0x2, 0x8d, 0xf4,
    0x1, 0x0, 0x0, 0x0, 0x0, 0x0, 0x0, 0x0,

    /* U+721D "爝" */
    0x0, 0x50, 0x0, 0x0, 0x0, 0x0, 0x0, 0x0,
    0x0, 0xe1, 0x19, 0xaa, 0xab, 0xcd, 0xde, 0xe2,
    0x0, 0xe1, 0x5, 0xa4, 0x38, 0x51, 0x9, 0x10,
    0x40, 0xe1, 0x40, 0xd3, 0x7, 0xa0, 0x6c, 0x0,
    0xc2, 0xe3, 0xca, 0xee, 0xde, 0xfd, 0xfe, 0xd0,
    0xa4, 0xe6, 0x9c, 0x30, 0xc2, 0xd, 0x10, 0xf0,
    0x86, 0xf9, 0x5c, 0x98, 0xe9, 0x8e, 0x88, 0xf0,
    0x22, 0xf3, 0x18, 0x65, 0x55, 0x55, 0x55, 0xa0,
    0x0, 0xf0, 0x9, 0xdd, 0xd7, 0x0, 0xd, 0x30,
    0x1, 0xf0, 0xb, 0x40, 0x79, 0xbc, 0xcf, 0xc7,
    0x4, 0xf8, 0xb, 0xdc, 0xe9, 0x34, 0x4d, 0x62,
    0x6, 0xad, 0x3b, 0x40, 0x79, 0x56, 0xd, 0x30,
    0xb, 0x65, 0xcb, 0xdd, 0xe9, 0x1d, 0x4d, 0x30,
    0x1f, 0x20, 0x2b, 0x40, 0x82, 0x1, 0xd, 0x30,
    0x8c, 0x0, 0xc, 0x88, 0xea, 0x1, 0x1e, 0x20,
    0x74, 0x0, 0xe, 0xb7, 0x4d, 0x3f, 0xfc, 0x0,
    0x0, 0x0, 0x0, 0x0, 0x0, 0x0, 0x0, 0x0,

    /* U+7228 "爨" */
    0x0, 0x69, 0x88, 0xaa, 0xaa, 0x86, 0x88, 0x30,
    0x0, 0x1e, 0x53, 0xc4, 0x66, 0x4c, 0x23, 0xb7,
    0x0, 0x1, 0xfb, 0x8c, 0x36, 0x63, 0xc8, 0xbe,
    0x70, 0x0, 0x1e, 0x53, 0xc3, 0xbb, 0x3c, 0x35,
    0xc7, 0x0, 0x1, 0xe6, 0x4c, 0x3b, 0xb3, 0xc4,
    0x6c, 0x70, 0x0, 0xaf, 0xbb, 0xfb, 0xbb, 0xbf,
    0xbb, 0xed, 0x30, 0xe, 0x32, 0x65, 0x22, 0x22,
    0x47, 0x22, 0xc5, 0x0, 0xa7, 0xbf, 0xdb, 0x67,
    0xbe, 0xeb, 0x98, 0x30, 0x1, 0x6a, 0xac, 0xb4,
    0x4a, 0xac, 0xb7, 0x10, 0x0, 0x57, 0x4, 0x58,
    0x48, 0x22, 0x50, 0x45, 0x0, 0x3c, 0xcc, 0xdf,
    0xcc, 0xcc, 0xfd, 0xcc, 0xca, 0x0, 0x0, 0x5e,
    0xc0, 0x57, 0xa, 0xe7, 0x10, 0x0, 0x27, 0xda,
    0x29, 0x58, 0x96, 0x92, 0x7e, 0xc8, 0x2, 0x92,
    0x0, 0x49, 0xd9, 0xdc, 0x83, 0x3, 0x20, 0x0,
    0xad, 0xeb, 0x60, 0x0, 0x27, 0xce, 0x40, 0x0,
    0x2, 0x10, 0x0, 0x0, 0x0, 0x0, 0x10, 0x0,

    /* U+7230 "爰" */
    0x0, 0x0, 0x0, 0x0, 0x0, 0x0, 0x0, 0x0,
    0x5, 0xaa, 0xaa, 0xbb, 0xcc, 0xdd, 0xef, 0xf1,
    0x3, 0x7b, 0x76, 0x6a, 0x74, 0x33, 0x76, 0x10,
    0x0, 0xd, 0x90, 0xa, 0xc0, 0x1, 0xe8, 0x0,
    0x0, 0x3, 0xc0, 0x1, 0xa1, 0x5, 0xc0, 0x0,
    0x5, 0xff, 0xff, 0xff, 0xff, 0xff, 0xff, 0xc0,
    0x0, 0x22, 0x26, 0xf3, 0x22, 0x22, 0x22, 0x10,
    0x2, 0x22, 0x29, 0xd2, 0x22, 0x22, 0x22, 0x21,
    0x3f, 0xff, 0xff, 0xff, 0xff, 0xff, 0xff, 0xfc,
    0x0, 0x0, 0x9c, 0x0, 0x0, 0x0, 0x0, 0x0,
    0x0, 0x4, 0xff, 0xff, 0xff, 0xff, 0xfe, 0x0,
    0x0, 0x2e, 0x7c, 0xb2, 0x22, 0x24, 0xe8, 0x0,
    0x2, 0xe9, 0x1, 0xdc, 0x20, 0x6e, 0x70, 0x0,
    0x4f, 0x90, 0x0, 0xa, 0xfe, 0xe3, 0x0, 0x0,
    0x27, 0x2, 0x48, 0xcf, 0xba, 0xff, 0xb8, 0x64,
    0x0, 0xaf, 0xda, 0x61, 0x0, 0x15, 0x9c, 0xf9,
    0x0, 0x1, 0x0, 0x0, 0x0, 0x0, 0x0, 0x0,

    /* U+724D "牍" */
    0x0, 0x0, 0x10, 0x0, 0x0, 0x40, 0x0, 0x0,
    0x9, 0x21, 0xf0, 0x0, 0x0, 0xf1, 0x0, 0x0,
    0xe, 0x31, 0xf0, 0x24, 0x44, 0xf5, 0x44, 0x30,
    0xe, 0x31, 0xf0, 0x6d, 0xdd, 0xfd, 0xdd, 0xa0,
    0xe, 0x31, 0xf0, 0x0, 0x0, 0xf1, 0x0, 0x0,
    0xe, 0x31, 0xf0, 0xac, 0xcc, 0xfc, 0xcc, 0xc1,
    0xe, 0xfe, 0xfe, 0x47, 0x53, 0x36, 0x33, 0xf1,
    0xe, 0x30, 0x0, 0x8, 0xf8, 0x1f, 0x12, 0xf0,
    0xe, 0x30, 0x0, 0xb5, 0x2a, 0x1f, 0x10, 0x30,
    0xe, 0xed, 0xd2, 0x5e, 0xb0, 0x1f, 0x0, 0x0,
    0xf, 0x42, 0xe3, 0x12, 0x71, 0x4f, 0x11, 0x10,
    0xf, 0x20, 0xe5, 0xff, 0xff, 0xff, 0xff, 0xf5,
    0x1f, 0x10, 0xe3, 0x0, 0x1, 0xe8, 0x0, 0x0,
    0x4e, 0x0, 0xe3, 0x0, 0x2d, 0xce, 0xa1, 0x0,
    0x9b, 0x0, 0xe3, 0x3a, 0xfa, 0x1, 0xaf, 0x70,
    0xb5, 0x0, 0xe7, 0xfc, 0x40, 0x0, 0x5, 0xe3,
    0x0, 0x0, 0x0, 0x20, 0x0, 0x0, 0x0, 0x0,

    /* U+7252 "牒" */
    0x0, 0x0, 0x10, 0x0, 0x1, 0x0, 0x1, 0x0,
    0xa, 0x13, 0xd0, 0x2a, 0xe, 0x10, 0x3c, 0x0,
    0xe, 0x23, 0xd0, 0x4d, 0x1e, 0x21, 0x4c, 0x10,
    0xe, 0x23, 0xd8, 0xff, 0xff, 0xff, 0xff, 0xf9,
    0xe, 0x23, 0xd0, 0x3d, 0xe, 0x10, 0x3c, 0x0,
    0xe, 0x23, 0xd0, 0x3d, 0xe, 0x76, 0x8c, 0x0,
    0xe, 0xee, 0xea, 0x3d, 0xe, 0x99, 0xac, 0x0,
    0xe, 0x20, 0x0, 0x3d, 0x12, 0x11, 0x12, 0x10,
    0xe, 0x20, 0x0, 0x3f, 0xff, 0xff, 0xff, 0xf2,
    0xe, 0xdc, 0xe0, 0x0, 0x5, 0xe0, 0x0, 0x0,
    0xf, 0x11, 0xf5, 0xdd, 0xde, 0xfd, 0xdd, 0xd8,
    0xf, 0x11, 0xf1, 0x22, 0xad, 0xee, 0x72, 0x21,
    0x1f, 0x1, 0xf0, 0x6, 0xc5, 0xe4, 0xf4, 0x0,
    0x4d, 0x1, 0xf0, 0x9d, 0x15, 0xe0, 0x5f, 0x91,
    0x99, 0x1, 0xfb, 0xd1, 0x5, 0xe0, 0x4, 0xea,
    0x74, 0x1, 0xc2, 0x0, 0x5, 0xe0, 0x0, 0x11,
    0x0, 0x0, 0x0, 0x0, 0x0, 0x0, 0x0, 0x0,

    /* U+7256 "牖" */
    0x0, 0x1, 0x0, 0x0, 0x0, 0x20, 0x0, 0x0,
    0xa, 0xc, 0x30, 0x0, 0x3, 0xf3, 0x0, 0x0,
    0xe, 0x1c, 0x31, 0xee, 0xee, 0xff, 0xee, 0xe0,
    0xe, 0x1c, 0x31, 0xf0, 0x0, 0x0, 0x0, 0xf0,
    0xe, 0x1c, 0x31, 0xfd, 0xdd, 0xdd, 0xdd, 0xf0,
    0xe, 0x1c, 0x31, 0xf1, 0x11, 0x14, 0x14, 0xc0,
    0xe, 0xef, 0xf8, 0xf1, 0x11, 0x3d, 0x2e, 0x21,
    0xe, 0x21, 0x12, 0xfc, 0xcc, 0xdf, 0xcc, 0xc9,
    0xe, 0x10, 0x1, 0xe0, 0x22, 0x3d, 0x22, 0x10,
    0xe, 0xbb, 0x32, 0xe6, 0xec, 0xcf, 0xcc, 0xf0,
    0xf, 0x4d, 0x42, 0xd6, 0x91, 0x3d, 0x11, 0xf0,
    0xf, 0xc, 0x44, 0xc6, 0xec, 0xcf, 0xcc, 0xf0,
    0x1f, 0xc, 0x47, 0xa6, 0x91, 0x3d, 0x11, 0xf0,
    0x4d, 0xc, 0x4c, 0x76, 0xec, 0xcf, 0xcc, 0xf0,
    0x8a, 0xc, 0x8f, 0x26, 0x90, 0x2d, 0x0, 0xf0,
    0x84, 0xc, 0x69, 0x6, 0x90, 0x2d, 0x7f, 0xa0,
    0x0, 0x0, 0x0, 0x0, 0x0, 0x0, 0x0, 0x0,

    /* U+725D "牝" */
    0x0, 0x0, 0x30, 0x0, 0x31, 0x0, 0x0, 0x0,
    0x0, 0x4, 0xe0, 0x0, 0xd5, 0x0, 0x0, 0x0,
    0xd, 0x34, 0xe0, 0x0, 0xd5, 0x0, 0x0, 0x20,
    0xf, 0x24, 0xe0, 0x0, 0xd5, 0x0, 0xc, 0xd0,
    0x1f, 0xdd, 0xfd, 0xd2, 0xd5, 0x0, 0xbe, 0x20,
    0x4e, 0x47, 0xf4, 0x40, 0xd5, 0xb, 0xe3, 0x0,
    0x7a, 0x4, 0xe0, 0x0, 0xd7, 0xde, 0x30, 0x0,
    0x76, 0x4, 0xe0, 0x0, 0xdf, 0xc1, 0x0, 0x0,
    0x0, 0x4, 0xe0, 0x0, 0xda, 0x0, 0x0, 0x0,
    0x0, 0x4, 0xf9, 0xe7, 0xd5, 0x0, 0x0, 0x0,
    0x38, 0xcf, 0xfb, 0x61, 0xd5, 0x0, 0x0, 0x0,
    0xbd, 0x87, 0xe0, 0x0, 0xd5, 0x0, 0x0, 0xa4,
    0x0, 0x4, 0xe0, 0x0, 0xd5, 0x0, 0x0, 0xe6,
    0x0, 0x4, 0xe0, 0x0, 0xd5, 0x0, 0x0, 0xf4,
    0x0, 0x4, 0xe0, 0x0, 0xc9, 0x22, 0x28, 0xf1,
    0x0, 0x4, 0xe0, 0x0, 0x4e, 0xff, 0xff, 0x70,

    /* U+7266 "牦" */
    0x0, 0x3, 0x0, 0x0, 0x0, 0x0, 0x0, 0x0,
    0x0, 0xe, 0x40, 0x1, 0x34, 0x67, 0x9b, 0x40,
    0xd, 0x2e, 0x40, 0xff, 0xdf, 0xb8, 0x64, 0x10,
    0xf, 0x1e, 0x40, 0x0, 0xe, 0x40, 0x0, 0x0,
    0x2f, 0xdf, 0xdd, 0x0, 0xe, 0x40, 0x0, 0x0,
    0x5d, 0x4f, 0x74, 0x1, 0x4f, 0xaa, 0xce, 0xd0,
    0x99, 0xe, 0x41, 0xff, 0xef, 0xb8, 0x53, 0x10,
    0x85, 0xe, 0x40, 0x20, 0xe, 0x40, 0x0, 0x0,
    0x0, 0xe, 0x40, 0x0, 0xe, 0x40, 0x0, 0x0,
    0x0, 0x3f, 0xdf, 0x0, 0xe, 0x76, 0x8b, 0xd4,
    0x7f, 0xff, 0x96, 0xbd, 0xff, 0xec, 0x97, 0x51,
    0x55, 0x1e, 0x42, 0x75, 0x3e, 0x40, 0x0, 0x10,
    0x0, 0xe, 0x40, 0x0, 0xe, 0x40, 0x0, 0x8a,
    0x0, 0xe, 0x40, 0x0, 0xe, 0x40, 0x0, 0xb8,
    0x0, 0xe, 0x40, 0x0, 0xd, 0x82, 0x24, 0xf4,
    0x0, 0xe, 0x40, 0x0, 0x5, 0xef, 0xff, 0x80,

    /* U+726E "牮" */
    0x0, 0x0, 0x2, 0x0, 0x11, 0x2, 0x0, 0x0,
    0x0, 0x0, 0x9c, 0x0, 0xb7, 0xa, 0xd3, 0x0,
    0x0, 0x7, 0xe1, 0x0, 0x8a, 0x0, 0x75, 0x0,
    0x0, 0x8f, 0x52, 0x45, 0x9f, 0x8a, 0xbc, 0xda,
    0x1b, 0xde, 0x5a, 0xcb, 0xad, 0xd6, 0x54, 0x31,
    0x4a, 0x1d, 0x50, 0x0, 0x4, 0xf4, 0x0, 0x5c,
    0x0, 0xd, 0x50, 0x0, 0x61, 0x6f, 0x80, 0x8a,
    0x0, 0x9, 0x71, 0x0, 0xf3, 0x4, 0xdf, 0xf4,
    0x0, 0x2, 0xf3, 0x0, 0xf3, 0x0, 0x2, 0x20,
    0x0, 0xb, 0xff, 0xff, 0xff, 0xff, 0xf7, 0x0,
    0x0, 0x8e, 0x10, 0x0, 0xf3, 0x0, 0x0, 0x0,
    0x0, 0x42, 0x0, 0x0, 0xf3, 0x0, 0x0, 0x0,
    0x3e, 0xee, 0xee, 0xee, 0xfe, 0xee, 0xee, 0xe9,
    0x2, 0x22, 0x22, 0x22, 0xf4, 0x22, 0x22, 0x21,
    0x0, 0x0, 0x0, 0x0, 0xf3, 0x0, 0x0, 0x0,
    0x0, 0x0, 0x0, 0x0, 0xf3, 0x0, 0x0, 0x0,

    /* U+726F "牯" */
    0x0, 0x0, 0x31, 0x0, 0x0, 0x4, 0x0, 0x0,
    0x0, 0x0, 0xe, 0x40, 0x0, 0x0, 0xf2, 0x0,
    0x0, 0x1, 0xc0, 0xe4, 0x0, 0x0, 0xf, 0x20,
    0x0, 0x0, 0x3d, 0xe, 0x40, 0x56, 0x66, 0xf7,
    0x66, 0x61, 0x6, 0xfe, 0xfe, 0xea, 0xbb, 0xbf,
    0xbb, 0xbb, 0x30, 0x98, 0x2e, 0x62, 0x0, 0x0,
    0xf2, 0x0, 0x0, 0xd, 0x40, 0xe4, 0x0, 0x0,
    0xf, 0x20, 0x0, 0x0, 0xe0, 0xe, 0x40, 0x0,
    0x0, 0xf2, 0x0, 0x0, 0x0, 0x0, 0xe4, 0x1,
    0x44, 0x4f, 0x64, 0x42, 0x0, 0x0, 0xe, 0x9a,
    0x5f, 0xdd, 0xdd, 0xde, 0x90, 0x8, 0xbf, 0xfc,
    0x75, 0xd0, 0x0, 0x0, 0xa9, 0x0, 0xb7, 0x3e,
    0x40, 0x5d, 0x0, 0x0, 0xa, 0x90, 0x0, 0x0,
    0xe4, 0x5, 0xd0, 0x0, 0x0, 0xa9, 0x0, 0x0,
    0xe, 0x40, 0x5d, 0x22, 0x22, 0x2a, 0x90, 0x0,
    0x0, 0xe4, 0x5, 0xff, 0xff, 0xff, 0xf9, 0x0,
    0x0, 0xe, 0x40, 0x5d, 0x0, 0x0, 0xa, 0x90,

    /* U+727E "牾" */
    0x0, 0x4, 0x10, 0x0, 0x0, 0x0, 0x0, 0x0,
    0x0, 0xe, 0x40, 0x23, 0x33, 0x33, 0x33, 0x30,
    0x5, 0xe, 0x40, 0xad, 0xdf, 0xed, 0xdd, 0xd3,
    0xf, 0x2e, 0x40, 0x0, 0x2f, 0x0, 0x0, 0x0,
    0x2f, 0xcf, 0xdc, 0x4c, 0xdf, 0xcc, 0xcc, 0x30,
    0x5c, 0x4f, 0x74, 0x14, 0xab, 0x44, 0x4e, 0x40,
    0xa7, 0xe, 0x40, 0x0, 0xa7, 0x0, 0xe, 0x40,
    0xc3, 0xe, 0x40, 0x11, 0xd6, 0x11, 0x1e, 0x51,
    0x0, 0xe, 0x44, 0xef, 0xff, 0xff, 0xff, 0xfa,
    0x4, 0x8f, 0xfb, 0x0, 0x0, 0x0, 0x0, 0x0,
    0xbe, 0x9f, 0x40, 0xc, 0xdd, 0xdd, 0xdd, 0x70,
    0x20, 0xe, 0x40, 0xf, 0x63, 0x33, 0x3a, 0x90,
    0x0, 0xe, 0x40, 0xf, 0x30, 0x0, 0x9, 0x90,
    0x0, 0xe, 0x40, 0xf, 0x30, 0x0, 0x9, 0x90,
    0x0, 0xe, 0x40, 0xf, 0xff, 0xff, 0xff, 0x90,
    0x0, 0xe, 0x40, 0xf, 0x41, 0x11, 0x19, 0x90,

    /* U+727F "牿" */
    0x0, 0x3, 0x0, 0x0, 0x0, 0x23, 0x0, 0x0,
    0x0, 0xe, 0x30, 0x4, 0x40, 0x7a, 0x0, 0x0,
    0xb, 0x2e, 0x30, 0xb, 0x70, 0x7a, 0x0, 0x0,
    0xf, 0x1e, 0x30, 0x1f, 0xed, 0xef, 0xdd, 0xd1,
    0x2f, 0xef, 0xec, 0x8c, 0x44, 0x9c, 0x44, 0x40,
    0x6b, 0x2e, 0x52, 0xe5, 0x0, 0x7a, 0x0, 0x0,
    0xb7, 0xe, 0x30, 0x30, 0x0, 0x7a, 0x0, 0x0,
    0x82, 0xe, 0x31, 0xff, 0xff, 0xff, 0xff, 0xfe,
    0x0, 0xe, 0x88, 0x22, 0x22, 0x22, 0x22, 0x22,
    0x5, 0xaf, 0xe8, 0x1, 0x11, 0x11, 0x11, 0x10,
    0xaf, 0xaf, 0x30, 0xe, 0xff, 0xff, 0xff, 0xc0,
    0x20, 0xe, 0x30, 0xe, 0x30, 0x0, 0x4, 0xc0,
    0x0, 0xe, 0x30, 0xe, 0x30, 0x0, 0x4, 0xc0,
    0x0, 0xe, 0x30, 0xe, 0x30, 0x0, 0x4, 0xc0,
    0x0, 0xe, 0x30, 0xe, 0xff, 0xff, 0xff, 0xc0,
    0x0, 0xe, 0x30, 0xe, 0x41, 0x11, 0x15, 0xc0,
    0x0, 0x1, 0x0, 0x0, 0x0, 0x0, 0x0, 0x0,

    /* U+7284 "犄" */
    0x0, 0x4, 0x0, 0x0, 0x0, 0x42, 0x0, 0x0,
    0x0, 0xe, 0x20, 0x0, 0x0, 0xb6, 0x0, 0x0,
    0xa, 0x2e, 0x20, 0x7b, 0xbb, 0xec, 0xbb, 0xb3,
    0xf, 0x1e, 0x20, 0x35, 0x59, 0xf5, 0x55, 0x51,
    0x2f, 0xef, 0xed, 0x0, 0x5f, 0xcf, 0x92, 0x0,
    0x5b, 0x2e, 0x52, 0x3d, 0xe5, 0x2, 0xaf, 0xa0,
    0x97, 0xe, 0x20, 0x39, 0x32, 0x22, 0x24, 0x52,
    0x93, 0xe, 0x23, 0xff, 0xff, 0xff, 0xff, 0xfd,
    0x0, 0xe, 0x8a, 0x0, 0x0, 0x0, 0xa, 0x80,
    0x16, 0xbf, 0xc7, 0x2f, 0xff, 0xf6, 0xa, 0x80,
    0xbc, 0x7f, 0x20, 0x2e, 0x0, 0x97, 0xa, 0x80,
    0x0, 0xe, 0x20, 0x2e, 0x0, 0x97, 0xa, 0x80,
    0x0, 0xe, 0x20, 0x2f, 0xff, 0xf7, 0xa, 0x80,
    0x0, 0xe, 0x20, 0x1a, 0x0, 0x0, 0xa, 0x80,
    0x0, 0xe, 0x20, 0x0, 0x0, 0x33, 0x3d, 0x60,
    0x0, 0xe, 0x20, 0x0, 0x0, 0xbf, 0xfc, 0x10,
    0x0, 0x0, 0x0, 0x0, 0x0, 0x0, 0x0, 0x0,

    /* U+728B "犋" */
    0x0, 0x4, 0x0, 0x0, 0x0, 0x0, 0x0, 0x0,
    0x0, 0xf, 0x20, 0x2b, 0xbb, 0xbb, 0xbb, 0x50,
    0xc, 0x2f, 0x20, 0x3f, 0x44, 0x44, 0x4c, 0x70,
    0xf, 0x1f, 0x20, 0x3f, 0x0, 0x0, 0xb, 0x70,
    0x3f, 0x9f, 0xa8, 0x3f, 0xff, 0xff, 0xff, 0x70,
    0x7c, 0x5f, 0x75, 0x3f, 0x0, 0x0, 0xb, 0x70,
    0xb6, 0xf, 0x20, 0x3f, 0xee, 0xee, 0xef, 0x70,
    0x31, 0xf, 0x20, 0x3f, 0x11, 0x11, 0x1b, 0x70,
    0x0, 0xf, 0x49, 0x3f, 0x0, 0x0, 0xb, 0x70,
    0x3, 0x7f, 0xfb, 0x4f, 0xee, 0xee, 0xef, 0x70,
    0xae, 0x9f, 0x20, 0x3f, 0x0, 0x0, 0xb, 0x70,
    0x10, 0xf, 0x28, 0xff, 0xff, 0xff, 0xff, 0xfe,
    0x0, 0xf, 0x20, 0x0, 0x63, 0x2, 0x70, 0x0,
    0x0, 0xf, 0x20, 0x5, 0xf4, 0x2, 0xe9, 0x0,
    0x0, 0xf, 0x20, 0x8f, 0x40, 0x0, 0x2d, 0xa0,
    0x0, 0xf, 0x24, 0xd2, 0x0, 0x0, 0x1, 0xc3,
    0x0, 0x0, 0x0, 0x0, 0x0, 0x0, 0x0, 0x0,

    /* U+728D "犍" */
    0x0, 0x14, 0x0, 0x0, 0x0, 0x3, 0x0, 0x0,
    0x0, 0x3, 0xd0, 0x0, 0x0, 0x0, 0xe1, 0x0,
    0x0, 0xb, 0x5d, 0xc, 0xdd, 0x2e, 0xef, 0xee,
    0xc0, 0x0, 0xf4, 0xd0, 0x25, 0xe0, 0x0, 0xe1,
    0x1e, 0x0, 0x1f, 0xdf, 0xc0, 0xb7, 0x99, 0x9f,
    0xaa, 0xf8, 0x4, 0xd6, 0xe4, 0x3e, 0x4, 0x44,
    0xf5, 0x5f, 0x30, 0x79, 0x3d, 0xb, 0x70, 0x5,
    0x5f, 0x66, 0xe0, 0x6, 0x43, 0xd0, 0xef, 0xf0,
    0x99, 0xf9, 0x9d, 0x0, 0x0, 0x3d, 0x80, 0xf,
    0x0, 0xe, 0x10, 0x0, 0x0, 0x5b, 0xfb, 0x51,
    0xe4, 0xee, 0xfe, 0xed, 0x0, 0x8e, 0xad, 0xe,
    0x5c, 0x0, 0xe, 0x10, 0x0, 0x1, 0x3, 0xd0,
    0xae, 0x77, 0xaa, 0xfa, 0xaa, 0x30, 0x0, 0x3d,
    0x2, 0xf4, 0x24, 0x4f, 0x54, 0x41, 0x0, 0x3,
    0xd0, 0x6e, 0xd1, 0x0, 0xe1, 0x0, 0x0, 0x0,
    0x3d, 0x1d, 0x28, 0xe6, 0x32, 0x11, 0x11, 0x0,
    0x3, 0xd8, 0x50, 0x4, 0xbf, 0xff, 0xff, 0xc0,
    0x0, 0x0, 0x0, 0x0, 0x0, 0x0, 0x0, 0x0,
    0x0,

    /* U+728F "犏" */
    0x0, 0x5, 0x0, 0x0, 0x1, 0x50, 0x0, 0x0,
    0x0, 0x2e, 0x0, 0x0, 0x2, 0xf3, 0x0, 0x0,
    0xd, 0x3e, 0x2, 0xee, 0xee, 0xff, 0xee, 0xb0,
    0xf, 0x2e, 0x2, 0xe1, 0x11, 0x11, 0x14, 0xd0,
    0x2f, 0xdf, 0xc7, 0xe0, 0x0, 0x0, 0x3, 0xd0,
    0x5b, 0x6f, 0x54, 0xff, 0xff, 0xff, 0xff, 0xd0,
    0x97, 0x2e, 0x2, 0xe0, 0x0, 0x0, 0x2, 0x80,
    0xb3, 0x2e, 0x2, 0xe0, 0x11, 0x11, 0x11, 0x10,
    0x0, 0x2e, 0x36, 0xd9, 0xfe, 0xfe, 0xfe, 0xf1,
    0x4, 0x9f, 0xd9, 0xd9, 0x72, 0xc1, 0xe0, 0xe1,
    0xae, 0xae, 0x5, 0xb9, 0x72, 0xc1, 0xe0, 0xe1,
    0x10, 0x2e, 0x7, 0x99, 0xff, 0xff, 0xff, 0xf1,
    0x0, 0x2e, 0xa, 0x69, 0x72, 0xc1, 0xe0, 0xe1,
    0x0, 0x2e, 0xe, 0x19, 0x72, 0xc1, 0xe0, 0xe1,
    0x0, 0x2e, 0x6c, 0x9, 0x72, 0xc1, 0xe1, 0xf0,
    0x0, 0x2e, 0x64, 0x9, 0x71, 0x60, 0xaf, 0xa0,

    /* U+7292 "犒" */
    0x0, 0x5, 0x0, 0x0, 0x1, 0x40, 0x0, 0x0,
    0x0, 0x2f, 0x0, 0x0, 0x1, 0xf2, 0x0, 0x0,
    0xd, 0x4f, 0x2, 0xee, 0xee, 0xff, 0xee, 0xeb,
    0x1f, 0x2f, 0x0, 0x11, 0x11, 0x11, 0x11, 0x10,
    0x3f, 0xef, 0xe8, 0xd, 0xee, 0xee, 0xef, 0x50,
    0x7a, 0x4f, 0x21, 0xe, 0x30, 0x0, 0xb, 0x60,
    0xb5, 0x2f, 0x0, 0xe, 0xee, 0xee, 0xef, 0x60,
    0x91, 0x2f, 0x0, 0x9, 0x20, 0x0, 0x7, 0x40,
    0x0, 0x2f, 0x65, 0xbc, 0xcc, 0xcc, 0xcc, 0xc4,
    0x28, 0xdf, 0xb4, 0xf3, 0x22, 0x22, 0x22, 0xb6,
    0xac, 0x8f, 0x0, 0xf2, 0x8d, 0xdd, 0xd0, 0xb6,
    0x0, 0x2f, 0x0, 0xf2, 0x95, 0x0, 0xe0, 0xb6,
    0x0, 0x2f, 0x0, 0xf2, 0x97, 0x33, 0xe0, 0xb6,
    0x0, 0x2f, 0x0, 0xf2, 0x7b, 0xbb, 0xb0, 0xb6,
    0x0, 0x2f, 0x0, 0xf2, 0x0, 0x2, 0x22, 0xd5,
    0x0, 0x2f, 0x0, 0xd1, 0x0, 0x9, 0xff, 0xc1,

    /* U+729F "犟" */
    0xb, 0xbb, 0xb6, 0xa, 0xbb, 0xbb, 0xbc, 0x60,
    0x3, 0x33, 0x99, 0xe, 0x41, 0x11, 0x19, 0x70,
    0x2, 0x33, 0x99, 0xe, 0xed, 0xfe, 0xde, 0x70,
    0xc, 0xcb, 0xa5, 0x25, 0x55, 0xc8, 0x55, 0x50,
    0xe, 0x86, 0x64, 0x7a, 0x22, 0xc7, 0x22, 0xf1,
    0x9, 0x99, 0xba, 0x7e, 0xbb, 0xed, 0xbb, 0xf1,
    0x0, 0x0, 0x69, 0x12, 0x0, 0xb5, 0x6, 0xb0,
    0x0, 0xbb, 0xe5, 0xbe, 0xed, 0xed, 0xdc, 0xd9,
    0x0, 0x35, 0x90, 0x0, 0xb1, 0x0, 0x0, 0x3,
    0x0, 0xc, 0xeb, 0xbb, 0xfc, 0xbb, 0xbb, 0x30,
    0x1, 0xd8, 0x44, 0x44, 0xf5, 0x44, 0x44, 0x10,
    0x1, 0x70, 0x0, 0x0, 0xf2, 0x0, 0x0, 0x0,
    0x1f, 0xff, 0xff, 0xff, 0xff, 0xff, 0xff, 0xfb,
    0x0, 0x0, 0x0, 0x0, 0xf2, 0x0, 0x0, 0x0,
    0x0, 0x0, 0x0, 0x0, 0xf2, 0x0, 0x0, 0x0,

    /* U+7337 "猷" */
    0x0, 0x20, 0x0, 0x20, 0x0, 0x0, 0x20, 0x0,
    0x0, 0xd4, 0x0, 0xd7, 0x0, 0x4, 0xd1, 0x30,
    0x0, 0x3b, 0x6, 0xc0, 0x0, 0x4, 0xd4, 0xe1,
    0x8f, 0xff, 0xff, 0xff, 0xf1, 0x4, 0xd0, 0x98,
    0x0, 0xe, 0x2a, 0x50, 0x0, 0x5, 0xd0, 0x0,
    0x1, 0x1e, 0x3b, 0x61, 0x1f, 0xff, 0xff, 0xfe,
    0x3f, 0xff, 0xff, 0xff, 0x82, 0x26, 0xf2, 0x21,
    0x3d, 0xe, 0xa, 0x57, 0x80, 0x6, 0xf2, 0x0,
    0x3d, 0x2e, 0xa, 0x68, 0x80, 0x8, 0xf5, 0x0,
    0x3d, 0xc7, 0x5, 0xff, 0x80, 0xa, 0xe8, 0x0,
    0x3d, 0x90, 0x0, 0x7, 0x80, 0xe, 0x7d, 0x0,
    0x3f, 0xee, 0xee, 0xef, 0x80, 0x2f, 0x1f, 0x20,
    0x3d, 0x22, 0x22, 0x28, 0x80, 0x8b, 0xa, 0x80,
    0x3d, 0x11, 0x11, 0x18, 0x81, 0xf5, 0x5, 0xe0,
    0x3f, 0xff, 0xff, 0xff, 0x8a, 0xd0, 0x0, 0xe8,
    0x3d, 0x0, 0x0, 0x7, 0xbf, 0x30, 0x0, 0x6b,
    0x0, 0x0, 0x0, 0x0, 0x2, 0x0, 0x0, 0x0,

    /* U+7352 "獒" */
    0x0, 0x0, 0x50, 0x0, 0x0, 0x20, 0x0, 0x0,
    0x0, 0x2, 0xe0, 0x0, 0x1, 0xf1, 0x0, 0x0,
    0x7e, 0xee, 0xfe, 0xee, 0x46, 0xc3, 0x33, 0x32,
    0x1, 0x13, 0xe1, 0x10, 0xd, 0xee, 0xef, 0xf9,
    0x1c, 0xcd, 0xfc, 0xc9, 0x5d, 0x0, 0xd, 0x40,
    0x46, 0x67, 0xe6, 0x66, 0xd6, 0x80, 0x4e, 0x0,
    0x46, 0xf6, 0x66, 0x66, 0x10, 0x9d, 0xe4, 0x0,
    0x1, 0xfd, 0xdd, 0xd6, 0x0, 0x6f, 0xe9, 0x0,
    0x9, 0x80, 0x0, 0xa6, 0x6c, 0xd3, 0x1b, 0xd2,
    0x7d, 0x14, 0xdd, 0xd2, 0xa5, 0x72, 0x0, 0x75,
    0x62, 0x0, 0x0, 0xc, 0x50, 0x7e, 0x30, 0x0,
    0x6d, 0xdd, 0xdd, 0xdf, 0xdd, 0xdf, 0xdd, 0xd2,
    0x12, 0x22, 0x22, 0xcc, 0xe7, 0x22, 0x22, 0x20,
    0x0, 0x0, 0x2b, 0xd1, 0x3e, 0x92, 0x0, 0x0,
    0x24, 0x7c, 0xf9, 0x10, 0x1, 0x9f, 0xc8, 0x73,
    0x9e, 0xb6, 0x10, 0x0, 0x0, 0x1, 0x69, 0xc3,

    /* U+74DE "瓞" */
    0x0, 0x0, 0x0, 0x0, 0x0, 0x3, 0x10, 0x0,
    0x7, 0x9a, 0xce, 0xf8, 0x19, 0xd, 0x40, 0x0,
    0xe, 0x7e, 0x65, 0xd0, 0x5b, 0xd, 0x40, 0x0,
    0xe, 0x2d, 0x33, 0xe0, 0x8e, 0xdf, 0xdd, 0xd2,
    0xe, 0x2d, 0x33, 0xe0, 0xe4, 0x2e, 0x52, 0x20,
    0xe, 0x2d, 0x32, 0xe4, 0xd0, 0xe, 0x30, 0x0,
    0xe, 0x2d, 0x32, 0xe0, 0x20, 0xf, 0x20, 0x0,
    0xe, 0x2d, 0x32, 0xe8, 0xff, 0xff, 0xff, 0xf7,
    0xf, 0x1d, 0x30, 0xf0, 0x0, 0x6d, 0x10, 0x0,
    0xf, 0x1d, 0x30, 0xf2, 0x0, 0xbd, 0xd0, 0x0,
    0x1f, 0xd, 0x30, 0xc5, 0x5, 0xe1, 0xbb, 0x0,
    0x2f, 0xd, 0x5e, 0x7b, 0x4f, 0x50, 0xd, 0x70,
    0x5d, 0xd, 0x3e, 0x5f, 0xf7, 0x0, 0x3, 0xf2,
    0x8a, 0xd, 0x9e, 0x76, 0xf8, 0x0, 0x0, 0x30,
    0xc7, 0x1f, 0xea, 0xb0, 0x5e, 0xfa, 0x75, 0x42,
    0xb2, 0x8, 0x12, 0x90, 0x0, 0x5a, 0xce, 0xf5,
    0x0, 0x0, 0x0, 0x0, 0x0, 0x0, 0x0, 0x0,

    /* U+74E0 "瓠" */
    0x0, 0x0, 0xd4, 0x0, 0x0, 0x0, 0x14, 0x63,
    0x0, 0x12, 0x2e, 0x52, 0x24, 0xde, 0xff, 0xfd,
    0x60, 0x9, 0xee, 0xfe, 0xee, 0x6c, 0x3f, 0xb,
    0x40, 0x0, 0x0, 0x9c, 0xe2, 0x5, 0xb0, 0xf0,
    0xb4, 0x0, 0x0, 0x5e, 0x14, 0xe4, 0x5b, 0xf,
    0xb, 0x40, 0x0, 0x8f, 0x74, 0x48, 0xe7, 0xb0,
    0xf0, 0xa5, 0x0, 0x9, 0x6b, 0xbb, 0xa2, 0x5b,
    0xf, 0x9, 0x60, 0x0, 0x1, 0x11, 0x11, 0x15,
    0xb0, 0xf0, 0x78, 0x0, 0x9, 0xff, 0xff, 0xfc,
    0x5a, 0xf, 0x5, 0xa0, 0x0, 0x4, 0xd0, 0x0,
    0x6, 0xa0, 0xf1, 0x4d, 0x0, 0x0, 0x8f, 0xff,
    0xf5, 0x78, 0xf, 0xa5, 0xf0, 0x0, 0x0, 0x0,
    0xb, 0x4a, 0x60, 0xf6, 0x9c, 0x50, 0x0, 0x0,
    0x0, 0xc3, 0xe3, 0xf, 0xbd, 0x8a, 0x0, 0x0,
    0x21, 0x3f, 0x4e, 0x5, 0xf9, 0xe4, 0xf2, 0x0,
    0xf, 0xff, 0x76, 0x90, 0x5, 0x6, 0x1b, 0x40,
    0x0, 0x0, 0x0, 0x1, 0x0, 0x0, 0x0, 0x0,

    /* U+74EF "瓯" */
    0x0, 0x0, 0x0, 0x12, 0x22, 0x22, 0x22, 0xe,
    0xee, 0xee, 0xeb, 0xff, 0xff, 0xff, 0xf1, 0xf4,
    0x22, 0x32, 0x3, 0xe0, 0x0, 0x0, 0xf, 0x65,
    0x6, 0xc0, 0x4d, 0x0, 0x0, 0x0, 0xf6, 0xe0,
    0xb8, 0x5, 0xd5, 0x55, 0x30, 0xf, 0x2c, 0x6f,
    0x20, 0x6e, 0xcc, 0xe9, 0x0, 0xf2, 0x4f, 0xd0,
    0x8, 0xa0, 0x8, 0x90, 0xf, 0x20, 0xe8, 0x0,
    0x99, 0x40, 0x89, 0x0, 0xf2, 0x2f, 0xe0, 0xa,
    0x9e, 0x89, 0x80, 0xf, 0x2a, 0x8d, 0x60, 0xb6,
    0x2d, 0xb8, 0x0, 0xf5, 0xf1, 0x5e, 0xc, 0x50,
    0x9, 0x82, 0x1f, 0x98, 0x0, 0x80, 0xd4, 0x0,
    0x98, 0x7a, 0xf4, 0x22, 0x22, 0xf, 0x22, 0x79,
    0x78, 0x8f, 0xff, 0xff, 0xf8, 0xfd, 0xfa, 0x99,
    0xb6, 0x0, 0x0, 0x0, 0x5d, 0x71, 0x5, 0xfe,
    0x20, 0x0, 0x0, 0x0, 0x0, 0x0, 0x0, 0x0,

    /* U+74F4 "瓴" */
    0x0, 0x1, 0x20, 0x0, 0x0, 0x0, 0x0, 0x0,
    0x0, 0x0, 0xce, 0x10, 0x22, 0x22, 0x22, 0x22,
    0x10, 0x0, 0x4f, 0xcb, 0xd, 0xff, 0xff, 0xff,
    0xf7, 0x0, 0xc, 0x81, 0xe8, 0x7, 0xa0, 0x0,
    0x0, 0x0, 0x7, 0xe3, 0x13, 0xf4, 0x99, 0x0,
    0x0, 0x0, 0x3, 0xf5, 0xa9, 0x4, 0xa, 0xec,
    0xcc, 0xa0, 0x0, 0x8a, 0x2, 0xf2, 0x0, 0xb9,
    0x55, 0x8d, 0x0, 0x0, 0x0, 0x3, 0x0, 0xc,
    0x50, 0x4, 0xd0, 0x0, 0x1f, 0xff, 0xff, 0xe0,
    0xd7, 0xa0, 0x4d, 0x0, 0x0, 0x22, 0x22, 0x9c,
    0xf, 0x4b, 0xd6, 0xd0, 0x0, 0x0, 0x0, 0xe,
    0x50, 0xf2, 0xa, 0x6c, 0x0, 0x0, 0x9, 0x15,
    0xe0, 0x1f, 0x10, 0x5, 0xc0, 0x60, 0x0, 0xbc,
    0xc7, 0x2, 0xf0, 0x0, 0x5c, 0x2f, 0x0, 0x1,
    0xdf, 0x0, 0x3e, 0x1, 0x75, 0xc3, 0xe0, 0x0,
    0x3, 0xf6, 0x6, 0xfb, 0xfe, 0x5d, 0x6c, 0x0,
    0x0, 0x7, 0xe0, 0xbd, 0x83, 0x2, 0xef, 0x60,
    0x0, 0x0, 0x1, 0x1, 0x0, 0x0, 0x0, 0x0,
    0x0,

    /* U+74FF "瓿" */
    0x0, 0x1, 0x0, 0x0, 0x0, 0x0, 0x0, 0x0,
    0x0, 0x6d, 0x0, 0x0, 0x0, 0x0, 0x0, 0x0,
    0x11, 0x2e, 0x31, 0x1e, 0xff, 0xff, 0xff, 0xf0,
    0x8f, 0xff, 0xff, 0xc1, 0x5e, 0x22, 0x22, 0x20,
    0x8, 0x10, 0xa, 0x10, 0x6c, 0x0, 0x0, 0x0,
    0xa, 0x90, 0x5d, 0x0, 0x8c, 0x44, 0x41, 0x0,
    0x2, 0xb0, 0xd5, 0x0, 0xad, 0xcc, 0xf4, 0x0,
    0xdf, 0xff, 0xff, 0xf1, 0xc6, 0x0, 0xd4, 0x0,
    0x0, 0x0, 0x0, 0x0, 0xe6, 0x80, 0xe3, 0x0,
    0x1, 0x11, 0x11, 0x0, 0xf2, 0xe1, 0xe3, 0x0,
    0x1f, 0xff, 0xff, 0x42, 0xf0, 0x77, 0xe3, 0x0,
    0x1f, 0x0, 0xc, 0x44, 0xe0, 0x1b, 0xe3, 0x93,
    0x1f, 0x0, 0xc, 0x46, 0xc0, 0x0, 0xe3, 0xc5,
    0x1f, 0x22, 0x2d, 0x48, 0xa1, 0x53, 0xe3, 0xd3,
    0x1f, 0xff, 0xff, 0x4d, 0xff, 0xf4, 0xe6, 0xf1,
    0x1f, 0x0, 0xc, 0x4b, 0x95, 0x10, 0x8f, 0xa0,
    0x0, 0x0, 0x0, 0x0, 0x0, 0x0, 0x0, 0x0,

    /* U+750F "甏" */
    0x0, 0x1, 0x30, 0x0, 0x0, 0x0, 0x0, 0x0,
    0x57, 0x79, 0xd7, 0x77, 0x0, 0x2, 0x8e, 0x30,
    0x23, 0x37, 0xc3, 0x33, 0x39, 0xdd, 0x82, 0x0,
    0x3b, 0xbb, 0xbb, 0xb6, 0x27, 0x20, 0x4, 0x50,
    0x7, 0x77, 0x77, 0x73, 0x0, 0x38, 0xeb, 0x50,
    0x1d, 0x33, 0x33, 0x88, 0x2e, 0xd7, 0x20, 0x0,
    0x1f, 0xaa, 0xaa, 0xc8, 0x2, 0x0, 0x28, 0xd1,
    0x0, 0xb2, 0xb, 0x30, 0x2, 0x7c, 0xe8, 0x20,
    0x9c, 0xdd, 0xde, 0xcc, 0x5e, 0x94, 0x0, 0x0,
    0x56, 0x54, 0x44, 0x44, 0x44, 0x44, 0x44, 0x41,
    0x57, 0x7f, 0x77, 0x77, 0x77, 0x77, 0x77, 0x72,
    0x0, 0x3f, 0xbb, 0xbb, 0xbb, 0xb8, 0x0, 0x0,
    0x0, 0x69, 0x13, 0x11, 0x11, 0x6a, 0x0, 0x20,
    0x0, 0xa6, 0xb, 0xed, 0xa1, 0x69, 0x0, 0x97,
    0x0, 0xe3, 0x0, 0x2, 0x51, 0x7b, 0x1, 0xd5,
    0x3, 0xfc, 0xcd, 0xee, 0xea, 0x2d, 0xff, 0xb0,
    0x0, 0x22, 0x10, 0x0, 0x0, 0x0, 0x0, 0x0,

    /* U+7511 "甑" */
    0x0, 0x0, 0x0, 0x0, 0x0, 0x0, 0x0, 0x0,
    0x1, 0xe2, 0x0, 0x9a, 0x12, 0x22, 0x22, 0x20,
    0x0, 0x99, 0x4, 0xf2, 0x9e, 0xfd, 0xdd, 0xd4,
    0x1f, 0xff, 0xff, 0xff, 0x43, 0xc0, 0x0, 0x0,
    0x1e, 0x30, 0xf0, 0x5a, 0x44, 0xa0, 0x0, 0x0,
    0x1e, 0x96, 0xf4, 0xba, 0x46, 0xec, 0xcc, 0x0,
    0x1e, 0x24, 0xf3, 0x4a, 0x47, 0x81, 0x1f, 0x0,
    0x1f, 0xee, 0xfe, 0xef, 0x49, 0x61, 0xf, 0x0,
    0x1b, 0x0, 0x0, 0x8, 0x3a, 0xab, 0xf, 0x0,
    0x7, 0xbb, 0xbb, 0xba, 0xc, 0x3e, 0x2f, 0x0,
    0xb, 0x84, 0x44, 0x5e, 0xd, 0x19, 0x8f, 0x0,
    0xb, 0x50, 0x0, 0x1e, 0xf, 0x3, 0x6f, 0x1c,
    0xb, 0xff, 0xff, 0xfe, 0xf, 0x0, 0xf, 0x2e,
    0xb, 0x50, 0x0, 0x1e, 0x2d, 0x38, 0x1f, 0x3d,
    0xb, 0xdc, 0xcc, 0xce, 0x7f, 0xfe, 0xf, 0x5b,
    0xb, 0x73, 0x33, 0x4e, 0x3b, 0x40, 0xa, 0xf5,

    /* U+7513 "甓" */
    0x0, 0x0, 0x0, 0x0, 0x0, 0x3, 0x0, 0x0,
    0x0, 0x29, 0x99, 0x99, 0x60, 0x0, 0xc5, 0x0,
    0x0, 0x4, 0xc4, 0x44, 0x7c, 0x7d, 0xde, 0xed,
    0xd8, 0x0, 0x5c, 0x77, 0x79, 0xc0, 0x58, 0x0,
    0x94, 0x0, 0x6, 0xb6, 0x66, 0x79, 0x35, 0xe4,
    0x6e, 0x43, 0x0, 0xaa, 0xaa, 0xaa, 0x75, 0x55,
    0xc9, 0x55, 0x50, 0xe, 0x99, 0x22, 0x5c, 0x25,
    0x5c, 0x95, 0x52, 0x6, 0xa7, 0x92, 0x25, 0xc6,
    0xdd, 0xee, 0xdd, 0x50, 0x1, 0x49, 0xaa, 0x96,
    0x0, 0x6, 0x40, 0x0, 0x3, 0xcc, 0xcc, 0xcc,
    0xcc, 0xcc, 0xcc, 0xcc, 0x80, 0x2, 0x2b, 0x92,
    0x22, 0x22, 0x22, 0x22, 0x21, 0x0, 0x0, 0xde,
    0xee, 0xee, 0xee, 0xea, 0x0, 0x0, 0x0, 0xf,
    0x21, 0x62, 0x0, 0x6, 0xb0, 0x4, 0x0, 0x2,
    0xf0, 0x2a, 0xef, 0x90, 0x7a, 0x2, 0xf0, 0x0,
    0x7d, 0x0, 0x0, 0x35, 0x18, 0xc1, 0x6c, 0x0,
    0xb, 0xfe, 0xef, 0xfe, 0xd5, 0x2d, 0xfe, 0x40,
    0x0, 0x12, 0x21, 0x0, 0x0, 0x0, 0x0, 0x0,
    0x0,

    /* U+752C "甬" */
    0x3, 0x44, 0x44, 0x44, 0x44, 0x44, 0x41, 0xc,
    0xdd, 0xdd, 0xdd, 0xdd, 0xef, 0xf5, 0x0, 0x3,
    0xa3, 0x0, 0x39, 0xe8, 0x10, 0x0, 0x0, 0x6c,
    0xdc, 0xd6, 0x0, 0x0, 0x4f, 0xff, 0xff, 0xff,
    0xff, 0xff, 0xfd, 0x4e, 0x22, 0x22, 0x6e, 0x22,
    0x22, 0x6e, 0x4e, 0x0, 0x0, 0x5e, 0x0, 0x0,
    0x4e, 0x4f, 0xff, 0xff, 0xff, 0xff, 0xff, 0xfe,
    0x4e, 0x22, 0x22, 0x6e, 0x22, 0x22, 0x5e, 0x4e,
    0x0, 0x0, 0x5e, 0x0, 0x0, 0x4e, 0x4f, 0xff,
    0xff, 0xff, 0xff, 0xff, 0xfe, 0x4e, 0x22, 0x22,
    0x6e, 0x22, 0x22, 0x5e, 0x4e, 0x0, 0x0, 0x5e,
    0x0, 0x0, 0x4e, 0x4e, 0x0, 0x0, 0x5e, 0x3,
    0x44, 0xad, 0x4e, 0x0, 0x0, 0x5e, 0x7, 0xee,
    0xd5,

    /* U+753A "町" */
    0x0, 0x0, 0x0, 0x0, 0x0, 0x0, 0x0, 0x0,
    0x0, 0xff, 0xff, 0xff, 0x7f, 0xff, 0xff, 0xff,
    0xf0, 0xf, 0x25, 0xd1, 0xf3, 0x22, 0x26, 0xd2,
    0x22, 0x0, 0xf1, 0x4d, 0xf, 0x20, 0x0, 0x5c,
    0x0, 0x0, 0xf, 0x14, 0xd0, 0xf2, 0x0, 0x5,
    0xc0, 0x0, 0x0, 0xf1, 0x4d, 0xf, 0x20, 0x0,
    0x5c, 0x0, 0x0, 0xf, 0xde, 0xfd, 0xf2, 0x0,
    0x5, 0xc0, 0x0, 0x0, 0xf3, 0x6d, 0x2f, 0x20,
    0x0, 0x5c, 0x0, 0x0, 0xf, 0x14, 0xd0, 0xf2,
    0x0, 0x5, 0xc0, 0x0, 0x0, 0xf1, 0x4d, 0xf,
    0x20, 0x0, 0x5c, 0x0, 0x0, 0xf, 0x14, 0xd0,
    0xf2, 0x0, 0x5, 0xc0, 0x0, 0x0, 0xf3, 0x6d,
    0x2f, 0x20, 0x0, 0x5c, 0x0, 0x0, 0xf, 0xee,
    0xee, 0xf2, 0x0, 0x5, 0xc0, 0x0, 0x0, 0xf0,
    0x0, 0x9, 0x13, 0x33, 0xbb, 0x0, 0x0, 0x0,
    0x0, 0x0, 0x0, 0xcf, 0xfd, 0x30, 0x0, 0x0,

    /* U+7540 "畀" */
    0x0, 0x44, 0x44, 0x44, 0x44, 0x44, 0x44, 0x0,
    0x0, 0xfd, 0xcc, 0xce, 0xec, 0xcc, 0xcf, 0x20,
    0x0, 0xf3, 0x0, 0x8, 0xa0, 0x0, 0x1f, 0x20,
    0x0, 0xfd, 0xcc, 0xce, 0xec, 0xcc, 0xcf, 0x20,
    0x0, 0xf7, 0x44, 0x4a, 0xb4, 0x44, 0x4f, 0x20,
    0x0, 0xf3, 0x0, 0x8, 0xa0, 0x0, 0x1f, 0x20,
    0x0, 0xfe, 0xdd, 0xde, 0xfd, 0xdd, 0xdf, 0x20,
    0x0, 0xf6, 0x33, 0x33, 0x33, 0x33, 0x4f, 0x20,
    0x0, 0x30, 0x0, 0x0, 0x0, 0x0, 0x3, 0x0,
    0x6f, 0xff, 0xff, 0xff, 0xff, 0xff, 0xff, 0xfd,
    0x12, 0x22, 0xd7, 0x22, 0x22, 0x3f, 0x42, 0x22,
    0x0, 0x1, 0xf3, 0x0, 0x0, 0xf, 0x20, 0x0,
    0x0, 0xa, 0xc0, 0x0, 0x0, 0xf, 0x20, 0x0,
    0x1, 0xaf, 0x20, 0x0, 0x0, 0xf, 0x20, 0x0,
    0x7, 0xd3, 0x0, 0x0, 0x0, 0xf, 0x20, 0x0,
    0x0, 0x0, 0x0, 0x0, 0x0, 0x0, 0x0, 0x0,

    /* U+7548 "畈" */
    0x0, 0x0, 0x0, 0x1, 0x23, 0x46, 0x8a, 0x3f,
    0xff, 0xff, 0xd3, 0xff, 0xfd, 0xcb, 0x93, 0xf1,
    0xe2, 0x3d, 0x3d, 0x0, 0x0, 0x0, 0xf, 0x1e,
    0x23, 0xd3, 0xd0, 0x0, 0x0, 0x0, 0xf1, 0xe2,
    0x3d, 0x3e, 0x88, 0x88, 0x87, 0xf, 0x1e, 0x23,
    0xd3, 0xec, 0xa7, 0x7a, 0xc0, 0xff, 0xff, 0xfd,
    0x3d, 0x79, 0x0, 0x99, 0xf, 0x2e, 0x34, 0xd3,
    0xd4, 0xd0, 0xd, 0x50, 0xf1, 0xe2, 0x3d, 0x5c,
    0xe, 0x23, 0xf0, 0xf, 0x1e, 0x23, 0xd6, 0xb0,
    0x89, 0xa9, 0x0, 0xf1, 0xe2, 0x3d, 0x98, 0x1,
    0xee, 0x10, 0xf, 0xcf, 0xcc, 0xde, 0x50, 0x3e,
    0xe3, 0x0, 0xf5, 0x44, 0x48, 0xe0, 0x4f, 0x78,
    0xe3, 0xa, 0x0, 0x1, 0xd8, 0x8f, 0x70, 0xa,
    0xf6, 0x0, 0x0, 0x3b, 0x1c, 0x50, 0x0, 0x8,
    0x20, 0x0, 0x0, 0x0, 0x0, 0x0, 0x0, 0x0,

    /* U+754B "畋" */
    0x0, 0x0, 0x0, 0x0, 0x0, 0x0, 0x0, 0x0,
    0x0, 0x0, 0x0, 0x0, 0x9, 0x90, 0x0, 0x0,
    0x1d, 0xdd, 0xdd, 0xc0, 0xe, 0x50, 0x0, 0x0,
    0x1f, 0x3f, 0x44, 0xe0, 0x2f, 0x54, 0x44, 0x42,
    0x1e, 0xe, 0x11, 0xe0, 0x7f, 0xee, 0xef, 0xe8,
    0x1e, 0xe, 0x11, 0xe0, 0xd7, 0x0, 0xd, 0x40,
    0x1e, 0xe, 0x11, 0xe4, 0xf8, 0x0, 0xf, 0x20,
    0x1f, 0x4f, 0x55, 0xeb, 0xec, 0x0, 0x2f, 0x0,
    0x1f, 0xcf, 0xcc, 0xe9, 0x3f, 0x20, 0x6c, 0x0,
    0x1e, 0xe, 0x11, 0xe0, 0xa, 0x80, 0xc7, 0x0,
    0x1e, 0xe, 0x11, 0xe0, 0x4, 0xe4, 0xf1, 0x0,
    0x1e, 0xe, 0x11, 0xe0, 0x0, 0xbf, 0x80, 0x0,
    0x1e, 0xe, 0x11, 0xe0, 0x0, 0xaf, 0x80, 0x0,
    0x1f, 0xff, 0xff, 0xe0, 0xa, 0xe5, 0xf8, 0x0,
    0x1e, 0x11, 0x11, 0x13, 0xde, 0x20, 0x4f, 0xd5,
    0x1e, 0x0, 0x0, 0x8f, 0xb1, 0x0, 0x3, 0xd8,
    0x0, 0x0, 0x0, 0x25, 0x0, 0x0, 0x0, 0x0,

    /* U+754E "畎" */
    0x0, 0x0, 0x0, 0x0, 0x0, 0x0, 0x0, 0x0,
    0x0, 0x0, 0x0, 0x0, 0x0, 0xe3, 0x20, 0x0,
    0x1f, 0xff, 0xff, 0xe0, 0x0, 0xe3, 0x9c, 0x10,
    0x1e, 0x1e, 0x23, 0xe0, 0x0, 0xe3, 0xa, 0xa0,
    0x1e, 0xe, 0x12, 0xe0, 0x0, 0xf3, 0x0, 0x10,
    0x1e, 0xe, 0x12, 0xea, 0xdd, 0xfe, 0xdd, 0xd6,
    0x1e, 0xe, 0x12, 0xe3, 0x45, 0xf8, 0x44, 0x41,
    0x1f, 0xff, 0xff, 0xe0, 0x4, 0xf9, 0x0, 0x0,
    0x1e, 0x1e, 0x33, 0xe0, 0x7, 0xdd, 0x0, 0x0,
    0x1e, 0xe, 0x12, 0xe0, 0xb, 0x6e, 0x20, 0x0,
    0x1e, 0xe, 0x12, 0xe0, 0x1f, 0x2a, 0x90, 0x0,
    0x1e, 0xe, 0x12, 0xe0, 0x7c, 0x3, 0xe0, 0x0,
    0x1f, 0x4f, 0x55, 0xe1, 0xf5, 0x0, 0xc9, 0x0,
    0x1f, 0xcc, 0xcc, 0xba, 0xc0, 0x0, 0x3f, 0x40,
    0x1a, 0x0, 0x0, 0x9f, 0x20, 0x0, 0x8, 0xf4,
    0x0, 0x0, 0x0, 0xa4, 0x0, 0x0, 0x0, 0xa2,
    0x0, 0x0, 0x0, 0x0, 0x0, 0x0, 0x0, 0x0,

    /* U+755B "畛" */
    0x0, 0x0, 0x0, 0x0, 0x0, 0x22, 0x0, 0x0,
    0x0, 0x0, 0x0, 0x0, 0x1, 0xfb, 0x0, 0x0,
    0x1f, 0xff, 0xff, 0x40, 0xa, 0xae, 0x50, 0x0,
    0x1e, 0x1e, 0x3c, 0x40, 0x7e, 0x14, 0xf3, 0x0,
    0x1e, 0xe, 0x1b, 0x46, 0xf3, 0x0, 0x6f, 0x50,
    0x1e, 0xe, 0x1b, 0xbf, 0x40, 0x4d, 0x15, 0xf8,
    0x1e, 0xe, 0x1b, 0x83, 0x6, 0xf5, 0x0, 0x22,
    0x1f, 0xdf, 0xdf, 0x41, 0xbe, 0x30, 0x54, 0x0,
    0x1f, 0x3f, 0x4c, 0x4d, 0xa1, 0x5, 0xf4, 0x0,
    0x1e, 0xe, 0x1b, 0x41, 0x0, 0x8f, 0x40, 0x0,
    0x1e, 0xe, 0x1b, 0x40, 0x2c, 0xe3, 0x2, 0xd2,
    0x1e, 0xe, 0x1b, 0x47, 0xfa, 0x10, 0x3e, 0x80,
    0x1e, 0x2e, 0x3c, 0x44, 0x40, 0x8, 0xf7, 0x0,
    0x1f, 0xee, 0xee, 0x40, 0x6, 0xed, 0x30, 0x0,
    0x1b, 0x0, 0x0, 0x39, 0xee, 0x60, 0x0, 0x0,
    0x0, 0x0, 0x0, 0x4a, 0x50, 0x0, 0x0, 0x0,

    /* U+7572 "畲" */
    0x0, 0x0, 0x0, 0x1, 0x20, 0x0, 0x0, 0x0,
    0x0, 0x0, 0x0, 0x5e, 0xf5, 0x0, 0x0, 0x0,
    0x0, 0x0, 0x2b, 0xe3, 0x3e, 0xa2, 0x0, 0x0,
    0x0, 0x29, 0xf9, 0x10, 0x1, 0xaf, 0xa3, 0x0,
    0x4b, 0xfa, 0x5e, 0xee, 0xee, 0xe4, 0xaf, 0xe6,
    0x49, 0x42, 0x22, 0x22, 0x22, 0x22, 0x23, 0x73,
    0x0, 0xde, 0xee, 0xee, 0xfe, 0xee, 0xea, 0x0,
    0x0, 0x5, 0xc2, 0x5, 0xc0, 0x1c, 0x71, 0x0,
    0x17, 0xed, 0x6a, 0xae, 0x90, 0x6, 0xcf, 0xa2,
    0x2c, 0x72, 0x27, 0x98, 0x32, 0x22, 0x24, 0xa2,
    0x0, 0xbe, 0xdd, 0xde, 0xed, 0xdd, 0xea, 0x0,
    0x0, 0xb7, 0x0, 0x9, 0x80, 0x0, 0x7a, 0x0,
    0x0, 0xbf, 0xff, 0xff, 0xff, 0xff, 0xfa, 0x0,
    0x0, 0xb7, 0x0, 0x9, 0x80, 0x0, 0x7a, 0x0,
    0x0, 0xbe, 0xcc, 0xce, 0xec, 0xcc, 0xea, 0x0,
    0x0, 0xb8, 0x33, 0x33, 0x33, 0x33, 0x9a, 0x0,

    /* U+7579 "畹" */
    0x0, 0x0, 0x0, 0x0, 0x0, 0x0, 0x0, 0x0,
    0x0, 0x0, 0x0, 0x0, 0xc4, 0x0, 0x0, 0xaa,
    0xaa, 0x62, 0x44, 0x49, 0xa4, 0x44, 0x1f, 0x5e,
    0x7a, 0xbd, 0xdd, 0xdd, 0xdd, 0xe6, 0xf0, 0xe3,
    0xab, 0x40, 0x0, 0x0, 0x9, 0x6f, 0xe, 0x3a,
    0x38, 0xc3, 0x22, 0x44, 0x72, 0xf0, 0xe3, 0xa0,
    0xcb, 0xbd, 0x9b, 0x9f, 0x1f, 0xff, 0xfa, 0x2e,
    0x4, 0xc9, 0x50, 0xe0, 0xf0, 0xe3, 0xaa, 0x80,
    0x6a, 0x95, 0xf, 0xf, 0xe, 0x3d, 0xe5, 0xa,
    0x79, 0x50, 0xf0, 0xf0, 0xe3, 0xc4, 0xbc, 0xf3,
    0x99, 0xcd, 0xf, 0xe, 0x3a, 0x0, 0xce, 0x9,
    0x65, 0x32, 0xfe, 0xfe, 0xa0, 0x1e, 0x80, 0x95,
    0x3, 0xcf, 0x11, 0x10, 0x9, 0xd0, 0x9, 0x50,
    0x4a, 0x50, 0x0, 0x8, 0xf4, 0x0, 0x88, 0x9,
    0x80, 0x0, 0x2, 0xf4, 0x0, 0x3, 0xef, 0xd1,
    0x0, 0x0, 0x1, 0x0, 0x0, 0x0, 0x0, 0x0,

    /* U+7583 "疃" */
    0x0, 0x0, 0x0, 0x0, 0x3, 0x0, 0x0, 0x0,
    0x0, 0x0, 0x0, 0x0, 0xd6, 0x0, 0x0, 0xee,
    0xee, 0xb4, 0xee, 0xef, 0xfe, 0xee, 0x4f, 0xe,
    0x2d, 0x0, 0xb3, 0x0, 0x78, 0x0, 0xf0, 0xe1,
    0xd0, 0x7, 0x90, 0xe, 0x40, 0xf, 0xe, 0x1d,
    0xbf, 0xff, 0xff, 0xff, 0xfa, 0xf0, 0xe1, 0xd0,
    0x0, 0x0, 0x0, 0x0, 0xf, 0x8f, 0x9d, 0x1f,
    0xcc, 0xee, 0xcc, 0xe0, 0xf6, 0xf7, 0xd1, 0xe1,
    0x19, 0x71, 0x2e, 0xf, 0xe, 0x1d, 0x1f, 0xbb,
    0xed, 0xbb, 0xe0, 0xf0, 0xe1, 0xd1, 0xe2, 0x2a,
    0x82, 0x3e, 0xf, 0xe, 0x1d, 0x1f, 0xaa, 0xdc,
    0xaa, 0xe0, 0xf7, 0xf8, 0xd0, 0x22, 0x2a, 0x82,
    0x22, 0xf, 0x88, 0x86, 0x4c, 0xcc, 0xed, 0xcc,
    0xc2, 0x50, 0x0, 0x0, 0x0, 0x9, 0x60, 0x0,
    0x0, 0x0, 0x0, 0xee, 0xee, 0xff, 0xee, 0xeb,

    /* U+758B "疋" */
    0xe, 0xff, 0xff, 0xff, 0xff, 0xff, 0xff, 0xf2,
    0x2, 0x33, 0x33, 0x37, 0xe3, 0x33, 0x37, 0xe0,
    0x0, 0x0, 0x0, 0x5, 0xe0, 0x0, 0xb, 0x80,
    0x0, 0x3, 0x0, 0x5, 0xe0, 0x0, 0x1d, 0x20,
    0x0, 0x1f, 0x20, 0x5, 0xe0, 0x0, 0x0, 0x0,
    0x0, 0x1f, 0x20, 0x5, 0xe3, 0x33, 0x33, 0x20,
    0x0, 0x2f, 0x10, 0x5, 0xff, 0xff, 0xff, 0xb0,
    0x0, 0x4f, 0x0, 0x5, 0xe0, 0x0, 0x0, 0x0,
    0x0, 0x6d, 0x0, 0x5, 0xe0, 0x0, 0x0, 0x0,
    0x0, 0xae, 0x0, 0x5, 0xe0, 0x0, 0x0, 0x0,
    0x1, 0xff, 0x80, 0x5, 0xe0, 0x0, 0x0, 0x0,
    0x8, 0xd3, 0xf5, 0x5, 0xe0, 0x0, 0x0, 0x0,
    0x4f, 0x60, 0x5f, 0xa9, 0xe3, 0x33, 0x33, 0x43,
    0xba, 0x0, 0x2, 0xad, 0xff, 0xff, 0xff, 0xf8,
    0x20, 0x0, 0x0, 0x0, 0x0, 0x0, 0x0, 0x0,

    /* U+7592 "疒" */
    0x0, 0x0, 0x0, 0x0, 0x0, 0x0, 0x0, 0x0,
    0x0, 0x0, 0x0, 0x0, 0xa9, 0x0, 0x0, 0x0,
    0x0, 0x4, 0x44, 0x44, 0x7f, 0x54, 0x44, 0x43,
    0x0, 0xf, 0xff, 0xff, 0xff, 0xff, 0xff, 0xfb,
    0x56, 0xf, 0x40, 0x0, 0x0, 0x0, 0x0, 0x0,
    0x5e, 0xf, 0x40, 0x0, 0x0, 0x0, 0x0, 0x0,
    0xf, 0x5f, 0x40, 0x0, 0x0, 0x0, 0x0, 0x0,
    0x9, 0x5f, 0x30, 0x0, 0x0, 0x0, 0x0, 0x0,
    0x0, 0x2f, 0x30, 0x0, 0x0, 0x0, 0x0, 0x0,
    0x19, 0xff, 0x20, 0x0, 0x0, 0x0, 0x0, 0x0,
    0xac, 0x4f, 0x10, 0x0, 0x0, 0x0, 0x0, 0x0,
    0x10, 0x4f, 0x0, 0x0, 0x0, 0x0, 0x0, 0x0,
    0x0, 0x7d, 0x0, 0x0, 0x0, 0x0, 0x0, 0x0,
    0x0, 0xc9, 0x0, 0x0, 0x0, 0x0, 0x0, 0x0,
    0x3, 0xf4, 0x0, 0x0, 0x0, 0x0, 0x0, 0x0,
    0xa, 0xc0, 0x0, 0x0, 0x0, 0x0, 0x0, 0x0,
    0x1, 0x20, 0x0, 0x0, 0x0, 0x0, 0x0, 0x0,

    /* U+7594 "疔" */
    0x0, 0x0, 0x0, 0x0, 0x0, 0x0, 0x0, 0x0,
    0x0, 0x0, 0x0, 0x0, 0xe4, 0x0, 0x0, 0x0,
    0x0, 0x14, 0x44, 0x44, 0xbc, 0x44, 0x44, 0x42,
    0x0, 0x4f, 0xdd, 0xdd, 0xdd, 0xdd, 0xdd, 0xd6,
    0x53, 0x4f, 0x0, 0x0, 0x0, 0x0, 0x0, 0x0,
    0x7b, 0x4f, 0x0, 0x0, 0x0, 0x0, 0x0, 0x0,
    0x1f, 0x5f, 0x2f, 0xff, 0xff, 0xff, 0xff, 0xf7,
    0x5, 0x5f, 0x2, 0x22, 0x23, 0xf3, 0x22, 0x21,
    0x0, 0x7e, 0x0, 0x0, 0x1, 0xf1, 0x0, 0x0,
    0x3c, 0xfd, 0x0, 0x0, 0x1, 0xf1, 0x0, 0x0,
    0xa9, 0x8c, 0x0, 0x0, 0x1, 0xf1, 0x0, 0x0,
    0x0, 0xa8, 0x0, 0x0, 0x1, 0xf1, 0x0, 0x0,
    0x0, 0xf5, 0x0, 0x0, 0x1, 0xf1, 0x0, 0x0,
    0x7, 0xe0, 0x0, 0x0, 0x1, 0xf1, 0x0, 0x0,
    0x2f, 0x70, 0x0, 0x4, 0x38, 0xf0, 0x0, 0x0,
    0x7c, 0x0, 0x0, 0xc, 0xfe, 0x60, 0x0, 0x0,
    0x1, 0x0, 0x0, 0x0, 0x0, 0x0, 0x0, 0x0,

    /* U+7596 "疖" */
    0x0, 0x0, 0x0, 0x0, 0x0, 0x0, 0x0, 0x0,
    0x0, 0x0, 0x0, 0x0, 0xb8, 0x0, 0x0, 0x0,
    0x0, 0x15, 0x55, 0x55, 0x9f, 0x55, 0x55, 0x53,
    0x0, 0x4f, 0xcc, 0xcc, 0xcc, 0xcc, 0xcc, 0xc7,
    0x44, 0x4e, 0x0, 0x0, 0x0, 0x0, 0x0, 0x0,
    0x6c, 0x4e, 0x1, 0x22, 0x22, 0x22, 0x22, 0x20,
    0xf, 0x7e, 0xa, 0xff, 0xff, 0xff, 0xff, 0xf0,
    0x5, 0x5e, 0x0, 0x4, 0xe0, 0x0, 0x3, 0xf0,
    0x0, 0x6e, 0x0, 0x4, 0xe0, 0x0, 0x3, 0xf0,
    0x3c, 0xfd, 0x0, 0x4, 0xe0, 0x0, 0x4, 0xe0,
    0x89, 0x8b, 0x0, 0x4, 0xe0, 0x0, 0x5, 0xd0,
    0x0, 0xa8, 0x0, 0x4, 0xe0, 0x22, 0x2b, 0xb0,
    0x0, 0xf4, 0x0, 0x4, 0xe0, 0xbf, 0xfe, 0x30,
    0x7, 0xd0, 0x0, 0x4, 0xe0, 0x1, 0x10, 0x0,
    0x2f, 0x60, 0x0, 0x4, 0xe0, 0x0, 0x0, 0x0,
    0x4a, 0x0, 0x0, 0x4, 0xe0, 0x0, 0x0, 0x0,
    0x0, 0x0, 0x0, 0x0, 0x0, 0x0, 0x0, 0x0,

    /* U+759D "疝" */
    0x0, 0x0, 0x0, 0x0, 0x0, 0x0, 0x0, 0x0,
    0x0, 0x0, 0x0, 0x0, 0x9a, 0x0, 0x0, 0x0,
    0x0, 0x3, 0x33, 0x33, 0x5f, 0x43, 0x33, 0x32,
    0x0, 0x4f, 0xff, 0xff, 0xff, 0xff, 0xff, 0xfa,
    0x44, 0x4e, 0x0, 0x0, 0x1, 0x50, 0x0, 0x0,
    0x6c, 0x4e, 0x0, 0x0, 0x3, 0xe0, 0x0, 0x0,
    0x1f, 0x6e, 0x1, 0x40, 0x3, 0xe0, 0x1, 0x50,
    0x7, 0x6e, 0x5, 0xc0, 0x3, 0xe0, 0x3, 0xe0,
    0x0, 0x5e, 0x5, 0xc0, 0x3, 0xe0, 0x3, 0xe0,
    0x2a, 0xfd, 0x5, 0xc0, 0x3, 0xe0, 0x3, 0xe0,
    0x9b, 0x9c, 0x5, 0xc0, 0x3, 0xe0, 0x3, 0xe0,
    0x10, 0x99, 0x5, 0xc0, 0x3, 0xe0, 0x3, 0xe0,
    0x0, 0xe5, 0x5, 0xc0, 0x3, 0xe0, 0x3, 0xe0,
    0x6, 0xe0, 0x5, 0xd3, 0x36, 0xe3, 0x35, 0xe0,
    0x1e, 0x80, 0x5, 0xff, 0xff, 0xff, 0xff, 0xe0,
    0x6d, 0x0, 0x0, 0x0, 0x0, 0x0, 0x3, 0xe0,
    0x1, 0x0, 0x0, 0x0, 0x0, 0x0, 0x0, 0x0,

    /* U+75A0 "疠" */
    0x0, 0x0, 0x0, 0x0, 0x44, 0x0, 0x0, 0x0,
    0x0, 0x0, 0x0, 0x0, 0x7d, 0x0, 0x0, 0x0,
    0x0, 0x3c, 0xcc, 0xcc, 0xdf, 0xdc, 0xcc, 0xc6,
    0x1, 0x4f, 0x55, 0x55, 0x55, 0x55, 0x55, 0x52,
    0x7a, 0x4e, 0x0, 0x0, 0x0, 0x0, 0x0, 0x0,
    0x2f, 0x5e, 0x25, 0x55, 0x55, 0x55, 0x55, 0x53,
    0xd, 0xae, 0x5d, 0xdd, 0xfd, 0xdd, 0xdd, 0xd7,
    0x3, 0x5e, 0x0, 0x4, 0xe0, 0x0, 0x0, 0x0,
    0x0, 0x5e, 0x0, 0x5, 0xe2, 0x22, 0x22, 0x10,
    0x2a, 0xfd, 0x0, 0x7, 0xff, 0xff, 0xff, 0x50,
    0x9b, 0x9b, 0x0, 0xa, 0x90, 0x0, 0xd, 0x50,
    0x10, 0x98, 0x0, 0xe, 0x50, 0x0, 0xe, 0x40,
    0x0, 0xe4, 0x0, 0x7e, 0x0, 0x0, 0xf, 0x30,
    0x5, 0xe0, 0x3, 0xf6, 0x0, 0x0, 0xf, 0x20,
    0xd, 0x80, 0x4f, 0x90, 0x3, 0x43, 0x9e, 0x0,
    0x6d, 0x0, 0xc8, 0x0, 0x8, 0xff, 0xd4, 0x0,
    0x1, 0x0, 0x0, 0x0, 0x0, 0x0, 0x0, 0x0,

    /* U+75A3 "疣" */
    0x0, 0x0, 0x0, 0x0, 0x0, 0x0, 0x0, 0x0,
    0x0, 0x0, 0x0, 0x0, 0xd5, 0x0, 0x0, 0x0,
    0x0, 0x15, 0x55, 0x55, 0xbd, 0x55, 0x55, 0x53,
    0x0, 0x4f, 0xcc, 0xcc, 0xcc, 0xcc, 0xcc, 0xc7,
    0x65, 0x4e, 0x0, 0x0, 0xf3, 0x7, 0x50, 0x0,
    0x5c, 0x4e, 0x0, 0x0, 0xf3, 0x3, 0xdb, 0x10,
    0xf, 0x7e, 0x1, 0x11, 0xf3, 0x11, 0x18, 0x10,
    0x5, 0x5e, 0x8f, 0xff, 0xff, 0xff, 0xff, 0xf7,
    0x0, 0x6e, 0x1, 0x15, 0xe1, 0xf3, 0x11, 0x10,
    0x2b, 0xfd, 0x0, 0x8, 0xb0, 0xf2, 0x0, 0x0,
    0x9b, 0x9c, 0x0, 0xd, 0x70, 0xf2, 0x0, 0x0,
    0x10, 0x99, 0x0, 0x5f, 0x10, 0xf2, 0x0, 0x47,
    0x0, 0xe5, 0x0, 0xd9, 0x0, 0xf2, 0x0, 0x6c,
    0x5, 0xf1, 0xa, 0xe1, 0x0, 0xf2, 0x0, 0x8a,
    0xd, 0x90, 0xaf, 0x30, 0x0, 0xf8, 0x34, 0xd7,
    0x6e, 0x19, 0xf4, 0x0, 0x0, 0x8f, 0xff, 0xb0,
    0x3, 0x1, 0x20, 0x0, 0x0, 0x0, 0x0, 0x0,

    /* U+75AC "疬" */
    0x0, 0x0, 0x0, 0x0, 0x0, 0x0, 0x0, 0x0,
    0x0, 0x0, 0x0, 0x0, 0xa9, 0x0, 0x0, 0x0,
    0x0, 0x15, 0x55, 0x55, 0x9f, 0x65, 0x55, 0x53,
    0x0, 0x4f, 0xcc, 0xcc, 0xcc, 0xcc, 0xcc, 0xc8,
    0x58, 0x4e, 0x0, 0x0, 0x0, 0x0, 0x0, 0x0,
    0x3f, 0x4e, 0x3, 0xff, 0xff, 0xff, 0xff, 0xf7,
    0xd, 0x9e, 0x3, 0xe1, 0x11, 0x11, 0x11, 0x10,
    0x4, 0x5e, 0x3, 0xe0, 0x0, 0xf2, 0x0, 0x0,
    0x0, 0x5e, 0x3, 0xe0, 0x22, 0xf3, 0x22, 0x20,
    0x19, 0xfd, 0x4, 0xd3, 0xff, 0xff, 0xff, 0xf0,
    0x9c, 0xac, 0x5, 0xc0, 0x3, 0xe0, 0x1, 0xf0,
    0x10, 0x98, 0x8, 0xa0, 0x7, 0xb0, 0x2, 0xf0,
    0x0, 0xe5, 0xb, 0x70, 0xd, 0x50, 0x3, 0xe0,
    0x6, 0xe0, 0x1f, 0x30, 0x7e, 0x0, 0x4, 0xd0,
    0x1e, 0x70, 0x8d, 0x5, 0xf4, 0x12, 0x2a, 0xa0,
    0x6d, 0x0, 0xe5, 0xd, 0x60, 0x6f, 0xfd, 0x20,
    0x1, 0x0, 0x10, 0x0, 0x0, 0x0, 0x0, 0x0,

    /* U+75B0 "疰" */
    0x0, 0x0, 0x0, 0x0, 0x0, 0x0, 0x0, 0x0,
    0x0, 0x0, 0x0, 0x0, 0x8b, 0x0, 0x0, 0x0,
    0x0, 0x14, 0x44, 0x44, 0x6f, 0x64, 0x44, 0x43,
    0x0, 0x4f, 0xdd, 0xdd, 0xde, 0xed, 0xdd, 0xdc,
    0x44, 0x4f, 0x0, 0x0, 0xa, 0xa0, 0x0, 0x0,
    0x6c, 0x4f, 0x0, 0x0, 0x2, 0xd3, 0x0, 0x0,
    0xf, 0x7f, 0x4f, 0xff, 0xff, 0xff, 0xff, 0xf7,
    0x5, 0x5f, 0x0, 0x0, 0x7, 0xc0, 0x0, 0x0,
    0x0, 0x7e, 0x0, 0x0, 0x7, 0xc0, 0x0, 0x0,
    0x4d, 0xfd, 0x0, 0x11, 0x17, 0xc1, 0x11, 0x10,
    0x98, 0x7c, 0xa, 0xff, 0xff, 0xff, 0xff, 0xe0,
    0x0, 0x9a, 0x0, 0x0, 0x7, 0xc0, 0x0, 0x0,
    0x0, 0xd7, 0x0, 0x0, 0x7, 0xc0, 0x0, 0x0,
    0x3, 0xf2, 0x0, 0x0, 0x7, 0xc0, 0x0, 0x0,
    0xc, 0xc0, 0xff, 0xff, 0xff, 0xff, 0xff, 0xfe,
    0xb, 0x30, 0x22, 0x22, 0x22, 0x22, 0x22, 0x22,
    0x0, 0x0, 0x0, 0x0, 0x0, 0x0, 0x0, 0x0,

    /* U+75B1 "疱" */
    0x0, 0x0, 0x0, 0x0, 0x5, 0x0, 0x0, 0x0,
    0x0, 0x0, 0x0, 0x0, 0x1, 0xe7, 0x0, 0x0,
    0x0, 0x0, 0xa, 0xff, 0xff, 0xff, 0xff, 0xff,
    0xff, 0x60, 0x0, 0xb7, 0x22, 0x65, 0x22, 0x22,
    0x22, 0x20, 0xa, 0x2b, 0x60, 0xd, 0x71, 0x11,
    0x11, 0x10, 0x0, 0x98, 0xb6, 0x5, 0xff, 0xff,
    0xff, 0xff, 0x20, 0x4, 0xdb, 0x60, 0xd6, 0x0,
    0x0, 0x0, 0xf2, 0x0, 0x8, 0xb6, 0x8e, 0x44,
    0x44, 0x40, 0xf, 0x10, 0x0, 0xc, 0xaf, 0xfc,
    0xcc, 0xcf, 0x20, 0xf1, 0x0, 0x5c, 0xf5, 0x3e,
    0x20, 0x0, 0xe2, 0x1f, 0x0, 0xd, 0x7d, 0x40,
    0xe9, 0x77, 0x7f, 0x21, 0xf0, 0x0, 0x0, 0xf2,
    0xe, 0x87, 0x77, 0x71, 0x5e, 0x0, 0x0, 0x3f,
    0x0, 0xe2, 0x0, 0x4f, 0xef, 0x79, 0x70, 0x8,
    0xb0, 0xe, 0x20, 0x0, 0x33, 0x10, 0xc6, 0x1,
    0xe5, 0x0, 0xe6, 0x11, 0x11, 0x11, 0x4f, 0x30,
    0x7d, 0x0, 0x7, 0xff, 0xff, 0xff, 0xff, 0x90,
    0x0, 0x30, 0x0, 0x0, 0x0, 0x0, 0x0, 0x0,
    0x0,

    /* U+75B3 "疳" */
    0x0, 0x0, 0x0, 0x0, 0x0, 0x0, 0x0, 0x0,
    0x0, 0x0, 0x0, 0x0, 0xb8, 0x0, 0x0, 0x0,
    0x0, 0x3, 0x33, 0x33, 0x7f, 0x43, 0x33, 0x33,
    0x0, 0x4f, 0xee, 0xee, 0xee, 0xee, 0xee, 0xed,
    0x48, 0x4e, 0x0, 0xd2, 0x0, 0x0, 0x3c, 0x0,
    0x3e, 0x4e, 0x0, 0xf3, 0x0, 0x0, 0x4e, 0x0,
    0xf, 0x7e, 0xaf, 0xff, 0xff, 0xff, 0xff, 0xfb,
    0x3, 0x4e, 0x12, 0xf4, 0x22, 0x22, 0x5e, 0x21,
    0x0, 0x6e, 0x0, 0xf3, 0x0, 0x0, 0x4e, 0x0,
    0x2b, 0xfd, 0x0, 0xf3, 0x11, 0x11, 0x4e, 0x0,
    0x6b, 0x9c, 0x0, 0xff, 0xff, 0xff, 0xfe, 0x0,
    0x0, 0x99, 0x0, 0xf3, 0x0, 0x0, 0x4e, 0x0,
    0x0, 0xe5, 0x0, 0xf3, 0x0, 0x0, 0x4e, 0x0,
    0x5, 0xf0, 0x0, 0xf3, 0x0, 0x0, 0x4e, 0x0,
    0x1e, 0x80, 0x0, 0xff, 0xff, 0xff, 0xfe, 0x0,
    0x1a, 0x0, 0x0, 0xf4, 0x11, 0x11, 0x5e, 0x0,
    0x0, 0x0, 0x0, 0x0, 0x0, 0x0, 0x0, 0x0,

    /* U+75B4 "疴" */
    0x0, 0x0, 0x0, 0x0, 0x0, 0x0, 0x0, 0x0,
    0x0, 0x0, 0x0, 0x0, 0xa9, 0x0, 0x0, 0x0,
    0x0, 0x15, 0x55, 0x55, 0x8f, 0x55, 0x55, 0x53,
    0x0, 0x4f, 0xcc, 0xcc, 0xcc, 0xcc, 0xcc, 0xc8,
    0x35, 0x4e, 0x0, 0x0, 0x0, 0x0, 0x0, 0x0,
    0x5c, 0x4e, 0x14, 0x44, 0x44, 0x44, 0x44, 0x42,
    0x1f, 0x5e, 0x3c, 0xcc, 0xcc, 0xcc, 0xcf, 0xd7,
    0x6, 0x5e, 0x0, 0x0, 0x0, 0x0, 0x1f, 0x20,
    0x0, 0x9e, 0x3, 0xee, 0xee, 0xe1, 0x1f, 0x20,
    0x5e, 0xfd, 0x3, 0xe2, 0x23, 0xf1, 0x1f, 0x20,
    0x88, 0x7c, 0x3, 0xe0, 0x0, 0xf1, 0x1f, 0x20,
    0x0, 0xa9, 0x3, 0xe1, 0x12, 0xf1, 0x1f, 0x20,
    0x0, 0xf5, 0x3, 0xff, 0xff, 0xf1, 0x1f, 0x20,
    0x6, 0xe0, 0x2, 0x80, 0x0, 0x0, 0x1f, 0x10,
    0x1e, 0x80, 0x0, 0x0, 0x1, 0x43, 0x8f, 0x0,
    0x6d, 0x0, 0x0, 0x0, 0x3, 0xff, 0xe7, 0x0,
    0x1, 0x0, 0x0, 0x0, 0x0, 0x0, 0x0, 0x0,

    /* U+75B8 "疸" */
    0x0, 0x0, 0x0, 0x0, 0x0, 0x0, 0x0, 0x0,
    0x0, 0x0, 0x0, 0x0, 0x8a, 0x0, 0x0, 0x0,
    0x0, 0x14, 0x44, 0x44, 0x6f, 0x54, 0x44, 0x43,
    0x0, 0x4f, 0xdd, 0xdd, 0xdd, 0xdd, 0xdd, 0xda,
    0x28, 0x4e, 0x0, 0x0, 0x0, 0x0, 0x0, 0x0,
    0x1f, 0x5e, 0x4, 0xff, 0xff, 0xff, 0xff, 0x40,
    0xc, 0xae, 0x4, 0xd1, 0x11, 0x11, 0x1e, 0x40,
    0x3, 0x5e, 0x4, 0xd0, 0x0, 0x0, 0xe, 0x40,
    0x0, 0x8e, 0x4, 0xfc, 0xcc, 0xcc, 0xcf, 0x40,
    0x4e, 0xfd, 0x4, 0xe3, 0x33, 0x33, 0x3f, 0x40,
    0x6a, 0x8b, 0x4, 0xd0, 0x0, 0x0, 0xe, 0x40,
    0x0, 0xa8, 0x4, 0xd1, 0x11, 0x11, 0x1e, 0x40,
    0x0, 0xe5, 0x4, 0xff, 0xff, 0xff, 0xff, 0x40,
    0x6, 0xe0, 0x1, 0x40, 0x0, 0x0, 0x4, 0x10,
    0x2f, 0x83, 0xcc, 0xcc, 0xcc, 0xcc, 0xcc, 0xc9,
    0x9, 0x1, 0x44, 0x44, 0x44, 0x44, 0x44, 0x43,

    /* U+75C2 "痂" */
    0x0, 0x0, 0x0, 0x0, 0x5, 0x0, 0x0, 0x0,
    0x0, 0x0, 0x0, 0x0, 0x1, 0xe6, 0x0, 0x0,
    0x0, 0x0, 0xa, 0xff, 0xff, 0xff, 0xff, 0xff,
    0xff, 0x60, 0x0, 0xb7, 0x23, 0x22, 0x22, 0x22,
    0x22, 0x20, 0x8, 0x1b, 0x60, 0xc5, 0x0, 0x0,
    0x0, 0x0, 0x0, 0x98, 0xb6, 0x1c, 0x62, 0x20,
    0x8a, 0xaa, 0xa0, 0x3, 0xeb, 0x6d, 0xff, 0xff,
    0x3d, 0x86, 0x6f, 0x10, 0x5, 0xb6, 0xc, 0x40,
    0xd3, 0xd4, 0x0, 0xf1, 0x0, 0xc, 0x50, 0xc4,
    0xd, 0x3d, 0x40, 0xf, 0x10, 0x6e, 0xf4, 0xd,
    0x30, 0xe2, 0xd4, 0x0, 0xf1, 0xd, 0x7d, 0x30,
    0xf2, 0xe, 0x2d, 0x40, 0xf, 0x10, 0x0, 0xf1,
    0x1f, 0x0, 0xf2, 0xd4, 0x0, 0xf1, 0x0, 0x3e,
    0x6, 0xc0, 0xf, 0x1d, 0x40, 0xf, 0x10, 0x9,
    0x90, 0xc7, 0x0, 0xf1, 0xd7, 0x55, 0xf1, 0x2,
    0xf4, 0x4f, 0x21, 0x5f, 0xd, 0xdc, 0xcf, 0x10,
    0x6b, 0xc, 0x67, 0xff, 0x60, 0xd4, 0x0, 0xf1,
    0x0, 0x10, 0x10, 0x0, 0x0, 0x0, 0x0, 0x0,
    0x0,

    /* U+75C3 "痃" */
    0x0, 0x0, 0x0, 0x0, 0x23, 0x0, 0x0, 0x0,
    0x0, 0x0, 0x0, 0x0, 0x7e, 0x0, 0x0, 0x0,
    0x0, 0x3f, 0xff, 0xff, 0xff, 0xff, 0xff, 0xfc,
    0x0, 0x3e, 0x22, 0x22, 0x3d, 0x32, 0x22, 0x21,
    0x59, 0x3e, 0x0, 0x0, 0xa, 0x90, 0x0, 0x0,
    0x2f, 0x4e, 0x6e, 0xee, 0xee, 0xee, 0xee, 0xe8,
    0xc, 0x9e, 0x13, 0x33, 0xcc, 0x33, 0x33, 0x31,
    0x3, 0x5e, 0x0, 0x8, 0xd1, 0x0, 0x20, 0x0,
    0x0, 0x5e, 0x0, 0x5e, 0x20, 0x2, 0xea, 0x0,
    0x19, 0xfd, 0x6, 0xf4, 0x12, 0x3d, 0xa0, 0x0,
    0x8d, 0x9c, 0x1f, 0xff, 0xff, 0xf8, 0x0, 0x0,
    0x10, 0x79, 0x3, 0x20, 0x4e, 0x60, 0x11, 0x0,
    0x0, 0xb6, 0x0, 0x7, 0xe3, 0x0, 0x7b, 0x0,
    0x2, 0xf2, 0x2, 0xbc, 0x10, 0x1, 0x3f, 0x40,
    0xa, 0xb0, 0x1f, 0xfe, 0xef, 0xff, 0xee, 0xd0,
    0xc, 0x20, 0x6, 0x53, 0x21, 0x0, 0x0, 0xe3,
    0x0, 0x0, 0x0, 0x0, 0x0, 0x0, 0x0, 0x0,

    /* U+75C4 "痄" */
    0x0, 0x0, 0x0, 0x0, 0x0, 0x0, 0x0, 0x0,
    0x0, 0x0, 0x0, 0x0, 0xc7, 0x0, 0x0, 0x0,
    0x0, 0x4, 0x44, 0x44, 0x9f, 0x44, 0x44, 0x43,
    0x0, 0x3f, 0xdd, 0xdd, 0xdd, 0xdd, 0xdd, 0xda,
    0x43, 0x3f, 0x0, 0x3c, 0x0, 0x0, 0x0, 0x0,
    0x6c, 0x3f, 0x0, 0xab, 0x22, 0x22, 0x22, 0x21,
    0x1f, 0x5f, 0x1, 0xfe, 0xff, 0xee, 0xee, 0xe8,
    0x7, 0x5f, 0x9, 0xc0, 0xe4, 0x0, 0x0, 0x0,
    0x0, 0x5f, 0x4f, 0x40, 0xe5, 0x11, 0x11, 0x10,
    0x3b, 0xfe, 0x8a, 0x0, 0xef, 0xff, 0xff, 0xe0,
    0x99, 0x6d, 0x0, 0x0, 0xe4, 0x0, 0x0, 0x0,
    0x0, 0x8b, 0x0, 0x0, 0xe4, 0x0, 0x0, 0x0,
    0x0, 0xc8, 0x0, 0x0, 0xef, 0xff, 0xff, 0xf1,
    0x2, 0xf3, 0x0, 0x0, 0xe5, 0x11, 0x11, 0x10,
    0xa, 0xd0, 0x0, 0x0, 0xe4, 0x0, 0x0, 0x0,
    0xb, 0x40, 0x0, 0x0, 0xe4, 0x0, 0x0, 0x0,
    0x0, 0x0, 0x0, 0x0, 0x0, 0x0, 0x0, 0x0,

    /* U+75CD "痍" */
    0x0, 0x0, 0x0, 0x0, 0x22, 0x0, 0x0, 0x0,
    0x0, 0x0, 0x0, 0x0, 0x8, 0xc0, 0x0, 0x0,
    0x0, 0x0, 0x4f, 0xff, 0xff, 0xff, 0xff, 0xff,
    0xfc, 0x0, 0x4, 0xe0, 0x0, 0x0, 0x31, 0x0,
    0x0, 0x0, 0x35, 0x4e, 0x46, 0x66, 0x6f, 0x86,
    0x66, 0x64, 0x4, 0xe4, 0xe3, 0x55, 0x55, 0xf7,
    0x55, 0x55, 0x30, 0xe, 0x9e, 0xa, 0xaa, 0xaf,
    0xba, 0xaa, 0xa0, 0x0, 0x34, 0xe0, 0x33, 0x33,
    0xe6, 0x33, 0x4f, 0x0, 0x0, 0x4d, 0x2, 0x33,
    0x3e, 0x53, 0x34, 0xf0, 0x4, 0xbf, 0xc0, 0xdb,
    0xbb, 0xfb, 0xbb, 0xb9, 0x0, 0x6b, 0x9b, 0xf,
    0x32, 0x3f, 0x32, 0x22, 0x21, 0x1, 0xb, 0x71,
    0xcc, 0xcd, 0xfd, 0xcc, 0xcd, 0xb0, 0x0, 0xf4,
    0x0, 0x0, 0xbd, 0xc0, 0x22, 0x7a, 0x0, 0x7e,
    0x0, 0x0, 0x9e, 0x1b, 0xb7, 0xcc, 0x30, 0x1e,
    0x70, 0x6, 0xdd, 0x20, 0x9, 0xf9, 0x30, 0x3,
    0xc0, 0x2f, 0xe7, 0x0, 0x0, 0x3, 0xbf, 0xc0,
    0x0, 0x0, 0x30, 0x0, 0x0, 0x0, 0x0, 0x1,
    0x0,

    /* U+75D6 "痖" */
    0x0, 0x0, 0x0, 0x0, 0x34, 0x0, 0x0, 0x0,
    0x0, 0x0, 0x0, 0x0, 0x7e, 0x0, 0x0, 0x0,
    0x0, 0x3c, 0xcc, 0xcc, 0xcf, 0xdc, 0xcc, 0xc8,
    0x0, 0x4f, 0x55, 0x55, 0x55, 0x55, 0x55, 0x53,
    0x69, 0x4e, 0x0, 0x0, 0x0, 0x0, 0x0, 0x0,
    0x4e, 0x4e, 0x4f, 0xff, 0xff, 0xff, 0xff, 0xf6,
    0xf, 0x6e, 0x1, 0x14, 0xf1, 0x1f, 0x31, 0x10,
    0x4, 0x5e, 0x16, 0x2, 0xf0, 0xf, 0x20, 0x20,
    0x0, 0x8d, 0x1f, 0x12, 0xf0, 0xf, 0x20, 0xe5,
    0x5d, 0xfc, 0xd, 0x62, 0xf0, 0xf, 0x22, 0xf1,
    0x88, 0x9a, 0x9, 0xa2, 0xf0, 0xf, 0x27, 0xc0,
    0x0, 0xc6, 0x5, 0xe2, 0xf0, 0xf, 0x2c, 0x70,
    0x2, 0xf2, 0x2, 0xd4, 0xf0, 0xf, 0x4f, 0x10,
    0xa, 0xb0, 0x0, 0x2, 0xf0, 0xf, 0x21, 0x0,
    0x5f, 0x30, 0xde, 0xee, 0xfe, 0xef, 0xee, 0xeb,
    0x26, 0x0, 0x33, 0x33, 0x33, 0x33, 0x33, 0x32,

    /* U+75E3 "痣" */
    0x0, 0x0, 0x0, 0x0, 0x0, 0x0, 0x0, 0x0,
    0x0, 0x0, 0x0, 0x0, 0xa7, 0x0, 0x0, 0x0,
    0x0, 0x2, 0x22, 0x22, 0x5d, 0x22, 0x22, 0x21,
    0x0, 0x3f, 0xee, 0xee, 0xee, 0xee, 0xee, 0xea,
    0x39, 0x3e, 0x0, 0x0, 0xa, 0x40, 0x0, 0x0,
    0x1f, 0x3e, 0x2, 0x22, 0x2d, 0x72, 0x22, 0x21,
    0xe, 0x6e, 0x6f, 0xff, 0xff, 0xff, 0xff, 0xf6,
    0x6, 0x5e, 0x0, 0x0, 0xc, 0x50, 0x0, 0x0,
    0x0, 0x5e, 0x1, 0x22, 0x2d, 0x72, 0x22, 0x10,
    0x3b, 0xfd, 0xf, 0xff, 0xff, 0xff, 0xff, 0xc0,
    0x7d, 0x8c, 0x0, 0x0, 0x5, 0x0, 0x0, 0x0,
    0x20, 0x99, 0x2, 0x3, 0x1f, 0x30, 0x0, 0x30,
    0x0, 0xd6, 0x3f, 0x2f, 0x19, 0xb0, 0x76, 0xd0,
    0x3, 0xf1, 0x99, 0x1f, 0x11, 0x30, 0xf1, 0xe5,
    0xc, 0xa1, 0xf2, 0xf, 0x51, 0x16, 0xe0, 0x89,
    0x4f, 0x20, 0x20, 0x9, 0xff, 0xff, 0x70, 0x0,
    0x2, 0x0, 0x0, 0x0, 0x0, 0x0, 0x0, 0x0,

    /* U+75E4 "痤" */
    0x0, 0x0, 0x0, 0x0, 0x0, 0x0, 0x0, 0x0,
    0x0, 0x0, 0x0, 0x0, 0x5, 0xd0, 0x0, 0x0,
    0x0, 0x0, 0x3, 0x33, 0x33, 0x3e, 0x73, 0x33,
    0x33, 0x0, 0x4, 0xfe, 0xee, 0xee, 0xff, 0xee,
    0xee, 0xe0, 0x4c, 0x4e, 0x0, 0x42, 0x5, 0xd0,
    0x4, 0x0, 0x1, 0xf5, 0xe0, 0xc, 0x50, 0x5d,
    0x0, 0xf1, 0x0, 0xd, 0x9e, 0x2, 0xf6, 0x5,
    0xd0, 0x5f, 0x10, 0x0, 0x35, 0xe0, 0xab, 0xf3,
    0x5d, 0xc, 0xdb, 0x0, 0x0, 0x7e, 0x4f, 0x17,
    0xe6, 0xd6, 0xd1, 0xd8, 0x3, 0xcf, 0xd9, 0x70,
    0x8, 0x5d, 0xc4, 0x4, 0x90, 0x7a, 0x9b, 0x0,
    0x0, 0x5, 0xd0, 0x0, 0x0, 0x0, 0xb, 0x80,
    0xff, 0xff, 0xff, 0xff, 0xff, 0x70, 0x1, 0xf4,
    0x1, 0x11, 0x16, 0xd1, 0x11, 0x10, 0x0, 0x8d,
    0x0, 0x0, 0x0, 0x5d, 0x0, 0x0, 0x0, 0x2f,
    0x50, 0xdd, 0xdd, 0xde, 0xfd, 0xdd, 0xdd, 0x20,
    0x70, 0x4, 0x44, 0x44, 0x44, 0x44, 0x44, 0x40,

    /* U+75E6 "痦" */
    0x0, 0x0, 0x0, 0x0, 0x23, 0x0, 0x0, 0x0,
    0x0, 0x0, 0x0, 0x0, 0x8d, 0x0, 0x0, 0x0,
    0x0, 0x3f, 0xff, 0xff, 0xff, 0xff, 0xff, 0xff,
    0x0, 0x4e, 0x11, 0x11, 0x11, 0x11, 0x11, 0x11,
    0x49, 0x4e, 0x1e, 0xee, 0xee, 0xee, 0xee, 0xe5,
    0x1f, 0x4e, 0x3, 0x33, 0xf4, 0x33, 0x33, 0x31,
    0xc, 0x9e, 0x1, 0x35, 0xf3, 0x33, 0x33, 0x0,
    0x6, 0x8e, 0x6, 0xde, 0xfd, 0xdd, 0xde, 0x0,
    0x0, 0x5d, 0x0, 0x8, 0x90, 0x0, 0x3e, 0x0,
    0x2a, 0xfc, 0x7d, 0xdf, 0xed, 0xdd, 0xdf, 0xda,
    0x58, 0x7b, 0x1, 0x11, 0x11, 0x11, 0x11, 0x11,
    0x0, 0x88, 0x3, 0xff, 0xff, 0xff, 0xff, 0x80,
    0x0, 0xd5, 0x3, 0xe2, 0x22, 0x22, 0x29, 0x90,
    0x4, 0xf1, 0x3, 0xe0, 0x0, 0x0, 0x9, 0x90,
    0xd, 0xa0, 0x3, 0xff, 0xff, 0xff, 0xff, 0x90,
    0xa, 0x10, 0x3, 0xe1, 0x11, 0x11, 0x19, 0x90,
    0x0, 0x0, 0x0, 0x0, 0x0, 0x0, 0x0, 0x0,

    /* U+75E7 "痧" */
    0x0, 0x0, 0x0, 0x0, 0x10, 0x0, 0x0, 0x0,
    0x0, 0x0, 0x0, 0x0, 0xf5, 0x0, 0x0, 0x0,
    0x0, 0x8b, 0xbb, 0xbb, 0xee, 0xbb, 0xbb, 0xb5,
    0x0, 0xba, 0x56, 0x55, 0x55, 0x67, 0x55, 0x52,
    0x82, 0xb7, 0x3f, 0x50, 0x0, 0x4d, 0x0, 0x0,
    0x98, 0xb7, 0x5, 0xf3, 0x10, 0x4d, 0x3, 0x0,
    0x3e, 0xb7, 0x30, 0x20, 0xb7, 0x4d, 0x1f, 0x20,
    0x6, 0xb9, 0xf9, 0x1, 0xf2, 0x4d, 0x8, 0xb0,
    0x0, 0xc6, 0x3e, 0x86, 0xd0, 0x4d, 0x0, 0xe5,
    0x6e, 0xf5, 0x1, 0xc, 0x80, 0x4d, 0x5, 0x52,
    0xc6, 0xd4, 0x6, 0x83, 0x20, 0x4d, 0x7f, 0x20,
    0x0, 0xf2, 0xe, 0x70, 0x0, 0x5, 0xf5, 0x0,
    0x3, 0xf0, 0x6e, 0x0, 0x0, 0x5f, 0x70, 0x0,
    0x9, 0xa0, 0xe8, 0x0, 0x2a, 0xf6, 0x0, 0x0,
    0x2f, 0x47, 0xf1, 0x5a, 0xfc, 0x20, 0x0, 0x0,
    0x4b, 0x4, 0x60, 0xba, 0x40, 0x0, 0x0, 0x0,
    0x0, 0x0, 0x0, 0x0, 0x0, 0x0, 0x0, 0x0,

    /* U+75E8 "痨" */
    0x0, 0x0, 0x0, 0x0, 0x60, 0x0, 0x0, 0x0,
    0x0, 0x0, 0x0, 0x0, 0xd8, 0x0, 0x0, 0x0,
    0x0, 0x9e, 0xee, 0xee, 0xff, 0xee, 0xee, 0xe7,
    0x0, 0xb8, 0x33, 0x3c, 0x33, 0x3b, 0x53, 0x31,
    0xb3, 0xb7, 0x77, 0x7f, 0x77, 0x7f, 0x97, 0x71,
    0x7a, 0xb8, 0x99, 0xaf, 0x99, 0x9f, 0xb9, 0x92,
    0x2f, 0xb6, 0x0, 0xa, 0x0, 0x9, 0x20, 0x0,
    0x2, 0xb6, 0xce, 0xee, 0xee, 0xee, 0xee, 0xd0,
    0x2, 0xd5, 0xe5, 0x12, 0x93, 0x11, 0x14, 0xf0,
    0x9f, 0xf5, 0x72, 0x1, 0xf2, 0x0, 0x1, 0x70,
    0x93, 0xd4, 0xce, 0xee, 0xfe, 0xee, 0xee, 0x10,
    0x0, 0xf1, 0x12, 0x28, 0xd2, 0x22, 0x4f, 0x0,
    0x3, 0xe0, 0x0, 0xd, 0x70, 0x0, 0x4f, 0x0,
    0x9, 0xa0, 0x1, 0xbc, 0x0, 0x0, 0x6d, 0x0,
    0x2f, 0x40, 0x5e, 0xc1, 0x13, 0x23, 0xd9, 0x0,
    0x5b, 0x7, 0xf8, 0x0, 0x4f, 0xff, 0xb1, 0x0,
    0x1, 0x0, 0x10, 0x0, 0x0, 0x0, 0x0, 0x0,

    /* U+75EB "痫" */
    0x0, 0x0, 0x0, 0x1, 0x40, 0x0, 0x0, 0x0,
    0x0, 0x0, 0x0, 0x6, 0xf3, 0x0, 0x0, 0x0,
    0x0, 0xaf, 0xff, 0xff, 0xff, 0xff, 0xff, 0xf8,
    0x0, 0xb7, 0x11, 0x11, 0x11, 0x11, 0x11, 0x10,
    0x92, 0xb6, 0x9, 0x60, 0x11, 0x11, 0x11, 0x0,
    0x98, 0xb6, 0x3, 0xe2, 0xff, 0xff, 0xff, 0x40,
    0x3e, 0xb6, 0x3, 0x61, 0x0, 0x0, 0xd, 0x40,
    0x6, 0xb6, 0x2e, 0x0, 0xf, 0x0, 0xd, 0x40,
    0x0, 0xc5, 0x2e, 0x3b, 0xbf, 0xbb, 0x2d, 0x40,
    0x5d, 0xf4, 0x2e, 0x14, 0x9f, 0x54, 0x1d, 0x40,
    0xd8, 0xd3, 0x2e, 0x1, 0xdf, 0x80, 0xd, 0x40,
    0x10, 0xf1, 0x2e, 0xb, 0x6f, 0xba, 0xd, 0x40,
    0x3, 0xe0, 0x2e, 0xaa, 0xf, 0xb, 0x4d, 0x40,
    0x8, 0x90, 0x2e, 0x50, 0xf, 0x0, 0xd, 0x40,
    0x1f, 0x30, 0x2e, 0x0, 0xd, 0x10, 0x2f, 0x30,
    0x5a, 0x0, 0x2e, 0x0, 0x0, 0x6f, 0xfa, 0x0,
    0x0, 0x0, 0x0, 0x0, 0x0, 0x0, 0x0, 0x0,

    /* U+75F1 "痱" */
    0x0, 0x0, 0x0, 0x0, 0x0, 0x0, 0x0, 0x0,
    0x0, 0x0, 0x0, 0x0, 0x8a, 0x0, 0x0, 0x0,
    0x0, 0x2, 0x22, 0x22, 0x4e, 0x32, 0x22, 0x21,
    0x0, 0x4f, 0xff, 0xff, 0xff, 0xff, 0xff, 0xfc,
    0x16, 0x4e, 0x0, 0x2, 0x90, 0xa, 0x10, 0x0,
    0x1f, 0x5e, 0x0, 0x4, 0xe0, 0x1f, 0x10, 0x0,
    0xd, 0x9e, 0x7f, 0xff, 0xe0, 0x1f, 0xff, 0xf9,
    0x4, 0x6e, 0x1, 0x15, 0xe0, 0x1f, 0x31, 0x11,
    0x0, 0x7e, 0x0, 0x4, 0xe0, 0x1f, 0x10, 0x0,
    0x3d, 0xfd, 0x5f, 0xff, 0xe0, 0x1f, 0xff, 0xf6,
    0x58, 0x8c, 0x2, 0x25, 0xe0, 0x1f, 0x32, 0x20,
    0x0, 0xa9, 0x0, 0x4, 0xe0, 0x1f, 0x10, 0x0,
    0x0, 0xf5, 0xac, 0xcd, 0xe0, 0x1f, 0xdc, 0xcb,
    0x7, 0xe0, 0x44, 0x47, 0xe0, 0x1f, 0x54, 0x44,
    0x2f, 0x70, 0x0, 0x4, 0xe0, 0x1f, 0x10, 0x0,
    0x8, 0x0, 0x0, 0x4, 0xe0, 0x1f, 0x10, 0x0,

    /* U+75FC "痼" */
    0x0, 0x0, 0x0, 0x0, 0x5, 0x0, 0x0, 0x0,
    0x0, 0x0, 0x0, 0x0, 0x0, 0xd7, 0x0, 0x0,
    0x0, 0x0, 0xa, 0xff, 0xff, 0xff, 0xff, 0xff,
    0xff, 0x60, 0x0, 0xb6, 0x11, 0x11, 0x11, 0x11,
    0x11, 0x10, 0xc, 0x3b, 0x62, 0xcc, 0xcc, 0xcc,
    0xcc, 0xcb, 0x0, 0x89, 0xb6, 0x3d, 0x33, 0x3a,
    0x43, 0x35, 0xe0, 0x3, 0xeb, 0x63, 0xd0, 0x0,
    0xe1, 0x0, 0x2e, 0x0, 0x5, 0xb5, 0x3d, 0x7f,
    0xff, 0xff, 0xe2, 0xe0, 0x0, 0x2d, 0x53, 0xd0,
    0x0, 0xe1, 0x0, 0x2e, 0x0, 0xaf, 0xf4, 0x3d,
    0xc, 0xdf, 0xdd, 0x12, 0xe0, 0xb, 0x3e, 0x33,
    0xd0, 0xf1, 0x11, 0xe1, 0x2e, 0x0, 0x1, 0xf0,
    0x3d, 0xf, 0x0, 0xe, 0x12, 0xe0, 0x0, 0x5d,
    0x3, 0xd0, 0xfe, 0xee, 0xf1, 0x2e, 0x0, 0xc,
    0x80, 0x3d, 0x4, 0x0, 0x4, 0x2, 0xe0, 0x5,
    0xf2, 0x3, 0xff, 0xff, 0xff, 0xff, 0xfe, 0x0,
    0x38, 0x0, 0x3d, 0x0, 0x0, 0x0, 0x2, 0xe0,
    0x0, 0x0, 0x0, 0x0, 0x0, 0x0, 0x0, 0x0,
    0x0,

    /* U+75FF "痿" */
    0x0, 0x0, 0x0, 0x0, 0x6, 0x0, 0x0, 0x0,
    0x0, 0x0, 0x0, 0x0, 0x0, 0xd9, 0x0, 0x0,
    0x0, 0x0, 0xa, 0xee, 0xee, 0xef, 0xfe, 0xee,
    0xee, 0x70, 0x0, 0xb7, 0x22, 0x22, 0x22, 0x22,
    0x23, 0x21, 0xc, 0x3b, 0x62, 0xcc, 0xdd, 0xde,
    0xff, 0xf0, 0x0, 0x88, 0xb6, 0x5, 0x43, 0x3f,
    0x31, 0x0, 0x0, 0x4, 0xeb, 0x64, 0x44, 0x45,
    0xf5, 0x44, 0x44, 0x0, 0x8, 0xc6, 0xbb, 0xbc,
    0xff, 0xfb, 0xbb, 0xb1, 0x0, 0x1c, 0x50, 0x38,
    0xc6, 0xf7, 0xb7, 0x20, 0x0, 0x9f, 0xf5, 0xdc,
    0x63, 0x4e, 0x11, 0x7d, 0xe1, 0xc, 0x4d, 0x41,
    0x11, 0xc8, 0x11, 0x11, 0x13, 0x0, 0x0, 0xf5,
    0xff, 0xff, 0xff, 0xff, 0xff, 0xf3, 0x0, 0x4e,
    0x0, 0x3f, 0x30, 0x1, 0xe4, 0x0, 0x0, 0xa,
    0x90, 0x2, 0x8d, 0xc8, 0xe8, 0x0, 0x0, 0x3,
    0xf3, 0x0, 0x3, 0x7e, 0xed, 0xe9, 0x40, 0x0,
    0x5a, 0x0, 0xaf, 0xe9, 0x40, 0x3, 0x9e, 0x80,
    0x0, 0x0, 0x1, 0x10, 0x0, 0x0, 0x0, 0x0,
    0x0,

    /* U+7600 "瘀" */
    0x0, 0x0, 0x0, 0x0, 0x0, 0x0, 0x0, 0x0,
    0x0, 0x0, 0x0, 0x0, 0xc7, 0x0, 0x0, 0x0,
    0x0, 0x13, 0x33, 0x33, 0x8e, 0x33, 0x33, 0x32,
    0x0, 0x5f, 0xee, 0xee, 0xee, 0xee, 0xee, 0xe9,
    0x48, 0x5d, 0x0, 0x84, 0x0, 0x0, 0xb3, 0x0,
    0x2f, 0x5d, 0x0, 0x4e, 0x0, 0x6, 0xf9, 0x0,
    0xe, 0x9d, 0x8d, 0xde, 0xdd, 0xc, 0x5e, 0x20,
    0x0, 0x5d, 0x28, 0xd3, 0x33, 0x5e, 0x7, 0xb0,
    0x0, 0x9d, 0x6, 0xb0, 0x1, 0xe6, 0x0, 0xd7,
    0x4d, 0xfc, 0x7, 0xfe, 0xe9, 0xc3, 0x30, 0x39,
    0x58, 0x9b, 0x8, 0x93, 0xd5, 0x16, 0xf5, 0x0,
    0x0, 0xb9, 0xb, 0x60, 0xd4, 0x0, 0x6f, 0x60,
    0x0, 0xf5, 0xe, 0x30, 0xd4, 0x1, 0x6, 0x20,
    0x5, 0xf1, 0x5e, 0x0, 0xe3, 0x5e, 0x40, 0x0,
    0xd, 0xa0, 0xd7, 0x34, 0xf1, 0x8, 0xf8, 0x0,
    0x2d, 0x16, 0xc0, 0xbf, 0x90, 0x0, 0x4e, 0x90,
    0x0, 0x0, 0x10, 0x0, 0x0, 0x0, 0x2, 0x10,

    /* U+7603 "瘃" */
    0x0, 0x0, 0x0, 0x0, 0x0, 0x0, 0x0, 0x0,
    0x0, 0x0, 0x0, 0x0, 0x7, 0xb0, 0x0, 0x0,
    0x0, 0x0, 0x3, 0x33, 0x33, 0x4f, 0x53, 0x33,
    0x33, 0x0, 0x4, 0xfe, 0xee, 0xee, 0xee, 0xee,
    0xee, 0xd0, 0x27, 0x4e, 0x1, 0x11, 0x11, 0x11,
    0x11, 0x10, 0x1, 0xf5, 0xe2, 0xff, 0xff, 0xff,
    0xff, 0xff, 0x30, 0xd, 0x9e, 0x0, 0x3, 0xd7,
    0x0, 0x0, 0x20, 0x0, 0x56, 0xe0, 0x29, 0xed,
    0x70, 0x1, 0xae, 0x0, 0x0, 0x5e, 0x9f, 0x91,
    0x5f, 0x53, 0xdb, 0x10, 0x2, 0xaf, 0xd3, 0x1c,
    0x8e, 0x8f, 0xff, 0x10, 0x0, 0x6b, 0x9c, 0x2,
    0xcf, 0x31, 0xf7, 0xa7, 0x0, 0x0, 0x9, 0xbb,
    0xe8, 0xb6, 0xde, 0xb4, 0xe0, 0x0, 0x0, 0xe6,
    0x81, 0x4, 0xe9, 0x4d, 0xc, 0xa0, 0x0, 0x5f,
    0x10, 0x2a, 0xf6, 0x4, 0xd0, 0x3f, 0x90, 0x1e,
    0x92, 0xbf, 0xb4, 0x32, 0xba, 0x0, 0x57, 0x1,
    0xb0, 0x9, 0x30, 0x7f, 0xfc, 0x20, 0x0, 0x0,
    0x0, 0x0, 0x0, 0x0, 0x0, 0x0, 0x0, 0x0,
    0x0,

    /* U+7605 "瘅" */
    0x0, 0x0, 0x0, 0x0, 0x15, 0x0, 0x0, 0x0,
    0x0, 0x0, 0x0, 0x0, 0x2f, 0x40, 0x0, 0x0,
    0x0, 0x3c, 0xcc, 0xcc, 0xcf, 0xec, 0xcc, 0xc9,
    0x0, 0x4f, 0x55, 0x57, 0x55, 0x55, 0x75, 0x53,
    0x5b, 0x4e, 0x0, 0x4f, 0x30, 0x1, 0xf3, 0x0,
    0x2f, 0x4e, 0x2, 0x2a, 0xa2, 0x2a, 0xc2, 0x20,
    0xf, 0x7e, 0xe, 0xdd, 0xdd, 0xfd, 0xdd, 0xe0,
    0x6, 0x6e, 0xe, 0x30, 0x4, 0xe0, 0x2, 0xe0,
    0x0, 0x7d, 0xe, 0xff, 0xff, 0xff, 0xff, 0xe0,
    0x4d, 0xfd, 0xe, 0x30, 0x4, 0xe0, 0x2, 0xe0,
    0x67, 0x7b, 0xe, 0xee, 0xee, 0xfe, 0xee, 0xe0,
    0x0, 0xa8, 0xe, 0x41, 0x14, 0xe1, 0x13, 0xe0,
    0x0, 0xf4, 0x0, 0x0, 0x4, 0xe0, 0x0, 0x0,
    0x6, 0xe0, 0xcf, 0xff, 0xff, 0xff, 0xff, 0xfe,
    0xe, 0x80, 0x0, 0x0, 0x4, 0xe0, 0x0, 0x0,
    0x2d, 0x0, 0x0, 0x0, 0x4, 0xe0, 0x0, 0x0,
    0x0, 0x0, 0x0, 0x0, 0x0, 0x0, 0x0, 0x0,

    /* U+760A "瘊" */
    0x0, 0x0, 0x0, 0x0, 0x50, 0x0, 0x0, 0x0,
    0x0, 0x0, 0x0, 0x0, 0xd7, 0x0, 0x0, 0x0,
    0x0, 0x8d, 0xdd, 0xdd, 0xef, 0xdd, 0xdd, 0xd8,
    0x0, 0x99, 0x22, 0xa3, 0x22, 0x22, 0x22, 0x21,
    0x86, 0x97, 0x4, 0xf0, 0xde, 0xee, 0xea, 0x0,
    0x6b, 0x97, 0xb, 0x90, 0x0, 0x0, 0x89, 0x0,
    0x2f, 0xa7, 0x2f, 0x23, 0x33, 0x33, 0xb9, 0x31,
    0x9, 0xb7, 0xcf, 0xc, 0xdc, 0xcc, 0xcc, 0xc6,
    0x0, 0xad, 0xff, 0x0, 0xc6, 0x0, 0x0, 0x0,
    0x4c, 0xf9, 0x6f, 0x7, 0xfe, 0xff, 0xee, 0xc0,
    0x97, 0xc5, 0x1f, 0x1d, 0x20, 0x7a, 0x0, 0x0,
    0x0, 0xe3, 0x1f, 0x3b, 0xbb, 0xee, 0xbb, 0xb6,
    0x2, 0xf0, 0x1f, 0x14, 0x45, 0xff, 0x64, 0x42,
    0x8, 0xb0, 0x1f, 0x0, 0x1c, 0x86, 0xd2, 0x0,
    0x1f, 0x40, 0x1f, 0x6, 0xea, 0x0, 0x8f, 0x81,
    0x2a, 0x0, 0x1f, 0x2d, 0x60, 0x0, 0x3, 0xb3,
    0x0, 0x0, 0x0, 0x0, 0x0, 0x0, 0x0, 0x0,

    /* U+760C "瘌" */
    0x0, 0x0, 0x0, 0x0, 0x42, 0x0, 0x0, 0x0,
    0x0, 0x0, 0x0, 0x0, 0xad, 0x0, 0x0, 0x0,
    0x0, 0x3d, 0xdd, 0xdd, 0xef, 0xed, 0xdd, 0xda,
    0x0, 0x4e, 0x33, 0x39, 0x43, 0x33, 0x33, 0xa3,
    0x48, 0x4d, 0x0, 0xe, 0x20, 0x0, 0x20, 0xf1,
    0x2f, 0x4d, 0xcd, 0xdf, 0xdd, 0xd5, 0xe0, 0xf1,
    0xd, 0x9d, 0x11, 0x1e, 0x31, 0x11, 0xe0, 0xf1,
    0x5, 0x6d, 0x38, 0x8f, 0x98, 0x70, 0xe0, 0xf1,
    0x0, 0x6c, 0x6b, 0x6f, 0x76, 0xe0, 0xe0, 0xf1,
    0x2b, 0xfb, 0x69, 0xe, 0x21, 0xe0, 0xe0, 0xf1,
    0x6b, 0x9a, 0x6f, 0xef, 0xee, 0xe0, 0xe0, 0xf1,
    0x0, 0xa6, 0x34, 0xcf, 0x30, 0x40, 0xe0, 0xf1,
    0x0, 0xe3, 0xa, 0x7e, 0xda, 0x0, 0x30, 0xf1,
    0x5, 0xd1, 0xba, 0xe, 0x2a, 0xd1, 0x0, 0xf1,
    0xd, 0x5a, 0xa0, 0xe, 0x20, 0x51, 0x34, 0xf0,
    0x3b, 0x2, 0x0, 0xe, 0x20, 0x1, 0xff, 0x90,
    0x0, 0x0, 0x0, 0x0, 0x0, 0x0, 0x0, 0x0,

    /* U+7610 "瘐" */
    0x0, 0x0, 0x0, 0x0, 0x51, 0x0, 0x0, 0x0,
    0x0, 0x0, 0x0, 0x0, 0xaa, 0x0, 0x0, 0x0,
    0x0, 0xaf, 0xff, 0xff, 0xff, 0xff, 0xff, 0xf5,
    0x0, 0xb7, 0x11, 0x11, 0x17, 0x21, 0x11, 0x10,
    0xb5, 0xb6, 0x0, 0x28, 0x2f, 0x10, 0x0, 0x0,
    0x89, 0xb6, 0x2f, 0xea, 0x4f, 0x9f, 0xff, 0x30,
    0x5c, 0xb6, 0x3e, 0x0, 0x1f, 0x10, 0xe, 0x30,
    0x19, 0xb6, 0x3e, 0x33, 0x2f, 0x23, 0x3e, 0x30,
    0x0, 0xc6, 0x3f, 0xdd, 0x6f, 0x6d, 0xdf, 0x30,
    0x6d, 0xf5, 0x3e, 0x0, 0x2f, 0x0, 0xe, 0x30,
    0xa4, 0xe4, 0x3f, 0xff, 0xff, 0xff, 0xff, 0x30,
    0x0, 0xf1, 0x2c, 0x0, 0x8f, 0x70, 0xc, 0x20,
    0x4, 0xe0, 0x0, 0x2, 0xea, 0xf2, 0x0, 0x0,
    0xa, 0x90, 0x0, 0x4e, 0xa0, 0xae, 0x40, 0x0,
    0x3f, 0x30, 0x5c, 0xf8, 0x0, 0xa, 0xfc, 0x61,
    0x4b, 0x6, 0xfa, 0x30, 0x0, 0x0, 0x4b, 0xd1,
    0x0, 0x0, 0x10, 0x0, 0x0, 0x0, 0x0, 0x0,

    /* U+7615 "瘕" */
    0x0, 0x0, 0x0, 0x0, 0x41, 0x0, 0x0, 0x0,
    0x0, 0x0, 0x0, 0x0, 0x9, 0xc0, 0x0, 0x0,
    0x0, 0x0, 0x3d, 0xdd, 0xdd, 0xdf, 0xdd, 0xdd,
    0xdb, 0x0, 0x4, 0xe4, 0x44, 0x44, 0x44, 0x44,
    0x44, 0x30, 0x3c, 0x4d, 0x1d, 0xdd, 0xda, 0xad,
    0xdd, 0xd0, 0x0, 0xf5, 0xd1, 0xf3, 0x25, 0xd1,
    0x22, 0x3f, 0x0, 0xc, 0x9d, 0x1f, 0x10, 0x4d,
    0x0, 0x1, 0xf0, 0x0, 0x35, 0xd1, 0xff, 0xff,
    0xdd, 0xff, 0xff, 0x0, 0x0, 0x7d, 0x1f, 0x10,
    0x14, 0x0, 0x0, 0x50, 0x1, 0xaf, 0xc1, 0xf4,
    0x33, 0x18, 0x88, 0x88, 0x10, 0x7d, 0xaa, 0x1f,
    0xcc, 0xc1, 0xe9, 0x88, 0xf1, 0x1, 0x9, 0x71,
    0xf1, 0x0, 0x7, 0x80, 0x5b, 0x0, 0x0, 0xe4,
    0x1f, 0xff, 0xfa, 0x1d, 0x5e, 0x20, 0x0, 0x6d,
    0x1, 0xf1, 0x0, 0x0, 0x7f, 0x80, 0x0, 0x2e,
    0x60, 0x1f, 0x10, 0x4, 0xad, 0x6e, 0xa3, 0x0,
    0x80, 0x1, 0xf1, 0x5, 0xd6, 0x0, 0x18, 0xb0,
    0x0, 0x0, 0x0, 0x0, 0x0, 0x0, 0x0, 0x0,
    0x0,

    /* U+7617 "瘗" */
    0x0, 0x0, 0x0, 0x0, 0x40, 0x0, 0x0, 0x0,
    0x0, 0x0, 0x0, 0x2, 0xf5, 0x0, 0x0, 0x0,
    0x0, 0xaf, 0xff, 0xff, 0xff, 0xff, 0xff, 0xf9,
    0x0, 0xb7, 0x11, 0x11, 0x17, 0x31, 0x11, 0x10,
    0x71, 0xb6, 0x12, 0x22, 0x2d, 0x62, 0x22, 0x20,
    0x98, 0xb6, 0x5c, 0xcc, 0xcf, 0xdc, 0xcc, 0xb0,
    0x4d, 0xb6, 0x8, 0x90, 0xd, 0x30, 0x6c, 0x0,
    0x8, 0xb6, 0x0, 0x93, 0xf, 0x13, 0xb1, 0x0,
    0x0, 0xb9, 0xff, 0xff, 0xff, 0xff, 0xff, 0xf8,
    0x2b, 0xf5, 0x0, 0x3, 0xe4, 0xa8, 0x0, 0x0,
    0xeb, 0xe4, 0x4, 0xad, 0x31, 0x8, 0xc5, 0x10,
    0x20, 0xe3, 0xdb, 0x50, 0xc, 0x50, 0x18, 0xc5,
    0x1, 0xf0, 0x7, 0xff, 0xff, 0xff, 0xfe, 0x0,
    0x6, 0xb0, 0x0, 0x0, 0xc, 0x50, 0x0, 0x0,
    0xd, 0x60, 0x0, 0x0, 0xc, 0x50, 0x0, 0x0,
    0x6e, 0x8, 0xff, 0xff, 0xff, 0xff, 0xff, 0xf9,
    0x3, 0x0, 0x0, 0x0, 0x0, 0x0, 0x0, 0x0,

    /* U+7618 "瘘" */
    0x0, 0x0, 0x0, 0x0, 0x1, 0x0, 0x0, 0x0,
    0x0, 0x0, 0x0, 0x0, 0xaa, 0x0, 0x0, 0x0,
    0x0, 0x2a, 0xaa, 0xaa, 0xcf, 0xaa, 0xaa, 0xa6,
    0x0, 0x3e, 0x66, 0x66, 0x69, 0x66, 0x66, 0x63,
    0x36, 0x3e, 0x6, 0xc3, 0xd, 0x30, 0x8d, 0x0,
    0x3e, 0x4e, 0x0, 0x6d, 0xd, 0x39, 0xa1, 0x0,
    0xd, 0x9e, 0x5b, 0xbb, 0xbf, 0xcb, 0xbb, 0xb3,
    0x5, 0x6e, 0x13, 0x38, 0xef, 0xdb, 0x43, 0x31,
    0x0, 0x5d, 0x4, 0xbc, 0x1d, 0x37, 0xd8, 0x30,
    0x2a, 0xfc, 0x8d, 0x50, 0x4d, 0x20, 0x18, 0xe4,
    0x6d, 0x8c, 0x11, 0x17, 0xd1, 0x11, 0x11, 0x10,
    0x10, 0x79, 0x9d, 0xef, 0xdd, 0xde, 0xfd, 0xd6,
    0x0, 0xb6, 0x0, 0xc6, 0x0, 0xc, 0x70, 0x0,
    0x1, 0xf2, 0x1, 0xae, 0xb7, 0xca, 0x0, 0x0,
    0x9, 0xc0, 0x0, 0x5, 0xef, 0xfc, 0x72, 0x0,
    0xe, 0x40, 0xad, 0xfc, 0x71, 0x5, 0xbf, 0xb0,
    0x2, 0x0, 0x44, 0x10, 0x0, 0x0, 0x1, 0x30,

    /* U+7619 "瘙" */
    0x0, 0x0, 0x0, 0x0, 0x60, 0x0, 0x0, 0x0,
    0x0, 0x0, 0x0, 0x0, 0xd, 0x80, 0x0, 0x0,
    0x0, 0x0, 0x3d, 0xdd, 0xdd, 0xef, 0xdd, 0xdd,
    0xdb, 0x0, 0x4, 0xe3, 0x33, 0x33, 0x33, 0x33,
    0x33, 0x30, 0x3c, 0x4d, 0x6c, 0xcc, 0xcc, 0xcc,
    0xcc, 0x30, 0x0, 0xf5, 0xd1, 0x5f, 0x58, 0xb3,
    0x3b, 0xd1, 0x0, 0xd, 0x9d, 0x0, 0x6e, 0x49,
    0x5b, 0xc1, 0x0, 0x0, 0x45, 0xd0, 0x0, 0x5f,
    0xdf, 0x80, 0x0, 0x0, 0x0, 0x7c, 0x7b, 0xde,
    0xa9, 0xad, 0xec, 0xa4, 0x2, 0xbf, 0xb4, 0x52,
    0x0, 0xe2, 0x0, 0x35, 0x10, 0x6a, 0x9a, 0xe,
    0xff, 0xff, 0xff, 0xff, 0x40, 0x0, 0xa, 0x70,
    0xe1, 0x0, 0xe2, 0x0, 0xc4, 0x0, 0x0, 0xf3,
    0xe, 0xff, 0xff, 0xff, 0xff, 0x40, 0x0, 0x7d,
    0x0, 0xb0, 0x0, 0xe2, 0x4, 0xd2, 0x0, 0x2f,
    0x52, 0xbb, 0xcc, 0xcf, 0xdd, 0xef, 0xf4, 0x0,
    0x70, 0x16, 0x55, 0x43, 0x22, 0x11, 0x7, 0xc0,
    0x0, 0x0, 0x0, 0x0, 0x0, 0x0, 0x0, 0x0,
    0x0,

    /* U+761B "瘛" */
    0x0, 0x0, 0x0, 0x0, 0x2, 0x0, 0x0, 0x0,
    0x0, 0x0, 0x0, 0x0, 0x5d, 0x0, 0x0, 0x0,
    0x0, 0x2b, 0xbb, 0xbb, 0xbf, 0xcb, 0xbb, 0xb9,
    0x0, 0x3e, 0x55, 0x57, 0x55, 0x55, 0x55, 0x54,
    0x58, 0x3e, 0x24, 0x6e, 0x43, 0x89, 0x99, 0x90,
    0x3e, 0x3e, 0x59, 0xaf, 0x97, 0x5d, 0x86, 0xf0,
    0xd, 0x8e, 0x4, 0x6e, 0x42, 0xd, 0x21, 0xf0,
    0x3, 0x4e, 0x19, 0xaf, 0x95, 0xf, 0x2, 0xf0,
    0x0, 0x7d, 0x24, 0x6e, 0x43, 0x6c, 0x2, 0xe0,
    0x3d, 0xfc, 0x59, 0xaf, 0x99, 0xe8, 0x49, 0xc0,
    0x68, 0x6b, 0x0, 0x2c, 0x5, 0xa5, 0xdb, 0x30,
    0x0, 0x89, 0x0, 0x2, 0x4b, 0x0, 0x1, 0x0,
    0x0, 0xc6, 0x5c, 0x2f, 0xc, 0x80, 0x5a, 0xa0,
    0x2, 0xf1, 0xc7, 0x2f, 0x2, 0x33, 0xf2, 0xf6,
    0xa, 0xa4, 0xf1, 0x1f, 0x30, 0x18, 0xc0, 0x6a,
    0x1e, 0x20, 0x30, 0xa, 0xff, 0xfd, 0x30, 0x0,
    0x1, 0x0, 0x0, 0x0, 0x0, 0x0, 0x0, 0x0,

    /* U+7620 "瘠" */
    0x0, 0x0, 0x0, 0x0, 0x0, 0x0, 0x0, 0x0,
    0x0, 0x0, 0x0, 0x0, 0xc, 0x60, 0x0, 0x0,
    0x0, 0x0, 0x14, 0x44, 0x44, 0x9e, 0x44, 0x44,
    0x43, 0x0, 0x4, 0xfc, 0xcc, 0xcc, 0xcc, 0xcc,
    0xcc, 0xa0, 0x27, 0x4d, 0xb, 0x83, 0xd, 0x30,
    0x5b, 0x90, 0x1, 0xf4, 0xd0, 0x17, 0xa0, 0xf5,
    0x1b, 0x50, 0x0, 0xd, 0x8d, 0x28, 0xce, 0xad,
    0xd7, 0xec, 0x71, 0x0, 0x67, 0xd3, 0x83, 0x7f,
    0x32, 0xd6, 0x48, 0x0, 0x0, 0x5d, 0x6, 0xdd,
    0x40, 0x2, 0xbd, 0x73, 0x1, 0x9f, 0xcc, 0xdf,
    0xee, 0xee, 0xee, 0xfa, 0xa0, 0x6c, 0x9a, 0x2,
    0xf0, 0x0, 0x0, 0x2e, 0x0, 0x0, 0x9, 0x80,
    0x2f, 0xff, 0xff, 0xff, 0xe0, 0x0, 0x0, 0xe4,
    0x2, 0xf0, 0x0, 0x0, 0x2e, 0x0, 0x0, 0x5e,
    0x0, 0x2f, 0xff, 0xff, 0xff, 0xe0, 0x0, 0x1e,
    0x70, 0x2, 0xf0, 0x0, 0x10, 0x5d, 0x0, 0x1,
    0xa0, 0x0, 0x2f, 0x0, 0x4f, 0xff, 0x60, 0x0,
    0x0, 0x0, 0x0, 0x10, 0x0, 0x0, 0x0, 0x0,
    0x0,

    /* U+7622 "瘢" */
    0x0, 0x0, 0x0, 0x0, 0x40, 0x0, 0x0, 0x0,
    0x0, 0x0, 0x0, 0x2, 0xf3, 0x0, 0x0, 0x0,
    0x0, 0xaf, 0xff, 0xff, 0xff, 0xff, 0xff, 0xf8,
    0x0, 0xb7, 0x11, 0x73, 0x11, 0x11, 0x11, 0x10,
    0x92, 0xb6, 0x0, 0xe1, 0x0, 0xde, 0xed, 0x0,
    0x88, 0xb6, 0x3f, 0xff, 0xe0, 0xe4, 0x3f, 0x0,
    0x3e, 0xb6, 0x3c, 0x61, 0xe0, 0xf0, 0xf, 0x0,
    0x6, 0xb6, 0x3c, 0xa5, 0xe7, 0xb0, 0xe, 0xa5,
    0x0, 0xc5, 0x3c, 0x34, 0xe9, 0x20, 0x1, 0x42,
    0x7e, 0xf6, 0xff, 0xee, 0xe8, 0xcc, 0xcc, 0x80,
    0xc5, 0xd4, 0x4c, 0x22, 0xe4, 0xc3, 0x3a, 0x80,
    0x0, 0xf2, 0x4b, 0xc3, 0xe0, 0xe1, 0xe, 0x20,
    0x3, 0xf0, 0x5a, 0x78, 0xe0, 0x99, 0xaa, 0x0,
    0x8, 0xa0, 0x97, 0x12, 0xe0, 0x1f, 0xf1, 0x0,
    0x1f, 0x51, 0xf3, 0x3, 0xe1, 0xae, 0xeb, 0x30,
    0x6c, 0x6, 0xc0, 0xdf, 0x9e, 0xa1, 0x19, 0xf5,
    0x1, 0x0, 0x0, 0x0, 0x0, 0x0, 0x0, 0x0,

    /* U+7625 "瘥" */
    0x0, 0x0, 0x0, 0x0, 0x42, 0x0, 0x0, 0x0,
    0x0, 0x0, 0x0, 0x0, 0x9b, 0x0, 0x0, 0x0,
    0x0, 0x4f, 0xff, 0xff, 0xff, 0xff, 0xff, 0xfb,
    0x0, 0x4d, 0x11, 0xc7, 0x11, 0x13, 0xe3, 0x10,
    0x3b, 0x4d, 0x0, 0x3e, 0x10, 0xc, 0x80, 0x0,
    0xf, 0x5d, 0x9f, 0xff, 0xff, 0xff, 0xff, 0xf1,
    0xd, 0x8d, 0x0, 0x0, 0xf2, 0x0, 0x0, 0x0,
    0x3, 0x5d, 0x2f, 0xff, 0xff, 0xff, 0xff, 0x70,
    0x0, 0x8c, 0x0, 0xa, 0x80, 0x0, 0x0, 0x0,
    0x4e, 0xfc, 0xcd, 0xdf, 0xed, 0xdd, 0xdd, 0xd8,
    0x6a, 0x7b, 0x12, 0xca, 0x22, 0x22, 0x22, 0x21,
    0x0, 0x99, 0x5, 0xf4, 0x22, 0x22, 0x22, 0x0,
    0x0, 0xd6, 0x2e, 0xad, 0xdd, 0xfd, 0xdd, 0x40,
    0x2, 0xf3, 0xdb, 0x0, 0x3, 0xe0, 0x0, 0x0,
    0x8, 0xc9, 0xc0, 0x0, 0x3, 0xe0, 0x0, 0x0,
    0xf, 0x51, 0xe, 0xff, 0xff, 0xff, 0xff, 0xf8,
    0x4, 0x0, 0x0, 0x0, 0x0, 0x0, 0x0, 0x0,

    /* U+762D "瘭" */
    0x0, 0x0, 0x0, 0x0, 0x42, 0x0, 0x0, 0x0,
    0x0, 0x0, 0x0, 0x0, 0xac, 0x0, 0x0, 0x0,
    0x0, 0x3e, 0xee, 0xee, 0xff, 0xee, 0xee, 0xed,
    0x0, 0x4d, 0x1, 0x11, 0x11, 0x11, 0x11, 0x10,
    0x3b, 0x4d, 0x9f, 0xff, 0xff, 0xff, 0xff, 0xf6,
    0xf, 0x5d, 0x0, 0x2, 0xe0, 0x2d, 0x0, 0x0,
    0xd, 0x9d, 0x1f, 0xee, 0xfe, 0xef, 0xee, 0xd0,
    0x4, 0x5c, 0x1e, 0x2, 0xe0, 0x2d, 0x2, 0xd0,
    0x0, 0x7c, 0x1f, 0xee, 0xfe, 0xef, 0xee, 0xd0,
    0x2c, 0xfb, 0x19, 0x0, 0x0, 0x0, 0x1, 0x80,
    0x6b, 0x9a, 0x4, 0xee, 0xee, 0xee, 0xee, 0x10,
    0x0, 0x97, 0x0, 0x11, 0x11, 0x11, 0x11, 0x0,
    0x0, 0xe3, 0xbf, 0xff, 0xff, 0xff, 0xff, 0xf8,
    0x5, 0xe0, 0x0, 0x82, 0x8, 0x80, 0x73, 0x0,
    0xd, 0x70, 0x7e, 0xb3, 0xa, 0x80, 0x8f, 0xb2,
    0x2c, 0x4, 0xd4, 0xc, 0xfe, 0x30, 0x1, 0xa8,
    0x0, 0x0, 0x0, 0x0, 0x0, 0x0, 0x0, 0x0,

    /* U+7630 "瘰" */
    0x0, 0x0, 0x0, 0x0, 0x5, 0x0, 0x0, 0x0,
    0x0, 0x0, 0x0, 0x0, 0x0, 0xd9, 0x0, 0x0,
    0x0, 0x0, 0xa, 0xff, 0xff, 0xff, 0xff, 0xff,
    0xff, 0x60, 0x0, 0xb6, 0x11, 0x11, 0x11, 0x11,
    0x11, 0x10, 0xa, 0x2b, 0x6b, 0xee, 0xee, 0xee,
    0xee, 0xe1, 0x0, 0x98, 0xb6, 0xc4, 0x0, 0x1e,
    0x0, 0xe, 0x20, 0x3, 0xeb, 0x6c, 0xed, 0xdd,
    0xfd, 0xdd, 0xf2, 0x0, 0x6, 0xb6, 0xc4, 0x0,
    0x1e, 0x0, 0xe, 0x20, 0x0, 0xc, 0x5c, 0xee,
    0xff, 0xee, 0xee, 0xf2, 0x0, 0x6d, 0xf5, 0x35,
    0xaa, 0x40, 0x4c, 0x43, 0x0, 0xc, 0x6d, 0x45,
    0xfd, 0xdf, 0xf9, 0x65, 0x0, 0x0, 0x0, 0xf1,
    0x3, 0x9b, 0x61, 0x3, 0xe7, 0x0, 0x0, 0x3e,
    0xd, 0xff, 0xdd, 0xed, 0xcb, 0xe8, 0x0, 0xa,
    0x90, 0x25, 0xa0, 0xe, 0x34, 0x84, 0x20, 0x3,
    0xf3, 0x5c, 0xd7, 0x23, 0xf2, 0x29, 0xfc, 0x30,
    0x5a, 0x6, 0x50, 0x9f, 0xfb, 0x0, 0x0, 0x62,
    0x0, 0x0, 0x0, 0x0, 0x0, 0x0, 0x0, 0x0,
    0x0,

    /* U+7633 "瘳" */
    0x0, 0x0, 0x0, 0x0, 0x3, 0x0, 0x0, 0x0,
    0x0, 0x0, 0x0, 0x0, 0x0, 0xd9, 0x0, 0x0,
    0x0, 0x0, 0x9, 0xdd, 0xdd, 0xde, 0xfd, 0xdd,
    0xdd, 0x50, 0x0, 0xb8, 0x33, 0x33, 0x33, 0x33,
    0x33, 0x31, 0x9, 0x2b, 0x6e, 0xee, 0xed, 0x4e,
    0xee, 0xed, 0x0, 0x98, 0xb6, 0x67, 0x1, 0xe0,
    0x97, 0x1, 0xe0, 0x3, 0xeb, 0x60, 0x87, 0x2e,
    0x0, 0x96, 0x4e, 0x0, 0x5, 0xb6, 0x5a, 0xe6,
    0xe1, 0xae, 0xb5, 0xe0, 0x0, 0xd, 0x7a, 0x40,
    0x2a, 0xdd, 0x10, 0x9, 0x0, 0x7e, 0xf4, 0x4,
    0xae, 0x81, 0x9d, 0x83, 0x0, 0xc, 0x5d, 0x9f,
    0xc6, 0x26, 0xdb, 0x15, 0xbf, 0x60, 0x0, 0xf1,
    0x38, 0xcd, 0x82, 0x4c, 0x80, 0x0, 0x0, 0x4e,
    0x0, 0x73, 0x49, 0xeb, 0x41, 0x76, 0x0, 0xa,
    0x90, 0x8c, 0xfb, 0x61, 0x39, 0xea, 0x20, 0x3,
    0xf3, 0x5, 0x32, 0x59, 0xed, 0x82, 0x0, 0x0,
    0x4a, 0x3, 0xcf, 0xeb, 0x72, 0x0, 0x0, 0x0,
    0x0, 0x0, 0x3, 0x0, 0x0, 0x0, 0x0, 0x0,
    0x0,

    /* U+7635 "瘵" */
    0x0, 0x0, 0x0, 0x0, 0x40, 0x0, 0x0, 0x0,
    0x0, 0x0, 0x0, 0x0, 0xc9, 0x0, 0x0, 0x0,
    0x0, 0x9f, 0xff, 0xff, 0xff, 0xff, 0xff, 0xf8,
    0x0, 0x99, 0x11, 0xa1, 0x11, 0x21, 0x11, 0x10,
    0x63, 0x98, 0x8, 0xd1, 0x12, 0xd2, 0x22, 0x10,
    0x7a, 0x98, 0x2f, 0xee, 0xf6, 0xce, 0xee, 0xf0,
    0x1f, 0xa9, 0xc9, 0x42, 0xe1, 0x6a, 0xb, 0x80,
    0x7, 0xbc, 0xb1, 0xbd, 0x60, 0xc, 0xac, 0x0,
    0x0, 0xa8, 0x2c, 0xaa, 0x11, 0x13, 0xe7, 0x0,
    0x3b, 0xf7, 0x3d, 0x99, 0xff, 0xfd, 0x2d, 0xa2,
    0xa8, 0xc9, 0xe6, 0x0, 0x0, 0x0, 0x0, 0x86,
    0x0, 0xd4, 0xa, 0xff, 0xff, 0xff, 0xff, 0x10,
    0x1, 0xf1, 0x0, 0x31, 0x1d, 0x53, 0x11, 0x0,
    0x7, 0xd0, 0x18, 0xf4, 0xd, 0x4c, 0xd5, 0x0,
    0xe, 0x77, 0xfc, 0x41, 0x2f, 0x30, 0x7f, 0xd2,
    0x4d, 0x4, 0x50, 0x2f, 0xfb, 0x0, 0x1, 0x80,
    0x1, 0x0, 0x0, 0x0, 0x0, 0x0, 0x0, 0x0,

    /* U+763C "瘼" */
    0x0, 0x0, 0x0, 0x0, 0x30, 0x0, 0x0, 0x0,
    0x0, 0x0, 0x0, 0x3, 0xf3, 0x0, 0x0, 0x0,
    0x0, 0x9d, 0xdd, 0xdd, 0xfe, 0xdd, 0xdd, 0xd4,
    0x0, 0xc8, 0x33, 0x5a, 0x33, 0x4b, 0x33, 0x31,
    0x92, 0xc7, 0xbb, 0xcf, 0xbb, 0xbf, 0xbb, 0xa0,
    0x89, 0xc6, 0x44, 0x7d, 0x44, 0x5f, 0x44, 0x40,
    0x2e, 0xc6, 0x1b, 0xbb, 0xbb, 0xbb, 0xb8, 0x0,
    0x4, 0xc5, 0x1f, 0x22, 0x22, 0x22, 0x6c, 0x0,
    0x2, 0xd5, 0x1f, 0xee, 0xee, 0xee, 0xec, 0x0,
    0x8f, 0xf4, 0x1f, 0x0, 0x0, 0x0, 0x4c, 0x0,
    0xb5, 0xe3, 0x1f, 0xff, 0xff, 0xff, 0xfc, 0x0,
    0x0, 0xf1, 0x7, 0x11, 0x7c, 0x11, 0x36, 0x0,
    0x5, 0xe5, 0xff, 0xff, 0xff, 0xff, 0xff, 0xf3,
    0xb, 0x90, 0x0, 0x1a, 0xd7, 0xe4, 0x0, 0x0,
    0x4f, 0x31, 0x48, 0xeb, 0x10, 0x5e, 0xc7, 0x30,
    0x59, 0xa, 0xea, 0x40, 0x0, 0x0, 0x6b, 0xe1,
    0x0, 0x0, 0x0, 0x0, 0x0, 0x0, 0x0, 0x0,

    /* U+763E "瘾" */
    0x0, 0x0, 0x0, 0x0, 0x50, 0x0, 0x0, 0x0,
    0x0, 0x0, 0x0, 0x0, 0xe6, 0x0, 0x0, 0x0,
    0x0, 0xad, 0xdd, 0xdd, 0xff, 0xdd, 0xdd, 0xd8,
    0x0, 0xc6, 0x44, 0x43, 0x28, 0x82, 0x22, 0x21,
    0x84, 0xc4, 0xec, 0xdb, 0x2f, 0xcb, 0xb8, 0x0,
    0x69, 0xc4, 0xe1, 0x98, 0xd6, 0x33, 0xd8, 0x0,
    0x2e, 0xc4, 0xe2, 0xe1, 0xc7, 0x7a, 0xf7, 0x60,
    0x0, 0xc4, 0xe7, 0xa0, 0x66, 0x66, 0x67, 0xe0,
    0x1, 0xd3, 0xe6, 0xc0, 0x7a, 0xaa, 0xaa, 0xe0,
    0x7f, 0xf3, 0xe1, 0xc3, 0x23, 0x33, 0x34, 0xe0,
    0xa5, 0xe1, 0xe1, 0x88, 0xbb, 0xbb, 0xbb, 0xe0,
    0x1, 0xe0, 0xe1, 0x78, 0x44, 0x65, 0x45, 0xb0,
    0x5, 0xb0, 0xec, 0xe7, 0x5c, 0x5d, 0x11, 0x90,
    0xb, 0x50, 0xe2, 0xa, 0x6e, 0x6, 0x3d, 0xc3,
    0x3e, 0x0, 0xe1, 0x2e, 0x1f, 0x0, 0x6a, 0x56,
    0x74, 0x0, 0xe1, 0x2, 0xb, 0xfe, 0xe3, 0x0,
    0x0, 0x0, 0x0, 0x0, 0x0, 0x0, 0x0, 0x0,

    /* U+763F "瘿" */
    0x0, 0x0, 0x0, 0x0, 0x3, 0x0, 0x0, 0x0,
    0x0, 0x0, 0x0, 0x0, 0x0, 0xd7, 0x0, 0x0,
    0x0, 0x0, 0x9, 0xbb, 0xbb, 0xbd, 0xfb, 0xbb,
    0xbb, 0x50, 0x0, 0xd6, 0x33, 0x33, 0x33, 0x33,
    0x33, 0x31, 0x9, 0x1d, 0x3e, 0xee, 0xee, 0x1f,
    0xee, 0xee, 0x0, 0x97, 0xd3, 0xe1, 0x91, 0xe1,
    0xe1, 0x71, 0xe0, 0x3, 0xdd, 0x3e, 0x1e, 0x1e,
    0x1e, 0x3c, 0x1e, 0x0, 0x4, 0xd3, 0xe3, 0xd1,
    0xe1, 0xe5, 0xa1, 0xe0, 0x0, 0x1e, 0x31, 0xbb,
    0xb4, 0x2, 0xdc, 0x51, 0x0, 0x8f, 0xf5, 0xc9,
    0x4, 0xc5, 0xd9, 0x1b, 0xa0, 0xa, 0x4f, 0x34,
    0x0, 0xc7, 0x15, 0x0, 0x5, 0x0, 0x1, 0xf7,
    0xff, 0xff, 0xff, 0xff, 0xff, 0xf3, 0x0, 0x4c,
    0x0, 0x5e, 0x10, 0x3, 0xe4, 0x0, 0x0, 0xb,
    0x80, 0x5, 0xbd, 0xa9, 0xf5, 0x0, 0x0, 0x4,
    0xf2, 0x3, 0x59, 0xde, 0xae, 0xd8, 0x40, 0x0,
    0x48, 0xc, 0xec, 0x84, 0x0, 0x3, 0x8d, 0x90,
    0x0, 0x0, 0x0, 0x0, 0x0, 0x0, 0x0, 0x0,
    0x0,

    /* U+7640 "癀" */
    0x0, 0x0, 0x0, 0x0, 0x60, 0x0, 0x0, 0x0,
    0x0, 0x0, 0x0, 0x0, 0xd8, 0x0, 0x0, 0x0,
    0x0, 0x3e, 0xee, 0xee, 0xff, 0xee, 0xee, 0xed,
    0x0, 0x4d, 0x11, 0x1c, 0x51, 0x1e, 0x41, 0x10,
    0x4a, 0x4d, 0x2c, 0xcf, 0xdc, 0xcf, 0xdc, 0xc2,
    0x2f, 0x4d, 0x2, 0x2c, 0x62, 0x2e, 0x52, 0x20,
    0xe, 0x8d, 0x12, 0x2c, 0x62, 0x2e, 0x52, 0x21,
    0x7, 0x8d, 0x7c, 0xcc, 0xcf, 0xdc, 0xcc, 0xc8,
    0x0, 0x4d, 0x2, 0x33, 0x3d, 0x63, 0x33, 0x20,
    0x8, 0xfc, 0xe, 0xbb, 0xbf, 0xcb, 0xbb, 0xe0,
    0x7d, 0xba, 0xe, 0x42, 0x2d, 0x62, 0x24, 0xe0,
    0x10, 0x97, 0xe, 0xcb, 0xbf, 0xcb, 0xbc, 0xe0,
    0x0, 0xe4, 0xe, 0x41, 0x1d, 0x51, 0x14, 0xe0,
    0x4, 0xe0, 0xe, 0xcc, 0xcc, 0xcc, 0xcc, 0xe0,
    0xc, 0x80, 0x2, 0x5b, 0x80, 0x1d, 0xa4, 0x20,
    0x3e, 0x0, 0x7f, 0xc6, 0x0, 0x2, 0x7d, 0xe6,
    0x1, 0x0, 0x22, 0x0, 0x0, 0x0, 0x0, 0x31,

    /* U+7643 "癃" */
    0x0, 0x0, 0x0, 0x0, 0x50, 0x0, 0x0, 0x0,
    0x0, 0x0, 0x0, 0x0, 0xc9, 0x0, 0x0, 0x0,
    0x0, 0xae, 0xee, 0xee, 0xef, 0xee, 0xee, 0xe8,
    0x0, 0xc6, 0x33, 0x32, 0x1b, 0x41, 0x11, 0x10,
    0x86, 0xc5, 0xfc, 0xda, 0x4f, 0xee, 0xee, 0x90,
    0x6b, 0xc5, 0xf0, 0xa7, 0xdd, 0x50, 0x2e, 0x30,
    0x2f, 0xc5, 0xf0, 0xe8, 0x72, 0xe8, 0xe5, 0x0,
    0x6, 0xc4, 0xf5, 0x90, 0x37, 0xde, 0xe7, 0x41,
    0x0, 0xc4, 0xf7, 0x89, 0xe9, 0x30, 0x39, 0xd9,
    0x1a, 0xf3, 0xf1, 0xe1, 0x2d, 0xdd, 0xdd, 0x0,
    0xbc, 0xe2, 0xf0, 0xa4, 0x73, 0xa, 0x0, 0x0,
    0x10, 0xe0, 0xf0, 0x96, 0xee, 0xef, 0xee, 0xd0,
    0x2, 0xc0, 0xfb, 0xdb, 0x90, 0xf, 0x0, 0x0,
    0x7, 0x70, 0xf0, 0x8, 0x9d, 0xdf, 0xdd, 0xa0,
    0xd, 0x20, 0xf0, 0x0, 0x0, 0xf, 0x0, 0x0,
    0x58, 0x0, 0xf0, 0xd, 0xdd, 0xdf, 0xdd, 0xd8,
    0x0, 0x0, 0x0, 0x0, 0x0, 0x0, 0x0, 0x0,

    /* U+764D "癍" */
    0x0, 0x0, 0x0, 0x0, 0x0, 0x0, 0x0, 0x0,
    0x0, 0x0, 0x0, 0x0, 0x4, 0xe1, 0x0, 0x0,
    0x0, 0x0, 0x4, 0x44, 0x44, 0x4d, 0x94, 0x44,
    0x44, 0x20, 0x0, 0xdc, 0xbb, 0xbb, 0xbb, 0xbb,
    0xbb, 0xb7, 0x7, 0x3d, 0x40, 0x0, 0x7, 0x90,
    0x0, 0x0, 0x0, 0x98, 0xda, 0xdf, 0xd7, 0xc,
    0x2d, 0xdf, 0xd5, 0x5, 0xdd, 0x41, 0xf0, 0xbc,
    0xcc, 0x62, 0xe0, 0x0, 0x2, 0xd4, 0x1f, 0x3,
    0x34, 0xe1, 0x2e, 0x0, 0x0, 0xd, 0x41, 0xf0,
    0x64, 0x2c, 0x2, 0xe0, 0x0, 0x3c, 0xf7, 0xef,
    0xe9, 0xd5, 0xa3, 0x6f, 0x42, 0xe, 0xaf, 0x34,
    0xf3, 0x1a, 0xe7, 0x9c, 0xfb, 0x50, 0x22, 0xf0,
    0x1f, 0x0, 0x2f, 0x40, 0x2e, 0x0, 0x0, 0x7b,
    0x1, 0xf1, 0x17, 0xea, 0x2, 0xe0, 0x0, 0xe,
    0x56, 0xdf, 0xc9, 0xe2, 0xd2, 0x2e, 0x0, 0xa,
    0xd0, 0x22, 0x5, 0xf4, 0x3, 0xcc, 0xfc, 0x80,
    0x52, 0x0, 0x0, 0x54, 0x0, 0x3, 0x33, 0x32,

    /* U+7654 "癔" */
    0x0, 0x0, 0x0, 0x0, 0x11, 0x0, 0x0, 0x0,
    0x0, 0x0, 0x0, 0x0, 0xaa, 0x0, 0x0, 0x0,
    0x0, 0xaf, 0xff, 0xff, 0xff, 0xff, 0xff, 0xf5,
    0x0, 0xb6, 0x0, 0x0, 0xb, 0x10, 0x0, 0x0,
    0xa4, 0xb6, 0x5e, 0xee, 0xef, 0xee, 0xee, 0xc0,
    0x88, 0xb6, 0x0, 0x99, 0x0, 0x3, 0xe2, 0x0,
    0x5c, 0xb6, 0xaa, 0xaf, 0xaa, 0xae, 0xda, 0xa4,
    0x15, 0xb6, 0x33, 0x33, 0x33, 0x33, 0x33, 0x31,
    0x0, 0xc5, 0xe, 0xdd, 0xdd, 0xdd, 0xde, 0x90,
    0x6e, 0xf4, 0xe, 0x76, 0x66, 0x66, 0x6a, 0x90,
    0xb5, 0xe3, 0xe, 0x75, 0x55, 0x55, 0x5a, 0x90,
    0x0, 0xf1, 0xe, 0xdd, 0xdd, 0xdd, 0xde, 0x90,
    0x4, 0xe0, 0x7, 0x21, 0x1a, 0x0, 0x3, 0x40,
    0xa, 0x90, 0x95, 0x79, 0xa, 0x80, 0xa2, 0xb0,
    0x3f, 0x33, 0xf1, 0x7a, 0x0, 0x14, 0xe0, 0xb5,
    0xaa, 0x5, 0x90, 0x2e, 0xee, 0xef, 0x70, 0x26,
    0x11, 0x0, 0x0, 0x0, 0x0, 0x0, 0x0, 0x0,

    /* U+7656 "癖" */
    0x0, 0x0, 0x0, 0x0, 0x25, 0x0, 0x0, 0x0,
    0x0, 0x0, 0x0, 0x0, 0x3f, 0x20, 0x0, 0x0,
    0x0, 0x4f, 0xff, 0xff, 0xff, 0xff, 0xff, 0xf9,
    0x0, 0x4c, 0x0, 0x0, 0x0, 0x0, 0x60, 0x0,
    0x48, 0x4c, 0xa, 0xcc, 0xcb, 0x0, 0xe3, 0x0,
    0x2e, 0x4c, 0xe, 0x64, 0x5e, 0xaf, 0xff, 0xf6,
    0xc, 0x8c, 0xe, 0x20, 0x1e, 0x35, 0x2, 0x80,
    0x3, 0x6b, 0xe, 0x98, 0x9e, 0x2e, 0x8, 0xa0,
    0x0, 0x7b, 0xe, 0x76, 0x7b, 0x8, 0x2e, 0x20,
    0x3c, 0xfa, 0xf, 0x0, 0x0, 0xcf, 0xff, 0xf9,
    0x69, 0x89, 0x2f, 0x99, 0x99, 0x0, 0xc5, 0x0,
    0x0, 0x96, 0x5b, 0xf6, 0x6f, 0x0, 0xc4, 0x0,
    0x0, 0xe3, 0xb7, 0xf0, 0xf, 0x8f, 0xff, 0xf5,
    0x3, 0xd4, 0xf1, 0xf0, 0xf, 0x0, 0xc4, 0x0,
    0xb, 0x78, 0x80, 0xff, 0xff, 0x0, 0xc4, 0x0,
    0x1b, 0x0, 0x0, 0xf0, 0xf, 0x0, 0xc4, 0x0,
    0x0, 0x0, 0x0, 0x0, 0x0, 0x0, 0x0, 0x0,

    /* U+765C "癜" */
    0x0, 0x0, 0x0, 0x0, 0x20, 0x0, 0x0, 0x0,
    0x0, 0x0, 0x0, 0x3, 0xf3, 0x0, 0x0, 0x0,
    0x0, 0x7a, 0xaa, 0xaa, 0xfe, 0xaa, 0xaa, 0xa6,
    0x0, 0xc8, 0x55, 0x55, 0x55, 0x55, 0x55, 0x53,
    0x64, 0xc4, 0xce, 0xee, 0xee, 0x2b, 0xde, 0x60,
    0x7a, 0xc4, 0xd2, 0x0, 0xf, 0x2c, 0x28, 0x60,
    0x2f, 0xc4, 0xde, 0xee, 0xef, 0x2e, 0x18, 0x60,
    0x5, 0xc4, 0xd2, 0x0, 0x9, 0x6c, 0x8, 0xc5,
    0x0, 0xc4, 0xd1, 0xe1, 0xd1, 0xa3, 0x1, 0x74,
    0x5d, 0xf3, 0xe9, 0xfd, 0xfd, 0x7e, 0xdd, 0xd0,
    0xb8, 0xe2, 0xf0, 0xe1, 0xd1, 0xd, 0x2, 0xb0,
    0x0, 0xf2, 0xe0, 0xe1, 0xd1, 0xc, 0x17, 0x70,
    0x3, 0xd4, 0xcb, 0xdd, 0xdd, 0x57, 0x9d, 0x10,
    0x9, 0x99, 0x80, 0x92, 0xa3, 0x1, 0xf8, 0x0,
    0x1f, 0x4e, 0x37, 0xb0, 0x4e, 0x4b, 0xce, 0x50,
    0x7b, 0x2b, 0x1d, 0x10, 0x6, 0xf9, 0x3, 0xe7,
    0x1, 0x0, 0x0, 0x0, 0x0, 0x30, 0x0, 0x10,

    /* U+765E "癞" */
    0x0, 0x0, 0x0, 0x0, 0x6, 0x0, 0x0, 0x0,
    0x0, 0x0, 0x0, 0x0, 0x0, 0xca, 0x0, 0x0,
    0x0, 0x0, 0xa, 0xff, 0xff, 0xff, 0xff, 0xff,
    0xff, 0x60, 0x0, 0xb5, 0x0, 0x30, 0x0, 0x4,
    0x10, 0x0, 0xa, 0x1b, 0x50, 0xe, 0x10, 0x1,
    0xf4, 0x31, 0x0, 0x97, 0xb8, 0xdd, 0xfd, 0xd6,
    0xbb, 0xaf, 0x40, 0x4, 0xdb, 0x50, 0xe, 0x10,
    0x7c, 0x4, 0xc0, 0x0, 0x5, 0xb4, 0xcd, 0xfd,
    0xd9, 0xed, 0xee, 0xd0, 0x0, 0x1d, 0x4e, 0xe,
    0x1e, 0xe, 0x4, 0xe, 0x0, 0x7f, 0xf3, 0xe0,
    0xe1, 0xe0, 0xe0, 0xe0, 0xe0, 0xc, 0x5d, 0x2e,
    0xdf, 0xdf, 0xe, 0xd, 0xe, 0x0, 0x0, 0xf0,
    0x58, 0xf2, 0x50, 0xe2, 0xc0, 0xe0, 0x0, 0x4d,
    0x3, 0xbe, 0xc6, 0xe, 0x8a, 0xe, 0x0, 0xa,
    0x82, 0xd2, 0xe2, 0xd3, 0x4e, 0xd9, 0x0, 0x3,
    0xf2, 0xa4, 0xe, 0x11, 0x7e, 0x30, 0xac, 0x10,
    0x48, 0x0, 0x0, 0xe1, 0x4b, 0x20, 0x0, 0x83,
    0x0, 0x0, 0x0, 0x0, 0x0, 0x0, 0x0, 0x0,
    0x0,

    /* U+766B "癫" */
    0x0, 0x0, 0x0, 0x0, 0x33, 0x0, 0x0, 0x0,
    0x0, 0x0, 0x0, 0x0, 0x7d, 0x0, 0x0, 0x0,
    0x0, 0x8f, 0xff, 0xff, 0xff, 0xff, 0xff, 0xf8,
    0x0, 0x97, 0x0, 0x60, 0x0, 0x0, 0x0, 0x0,
    0x84, 0x98, 0xbb, 0xfc, 0xb6, 0xcc, 0xcc, 0xc5,
    0x5a, 0x97, 0x22, 0xe3, 0x21, 0x12, 0xf2, 0x10,
    0x1f, 0x97, 0x7b, 0xfb, 0xb0, 0x3, 0xe0, 0x0,
    0x7, 0xa6, 0xa7, 0x44, 0xe0, 0xfe, 0xee, 0xf1,
    0x1, 0xb6, 0xab, 0x99, 0xf0, 0xf0, 0x50, 0xd1,
    0x7e, 0xe5, 0xac, 0xbb, 0xf0, 0xf0, 0xe0, 0xd1,
    0x63, 0xb4, 0xa6, 0x33, 0xe0, 0xf0, 0xe0, 0xd1,
    0x0, 0xe2, 0xa9, 0x77, 0xf0, 0xf0, 0xf0, 0xd1,
    0x2, 0xf6, 0xed, 0xcc, 0xf8, 0xf1, 0xe0, 0xd1,
    0x8, 0xa0, 0x29, 0x17, 0x31, 0x29, 0xd9, 0x20,
    0x2f, 0x43, 0xd8, 0x7, 0xf4, 0x8d, 0x6, 0xd2,
    0x18, 0xa, 0x40, 0x0, 0x26, 0xb1, 0x0, 0x65,
    0x0, 0x0, 0x0, 0x0, 0x0, 0x0, 0x0, 0x0,

    /* U+766F "癯" */
    0x0, 0x0, 0x0, 0x0, 0x2, 0x20, 0x0, 0x0,
    0x0, 0x0, 0x0, 0x0, 0x0, 0x7b, 0x0, 0x0,
    0x0, 0x0, 0xb, 0xee, 0xee, 0xee, 0xfe, 0xee,
    0xee, 0x60, 0x0, 0xc3, 0x33, 0x33, 0x30, 0x33,
    0x33, 0x20, 0xa, 0x1c, 0x3e, 0x88, 0x8e, 0xe,
    0x88, 0x8c, 0x0, 0x97, 0xc3, 0xea, 0xaa, 0xe0,
    0xfa, 0xab, 0xc0, 0x4, 0xdc, 0x3e, 0x66, 0x6e,
    0xe, 0x66, 0x7c, 0x0, 0x5, 0xc3, 0xe4, 0x44,
    0xe0, 0xe4, 0x45, 0xc0, 0x0, 0xd, 0x2e, 0xbb,
    0xbe, 0x3f, 0xbb, 0xbc, 0x0, 0x5e, 0xf2, 0xa,
    0x40, 0xd, 0x10, 0x0, 0x0, 0xc, 0x4e, 0x7,
    0xfc, 0xcc, 0xed, 0xcc, 0xc9, 0x0, 0x0, 0xe6,
    0xee, 0x66, 0x6c, 0x86, 0x66, 0x30, 0x0, 0x3b,
    0x85, 0xe4, 0x44, 0xb7, 0x44, 0x42, 0x0, 0x8,
    0x60, 0x3f, 0xbb, 0xbe, 0xcb, 0xbb, 0x60, 0x0,
    0xd1, 0x3, 0xd0, 0x0, 0xa4, 0x0, 0x0, 0x0,
    0x57, 0x0, 0x3f, 0xcc, 0xce, 0xdc, 0xcc, 0xc4,

    /* U+7688 "皈" */
    0x0, 0x11, 0x0, 0x0, 0x0, 0x0, 0x0, 0x0,
    0x0, 0xaa, 0x0, 0x1, 0x23, 0x35, 0x79, 0xa3,
    0x0, 0xc6, 0x0, 0xf, 0xff, 0xed, 0xba, 0x83,
    0x2f, 0xff, 0xfe, 0xf, 0x10, 0x0, 0x0, 0x0,
    0x2f, 0x11, 0x4e, 0xf, 0x10, 0x0, 0x0, 0x0,
    0x2f, 0x0, 0x3e, 0xf, 0x44, 0x44, 0x44, 0x30,
    0x2f, 0x0, 0x3e, 0xf, 0xdf, 0xcc, 0xcd, 0xd0,
    0x2f, 0x22, 0x5e, 0xf, 0x2f, 0x0, 0x8, 0xa0,
    0x2f, 0xff, 0xfe, 0xf, 0x1d, 0x30, 0xd, 0x50,
    0x2f, 0x0, 0x3e, 0x1f, 0x7, 0x90, 0x4e, 0x0,
    0x2f, 0x0, 0x3e, 0x2f, 0x1, 0xe2, 0xc7, 0x0,
    0x2f, 0x0, 0x3e, 0x6d, 0x0, 0x6f, 0xc0, 0x0,
    0x2f, 0xee, 0xee, 0xb9, 0x0, 0x9f, 0xd2, 0x0,
    0x2f, 0x33, 0x35, 0xf3, 0x1b, 0xd2, 0xae, 0x40,
    0x16, 0x0, 0xd, 0xa7, 0xfb, 0x10, 0x9, 0xf7,
    0x0, 0x0, 0x8, 0x7, 0x60, 0x0, 0x0, 0x51,

    /* U+768E "皎" */
    0x0, 0x1, 0x0, 0x0, 0x2, 0x30, 0x0, 0x0,
    0x0, 0x7a, 0x0, 0x0, 0x7, 0xd0, 0x0, 0x0,
    0x0, 0x96, 0x0, 0x0, 0x1, 0xe2, 0x0, 0x0,
    0xf, 0xff, 0xf5, 0xff, 0xff, 0xff, 0xff, 0xf1,
    0xf, 0x32, 0xc5, 0x11, 0x62, 0x13, 0x31, 0x10,
    0xf, 0x10, 0xc5, 0x5, 0xe1, 0x7, 0xd0, 0x0,
    0xf, 0x10, 0xc5, 0xe, 0x60, 0x0, 0xbb, 0x0,
    0xf, 0x32, 0xc5, 0x9c, 0x0, 0x0, 0x1d, 0x90,
    0xf, 0xff, 0xf9, 0xf9, 0x80, 0x1, 0xf5, 0xe1,
    0xf, 0x10, 0xc5, 0x43, 0xf0, 0x7, 0xd0, 0x0,
    0xf, 0x10, 0xc5, 0x0, 0xc8, 0xe, 0x60, 0x0,
    0xf, 0x10, 0xc5, 0x0, 0x3f, 0xbc, 0x0, 0x0,
    0xf, 0x32, 0xc5, 0x0, 0xb, 0xf5, 0x0, 0x0,
    0xf, 0xff, 0xf5, 0x0, 0x9f, 0xbf, 0x70, 0x0,
    0xf, 0x10, 0x0, 0x6e, 0xe3, 0x6, 0xfe, 0x71,
    0x2, 0x0, 0xc, 0xe8, 0x10, 0x0, 0x18, 0xd2,
    0x0, 0x0, 0x2, 0x0, 0x0, 0x0, 0x0, 0x0,

    /* U+7693 "皓" */
    0x0, 0x0, 0x0, 0x0, 0x0, 0x15, 0x0, 0x0,
    0x0, 0x98, 0x0, 0x2, 0x70, 0x3e, 0x0, 0x0,
    0x0, 0xb4, 0x0, 0x8, 0xc0, 0x3e, 0x0, 0x0,
    0x1f, 0xff, 0xf2, 0xd, 0xec, 0xdf, 0xcc, 0xc0,
    0x2f, 0x11, 0xe2, 0x4f, 0x55, 0x7f, 0x55, 0x50,
    0x2f, 0x0, 0xe2, 0xca, 0x0, 0x3e, 0x0, 0x0,
    0x2f, 0x0, 0xe2, 0x32, 0x0, 0x3e, 0x0, 0x0,
    0x2f, 0x44, 0xf6, 0xff, 0xff, 0xff, 0xff, 0xf9,
    0x2f, 0xdd, 0xf3, 0x22, 0x22, 0x22, 0x22, 0x21,
    0x2f, 0x0, 0xe2, 0x1, 0x11, 0x11, 0x11, 0x10,
    0x2f, 0x0, 0xe2, 0xf, 0xff, 0xff, 0xff, 0xe0,
    0x2f, 0x0, 0xe2, 0xf, 0x10, 0x0, 0x3, 0xe0,
    0x2f, 0x66, 0xf2, 0xf, 0x10, 0x0, 0x3, 0xe0,
    0x2f, 0xaa, 0xf2, 0xf, 0x10, 0x0, 0x3, 0xe0,
    0x2f, 0x0, 0x81, 0xf, 0xff, 0xff, 0xff, 0xe0,
    0x0, 0x0, 0x0, 0xf, 0x32, 0x22, 0x24, 0xe0,

    /* U+7699 "皙" */
    0x0, 0x0, 0x0, 0x0, 0x0, 0x0, 0x0, 0x0,
    0x0, 0xc, 0x60, 0x0, 0x1, 0x23, 0x46, 0x60,
    0x1, 0x1c, 0x71, 0x17, 0xff, 0xfd, 0xcb, 0x90,
    0x2f, 0xff, 0xff, 0xb7, 0xa0, 0x0, 0x0, 0x0,
    0x0, 0x4f, 0x82, 0x8, 0xb2, 0x22, 0x22, 0x21,
    0x1, 0xee, 0xce, 0x3b, 0xfe, 0xee, 0xfe, 0xe8,
    0xb, 0x9c, 0x65, 0x5f, 0x20, 0x1, 0xf1, 0x0,
    0x4c, 0xc, 0x60, 0xea, 0x30, 0x1, 0xf1, 0x0,
    0x1, 0x6, 0x30, 0x29, 0x90, 0x0, 0x70, 0x0,
    0x0, 0x2f, 0xff, 0xff, 0xff, 0xff, 0xf9, 0x0,
    0x0, 0x3f, 0x11, 0x11, 0x11, 0x11, 0x8a, 0x0,
    0x0, 0x3f, 0x11, 0x11, 0x11, 0x11, 0x8a, 0x0,
    0x0, 0x3f, 0xff, 0xff, 0xff, 0xff, 0xfa, 0x0,
    0x0, 0x3f, 0x0, 0x0, 0x0, 0x0, 0x7a, 0x0,
    0x0, 0x3f, 0xee, 0xee, 0xee, 0xee, 0xfa, 0x0,
    0x0, 0x3f, 0x11, 0x11, 0x11, 0x11, 0x8a, 0x0,
    0x0, 0x0, 0x0, 0x0, 0x0, 0x0, 0x0, 0x0,

    /* U+76A4 "皤" */
    0x0, 0x7a, 0x0, 0x22, 0x23, 0x45, 0x67, 0x80,
    0x0, 0x9, 0x70, 0x1e, 0xed, 0xcf, 0xba, 0x98,
    0x0, 0xd, 0xfd, 0xd0, 0x3a, 0x10, 0xf0, 0x1b,
    0x50, 0x1, 0xf1, 0x1f, 0x10, 0x67, 0xf, 0x9,
    0x50, 0x0, 0x1f, 0x0, 0xf8, 0xff, 0xff, 0xff,
    0xff, 0xf9, 0x1, 0xf0, 0xf, 0x10, 0x5, 0xcf,
    0xc6, 0x0, 0x0, 0x1f, 0x77, 0xf1, 0x19, 0xb1,
    0xf1, 0xbb, 0x50, 0x1, 0xf9, 0x9f, 0x8e, 0x70,
    0xa, 0x0, 0x6e, 0xc0, 0x1f, 0x0, 0xf3, 0xce,
    0xee, 0xee, 0xee, 0xb2, 0x1, 0xf0, 0xf, 0x1c,
    0x41, 0x1f, 0x11, 0x4c, 0x0, 0x1f, 0x0, 0xf1,
    0xc4, 0x0, 0xf0, 0x4, 0xc0, 0x1, 0xf6, 0x6f,
    0x1c, 0xff, 0xff, 0xff, 0xfc, 0x0, 0x1f, 0x99,
    0xf1, 0xc4, 0x0, 0xf0, 0x4, 0xc0, 0x0, 0x70,
    0x5, 0xc, 0xdd, 0xdf, 0xdd, 0xdc, 0x0, 0x0,
    0x0, 0x0, 0xc5, 0x22, 0x22, 0x25, 0xc0, 0x0,

    /* U+76B2 "皲" */
    0x0, 0x0, 0x0, 0x0, 0x0, 0x2, 0x0, 0x0,
    0x0, 0x0, 0x0, 0x0, 0x0, 0xe, 0x20, 0x0,
    0x9f, 0xff, 0xff, 0xf1, 0x0, 0xe, 0x20, 0x0,
    0x97, 0x9, 0x0, 0xf5, 0xff, 0xff, 0xff, 0xf6,
    0x54, 0x7b, 0x0, 0x95, 0xc2, 0x2e, 0x42, 0x85,
    0xcf, 0xff, 0xff, 0xf6, 0xb0, 0xe, 0x20, 0x63,
    0x5, 0xd1, 0x11, 0x14, 0xb0, 0xe, 0x20, 0x0,
    0xa, 0x63, 0xd0, 0x4, 0xfe, 0xef, 0xee, 0xe1,
    0x2f, 0x13, 0xd0, 0x4, 0xcc, 0x73, 0x36, 0xf0,
    0x5f, 0xff, 0xff, 0xc5, 0xb8, 0x80, 0x9, 0xb0,
    0x0, 0x3, 0xd0, 0x6, 0xa3, 0xd0, 0x1f, 0x40,
    0x0, 0x3, 0xd1, 0x28, 0x80, 0xd6, 0xbc, 0x0,
    0xac, 0xde, 0xff, 0xdc, 0x50, 0x5f, 0xf2, 0x0,
    0x76, 0x56, 0xd0, 0x1f, 0x10, 0x7f, 0xe4, 0x0,
    0x0, 0x3, 0xd0, 0x9b, 0x2b, 0xe3, 0x7f, 0xb3,
    0x0, 0x3, 0xd0, 0xb3, 0xea, 0x10, 0x2, 0xb5,
    0x0, 0x0, 0x0, 0x0, 0x10, 0x0, 0x0, 0x0,

    /* U+76B4 "皴" */
    0x0, 0x2, 0x0, 0x0, 0x0, 0x3, 0x10, 0x0,
    0x0, 0xe, 0x40, 0x0, 0x0, 0xc, 0x40, 0x0,
    0x0, 0x99, 0x39, 0x0, 0x44, 0x4d, 0x74, 0x42,
    0x4, 0xc0, 0xd, 0x62, 0xfc, 0xcf, 0xdc, 0xd8,
    0x4f, 0xcb, 0xce, 0xf4, 0xe0, 0xc, 0x40, 0x67,
    0x3a, 0x75, 0x33, 0x8a, 0xe0, 0xc, 0x40, 0x54,
    0x0, 0xc5, 0x5c, 0x22, 0xe0, 0xc, 0x40, 0x0,
    0xc, 0xa1, 0x8, 0xe5, 0xff, 0xff, 0xff, 0xf1,
    0x6b, 0x4e, 0x0, 0x68, 0xe7, 0x80, 0x4, 0xe0,
    0x0, 0xdf, 0xff, 0x93, 0xd3, 0xc0, 0x9, 0xa0,
    0xa, 0xa1, 0x1b, 0x74, 0xd0, 0xf1, 0x1f, 0x30,
    0x6d, 0x5d, 0x6e, 0x6, 0xb0, 0x98, 0xbb, 0x0,
    0x1, 0x8, 0xf8, 0x9, 0x80, 0x1f, 0xe2, 0x0,
    0x0, 0x3e, 0xaf, 0x4e, 0x40, 0x8f, 0xf5, 0x0,
    0x2a, 0xf6, 0x3, 0x6e, 0x2b, 0xe3, 0x5f, 0xb3,
    0x5c, 0x20, 0x0, 0x87, 0xbb, 0x10, 0x2, 0xa6,
    0x0, 0x0, 0x0, 0x0, 0x0, 0x0, 0x0, 0x0,

    /* U+76CD "盍" */
    0x0, 0x0, 0x0, 0x1, 0x30, 0x0, 0x0, 0x0,
    0x0, 0x0, 0x0, 0x6, 0xd0, 0x0, 0x0, 0x0,
    0x0, 0x2f, 0xff, 0xff, 0xff, 0xff, 0xf9, 0x0,
    0x0, 0x1, 0x11, 0x16, 0xd1, 0x11, 0x10, 0x0,
    0x0, 0x0, 0x0, 0x6, 0xd0, 0x0, 0x0, 0x0,
    0x5f, 0xff, 0xff, 0xff, 0xff, 0xff, 0xff, 0xfc,
    0x1, 0x11, 0x2b, 0xd3, 0x11, 0xc7, 0x11, 0x11,
    0x0, 0x5, 0xe9, 0x0, 0x0, 0x5f, 0x90, 0x0,
    0x0, 0xbf, 0xfd, 0xee, 0xff, 0xfe, 0xfc, 0x10,
    0x0, 0x46, 0x43, 0x21, 0x10, 0x0, 0x1b, 0x30,
    0x0, 0xad, 0xdd, 0xdd, 0xdd, 0xdd, 0xdd, 0x10,
    0x0, 0xc8, 0x46, 0xf4, 0x4b, 0xa4, 0x4f, 0x20,
    0x0, 0xc6, 0x3, 0xf0, 0xa, 0x80, 0xf, 0x20,
    0x0, 0xc6, 0x3, 0xf0, 0xa, 0x80, 0xf, 0x20,
    0x1, 0xc7, 0x14, 0xf1, 0x1a, 0x81, 0x1f, 0x31,
    0x7f, 0xff, 0xff, 0xff, 0xff, 0xff, 0xff, 0xfe,

    /* U+76E5 "盥" */
    0x0, 0x0, 0x0, 0x0, 0x0, 0x0, 0x0, 0x0,
    0x0, 0x5, 0xab, 0x3, 0x60, 0x12, 0x22, 0x10,
    0x3, 0xfd, 0x95, 0x6, 0xa0, 0x5c, 0xce, 0x90,
    0x3, 0xd0, 0x2a, 0xa7, 0xa3, 0xd2, 0x9, 0x90,
    0x3, 0xfc, 0x92, 0xe8, 0xfc, 0x3c, 0xce, 0x90,
    0x3, 0xd2, 0x12, 0xf6, 0xfb, 0x2, 0x2a, 0x90,
    0x3, 0xd0, 0x9, 0xa6, 0xad, 0x50, 0x9, 0x90,
    0x3, 0xfe, 0xaf, 0x26, 0xa4, 0xe9, 0xef, 0x90,
    0x3, 0xd0, 0x68, 0x3a, 0x90, 0x91, 0x9, 0x90,
    0x3, 0xd0, 0x5, 0xff, 0x40, 0x0, 0x9, 0x90,
    0x0, 0x44, 0x44, 0x44, 0x44, 0x44, 0x45, 0x10,
    0x0, 0xad, 0xcd, 0xfc, 0xcf, 0xdc, 0xcf, 0x0,
    0x0, 0xa6, 0x4, 0xd0, 0xc, 0x50, 0x3f, 0x0,
    0x0, 0xa6, 0x4, 0xd0, 0xc, 0x50, 0x3f, 0x0,
    0x5c, 0xed, 0xcd, 0xfc, 0xcf, 0xdc, 0xdf, 0xcb,
    0x14, 0x44, 0x44, 0x44, 0x44, 0x44, 0x44, 0x43,

    /* U+76F1 "盱" */
    0x2, 0x22, 0x22, 0x2, 0x22, 0x22, 0x22, 0x20,
    0xf, 0xff, 0xfe, 0xe, 0xff, 0xff, 0xff, 0xf1,
    0xf, 0x20, 0x3e, 0x0, 0x0, 0x7c, 0x0, 0x0,
    0xf, 0x20, 0x3e, 0x0, 0x0, 0x7c, 0x0, 0x0,
    0xf, 0x53, 0x6e, 0x0, 0x0, 0x7c, 0x0, 0x0,
    0xf, 0xdd, 0xde, 0x0, 0x0, 0x7c, 0x0, 0x0,
    0xf, 0x20, 0x3e, 0x47, 0x77, 0xbe, 0x77, 0x75,
    0xf, 0x20, 0x3e, 0x47, 0x77, 0xbd, 0x77, 0x74,
    0xf, 0xee, 0xee, 0x0, 0x0, 0x7c, 0x0, 0x0,
    0xf, 0x42, 0x5e, 0x0, 0x0, 0x7c, 0x0, 0x0,
    0xf, 0x20, 0x3e, 0x0, 0x0, 0x7c, 0x0, 0x0,
    0xf, 0x20, 0x3e, 0x0, 0x0, 0x7c, 0x0, 0x0,
    0xf, 0xff, 0xfe, 0x0, 0x0, 0x7c, 0x0, 0x0,
    0xf, 0x42, 0x5e, 0x4, 0x55, 0xca, 0x0, 0x0,
    0x8, 0x10, 0x14, 0x9, 0xff, 0xe3, 0x0, 0x0,
    0x0, 0x0, 0x0, 0x0, 0x0, 0x0, 0x0, 0x0,

    /* U+76F9 "盹" */
    0x23, 0x33, 0x0, 0x0, 0xd, 0x30, 0x0, 0x0,
    0xfe, 0xef, 0x30, 0x0, 0xf, 0x40, 0x0, 0x0,
    0xf3, 0xe, 0x3a, 0xdd, 0xdf, 0xdd, 0xdd, 0x90,
    0xf3, 0xe, 0x32, 0x33, 0x3f, 0x63, 0x33, 0x20,
    0xfa, 0x9f, 0x33, 0xd0, 0xf, 0x40, 0x3d, 0x0,
    0xf9, 0x7f, 0x33, 0xe0, 0xf, 0x40, 0x3e, 0x0,
    0xf3, 0xe, 0x33, 0xe0, 0xf, 0x40, 0x3e, 0x0,
    0xf3, 0xe, 0x33, 0xe0, 0xf, 0x40, 0x3e, 0x0,
    0xfd, 0xcf, 0x33, 0xfa, 0xaf, 0xba, 0xbe, 0x0,
    0xf6, 0x4f, 0x31, 0x77, 0x7f, 0x97, 0x9e, 0x0,
    0xf3, 0xe, 0x30, 0x0, 0xf, 0x40, 0x1, 0x10,
    0xf3, 0xe, 0x30, 0x0, 0xf, 0x40, 0x2, 0xf0,
    0xff, 0xff, 0x30, 0x0, 0xe, 0x40, 0x3, 0xe0,
    0xf5, 0x2e, 0x30, 0x0, 0xd, 0x81, 0x1a, 0xc0,
    0xb2, 0x8, 0x10, 0x0, 0x5, 0xef, 0xfd, 0x40,

    /* U+7704 "眄" */
    0x0, 0x0, 0x15, 0x55, 0x55, 0x55, 0x55, 0x3f,
    0xff, 0xf7, 0xbb, 0xbb, 0xfd, 0xbb, 0xb7, 0xf3,
    0x1e, 0x30, 0x0, 0xd, 0x40, 0x0, 0xf, 0x20,
    0xe3, 0x2e, 0x0, 0xd4, 0x0, 0x0, 0xfb, 0xbf,
    0x32, 0xf0, 0xd, 0xdd, 0xdd, 0x2f, 0x65, 0xf3,
    0x2f, 0x0, 0xd7, 0x44, 0xf2, 0xf2, 0xe, 0x32,
    0xf0, 0xd, 0x40, 0xf, 0x1f, 0x53, 0xf3, 0x2f,
    0x0, 0xd4, 0x1, 0xf1, 0xfd, 0xcf, 0x32, 0xff,
    0xff, 0xff, 0xff, 0xf, 0x20, 0xe3, 0x2, 0x22,
    0x22, 0x24, 0xf0, 0xf2, 0xe, 0x30, 0x0, 0x0,
    0x0, 0x2f, 0xf, 0x42, 0xe3, 0x0, 0x0, 0x0,
    0x3, 0xf0, 0xfe, 0xef, 0x30, 0x0, 0x0, 0x0,
    0x5e, 0xf, 0x20, 0xc2, 0x0, 0x33, 0x33, 0x4d,
    0xa0, 0x40, 0x0, 0x0, 0xa, 0xff, 0xff, 0xb1,
    0x0, 0x0, 0x0, 0x0, 0x0, 0x0, 0x0, 0x0,

    /* U+7707 "眇" */
    0x0, 0x0, 0x0, 0x0, 0x2, 0x0, 0x0, 0x4,
    0x44, 0x44, 0x0, 0x0, 0xe4, 0x0, 0x0, 0xfd,
    0xcd, 0xe0, 0x0, 0xe, 0x40, 0x0, 0xf, 0x20,
    0x3e, 0x2, 0x60, 0xe4, 0x66, 0x0, 0xf2, 0x3,
    0xe0, 0x7b, 0xe, 0x44, 0xf1, 0xf, 0xba, 0xbe,
    0xc, 0x60, 0xe4, 0xb, 0xa0, 0xf7, 0x68, 0xe1,
    0xf2, 0xe, 0x40, 0x3f, 0x3f, 0x20, 0x3e, 0x7c,
    0x0, 0xe4, 0x0, 0xa6, 0xf3, 0x14, 0xe9, 0x70,
    0xe, 0x40, 0x35, 0xf, 0xff, 0xfe, 0x0, 0x0,
    0xe4, 0xd, 0xa0, 0xf2, 0x3, 0xe0, 0x0, 0xe,
    0x49, 0xe1, 0xf, 0x20, 0x3e, 0x0, 0x0, 0x8,
    0xf3, 0x0, 0xf5, 0x35, 0xe0, 0x0, 0x9, 0xf4,
    0x0, 0xf, 0xed, 0xdc, 0x0, 0x5e, 0xe3, 0x0,
    0x0, 0xc2, 0x0, 0x17, 0xcf, 0x91, 0x0, 0x0,
    0x0, 0x0, 0xc, 0xe9, 0x20, 0x0, 0x0, 0x0,
    0x0, 0x0, 0x10, 0x0, 0x0, 0x0, 0x0, 0x0,

    /* U+7708 "眈" */
    0x0, 0x0, 0x0, 0x0, 0x2, 0x0, 0x0, 0x1,
    0x11, 0x11, 0x0, 0x2, 0xf0, 0x0, 0x0, 0xff,
    0xff, 0xd0, 0x0, 0x2f, 0x0, 0x0, 0xf, 0x20,
    0x5d, 0x4a, 0xab, 0xfa, 0xaa, 0xa0, 0xf2, 0x5,
    0xd7, 0xd6, 0x8f, 0x66, 0x8f, 0xf, 0xdc, 0xdd,
    0x7b, 0x4, 0xe0, 0x2, 0xf0, 0xf5, 0x47, 0xd5,
    0x90, 0x5d, 0x0, 0x1c, 0xf, 0x20, 0x5d, 0x0,
    0x7, 0xc2, 0x0, 0x0, 0xf2, 0x5, 0xd0, 0x0,
    0xab, 0xf0, 0x0, 0xf, 0xff, 0xfd, 0x0, 0xe,
    0x8f, 0x0, 0x0, 0xf3, 0x15, 0xd0, 0x4, 0xf3,
    0xf0, 0x0, 0xf, 0x20, 0x5d, 0x0, 0xca, 0x2f,
    0x0, 0x10, 0xf3, 0x16, 0xd0, 0x5f, 0x22, 0xf0,
    0x6, 0xaf, 0xff, 0xfc, 0x3f, 0x90, 0x2f, 0x0,
    0x8a, 0xf2, 0x0, 0x3e, 0xc0, 0x1, 0xf3, 0x2c,
    0x75, 0x0, 0xc, 0xc1, 0x0, 0xa, 0xff, 0xd1,
    0x0, 0x0, 0x20, 0x0, 0x0, 0x0, 0x0, 0x0,

    /* U+770D "眍" */
    0x0, 0x0, 0x0, 0x22, 0x22, 0x22, 0x22, 0x1e,
    0xff, 0xf2, 0x3f, 0xff, 0xff, 0xff, 0xf9, 0xe2,
    0xe, 0x23, 0xe0, 0x0, 0x0, 0x22, 0xe, 0x20,
    0xe2, 0x3e, 0x3d, 0x0, 0xb, 0x90, 0xe5, 0x3f,
    0x23, 0xe0, 0xb8, 0x2, 0xf1, 0xe, 0xdd, 0xf2,
    0x3e, 0x2, 0xf2, 0xb8, 0x0, 0xe2, 0xe, 0x23,
    0xe0, 0x7, 0xde, 0x10, 0xe, 0x20, 0xe2, 0x3e,
    0x0, 0xf, 0xa0, 0x0, 0xef, 0xff, 0x23, 0xe0,
    0x8, 0xdf, 0x20, 0xe, 0x31, 0xe2, 0x3e, 0x3,
    0xf3, 0x9c, 0x0, 0xe2, 0xe, 0x23, 0xe0, 0xd8,
    0x1, 0xf6, 0xe, 0x65, 0xf2, 0x3e, 0x8d, 0x0,
    0x7, 0xd0, 0xec, 0xbf, 0x23, 0xe1, 0x20, 0x0,
    0x1, 0xe, 0x20, 0xe2, 0x3f, 0xcc, 0xcc, 0xcc,
    0xc8, 0x30, 0x1, 0x1, 0x55, 0x55, 0x55, 0x55,
    0x30,

    /* U+7719 "眙" */
    0x0, 0x0, 0x0, 0x0, 0x0, 0x0, 0x0, 0x0,
    0x11, 0x11, 0x10, 0x0, 0x8e, 0x0, 0x0, 0x0,
    0xff, 0xff, 0xd0, 0x1, 0xf7, 0x0, 0x0, 0x0,
    0xf2, 0x5, 0xd0, 0x8, 0xd0, 0x8, 0x90, 0x0,
    0xf2, 0x5, 0xd0, 0x2f, 0x30, 0x2, 0xf2, 0x0,
    0xf9, 0x8a, 0xd0, 0xc9, 0x0, 0x12, 0xbb, 0x0,
    0xf9, 0x8a, 0xd9, 0xff, 0xff, 0xff, 0xef, 0x40,
    0xf2, 0x5, 0xd2, 0x64, 0x31, 0x0, 0x9, 0xc0,
    0xf2, 0x5, 0xd0, 0x0, 0x0, 0x0, 0x1, 0x0,
    0xff, 0xff, 0xd0, 0xff, 0xff, 0xff, 0xfc, 0x0,
    0xf2, 0x5, 0xd0, 0xf4, 0x11, 0x11, 0x6d, 0x0,
    0xf2, 0x5, 0xd0, 0xf3, 0x0, 0x0, 0x5d, 0x0,
    0xf6, 0x58, 0xd0, 0xf3, 0x0, 0x0, 0x5d, 0x0,
    0xfc, 0xbc, 0xd0, 0xf3, 0x0, 0x0, 0x5d, 0x0,
    0xf2, 0x4, 0xc0, 0xff, 0xff, 0xff, 0xfd, 0x0,
    0x50, 0x0, 0x0, 0xf3, 0x0, 0x0, 0x5d, 0x0,
    0x0, 0x0, 0x0, 0x0, 0x0, 0x0, 0x0, 0x0,

    /* U+771A "眚" */
    0x0, 0x0, 0x10, 0x0, 0x30, 0x0, 0x0, 0x0,
    0x0, 0x1e, 0x70, 0x3, 0xf0, 0x0, 0x0, 0x0,
    0x0, 0xbf, 0xff, 0xff, 0xff, 0xff, 0xff, 0xf0,
    0xa, 0xd1, 0x0, 0x3, 0xf0, 0x0, 0x0, 0x0,
    0x7, 0x6e, 0xee, 0xee, 0xfe, 0xee, 0xee, 0x80,
    0x0, 0x0, 0x0, 0x3, 0xf0, 0x0, 0x0, 0x0,
    0x1b, 0xbb, 0xbb, 0xbc, 0xfb, 0xbb, 0xbb, 0xb9,
    0x3, 0x33, 0x33, 0x33, 0x33, 0x33, 0x33, 0x32,
    0x0, 0x3c, 0xcc, 0xcc, 0xcc, 0xcc, 0xcb, 0x0,
    0x0, 0x4e, 0x33, 0x33, 0x33, 0x33, 0x5f, 0x0,
    0x0, 0x4f, 0xcc, 0xcc, 0xcc, 0xcc, 0xcf, 0x0,
    0x0, 0x4e, 0x22, 0x22, 0x22, 0x22, 0x5f, 0x0,
    0x0, 0x4f, 0xcc, 0xcc, 0xcc, 0xcc, 0xdf, 0x0,
    0x0, 0x4e, 0x22, 0x22, 0x22, 0x22, 0x4f, 0x0,
    0x0, 0x4f, 0xcc, 0xcc, 0xcc, 0xcc, 0xdf, 0x0,
    0x0, 0x4e, 0x22, 0x22, 0x22, 0x22, 0x4f, 0x0,
    0x0, 0x0, 0x0, 0x0, 0x0, 0x0, 0x0, 0x0,

    /* U+7722 "眢" */
    0x0, 0x7, 0x10, 0x0, 0x0, 0x0, 0x0, 0x0,
    0x0, 0x4f, 0xba, 0xa2, 0xac, 0xcc, 0xcc, 0x0,
    0x1, 0xd6, 0x44, 0xf1, 0xe6, 0x33, 0x4f, 0x0,
    0xc, 0x90, 0x6, 0xb0, 0xe4, 0x0, 0x3f, 0x0,
    0x8a, 0x4d, 0x4e, 0x30, 0xe4, 0xbf, 0xf9, 0x40,
    0x0, 0x8, 0xf6, 0x0, 0xe5, 0x0, 0x2, 0xf2,
    0x4, 0xae, 0x50, 0x0, 0xaf, 0xee, 0xef, 0x90,
    0x9e, 0x81, 0x0, 0x0, 0x2, 0x33, 0x21, 0x0,
    0x0, 0xef, 0xff, 0xff, 0xff, 0xff, 0xf3, 0x0,
    0x0, 0xe4, 0x0, 0x0, 0x0, 0x0, 0xe3, 0x0,
    0x0, 0xef, 0xff, 0xff, 0xff, 0xff, 0xf3, 0x0,
    0x0, 0xe4, 0x0, 0x0, 0x0, 0x0, 0xe3, 0x0,
    0x0, 0xef, 0xff, 0xff, 0xff, 0xff, 0xf3, 0x0,
    0x0, 0xe4, 0x0, 0x0, 0x0, 0x0, 0xe3, 0x0,
    0x0, 0xef, 0xee, 0xee, 0xee, 0xee, 0xf3, 0x0,
    0x0, 0xe5, 0x0, 0x0, 0x0, 0x0, 0xe3, 0x0,

    /* U+7726 "眦" */
    0x0, 0x0, 0x0, 0x0, 0x3a, 0xa, 0x30, 0x0,
    0x1f, 0xff, 0xe0, 0x0, 0x4d, 0xc, 0x40, 0x0,
    0x1e, 0x1, 0xe0, 0x50, 0x4d, 0xc, 0x40, 0x0,
    0x1e, 0x1, 0xe0, 0xe2, 0x4d, 0xc, 0x40, 0xaa,
    0x1f, 0xaa, 0xe0, 0xe2, 0x4d, 0x2c, 0x5b, 0xe2,
    0x1f, 0x67, 0xe0, 0xe2, 0x4f, 0xff, 0xfc, 0x10,
    0x1e, 0x1, 0xe0, 0xe2, 0x4d, 0xc, 0xa0, 0x0,
    0x1e, 0x2, 0xe0, 0xe2, 0x4d, 0xc, 0x40, 0x0,
    0x1f, 0xff, 0xe0, 0xe2, 0x4d, 0xc, 0x40, 0x0,
    0x1e, 0x1, 0xe0, 0xe2, 0x4d, 0xc, 0x40, 0x0,
    0x1e, 0x1, 0xe0, 0xe2, 0x4d, 0xc, 0x40, 0x3a,
    0x1f, 0xff, 0xe0, 0xe2, 0x4d, 0x2c, 0x40, 0x4c,
    0x1e, 0x0, 0x0, 0xe6, 0xaf, 0xfd, 0x40, 0x5b,
    0x1a, 0x0, 0x1a, 0xff, 0xd9, 0x5b, 0x92, 0xa9,
    0x0, 0x0, 0xc, 0x72, 0x0, 0x4, 0xef, 0xe3,

    /* U+772D "眭" */
    0x0, 0x0, 0x0, 0x0, 0x1, 0x0, 0x0, 0x3,
    0x44, 0x41, 0x0, 0x0, 0xe4, 0x0, 0x0, 0xeb,
    0xbe, 0x40, 0x0, 0xe, 0x40, 0x0, 0xe, 0x20,
    0xc4, 0x8f, 0xff, 0xff, 0xff, 0xa0, 0xe2, 0xc,
    0x41, 0x22, 0x2e, 0x62, 0x21, 0xe, 0x98, 0xe4,
    0x0, 0x0, 0xe4, 0x0, 0x0, 0xea, 0x9e, 0x52,
    0x22, 0x2e, 0x62, 0x22, 0x1e, 0x20, 0xc6, 0xff,
    0xff, 0xff, 0xff, 0xf7, 0xe2, 0xc, 0x40, 0x0,
    0xb, 0x30, 0x0, 0xe, 0xee, 0xf4, 0x0, 0x0,
    0xe4, 0x0, 0x0, 0xe2, 0xc, 0x48, 0xdd, 0xdf,
    0xdd, 0xdb, 0xe, 0x20, 0xc4, 0x35, 0x55, 0xf7,
    0x55, 0x40, 0xe3, 0x2c, 0x40, 0x0, 0xe, 0x40,
    0x0, 0xe, 0xff, 0xf4, 0x0, 0x0, 0xe4, 0x0,
    0x0, 0xd2, 0x0, 0xcf, 0xff, 0xff, 0xff, 0xff,
    0xb0, 0x0, 0x2, 0x22, 0x22, 0x22, 0x22, 0x22,

    /* U+7735 "眵" */
    0x0, 0x0, 0x0, 0x0, 0x12, 0x0, 0x0, 0x0,
    0x4, 0x44, 0x41, 0x0, 0xba, 0x0, 0x0, 0x0,
    0xf, 0xcc, 0xf4, 0x5, 0xff, 0xff, 0xff, 0xb0,
    0xf, 0x0, 0xd4, 0x2e, 0x52, 0x22, 0x2e, 0x80,
    0xf, 0x0, 0xd6, 0xe8, 0xa3, 0x0, 0xac, 0x0,
    0xf, 0x33, 0xd8, 0x90, 0x7f, 0x5b, 0xc1, 0x0,
    0xf, 0xdd, 0xf4, 0x0, 0x9, 0xfa, 0x0, 0x0,
    0xf, 0x0, 0xd4, 0x38, 0xde, 0x90, 0x0, 0x0,
    0xf, 0x0, 0xd7, 0xd9, 0x4d, 0xd7, 0x77, 0x72,
    0xf, 0xcc, 0xf4, 0x0, 0xcb, 0x88, 0x89, 0xf4,
    0xf, 0x33, 0xd4, 0x1d, 0xa0, 0x0, 0xb, 0xd0,
    0xf, 0x0, 0xd9, 0xe9, 0x6b, 0x0, 0x9f, 0x20,
    0xf, 0x0, 0xd9, 0x60, 0xb, 0xcc, 0xf4, 0x0,
    0xf, 0xee, 0xf4, 0x0, 0x19, 0xfd, 0x20, 0x0,
    0xf, 0x22, 0x21, 0x5a, 0xfe, 0x60, 0x0, 0x0,
    0x4, 0x0, 0xd, 0xfa, 0x50, 0x0, 0x0, 0x0,
    0x0, 0x0, 0x1, 0x0, 0x0, 0x0, 0x0, 0x0,

    /* U+7738 "眸" */
    0x0, 0x0, 0x0, 0x0, 0x10, 0x0, 0x0, 0x1,
    0x11, 0x10, 0x0, 0xb, 0xb0, 0x0, 0x0, 0xff,
    0xff, 0x50, 0x7, 0xe1, 0x18, 0x0, 0xf, 0x20,
    0xd5, 0x5, 0xe2, 0x0, 0xca, 0x0, 0xf2, 0xd,
    0x58, 0xfa, 0x78, 0x9b, 0xf7, 0xf, 0xdc, 0xf5,
    0x9b, 0x98, 0x66, 0x56, 0xf3, 0xf5, 0x4d, 0x50,
    0x84, 0xd, 0x30, 0x3, 0xf, 0x20, 0xd5, 0xf,
    0x52, 0xe6, 0x22, 0x20, 0xf2, 0xd, 0x56, 0xff,
    0xff, 0xff, 0xff, 0x1f, 0xff, 0xf5, 0xd6, 0x0,
    0xe4, 0x0, 0x0, 0xf3, 0x1d, 0x6c, 0x0, 0xe,
    0x40, 0x0, 0xf, 0x20, 0xd5, 0x44, 0x44, 0xe7,
    0x44, 0x42, 0xf3, 0x1d, 0x6e, 0xee, 0xef, 0xee,
    0xee, 0x8f, 0xff, 0xf5, 0x0, 0x0, 0xe4, 0x0,
    0x0, 0xf2, 0x9, 0x30, 0x0, 0xe, 0x40, 0x0,
    0x5, 0x0, 0x0, 0x0, 0x0, 0xe4, 0x0, 0x0,

    /* U+7743 "睃" */
    0x0, 0x0, 0x0, 0x0, 0x10, 0x0, 0x0, 0x1,
    0x11, 0x10, 0x0, 0xc, 0xa0, 0x0, 0x0, 0xff,
    0xff, 0x20, 0x7, 0xe1, 0x9, 0x10, 0xf, 0x10,
    0xf2, 0x5, 0xf3, 0x0, 0xac, 0x10, 0xf1, 0xf,
    0x26, 0xfa, 0x67, 0x79, 0xfc, 0xf, 0x54, 0xf2,
    0xae, 0xcb, 0xa9, 0x98, 0xe6, 0xfc, 0xbf, 0x20,
    0x48, 0x0, 0x9, 0x32, 0xf, 0x10, 0xf3, 0xaf,
    0x60, 0x0, 0x7e, 0xa2, 0xf1, 0xf, 0xcb, 0x29,
    0x90, 0x0, 0x19, 0x5f, 0xdd, 0xf2, 0x6, 0xff,
    0xff, 0xff, 0x40, 0xf3, 0x2f, 0x25, 0xfc, 0x11,
    0x16, 0xe1, 0xf, 0x10, 0xf7, 0xf5, 0xd7, 0x2,
    0xe5, 0x0, 0xf2, 0x1f, 0x54, 0x3, 0xf9, 0xe8,
    0x0, 0xf, 0xff, 0xf1, 0x0, 0x1a, 0xfe, 0x30,
    0x0, 0xf1, 0x0, 0x4, 0x9f, 0xc4, 0x9f, 0xc6,
    0x16, 0x0, 0x9, 0xfc, 0x50, 0x0, 0x3a, 0xf8,
    0x0, 0x0, 0x12, 0x0, 0x0, 0x0, 0x0, 0x0,

    /* U+7747 "睇" */
    0x0, 0x0, 0x0, 0x0, 0x10, 0x0, 0x10, 0x0,
    0x4, 0x44, 0x40, 0x3, 0xe1, 0x0, 0xc9, 0x0,
    0x2f, 0xcc, 0xf2, 0x0, 0x96, 0x8, 0xd0, 0x0,
    0x2e, 0x0, 0xe2, 0x9f, 0xff, 0xff, 0xff, 0xe0,
    0x2e, 0x0, 0xe2, 0x1, 0x12, 0xf2, 0x13, 0xe0,
    0x2f, 0xaa, 0xf2, 0x0, 0x1, 0xf1, 0x2, 0xe0,
    0x2f, 0x66, 0xf2, 0x6f, 0xff, 0xff, 0xff, 0xe0,
    0x2e, 0x0, 0xe2, 0x88, 0x12, 0xf2, 0x12, 0x70,
    0x2e, 0x0, 0xe2, 0xa6, 0x1, 0xf1, 0x0, 0x0,
    0x2f, 0xff, 0xf2, 0xcf, 0xff, 0xff, 0xff, 0xf9,
    0x2e, 0x0, 0xe2, 0x11, 0x1c, 0xf2, 0x11, 0x99,
    0x2e, 0x0, 0xe2, 0x0, 0xaa, 0xf1, 0x0, 0xa7,
    0x2f, 0x77, 0xf2, 0x1b, 0xb1, 0xf3, 0x22, 0xd5,
    0x2f, 0x99, 0x97, 0xeb, 0x1, 0xf8, 0xff, 0xd1,
    0x19, 0x0, 0x1d, 0x70, 0x1, 0xf1, 0x11, 0x0,
    0x0, 0x0, 0x0, 0x0, 0x1, 0xf1, 0x0, 0x0,

    /* U+7750 "睐" */
    0x0, 0x0, 0x0, 0x0, 0x1, 0x60, 0x0, 0x0,
    0x1, 0x11, 0x0, 0x0, 0x3, 0xf0, 0x0, 0x0,
    0x2f, 0xff, 0xe0, 0x11, 0x14, 0xf1, 0x11, 0x10,
    0x2f, 0x24, 0xe0, 0xef, 0xff, 0xff, 0xff, 0xb0,
    0x2f, 0x2, 0xe0, 0x10, 0x3, 0xf0, 0x0, 0x0,
    0x2f, 0x35, 0xe0, 0xd6, 0x3, 0xf0, 0xb, 0x90,
    0x2f, 0xdd, 0xe0, 0x3f, 0x43, 0xf0, 0xad, 0x10,
    0x2f, 0x2, 0xe0, 0x5, 0x43, 0xf0, 0x92, 0x0,
    0x2f, 0x2, 0xe7, 0xcc, 0xcd, 0xfc, 0xcc, 0xc4,
    0x2f, 0xff, 0xe1, 0x22, 0x7e, 0xfe, 0x32, 0x20,
    0x2f, 0x13, 0xe0, 0x0, 0xd7, 0xf9, 0x80, 0x0,
    0x2f, 0x2, 0xe0, 0x8, 0xb3, 0xf1, 0xe3, 0x0,
    0x2f, 0x13, 0xe0, 0x5e, 0x23, 0xf0, 0x7e, 0x20,
    0x2f, 0xff, 0xe5, 0xf4, 0x3, 0xf0, 0xa, 0xe4,
    0x2f, 0x3, 0xfd, 0x60, 0x3, 0xf0, 0x0, 0xa6,
    0x2f, 0x0, 0x20, 0x0, 0x3, 0xf0, 0x0, 0x0,

    /* U+7751 "睑" */
    0x0, 0x0, 0x0, 0x0, 0x0, 0x52, 0x0, 0x0,
    0x0, 0x33, 0x33, 0x0, 0x0, 0x5f, 0xa0, 0x0,
    0x0, 0x1f, 0xee, 0xf3, 0x0, 0x1e, 0xdf, 0x50,
    0x0, 0x1, 0xf1, 0xe, 0x30, 0xc, 0xd0, 0x8f,
    0x30, 0x0, 0x1f, 0x10, 0xe3, 0xb, 0xf2, 0x0,
    0xaf, 0x40, 0x1, 0xfb, 0xaf, 0x4c, 0xe3, 0x0,
    0x0, 0x9f, 0x80, 0x1f, 0x54, 0xf7, 0xd5, 0xdd,
    0xdd, 0xdc, 0x67, 0x1, 0xf1, 0xe, 0x30, 0x14,
    0x44, 0x44, 0x30, 0x0, 0x1f, 0x10, 0xe3, 0x13,
    0x6, 0xa0, 0x7, 0x40, 0x1, 0xff, 0xff, 0x34,
    0xe0, 0x4e, 0x0, 0xe5, 0x0, 0x1f, 0x21, 0xe3,
    0xf, 0x30, 0xf2, 0x3f, 0x10, 0x1, 0xf1, 0xe,
    0x30, 0xb7, 0xd, 0x58, 0xb0, 0x0, 0x1f, 0x21,
    0xe3, 0x7, 0xa0, 0x53, 0xd5, 0x0, 0x1, 0xff,
    0xff, 0x30, 0x0, 0x0, 0x2f, 0x0, 0x0, 0x1f,
    0x10, 0xe4, 0xff, 0xff, 0xff, 0xff, 0xfa, 0x0,
    0x50, 0x1, 0x2, 0x22, 0x22, 0x22, 0x22, 0x10,

    /* U+775A "睚" */
    0x1, 0x11, 0x1, 0x11, 0x11, 0x11, 0x11, 0xe,
    0xff, 0xf1, 0xee, 0xee, 0xee, 0xee, 0xe3, 0xe2,
    0xf, 0x1e, 0x30, 0x1, 0xb0, 0x0, 0xe, 0x20,
    0xf1, 0xe4, 0x55, 0x7f, 0x55, 0x40, 0xec, 0xbf,
    0x1e, 0x58, 0x89, 0xf8, 0x85, 0xe, 0x64, 0xf1,
    0xe3, 0x0, 0x2e, 0x0, 0x0, 0xe2, 0xf, 0x1e,
    0x30, 0x2, 0xe0, 0x0, 0xe, 0x20, 0xf1, 0xef,
    0xff, 0xff, 0xff, 0xf3, 0xea, 0x9f, 0x1f, 0x10,
    0x1, 0x90, 0x0, 0xe, 0x65, 0xf2, 0xf1, 0x0,
    0x2e, 0x0, 0x0, 0xe2, 0xf, 0x4e, 0x6f, 0xff,
    0xff, 0xfb, 0xe, 0x20, 0xf7, 0xc0, 0x0, 0x2e,
    0x0, 0x0, 0xef, 0xff, 0xb8, 0x0, 0x2, 0xe0,
    0x0, 0xe, 0x20, 0xe, 0x7f, 0xff, 0xff, 0xff,
    0xf7, 0x20, 0x0, 0x80, 0x0, 0x0, 0x0, 0x0,
    0x0,

    /* U+7762 "睢" */
    0x0, 0x0, 0x0, 0x0, 0x0, 0x0, 0x0, 0x0,
    0x0, 0x0, 0x0, 0x0, 0xd4, 0x3c, 0x0, 0x0,
    0x1e, 0xee, 0xe2, 0x6, 0xe0, 0xd, 0x80, 0x0,
    0x1f, 0x33, 0xe2, 0xd, 0x92, 0x26, 0x82, 0x21,
    0x1f, 0x0, 0xe2, 0x7f, 0xee, 0xef, 0xee, 0xe8,
    0x1f, 0x44, 0xf5, 0xff, 0x0, 0xe, 0x30, 0x0,
    0x1f, 0xaa, 0xfe, 0xdf, 0x0, 0xe, 0x30, 0x0,
    0x1f, 0x0, 0xe9, 0x4f, 0xff, 0xff, 0xff, 0xf7,
    0x1f, 0x0, 0xe2, 0x3f, 0x11, 0x1e, 0x51, 0x10,
    0x1f, 0xaa, 0xf2, 0x3f, 0x0, 0xe, 0x30, 0x0,
    0x1f, 0x77, 0xf2, 0x3f, 0x55, 0x5f, 0x75, 0x52,
    0x1f, 0x0, 0xe2, 0x3f, 0xcc, 0xcf, 0xcc, 0xc5,
    0x1f, 0x0, 0xe2, 0x3f, 0x0, 0xe, 0x30, 0x0,
    0x1f, 0xff, 0xf2, 0x3f, 0x11, 0x1e, 0x41, 0x10,
    0x1f, 0x0, 0xe2, 0x3f, 0xff, 0xff, 0xff, 0xfc,
    0x1f, 0x0, 0x20, 0x3f, 0x0, 0x0, 0x0, 0x0,

    /* U+7765 "睥" */
    0x0, 0x0, 0x0, 0x0, 0x4, 0x30, 0x0, 0x0,
    0x1, 0x11, 0x10, 0x0, 0xd, 0x60, 0x0, 0x0,
    0x1f, 0xff, 0xf0, 0xde, 0xef, 0xee, 0xee, 0xd0,
    0x1f, 0x1, 0xf0, 0xe4, 0x13, 0xf1, 0x14, 0xe0,
    0x1f, 0x1, 0xf0, 0xe2, 0x1, 0xf0, 0x2, 0xe0,
    0x1f, 0x34, 0xf0, 0xe9, 0x89, 0xf8, 0x89, 0xe0,
    0x1f, 0xdd, 0xf0, 0xe9, 0x89, 0xf8, 0x89, 0xe0,
    0x1f, 0x1, 0xf0, 0xe2, 0x5, 0xc0, 0x2, 0xe0,
    0x1f, 0x1, 0xf0, 0xeb, 0xad, 0xea, 0xab, 0xe0,
    0x1f, 0xff, 0xf0, 0x33, 0xbe, 0x59, 0x35, 0xc0,
    0x1f, 0x1, 0xf0, 0xa, 0xf3, 0x3f, 0x0, 0x0,
    0x1f, 0x1, 0xf0, 0xbd, 0x20, 0x3f, 0x0, 0x0,
    0x1f, 0x34, 0xf7, 0xdc, 0xcc, 0xdf, 0xcc, 0xca,
    0x1f, 0xdd, 0xf3, 0x55, 0x55, 0x7f, 0x55, 0x54,
    0xd, 0x0, 0x60, 0x0, 0x0, 0x3f, 0x0, 0x0,
    0x0, 0x0, 0x0, 0x0, 0x0, 0x3f, 0x0, 0x0,

    /* U+7768 "睨" */
    0x0, 0x0, 0x0, 0x2, 0x7b, 0x11, 0x11, 0x10,
    0x2f, 0xff, 0xf0, 0xcf, 0xb7, 0x3f, 0xff, 0xe0,
    0x2f, 0x11, 0xf1, 0xd4, 0x0, 0x0, 0x3, 0xe0,
    0x2f, 0x0, 0xf1, 0xd4, 0x0, 0x0, 0x3, 0xe0,
    0x2f, 0x33, 0xf1, 0xda, 0x87, 0x8, 0x89, 0xe0,
    0x2f, 0xdd, 0xf1, 0xda, 0x98, 0x9, 0x9a, 0xe0,
    0x2f, 0x0, 0xf1, 0xd4, 0x0, 0x0, 0x3, 0xe0,
    0x2f, 0x0, 0xf1, 0xd7, 0x44, 0x44, 0x46, 0xe0,
    0x2f, 0xff, 0xf1, 0xdc, 0xde, 0xbf, 0xcc, 0xe0,
    0x2f, 0x11, 0xf1, 0x31, 0x8a, 0xe, 0x30, 0x30,
    0x2f, 0x0, 0xf1, 0x0, 0xa8, 0xe, 0x30, 0x0,
    0x2f, 0x12, 0xf1, 0x1, 0xf4, 0xe, 0x30, 0x4d,
    0x2f, 0xff, 0xf0, 0xb, 0xc0, 0xe, 0x30, 0x5d,
    0x2f, 0x0, 0x1, 0xbe, 0x20, 0xd, 0x71, 0xab,
    0x18, 0x0, 0xe, 0xd2, 0x0, 0x7, 0xff, 0xe4,
    0x0, 0x0, 0x3, 0x0, 0x0, 0x0, 0x0, 0x0,

    /* U+777D "睽" */
    0x0, 0x0, 0x0, 0x0, 0x0, 0x0, 0x0, 0x0,
    0x0, 0x0, 0x0, 0x22, 0x22, 0x88, 0x2, 0x20,
    0x2f, 0xff, 0xf0, 0xee, 0xee, 0x4b, 0x6e, 0x50,
    0x2e, 0x0, 0xf0, 0x50, 0x5a, 0xf, 0xa1, 0x12,
    0x2e, 0x0, 0xf1, 0xd7, 0xd4, 0x9, 0x85, 0xe6,
    0x2f, 0x66, 0xf0, 0x2f, 0xa0, 0x1, 0xed, 0x30,
    0x2f, 0x99, 0xf0, 0x9d, 0x10, 0x0, 0x4f, 0x50,
    0x2e, 0x0, 0xfb, 0xc9, 0xff, 0xff, 0xf4, 0xf9,
    0x2e, 0x0, 0xf2, 0x0, 0x16, 0xc1, 0x10, 0x22,
    0x2f, 0xdd, 0xf0, 0x0, 0x6, 0xb0, 0x0, 0x0,
    0x2e, 0x1, 0xf5, 0xee, 0xef, 0xfe, 0xee, 0xc0,
    0x2e, 0x0, 0xf1, 0x33, 0x3c, 0x93, 0x33, 0x20,
    0x2e, 0x1, 0xf0, 0x0, 0x2f, 0xe6, 0x0, 0x0,
    0x2f, 0xff, 0xf0, 0x1, 0xda, 0x5e, 0xb1, 0x0,
    0x2e, 0x0, 0x0, 0x5e, 0xc0, 0x1, 0xbf, 0x60,
    0x4, 0x0, 0x8, 0xf8, 0x0, 0x0, 0x6, 0xd1,
    0x0, 0x0, 0x0, 0x10, 0x0, 0x0, 0x0, 0x0,

    /* U+777F "睿" */
    0x0, 0x0, 0x0, 0x4, 0x10, 0x0, 0x0, 0x0,
    0x0, 0x0, 0x0, 0xf, 0x41, 0x11, 0x11, 0x0,
    0x0, 0x0, 0x0, 0xf, 0xed, 0xdd, 0xdd, 0x20,
    0x6, 0x66, 0x66, 0x6f, 0x86, 0x66, 0x66, 0x61,
    0x2f, 0x66, 0x66, 0x66, 0x66, 0x66, 0x66, 0xf2,
    0x2f, 0x8, 0xff, 0xff, 0xff, 0xff, 0xd0, 0xf2,
    0x4, 0x5, 0xa0, 0x3e, 0xf4, 0x2b, 0x30, 0x0,
    0x5, 0xdb, 0x34, 0xe7, 0x5f, 0x65, 0xea, 0x20,
    0x9, 0x41, 0x9e, 0x40, 0x3, 0xdb, 0x37, 0x30,
    0x0, 0x7e, 0xff, 0xee, 0xee, 0xff, 0xfa, 0x40,
    0x6f, 0xdf, 0x20, 0x0, 0x0, 0x0, 0xcc, 0xf7,
    0x14, 0xf, 0xee, 0xee, 0xee, 0xee, 0xf4, 0x10,
    0x0, 0xf, 0x20, 0x0, 0x0, 0x0, 0xc4, 0x0,
    0x0, 0xf, 0xee, 0xee, 0xee, 0xee, 0xf4, 0x0,
    0x0, 0xf, 0x20, 0x0, 0x0, 0x0, 0xc4, 0x0,
    0x0, 0xf, 0xee, 0xee, 0xee, 0xee, 0xf4, 0x0,
    0x0, 0x0, 0x0, 0x0, 0x0, 0x0, 0x0, 0x0,

    /* U+7780 "瞀" */
    0x0, 0x0, 0x0, 0x0, 0x0, 0x30, 0x0, 0x0,
    0x9, 0x99, 0x99, 0x99, 0x7, 0x90, 0x0, 0x0,
    0x5, 0xc4, 0x27, 0xe7, 0x2f, 0xee, 0xee, 0xa0,
    0x0, 0x5c, 0xbc, 0x20, 0xde, 0x30, 0x96, 0x0,
    0x9d, 0xdd, 0xfd, 0xdd, 0x45, 0xb2, 0xe0, 0x0,
    0x0, 0x5c, 0x98, 0x1e, 0x0, 0xcf, 0x50, 0x0,
    0x3b, 0xb1, 0x78, 0x49, 0x6, 0xed, 0xc4, 0x0,
    0x65, 0x5c, 0xe3, 0x2, 0xfb, 0x30, 0x6d, 0xe0,
    0x0, 0x7a, 0x88, 0x88, 0x98, 0x88, 0x82, 0x10,
    0x0, 0xe7, 0x44, 0x44, 0x44, 0x44, 0xd5, 0x0,
    0x0, 0xec, 0xbb, 0xbb, 0xbb, 0xbb, 0xe5, 0x0,
    0x0, 0xe5, 0x22, 0x22, 0x22, 0x22, 0xd5, 0x0,
    0x0, 0xec, 0xbb, 0xbb, 0xbb, 0xbb, 0xf5, 0x0,
    0x0, 0xe5, 0x22, 0x22, 0x22, 0x22, 0xc5, 0x0,
    0x0, 0xec, 0xbb, 0xbb, 0xbb, 0xbb, 0xf5, 0x0,
    0x0, 0xe5, 0x22, 0x22, 0x22, 0x22, 0xc5, 0x0,
    0x0, 0x0, 0x0, 0x0, 0x0, 0x0, 0x0, 0x0,

    /* U+778C "瞌" */
    0x0, 0x0, 0x0, 0x0, 0x0, 0x40, 0x0, 0x0,
    0x0, 0x0, 0x0, 0x0, 0x0, 0xe0, 0x0, 0x0,
    0xf, 0xff, 0xe0, 0x9f, 0xff, 0xff, 0xff, 0x80,
    0xf, 0x23, 0xe0, 0x1, 0x11, 0xe1, 0x11, 0x0,
    0xf, 0x2, 0xe0, 0x0, 0x0, 0xe0, 0x0, 0x0,
    0xf, 0x24, 0xe7, 0xee, 0xee, 0xfe, 0xee, 0xe8,
    0xf, 0xee, 0xe1, 0x33, 0xbc, 0x34, 0x83, 0x31,
    0xf, 0x2, 0xe0, 0x1b, 0x90, 0x1, 0xc9, 0x0,
    0xf, 0x2, 0xe2, 0xff, 0xff, 0xff, 0xee, 0xb0,
    0xf, 0xdd, 0xe0, 0x31, 0x0, 0x0, 0x0, 0x92,
    0xf, 0x24, 0xe0, 0xef, 0xff, 0xff, 0xff, 0xb0,
    0xf, 0x2, 0xe0, 0xe3, 0x2e, 0x1e, 0x25, 0xc0,
    0xf, 0x23, 0xe0, 0xe2, 0x1e, 0xe, 0x14, 0xc0,
    0xf, 0xff, 0xe0, 0xe2, 0x1e, 0xe, 0x14, 0xc0,
    0xf, 0x0, 0x1, 0xe3, 0x3e, 0x1e, 0x35, 0xc1,
    0x4, 0x0, 0xc, 0xff, 0xff, 0xff, 0xff, 0xff,

    /* U+778D "瞍" */
    0x0, 0x0, 0x0, 0x0, 0x0, 0x50, 0x0, 0x0,
    0x0, 0x0, 0x0, 0x1, 0x71, 0xf2, 0x0, 0x0,
    0x2f, 0xff, 0xe0, 0xcf, 0xb4, 0xf7, 0xff, 0xf0,
    0x2e, 0x2, 0xe0, 0xe3, 0x0, 0xf1, 0x1, 0xf0,
    0x2e, 0x2, 0xe0, 0xe4, 0x21, 0xf2, 0x22, 0xf0,
    0x2f, 0x35, 0xe0, 0xee, 0xe5, 0xf4, 0xee, 0xf0,
    0x2f, 0x9a, 0xe0, 0xe3, 0x0, 0xf1, 0x1, 0xf0,
    0x2e, 0x2, 0xe0, 0xec, 0xcc, 0xfc, 0xcc, 0xf0,
    0x2e, 0x2, 0xe0, 0xc5, 0x33, 0xf5, 0x34, 0xe0,
    0x2f, 0xbb, 0xe0, 0x0, 0x0, 0xf1, 0x0, 0x0,
    0x2f, 0x45, 0xe0, 0xff, 0xff, 0xff, 0xff, 0x60,
    0x2e, 0x2, 0xe0, 0x8, 0xb0, 0x0, 0x7e, 0x10,
    0x2e, 0x2, 0xe0, 0x0, 0xd9, 0x8, 0xe3, 0x0,
    0x2f, 0xff, 0xe0, 0x0, 0x1f, 0xfe, 0x20, 0x0,
    0x2e, 0x0, 0x1, 0x49, 0xef, 0xbf, 0xd8, 0x52,
    0x3, 0x0, 0x7f, 0xfb, 0x61, 0x1, 0x7c, 0xf7,
    0x0, 0x0, 0x3, 0x0, 0x0, 0x0, 0x0, 0x0,

    /* U+7791 "瞑" */
    0x0, 0x0, 0x0, 0x11, 0x11, 0x11, 0x11, 0x10,
    0x1, 0xdd, 0xdc, 0x2f, 0xff, 0xff, 0xff, 0xff,
    0xb0, 0x2f, 0x35, 0xe2, 0xf0, 0x0, 0x0, 0x0,
    0x5b, 0x2, 0xe0, 0x2e, 0x4, 0xff, 0xff, 0xff,
    0xfd, 0x10, 0x2f, 0x89, 0xe0, 0x2e, 0x0, 0x0,
    0x4, 0xd0, 0x2, 0xfd, 0xde, 0x2, 0xf3, 0x33,
    0x33, 0x6d, 0x0, 0x2e, 0x2, 0xe0, 0x2f, 0xcc,
    0xcc, 0xcd, 0xd0, 0x2, 0xe0, 0x2e, 0x2, 0xe1,
    0x11, 0x11, 0x5d, 0x0, 0x2f, 0xff, 0xe0, 0x2f,
    0xdd, 0xfd, 0xde, 0xd0, 0x2, 0xe1, 0x3e, 0x1,
    0x50, 0xc, 0x70, 0x15, 0x0, 0x2e, 0x2, 0xe2,
    0x88, 0x88, 0xbd, 0x88, 0x87, 0x2, 0xf3, 0x5e,
    0x3b, 0xbb, 0xbb, 0xbb, 0xbb, 0xa0, 0x2f, 0xdd,
    0xc0, 0x1, 0xba, 0x0, 0xd8, 0x0, 0x1, 0xb0,
    0x0, 0x6, 0xeb, 0x10, 0x3, 0xdd, 0x30, 0x0,
    0x0, 0x5, 0xe6, 0x0, 0x0, 0x0, 0x8b, 0x0,
    0x0, 0x0, 0x0, 0x0, 0x0, 0x0, 0x0, 0x0,

    /* U+779F "瞟" */
    0x1, 0x11, 0x12, 0x44, 0x44, 0x44, 0x44, 0x44,
    0x0, 0xff, 0xfe, 0x5b, 0xbc, 0xfb, 0xde, 0xbb,
    0x90, 0xf, 0x1, 0xe0, 0x0, 0x4d, 0x7, 0xa0,
    0x0, 0x0, 0xf0, 0x1e, 0xf, 0xef, 0xfe, 0xff,
    0xef, 0x60, 0xf, 0x56, 0xe0, 0xf0, 0x3d, 0x6,
    0x90, 0xa6, 0x0, 0xfc, 0xce, 0xf, 0x14, 0xd1,
    0x7a, 0x1a, 0x60, 0xf, 0x1, 0xe0, 0xfe, 0xee,
    0xee, 0xee, 0xf6, 0x0, 0xf0, 0x1e, 0x3, 0x0,
    0x0, 0x0, 0x2, 0x10, 0xf, 0x88, 0xe0, 0x3f,
    0xff, 0xff, 0xff, 0xa0, 0x0, 0xf7, 0x8e, 0x0,
    0x0, 0x0, 0x0, 0x0, 0x0, 0xf, 0x1, 0xe6,
    0xff, 0xff, 0xff, 0xff, 0xfd, 0x0, 0xf0, 0x1e,
    0x0, 0x24, 0xc, 0x62, 0x30, 0x0, 0xf, 0xff,
    0xe0, 0x6e, 0x60, 0xc6, 0x6f, 0x90, 0x0, 0xf1,
    0x12, 0xcd, 0x32, 0x1e, 0x50, 0x4e, 0xd0, 0x6,
    0x0, 0x6, 0x0, 0xff, 0xd1, 0x0, 0x14, 0x0,
    0x0, 0x0, 0x0, 0x0, 0x0, 0x0, 0x0, 0x0,

    /* U+77A0 "瞠" */
    0x0, 0x0, 0x0, 0x0, 0x0, 0x10, 0x0, 0x0,
    0x0, 0x0, 0x0, 0x66, 0x0, 0xf1, 0x4, 0x90,
    0xc, 0xcc, 0xb0, 0x3e, 0xa0, 0xf1, 0x8f, 0x70,
    0xf, 0x56, 0xe0, 0x13, 0x91, 0xf3, 0x85, 0x10,
    0xf, 0x2, 0xe6, 0xfe, 0xee, 0xee, 0xee, 0xf8,
    0xf, 0x67, 0xe6, 0x90, 0x0, 0x0, 0x0, 0x88,
    0xf, 0xab, 0xe5, 0x8f, 0xff, 0xff, 0xff, 0x77,
    0xf, 0x2, 0xe0, 0xf, 0x10, 0x0, 0xf, 0x10,
    0xf, 0x2, 0xe0, 0xf, 0x20, 0x0, 0xf, 0x10,
    0xf, 0xff, 0xe0, 0xf, 0xff, 0xff, 0xff, 0x10,
    0xf, 0x13, 0xe0, 0x9, 0x10, 0xf1, 0x9, 0x0,
    0xf, 0x2, 0xe0, 0xcc, 0xcc, 0xfc, 0xcc, 0xc1,
    0xf, 0xbc, 0xe0, 0x44, 0x44, 0xf5, 0x44, 0x40,
    0xf, 0x67, 0xe0, 0x0, 0x0, 0xf1, 0x0, 0x0,
    0xe, 0x1, 0x8a, 0xee, 0xee, 0xfe, 0xee, 0xeb,
    0x0, 0x0, 0x1, 0x11, 0x11, 0x11, 0x11, 0x11,

    /* U+77B0 "瞰" */
    0x0, 0x0, 0x0, 0x0, 0x0, 0x0, 0x0, 0x0,
    0x0, 0x11, 0x11, 0x16, 0x66, 0x50, 0xe, 0x20,
    0x0, 0x1f, 0xee, 0xd2, 0x99, 0xbd, 0x3, 0xe0,
    0x0, 0x1, 0xe0, 0x2d, 0x0, 0xc, 0x50, 0x7d,
    0x66, 0x60, 0x1e, 0x13, 0xdc, 0xee, 0xfe, 0xcb,
    0x97, 0xf8, 0x1, 0xff, 0xfd, 0x3d, 0x2, 0xe2,
    0xf4, 0xf, 0x0, 0x1e, 0x2, 0xd3, 0xd0, 0x2e,
    0x7f, 0x51, 0xf0, 0x1, 0xe0, 0x2d, 0x3f, 0xee,
    0xea, 0xc7, 0x3d, 0x0, 0x1e, 0x67, 0xd3, 0xd0,
    0x2e, 0x15, 0xa5, 0xa0, 0x1, 0xfb, 0xbd, 0x3d,
    0x2, 0xe0, 0x2d, 0x87, 0x0, 0x1e, 0x2, 0xd3,
    0xfe, 0xee, 0x0, 0xdd, 0x30, 0x1, 0xe0, 0x2d,
    0x3d, 0x2, 0xe0, 0x8, 0xe0, 0x0, 0x1f, 0xff,
    0xd3, 0xd2, 0x6f, 0xb3, 0xbf, 0x20, 0x1, 0xe0,
    0x3, 0xcf, 0xfd, 0xe5, 0x7d, 0x9c, 0x0, 0x9,
    0x0, 0x28, 0x40, 0x2e, 0x4f, 0x30, 0xcb, 0x0,
    0x0, 0x0, 0x0, 0x2, 0xe8, 0x40, 0x1, 0x80,

    /* U+77B5 "瞵" */
    0x0, 0x0, 0x0, 0x0, 0x0, 0x0, 0x0, 0x0,
    0x0, 0x11, 0x11, 0x1, 0x40, 0xf, 0x0, 0x25,
    0x0, 0x2f, 0xff, 0xe0, 0x2e, 0x60, 0xf0, 0x2e,
    0x70, 0x2, 0xe0, 0x2e, 0x0, 0x2b, 0x1f, 0x9,
    0x80, 0x0, 0x2e, 0x2, 0xe2, 0xcc, 0xcc, 0xfc,
    0xcc, 0xc7, 0x2, 0xf3, 0x5e, 0x3, 0x35, 0xcf,
    0xd8, 0x33, 0x20, 0x2f, 0xdd, 0xe0, 0x7, 0xc2,
    0xf1, 0xc9, 0x10, 0x2, 0xe0, 0x2e, 0x5e, 0x90,
    0xf, 0x0, 0x8f, 0x90, 0x2e, 0x2, 0xe1, 0x4e,
    0x11, 0x50, 0x1e, 0x12, 0x2, 0xfc, 0xde, 0x8,
    0xed, 0xf9, 0xff, 0xff, 0xb0, 0x2f, 0x35, 0xe2,
    0xe1, 0x1e, 0x13, 0x1e, 0x0, 0x2, 0xe0, 0x2e,
    0xbe, 0x65, 0xa7, 0x91, 0xe0, 0x0, 0x2e, 0x2,
    0xe1, 0x1c, 0xe3, 0xbd, 0xbf, 0xbb, 0x2, 0xfe,
    0xee, 0x0, 0xb9, 0x2, 0x23, 0xe2, 0x20, 0x2e,
    0x22, 0x10, 0xab, 0x0, 0x0, 0x1e, 0x0, 0x1,
    0x70, 0x0, 0xa9, 0x0, 0x0, 0x1, 0xe0, 0x0,
    0x0, 0x0, 0x0, 0x0, 0x0, 0x0, 0x0, 0x0,
    0x0,

    /* U+77BD "瞽" */
    0x0, 0x1, 0x40, 0x0, 0x0, 0x4, 0x0, 0x0,
    0x47, 0x78, 0xe7, 0x77, 0x22, 0x2e, 0x42, 0x20,
    0x24, 0x46, 0xe4, 0x44, 0x7b, 0xbf, 0xcb, 0xb0,
    0x1b, 0xbb, 0xdb, 0xb8, 0x0, 0xe, 0x20, 0x0,
    0x6, 0x66, 0x66, 0x63, 0x5b, 0xbf, 0xbb, 0x70,
    0xf, 0x44, 0x44, 0x79, 0x1b, 0x73, 0x3e, 0x50,
    0xf, 0xaa, 0xaa, 0xc9, 0x1, 0xd5, 0xc7, 0x0,
    0x2, 0x93, 0x9, 0x62, 0x1, 0xaf, 0xc2, 0x0,
    0x7b, 0xdd, 0xce, 0xcb, 0xae, 0x92, 0x7e, 0xe4,
    0x22, 0x67, 0x77, 0x77, 0xa8, 0x77, 0x72, 0x31,
    0x0, 0xba, 0x55, 0x55, 0x55, 0x55, 0xd5, 0x0,
    0x0, 0xbd, 0xcc, 0xcc, 0xcc, 0xcc, 0xf5, 0x0,
    0x0, 0xb8, 0x33, 0x33, 0x33, 0x33, 0xd5, 0x0,
    0x0, 0xbb, 0x77, 0x77, 0x77, 0x77, 0xe5, 0x0,
    0x0, 0xbd, 0xbb, 0xbb, 0xbb, 0xbb, 0xf5, 0x0,
    0x0, 0xb7, 0x11, 0x11, 0x11, 0x11, 0xd5, 0x0,

    /* U+77DC "矜" */
    0x0, 0x0, 0x0, 0x0, 0x0, 0x2, 0x0, 0x0,
    0x0, 0x23, 0x33, 0x33, 0x0, 0x5, 0xf4, 0x0,
    0x0, 0xd, 0xee, 0xee, 0xf3, 0x0, 0xdf, 0xd0,
    0x0, 0x0, 0x0, 0x0, 0xba, 0x0, 0x6f, 0x3e,
    0x70, 0x0, 0x0, 0xa7, 0xac, 0x0, 0x1e, 0x70,
    0x5f, 0x30, 0x0, 0x2, 0xee, 0x10, 0xb, 0xc3,
    0x40, 0xbe, 0x10, 0x3, 0x37, 0xe4, 0x38, 0xf2,
    0x6e, 0x1, 0xdc, 0x3, 0xdd, 0xff, 0xed, 0xa4,
    0x0, 0xd8, 0x2, 0x60, 0x0, 0xe, 0xc6, 0xb0,
    0x0, 0x2, 0x10, 0x0, 0x0, 0x7, 0xec, 0x88,
    0x3f, 0xff, 0xff, 0xff, 0x0, 0x1, 0xe7, 0xc0,
    0x0, 0x22, 0x22, 0x2b, 0xd0, 0x0, 0xb8, 0x5c,
    0x0, 0x0, 0x0, 0x2, 0xf5, 0x0, 0x6d, 0x5,
    0xc0, 0x0, 0x0, 0x0, 0xac, 0x0, 0x3, 0x30,
    0x5c, 0x0, 0x0, 0x0, 0x3f, 0x40, 0x0, 0x2,
    0x3a, 0xc0, 0x0, 0x0, 0xd, 0xa0, 0x0, 0x0,
    0xbf, 0xe5, 0x0, 0x0, 0x4, 0xe1, 0x0, 0x0,
    0x0, 0x0, 0x0, 0x0, 0x0, 0x0, 0x0, 0x0,
    0x0,

    /* U+77E7 "矧" */
    0x2, 0x30, 0x0, 0x0, 0x0, 0x0, 0x4, 0x0,
    0x99, 0x0, 0x3, 0x55, 0x55, 0x0, 0xe3, 0xd,
    0x50, 0x0, 0x8c, 0xcc, 0xf0, 0xe, 0x32, 0xfd,
    0xcc, 0x80, 0x0, 0xf, 0x0, 0xe3, 0x8b, 0x7b,
    0x21, 0x0, 0x0, 0xf0, 0xe, 0x3b, 0x46, 0xb0,
    0x6, 0xee, 0xef, 0x0, 0xe3, 0x0, 0x6a, 0x0,
    0x8a, 0x22, 0xf0, 0xe, 0x34, 0x49, 0xc4, 0x39,
    0x80, 0x3, 0x0, 0xe3, 0x9a, 0xdd, 0xa8, 0xa7,
    0x0, 0x0, 0xe, 0x30, 0x9, 0x80, 0xb, 0xff,
    0xfd, 0x0, 0xe3, 0x0, 0xbd, 0x90, 0x0, 0x5,
    0xc0, 0xe, 0x30, 0xf, 0x7f, 0x20, 0x0, 0x6b,
    0x0, 0xe3, 0x4, 0xe0, 0xbb, 0x0, 0x6, 0xa0,
    0xe, 0x30, 0xb8, 0x4, 0xd1, 0x0, 0x89, 0x0,
    0xe3, 0x5e, 0x0, 0x0, 0x3, 0x3d, 0x70, 0xe,
    0x3a, 0x30, 0x0, 0x2, 0xff, 0xc1, 0x0, 0xe3,
    0x0, 0x0, 0x0, 0x0, 0x0, 0x0, 0x0, 0x0,

    /* U+77EC "矬" */
    0x0, 0x33, 0x0, 0x0, 0x0, 0x14, 0x0, 0x0,
    0x0, 0xb, 0x70, 0x0, 0x0, 0x5, 0xd0, 0x0,
    0x0, 0x0, 0xf4, 0x11, 0x0, 0xf0, 0x5d, 0x2,
    0xe0, 0x0, 0x4f, 0xff, 0xf6, 0x3e, 0x5, 0xd0,
    0x5c, 0x0, 0xa, 0x88, 0xa0, 0x6, 0xc0, 0x5d,
    0x9, 0x90, 0x0, 0xd2, 0x89, 0x0, 0xbf, 0x35,
    0xd0, 0xee, 0x10, 0x0, 0x8, 0x90, 0x1f, 0x9c,
    0x5d, 0x5e, 0xaa, 0x0, 0xac, 0xee, 0xcc, 0xc0,
    0xfa, 0xdd, 0x71, 0xf4, 0x4, 0x5c, 0xa5, 0xa4,
    0x5, 0x6e, 0xd0, 0x7, 0x30, 0x0, 0xc6, 0x0,
    0x0, 0x5, 0xd0, 0x0, 0x0, 0x0, 0xe, 0xc0,
    0xc, 0xdd, 0xef, 0xdd, 0xd7, 0x0, 0x3, 0xfc,
    0x80, 0x34, 0x48, 0xd4, 0x44, 0x20, 0x0, 0x9b,
    0x2f, 0x40, 0x0, 0x5d, 0x0, 0x0, 0x0, 0x2f,
    0x40, 0x75, 0x0, 0x5, 0xd0, 0x0, 0x0, 0xc,
    0xb0, 0x0, 0xbe, 0xee, 0xff, 0xee, 0xee, 0x60,
    0x62, 0x0, 0x2, 0x22, 0x22, 0x22, 0x22, 0x21,

    /* U+77F6 "矶" */
    0x0, 0x0, 0x0, 0x0, 0x55, 0x55, 0x51, 0x0,
    0x3f, 0xff, 0xff, 0xa2, 0xfd, 0xdd, 0xf4, 0x0,
    0x2, 0x3f, 0x32, 0x12, 0xf0, 0x0, 0xe4, 0x0,
    0x0, 0x5c, 0x0, 0x2, 0xf0, 0x0, 0xe4, 0x0,
    0x0, 0xb7, 0x0, 0x2, 0xf0, 0x0, 0xe4, 0x0,
    0x1, 0xfe, 0xee, 0x2, 0xf0, 0x0, 0xe4, 0x0,
    0x9, 0xf2, 0x4f, 0x2, 0xf0, 0x0, 0xe4, 0x0,
    0x2f, 0xf0, 0x1f, 0x3, 0xf0, 0x0, 0xe4, 0x0,
    0x5b, 0xf0, 0x1f, 0x3, 0xf0, 0x0, 0xe4, 0x0,
    0x1, 0xf0, 0x1f, 0x5, 0xe0, 0x0, 0xe4, 0x0,
    0x1, 0xf0, 0x1f, 0x9, 0xb0, 0x0, 0xe4, 0x5c,
    0x1, 0xfc, 0xcf, 0xd, 0x70, 0x0, 0xe4, 0x5c,
    0x1, 0xf4, 0x44, 0x5f, 0x20, 0x0, 0xe4, 0x6b,
    0x0, 0xa0, 0x2, 0xea, 0x0, 0x0, 0xe8, 0xb8,
    0x0, 0x0, 0xb, 0xe1, 0x0, 0x0, 0x8f, 0xd2,
    0x0, 0x0, 0x2, 0x30, 0x0, 0x0, 0x0, 0x0,

    /* U+77F8 "矸" */
    0x0, 0x0, 0x0, 0x2, 0x33, 0x33, 0x33, 0x31,
    0x1f, 0xff, 0xff, 0xaa, 0xee, 0xef, 0xee, 0xe6,
    0x2, 0x3f, 0x32, 0x10, 0x0, 0x3f, 0x0, 0x0,
    0x0, 0x5d, 0x0, 0x0, 0x0, 0x3f, 0x0, 0x0,
    0x0, 0xa8, 0x0, 0x0, 0x0, 0x3f, 0x0, 0x0,
    0x1, 0xf9, 0x77, 0x10, 0x0, 0x3f, 0x0, 0x0,
    0x9, 0xfb, 0xbf, 0x44, 0x44, 0x7f, 0x44, 0x44,
    0x2f, 0xf1, 0xe, 0x6d, 0xdd, 0xef, 0xdd, 0xdc,
    0x6a, 0xf1, 0xe, 0x30, 0x0, 0x3f, 0x0, 0x0,
    0x1, 0xf1, 0xe, 0x30, 0x0, 0x3f, 0x0, 0x0,
    0x1, 0xf1, 0xe, 0x30, 0x0, 0x3f, 0x0, 0x0,
    0x1, 0xfe, 0xef, 0x30, 0x0, 0x3f, 0x0, 0x0,
    0x1, 0xf4, 0x3f, 0x30, 0x0, 0x3f, 0x0, 0x0,
    0x0, 0x70, 0x3, 0x0, 0x0, 0x3f, 0x0, 0x0,
    0x0, 0x0, 0x0, 0x0, 0x0, 0x3f, 0x0, 0x0,

    /* U+7800 "砀" */
    0x0, 0x0, 0x0, 0x25, 0x55, 0x55, 0x55, 0x40,
    0x6f, 0xff, 0xff, 0x5c, 0xcc, 0xcc, 0xef, 0xa0,
    0x0, 0x8a, 0x0, 0x0, 0x0, 0x8, 0xf8, 0x0,
    0x0, 0xb5, 0x0, 0x0, 0x3, 0xdd, 0x30, 0x0,
    0x0, 0xf1, 0x0, 0x0, 0x9f, 0x70, 0x0, 0x0,
    0x5, 0xf8, 0x84, 0x4e, 0xe5, 0x22, 0x22, 0x20,
    0xc, 0xf9, 0xd9, 0x9f, 0xff, 0xff, 0xff, 0xf4,
    0x2f, 0xe0, 0x89, 0x0, 0x8a, 0xb, 0x70, 0xe4,
    0x9d, 0xe0, 0x89, 0x0, 0xe5, 0xe, 0x40, 0xf3,
    0x56, 0xe0, 0x89, 0x8, 0xd0, 0x3f, 0x10, 0xf2,
    0x3, 0xe0, 0x89, 0x7f, 0x30, 0xba, 0x0, 0xf1,
    0x3, 0xe0, 0x8a, 0xd4, 0x5, 0xf2, 0x1, 0xf1,
    0x3, 0xe5, 0xa9, 0x0, 0x3f, 0x70, 0x3, 0xf0,
    0x3, 0xfc, 0xc7, 0x5, 0xfb, 0x33, 0x3b, 0xc0,
    0x0, 0x40, 0x0, 0xd, 0xa0, 0x9f, 0xfd, 0x30,
    0x0, 0x0, 0x0, 0x1, 0x0, 0x0, 0x0, 0x0,

    /* U+7809 "砉" */
    0x0, 0x0, 0x0, 0x1, 0x30, 0x0, 0x0, 0x0,
    0x0, 0x0, 0x0, 0x6, 0xc0, 0x0, 0x0, 0x0,
    0xc, 0xff, 0xff, 0xff, 0xff, 0xff, 0xff, 0xf3,
    0x0, 0x0, 0x0, 0x6, 0xc0, 0x0, 0x0, 0x0,
    0x0, 0xff, 0xff, 0xff, 0xff, 0xff, 0xff, 0x60,
    0x0, 0x0, 0x0, 0x6, 0xc0, 0x0, 0x0, 0x0,
    0x2f, 0xff, 0xff, 0xff, 0xff, 0xff, 0xff, 0xf9,
    0x0, 0x0, 0x0, 0x6, 0xc0, 0x0, 0x0, 0x0,
    0x0, 0x0, 0x0, 0x4, 0x70, 0x0, 0x0, 0x0,
    0xd, 0xff, 0xff, 0xff, 0xff, 0xff, 0xff, 0xf5,
    0x0, 0x0, 0xba, 0x0, 0x0, 0x0, 0x0, 0x0,
    0x0, 0x1c, 0xff, 0xff, 0xff, 0xff, 0xff, 0x0,
    0x6, 0xed, 0xb0, 0x0, 0x0, 0x0, 0x3f, 0x0,
    0x4d, 0x48, 0xb0, 0x0, 0x0, 0x0, 0x3f, 0x0,
    0x0, 0x8, 0xfd, 0xdd, 0xdd, 0xdd, 0xdf, 0x0,
    0x0, 0x8, 0xb2, 0x22, 0x22, 0x22, 0x4f, 0x0,

    /* U+7811 "砑" */
    0x0, 0x0, 0x0, 0x2, 0x55, 0x55, 0x55, 0x55,
    0x10, 0x7f, 0xff, 0xff, 0x5c, 0xcc, 0xcc, 0xfc,
    0xc4, 0x0, 0x1a, 0x81, 0x10, 0x13, 0x0, 0xe,
    0x20, 0x0, 0x0, 0xe3, 0x0, 0x7, 0x90, 0x0,
    0xe2, 0x0, 0x0, 0x3e, 0x0, 0x0, 0xb5, 0x0,
    0xe, 0x20, 0x0, 0x8, 0xeb, 0xb8, 0xf, 0x10,
    0x0, 0xe2, 0x0, 0x0, 0xee, 0x48, 0xb2, 0xff,
    0xff, 0xff, 0xff, 0x70, 0x7e, 0xe0, 0x5b, 0x2,
    0x22, 0x9d, 0xe5, 0x21, 0xe, 0x7e, 0x5, 0xb0,
    0x0, 0x2f, 0x4e, 0x20, 0x0, 0x52, 0xe0, 0x5b,
    0x0, 0x1d, 0x90, 0xe2, 0x0, 0x0, 0x2e, 0x5,
    0xb0, 0xb, 0xc0, 0xe, 0x20, 0x0, 0x2, 0xe4,
    0x8b, 0xb, 0xd1, 0x0, 0xe2, 0x0, 0x0, 0x2f,
    0xcc, 0xad, 0xd1, 0x0, 0xe, 0x20, 0x0, 0x1,
    0xa0, 0x9, 0xc1, 0x2, 0x34, 0xf1, 0x0, 0x0,
    0x0, 0x0, 0x0, 0x0, 0x9f, 0xf9, 0x0, 0x0,
    0x0, 0x0, 0x0, 0x0, 0x0, 0x0, 0x0, 0x0,

    /* U+7817 "砗" */
    0x0, 0x0, 0x0, 0x0, 0x2, 0x10, 0x0, 0x0,
    0x0, 0x0, 0x0, 0x0, 0xc, 0x90, 0x0, 0x0,
    0x6e, 0xee, 0xee, 0x22, 0x3f, 0x52, 0x22, 0x21,
    0x2, 0x9a, 0x22, 0xaf, 0xff, 0xff, 0xff, 0xf9,
    0x0, 0xd5, 0x0, 0x0, 0xe6, 0x13, 0x0, 0x0,
    0x2, 0xf0, 0x0, 0x5, 0xe0, 0x4e, 0x0, 0x0,
    0x7, 0xe9, 0x94, 0xc, 0x70, 0x4e, 0x0, 0x0,
    0xe, 0xe8, 0xc8, 0x4f, 0x21, 0x5e, 0x11, 0x10,
    0x6f, 0xb0, 0x98, 0x8f, 0xff, 0xff, 0xff, 0xf3,
    0xdb, 0xb0, 0x98, 0x0, 0x0, 0x4e, 0x0, 0x0,
    0x25, 0xb0, 0x98, 0x0, 0x0, 0x4e, 0x0, 0x0,
    0x5, 0xb0, 0x98, 0xbc, 0xcc, 0xdf, 0xcc, 0xc9,
    0x5, 0xfc, 0xe8, 0x34, 0x44, 0x7f, 0x44, 0x43,
    0x5, 0xc4, 0xa8, 0x0, 0x0, 0x4e, 0x0, 0x0,
    0x5, 0xb0, 0x54, 0x0, 0x0, 0x4e, 0x0, 0x0,
    0x0, 0x0, 0x0, 0x0, 0x0, 0x4e, 0x0, 0x0,

    /* U+7818 "砘" */
    0x0, 0x0, 0x0, 0x0, 0x0, 0xd3, 0x0, 0x0,
    0x5, 0xff, 0xff, 0xf1, 0x0, 0xe, 0x40, 0x0,
    0x0, 0x1, 0x6d, 0x11, 0xaf, 0xff, 0xff, 0xff,
    0xfb, 0x0, 0x9, 0x80, 0x1, 0x22, 0x2e, 0x52,
    0x22, 0x10, 0x0, 0xe4, 0x0, 0x2e, 0x0, 0xe4,
    0x3, 0xd0, 0x0, 0x4f, 0x66, 0x42, 0xf0, 0xe,
    0x40, 0x3e, 0x0, 0xb, 0xea, 0xcb, 0x2f, 0x0,
    0xe4, 0x3, 0xe0, 0x4, 0xfb, 0x6, 0xb2, 0xf0,
    0xe, 0x40, 0x3e, 0x0, 0xbc, 0xb0, 0x6b, 0x2f,
    0xaa, 0xfb, 0xab, 0xe0, 0x2, 0x5b, 0x6, 0xb0,
    0x66, 0x6f, 0x96, 0x8e, 0x0, 0x5, 0xb0, 0x6b,
    0x0, 0x0, 0xe4, 0x0, 0x12, 0x0, 0x5b, 0x6,
    0xb0, 0x0, 0xe, 0x40, 0x2, 0xf0, 0x5, 0xff,
    0xfb, 0x0, 0x0, 0xe4, 0x0, 0x3e, 0x0, 0x5c,
    0x27, 0xb0, 0x0, 0xd, 0x81, 0x2a, 0xc0, 0x4,
    0x90, 0x13, 0x0, 0x0, 0x5e, 0xff, 0xd4, 0x0,

    /* U+781C "砜" */
    0x0, 0x0, 0x0, 0x12, 0x22, 0x22, 0x22, 0x0,
    0x6f, 0xff, 0xfe, 0xaf, 0xee, 0xee, 0xef, 0x0,
    0x1, 0x6b, 0x10, 0xa6, 0x0, 0x0, 0x2f, 0x0,
    0x0, 0x96, 0x0, 0xa8, 0x70, 0x8, 0x6e, 0x0,
    0x0, 0xe1, 0x0, 0xa7, 0xe2, 0xf, 0x5e, 0x0,
    0x4, 0xfd, 0xd2, 0xa6, 0x8a, 0x5d, 0x2e, 0x0,
    0xb, 0xb4, 0xd3, 0xa6, 0x1f, 0xd7, 0x2e, 0x0,
    0x3f, 0xa0, 0xd3, 0xb6, 0x9, 0xf1, 0x2e, 0x0,
    0x9d, 0xa0, 0xd3, 0xb6, 0x9, 0xf0, 0x2e, 0x0,
    0x17, 0xa0, 0xd3, 0xc5, 0x1f, 0xe6, 0x2f, 0x0,
    0x6, 0xa0, 0xd3, 0xe3, 0x8b, 0x6d, 0x1f, 0x2,
    0x6, 0xa2, 0xd4, 0xf3, 0xf3, 0xf, 0x3f, 0x3d,
    0x6, 0xff, 0xf9, 0xdb, 0xa0, 0x9, 0x9e, 0x6b,
    0x6, 0xa0, 0xc, 0x76, 0x10, 0x2, 0x3a, 0xe9,
    0x1, 0x20, 0x2e, 0x10, 0x0, 0x0, 0x3, 0xe3,
    0x0, 0x0, 0x1, 0x0, 0x0, 0x0, 0x0, 0x0,

    /* U+781D "砝" */
    0x0, 0x0, 0x0, 0x0, 0x0, 0x30, 0x0, 0x0,
    0x0, 0x0, 0x0, 0x0, 0x0, 0xe3, 0x0, 0x0,
    0x4a, 0xaa, 0xa9, 0x0, 0x0, 0xe3, 0x0, 0x0,
    0x38, 0xbd, 0x87, 0x12, 0x22, 0xe5, 0x22, 0x20,
    0x0, 0xa7, 0x0, 0x8f, 0xff, 0xff, 0xff, 0xf0,
    0x0, 0xf2, 0x0, 0x0, 0x0, 0xe3, 0x0, 0x0,
    0x4, 0xf5, 0x52, 0x0, 0x0, 0xe3, 0x0, 0x0,
    0xb, 0xf9, 0xc8, 0x0, 0x0, 0xe3, 0x0, 0x0,
    0x3f, 0xe0, 0x8a, 0xff, 0xff, 0xff, 0xff, 0xfa,
    0xba, 0xe0, 0x88, 0x22, 0x2e, 0x92, 0x22, 0x21,
    0x53, 0xe0, 0x88, 0x0, 0x6e, 0x10, 0x0, 0x0,
    0x2, 0xe0, 0x88, 0x1, 0xe6, 0x0, 0xe2, 0x0,
    0x2, 0xe1, 0x88, 0xa, 0xc0, 0x0, 0xac, 0x0,
    0x2, 0xff, 0xf7, 0x7f, 0x20, 0x0, 0x2f, 0x60,
    0x2, 0xd0, 0x1, 0xfe, 0xcd, 0xef, 0xed, 0xf1,
    0x0, 0x0, 0x0, 0x55, 0x42, 0x10, 0x0, 0xd6,
    0x0, 0x0, 0x0, 0x0, 0x0, 0x0, 0x0, 0x0,

    /* U+781F "砟" */
    0x0, 0x0, 0x0, 0x0, 0x22, 0x0, 0x0, 0x0,
    0x3, 0x33, 0x33, 0x10, 0xb8, 0x0, 0x0, 0x0,
    0x2e, 0xef, 0xee, 0x81, 0xf2, 0x0, 0x0, 0x0,
    0x0, 0x4e, 0x0, 0x8, 0xff, 0xff, 0xff, 0xfa,
    0x0, 0x99, 0x0, 0x1f, 0x5e, 0x62, 0x22, 0x21,
    0x0, 0xd5, 0x0, 0xac, 0xe, 0x40, 0x0, 0x0,
    0x3, 0xf8, 0x88, 0xc3, 0xe, 0x40, 0x0, 0x0,
    0xa, 0xf9, 0x8e, 0x40, 0xe, 0xff, 0xff, 0xf5,
    0x2f, 0xf1, 0xc, 0x40, 0xe, 0x62, 0x22, 0x20,
    0x7a, 0xf1, 0xc, 0x40, 0xe, 0x40, 0x0, 0x0,
    0x1, 0xf1, 0xc, 0x40, 0xe, 0x51, 0x11, 0x10,
    0x0, 0xf1, 0xc, 0x40, 0xe, 0xff, 0xff, 0xf7,
    0x0, 0xfc, 0xcf, 0x40, 0xe, 0x40, 0x0, 0x0,
    0x0, 0xf4, 0x4d, 0x40, 0xe, 0x40, 0x0, 0x0,
    0x0, 0xf1, 0x7, 0x20, 0xe, 0x40, 0x0, 0x0,
    0x0, 0x0, 0x0, 0x0, 0xe, 0x40, 0x0, 0x0,

    /* U+7823 "砣" */
    0x0, 0x0, 0x0, 0x0, 0x0, 0x10, 0x0, 0x0,
    0x0, 0x0, 0x0, 0x0, 0x1, 0xf2, 0x0, 0x0,
    0x6e, 0xee, 0xee, 0x12, 0x22, 0xc9, 0x22, 0x20,
    0x13, 0x9b, 0x33, 0x5f, 0xff, 0xff, 0xff, 0xf3,
    0x0, 0xc6, 0x0, 0x5d, 0x0, 0x0, 0x0, 0xe3,
    0x1, 0xf1, 0x0, 0x49, 0x0, 0x0, 0x0, 0x92,
    0x6, 0xe4, 0x43, 0x2, 0x60, 0x0, 0x0, 0x0,
    0xc, 0xfc, 0xdd, 0x4, 0xe0, 0x0, 0x2d, 0x40,
    0x4f, 0xc0, 0x4d, 0x4, 0xe0, 0x4, 0xfa, 0x0,
    0xcd, 0xc0, 0x4d, 0x4, 0xe1, 0xaf, 0x60, 0x0,
    0x66, 0xc0, 0x4d, 0x4, 0xfe, 0xb2, 0x0, 0x0,
    0x5, 0xc0, 0x4d, 0x4, 0xf4, 0x0, 0x0, 0xc2,
    0x5, 0xc3, 0x6d, 0x4, 0xe0, 0x0, 0x2, 0xf2,
    0x5, 0xfc, 0xdd, 0x4, 0xe0, 0x0, 0x4, 0xf0,
    0x5, 0xc0, 0x4d, 0x3, 0xf5, 0x33, 0x3b, 0xc0,
    0x1, 0x30, 0x0, 0x0, 0xbf, 0xff, 0xfc, 0x20,

    /* U+7825 "砥" */
    0x0, 0x0, 0x0, 0x3, 0x44, 0x57, 0x9a, 0xb0,
    0x5f, 0xff, 0xff, 0x5f, 0xed, 0xdf, 0x98, 0x60,
    0x1, 0x7c, 0x11, 0x3e, 0x0, 0x4d, 0x0, 0x0,
    0x0, 0xa7, 0x0, 0x3e, 0x0, 0x3e, 0x0, 0x0,
    0x0, 0xf3, 0x0, 0x3e, 0x0, 0x3e, 0x0, 0x0,
    0x4, 0xf7, 0x74, 0x3e, 0x22, 0x4f, 0x22, 0x21,
    0xb, 0xf9, 0xc9, 0x3f, 0xff, 0xff, 0xff, 0xf7,
    0x3f, 0xf0, 0x79, 0x3e, 0x0, 0xf, 0x10, 0x0,
    0xab, 0xf0, 0x79, 0x3e, 0x0, 0xe, 0x30, 0x0,
    0x33, 0xf0, 0x79, 0x3e, 0x0, 0xc, 0x50, 0x0,
    0x1, 0xf0, 0x79, 0x3e, 0x0, 0x9, 0x80, 0x0,
    0x1, 0xf0, 0x79, 0x3e, 0x8, 0x95, 0xd0, 0x5b,
    0x1, 0xff, 0xf9, 0x4f, 0xdd, 0x50, 0xe3, 0x7a,
    0x1, 0xf1, 0x10, 0x8f, 0x73, 0xe2, 0x7d, 0xb7,
    0x0, 0x0, 0x0, 0x23, 0x0, 0x9b, 0x9, 0xe3,
    0x0, 0x0, 0x0, 0x0, 0x0, 0x1, 0x0, 0x0,

    /* U+7826 "砦" */
    0x0, 0x0, 0x3b, 0x0, 0x2d, 0x0, 0x0, 0x20,
    0x0, 0xa0, 0x3e, 0x0, 0x3f, 0x0, 0x6e, 0xd0,
    0x0, 0xf1, 0x3f, 0xff, 0x4f, 0x9f, 0xc5, 0x0,
    0x0, 0xf1, 0x3e, 0x0, 0x3f, 0x82, 0x0, 0x45,
    0x0, 0xf1, 0x3e, 0x0, 0x3f, 0x0, 0x0, 0x7b,
    0x1, 0xf6, 0x9f, 0xcf, 0x4f, 0x53, 0x34, 0xd7,
    0xd, 0xec, 0x97, 0x42, 0x8, 0xde, 0xed, 0xa1,
    0x2, 0x22, 0x22, 0x22, 0x22, 0x22, 0x22, 0x21,
    0x2f, 0xff, 0xff, 0xff, 0xff, 0xff, 0xff, 0xf9,
    0x0, 0x0, 0xb8, 0x0, 0x0, 0x0, 0x0, 0x0,
    0x0, 0x2c, 0xff, 0xff, 0xff, 0xff, 0xfe, 0x0,
    0x7, 0xfd, 0x91, 0x11, 0x11, 0x11, 0x5f, 0x0,
    0x4d, 0x39, 0x90, 0x0, 0x0, 0x0, 0x4f, 0x0,
    0x0, 0x9, 0xfe, 0xee, 0xee, 0xee, 0xef, 0x0,
    0x0, 0x9, 0xa2, 0x22, 0x22, 0x22, 0x6f, 0x0,

    /* U+7829 "砩" */
    0x0, 0x0, 0x0, 0x0, 0x2, 0x1, 0x0, 0x0,
    0x0, 0x0, 0x0, 0x0, 0x2e, 0xd, 0x30, 0x0,
    0x4f, 0xff, 0xfb, 0x0, 0x2e, 0xd, 0x30, 0x0,
    0x2, 0x8b, 0x21, 0xcf, 0xff, 0xff, 0xff, 0xf0,
    0x0, 0xb5, 0x0, 0x0, 0x2e, 0xd, 0x30, 0xf0,
    0x0, 0xf1, 0x0, 0x0, 0x2e, 0xd, 0x30, 0xf0,
    0x4, 0xfc, 0xc4, 0x8f, 0xff, 0xff, 0xff, 0xf0,
    0xa, 0xe4, 0xb5, 0xa6, 0x2e, 0xd, 0x30, 0xe0,
    0x2f, 0xd0, 0xa5, 0xc4, 0x2d, 0xd, 0x30, 0x0,
    0x8c, 0xd0, 0xa5, 0xe3, 0x4d, 0x1d, 0x31, 0x10,
    0x14, 0xd0, 0xa5, 0xef, 0xff, 0xff, 0xff, 0xf9,
    0x2, 0xd0, 0xa5, 0x0, 0x98, 0xd, 0x30, 0x78,
    0x2, 0xe4, 0xb5, 0x1, 0xe3, 0xd, 0x30, 0x97,
    0x2, 0xfc, 0xc4, 0x9, 0xc0, 0xd, 0xce, 0xf3,
    0x2, 0xd0, 0x0, 0x7f, 0x20, 0xd, 0x54, 0x20,
    0x0, 0x0, 0x1, 0xe4, 0x0, 0xd, 0x30, 0x0,
    0x0, 0x0, 0x0, 0x0, 0x0, 0x0, 0x0, 0x0,

    /* U+782C "砬" */
    0x0, 0x0, 0x0, 0x0, 0x0, 0x0, 0x0, 0x0,
    0x0, 0x0, 0x0, 0x0, 0x3, 0xe1, 0x0, 0x0,
    0x1b, 0xbb, 0xbb, 0x60, 0x0, 0xcb, 0x0, 0x0,
    0x5, 0x7f, 0x55, 0x55, 0x55, 0x8a, 0x55, 0x52,
    0x0, 0x6b, 0x0, 0x5c, 0xcc, 0xcc, 0xcc, 0xc5,
    0x0, 0xb6, 0x0, 0x0, 0x0, 0x0, 0x0, 0x0,
    0x0, 0xf6, 0x44, 0x6, 0x90, 0x0, 0xc, 0x50,
    0x7, 0xfc, 0xcf, 0x25, 0xd0, 0x0, 0x1f, 0x30,
    0xe, 0xf3, 0xe, 0x21, 0xf1, 0x0, 0x5f, 0x0,
    0x7c, 0xe3, 0xe, 0x20, 0xd5, 0x0, 0x9a, 0x0,
    0x23, 0xe3, 0xe, 0x20, 0xa9, 0x0, 0xd6, 0x0,
    0x0, 0xe3, 0xe, 0x20, 0x7c, 0x2, 0xf1, 0x0,
    0x0, 0xe6, 0x3e, 0x20, 0x3b, 0x6, 0xc0, 0x0,
    0x0, 0xec, 0xcc, 0x10, 0x0, 0xb, 0x70, 0x0,
    0x0, 0xe3, 0x0, 0xdf, 0xff, 0xff, 0xff, 0xfe,
    0x0, 0x40, 0x0, 0x23, 0x33, 0x33, 0x33, 0x33,

    /* U+782D "砭" */
    0x0, 0x0, 0x0, 0x1, 0x12, 0x34, 0x56, 0x70,
    0x5f, 0xff, 0xff, 0x8f, 0xff, 0xed, 0xcb, 0xa1,
    0x1, 0x6c, 0x11, 0x1, 0x2, 0x60, 0x0, 0x0,
    0x0, 0x88, 0x0, 0x0, 0x3, 0xf3, 0x0, 0x0,
    0x0, 0xd4, 0x0, 0x0, 0x0, 0xba, 0x0, 0x0,
    0x3, 0xf4, 0x42, 0x13, 0x33, 0x43, 0x33, 0x10,
    0xa, 0xfc, 0xdb, 0x5f, 0xff, 0xff, 0xff, 0x60,
    0x1f, 0xf0, 0x4b, 0x0, 0x0, 0x0, 0x9d, 0x10,
    0x9c, 0xf0, 0x4b, 0x0, 0x0, 0x8, 0xe2, 0x0,
    0x43, 0xf0, 0x4b, 0x0, 0x0, 0x7f, 0x30, 0x0,
    0x1, 0xf0, 0x4b, 0x0, 0x9, 0xe3, 0x0, 0x0,
    0x1, 0xf1, 0x5b, 0x1, 0xbd, 0x20, 0x0, 0x0,
    0x1, 0xff, 0xfb, 0x3f, 0xf4, 0x0, 0x0, 0x0,
    0x1, 0xf0, 0x1, 0xea, 0xaf, 0x73, 0x33, 0x33,
    0x0, 0x40, 0x2, 0xd0, 0x7, 0xdf, 0xff, 0xfa,
    0x0, 0x0, 0x0, 0x10, 0x0, 0x0, 0x0, 0x0,

    /* U+7839 "砹" */
    0x0, 0x0, 0x0, 0x0, 0x30, 0x0, 0x30, 0x0,
    0x14, 0x44, 0x44, 0x1, 0xf0, 0x2, 0xf0, 0x0,
    0x4c, 0xdf, 0xcc, 0x1, 0xf0, 0x2, 0xf0, 0x0,
    0x0, 0x5b, 0x1, 0xff, 0xff, 0xff, 0xff, 0xfa,
    0x0, 0xa7, 0x0, 0x23, 0xf2, 0x23, 0xf2, 0x21,
    0x0, 0xf2, 0x0, 0x0, 0x80, 0x1, 0x80, 0x0,
    0x5, 0xfc, 0xc7, 0xc, 0x20, 0x0, 0x6b, 0x0,
    0xd, 0xb4, 0x99, 0xc, 0x60, 0x0, 0xa9, 0x0,
    0x6f, 0xa0, 0x79, 0x8, 0xc0, 0x0, 0xf4, 0x0,
    0xcc, 0xa0, 0x79, 0x2, 0xf3, 0x6, 0xe0, 0x0,
    0x26, 0xa0, 0x79, 0x0, 0xbb, 0xd, 0x70, 0x0,
    0x6, 0xa0, 0x79, 0x0, 0x3f, 0xce, 0x10, 0x0,
    0x6, 0xa1, 0x89, 0x0, 0xb, 0xf8, 0x0, 0x0,
    0x6, 0xff, 0xf9, 0x2, 0xbf, 0xcf, 0xa1, 0x0,
    0x6, 0xa0, 0x3, 0x9f, 0xd3, 0x6, 0xef, 0xa4,
    0x0, 0x0, 0xc, 0xd5, 0x0, 0x0, 0x6, 0xc6,
    0x0, 0x0, 0x0, 0x0, 0x0, 0x0, 0x0, 0x0,

    /* U+783A "砺" */
    0x0, 0x0, 0x0, 0x7, 0x77, 0x77, 0x77, 0x76,
    0x4f, 0xff, 0xfe, 0x2f, 0xaa, 0xaa, 0xaa, 0xa9,
    0x1, 0x6b, 0x11, 0x2f, 0x20, 0x0, 0x0, 0x0,
    0x0, 0x97, 0x0, 0x2f, 0x22, 0x22, 0x22, 0x21,
    0x0, 0xe3, 0x0, 0x2f, 0x4f, 0xff, 0xff, 0xfc,
    0x3, 0xf9, 0x95, 0x2f, 0x20, 0x98, 0x0, 0x0,
    0xa, 0xf6, 0xb8, 0x2f, 0x10, 0x97, 0x0, 0x0,
    0x1f, 0xf0, 0x88, 0x2f, 0x10, 0xae, 0xee, 0xe3,
    0x8a, 0xf0, 0x88, 0x3f, 0x0, 0xc7, 0x33, 0xe3,
    0x13, 0xf0, 0x88, 0x4f, 0x0, 0xe3, 0x0, 0xf2,
    0x1, 0xf0, 0x88, 0x7d, 0x2, 0xf0, 0x0, 0xf2,
    0x1, 0xf3, 0xa8, 0xab, 0x8, 0xc0, 0x0, 0xf1,
    0x1, 0xfd, 0xd7, 0xe6, 0x1e, 0x60, 0x1, 0xf0,
    0x0, 0x70, 0x6, 0xf2, 0xbe, 0x1, 0x27, 0xe0,
    0x0, 0x0, 0x8, 0x90, 0xd5, 0x6, 0xfe, 0x50,
    0x0, 0x0, 0x0, 0x0, 0x10, 0x0, 0x0, 0x0,

    /* U+783B "砻" */
    0x0, 0x0, 0x0, 0x10, 0x0, 0x0, 0x0, 0x0,
    0x0, 0x0, 0x3, 0xe0, 0x0, 0xc9, 0x0, 0x0,
    0x1, 0x22, 0x26, 0xd2, 0x22, 0x3c, 0x82, 0x20,
    0x9, 0xdd, 0xdf, 0xed, 0xef, 0xdd, 0xdd, 0xd2,
    0x0, 0x0, 0x1e, 0x40, 0x6b, 0x1, 0x88, 0x10,
    0x0, 0x0, 0xcb, 0x0, 0x6d, 0xbf, 0x92, 0x6b,
    0x0, 0x5e, 0xc7, 0x9d, 0xff, 0x60, 0x0, 0x99,
    0x3d, 0xe7, 0x9, 0x84, 0x2d, 0xdd, 0xdd, 0xe2,
    0x7, 0x0, 0x0, 0x0, 0x0, 0x12, 0x21, 0x0,
    0x4f, 0xff, 0xff, 0xff, 0xff, 0xff, 0xff, 0xfb,
    0x0, 0x1, 0xac, 0x10, 0x0, 0x0, 0x0, 0x0,
    0x0, 0xb, 0xfc, 0xcc, 0xcc, 0xcc, 0xc9, 0x0,
    0x5, 0xeb, 0xf3, 0x33, 0x33, 0x33, 0x7d, 0x0,
    0x4f, 0x52, 0xf0, 0x0, 0x0, 0x0, 0x5d, 0x0,
    0x1, 0x2, 0xfd, 0xdd, 0xdd, 0xdd, 0xed, 0x0,
    0x0, 0x2, 0xf2, 0x22, 0x22, 0x22, 0x6d, 0x0,
    0x0, 0x0, 0x0, 0x0, 0x0, 0x0, 0x0, 0x0,

    /* U+783C "砼" */
    0x0, 0x0, 0x0, 0x0, 0x0, 0x5b, 0x0, 0x0,
    0x2, 0xff, 0xff, 0xfd, 0x0, 0xd, 0xd7, 0x0,
    0x0, 0x3, 0x3f, 0x73, 0x30, 0x7, 0xc2, 0xe1,
    0x0, 0x0, 0x2, 0xf1, 0x0, 0x3, 0xf3, 0x8,
    0xc0, 0x0, 0x0, 0x8c, 0x0, 0x1, 0xe8, 0x0,
    0xd, 0xb0, 0x0, 0xe, 0x60, 0x2, 0xeb, 0x0,
    0x0, 0x2e, 0xd0, 0x6, 0xff, 0xff, 0x3b, 0x0,
    0x0, 0x0, 0x28, 0x0, 0xef, 0x34, 0xf0, 0x15,
    0x55, 0x55, 0x54, 0x0, 0x6e, 0xf0, 0x1f, 0x4,
    0xdd, 0xef, 0xdd, 0xc0, 0x0, 0x4f, 0x1, 0xf0,
    0x0, 0x5, 0xe0, 0x0, 0x0, 0x1, 0xf0, 0x1f,
    0x0, 0x0, 0x5e, 0x0, 0x0, 0x0, 0x1f, 0x1,
    0xf0, 0x0, 0x5, 0xe0, 0x0, 0x0, 0x1, 0xfc,
    0xcf, 0x0, 0x0, 0x5e, 0x0, 0x0, 0x0, 0x1f,
    0x33, 0xf2, 0xff, 0xff, 0xff, 0xff, 0xc0, 0x0,
    0x70, 0x4, 0x3, 0x33, 0x33, 0x33, 0x32, 0x0,

    /* U+7847 "硇" */
    0x0, 0x0, 0x0, 0x0, 0x1, 0x0, 0x0, 0x0,
    0x0, 0x0, 0x0, 0x0, 0xe5, 0x0, 0x0, 0x49,
    0x99, 0x99, 0x12, 0x4f, 0x22, 0x22, 0x13, 0x7a,
    0xd7, 0x7b, 0xff, 0xff, 0xff, 0xff, 0x0, 0xa7,
    0x0, 0xb6, 0x10, 0x0, 0x54, 0xf0, 0xe, 0x20,
    0xb, 0x7e, 0x40, 0x1f, 0x5f, 0x4, 0xd0, 0x0,
    0xb6, 0x6e, 0x8, 0xb2, 0xf0, 0xbf, 0xff, 0x5b,
    0x60, 0xca, 0xf3, 0x2f, 0x3f, 0xc0, 0xc5, 0xb6,
    0x2, 0xfb, 0x2, 0xfb, 0xcc, 0xc, 0x5b, 0x60,
    0x3f, 0xd0, 0x2f, 0x45, 0xc0, 0xc5, 0xb6, 0xd,
    0x8d, 0x72, 0xf0, 0x4c, 0xc, 0x5b, 0x69, 0xc0,
    0x5f, 0x4f, 0x4, 0xc0, 0xc5, 0xba, 0xf2, 0x0,
    0xb8, 0xf0, 0x4f, 0xef, 0x5b, 0x62, 0x0, 0x0,
    0x2f, 0x4, 0xc1, 0xc5, 0xbf, 0xff, 0xff, 0xff,
    0xf0, 0x0, 0x0, 0xb, 0x71, 0x11, 0x11, 0x3f,

    /* U+784C "硌" */
    0x0, 0x0, 0x0, 0x0, 0x3, 0x40, 0x0, 0x0,
    0x0, 0x0, 0x0, 0x0, 0x0, 0xd8, 0x0, 0x0,
    0x0, 0x9, 0xee, 0xee, 0xe2, 0x4f, 0xdd, 0xdd,
    0xd4, 0x0, 0x23, 0xc8, 0x33, 0xc, 0xb4, 0x44,
    0x6f, 0x30, 0x0, 0xe, 0x30, 0x7, 0xef, 0x20,
    0xb, 0xa0, 0x0, 0x3, 0xf0, 0x0, 0xf4, 0x9c,
    0x8, 0xe1, 0x0, 0x0, 0x9a, 0x0, 0x2, 0x0,
    0xdd, 0xf2, 0x0, 0x0, 0xf, 0xff, 0xf7, 0x0,
    0x3c, 0xfe, 0x71, 0x0, 0x7, 0xf8, 0x19, 0x97,
    0xcf, 0x81, 0x6e, 0xfc, 0x40, 0xed, 0x80, 0x88,
    0xb7, 0x10, 0x0, 0x4, 0x82, 0x3, 0x88, 0x8,
    0x80, 0xef, 0xff, 0xff, 0xf3, 0x0, 0x8, 0x80,
    0x88, 0xe, 0x42, 0x22, 0x2e, 0x30, 0x0, 0x88,
    0x8, 0x80, 0xe3, 0x0, 0x0, 0xe3, 0x0, 0x8,
    0xff, 0xf8, 0xe, 0x30, 0x0, 0xe, 0x30, 0x0,
    0x88, 0x9, 0x80, 0xef, 0xff, 0xff, 0xf3, 0x0,
    0x8, 0x80, 0x22, 0xe, 0x52, 0x22, 0x2e, 0x30,

    /* U+784E "硎" */
    0x0, 0x0, 0x0, 0x0, 0x0, 0x0, 0x0, 0x20,
    0x0, 0x0, 0x1, 0x22, 0x22, 0x20, 0x0, 0xe2,
    0x7f, 0xff, 0xfa, 0xff, 0xff, 0xf1, 0x60, 0xe2,
    0x2, 0xb6, 0x20, 0xb5, 0xf, 0x1, 0xe0, 0xe2,
    0x0, 0xe1, 0x0, 0xb5, 0xf, 0x1, 0xe0, 0xe2,
    0x3, 0xd0, 0x0, 0xb5, 0xf, 0x1, 0xe0, 0xe2,
    0x8, 0xb4, 0x30, 0xb5, 0xf, 0x1, 0xe0, 0xe2,
    0xe, 0xdb, 0xd1, 0xc6, 0x2f, 0x22, 0xe0, 0xe2,
    0x5f, 0x83, 0xdc, 0xff, 0xff, 0xf5, 0xe0, 0xe2,
    0xbc, 0x83, 0xd0, 0xc3, 0xf, 0x1, 0xe0, 0xe2,
    0x17, 0x83, 0xd0, 0xe2, 0xf, 0x1, 0xe0, 0xe2,
    0x7, 0x83, 0xd0, 0xf0, 0xf, 0x1, 0xe0, 0xe2,
    0x7, 0x94, 0xd4, 0xd0, 0xf, 0x1, 0xe0, 0xe2,
    0x7, 0xed, 0xa9, 0x90, 0xf, 0x0, 0x0, 0xe2,
    0x5, 0x60, 0xe, 0x30, 0xf, 0x0, 0x46, 0xf1,
    0x0, 0x0, 0x3b, 0x0, 0xf, 0x0, 0xdd, 0x90,
    0x0, 0x0, 0x0, 0x0, 0x0, 0x0, 0x0, 0x0,

    /* U+7850 "硐" */
    0x0, 0x0, 0x0, 0x36, 0x66, 0x66, 0x66, 0x68,
    0xff, 0xff, 0xe9, 0xda, 0xaa, 0xaa, 0xbf, 0x1,
    0x89, 0x10, 0x97, 0x0, 0x0, 0x2, 0xf0, 0xb,
    0x40, 0x9, 0x74, 0x44, 0x44, 0x2f, 0x1, 0xf0,
    0x0, 0x97, 0xbc, 0xcc, 0xc4, 0xf0, 0x6e, 0x99,
    0x29, 0x70, 0x0, 0x0, 0x2f, 0xd, 0xc4, 0xd5,
    0x97, 0x6e, 0xee, 0x92, 0xf5, 0xfb, 0xc, 0x59,
    0x76, 0xa1, 0x7a, 0x2f, 0xba, 0xb0, 0xc5, 0x97,
    0x6a, 0x6, 0xa2, 0xf1, 0x5b, 0xc, 0x59, 0x76,
    0xa0, 0x6a, 0x2f, 0x5, 0xb0, 0xc5, 0x97, 0x6c,
    0x6a, 0xa2, 0xf0, 0x5c, 0x2c, 0x59, 0x76, 0xeb,
    0xb7, 0x2f, 0x5, 0xfe, 0xf5, 0x97, 0x1, 0x0,
    0x2, 0xf0, 0x5b, 0x9, 0x39, 0x70, 0x1, 0x44,
    0x9f, 0x0, 0x10, 0x0, 0x97, 0x0, 0x3d, 0xdd,
    0x60,

    /* U+7856 "硖" */
    0x0, 0x0, 0x0, 0x0, 0x0, 0x21, 0x0, 0x0,
    0x0, 0x0, 0x0, 0x0, 0x0, 0xc6, 0x0, 0x0,
    0x3c, 0xcc, 0xcb, 0x0, 0x0, 0xc6, 0x0, 0x0,
    0x15, 0x8c, 0x54, 0x9f, 0xff, 0xff, 0xff, 0xf4,
    0x0, 0x88, 0x0, 0x12, 0x22, 0xd7, 0x22, 0x20,
    0x0, 0xd3, 0x0, 0x2a, 0x0, 0xc5, 0x3, 0xb0,
    0x2, 0xf3, 0x32, 0xd, 0x80, 0xd5, 0x1e, 0x80,
    0x9, 0xfd, 0xea, 0x3, 0xd0, 0xd4, 0x6b, 0x0,
    0x1f, 0xf0, 0x6a, 0x11, 0x11, 0xe5, 0x11, 0x11,
    0x8c, 0xf0, 0x6a, 0xdf, 0xff, 0xff, 0xff, 0xfb,
    0x24, 0xf0, 0x6a, 0x0, 0x6, 0xfd, 0x0, 0x0,
    0x1, 0xf0, 0x6a, 0x0, 0xc, 0x7d, 0x40, 0x0,
    0x1, 0xf2, 0x7a, 0x0, 0x6e, 0x16, 0xd0, 0x0,
    0x1, 0xff, 0xfa, 0x4, 0xf5, 0x0, 0xcb, 0x0,
    0x1, 0xf0, 0x0, 0x7f, 0x70, 0x0, 0x1e, 0xc2,
    0x0, 0x0, 0x8, 0xf5, 0x0, 0x0, 0x2, 0xc9,
    0x0, 0x0, 0x0, 0x20, 0x0, 0x0, 0x0, 0x0,

    /* U+7857 "硗" */
    0x0, 0x0, 0x0, 0x0, 0x5, 0x10, 0x0, 0x0,
    0x0, 0x0, 0x0, 0x0, 0x0, 0xd5, 0x0, 0x1,
    0x10, 0x8, 0xff, 0xff, 0xf1, 0x9, 0xb8, 0xbe,
    0xf5, 0x0, 0x1, 0xaa, 0x12, 0xcf, 0xff, 0xa6,
    0x31, 0x0, 0x0, 0xe, 0x50, 0x7, 0x41, 0xd5,
    0xa, 0xa0, 0x0, 0x2, 0xf1, 0x0, 0x0, 0x7,
    0xdc, 0xc1, 0x41, 0x0, 0x7d, 0x11, 0x0, 0x0,
    0x5f, 0xe0, 0xc, 0x40, 0xd, 0xff, 0xf9, 0x17,
    0xde, 0x7e, 0x93, 0xf1, 0x5, 0xfa, 0x7, 0x99,
    0xc6, 0x0, 0x2c, 0xfa, 0x0, 0xce, 0xa0, 0x79,
    0x22, 0x22, 0x22, 0x22, 0x20, 0x9, 0x7a, 0x7,
    0x9e, 0xff, 0xff, 0xff, 0xff, 0x0, 0x6, 0xa0,
    0x79, 0x0, 0xf2, 0xe, 0x30, 0x0, 0x0, 0x6c,
    0x49, 0x90, 0x2f, 0x0, 0xe3, 0x7, 0x20, 0x6,
    0xec, 0xc7, 0xb, 0xa0, 0xe, 0x30, 0xb5, 0x0,
    0x36, 0x0, 0x2b, 0xe2, 0x0, 0xe6, 0x1e, 0x30,
    0x0, 0x0, 0x1f, 0xd3, 0x0, 0x7, 0xff, 0xb0,
    0x0, 0x0, 0x0, 0x30, 0x0, 0x0, 0x0, 0x0,
    0x0,

    /* U+786A "硪" */
    0x0, 0x0, 0x0, 0x0, 0x0, 0x0, 0x30, 0x0,
    0x0, 0x0, 0x0, 0x0, 0x0, 0x2, 0x2f, 0x11,
    0x0, 0xc, 0xff, 0xff, 0x59, 0xbf, 0xf6, 0xf8,
    0xd2, 0x0, 0x1, 0xe2, 0x13, 0x89, 0xc0, 0x1f,
    0x8, 0xc0, 0x0, 0x2d, 0x0, 0x0, 0x5c, 0x1,
    0xf0, 0x1, 0x0, 0x6, 0x80, 0x6, 0x8b, 0xe8,
    0x9f, 0x98, 0x83, 0x0, 0xce, 0xdc, 0x58, 0xae,
    0x88, 0xf8, 0x88, 0x30, 0x2f, 0x74, 0xf0, 0x5,
    0xc0, 0xf, 0x20, 0x30, 0xa, 0xf5, 0x1f, 0x0,
    0x5c, 0x2, 0xf3, 0x4f, 0x10, 0xdb, 0x51, 0xf0,
    0x39, 0xff, 0x8e, 0x4d, 0x70, 0x1, 0xa5, 0x1f,
    0x9f, 0xed, 0x30, 0xcd, 0xd0, 0x0, 0xa, 0x51,
    0xf2, 0x15, 0xc0, 0xb, 0xf2, 0x0, 0x0, 0xa6,
    0x2f, 0x0, 0x5c, 0x7, 0xf9, 0x8, 0x70, 0xa,
    0xff, 0xe0, 0x5, 0xdb, 0xe8, 0xd0, 0xa7, 0x0,
    0xa5, 0x0, 0x33, 0x8b, 0x81, 0xe, 0x6d, 0x40,
    0x1, 0x0, 0xb, 0xfe, 0x50, 0x0, 0x5f, 0xe0,
    0x0, 0x0, 0x0, 0x0, 0x0, 0x0, 0x0, 0x0,
    0x0,

    /* U+786D "硭" */
    0x0, 0x0, 0x0, 0x0, 0x0, 0x0, 0x0, 0x0,
    0x0, 0x0, 0x0, 0x0, 0x0, 0xa6, 0x0, 0xd5,
    0x0, 0x6, 0xbb, 0xbb, 0xb1, 0xa, 0x60, 0xd,
    0x50, 0x0, 0x47, 0xae, 0x77, 0x8e, 0xff, 0xee,
    0xfe, 0xea, 0x0, 0x9, 0x80, 0x1, 0x3b, 0x83,
    0x3d, 0x73, 0x20, 0x0, 0xe3, 0x0, 0x0, 0xa8,
    0x90, 0xd5, 0x0, 0x0, 0x5d, 0x0, 0x0, 0x0,
    0xd, 0x60, 0x0, 0x0, 0xd, 0xff, 0xf7, 0x11,
    0x11, 0x57, 0x11, 0x11, 0x7, 0xf7, 0x1a, 0x8e,
    0xff, 0xff, 0xff, 0xff, 0xb0, 0xdd, 0x70, 0x98,
    0x5, 0xe0, 0x0, 0x0, 0x0, 0x1, 0xa7, 0x9,
    0x80, 0x5e, 0x0, 0x0, 0x0, 0x0, 0xa, 0x70,
    0x98, 0x5, 0xe0, 0x0, 0x0, 0x0, 0x0, 0xa7,
    0x9, 0x80, 0x5e, 0x0, 0x0, 0x0, 0x0, 0xa,
    0xed, 0xe8, 0x5, 0xe0, 0x0, 0x0, 0x0, 0x0,
    0xa9, 0x4b, 0x80, 0x5e, 0x0, 0x0, 0x0, 0x0,
    0xa, 0x70, 0x98, 0x5, 0xff, 0xff, 0xff, 0xf2,
    0x0, 0x21, 0x0, 0x0, 0x1, 0x11, 0x11, 0x11,
    0x0,

    /* U+7887 "碇" */
    0x0, 0x0, 0x0, 0x0, 0x0, 0x0, 0x0, 0x0,
    0x0, 0x0, 0x0, 0x0, 0x2, 0xe1, 0x0, 0x0,
    0x38, 0x88, 0x88, 0x12, 0x22, 0xc5, 0x22, 0x20,
    0x38, 0xcd, 0x88, 0x7f, 0xff, 0xff, 0xff, 0xf4,
    0x0, 0xb6, 0x0, 0x7b, 0x0, 0x0, 0x0, 0xe4,
    0x0, 0xf2, 0x0, 0x57, 0x0, 0x0, 0x0, 0x92,
    0x4, 0xe2, 0x20, 0x78, 0x88, 0x88, 0x88, 0x84,
    0xa, 0xfe, 0xf6, 0x79, 0x99, 0xfb, 0x99, 0x95,
    0x2f, 0xd0, 0x96, 0x0, 0x0, 0xd5, 0x0, 0x0,
    0xac, 0xd0, 0x96, 0xe, 0x30, 0xd7, 0x33, 0x30,
    0x64, 0xd0, 0x96, 0xf, 0x10, 0xdf, 0xff, 0xf1,
    0x3, 0xd0, 0x96, 0x3e, 0x0, 0xd5, 0x0, 0x0,
    0x3, 0xd1, 0xa6, 0x7f, 0x20, 0xd5, 0x0, 0x0,
    0x3, 0xff, 0xf6, 0xdc, 0xc0, 0xd5, 0x0, 0x0,
    0x3, 0xd0, 0x5, 0xe0, 0xcc, 0xe6, 0x22, 0x22,
    0x0, 0x30, 0xf, 0x60, 0x8, 0xef, 0xff, 0xf9,
    0x0, 0x0, 0x4, 0x0, 0x0, 0x0, 0x0, 0x0,

    /* U+7893 "碓" */
    0x0, 0x0, 0x0, 0x0, 0x0, 0x0, 0x0, 0x0,
    0x0, 0x0, 0x0, 0x0, 0x2e, 0x1a, 0x60, 0x0,
    0x1c, 0xcc, 0xcc, 0x70, 0xab, 0x5, 0xe1, 0x0,
    0x5, 0x5f, 0x55, 0x21, 0xf6, 0x22, 0x82, 0x21,
    0x0, 0x4d, 0x0, 0x9, 0xfe, 0xef, 0xfe, 0xe7,
    0x0, 0x98, 0x0, 0x4f, 0xc0, 0x4, 0xe0, 0x0,
    0x0, 0xe8, 0x76, 0xde, 0xc0, 0x4, 0xe0, 0x0,
    0x6, 0xf9, 0xbd, 0xa7, 0xff, 0xff, 0xff, 0xf4,
    0xe, 0xf0, 0x5c, 0x6, 0xc1, 0x14, 0xe1, 0x10,
    0x7c, 0xf0, 0x5c, 0x6, 0xc0, 0x4, 0xe0, 0x0,
    0x24, 0xf0, 0x5c, 0x6, 0xd4, 0x47, 0xe4, 0x41,
    0x1, 0xf0, 0x5c, 0x6, 0xfc, 0xcd, 0xfc, 0xc3,
    0x1, 0xf0, 0x5c, 0x6, 0xc0, 0x4, 0xe0, 0x0,
    0x1, 0xfe, 0xfc, 0x6, 0xc0, 0x4, 0xe0, 0x0,
    0x1, 0xf0, 0x5c, 0x6, 0xff, 0xff, 0xff, 0xfb,
    0x0, 0x50, 0x0, 0x6, 0xc0, 0x0, 0x0, 0x0,

    /* U+789A "碚" */
    0x0, 0x0, 0x0, 0x0, 0x0, 0x10, 0x0, 0x0,
    0x0, 0x0, 0x0, 0x0, 0x3, 0xe0, 0x0, 0x0,
    0x5d, 0xdd, 0xdc, 0x12, 0x22, 0xd5, 0x22, 0x20,
    0x12, 0x8b, 0x22, 0xaf, 0xff, 0xff, 0xff, 0xf1,
    0x0, 0xa6, 0x0, 0x4, 0x50, 0x0, 0x37, 0x0,
    0x0, 0xe2, 0x0, 0x4, 0xf3, 0x0, 0xd9, 0x0,
    0x4, 0xf6, 0x63, 0x0, 0x85, 0x7, 0xd0, 0x0,
    0xb, 0xf9, 0xc9, 0xcf, 0xff, 0xff, 0xff, 0xf8,
    0x3f, 0xd0, 0x69, 0x12, 0x22, 0x22, 0x22, 0x21,
    0xab, 0xd0, 0x69, 0x1, 0x22, 0x22, 0x22, 0x0,
    0x33, 0xd0, 0x69, 0xf, 0xff, 0xff, 0xff, 0x50,
    0x2, 0xd0, 0x69, 0xf, 0x30, 0x0, 0xd, 0x50,
    0x2, 0xd0, 0x69, 0xf, 0x30, 0x0, 0xd, 0x50,
    0x2, 0xff, 0xf9, 0xf, 0x30, 0x0, 0xd, 0x50,
    0x2, 0xd0, 0x79, 0xf, 0xff, 0xff, 0xff, 0x50,
    0x1, 0x60, 0x1, 0xf, 0x41, 0x11, 0x1d, 0x50,
    0x0, 0x0, 0x0, 0x0, 0x0, 0x0, 0x0, 0x0,

    /* U+789B "碛" */
    0x0, 0x0, 0x0, 0x0, 0x0, 0x21, 0x0, 0x0,
    0x0, 0x0, 0x0, 0x0, 0x0, 0xb6, 0x0, 0x0,
    0x5d, 0xdd, 0xdc, 0x7e, 0xee, 0xfe, 0xee, 0xe4,
    0x2, 0x8b, 0x22, 0x0, 0x0, 0xb6, 0x0, 0x0,
    0x0, 0xb5, 0x0, 0xe, 0xff, 0xff, 0xff, 0x90,
    0x0, 0xf1, 0x0, 0x0, 0x0, 0xb6, 0x0, 0x0,
    0x5, 0xfa, 0xa6, 0xdd, 0xdd, 0xfe, 0xdd, 0xda,
    0xc, 0xe6, 0xa9, 0x22, 0x22, 0x22, 0x22, 0x21,
    0x4f, 0xe0, 0x69, 0xb, 0xcc, 0xcc, 0xcc, 0x50,
    0xb9, 0xe0, 0x69, 0xf, 0x53, 0x64, 0x3b, 0x70,
    0x32, 0xe0, 0x69, 0xf, 0x20, 0xd3, 0xa, 0x70,
    0x2, 0xe0, 0x69, 0xf, 0x20, 0xf2, 0xa, 0x70,
    0x2, 0xe1, 0x79, 0xf, 0x24, 0xf4, 0xa, 0x70,
    0x2, 0xff, 0xf8, 0x1, 0x2e, 0x69, 0xb2, 0x0,
    0x1, 0xd0, 0x0, 0x39, 0xf7, 0x0, 0x6e, 0x70,
    0x0, 0x0, 0x6, 0xfa, 0x20, 0x0, 0x2, 0xd7,
    0x0, 0x0, 0x0, 0x10, 0x0, 0x0, 0x0, 0x0,

    /* U+789C "碜" */
    0x0, 0x0, 0x0, 0x0, 0x0, 0x0, 0x0, 0x0,
    0x0, 0x0, 0x0, 0x0, 0x9, 0xa0, 0x0, 0x0,
    0x38, 0x88, 0x87, 0x0, 0x8c, 0x10, 0xa2, 0x0,
    0x38, 0xbd, 0x87, 0x9, 0xc0, 0x1, 0x8e, 0x20,
    0x0, 0xa6, 0x0, 0x6f, 0xff, 0xed, 0xcc, 0xe1,
    0x0, 0xf2, 0x0, 0x13, 0x15, 0x80, 0x0, 0x20,
    0x4, 0xe3, 0x32, 0xaa, 0xae, 0xda, 0xaa, 0xa6,
    0xb, 0xfd, 0xf5, 0x66, 0xeb, 0x68, 0xe6, 0x63,
    0x2f, 0xd0, 0xb4, 0xa, 0xc0, 0x20, 0xb9, 0x0,
    0xac, 0xd0, 0xb6, 0xcc, 0x17, 0xe4, 0xb, 0xd4,
    0x74, 0xd0, 0xbe, 0x97, 0xeb, 0x13, 0xa0, 0x88,
    0x3, 0xd0, 0xb4, 0x6, 0x31, 0x9e, 0x40, 0x0,
    0x3, 0xd1, 0xc4, 0x2, 0x8e, 0x91, 0x2d, 0x60,
    0x3, 0xff, 0xf4, 0xd, 0x92, 0x19, 0xf8, 0x0,
    0x3, 0xd0, 0xb4, 0x0, 0x3a, 0xfa, 0x20, 0x0,
    0x0, 0x20, 0x0, 0x6e, 0xe8, 0x10, 0x0, 0x0,
    0x0, 0x0, 0x0, 0x24, 0x0, 0x0, 0x0, 0x0,

    /* U+78A1 "碡" */
    0x0, 0x0, 0x0, 0x0, 0x0, 0x20, 0x0, 0x0,
    0x0, 0x0, 0x0, 0x0, 0x0, 0xe3, 0x0, 0x0,
    0x4d, 0xdd, 0xdc, 0x8f, 0xff, 0xff, 0xff, 0xf5,
    0x13, 0x9b, 0x33, 0x0, 0x0, 0xe3, 0x0, 0x0,
    0x0, 0xb6, 0x0, 0x2f, 0xff, 0xff, 0xff, 0xd0,
    0x1, 0xf1, 0x0, 0x0, 0x0, 0xe3, 0x0, 0x0,
    0x6, 0xf7, 0x73, 0xbf, 0xff, 0xff, 0xff, 0xf9,
    0xd, 0xea, 0xe6, 0x2, 0x22, 0x22, 0x22, 0x10,
    0x4f, 0xd0, 0xa6, 0xe, 0xcd, 0xec, 0xcf, 0x60,
    0xbc, 0xd0, 0xa6, 0xf, 0x12, 0xd4, 0xc, 0x50,
    0x14, 0xd0, 0xab, 0xff, 0xff, 0xff, 0xff, 0xfb,
    0x4, 0xd0, 0xa6, 0x4d, 0x7, 0xa0, 0xe, 0x30,
    0x4, 0xd0, 0xa6, 0x5c, 0x12, 0xe4, 0x1f, 0x40,
    0x4, 0xff, 0xf6, 0x5d, 0xdd, 0xdd, 0xdf, 0xd7,
    0x4, 0xd1, 0xb6, 0x0, 0x1, 0x10, 0x5f, 0x0,
    0x1, 0x30, 0x0, 0x0, 0x8, 0xff, 0xe6, 0x0,
    0x0, 0x0, 0x0, 0x0, 0x0, 0x0, 0x0, 0x0,

    /* U+78A3 "碣" */
    0x12, 0x22, 0x22, 0xc, 0xcc, 0xcc, 0xcc, 0x37,
    0xff, 0xff, 0xf2, 0xf4, 0x44, 0x44, 0xe4, 0x12,
    0x9a, 0x22, 0x1f, 0x22, 0x22, 0x2d, 0x40, 0xc,
    0x50, 0x1, 0xfe, 0xee, 0xee, 0xf4, 0x1, 0xf1,
    0x0, 0x1f, 0x11, 0x11, 0x1d, 0x40, 0x6e, 0x66,
    0x20, 0xff, 0xff, 0xff, 0xf4, 0xd, 0xd6, 0xc7,
    0x4, 0xe1, 0x0, 0x0, 0x5, 0xfc, 0xa, 0x72,
    0xef, 0xff, 0xff, 0xfd, 0xca, 0xc0, 0xa9, 0xe7,
    0x11, 0x94, 0x14, 0xe3, 0x4c, 0xa, 0x8a, 0x70,
    0x4f, 0x70, 0x3d, 0x4, 0xc0, 0xa7, 0x4b, 0x5e,
    0x4c, 0xb4, 0xc0, 0x4d, 0x6c, 0x74, 0xb3, 0x30,
    0x14, 0x5c, 0x4, 0xea, 0xd7, 0x4f, 0xff, 0xff,
    0xf9, 0xb0, 0x4a, 0x6, 0x40, 0x0, 0x2, 0x23,
    0xc8, 0x0, 0x0, 0x0, 0x0, 0x0, 0xcf, 0xfb,
    0x10, 0x0, 0x0, 0x0, 0x0, 0x0, 0x0, 0x0,

    /* U+78A5 "碥" */
    0x0, 0x0, 0x0, 0x0, 0x0, 0x60, 0x0, 0x0,
    0x13, 0x33, 0x33, 0x0, 0x1, 0xf4, 0x0, 0x0,
    0x4d, 0xef, 0xdc, 0x8e, 0xee, 0xff, 0xee, 0xc0,
    0x0, 0x7a, 0x0, 0x99, 0x22, 0x22, 0x23, 0xe0,
    0x0, 0xb6, 0x0, 0x98, 0x0, 0x0, 0x1, 0xe0,
    0x0, 0xf2, 0x0, 0x9f, 0xff, 0xff, 0xff, 0xe0,
    0x4, 0xf8, 0x82, 0x98, 0x0, 0x0, 0x1, 0x90,
    0xb, 0xea, 0xe5, 0x98, 0x11, 0x11, 0x11, 0x10,
    0x3f, 0xd0, 0xb5, 0xa9, 0xff, 0xff, 0xff, 0xf2,
    0x9c, 0xd0, 0xb5, 0xa8, 0xd0, 0xe0, 0xd1, 0xd2,
    0x24, 0xd0, 0xb5, 0xc6, 0xd0, 0xe0, 0xd1, 0xd2,
    0x3, 0xd0, 0xb5, 0xe3, 0xfb, 0xfb, 0xfb, 0xf2,
    0x3, 0xd2, 0xc7, 0xf1, 0xe4, 0xe4, 0xe4, 0xd2,
    0x3, 0xfe, 0xeb, 0xa1, 0xd0, 0xe0, 0xd1, 0xd2,
    0x2, 0xa0, 0xe, 0x41, 0xd0, 0xe0, 0xd2, 0xe1,
    0x0, 0x0, 0x2a, 0x1, 0xd0, 0x70, 0x7f, 0xb0,
    0x0, 0x0, 0x0, 0x0, 0x0, 0x0, 0x0, 0x0,

    /* U+78B2 "碲" */
    0x0, 0x0, 0x0, 0x0, 0x0, 0x0, 0x0, 0x0,
    0x0, 0x0, 0x0, 0x0, 0x3, 0xd0, 0x0, 0x0,
    0x2a, 0xaa, 0xa9, 0x24, 0x44, 0xe8, 0x44, 0x41,
    0x17, 0xac, 0x76, 0x7c, 0xcc, 0xcc, 0xdc, 0xc5,
    0x0, 0x96, 0x0, 0x1, 0xe1, 0x0, 0x8c, 0x0,
    0x0, 0xe2, 0x0, 0x0, 0x87, 0x2, 0xf3, 0x0,
    0x4, 0xe2, 0x21, 0x8c, 0xdc, 0xce, 0xfc, 0xc6,
    0xb, 0xfd, 0xe8, 0xb7, 0x33, 0x95, 0x33, 0xa7,
    0x3f, 0xd0, 0x88, 0x63, 0x0, 0xe3, 0x0, 0x54,
    0x99, 0xd0, 0x88, 0x1c, 0xcc, 0xfd, 0xcc, 0xb0,
    0x3, 0xd0, 0x88, 0x2e, 0x33, 0xe6, 0x35, 0xe0,
    0x2, 0xd0, 0x88, 0x2e, 0x0, 0xe3, 0x2, 0xe0,
    0x2, 0xe2, 0x98, 0x2e, 0x0, 0xe3, 0x2, 0xe0,
    0x2, 0xff, 0xf8, 0x2e, 0x0, 0xe5, 0x26, 0xd0,
    0x2, 0xd0, 0x87, 0x1d, 0x0, 0xe8, 0xfe, 0x60,
    0x0, 0x10, 0x0, 0x0, 0x0, 0xe3, 0x0, 0x0,

    /* U+78B9 "碹" */
    0x0, 0x0, 0x0, 0x0, 0x0, 0x41, 0x0, 0x0,
    0x0, 0x12, 0x22, 0x20, 0x0, 0xb, 0x90, 0x0,
    0x0, 0x9, 0xdf, 0xed, 0x8d, 0xdd, 0xef, 0xdd,
    0xdd, 0x10, 0x1, 0xf1, 0x7, 0xa3, 0x33, 0x33,
    0x33, 0xf1, 0x0, 0x5c, 0x0, 0x23, 0x0, 0x0,
    0x0, 0x6, 0x0, 0xa, 0x80, 0x0, 0xcf, 0xff,
    0xff, 0xff, 0x30, 0x0, 0xeb, 0xaa, 0x0, 0x0,
    0x0, 0x0, 0x0, 0x0, 0x5f, 0x94, 0xf0, 0xdf,
    0xff, 0xff, 0xff, 0x40, 0xb, 0xf7, 0xf, 0xe,
    0x40, 0x0, 0x0, 0xc5, 0x0, 0xeb, 0x70, 0xf0,
    0xed, 0xcc, 0xcc, 0xcf, 0x50, 0x1, 0x97, 0xf,
    0xe, 0x63, 0x33, 0x33, 0xd5, 0x0, 0x9, 0x70,
    0xf0, 0xe4, 0x0, 0x0, 0xc, 0x50, 0x0, 0x97,
    0x1f, 0xe, 0xff, 0xff, 0xff, 0xf5, 0x0, 0x9,
    0xca, 0xa0, 0x51, 0x0, 0x0, 0x4, 0x20, 0x0,
    0x86, 0x0, 0xad, 0xdd, 0xdd, 0xdd, 0xdd, 0x40,
    0x0, 0x0, 0x2, 0x33, 0x33, 0x33, 0x33, 0x31,

    /* U+78C9 "磉" */
    0x1, 0x11, 0x11, 0x9, 0xaa, 0xaa, 0xaa, 0x70,
    0x3, 0xff, 0xff, 0xa0, 0x56, 0x44, 0x49, 0xf5,
    0x0, 0x0, 0x96, 0x0, 0x4, 0xbd, 0xac, 0xd2,
    0x0, 0x0, 0xe, 0x20, 0x5, 0xad, 0xc8, 0x7b,
    0xea, 0x0, 0x2, 0xd0, 0x0, 0x8a, 0x76, 0x46,
    0x67, 0x94, 0x0, 0x7f, 0xff, 0x46, 0x77, 0xd8,
    0x77, 0x7c, 0xa0, 0xe, 0xb1, 0xa5, 0x8a, 0x6d,
    0x1b, 0x86, 0xd1, 0x6, 0xfb, 0xa, 0x50, 0xcf,
    0x80, 0x5f, 0xfa, 0x10, 0x68, 0xb0, 0xa7, 0xea,
    0x4d, 0x6d, 0x61, 0x9c, 0x0, 0x4b, 0xa, 0x53,
    0x0, 0xa, 0x30, 0x0, 0x0, 0x4, 0xb0, 0xa7,
    0xee, 0xee, 0xfe, 0xee, 0xed, 0x0, 0x4c, 0x3b,
    0x53, 0x39, 0xdd, 0xcc, 0x33, 0x30, 0x4, 0xfd,
    0xd4, 0x19, 0xd1, 0xc4, 0x9d, 0x40, 0x0, 0x15,
    0x0, 0x7f, 0x91, 0xc, 0x40, 0x5e, 0xc0, 0x0,
    0x0, 0x2, 0x30, 0x0, 0xc4, 0x0, 0x3, 0x0,

    /* U+78D4 "磔" */
    0x0, 0x0, 0x0, 0x0, 0x0, 0x0, 0x0, 0x0,
    0x0, 0x0, 0x0, 0x0, 0xd, 0x10, 0x0, 0xe,
    0x0, 0x8, 0xcc, 0xcc, 0x16, 0xd3, 0x30, 0x1,
    0xf0, 0x0, 0x34, 0xe6, 0x41, 0xdd, 0xcf, 0x8e,
    0xef, 0xe5, 0x0, 0x1e, 0x0, 0x8d, 0x11, 0xe1,
    0xd0, 0xf0, 0x0, 0x5, 0x90, 0x9, 0x6d, 0xa9,
    0x4b, 0xf, 0x0, 0x0, 0xbf, 0xeb, 0x0, 0xaf,
    0x16, 0xec, 0xfc, 0x40, 0x1f, 0x64, 0xd0, 0x3f,
    0x60, 0x13, 0x3f, 0x31, 0x8, 0xf5, 0x2d, 0x2f,
    0x80, 0x1b, 0x0, 0xf0, 0x0, 0xec, 0x52, 0xd0,
    0x50, 0x2, 0xe0, 0x5, 0x0, 0x2, 0xa5, 0x2d,
    0x9f, 0xff, 0xff, 0xff, 0xff, 0x40, 0xa, 0x52,
    0xd0, 0x0, 0x9b, 0xec, 0x30, 0x0, 0x0, 0xa6,
    0x4d, 0x0, 0x8c, 0x2e, 0x2d, 0x30, 0x0, 0xa,
    0xfe, 0xc1, 0xad, 0x12, 0xe0, 0x4e, 0x70, 0x0,
    0xa5, 0x0, 0xeb, 0x10, 0x2e, 0x0, 0x3e, 0x70,
    0x0, 0x0, 0x2, 0x0, 0x2, 0xe0, 0x0, 0x0,

    /* U+78D9 "磙" */
    0x0, 0x0, 0x0, 0x0, 0x0, 0x30, 0x0, 0x0,
    0x0, 0x0, 0x0, 0x0, 0x0, 0xf3, 0x0, 0x0,
    0x3f, 0xff, 0xfe, 0x6c, 0xcc, 0xed, 0xcc, 0xc8,
    0x1, 0x8b, 0x11, 0x25, 0x55, 0x55, 0x55, 0x53,
    0x0, 0xa7, 0x0, 0x0, 0xc7, 0x0, 0xe6, 0x0,
    0x0, 0xe3, 0x0, 0x1c, 0xa1, 0x40, 0x3e, 0x90,
    0x4, 0xf3, 0x31, 0xe9, 0xb, 0x90, 0x12, 0xe8,
    0xa, 0xfd, 0xf6, 0x30, 0x9b, 0x5, 0xe2, 0x11,
    0x1f, 0xd0, 0xa6, 0x19, 0xe5, 0x55, 0xce, 0x30,
    0x9d, 0xd0, 0xa6, 0x3e, 0xcd, 0xfb, 0x9a, 0xa0,
    0x55, 0xd0, 0xa6, 0x0, 0x1d, 0xd8, 0x0, 0x60,
    0x3, 0xd0, 0xa6, 0x3, 0xd7, 0x1e, 0x2a, 0xd1,
    0x3, 0xd1, 0xa7, 0x8f, 0xf2, 0x6, 0xfb, 0x0,
    0x3, 0xff, 0xfa, 0xc2, 0xe2, 0x0, 0x8d, 0x30,
    0x2, 0xb0, 0x95, 0x0, 0xf7, 0xb5, 0x6, 0xe8,
    0x0, 0x0, 0x0, 0x1, 0xd8, 0x20, 0x0, 0x11,
    0x0, 0x0, 0x0, 0x0, 0x0, 0x0, 0x0, 0x0,

    /* U+78EC "磬" */
    0x0, 0x0, 0x32, 0x0, 0x0, 0x0, 0x0, 0x0,
    0x0, 0x0, 0xa, 0x60, 0x0, 0x19, 0x99, 0x93,
    0x0, 0x4d, 0xdd, 0xfe, 0xdd, 0xc2, 0xe6, 0x6c,
    0x60, 0x0, 0x45, 0x5c, 0x95, 0x52, 0xaa, 0x0,
    0x9b, 0x70, 0x5, 0x66, 0x66, 0x66, 0x4b, 0x33,
    0x33, 0x74, 0x0, 0x5d, 0xdd, 0xdd, 0xd4, 0xde,
    0xaa, 0xcf, 0x10, 0x6, 0x90, 0x96, 0xc, 0x31,
    0xd6, 0x3e, 0x50, 0x0, 0x7e, 0xbd, 0xdb, 0xf3,
    0x5, 0xff, 0x80, 0x0, 0x9, 0x82, 0x22, 0x22,
    0x9e, 0xe6, 0x5d, 0xfc, 0x0, 0xe2, 0x0, 0x0,
    0x4, 0x40, 0x0, 0x3, 0x50, 0x49, 0xbe, 0xff,
    0xee, 0xee, 0xee, 0xee, 0xe4, 0x0, 0x0, 0x6e,
    0x40, 0x0, 0x0, 0x0, 0x0, 0x0, 0x3, 0xbe,
    0xfe, 0xee, 0xee, 0xee, 0xee, 0x0, 0x4, 0xf7,
    0x2f, 0x0, 0x0, 0x0, 0x3, 0xe0, 0x0, 0x0,
    0x2, 0xfb, 0xbb, 0xbb, 0xbb, 0xce, 0x0, 0x0,
    0x0, 0x2f, 0x22, 0x22, 0x22, 0x25, 0xe0, 0x0,
    0x0, 0x0, 0x0, 0x0, 0x0, 0x0, 0x0, 0x0,
    0x0,

    /* U+78F2 "磲" */
    0x0, 0x0, 0x0, 0x2, 0x0, 0x0, 0x0, 0x0,
    0x0, 0x23, 0x33, 0x34, 0xe3, 0x9c, 0xcc, 0xcc,
    0xb0, 0xc, 0xff, 0xff, 0x17, 0x9c, 0x63, 0x33,
    0x32, 0x0, 0x1, 0xe2, 0x16, 0x0, 0xc5, 0x11,
    0x11, 0x10, 0x0, 0x2d, 0x0, 0xba, 0xc, 0xee,
    0xee, 0xec, 0x0, 0x7, 0x90, 0x0, 0x60, 0xc4,
    0x0, 0x3, 0xc0, 0x0, 0xcb, 0x96, 0x6, 0x9c,
    0xfe, 0xee, 0xfc, 0x0, 0x3f, 0x99, 0xa0, 0xe3,
    0xc5, 0x0, 0x2, 0x50, 0xb, 0xf5, 0x5a, 0x9a,
    0xc, 0xcb, 0xbb, 0xbb, 0x10, 0xcb, 0x55, 0xa7,
    0x10, 0x36, 0x64, 0x44, 0x40, 0x1, 0xa5, 0x5a,
    0x0, 0x0, 0x89, 0x0, 0x0, 0x0, 0xa, 0x55,
    0xab, 0xff, 0xff, 0xff, 0xff, 0xf2, 0x0, 0xa6,
    0x6a, 0x11, 0x6e, 0xbc, 0xe6, 0x11, 0x0, 0xa,
    0xff, 0x90, 0x8e, 0x28, 0x94, 0xe8, 0x10, 0x0,
    0xa5, 0x5, 0xea, 0x10, 0x89, 0x2, 0xcf, 0x20,
    0x1, 0x0, 0x34, 0x0, 0x8, 0x90, 0x0, 0x30,

    /* U+78F4 "磴" */
    0x0, 0x0, 0x0, 0x0, 0x0, 0x1, 0x0, 0x0,
    0x0, 0x0, 0x0, 0x58, 0x88, 0x6d, 0xb, 0x50,
    0x3f, 0xff, 0xfd, 0x68, 0x8e, 0x6f, 0xda, 0x0,
    0x1, 0x7b, 0x11, 0x55, 0x3e, 0x9, 0xb0, 0xa6,
    0x0, 0xa7, 0x0, 0x3e, 0xc7, 0x2, 0xfc, 0xd1,
    0x0, 0xe3, 0x0, 0xb, 0xd1, 0x11, 0x8f, 0x30,
    0x3, 0xf3, 0x31, 0x8e, 0xbe, 0xee, 0xe8, 0xe5,
    0x9, 0xfa, 0xeb, 0xc2, 0x0, 0x0, 0x0, 0x48,
    0x1f, 0xf0, 0xa5, 0x2f, 0xff, 0xff, 0xff, 0x70,
    0x7b, 0xf0, 0xa5, 0x1f, 0x0, 0x0, 0xa, 0x70,
    0x43, 0xf0, 0xa5, 0x1f, 0x11, 0x11, 0x1a, 0x70,
    0x0, 0xf0, 0xa5, 0x1f, 0xff, 0xff, 0xff, 0x70,
    0x0, 0xf0, 0xa5, 0x4, 0xa0, 0x0, 0x95, 0x10,
    0x0, 0xff, 0xf4, 0x0, 0xc7, 0x2, 0xf1, 0x0,
    0x0, 0xf0, 0x0, 0x11, 0x59, 0x19, 0x91, 0x10,
    0x0, 0x0, 0x6, 0xff, 0xff, 0xff, 0xff, 0xfb,

    /* U+7905 "礅" */
    0x0, 0x0, 0x0, 0x0, 0x0, 0x0, 0x0, 0x0,
    0x0, 0x0, 0x0, 0x3d, 0x0, 0x3, 0xd0, 0x0,
    0x5c, 0xcc, 0xb0, 0xd, 0x30, 0x6, 0xa0, 0x0,
    0x13, 0xc7, 0x2c, 0xee, 0xee, 0x79, 0x81, 0x10,
    0x0, 0xf1, 0x0, 0x11, 0x10, 0xd, 0xff, 0xfa,
    0x4, 0xd0, 0x6, 0xec, 0xdc, 0x2f, 0x12, 0xe0,
    0x9, 0xc6, 0x36, 0x80, 0x4c, 0x8f, 0x23, 0xd0,
    0xf, 0xbb, 0x96, 0xfe, 0xec, 0xeb, 0x54, 0xb0,
    0x8f, 0x76, 0x94, 0x50, 0x38, 0x47, 0x77, 0x80,
    0xab, 0x76, 0x9a, 0xee, 0xee, 0x24, 0xbb, 0x50,
    0x8, 0x76, 0x90, 0x2, 0xd9, 0x0, 0xff, 0x10,
    0x8, 0x76, 0x90, 0xc, 0x94, 0x40, 0xbb, 0x0,
    0x8, 0x76, 0xad, 0xef, 0xec, 0x72, 0xfe, 0x0,
    0x8, 0xff, 0x94, 0x2d, 0x30, 0xc, 0x9c, 0x80,
    0x8, 0x81, 0x0, 0xe, 0x20, 0xbd, 0x3, 0xf5,
    0x1, 0x10, 0x8, 0xfc, 0x4, 0xe1, 0x0, 0x69,
    0x0, 0x0, 0x0, 0x0, 0x0, 0x10, 0x0, 0x0,

    /* U+7913 "礓" */
    0x2, 0x33, 0x33, 0x38, 0x88, 0x88, 0x88, 0x88,
    0x30, 0xae, 0xfe, 0xe3, 0x55, 0x55, 0x55, 0x55,
    0x52, 0x0, 0xe, 0x10, 0xe, 0xcc, 0xce, 0xcc,
    0xcc, 0x0, 0x2, 0xc0, 0x1, 0xf0, 0x2, 0xe0,
    0x3, 0xd0, 0x0, 0x78, 0x0, 0x1f, 0xcc, 0xcf,
    0xcc, 0xcd, 0x0, 0xd, 0xb9, 0x61, 0xf6, 0x67,
    0xf6, 0x68, 0xd0, 0x3, 0xf8, 0x8b, 0x9, 0x44,
    0x44, 0x44, 0x57, 0x0, 0xaf, 0x54, 0xb9, 0xdd,
    0xdd, 0xdd, 0xdd, 0xd9, 0xd, 0xb5, 0x4b, 0x1,
    0x11, 0x11, 0x11, 0x11, 0x0, 0x1b, 0x54, 0xb1,
    0xfa, 0xab, 0xfa, 0xab, 0xe0, 0x0, 0xb5, 0x4b,
    0x1f, 0x77, 0x8f, 0x77, 0x8e, 0x0, 0xb, 0x66,
    0xb1, 0xf3, 0x35, 0xf3, 0x35, 0xe0, 0x0, 0xbe,
    0xd9, 0x1f, 0xcc, 0xcd, 0xcc, 0xce, 0x0, 0x8,
    0x30, 0x0, 0x60, 0x0, 0x0, 0x1, 0x50, 0x0,
    0x0, 0x0, 0xcd, 0xdd, 0xdd, 0xdd, 0xdd, 0x90,

    /* U+791E "礞" */
    0x0, 0x0, 0x0, 0x0, 0x0, 0x0, 0x0, 0x0,
    0x0, 0x0, 0x0, 0x0, 0x97, 0x0, 0xf1, 0x0,
    0xc, 0xcc, 0xc6, 0xcd, 0xee, 0xdd, 0xfd, 0xd7,
    0x3, 0x9b, 0x31, 0x22, 0xa8, 0x22, 0xe3, 0x21,
    0x0, 0xb6, 0x0, 0x8b, 0xbb, 0xbb, 0xbb, 0xb3,
    0x0, 0xf1, 0x0, 0xb6, 0x23, 0x33, 0x32, 0xd4,
    0x4, 0xc1, 0x10, 0x42, 0xdf, 0xff, 0xf5, 0x51,
    0xa, 0xff, 0xf4, 0x0, 0x0, 0x0, 0x0, 0x0,
    0x2f, 0xd0, 0xc4, 0x7e, 0xef, 0xfe, 0xee, 0xe0,
    0x8d, 0xd0, 0xc4, 0x4, 0x9e, 0x80, 0x5, 0x50,
    0x15, 0xd0, 0xc6, 0xe9, 0x4a, 0xf4, 0xbc, 0x30,
    0x3, 0xd0, 0xc4, 0x38, 0xd6, 0xaf, 0xa9, 0x0,
    0x3, 0xd0, 0xc5, 0xb7, 0x3b, 0xbf, 0x1e, 0x30,
    0x3, 0xfc, 0xf5, 0x5b, 0xe5, 0xf, 0x17, 0xe4,
    0x3, 0xe3, 0x34, 0xf8, 0x32, 0x5f, 0x0, 0xa4,
    0x0, 0x20, 0x0, 0x0, 0x7f, 0xe6, 0x0, 0x0,

    /* U+7924 "礤" */
    0x0, 0x0, 0x0, 0x0, 0x0, 0x0, 0x0, 0x0,
    0x0, 0x0, 0x0, 0x0, 0x1, 0xf2, 0x2, 0xd0,
    0x0, 0xa, 0xdd, 0xdd, 0x8d, 0xdf, 0xdd, 0xdf,
    0xdd, 0x10, 0x23, 0xe4, 0x31, 0x24, 0xf4, 0x24,
    0xd2, 0x20, 0x0, 0x1d, 0x0, 0x5, 0xf5, 0x56,
    0xb4, 0x44, 0x0, 0x6, 0x80, 0x0, 0xd9, 0x8c,
    0x9f, 0x9a, 0xd0, 0x0, 0xbd, 0xc7, 0x9a, 0xb5,
    0xe3, 0xc5, 0xb7, 0x0, 0x2f, 0x88, 0xde, 0x43,
    0xec, 0x5, 0xed, 0x0, 0x9, 0xf5, 0x5a, 0x3e,
    0x9f, 0x30, 0xc, 0x60, 0x0, 0xec, 0x55, 0xa0,
    0x9f, 0xbf, 0xff, 0xae, 0x40, 0x2, 0xa5, 0x5b,
    0xac, 0x30, 0x0, 0x0, 0x4f, 0x20, 0xa, 0x55,
    0xb8, 0xcf, 0xff, 0xff, 0xff, 0x20, 0x0, 0xa5,
    0x5a, 0x0, 0x61, 0xe, 0x33, 0x30, 0x0, 0xa,
    0xff, 0xa0, 0x9d, 0x20, 0xe3, 0x5f, 0x40, 0x0,
    0xa6, 0x11, 0xad, 0x13, 0x2f, 0x30, 0x6f, 0x20,
    0x0, 0x0, 0x5, 0x0, 0xef, 0xd0, 0x0, 0x50,
    0x0, 0x0, 0x0, 0x0, 0x0, 0x0, 0x0, 0x0,
    0x0,

    /* U+7934 "礴" */
    0x0, 0x0, 0x0, 0x0, 0x0, 0x0, 0x0, 0x0,
    0x0, 0x0, 0x0, 0x0, 0x0, 0xf0, 0x5, 0xa0,
    0x0, 0xa, 0xdd, 0xdd, 0x7f, 0xff, 0xff, 0xff,
    0xff, 0x50, 0x23, 0xe5, 0x30, 0x0, 0xf0, 0x5,
    0xa6, 0x0, 0x0, 0x1e, 0x0, 0x35, 0x24, 0x47,
    0xc4, 0xd8, 0x0, 0x6, 0x90, 0x2, 0xe7, 0x99,
    0xae, 0x99, 0x91, 0x0, 0xba, 0x74, 0x5, 0x58,
    0x89, 0xd8, 0x86, 0x0, 0x2f, 0xbb, 0xbb, 0x5,
    0xb5, 0x7c, 0x56, 0xd0, 0xa, 0xf5, 0x5a, 0x99,
    0x5e, 0xcd, 0xec, 0xcd, 0x0, 0xec, 0x55, 0xa0,
    0x45, 0xa1, 0x4b, 0x12, 0xd0, 0x1, 0xa5, 0x5a,
    0x7, 0x5e, 0xcd, 0xfc, 0xcd, 0x0, 0xa, 0x55,
    0xa1, 0xf4, 0x80, 0x29, 0x7, 0x50, 0x0, 0xa5,
    0x5a, 0x4b, 0xbd, 0xdd, 0xdd, 0xfd, 0x40, 0xa,
    0xff, 0xa8, 0x81, 0xc1, 0x0, 0xf, 0x0, 0x0,
    0xa6, 0x10, 0xc5, 0x8, 0xc1, 0x12, 0xf0, 0x0,
    0x2, 0x10, 0xf, 0x10, 0x5, 0x1f, 0xf9, 0x0,
    0x0, 0x0, 0x0, 0x10, 0x0, 0x0, 0x0, 0x0,
    0x0,

    /* U+793B "礻" */
    0x0, 0x0, 0x10, 0x0, 0x0, 0x0, 0x4, 0xf1,
    0x0, 0x0, 0x0, 0x0, 0xda, 0x0, 0x0, 0x2,
    0x22, 0x78, 0x21, 0x0, 0xe, 0xff, 0xff, 0xfb,
    0x0, 0x0, 0x0, 0x3, 0xf6, 0x0, 0x0, 0x0,
    0x1e, 0xa0, 0x0, 0x0, 0x0, 0xcd, 0x10, 0x0,
    0x0, 0xc, 0xf6, 0xe3, 0x0, 0x1, 0xce, 0xf5,
    0x8f, 0x30, 0x3e, 0xd1, 0xf5, 0xa, 0xd0, 0x9b,
    0x0, 0xf5, 0x0, 0x10, 0x0, 0x0, 0xf5, 0x0,
    0x0, 0x0, 0x0, 0xf5, 0x0, 0x0, 0x0, 0x0,
    0xf5, 0x0, 0x0, 0x0, 0x0, 0xf5, 0x0, 0x0,

    /* U+7940 "祀" */
    0x0, 0x1, 0x0, 0x0, 0x0, 0x0, 0x0, 0x0,
    0x0, 0x7d, 0x0, 0x0, 0x0, 0x0, 0x0, 0x0,
    0x0, 0xe, 0x60, 0xe, 0xff, 0xff, 0xff, 0xe0,
    0x3, 0x37, 0x42, 0xe, 0x62, 0x22, 0x26, 0xf0,
    0x3f, 0xff, 0xfe, 0xe, 0x40, 0x0, 0x4, 0xf0,
    0x0, 0x0, 0xc8, 0xe, 0x40, 0x0, 0x4, 0xf0,
    0x0, 0x7, 0xc0, 0xe, 0x40, 0x0, 0x4, 0xf0,
    0x0, 0x3f, 0x30, 0xe, 0xee, 0xee, 0xee, 0xf0,
    0x3, 0xff, 0xba, 0xe, 0x73, 0x33, 0x37, 0xf0,
    0x5f, 0x9f, 0x2e, 0x5e, 0x40, 0x0, 0x0, 0x10,
    0x76, 0x1f, 0x12, 0xe, 0x40, 0x0, 0x0, 0x0,
    0x0, 0x1f, 0x10, 0xe, 0x40, 0x0, 0x0, 0x23,
    0x0, 0x1f, 0x10, 0xe, 0x40, 0x0, 0x0, 0x7c,
    0x0, 0x1f, 0x10, 0xd, 0x60, 0x0, 0x0, 0xb9,
    0x0, 0x1f, 0x10, 0x8, 0xfd, 0xdd, 0xdf, 0xe2,
    0x0, 0x1f, 0x10, 0x0, 0x24, 0x44, 0x43, 0x0,

    /* U+7946 "祆" */
    0x0, 0x0, 0x0, 0x0, 0x0, 0x0, 0x0, 0x0,
    0x0, 0x2, 0xf2, 0x0, 0x11, 0x11, 0x11, 0x11,
    0x10, 0x0, 0xb, 0xb0, 0xf, 0xff, 0xff, 0xff,
    0xfd, 0x0, 0x0, 0x33, 0x0, 0x0, 0x4, 0xf0,
    0x0, 0x0, 0xe, 0xff, 0xff, 0x20, 0x0, 0x4e,
    0x0, 0x0, 0x0, 0x11, 0x18, 0xd0, 0x0, 0x5,
    0xe0, 0x0, 0x0, 0x0, 0x2, 0xf3, 0x0, 0x0,
    0x6d, 0x0, 0x0, 0x0, 0x1, 0xd8, 0x7, 0xff,
    0xff, 0xff, 0xff, 0xf5, 0x0, 0xcf, 0x88, 0x13,
    0x33, 0xbf, 0x33, 0x33, 0x10, 0xcd, 0xe7, 0xd8,
    0x0, 0xe, 0xf4, 0x0, 0x0, 0x9, 0x1d, 0x52,
    0x90, 0x4, 0xf8, 0xa0, 0x0, 0x0, 0x0, 0xd5,
    0x0, 0x0, 0xca, 0x1f, 0x40, 0x0, 0x0, 0xd,
    0x50, 0x0, 0x8f, 0x20, 0x9e, 0x20, 0x0, 0x0,
    0xd5, 0x0, 0x7f, 0x50, 0x0, 0xdd, 0x20, 0x0,
    0xd, 0x50, 0xaf, 0x60, 0x0, 0x2, 0xef, 0x30,
    0x0, 0xd5, 0x2d, 0x40, 0x0, 0x0, 0x2, 0xb1,
    0x0, 0x0, 0x0, 0x0, 0x0, 0x0, 0x0, 0x0,
    0x0,

    /* U+7949 "祉" */
    0x0, 0x0, 0x0, 0x0, 0x0, 0x1, 0x30, 0x0,
    0x0, 0x1, 0xf4, 0x0, 0x0, 0x0, 0x4e, 0x0,
    0x0, 0x0, 0xa, 0xc0, 0x0, 0x0, 0x4, 0xe0,
    0x0, 0x0, 0x0, 0x24, 0x0, 0x0, 0x0, 0x4e,
    0x0, 0x0, 0xb, 0xff, 0xff, 0x42, 0xf0, 0x4,
    0xe0, 0x0, 0x0, 0x23, 0x36, 0xf2, 0x2f, 0x0,
    0x4e, 0x22, 0x20, 0x0, 0x0, 0xd9, 0x2, 0xf0,
    0x4, 0xff, 0xff, 0x40, 0x0, 0x9d, 0x0, 0x2f,
    0x0, 0x4e, 0x0, 0x0, 0x0, 0x8f, 0x87, 0x2,
    0xf0, 0x4, 0xe0, 0x0, 0x0, 0x8f, 0xe8, 0xd9,
    0x2f, 0x0, 0x4e, 0x0, 0x0, 0xc, 0x3b, 0x72,
    0xc3, 0xf0, 0x4, 0xe0, 0x0, 0x0, 0x0, 0xb7,
    0x0, 0x2f, 0x0, 0x4e, 0x0, 0x0, 0x0, 0xb,
    0x70, 0x2, 0xf0, 0x4, 0xe0, 0x0, 0x0, 0x0,
    0xb7, 0x0, 0x2f, 0x0, 0x4e, 0x0, 0x0, 0x0,
    0xb, 0x74, 0xff, 0xff, 0xff, 0xff, 0xff, 0xc0,
    0x0, 0xb7, 0x2, 0x22, 0x22, 0x22, 0x22, 0x22,

    /* U+7953 "祓" */
    0x0, 0x20, 0x0, 0x0, 0x20, 0x0, 0x0, 0x0,
    0x2, 0xf3, 0x0, 0x0, 0xd6, 0x9, 0x60, 0x0,
    0x0, 0xac, 0x0, 0x0, 0xe4, 0x4, 0xec, 0x0,
    0x23, 0x54, 0x31, 0x22, 0xf4, 0x22, 0x26, 0x21,
    0xce, 0xee, 0xf6, 0xff, 0xff, 0xff, 0xff, 0xf7,
    0x0, 0x8, 0xd0, 0x5, 0xd0, 0x0, 0x0, 0x0,
    0x0, 0x2f, 0x30, 0x9, 0xb2, 0x22, 0x22, 0x0,
    0x1, 0xd9, 0x0, 0xd, 0xff, 0xff, 0xff, 0x40,
    0xc, 0xf9, 0x90, 0x2f, 0xb0, 0x0, 0x1f, 0x10,
    0xcc, 0xd6, 0xc9, 0x8c, 0xf1, 0x0, 0x7b, 0x0,
    0x81, 0xc5, 0x13, 0xf4, 0x99, 0x1, 0xe3, 0x0,
    0x0, 0xc5, 0x9, 0xd0, 0x2f, 0x4b, 0x90, 0x0,
    0x0, 0xc5, 0x4f, 0x40, 0x7, 0xfd, 0x0, 0x0,
    0x0, 0xc5, 0xd9, 0x0, 0x5e, 0xdf, 0x91, 0x0,
    0x0, 0xc5, 0x32, 0x7d, 0xe6, 0x4, 0xef, 0xb4,
    0x0, 0xc5, 0x5, 0xd6, 0x0, 0x0, 0x5, 0xc2,

    /* U+7957 "祗" */
    0x0, 0x1, 0x0, 0x0, 0x0, 0x0, 0x0, 0x0,
    0x0, 0x2, 0xf3, 0x0, 0x0, 0x0, 0x23, 0x57,
    0x40, 0x0, 0xb, 0xb0, 0xc, 0xff, 0xff, 0xfd,
    0xc7, 0x0, 0x23, 0x55, 0x30, 0xe5, 0x21, 0x5d,
    0x0, 0x0, 0xd, 0xff, 0xff, 0x3e, 0x30, 0x4,
    0xd0, 0x0, 0x0, 0x0, 0x7, 0xd0, 0xe3, 0x0,
    0x4e, 0x0, 0x0, 0x0, 0x2, 0xf3, 0xe, 0x52,
    0x25, 0xe2, 0x22, 0x0, 0x0, 0xd8, 0x0, 0xef,
    0xff, 0xff, 0xff, 0xf1, 0x0, 0xbf, 0x9a, 0xe,
    0x30, 0x1, 0xf0, 0x0, 0x0, 0xcc, 0xd6, 0xd8,
    0xe3, 0x0, 0xf, 0x10, 0x0, 0x9, 0x1c, 0x52,
    0x3e, 0x30, 0x0, 0xd3, 0x0, 0x0, 0x0, 0xc5,
    0x0, 0xe3, 0x0, 0xa, 0x70, 0x0, 0x0, 0xc,
    0x50, 0xe, 0x31, 0x96, 0x7b, 0xa, 0x40, 0x0,
    0xc5, 0x0, 0xfa, 0xfc, 0x31, 0xf1, 0xc3, 0x0,
    0xc, 0x50, 0x2f, 0xe5, 0x4c, 0xa, 0xbf, 0x10,
    0x0, 0xc5, 0x0, 0x80, 0x0, 0x79, 0x1c, 0xc0,
    0x0, 0x0, 0x0, 0x0, 0x0, 0x0, 0x0, 0x0,
    0x0,

    /* U+795A "祚" */
    0x0, 0x1, 0x0, 0x0, 0x0, 0x0, 0x0, 0x0,
    0x0, 0x8b, 0x0, 0x0, 0xb8, 0x0, 0x0, 0x0,
    0x0, 0x1f, 0x40, 0x1, 0xf3, 0x0, 0x0, 0x0,
    0x2, 0x25, 0x21, 0x8, 0xfa, 0xaa, 0xaa, 0xa8,
    0x4f, 0xff, 0xfd, 0x1f, 0x9f, 0x97, 0x77, 0x75,
    0x0, 0x0, 0xd7, 0xac, 0xe, 0x40, 0x0, 0x0,
    0x0, 0x7, 0xb0, 0xd3, 0xe, 0x40, 0x0, 0x0,
    0x0, 0x3f, 0x20, 0x0, 0xe, 0xff, 0xff, 0xf5,
    0x3, 0xff, 0x8a, 0x0, 0xe, 0x52, 0x22, 0x20,
    0x4f, 0x7f, 0x1d, 0x70, 0xe, 0x40, 0x0, 0x0,
    0x56, 0x1f, 0x1, 0x0, 0xe, 0x40, 0x0, 0x0,
    0x0, 0x1f, 0x0, 0x0, 0xe, 0xff, 0xff, 0xf9,
    0x0, 0x1f, 0x0, 0x0, 0xe, 0x52, 0x22, 0x21,
    0x0, 0x1f, 0x0, 0x0, 0xe, 0x40, 0x0, 0x0,
    0x0, 0x1f, 0x0, 0x0, 0xe, 0x40, 0x0, 0x0,
    0x0, 0x1f, 0x0, 0x0, 0xe, 0x40, 0x0, 0x0,
    0x0, 0x1, 0x0, 0x0, 0x0, 0x0, 0x0, 0x0,

    /* U+795B "祛" */
    0x0, 0x2, 0x0, 0x0, 0x0, 0x4, 0x0, 0x0,
    0x0, 0x3, 0xf2, 0x0, 0x0, 0x0, 0xf2, 0x0,
    0x0, 0x0, 0xc, 0xb0, 0x0, 0x0, 0xf, 0x20,
    0x0, 0x0, 0x0, 0x43, 0x0, 0x12, 0x22, 0xf4,
    0x22, 0x20, 0xe, 0xff, 0xff, 0x2a, 0xff, 0xff,
    0xff, 0xfd, 0x0, 0x11, 0x18, 0xd0, 0x0, 0x0,
    0xf2, 0x0, 0x0, 0x0, 0x2, 0xe3, 0x0, 0x0,
    0xf, 0x20, 0x0, 0x0, 0x0, 0xd8, 0x0, 0x0,
    0x0, 0xf2, 0x0, 0x0, 0x1, 0xcf, 0x9a, 0x6f,
    0xff, 0xff, 0xff, 0xff, 0x90, 0xdb, 0xd6, 0xdb,
    0x22, 0x2e, 0x82, 0x22, 0x21, 0x7, 0xd, 0x42,
    0x20, 0x8, 0xd0, 0x1, 0x0, 0x0, 0x0, 0xd4,
    0x0, 0x2, 0xf3, 0x1, 0xf2, 0x0, 0x0, 0xd,
    0x40, 0x0, 0xc9, 0x0, 0x9, 0xc0, 0x0, 0x0,
    0xd4, 0x0, 0xad, 0x12, 0x34, 0x6f, 0x60, 0x0,
    0xd, 0x40, 0x2f, 0xff, 0xfe, 0xdb, 0xbf, 0x10,
    0x0, 0xd4, 0x0, 0x43, 0x10, 0x0, 0x0, 0xb4,
    0x0, 0x0, 0x0, 0x0, 0x0, 0x0, 0x0, 0x0,
    0x0,

    /* U+795C "祜" */
    0x0, 0x0, 0x0, 0x0, 0x0, 0x0, 0x0, 0x0,
    0x0, 0x7a, 0x0, 0x0, 0x0, 0x4e, 0x0, 0x0,
    0x0, 0x1f, 0x40, 0x0, 0x0, 0x4e, 0x0, 0x0,
    0x2, 0x26, 0x32, 0x2, 0x22, 0x5e, 0x22, 0x22,
    0x4e, 0xee, 0xfd, 0x6f, 0xff, 0xff, 0xff, 0xfe,
    0x0, 0x0, 0xd7, 0x0, 0x0, 0x4e, 0x0, 0x0,
    0x0, 0x6, 0xd0, 0x0, 0x0, 0x4e, 0x0, 0x0,
    0x0, 0x3f, 0x40, 0x0, 0x0, 0x4e, 0x0, 0x0,
    0x2, 0xef, 0x63, 0x4, 0x44, 0x7f, 0x44, 0x40,
    0x3e, 0xcf, 0x5f, 0x3f, 0xdd, 0xdd, 0xdd, 0xf3,
    0x6a, 0x3f, 0x6, 0x2f, 0x40, 0x0, 0x0, 0xf3,
    0x0, 0x2f, 0x0, 0xf, 0x40, 0x0, 0x0, 0xf3,
    0x0, 0x2f, 0x0, 0xf, 0x40, 0x0, 0x0, 0xf3,
    0x0, 0x2f, 0x0, 0xf, 0x52, 0x22, 0x22, 0xf3,
    0x0, 0x2f, 0x0, 0xf, 0xff, 0xff, 0xff, 0xf3,
    0x0, 0x2f, 0x0, 0xf, 0x40, 0x0, 0x0, 0xf3,

    /* U+7960 "祠" */
    0x0, 0x0, 0x0, 0x0, 0x0, 0x0, 0x0, 0x0,
    0x0, 0x3e, 0x10, 0x3, 0x33, 0x33, 0x33, 0x33,
    0x0, 0xd, 0xa0, 0x2e, 0xee, 0xee, 0xee, 0xee,
    0x0, 0x4, 0x40, 0x0, 0x0, 0x0, 0x0, 0x4e,
    0xe, 0xff, 0xff, 0x43, 0x33, 0x33, 0x33, 0x4e,
    0x1, 0x11, 0x8e, 0x7e, 0xee, 0xee, 0xee, 0x4e,
    0x0, 0x2, 0xf5, 0x0, 0x0, 0x0, 0x0, 0x4e,
    0x0, 0xc, 0xa0, 0x3, 0x44, 0x44, 0x30, 0x4e,
    0x0, 0xbf, 0x86, 0xf, 0xed, 0xde, 0xf0, 0x4e,
    0xc, 0xde, 0x7f, 0x6f, 0x30, 0x3, 0xf0, 0x4e,
    0xa, 0x1d, 0x43, 0x4f, 0x30, 0x3, 0xf0, 0x4e,
    0x0, 0xd, 0x40, 0xf, 0x52, 0x25, 0xf0, 0x4e,
    0x0, 0xd, 0x40, 0xf, 0xff, 0xff, 0xe0, 0x4e,
    0x0, 0xd, 0x40, 0xf, 0x30, 0x0, 0x0, 0x4e,
    0x0, 0xd, 0x40, 0x2, 0x0, 0x24, 0x44, 0xac,
    0x0, 0xd, 0x40, 0x0, 0x0, 0x5f, 0xff, 0xe4,
    0x0, 0x0, 0x0, 0x0, 0x0, 0x0, 0x0, 0x0,

    /* U+7962 "祢" */
    0x0, 0x1, 0x0, 0x0, 0x1, 0x0, 0x0, 0x0,
    0x0, 0x3, 0xf2, 0x0, 0x7, 0xd0, 0x0, 0x0,
    0x0, 0x0, 0xc, 0xb0, 0x0, 0xd7, 0x0, 0x0,
    0x0, 0x0, 0x23, 0x54, 0x30, 0x4f, 0xee, 0xee,
    0xee, 0xc0, 0xd, 0xff, 0xff, 0x2c, 0xa3, 0x33,
    0x33, 0xac, 0x0, 0x0, 0x8, 0xd4, 0xf1, 0x1,
    0x30, 0xd, 0x60, 0x0, 0x2, 0xf3, 0x89, 0x0,
    0x5e, 0x1, 0xc1, 0x0, 0x0, 0xd9, 0x0, 0x4,
    0x15, 0xe0, 0x50, 0x0, 0x0, 0xbf, 0x87, 0x1,
    0xf4, 0x5e, 0xd, 0x70, 0x0, 0xcd, 0xe7, 0xe7,
    0x7d, 0x5, 0xe0, 0x6e, 0x0, 0xa, 0x1d, 0x43,
    0x4d, 0x60, 0x5e, 0x0, 0xe7, 0x0, 0x0, 0xd4,
    0x5, 0xe0, 0x5, 0xe0, 0x8, 0xe0, 0x0, 0xd,
    0x40, 0xd8, 0x0, 0x5e, 0x0, 0x1f, 0x50, 0x0,
    0xd4, 0x4, 0x10, 0x5, 0xe0, 0x0, 0x51, 0x0,
    0xd, 0x40, 0x0, 0x33, 0x8d, 0x0, 0x0, 0x0,
    0x0, 0xd4, 0x0, 0xb, 0xfe, 0x60, 0x0, 0x0,
    0x0, 0x0, 0x0, 0x0, 0x0, 0x0, 0x0, 0x0,
    0x0,

    /* U+7967 "祧" */
    0x0, 0x0, 0x0, 0x0, 0x0, 0x0, 0x0, 0x0,
    0x0, 0x2, 0xe1, 0x0, 0x0, 0xd3, 0xe, 0x20,
    0x0, 0x0, 0xb, 0xa0, 0x0, 0xe, 0x30, 0xf2,
    0x0, 0x0, 0x23, 0x44, 0x34, 0x50, 0xe3, 0xf,
    0x21, 0xa0, 0xc, 0xff, 0xff, 0x7e, 0xe, 0x30,
    0xf2, 0x8c, 0x0, 0x0, 0x8, 0xc0, 0xe6, 0xe3,
    0xf, 0x5f, 0x30, 0x0, 0x2, 0xf4, 0x6, 0x5e,
    0x30, 0xf6, 0x90, 0x0, 0x0, 0xca, 0x0, 0x0,
    0xe3, 0xf, 0x20, 0x0, 0x0, 0xaf, 0xa9, 0x0,
    0x5f, 0x30, 0xf8, 0x0, 0x0, 0xbe, 0xd7, 0xd5,
    0x7f, 0xf2, 0xf, 0xfd, 0x30, 0xa, 0x1c, 0x62,
    0xaf, 0x7f, 0x0, 0xf3, 0xaf, 0x10, 0x0, 0xc6,
    0x6, 0x35, 0xd0, 0xf, 0x20, 0x20, 0x0, 0xc,
    0x60, 0x0, 0xb8, 0x0, 0xf2, 0x6, 0x60, 0x0,
    0xc6, 0x0, 0x4f, 0x10, 0xf, 0x20, 0x99, 0x0,
    0xc, 0x60, 0x4e, 0x40, 0x0, 0xf6, 0x2d, 0x60,
    0x0, 0xc6, 0x2e, 0x40, 0x0, 0x8, 0xff, 0xc1,
    0x0, 0x0, 0x0, 0x0, 0x0, 0x0, 0x0, 0x0,
    0x0,

    /* U+796F "祯" */
    0x0, 0x50, 0x0, 0x0, 0x6, 0x20, 0x0, 0x0,
    0x2, 0xf3, 0x0, 0x0, 0xe, 0x50, 0x0, 0x0,
    0x0, 0xbb, 0x0, 0x0, 0xe, 0x73, 0x33, 0x30,
    0x0, 0x34, 0x0, 0x0, 0xe, 0xee, 0xee, 0xe2,
    0xbd, 0xdd, 0xf2, 0x0, 0xe, 0x50, 0x0, 0x0,
    0x0, 0x9, 0xb0, 0xbd, 0xdf, 0xdd, 0xdd, 0x30,
    0x0, 0x4f, 0x20, 0xe7, 0x44, 0x44, 0x4f, 0x40,
    0x1, 0xe8, 0x10, 0xe4, 0x8, 0x70, 0xe, 0x40,
    0x1d, 0xfa, 0xe2, 0xe4, 0xa, 0x80, 0xe, 0x40,
    0xdb, 0xc6, 0x88, 0xe4, 0xa, 0x80, 0xe, 0x40,
    0x60, 0xb6, 0x0, 0xe4, 0xc, 0x60, 0xe, 0x40,
    0x0, 0xb6, 0x0, 0xe4, 0xf, 0x50, 0xe, 0x40,
    0x0, 0xb6, 0x0, 0x51, 0x7e, 0xdc, 0x23, 0x10,
    0x0, 0xb6, 0x0, 0x6, 0xf4, 0x9, 0xf6, 0x0,
    0x0, 0xb6, 0x5, 0xcf, 0x50, 0x0, 0x4f, 0x90,
    0x0, 0xb6, 0xd, 0x92, 0x0, 0x0, 0x2, 0xc1,
    0x0, 0x0, 0x0, 0x0, 0x0, 0x0, 0x0, 0x0,

    /* U+797A "祺" */
    0x0, 0x50, 0x0, 0x5, 0x0, 0x0, 0x15, 0x0,
    0x1, 0xf4, 0x0, 0x1f, 0x10, 0x0, 0x4e, 0x0,
    0x0, 0x9c, 0x1, 0x3f, 0x32, 0x22, 0x5e, 0x21,
    0x23, 0x44, 0x3a, 0xff, 0xff, 0xff, 0xff, 0xf8,
    0xdf, 0xff, 0xf1, 0x1f, 0x10, 0x0, 0x4e, 0x0,
    0x0, 0x8, 0xc0, 0x1f, 0x31, 0x11, 0x5e, 0x0,
    0x0, 0x3f, 0x30, 0x1f, 0xff, 0xff, 0xfe, 0x0,
    0x1, 0xda, 0x0, 0x1f, 0x10, 0x0, 0x4e, 0x0,
    0x1d, 0xf9, 0xb1, 0x1f, 0x54, 0x44, 0x7e, 0x0,
    0xde, 0xe5, 0x9c, 0x1f, 0xcc, 0xcc, 0xde, 0x0,
    0x71, 0xc5, 0x1, 0x1f, 0x10, 0x0, 0x4e, 0x0,
    0x0, 0xc5, 0xe, 0xef, 0xee, 0xee, 0xff, 0xeb,
    0x0, 0xc5, 0x2, 0x22, 0x62, 0x22, 0x42, 0x22,
    0x0, 0xc5, 0x0, 0x9, 0xf2, 0x5, 0xf7, 0x0,
    0x0, 0xc5, 0x4, 0xed, 0x30, 0x0, 0x5e, 0xd3,
    0x0, 0xc5, 0xd, 0x80, 0x0, 0x0, 0x1, 0xb7,
    0x0, 0x0, 0x0, 0x0, 0x0, 0x0, 0x0, 0x0,

    /* U+7985 "禅" */
    0x0, 0x30, 0x0, 0x1, 0x10, 0x0, 0x11, 0x0,
    0x1, 0xf4, 0x0, 0x9, 0xb0, 0x0, 0xba, 0x0,
    0x0, 0x8b, 0x0, 0x1, 0xe3, 0x4, 0xe1, 0x0,
    0x12, 0x33, 0x20, 0xef, 0xff, 0xff, 0xff, 0xe0,
    0xaf, 0xff, 0xf0, 0xf3, 0x13, 0xf2, 0x14, 0xe0,
    0x0, 0x8, 0xb0, 0xf2, 0x1, 0xf0, 0x2, 0xe0,
    0x0, 0x2f, 0x20, 0xff, 0xff, 0xff, 0xff, 0xe0,
    0x0, 0xca, 0x0, 0xf3, 0x12, 0xf1, 0x13, 0xe0,
    0x9, 0xfa, 0x90, 0xf2, 0x1, 0xf0, 0x2, 0xe0,
    0x9e, 0xb8, 0xc7, 0xff, 0xff, 0xff, 0xff, 0xe0,
    0x92, 0x98, 0x11, 0x72, 0x12, 0xf1, 0x12, 0x80,
    0x0, 0x98, 0x0, 0x0, 0x1, 0xf0, 0x0, 0x0,
    0x0, 0x98, 0xe, 0xff, 0xff, 0xff, 0xff, 0xfd,
    0x0, 0x98, 0x1, 0x11, 0x12, 0xf1, 0x11, 0x11,
    0x0, 0x98, 0x0, 0x0, 0x1, 0xf0, 0x0, 0x0,
    0x0, 0x98, 0x0, 0x0, 0x1, 0xf0, 0x0, 0x0,
    0x0, 0x0, 0x0, 0x0, 0x0, 0x0, 0x0, 0x0,

    /* U+798A "禊" */
    0x0, 0x10, 0x0, 0x2, 0x0, 0x0, 0x0, 0x0,
    0x0, 0xc7, 0x0, 0xe, 0x20, 0x0, 0x0, 0x0,
    0x0, 0x5f, 0x14, 0x7f, 0x87, 0xbf, 0xff, 0xf2,
    0x0, 0x4, 0x4, 0x7f, 0x87, 0x9, 0x60, 0xf2,
    0x7e, 0xee, 0xd1, 0x2e, 0x42, 0xa, 0x50, 0xf2,
    0x13, 0x38, 0xb5, 0xcf, 0xca, 0xb, 0x40, 0xf1,
    0x0, 0xe, 0x30, 0xe, 0x20, 0xf, 0x10, 0xf0,
    0x0, 0x9b, 0x9, 0xdf, 0xdd, 0x7c, 0x2, 0xf0,
    0x5, 0xfa, 0x81, 0x1e, 0x34, 0xf6, 0xad, 0xb0,
    0x5f, 0xc9, 0xc7, 0xe, 0x12, 0x71, 0x76, 0x0,
    0x75, 0x89, 0x23, 0x11, 0x14, 0xe1, 0x11, 0x10,
    0x0, 0x89, 0xd, 0xff, 0xff, 0xff, 0xff, 0xf8,
    0x0, 0x89, 0x0, 0x0, 0xc, 0xe9, 0x0, 0x0,
    0x0, 0x89, 0x0, 0x1, 0xbb, 0x2f, 0x90, 0x0,
    0x0, 0x89, 0x2, 0x8f, 0xa0, 0x2, 0xde, 0x83,
    0x0, 0x89, 0xe, 0xb4, 0x0, 0x0, 0x6, 0xd4,
    0x0, 0x0, 0x0, 0x0, 0x0, 0x0, 0x0, 0x0,

    /* U+799A "禚" */
    0x0, 0x10, 0x0, 0x0, 0x0, 0x0, 0x0, 0x0,
    0x2, 0xf2, 0x0, 0x1e, 0x30, 0x0, 0xb8, 0x0,
    0x0, 0xbb, 0x0, 0x8, 0xd1, 0x5, 0xe1, 0x0,
    0x12, 0x43, 0x23, 0x88, 0xe8, 0x8e, 0xc8, 0x81,
    0xcf, 0xff, 0xf5, 0x88, 0x8a, 0xf8, 0x88, 0x81,
    0x0, 0x8, 0xc0, 0x0, 0x4, 0xe0, 0x0, 0x0,
    0x0, 0x2f, 0x30, 0x11, 0x15, 0xe1, 0x11, 0x10,
    0x0, 0xd9, 0x0, 0xff, 0xff, 0xff, 0xff, 0x90,
    0xc, 0xfa, 0xd1, 0x0, 0x4, 0xe0, 0x0, 0x0,
    0xcc, 0xc6, 0x78, 0x0, 0x4, 0xe0, 0x0, 0x0,
    0x70, 0xb6, 0xa, 0xff, 0xff, 0xff, 0xff, 0xf5,
    0x0, 0xb6, 0x1, 0x11, 0x11, 0x11, 0x11, 0x10,
    0x0, 0xb6, 0x1, 0xd1, 0xa2, 0x3b, 0x9, 0x60,
    0x0, 0xb6, 0x7, 0xc0, 0xb6, 0x1f, 0x15, 0xd0,
    0x0, 0xb6, 0xe, 0x50, 0x99, 0xd, 0x50, 0xf4,
    0x0, 0xb6, 0x2a, 0x0, 0x46, 0x5, 0x30, 0x63,

    /* U+79A7 "禧" */
    0x0, 0x2, 0x0, 0x0, 0x0, 0x3, 0x0, 0x0,
    0x0, 0x3, 0xf3, 0x0, 0x0, 0x3, 0xe0, 0x0,
    0x0, 0x0, 0xb, 0xb0, 0x9d, 0xdd, 0xef, 0xdd,
    0xdd, 0x90, 0x12, 0x43, 0x21, 0x11, 0x14, 0xe1,
    0x11, 0x11, 0xd, 0xff, 0xff, 0x3d, 0xdd, 0xef,
    0xdd, 0xdd, 0x10, 0x0, 0x7, 0xc0, 0x11, 0x11,
    0x11, 0x11, 0x10, 0x0, 0x2, 0xf3, 0xf, 0xee,
    0xee, 0xee, 0xed, 0x0, 0x1, 0xd9, 0x0, 0xf2,
    0x0, 0x0, 0x3, 0xd0, 0x1, 0xcf, 0xb6, 0xf,
    0xee, 0xee, 0xee, 0xed, 0x0, 0xdc, 0xe7, 0xf2,
    0x47, 0xa0, 0x0, 0xc5, 0x30, 0x7, 0xd, 0x42,
    0xbc, 0xdf, 0xdc, 0xdf, 0xcc, 0x90, 0x0, 0xd4,
    0x1, 0x11, 0x11, 0x11, 0x11, 0x10, 0x0, 0xd,
    0x40, 0xe, 0xee, 0xee, 0xee, 0xed, 0x0, 0x0,
    0xd4, 0x0, 0xf2, 0x0, 0x0, 0x3, 0xe0, 0x0,
    0xd, 0x40, 0xf, 0xba, 0xaa, 0xaa, 0xbe, 0x0,
    0x0, 0xd4, 0x0, 0xf5, 0x33, 0x33, 0x36, 0xe0,

    /* U+79B3 "禳" */
    0x0, 0x20, 0x0, 0x0, 0x1, 0x30, 0x0, 0x0,
    0x0, 0xd6, 0x0, 0x0, 0x4, 0xf0, 0x0, 0x0,
    0x0, 0x5e, 0xa, 0xdd, 0xdd, 0xdd, 0xdd, 0xd7,
    0x13, 0x34, 0x31, 0x55, 0x54, 0x5, 0x55, 0x50,
    0x6c, 0xcc, 0xf3, 0xe5, 0x7d, 0xf, 0x56, 0xf0,
    0x0, 0x6, 0xb2, 0xfb, 0xbd, 0xf, 0xbb, 0xf0,
    0x0, 0x1e, 0x21, 0x92, 0x58, 0x9, 0x42, 0xa0,
    0x0, 0xba, 0x4, 0x8b, 0xd8, 0x88, 0xf9, 0x83,
    0x9, 0xfb, 0x81, 0x37, 0xc3, 0x33, 0xe5, 0x31,
    0x8e, 0xa8, 0xd9, 0xcd, 0xec, 0xcc, 0xfc, 0xc1,
    0x62, 0x88, 0x10, 0x5, 0xb0, 0x0, 0xe2, 0x0,
    0x0, 0x88, 0xc, 0xdd, 0xee, 0xed, 0xed, 0xd8,
    0x0, 0x88, 0x0, 0x7, 0xc4, 0xc6, 0x7, 0xb0,
    0x0, 0x88, 0x39, 0xef, 0x10, 0x1d, 0xe9, 0x20,
    0x0, 0x88, 0x97, 0x1f, 0x69, 0xd1, 0xbd, 0x61,
    0x0, 0x88, 0x0, 0x1f, 0xb6, 0x10, 0x5, 0xc6,
    0x0, 0x0, 0x0, 0x0, 0x0, 0x0, 0x0, 0x0,

    /* U+79D5 "秕" */
    0x3, 0x45, 0x65, 0x4a, 0x0, 0x3c, 0x0, 0x0,
    0x3, 0xfe, 0xfa, 0x65, 0xc0, 0x4, 0xe0, 0x0,
    0x0, 0x0, 0x3e, 0x0, 0x5c, 0x0, 0x4e, 0x0,
    0x0, 0x0, 0x3, 0xe0, 0x5, 0xc0, 0x4, 0xe0,
    0xc, 0xa0, 0x5d, 0xdf, 0xdb, 0x5c, 0x22, 0x4e,
    0xb, 0xd1, 0x1, 0x49, 0xe4, 0x35, 0xff, 0xe4,
    0xeb, 0xd1, 0x0, 0x0, 0xbe, 0x40, 0x5c, 0x0,
    0x4f, 0xc1, 0x0, 0x0, 0x1f, 0xfd, 0x85, 0xc0,
    0x4, 0xf0, 0x0, 0x0, 0x7, 0xbe, 0x1c, 0x7c,
    0x0, 0x4e, 0x0, 0x0, 0x0, 0xe5, 0xe0, 0x5,
    0xc0, 0x4, 0xe0, 0x0, 0x0, 0x8b, 0x3e, 0x0,
    0x5c, 0x0, 0x4e, 0x0, 0x8, 0x5, 0x23, 0xe0,
    0x5, 0xc0, 0x14, 0xe0, 0x1, 0xf0, 0x0, 0x3e,
    0x0, 0x5c, 0x5e, 0x5e, 0x0, 0x3e, 0x0, 0x3,
    0xe0, 0x7, 0xfe, 0x63, 0xf4, 0x2a, 0xc0, 0x0,
    0x3e, 0x0, 0x89, 0x0, 0xa, 0xff, 0xe4, 0x0,

    /* U+79E3 "秣" */
    0x0, 0x0, 0x0, 0x0, 0x0, 0x15, 0x0, 0x0,
    0x0, 0x13, 0x46, 0x78, 0x0, 0x3, 0xf0, 0x0,
    0x0, 0xa, 0xee, 0xea, 0x90, 0x0, 0x3f, 0x0,
    0x0, 0x0, 0x0, 0x6b, 0x2, 0xff, 0xff, 0xff,
    0xff, 0xf1, 0x0, 0x6, 0xb0, 0x2, 0x22, 0x4f,
    0x22, 0x22, 0x0, 0xab, 0xde, 0xbb, 0x20, 0x3,
    0xf0, 0x0, 0x0, 0x6, 0x6d, 0xd6, 0x61, 0x0,
    0x3f, 0x0, 0x0, 0x0, 0x0, 0xfb, 0x0, 0x8f,
    0xff, 0xff, 0xff, 0x60, 0x0, 0x5f, 0xdc, 0x11,
    0x22, 0xef, 0xa2, 0x20, 0x0, 0xc, 0xcb, 0xac,
    0x0, 0x6c, 0xfd, 0x20, 0x0, 0x5, 0xe7, 0xb0,
    0x91, 0x2e, 0x4f, 0x6c, 0x0, 0x0, 0xd6, 0x6b,
    0x0, 0xc, 0x73, 0xf0, 0xd7, 0x0, 0x8, 0x6,
    0xb0, 0xb, 0xb0, 0x3f, 0x3, 0xf6, 0x0, 0x0,
    0x6b, 0xc, 0xd1, 0x3, 0xf0, 0x7, 0xf5, 0x0,
    0x6, 0xb0, 0x81, 0x0, 0x3f, 0x0, 0x7, 0x0,
    0x0, 0x6b, 0x0, 0x0, 0x3, 0xf0, 0x0, 0x0,
    0x0, 0x0, 0x0, 0x0, 0x0, 0x0, 0x0, 0x0,
    0x0,

    /* U+79EB "秫" */
    0x0, 0x0, 0x0, 0x0, 0x0, 0x20, 0x0, 0x0,
    0x1, 0x24, 0x66, 0x0, 0x2, 0xf0, 0x81, 0x0,
    0x8f, 0xff, 0xca, 0x0, 0x2, 0xf0, 0xad, 0x10,
    0x0, 0x3f, 0x0, 0x0, 0x2, 0xf0, 0xa, 0x30,
    0x0, 0x3f, 0x0, 0x13, 0x35, 0xf3, 0x33, 0x30,
    0x34, 0x6f, 0x44, 0x7f, 0xff, 0xff, 0xff, 0xd0,
    0xad, 0xef, 0xdd, 0x10, 0xe, 0xfb, 0x0, 0x0,
    0x0, 0xbf, 0x0, 0x0, 0x5c, 0xfd, 0x20, 0x0,
    0x2, 0xff, 0xd4, 0x0, 0xd5, 0xf7, 0xa0, 0x0,
    0x8, 0xaf, 0x6f, 0x26, 0xb2, 0xf0, 0xe3, 0x0,
    0x2f, 0x4f, 0x7, 0x3f, 0x32, 0xf0, 0x7d, 0x0,
    0xba, 0x3f, 0x0, 0xc9, 0x2, 0xf0, 0xd, 0xa0,
    0xb1, 0x3f, 0x9, 0xd0, 0x2, 0xf0, 0x4, 0xf5,
    0x0, 0x3f, 0x5, 0x30, 0x2, 0xf0, 0x0, 0x40,
    0x0, 0x3f, 0x0, 0x0, 0x2, 0xf0, 0x0, 0x0,
    0x0, 0x3f, 0x0, 0x0, 0x2, 0xf0, 0x0, 0x0,
    0x0, 0x1, 0x0, 0x0, 0x0, 0x0, 0x0, 0x0,

    /* U+79ED "秭" */
    0x0, 0x0, 0x0, 0x0, 0x0, 0x40, 0x0, 0x0,
    0x36, 0x79, 0xa9, 0x0, 0x0, 0xe3, 0x0, 0x0,
    0x6c, 0xce, 0x75, 0x0, 0x0, 0xe4, 0x36, 0x50,
    0x0, 0x5c, 0x0, 0x3c, 0xde, 0xff, 0xec, 0xa0,
    0x0, 0x5c, 0x0, 0x5d, 0x43, 0xf3, 0x0, 0x0,
    0x34, 0x8d, 0x44, 0x6b, 0x0, 0xe3, 0x0, 0x0,
    0x9d, 0xef, 0xdd, 0x8a, 0x0, 0xe3, 0x0, 0x0,
    0x0, 0xcc, 0x0, 0x89, 0x0, 0xe3, 0x0, 0x0,
    0x2, 0xfe, 0xb0, 0x9f, 0xff, 0xff, 0xff, 0xf1,
    0x9, 0xcc, 0xba, 0x12, 0x2a, 0xf4, 0x22, 0xf1,
    0x2f, 0x6c, 0x1d, 0x10, 0x4e, 0xf3, 0x0, 0xf0,
    0xb8, 0x5c, 0x0, 0x2, 0xe4, 0xe3, 0x1, 0xf0,
    0xa0, 0x5c, 0x0, 0x3e, 0x60, 0xe4, 0x27, 0xe0,
    0x0, 0x5c, 0x6, 0xf7, 0x0, 0xe9, 0xff, 0x60,
    0x0, 0x5c, 0x8, 0x60, 0x0, 0xe3, 0x0, 0x0,
    0x0, 0x5c, 0x0, 0x0, 0x0, 0xe3, 0x0, 0x0,

    /* U+7A02 "稂" */
    0x0, 0x0, 0x0, 0x0, 0x2, 0x40, 0x0, 0x0,
    0x14, 0x56, 0x88, 0x0, 0x5, 0xd0, 0x0, 0x0,
    0x6f, 0xff, 0xfc, 0x24, 0x45, 0xf6, 0x44, 0x10,
    0x14, 0x7c, 0x0, 0x7f, 0xcc, 0xcc, 0xcf, 0x50,
    0x0, 0x5c, 0x0, 0x7c, 0x0, 0x0, 0xd, 0x50,
    0x6c, 0xdf, 0xcb, 0x7f, 0xcc, 0xcc, 0xcf, 0x50,
    0x24, 0xcd, 0x44, 0x7c, 0x33, 0x33, 0x3d, 0x50,
    0x0, 0xfd, 0x70, 0x7c, 0x0, 0x0, 0xd, 0x50,
    0x5, 0xed, 0xe4, 0x7f, 0xee, 0xee, 0xef, 0x50,
    0xb, 0x9c, 0x6a, 0x7c, 0x2b, 0x82, 0x28, 0x40,
    0x3e, 0x5c, 0x0, 0x7c, 0x4, 0xd0, 0x8, 0xe0,
    0xa7, 0x5c, 0x0, 0x7c, 0x0, 0xc9, 0xdc, 0x20,
    0x61, 0x5c, 0x0, 0x7c, 0x0, 0x3f, 0x90, 0x0,
    0x0, 0x5c, 0x0, 0x7c, 0x18, 0x95, 0xf7, 0x0,
    0x0, 0x5c, 0x0, 0x9f, 0xfc, 0x40, 0x4e, 0xe5,
    0x0, 0x5c, 0x0, 0xab, 0x30, 0x0, 0x0, 0x61,
    0x0, 0x0, 0x0, 0x0, 0x0, 0x0, 0x0, 0x0,

    /* U+7A03 "稃" */
    0x1, 0x24, 0x65, 0x23, 0x44, 0x56, 0x89, 0xa5,
    0x4, 0xff, 0xfb, 0x7b, 0xfe, 0xdc, 0xba, 0x88,
    0x30, 0x0, 0x2e, 0x0, 0x13, 0x3, 0x90, 0x1,
    0xe2, 0x0, 0x2, 0xe0, 0x4, 0xe1, 0x1f, 0x30,
    0xab, 0x0, 0x4c, 0xcf, 0xcb, 0xc, 0x90, 0x98,
    0x3f, 0x20, 0x2, 0x5a, 0xf5, 0x50, 0x54, 0x22,
    0x23, 0x72, 0x0, 0x0, 0xbe, 0x60, 0x5f, 0xff,
    0xff, 0xff, 0xf0, 0x0, 0x1f, 0xfc, 0x90, 0x0,
    0x0, 0x5, 0xf7, 0x0, 0x7, 0xbe, 0x1b, 0x0,
    0x0, 0xa, 0xe3, 0x0, 0x0, 0xe5, 0xe0, 0x12,
    0x22, 0x25, 0xf4, 0x22, 0x20, 0x7b, 0x2e, 0x7,
    0xff, 0xff, 0xff, 0xff, 0xff, 0x25, 0x32, 0xe0,
    0x0, 0x0, 0x3, 0xe0, 0x0, 0x0, 0x0, 0x2e,
    0x0, 0x0, 0x0, 0x3e, 0x0, 0x0, 0x0, 0x2,
    0xe0, 0x0, 0x3, 0x28, 0xe0, 0x0, 0x0, 0x0,
    0x2e, 0x0, 0x0, 0xff, 0xf7, 0x0, 0x0, 0x0,
    0x0, 0x20, 0x0, 0x0, 0x0, 0x0, 0x0, 0x0,

    /* U+7A06 "稆" */
    0x0, 0x0, 0x25, 0x60, 0x22, 0x22, 0x22, 0x20,
    0x7, 0xdf, 0xfc, 0x90, 0xef, 0xee, 0xee, 0xf3,
    0x2, 0x37, 0xc0, 0x0, 0xe3, 0x0, 0x0, 0xe3,
    0x0, 0x5, 0xc0, 0x0, 0xe3, 0x0, 0x0, 0xe3,
    0x8, 0xac, 0xea, 0xa0, 0xe4, 0x0, 0x0, 0xe3,
    0x5, 0x6c, 0xd6, 0x60, 0xef, 0xff, 0xff, 0xf3,
    0x0, 0xf, 0xc0, 0x0, 0xe4, 0x0, 0x0, 0xe3,
    0x0, 0x5f, 0xd9, 0x0, 0x10, 0x0, 0x0, 0x10,
    0x0, 0xcb, 0xcb, 0xa7, 0xff, 0xff, 0xff, 0xfb,
    0x5, 0xe6, 0xc0, 0x88, 0xb2, 0x22, 0x22, 0x7c,
    0xd, 0x75, 0xc0, 0x7, 0xb0, 0x0, 0x0, 0x6c,
    0x9, 0x5, 0xc0, 0x7, 0xb0, 0x0, 0x0, 0x6c,
    0x0, 0x5, 0xc0, 0x7, 0xb1, 0x11, 0x11, 0x7c,
    0x0, 0x5, 0xc0, 0x7, 0xff, 0xff, 0xff, 0xfc,
    0x0, 0x5, 0xc0, 0x7, 0xb0, 0x0, 0x0, 0x6c,
    0x0, 0x0, 0x0, 0x0, 0x0, 0x0, 0x0, 0x0,

    /* U+7A14 "稔" */
    0x0, 0x0, 0x0, 0x0, 0x0, 0x2, 0x0, 0x0,
    0x0, 0x12, 0x45, 0x74, 0x0, 0x7, 0xf4, 0x0,
    0x0, 0xa, 0xff, 0xeb, 0x50, 0x2, 0xf9, 0xd0,
    0x0, 0x0, 0x0, 0x97, 0x0, 0x1, 0xd7, 0xa,
    0xb0, 0x0, 0x0, 0x9, 0x70, 0x1, 0xda, 0x58,
    0xc, 0xb0, 0x0, 0x9a, 0xdd, 0xa6, 0xea, 0x2,
    0xf3, 0x1c, 0xd4, 0x6, 0x7e, 0xb7, 0xa9, 0x11,
    0x14, 0x11, 0x19, 0x50, 0x1, 0xf7, 0x0, 0x1f,
    0xff, 0xff, 0xf8, 0x0, 0x0, 0x7f, 0xeb, 0x0,
    0x0, 0x0, 0x2f, 0x30, 0x0, 0xe, 0xd8, 0xd9,
    0x0, 0x0, 0xd, 0x80, 0x0, 0x6, 0xc9, 0x73,
    0x20, 0x26, 0x5b, 0x60, 0x0, 0x0, 0xe5, 0x97,
    0x1, 0xa5, 0xd0, 0xe5, 0x4, 0x90, 0x8, 0x9,
    0x70, 0x6d, 0x4d, 0x5, 0x56, 0x5f, 0x10, 0x0,
    0x97, 0xb, 0x74, 0xd0, 0x0, 0xb6, 0xc7, 0x0,
    0x9, 0x71, 0xe2, 0x3f, 0x21, 0x3f, 0x44, 0x40,
    0x0, 0x97, 0x0, 0x0, 0xaf, 0xff, 0xa0, 0x0,

    /* U+7A1E "稞" */
    0x2, 0x46, 0x77, 0x49, 0x99, 0x99, 0x99, 0x80,
    0x3, 0xff, 0xfb, 0x98, 0xc7, 0x7f, 0x97, 0x8e,
    0x0, 0x0, 0x3e, 0x0, 0x89, 0x0, 0xe3, 0x2,
    0xe0, 0x0, 0x3, 0xe0, 0x8, 0xfe, 0xef, 0xee,
    0xee, 0x0, 0x5d, 0xef, 0xdc, 0x8a, 0x22, 0xe4,
    0x24, 0xe0, 0x1, 0x49, 0xf4, 0x38, 0x90, 0xe,
    0x30, 0x2e, 0x0, 0x0, 0xbe, 0x60, 0x8f, 0xff,
    0xff, 0xff, 0xe0, 0x0, 0x1f, 0xfd, 0x76, 0x81,
    0x1e, 0x41, 0x3c, 0x0, 0x8, 0xde, 0x2c, 0x10,
    0x0, 0xe3, 0x0, 0x0, 0x1, 0xf6, 0xe0, 0x7f,
    0xff, 0xff, 0xff, 0xff, 0xe0, 0x9a, 0x3e, 0x0,
    0x0, 0x1c, 0xfe, 0x20, 0x0, 0x4, 0x13, 0xe0,
    0x0, 0x3d, 0x5e, 0x6e, 0x50, 0x0, 0x0, 0x3e,
    0x1, 0x9f, 0x40, 0xe3, 0x3e, 0xb3, 0x0, 0x3,
    0xe0, 0xdb, 0x10, 0xe, 0x30, 0x8, 0xc0, 0x0,
    0x3e, 0x1, 0x0, 0x0, 0xe3, 0x0, 0x0, 0x0,
    0x0, 0x0, 0x0, 0x0, 0x0, 0x0, 0x0, 0x0,

    /* U+7A37 "稷" */
    0x0, 0x0, 0x22, 0x0, 0x0, 0x0, 0x0, 0x0,
    0x2d, 0xef, 0xfa, 0x8f, 0xee, 0xfe, 0xee, 0xf2,
    0x3, 0x5d, 0x0, 0x88, 0x0, 0xe2, 0x0, 0xe2,
    0x0, 0x4d, 0x0, 0x8f, 0xee, 0xfe, 0xee, 0xf2,
    0x4c, 0xdf, 0xcb, 0x88, 0x0, 0xe2, 0x0, 0xe2,
    0x2, 0xad, 0x22, 0x8e, 0xcc, 0xfc, 0xcc, 0xf2,
    0x0, 0xef, 0xd0, 0x89, 0x22, 0x22, 0x22, 0xe2,
    0x3, 0xfd, 0xd8, 0x5, 0xd3, 0x3, 0xe7, 0x10,
    0xa, 0xbd, 0x28, 0xcd, 0x49, 0x10, 0x18, 0xe7,
    0x2f, 0x5d, 0x1, 0x61, 0xcf, 0xcc, 0xcc, 0x32,
    0x99, 0x4d, 0x0, 0x2d, 0xe3, 0x33, 0xbd, 0x0,
    0x61, 0x4d, 0x3, 0xe6, 0xbb, 0x1a, 0xe2, 0x0,
    0x0, 0x4d, 0x0, 0x30, 0x1e, 0xfe, 0x20, 0x0,
    0x0, 0x4d, 0x3, 0x6a, 0xfc, 0x8d, 0xfa, 0x62,
    0x0, 0x4d, 0xb, 0xd8, 0x30, 0x0, 0x49, 0xd8,
    0x0, 0x0, 0x0, 0x0, 0x0, 0x0, 0x0, 0x0,

    /* U+7A39 "稹" */
    0x0, 0x0, 0x0, 0x0, 0x0, 0x30, 0x0, 0x0,
    0x0, 0x13, 0x54, 0x0, 0x0, 0xf2, 0x0, 0x0,
    0x6f, 0xff, 0xc6, 0xef, 0xff, 0xff, 0xff, 0xf1,
    0x1, 0x4d, 0x0, 0x0, 0x0, 0xf2, 0x0, 0x0,
    0x0, 0x4d, 0x0, 0x3f, 0xff, 0xff, 0xff, 0x30,
    0x5c, 0xdf, 0xcb, 0x3e, 0x0, 0x0, 0xe, 0x30,
    0x25, 0xbe, 0x55, 0x3f, 0xee, 0xee, 0xef, 0x30,
    0x0, 0xde, 0x50, 0x3e, 0x0, 0x0, 0xe, 0x30,
    0x2, 0xfe, 0xe4, 0x3f, 0xee, 0xee, 0xef, 0x30,
    0x9, 0xad, 0x5d, 0x3e, 0x0, 0x0, 0xe, 0x30,
    0x1f, 0x5d, 0x1, 0x3f, 0xee, 0xee, 0xef, 0x30,
    0x8a, 0x4d, 0x0, 0x4e, 0x0, 0x0, 0xe, 0x40,
    0x72, 0x4d, 0xa, 0xff, 0xff, 0xff, 0xff, 0xf8,
    0x0, 0x4d, 0x0, 0x0, 0x84, 0x3, 0x81, 0x0,
    0x0, 0x4d, 0x0, 0x6e, 0xc3, 0x2, 0xbf, 0x81,
    0x0, 0x4d, 0x5, 0xd4, 0x0, 0x0, 0x4, 0xd4,
    0x0, 0x0, 0x0, 0x0, 0x0, 0x0, 0x0, 0x0,

    /* U+7A51 "穑" */
    0x0, 0x0, 0x0, 0x0, 0x0, 0x30, 0x0, 0x0,
    0x25, 0x67, 0x90, 0x0, 0x1, 0xf1, 0x0, 0x0,
    0x6b, 0xeb, 0x63, 0xff, 0xff, 0xff, 0xff, 0xd0,
    0x0, 0xa6, 0x0, 0x28, 0x2, 0xf1, 0x6, 0x40,
    0x0, 0xa6, 0x0, 0x2e, 0x91, 0xf1, 0x8f, 0x40,
    0x7b, 0xed, 0xb1, 0x2, 0x71, 0xf1, 0x73, 0x0,
    0x46, 0xea, 0x69, 0xff, 0xff, 0xff, 0xff, 0xf8,
    0x2, 0xf8, 0x0, 0x0, 0x0, 0x0, 0x0, 0x0,
    0x7, 0xfe, 0x92, 0xff, 0xff, 0xff, 0xff, 0xf0,
    0xd, 0xd7, 0xe5, 0xe0, 0x0, 0x0, 0x0, 0xf0,
    0x4c, 0xa6, 0x22, 0xe0, 0xef, 0xff, 0xe0, 0xf0,
    0xc5, 0xa6, 0x2, 0xe0, 0xe1, 0x1, 0xe0, 0xf0,
    0x80, 0xa6, 0x2, 0xe0, 0xef, 0xff, 0xe0, 0xf0,
    0x0, 0xa6, 0x2, 0xe0, 0x70, 0x0, 0x70, 0xf0,
    0x0, 0xa6, 0x2, 0xff, 0xff, 0xff, 0xff, 0xf0,
    0x0, 0xa6, 0x2, 0xe0, 0x0, 0x0, 0x0, 0xf0,
    0x0, 0x0, 0x0, 0x0, 0x0, 0x0, 0x0, 0x0,

    /* U+7A70 "穰" */
    0x0, 0x0, 0x0, 0x0, 0x0, 0x12, 0x0, 0x0,
    0x0, 0x0, 0x13, 0x40, 0x0, 0x6, 0xd0, 0x0,
    0x0, 0xa, 0xff, 0xec, 0x9d, 0xdd, 0xde, 0xdd,
    0xdd, 0x60, 0x11, 0xb4, 0x1, 0x55, 0x53, 0x5,
    0x55, 0x40, 0x0, 0xb, 0x40, 0x4d, 0x68, 0xb1,
    0xf6, 0x6e, 0x0, 0xac, 0xfd, 0xc6, 0xeb, 0xcb,
    0x1f, 0xbb, 0xe0, 0x1, 0x3f, 0x62, 0x38, 0x25,
    0x70, 0x94, 0x2a, 0x0, 0x5, 0xf8, 0x6, 0x8b,
    0xd8, 0x89, 0xf8, 0x82, 0x0, 0xad, 0xba, 0x23,
    0x7b, 0x33, 0x4f, 0x33, 0x10, 0x1d, 0xb4, 0xc8,
    0xcd, 0xec, 0xcc, 0xfc, 0xc1, 0x7, 0x8b, 0x40,
    0x0, 0x5a, 0x0, 0x1f, 0x0, 0x0, 0xe2, 0xb4,
    0x2d, 0xdd, 0xee, 0xed, 0xed, 0xd8, 0x8, 0xb,
    0x40, 0x1, 0x8c, 0x3d, 0x41, 0x8b, 0x0, 0x0,
    0xb5, 0x4a, 0xee, 0x0, 0x2e, 0xe9, 0x20, 0x0,
    0xb, 0x5a, 0x62, 0xf6, 0xab, 0x2c, 0xd6, 0x10,
    0x0, 0xb4, 0x0, 0x3e, 0x94, 0x0, 0x5, 0xb5,
    0x0, 0x0, 0x0, 0x0, 0x0, 0x0, 0x0, 0x0,
    0x0,

    /* U+7A78 "穸" */
    0x0, 0x0, 0x0, 0x2, 0x0, 0x0, 0x0, 0x0,
    0x0, 0x0, 0x0, 0xe, 0x80, 0x0, 0x0, 0x0,
    0x2, 0x22, 0x22, 0x26, 0xd2, 0x22, 0x22, 0x20,
    0x1f, 0xff, 0xff, 0xff, 0xff, 0xff, 0xff, 0xf1,
    0x1f, 0x20, 0x2, 0x10, 0x1, 0x20, 0x2, 0xf1,
    0x8, 0x12, 0xaf, 0x60, 0x6, 0xfb, 0x41, 0x70,
    0x4, 0xbf, 0x97, 0x30, 0x0, 0x17, 0xed, 0x60,
    0x4e, 0x71, 0x3f, 0x50, 0x0, 0x0, 0x7, 0xe5,
    0x0, 0x2, 0xef, 0xff, 0xff, 0xff, 0xfc, 0x0,
    0x0, 0x3e, 0x82, 0x22, 0x22, 0x23, 0xe9, 0x0,
    0x7, 0xf7, 0x7b, 0x10, 0x0, 0xc, 0xd0, 0x0,
    0x1d, 0x40, 0xa, 0xe3, 0x2, 0xcd, 0x10, 0x0,
    0x0, 0x0, 0x0, 0x7f, 0x8f, 0xb1, 0x0, 0x0,
    0x0, 0x0, 0x2, 0x7f, 0xe6, 0x0, 0x0, 0x0,
    0x4, 0x69, 0xdf, 0xc6, 0x0, 0x0, 0x0, 0x0,
    0xd, 0xda, 0x62, 0x0, 0x0, 0x0, 0x0, 0x0,
    0x0, 0x0, 0x0, 0x0, 0x0, 0x0, 0x0, 0x0,

    /* U+7A79 "穹" */
    0x0, 0x0, 0x0, 0x5, 0x0, 0x0, 0x0, 0x0,
    0x0, 0x0, 0x0, 0x1e, 0x70, 0x0, 0x0, 0x0,
    0x3e, 0xee, 0xee, 0xef, 0xfe, 0xee, 0xee, 0xe1,
    0x3f, 0x22, 0x37, 0x32, 0x25, 0x52, 0x23, 0xf1,
    0x2a, 0x49, 0xed, 0x30, 0x6, 0xee, 0x95, 0xa1,
    0xe, 0xe8, 0x30, 0x0, 0x0, 0x3, 0x8e, 0xb0,
    0x1, 0xef, 0xff, 0xff, 0xff, 0xff, 0xf3, 0x10,
    0x0, 0x11, 0x11, 0x11, 0x11, 0x11, 0xe3, 0x0,
    0x0, 0x11, 0x11, 0x11, 0x11, 0x11, 0xe3, 0x0,
    0x0, 0xef, 0xff, 0xff, 0xff, 0xff, 0xf3, 0x0,
    0x0, 0xf2, 0x0, 0x0, 0x0, 0x0, 0x20, 0x0,
    0x1, 0xff, 0xff, 0xff, 0xff, 0xff, 0xff, 0x0,
    0x0, 0x11, 0x11, 0x11, 0x11, 0x11, 0x4f, 0x0,
    0x0, 0x0, 0x0, 0x0, 0x0, 0x0, 0x5e, 0x0,
    0x0, 0x0, 0x0, 0x2, 0x43, 0x33, 0xca, 0x0,
    0x0, 0x0, 0x0, 0x5, 0xff, 0xff, 0xc1, 0x0,
    0x0, 0x0, 0x0, 0x0, 0x0, 0x0, 0x0, 0x0,

    /* U+7A80 "窀" */
    0x0, 0x0, 0x0, 0x6, 0x0, 0x0, 0x0, 0x0,
    0x0, 0x0, 0x0, 0x1e, 0x80, 0x0, 0x0, 0x0,
    0x3e, 0xee, 0xee, 0xef, 0xfe, 0xee, 0xee, 0xe0,
    0x4f, 0x33, 0x33, 0x33, 0x33, 0x33, 0x36, 0xf0,
    0x3c, 0x0, 0x4a, 0x40, 0xa, 0x94, 0x2, 0xb0,
    0x2, 0x8e, 0xd8, 0x25, 0x13, 0x8d, 0xe8, 0x0,
    0x3, 0x83, 0x0, 0xe, 0x40, 0x0, 0x38, 0x0,
    0x2f, 0xff, 0xff, 0xff, 0xff, 0xff, 0xff, 0xf2,
    0x2, 0x84, 0x22, 0x2e, 0x62, 0x22, 0x85, 0x20,
    0x0, 0xe3, 0x0, 0xe, 0x40, 0x0, 0xd5, 0x0,
    0x0, 0xe3, 0x0, 0xe, 0x40, 0x0, 0xd5, 0x0,
    0x0, 0xef, 0xff, 0xff, 0xff, 0xff, 0xf5, 0x0,
    0x0, 0x22, 0x22, 0x2e, 0x62, 0x22, 0xa4, 0xb5,
    0x0, 0x0, 0x0, 0xe, 0x40, 0x0, 0x0, 0xd4,
    0x0, 0x0, 0x0, 0xc, 0xb2, 0x22, 0x25, 0xf1,
    0x0, 0x0, 0x0, 0x3, 0xdf, 0xff, 0xff, 0x70,

    /* U+7A86 "窆" */
    0x0, 0x0, 0x0, 0x4, 0x10, 0x0, 0x0, 0x0,
    0x0, 0x0, 0x0, 0xd, 0xa0, 0x0, 0x0, 0x0,
    0x1e, 0xee, 0xee, 0xef, 0xfe, 0xee, 0xee, 0xe1,
    0x1f, 0x53, 0x34, 0x43, 0x34, 0x43, 0x35, 0xf1,
    0x8, 0x36, 0xbf, 0x90, 0x8, 0xfc, 0x74, 0x80,
    0x5d, 0xfc, 0x72, 0x0, 0x0, 0x16, 0xcf, 0xe6,
    0x25, 0x6c, 0xcc, 0xdd, 0xee, 0xff, 0xf5, 0x53,
    0x0, 0x15, 0x44, 0x4b, 0x32, 0x10, 0x0, 0x0,
    0x0, 0x0, 0x0, 0xa, 0xa0, 0x0, 0x0, 0x0,
    0x4, 0xff, 0xff, 0xff, 0xff, 0xff, 0xff, 0x30,
    0x0, 0x11, 0x11, 0x11, 0x38, 0xdf, 0xc6, 0x0,
    0x0, 0x0, 0x1, 0x6b, 0xfe, 0x82, 0x0, 0x0,
    0x0, 0x37, 0xcf, 0xe9, 0x30, 0x0, 0x0, 0x0,
    0x7, 0xff, 0xa3, 0x0, 0x0, 0x0, 0x0, 0x0,
    0x6f, 0x8c, 0xe7, 0x32, 0x22, 0x23, 0x33, 0x32,
    0x37, 0x0, 0x7d, 0xff, 0xff, 0xff, 0xff, 0xf7,

    /* U+7A88 "窈" */
    0x0, 0x0, 0x0, 0x5, 0x10, 0x0, 0x0, 0x0,
    0x0, 0x0, 0x0, 0xe9, 0x0, 0x0, 0x0, 0x1e,
    0xee, 0xee, 0xef, 0xfe, 0xee, 0xee, 0xe1, 0xf4,
    0x22, 0x33, 0x22, 0x32, 0x22, 0x6f, 0x1b, 0x13,
    0x9f, 0x80, 0xb, 0xd8, 0x32, 0xa0, 0x6e, 0xfc,
    0x40, 0x0, 0x26, 0xbf, 0xd1, 0x3, 0x79, 0xc0,
    0x0, 0xe, 0x40, 0x17, 0x0, 0x3, 0xe3, 0x1,
    0x0, 0xe4, 0x0, 0x0, 0x1, 0xd5, 0x9, 0xca,
    0xff, 0xff, 0xff, 0x51, 0xde, 0xab, 0xf2, 0x12,
    0xf4, 0x22, 0xd5, 0x9, 0x77, 0xf5, 0x0, 0xf,
    0x10, 0xe, 0x40, 0x0, 0xc8, 0x31, 0x2, 0xf0,
    0x0, 0xe3, 0x0, 0xaa, 0x9, 0xa0, 0x8b, 0x0,
    0xf, 0x30, 0xbf, 0x9b, 0xdf, 0x7f, 0x40, 0x1,
    0xf1, 0x9, 0x97, 0x53, 0x8f, 0xa2, 0x32, 0x8e,
    0x0, 0x0, 0x0, 0x4f, 0xa0, 0x6f, 0xfe, 0x40,
    0x0, 0x0, 0x0, 0x30, 0x0, 0x0, 0x0, 0x0,

    /* U+7A95 "窕" */
    0x0, 0x0, 0x0, 0x4, 0x10, 0x0, 0x0, 0x0,
    0x0, 0x0, 0x0, 0xa, 0x90, 0x0, 0x0, 0x0,
    0x2f, 0xff, 0xff, 0xff, 0xff, 0xff, 0xff, 0xf3,
    0x3f, 0x22, 0x22, 0x32, 0x22, 0x22, 0x22, 0xf3,
    0x18, 0x0, 0x6d, 0xc0, 0x7, 0xe8, 0x20, 0x81,
    0x2, 0x9e, 0xe8, 0x10, 0x0, 0x5c, 0xfa, 0x30,
    0x8f, 0xc6, 0x2, 0x70, 0x8, 0x10, 0x3b, 0xf8,
    0x24, 0x90, 0x4, 0xe0, 0xf, 0x20, 0x29, 0x32,
    0x0, 0xbd, 0x24, 0xe0, 0xf, 0x23, 0xe8, 0x0,
    0x0, 0x9, 0x95, 0xd0, 0xf, 0x2a, 0x60, 0x0,
    0x0, 0x0, 0x5c, 0xb0, 0xf, 0xc7, 0x10, 0x0,
    0x4, 0xaf, 0xde, 0x80, 0xf, 0x8c, 0xfa, 0x30,
    0x2f, 0xa4, 0x2f, 0x30, 0xf, 0x20, 0x3a, 0x96,
    0x0, 0x1, 0xcb, 0x0, 0xf, 0x20, 0x0, 0x7c,
    0x0, 0x6e, 0xc1, 0x0, 0xe, 0x93, 0x33, 0xc9,
    0x5e, 0xf8, 0x0, 0x0, 0x5, 0xef, 0xff, 0xb1,
    0x17, 0x10, 0x0, 0x0, 0x0, 0x0, 0x0, 0x0,

    /* U+7AA0 "窠" */
    0x0, 0x0, 0x0, 0x3, 0x20, 0x0, 0x0, 0x0,
    0x0, 0x0, 0x0, 0xc, 0xb0, 0x0, 0x0, 0x0,
    0xf, 0xff, 0xff, 0xff, 0xff, 0xff, 0xff, 0xf3,
    0xf, 0x30, 0x15, 0x50, 0x4, 0x51, 0x0, 0xf3,
    0x6, 0x69, 0xec, 0x60, 0x4, 0xbf, 0xc7, 0x81,
    0xd, 0xdf, 0xcb, 0xbb, 0xbb, 0xbb, 0xfd, 0xe3,
    0x0, 0x5d, 0x33, 0x39, 0xb3, 0x33, 0xb8, 0x0,
    0x0, 0x5d, 0x22, 0x28, 0xb2, 0x22, 0xa8, 0x0,
    0x0, 0x5f, 0xcc, 0xce, 0xec, 0xcc, 0xe8, 0x0,
    0x0, 0x5d, 0x11, 0x18, 0xa1, 0x11, 0xa8, 0x0,
    0x0, 0x4d, 0xdd, 0xde, 0xfd, 0xdd, 0xd6, 0x0,
    0x2, 0x22, 0x22, 0x28, 0xa2, 0x22, 0x22, 0x21,
    0x2d, 0xdd, 0xdd, 0xef, 0xfe, 0xdd, 0xdd, 0xd8,
    0x0, 0x0, 0x39, 0xca, 0xcc, 0x93, 0x0, 0x0,
    0x15, 0x9d, 0xc5, 0x7, 0xa0, 0x5c, 0xe9, 0x62,
    0x1b, 0x82, 0x0, 0x7, 0xa0, 0x0, 0x27, 0xb3,

    /* U+7AA6 "窦" */
    0x0, 0x0, 0x0, 0x3, 0x40, 0x0, 0x0, 0x0,
    0x0, 0x0, 0x0, 0x7, 0xe0, 0x0, 0x0, 0x0,
    0xf, 0xff, 0xff, 0xff, 0xff, 0xff, 0xff, 0xf7,
    0xf, 0x32, 0x59, 0xa0, 0x5, 0xa7, 0x31, 0xb7,
    0x4, 0x3e, 0xa7, 0x34, 0x92, 0x6a, 0xda, 0x32,
    0x0, 0xbb, 0xbb, 0xbc, 0xeb, 0xbb, 0xbb, 0x50,
    0x0, 0x44, 0x44, 0x48, 0xd4, 0x44, 0x44, 0x20,
    0x9, 0xcc, 0xcc, 0xcd, 0xfc, 0xcc, 0xcc, 0xc3,
    0x2, 0x39, 0xd6, 0x33, 0x33, 0x33, 0x35, 0xf2,
    0x0, 0x5, 0xbf, 0xc4, 0x3b, 0x0, 0x9, 0xb0,
    0x0, 0xdb, 0x62, 0x53, 0x5d, 0x0, 0x8, 0x30,
    0x2, 0x25, 0xaf, 0x42, 0x8b, 0x22, 0x22, 0x21,
    0x2d, 0xdd, 0xdd, 0xde, 0xfe, 0xdd, 0xdd, 0xd8,
    0x0, 0x0, 0x0, 0x3c, 0xfa, 0x51, 0x0, 0x0,
    0x0, 0x3, 0x7c, 0xf9, 0x26, 0xbf, 0xd8, 0x40,
    0x3d, 0xff, 0xc7, 0x10, 0x0, 0x1, 0x6b, 0xf8,
    0x5, 0x30, 0x0, 0x0, 0x0, 0x0, 0x0, 0x11,

    /* U+7AA8 "窨" */
    0x0, 0x0, 0x0, 0x0, 0x50, 0x0, 0x0, 0x0,
    0x0, 0x0, 0x0, 0x0, 0x2f, 0x60, 0x0, 0x0,
    0x0, 0x6, 0xff, 0xff, 0xff, 0xff, 0xff, 0xff,
    0xfe, 0x0, 0x6c, 0x0, 0x28, 0x10, 0x4, 0x72,
    0x3, 0xf0, 0x2, 0x56, 0xcf, 0xb3, 0xa0, 0x4c,
    0xfb, 0x75, 0x0, 0xbf, 0xd8, 0x20, 0xe, 0x50,
    0x2, 0x8e, 0xf5, 0x4, 0x34, 0xff, 0xff, 0xff,
    0xff, 0xff, 0x15, 0x20, 0x0, 0x0, 0xe5, 0x0,
    0x0, 0xc7, 0x0, 0x0, 0xa, 0xee, 0xef, 0xee,
    0xee, 0xef, 0xee, 0xee, 0x40, 0x11, 0x11, 0x11,
    0x11, 0x11, 0x11, 0x11, 0x10, 0x0, 0xd, 0xdd,
    0xdd, 0xdd, 0xdd, 0xdd, 0x70, 0x0, 0x0, 0xf3,
    0x11, 0x11, 0x11, 0x11, 0xb8, 0x0, 0x0, 0xf,
    0xcc, 0xcc, 0xcc, 0xcc, 0xce, 0x80, 0x0, 0x0,
    0xf4, 0x22, 0x22, 0x22, 0x22, 0xb8, 0x0, 0x0,
    0xf, 0x53, 0x33, 0x33, 0x33, 0x3b, 0x80, 0x0,
    0x0, 0xfb, 0xbb, 0xbb, 0xbb, 0xbb, 0xe8, 0x0,

    /* U+7AAC "窬" */
    0x0, 0x0, 0x0, 0x5, 0x20, 0x0, 0x0, 0x0,
    0x0, 0x0, 0x0, 0xc, 0xb0, 0x0, 0x0, 0x0,
    0x3e, 0xee, 0xee, 0xef, 0xfe, 0xee, 0xee, 0xe6,
    0x3f, 0x22, 0x25, 0x32, 0x24, 0x52, 0x22, 0xc7,
    0x2a, 0x16, 0xce, 0x57, 0x96, 0xed, 0x93, 0x84,
    0xc, 0xfb, 0x52, 0xca, 0xbd, 0x33, 0x9e, 0xe1,
    0x4, 0x11, 0x9e, 0x50, 0x7, 0xfa, 0x30, 0x40,
    0x3, 0x9f, 0x9d, 0xee, 0xee, 0xda, 0xfc, 0x72,
    0x8f, 0xb2, 0x0, 0x0, 0x0, 0x0, 0x29, 0xea,
    0x13, 0xcc, 0xcc, 0xcc, 0x2, 0x60, 0x3d, 0x0,
    0x0, 0xf4, 0x33, 0x4f, 0x5, 0xc0, 0x3e, 0x0,
    0x0, 0xfe, 0xee, 0xef, 0x5, 0xc0, 0x3e, 0x0,
    0x0, 0xf2, 0x11, 0x2f, 0x5, 0xc0, 0x3e, 0x0,
    0x0, 0xfd, 0xcc, 0xdf, 0x5, 0xb0, 0x3e, 0x0,
    0x0, 0xf1, 0x0, 0x3f, 0x0, 0x21, 0x7d, 0x0,
    0x0, 0xf1, 0x4c, 0xc6, 0x1, 0xff, 0xf6, 0x0,
    0x0, 0x0, 0x0, 0x0, 0x0, 0x0, 0x0, 0x0,

    /* U+7AAD "窭" */
    0x0, 0x0, 0x0, 0x2, 0x30, 0x0, 0x0, 0x0,
    0x0, 0x0, 0x0, 0x8, 0xd0, 0x0, 0x0, 0x0,
    0xf, 0xff, 0xff, 0xff, 0xff, 0xff, 0xff, 0xf6,
    0xf, 0x30, 0x15, 0x60, 0x4, 0x73, 0x0, 0xc7,
    0x7, 0x7a, 0xec, 0x62, 0x52, 0x8c, 0xe9, 0x82,
    0x3, 0xb7, 0xd5, 0x6, 0xc0, 0x4d, 0x47, 0x50,
    0x0, 0x0, 0x3d, 0x56, 0xc4, 0xd5, 0x0, 0x0,
    0xe, 0xff, 0xff, 0xff, 0xff, 0xff, 0xff, 0xf6,
    0x0, 0x0, 0x39, 0xb9, 0xc9, 0xb5, 0x0, 0x0,
    0x16, 0xae, 0xb4, 0x26, 0xc0, 0x29, 0xec, 0x95,
    0x9, 0x51, 0x4, 0xe3, 0x30, 0x0, 0x3, 0x74,
    0x1f, 0xff, 0xff, 0xff, 0xff, 0xff, 0xff, 0xf7,
    0x0, 0x0, 0xd9, 0x0, 0x2, 0xd6, 0x0, 0x0,
    0x0, 0x1, 0x6a, 0xec, 0x9f, 0x80, 0x0, 0x0,
    0x0, 0x13, 0x58, 0xcf, 0xaa, 0xed, 0x95, 0x10,
    0xe, 0xfd, 0xb7, 0x40, 0x0, 0x3, 0x8c, 0xc0,
    0x1, 0x0, 0x0, 0x0, 0x0, 0x0, 0x0, 0x0,

    /* U+7AB3 "窳" */
    0x0, 0x0, 0x0, 0x5, 0x0, 0x0, 0x0, 0x0,
    0x0, 0x0, 0x0, 0xe, 0x60, 0x0, 0x0, 0x0,
    0x3e, 0xee, 0xee, 0xef, 0xfe, 0xee, 0xee, 0xe3,
    0x3f, 0x22, 0x25, 0x52, 0x27, 0x42, 0x22, 0xf3,
    0x3f, 0x7, 0xcf, 0x70, 0xa, 0xfd, 0x81, 0xf3,
    0x16, 0xc, 0x81, 0x0, 0x0, 0x16, 0xb0, 0x30,
    0x1, 0x45, 0x7b, 0xe1, 0x24, 0x57, 0xad, 0x90,
    0x7, 0xfd, 0xea, 0x81, 0xce, 0xde, 0xbd, 0x40,
    0x7, 0x93, 0xc9, 0x70, 0xc3, 0x4b, 0x2d, 0x0,
    0x7, 0x93, 0xc4, 0xc0, 0xc2, 0x4b, 0xe, 0x0,
    0x8, 0x83, 0xc0, 0xf1, 0xd2, 0x4b, 0xe, 0x10,
    0x9, 0x73, 0xc0, 0xb6, 0xe1, 0x4b, 0xb, 0x50,
    0xc, 0x53, 0xcc, 0x66, 0xf0, 0x4b, 0xd8, 0x90,
    0xf, 0x23, 0xcb, 0x54, 0xc0, 0x4b, 0xc7, 0xe0,
    0x5d, 0x7, 0xfd, 0x99, 0x80, 0x9f, 0xd8, 0xd6,
    0x86, 0x3, 0x61, 0x4b, 0x20, 0x55, 0x24, 0x77,
    0x0, 0x0, 0x0, 0x0, 0x0, 0x0, 0x0, 0x0,

    /* U+7AE6 "竦" */
    0x0, 0x10, 0x0, 0x0, 0x0, 0x41, 0x0, 0x0,
    0x0, 0x1f, 0x40, 0x0, 0x0, 0xe, 0x30, 0x0,
    0x0, 0x0, 0x7d, 0x0, 0x11, 0x11, 0xe4, 0x11,
    0x10, 0x0, 0x12, 0xa2, 0x1e, 0xff, 0xff, 0xff,
    0xff, 0xa0, 0x8f, 0xff, 0xfd, 0x0, 0x0, 0xe3,
    0x0, 0x0, 0x0, 0x0, 0x0, 0x1, 0x44, 0x4f,
    0x64, 0x44, 0x0, 0x28, 0x0, 0xb2, 0x5e, 0xbb,
    0xfc, 0xbc, 0xe0, 0x1, 0xf0, 0xf, 0x15, 0xc0,
    0xe, 0x30, 0x3e, 0x0, 0xe, 0x32, 0xf0, 0x5c,
    0x0, 0xe3, 0x3, 0xe0, 0x0, 0xb6, 0x4c, 0x5,
    0xff, 0xff, 0xff, 0xfe, 0x0, 0x8, 0x97, 0x90,
    0x38, 0xb, 0xfd, 0x2, 0xa0, 0x0, 0x59, 0x96,
    0x0, 0x8, 0x9e, 0x9b, 0x0, 0x0, 0x0, 0xc,
    0x98, 0x8, 0xc0, 0xe3, 0x9c, 0x10, 0x7, 0xef,
    0xda, 0x7a, 0xd1, 0xe, 0x30, 0xae, 0x50, 0x34,
    0x10, 0x9, 0xd1, 0x0, 0xe3, 0x0, 0x7a, 0x0,
    0x0, 0x0, 0x0, 0x0, 0xe, 0x30, 0x0, 0x0,

    /* U+7F58 "罘" */
    0x1, 0x44, 0x44, 0x44, 0x44, 0x44, 0x44, 0x20,
    0x5, 0xfc, 0xcd, 0xec, 0xce, 0xec, 0xce, 0x90,
    0x5, 0xc0, 0x6, 0xb0, 0x7, 0xa0, 0x9, 0x90,
    0x5, 0xc0, 0x6, 0xb0, 0x7, 0xa0, 0x9, 0x90,
    0x5, 0xff, 0xff, 0xff, 0xff, 0xff, 0xff, 0x90,
    0x4, 0x90, 0x0, 0x0, 0x0, 0x0, 0x7, 0x70,
    0x2, 0x22, 0x22, 0x22, 0x22, 0x22, 0x22, 0x21,
    0x1f, 0xff, 0xff, 0xff, 0xff, 0xff, 0xff, 0xf9,
    0x0, 0x0, 0x0, 0x4f, 0x70, 0x0, 0x0, 0x0,
    0x0, 0x0, 0x7, 0xeb, 0xbb, 0xb3, 0x0, 0x0,
    0x0, 0x3, 0xcd, 0x27, 0xb1, 0x9f, 0xa2, 0x0,
    0x3, 0xaf, 0x90, 0x7, 0xb0, 0x3, 0xcf, 0x80,
    0x3f, 0xc3, 0x0, 0x7, 0xb0, 0x0, 0x7, 0xf9,
    0x3, 0x0, 0x0, 0x7, 0xb0, 0x0, 0x0, 0x20,
    0x0, 0x0, 0x0, 0x7, 0xb0, 0x0, 0x0, 0x0,

    /* U+7F5F "罟" */
    0xb, 0xcc, 0xcc, 0xcc, 0xcc, 0xcc, 0xcc, 0x70,
    0xf, 0x64, 0x4d, 0x84, 0x4c, 0x94, 0x4a, 0xa0,
    0xf, 0x30, 0xd, 0x50, 0xb, 0x70, 0x8, 0xa0,
    0xf, 0x64, 0x4d, 0x74, 0x4c, 0x94, 0x4a, 0xa0,
    0xd, 0xdd, 0xdd, 0xde, 0xdd, 0xdd, 0xdd, 0x80,
    0x0, 0x0, 0x0, 0xd, 0x60, 0x0, 0x0, 0x0,
    0x9c, 0xcc, 0xcc, 0xcf, 0xdc, 0xcc, 0xcc, 0xc3,
    0x34, 0x44, 0x44, 0x4d, 0x84, 0x44, 0x44, 0x41,
    0x0, 0x0, 0x0, 0xd, 0x60, 0x0, 0x0, 0x0,
    0x0, 0xee, 0xee, 0xef, 0xee, 0xee, 0xe8, 0x0,
    0x0, 0xf5, 0x33, 0x33, 0x33, 0x33, 0xa9, 0x0,
    0x0, 0xf2, 0x0, 0x0, 0x0, 0x0, 0x99, 0x0,
    0x0, 0xf2, 0x0, 0x0, 0x0, 0x0, 0x99, 0x0,
    0x0, 0xff, 0xff, 0xff, 0xff, 0xff, 0xf9, 0x0,
    0x0, 0xf4, 0x22, 0x22, 0x22, 0x22, 0xa9, 0x0,

    /* U+7F61 "罡" */
    0x3, 0x44, 0x44, 0x44, 0x44, 0x44, 0x44, 0x20,
    0xc, 0xdc, 0xce, 0xdc, 0xce, 0xec, 0xce, 0x80,
    0xc, 0x60, 0xa, 0x70, 0x9, 0x80, 0x8, 0x80,
    0xc, 0x60, 0xa, 0x70, 0x9, 0x80, 0x8, 0x80,
    0xc, 0xff, 0xff, 0xff, 0xff, 0xff, 0xff, 0x80,
    0xc, 0x71, 0x11, 0x11, 0x11, 0x11, 0x19, 0x80,
    0x1, 0x11, 0x11, 0x11, 0x11, 0x11, 0x11, 0x0,
    0xc, 0xff, 0xff, 0xff, 0xff, 0xff, 0xff, 0x70,
    0x0, 0x0, 0x0, 0x3, 0xf0, 0x0, 0x0, 0x0,
    0x0, 0x19, 0x0, 0x3, 0xf0, 0x0, 0x0, 0x0,
    0x0, 0x2f, 0x0, 0x3, 0xff, 0xff, 0xfd, 0x0,
    0x0, 0x2f, 0x0, 0x3, 0xf2, 0x22, 0x21, 0x0,
    0x0, 0x2f, 0x0, 0x3, 0xf0, 0x0, 0x0, 0x0,
    0x11, 0x3f, 0x11, 0x14, 0xf1, 0x11, 0x11, 0x10,
    0xef, 0xff, 0xff, 0xff, 0xff, 0xff, 0xff, 0xf6,

    /* U+7F68 "罨" */
    0x4, 0xee, 0xee, 0xee, 0xee, 0xee, 0xee, 0x90,
    0x5, 0xc0, 0x5, 0xb0, 0x6, 0xa0, 0x6, 0xa0,
    0x5, 0xc0, 0x5, 0xb0, 0x6, 0xa0, 0x6, 0xa0,
    0x5, 0xfe, 0xee, 0xee, 0xee, 0xee, 0xef, 0xa0,
    0x0, 0x0, 0x0, 0xab, 0x0, 0x0, 0x0, 0x0,
    0x1e, 0xee, 0xee, 0xfe, 0xee, 0xee, 0xee, 0xe7,
    0x0, 0x1, 0xcc, 0x1, 0x30, 0xbb, 0x10, 0x0,
    0x0, 0x4e, 0xc2, 0x16, 0xc1, 0x2b, 0xe6, 0x0,
    0x2c, 0xff, 0xcc, 0xcd, 0xfc, 0xcc, 0xef, 0xf9,
    0x29, 0x2f, 0x11, 0x16, 0xc1, 0x11, 0x98, 0x22,
    0x0, 0x1f, 0xcc, 0xcd, 0xfc, 0xcc, 0xe8, 0x0,
    0x0, 0x1f, 0x11, 0x16, 0xc1, 0x11, 0x98, 0x11,
    0x0, 0x1f, 0xcc, 0xcd, 0xfc, 0xcc, 0xc6, 0x6c,
    0x0, 0x0, 0x0, 0x4, 0xe2, 0x11, 0x11, 0xb9,
    0x0, 0x0, 0x0, 0x0, 0xdf, 0xff, 0xff, 0xd2,

    /* U+7F71 "罱" */
    0x8, 0xbb, 0xbb, 0xbb, 0xbb, 0xbb, 0xbb, 0x20,
    0xb, 0x72, 0x2c, 0x62, 0x2d, 0x52, 0x2d, 0x30,
    0xb, 0x50, 0xc, 0x40, 0xc, 0x30, 0xd, 0x30,
    0xb, 0xee, 0xee, 0xef, 0xee, 0xee, 0xef, 0x30,
    0x1, 0x0, 0x0, 0xc, 0x50, 0x0, 0x1, 0x0,
    0xbe, 0xee, 0xee, 0xef, 0xee, 0xee, 0xee, 0xe4,
    0x0, 0x0, 0x0, 0xc, 0x50, 0x0, 0x0, 0x0,
    0xc, 0xee, 0xee, 0xee, 0xee, 0xee, 0xef, 0x70,
    0xd, 0x60, 0x3d, 0x10, 0x5, 0xc0, 0xb, 0x70,
    0xd, 0x60, 0x8, 0x70, 0x2e, 0x30, 0xb, 0x70,
    0xd, 0x66, 0xdd, 0xdf, 0xed, 0xdd, 0x1b, 0x70,
    0xd, 0x60, 0x0, 0xc, 0x60, 0x0, 0xb, 0x70,
    0xd, 0x6c, 0xdd, 0xdf, 0xed, 0xdd, 0x8b, 0x70,
    0xd, 0x60, 0x0, 0xc, 0x60, 0x21, 0x2d, 0x70,
    0xd, 0x60, 0x0, 0xc, 0x60, 0xee, 0xed, 0x20,

    /* U+7F74 "罴" */
    0x3, 0xbb, 0xbb, 0xbb, 0xbb, 0xbb, 0xbb, 0x90,
    0x5, 0xd3, 0x37, 0xd3, 0x37, 0xd3, 0x37, 0xd0,
    0x5, 0xd0, 0x5, 0xd0, 0x5, 0xd0, 0x5, 0xd0,
    0x5, 0xfe, 0xef, 0xfe, 0xef, 0xfe, 0xef, 0xd0,
    0x2, 0x60, 0x0, 0x1, 0x30, 0x0, 0x2, 0x70,
    0x0, 0x24, 0x44, 0x47, 0xe4, 0x44, 0x44, 0x0,
    0x0, 0x6b, 0xbb, 0xbc, 0xfb, 0xbb, 0xbb, 0x10,
    0x0, 0x0, 0x0, 0x5, 0xd0, 0x0, 0x0, 0x0,
    0x4e, 0xee, 0xef, 0xff, 0xee, 0xef, 0xee, 0xec,
    0x0, 0x1, 0x8b, 0x50, 0x0, 0x3c, 0x70, 0x0,
    0x0, 0x9f, 0xfc, 0xde, 0xef, 0xfe, 0xed, 0x40,
    0x0, 0x55, 0x44, 0x21, 0x15, 0x0, 0x9, 0x90,
    0x3, 0xf0, 0xd, 0x50, 0x1f, 0x30, 0x3f, 0x40,
    0xc, 0x80, 0x7, 0xd0, 0x8, 0xd0, 0x7, 0xe2,
    0x2d, 0x10, 0x0, 0x90, 0x1, 0x60, 0x0, 0xa4,

    /* U+7F79 "罹" */
    0xb, 0xdd, 0xdd, 0xdd, 0xdd, 0xdd, 0xdd, 0x30,
    0xe, 0x42, 0x2e, 0x32, 0x2e, 0x32, 0x2d, 0x40,
    0xe, 0x30, 0xe, 0x10, 0xe, 0x20, 0xd, 0x40,
    0xe, 0xff, 0xff, 0xff, 0xff, 0xff, 0xff, 0x40,
    0x2, 0x74, 0x0, 0x2b, 0x7, 0x90, 0x2, 0x0,
    0x0, 0xa7, 0x0, 0xaa, 0x2, 0xe4, 0x0, 0x0,
    0x24, 0xad, 0xa2, 0xff, 0xff, 0xff, 0xff, 0xf3,
    0x69, 0xa6, 0x7e, 0xf0, 0x0, 0xb6, 0x0, 0x0,
    0x96, 0xa6, 0x8c, 0xfe, 0xee, 0xfe, 0xee, 0xd0,
    0x73, 0xa6, 0x12, 0xf2, 0x22, 0xc7, 0x22, 0x10,
    0x0, 0xa6, 0x0, 0xf0, 0x0, 0xb6, 0x0, 0x0,
    0x0, 0xa6, 0x0, 0xff, 0xff, 0xff, 0xff, 0xe0,
    0x0, 0xa6, 0x0, 0xf0, 0x0, 0xb6, 0x0, 0x0,
    0x0, 0xa6, 0x0, 0xfd, 0xdd, 0xfe, 0xdd, 0xd5,
    0x0, 0xa6, 0x0, 0xf3, 0x33, 0x33, 0x33, 0x31,

    /* U+7F7E "罾" */
    0x3c, 0xcc, 0xcc, 0xcc, 0xcc, 0xcc, 0xc5, 0x4c,
    0x11, 0x3e, 0x11, 0x3e, 0x11, 0xa7, 0x4c, 0x11,
    0x3e, 0x11, 0x3e, 0x11, 0xa7, 0x3c, 0xcc, 0xec,
    0xcc, 0xcc, 0xfc, 0xc5, 0x0, 0x0, 0xb8, 0x0,
    0x6, 0x90, 0x0, 0xd, 0xdd, 0xee, 0xdd, 0xdf,
    0xed, 0xd3, 0xf, 0x15, 0xa0, 0x1f, 0x2, 0xb0,
    0xd4, 0xf, 0x10, 0xa5, 0x1f, 0xa, 0x50, 0xd4,
    0xf, 0xdd, 0xdd, 0xdf, 0xdd, 0xdd, 0xf4, 0x7,
    0x0, 0x0, 0x0, 0x0, 0x0, 0x61, 0x0, 0xfd,
    0xdd, 0xdd, 0xdd, 0xdf, 0x50, 0x0, 0xf3, 0x0,
    0x0, 0x0, 0xc, 0x50, 0x0, 0xfd, 0xdd, 0xdd,
    0xdd, 0xdf, 0x50, 0x0, 0xf4, 0x11, 0x11, 0x11,
    0x1c, 0x50, 0x0, 0xfc, 0xbb, 0xbb, 0xbb, 0xbf,
    0x50, 0x0, 0x0, 0x0, 0x0, 0x0, 0x0, 0x0,

    /* U+7F81 "羁" */
    0x9, 0xdd, 0xdd, 0xdd, 0xdd, 0xdd, 0xdd, 0x30,
    0xc5, 0x0, 0xa5, 0x0, 0xd2, 0x0, 0xd4, 0xc,
    0x73, 0x3b, 0x73, 0x3e, 0x53, 0x3d, 0x40, 0x7a,
    0xaa, 0xaa, 0xaa, 0xaa, 0xaa, 0xa2, 0x39, 0x94,
    0x44, 0xe4, 0x48, 0x88, 0x88, 0x6, 0xcc, 0x99,
    0x9f, 0x94, 0x86, 0x67, 0xf0, 0x7, 0xec, 0xcc,
    0xf0, 0x2d, 0x0, 0x2e, 0x0, 0x34, 0x3c, 0x8,
    0x4, 0xb0, 0x4, 0xd0, 0x1d, 0xcc, 0xfc, 0xc9,
    0x5c, 0x66, 0x9d, 0x41, 0xd0, 0x3c, 0x4, 0xa3,
    0x77, 0x77, 0xab, 0x1f, 0xcd, 0xfc, 0xda, 0x1,
    0x11, 0x6, 0xb0, 0x30, 0x3c, 0x1, 0x2b, 0xdd,
    0xd9, 0x7a, 0x9d, 0xdd, 0xfd, 0xdd, 0x10, 0x0,
    0x8, 0x90, 0x0, 0x3c, 0x0, 0x0, 0x22, 0x12,
    0xc7, 0x0, 0x3, 0xc0, 0x0, 0x9, 0xff, 0xfb,
    0x0, 0x0, 0x0, 0x0, 0x0, 0x0, 0x0, 0x0,

    /* U+7FCA "翊" */
    0x0, 0x0, 0x0, 0x0, 0x0, 0x0, 0x0, 0x0,
    0x0, 0xb6, 0x0, 0x22, 0x22, 0x2, 0x22, 0x20,
    0x0, 0x6e, 0x0, 0xff, 0xff, 0x5f, 0xff, 0xf2,
    0x2, 0x28, 0x22, 0x0, 0xe, 0x30, 0x0, 0xe2,
    0x5f, 0xff, 0xff, 0x53, 0xe, 0x36, 0x40, 0xe2,
    0x0, 0x0, 0x10, 0x89, 0xe, 0x37, 0x90, 0xe2,
    0xf, 0x0, 0xe4, 0x3e, 0xe, 0x33, 0xe0, 0xe2,
    0xf, 0x10, 0xf2, 0xe, 0x2e, 0x30, 0xd1, 0xe2,
    0xe, 0x32, 0xf0, 0x0, 0xe, 0x30, 0x0, 0xe2,
    0xc, 0x54, 0xd0, 0x0, 0x7f, 0x30, 0x1b, 0xf2,
    0xb, 0x66, 0xa0, 0x1b, 0xdf, 0x36, 0xfa, 0xf2,
    0x9, 0x68, 0x82, 0xe9, 0xe, 0x5e, 0x50, 0xe2,
    0x0, 0xb, 0x52, 0x40, 0xe, 0x30, 0x0, 0xe2,
    0x15, 0x9f, 0xfe, 0x0, 0xe, 0x30, 0x0, 0xe2,
    0x7d, 0xa6, 0x30, 0x23, 0x4f, 0x22, 0x34, 0xf2,
    0x0, 0x0, 0x0, 0x6f, 0xfa, 0x9, 0xff, 0xa0,
    0x0, 0x0, 0x0, 0x0, 0x0, 0x0, 0x0, 0x0,

    /* U+8004 "耄" */
    0x0, 0x0, 0x0, 0x6b, 0x0, 0x0, 0x4, 0x20,
    0x0, 0xa, 0xee, 0xee, 0xfe, 0xee, 0x4b, 0xb2,
    0x0, 0x0, 0x0, 0x0, 0x6b, 0x3, 0xbc, 0x40,
    0x0, 0x3, 0xee, 0xee, 0xee, 0xff, 0xee, 0xee,
    0xee, 0xa0, 0x0, 0x1, 0x6b, 0xc7, 0x12, 0x57,
    0xa1, 0x0, 0x3, 0x9d, 0xdc, 0xeb, 0xdd, 0xb9,
    0x75, 0x68, 0x0, 0x27, 0x20, 0x4f, 0x97, 0x77,
    0x77, 0x8e, 0x50, 0x0, 0x0, 0x0, 0x35, 0x66,
    0x77, 0x88, 0x70, 0x0, 0x2, 0xee, 0xee, 0xef,
    0xdc, 0xcb, 0xaa, 0x30, 0x0, 0x0, 0x0, 0x1,
    0xf4, 0x23, 0x44, 0x50, 0x0, 0x3, 0xdd, 0xcc,
    0xbf, 0xba, 0x99, 0x88, 0x10, 0x0, 0x0, 0x0,
    0x1, 0xf4, 0x34, 0x45, 0x56, 0x50, 0x2e, 0xee,
    0xdd, 0xcf, 0xba, 0xa9, 0x98, 0x87, 0x0, 0x0,
    0x0, 0x0, 0xf2, 0x0, 0x0, 0x4, 0xe0, 0x0,
    0x0, 0x0, 0xa, 0xfe, 0xee, 0xee, 0xf7, 0x0,

    /* U+8006 "耆" */
    0x0, 0x0, 0x0, 0x22, 0x0, 0x0, 0x0, 0x0,
    0x0, 0x0, 0x0, 0x7a, 0x0, 0x0, 0x3, 0x20,
    0x0, 0x9f, 0xff, 0xff, 0xff, 0xf6, 0x8f, 0x70,
    0x0, 0x0, 0x0, 0x7a, 0x1, 0x7e, 0xa2, 0x0,
    0x4f, 0xff, 0xff, 0xff, 0xff, 0xff, 0xff, 0xfc,
    0x0, 0x0, 0x49, 0xed, 0x71, 0x14, 0x60, 0x0,
    0x26, 0xae, 0xfa, 0x66, 0x9c, 0xfe, 0xa3, 0x50,
    0x4c, 0x72, 0xed, 0xb8, 0x64, 0x10, 0x9, 0xa0,
    0x0, 0x0, 0xbe, 0xcc, 0xcc, 0xcc, 0xde, 0x20,
    0x0, 0x0, 0x13, 0x33, 0x33, 0x33, 0x20, 0x0,
    0x0, 0x5f, 0xee, 0xee, 0xee, 0xee, 0xfc, 0x0,
    0x0, 0x5c, 0x0, 0x0, 0x0, 0x0, 0x5c, 0x0,
    0x0, 0x5f, 0xee, 0xee, 0xee, 0xee, 0xfc, 0x0,
    0x0, 0x5c, 0x0, 0x0, 0x0, 0x0, 0x6c, 0x0,
    0x0, 0x5f, 0xdd, 0xdd, 0xdd, 0xdd, 0xec, 0x0,
    0x0, 0x5d, 0x22, 0x22, 0x22, 0x22, 0x7c, 0x0,

    /* U+800B "耋" */
    0x0, 0x0, 0x0, 0xd4, 0x0, 0x0, 0x6, 0x0,
    0x2, 0xee, 0xee, 0xfe, 0xee, 0x96, 0xe8, 0x0,
    0x0, 0x0, 0x0, 0xd4, 0x6, 0xd9, 0x20, 0x0,
    0x9e, 0xee, 0xee, 0xff, 0xfe, 0xee, 0xee, 0xe4,
    0x0, 0x3, 0x8d, 0xb5, 0x3, 0x58, 0x70, 0x0,
    0x6b, 0xeb, 0xeb, 0xbd, 0xcb, 0x96, 0x3a, 0x30,
    0x55, 0x0, 0xbd, 0x87, 0x77, 0x77, 0x9e, 0x0,
    0x0, 0x0, 0x4, 0x55, 0x55, 0x55, 0x51, 0x0,
    0xc, 0xee, 0xef, 0xfe, 0xee, 0xfe, 0xee, 0x90,
    0x0, 0x48, 0xd9, 0x20, 0x3, 0xda, 0x30, 0x0,
    0x0, 0xee, 0xed, 0xdf, 0xed, 0xcc, 0xdc, 0x0,
    0x0, 0x0, 0x0, 0xc, 0x50, 0x0, 0x4, 0x0,
    0x9, 0xdd, 0xdd, 0xdf, 0xed, 0xdd, 0xdd, 0x40,
    0x23, 0x33, 0x33, 0x3c, 0x73, 0x33, 0x33, 0x31,
    0xab, 0xbb, 0xbb, 0xbb, 0xbb, 0xbb, 0xbb, 0xb5,

    /* U+8012 "耒" */
    0x0, 0x0, 0x0, 0x0, 0x31, 0x0, 0x0, 0x0,
    0x0, 0x0, 0x0, 0x0, 0xd, 0x60, 0x0, 0x0,
    0x0, 0x0, 0xcd, 0xdd, 0xdd, 0xfe, 0xdd, 0xdd,
    0xd6, 0x0, 0x3, 0x44, 0x44, 0x4d, 0x84, 0x44,
    0x44, 0x10, 0x0, 0x0, 0x0, 0x0, 0xd6, 0x0,
    0x0, 0x0, 0x0, 0x0, 0xbe, 0xee, 0xef, 0xee,
    0xee, 0xe5, 0x0, 0x0, 0x2, 0x33, 0x33, 0xd8,
    0x33, 0x33, 0x10, 0x0, 0x0, 0x0, 0x0, 0xd,
    0x60, 0x0, 0x0, 0x0, 0xb, 0xee, 0xee, 0xee,
    0xff, 0xee, 0xee, 0xee, 0x40, 0x22, 0x22, 0x22,
    0xbf, 0xf5, 0x22, 0x22, 0x20, 0x0, 0x0, 0x0,
    0xab, 0xda, 0xe3, 0x0, 0x0, 0x0, 0x0, 0x2,
    0xcb, 0xd, 0x66, 0xf6, 0x0, 0x0, 0x0, 0x6,
    0xfa, 0x0, 0xd6, 0x4, 0xfc, 0x30, 0x0, 0x3c,
    0xf6, 0x0, 0xd, 0x60, 0x2, 0xcf, 0xb3, 0xb,
    0xc2, 0x0, 0x0, 0xd6, 0x0, 0x0, 0x5d, 0x20,
    0x0, 0x0, 0x0, 0xd, 0x60, 0x0, 0x0, 0x0,

    /* U+8014 "耔" */
    0x0, 0x5, 0x0, 0x0, 0x0, 0x0, 0x0, 0x0,
    0x0, 0xf, 0x20, 0x1, 0x33, 0x33, 0x33, 0x30,
    0x0, 0xf, 0x30, 0x7, 0xff, 0xff, 0xff, 0xf2,
    0x7f, 0xff, 0xff, 0xe0, 0x0, 0x0, 0x3e, 0x90,
    0x0, 0xf, 0x20, 0x0, 0x0, 0x7, 0xf6, 0x0,
    0x3d, 0xdf, 0xdd, 0x70, 0x0, 0x4f, 0x30, 0x0,
    0x3, 0x3f, 0x53, 0x10, 0x0, 0x4e, 0x0, 0x0,
    0x0, 0xf, 0x30, 0x2, 0x33, 0x6f, 0x33, 0x33,
    0xaf, 0xff, 0xff, 0xdb, 0xee, 0xff, 0xee, 0xec,
    0x0, 0x7f, 0x30, 0x0, 0x0, 0x4e, 0x0, 0x0,
    0x0, 0xef, 0xd7, 0x0, 0x0, 0x4e, 0x0, 0x0,
    0x6, 0xbf, 0x4e, 0x60, 0x0, 0x4e, 0x0, 0x0,
    0x1e, 0x4f, 0x23, 0xa0, 0x0, 0x4e, 0x0, 0x0,
    0x9b, 0xf, 0x20, 0x0, 0x0, 0x4e, 0x0, 0x0,
    0x61, 0xf, 0x20, 0x1, 0x32, 0x9d, 0x0, 0x0,
    0x0, 0xf, 0x20, 0x2, 0xff, 0xf5, 0x0, 0x0,
    0x0, 0x0, 0x0, 0x0, 0x0, 0x0, 0x0, 0x0,

    /* U+8016 "耖" */
    0x0, 0x4, 0x0, 0x0, 0x0, 0x0, 0x0, 0x0,
    0x0, 0x2e, 0x0, 0x0, 0x0, 0xe4, 0x0, 0x0,
    0x0, 0x2e, 0x0, 0x0, 0x0, 0xe4, 0x0, 0x0,
    0xae, 0xef, 0xee, 0x20, 0x20, 0xe4, 0x23, 0x0,
    0x1, 0x3e, 0x11, 0x4, 0xe0, 0xe4, 0x6e, 0x0,
    0x36, 0x8e, 0x66, 0x8, 0xa0, 0xe4, 0xd, 0x70,
    0x38, 0x9f, 0x88, 0xd, 0x50, 0xe4, 0x6, 0xe0,
    0x0, 0x2e, 0x0, 0x2f, 0x10, 0xe4, 0x0, 0xe5,
    0xdf, 0xff, 0xff, 0xdc, 0x0, 0xe4, 0x2, 0x30,
    0x1, 0xae, 0x11, 0x1, 0x0, 0xe4, 0xd, 0xa0,
    0x1, 0xfe, 0xb1, 0x0, 0x0, 0xc3, 0x9e, 0x10,
    0x8, 0xbe, 0x7d, 0x10, 0x0, 0x8, 0xf3, 0x0,
    0x3f, 0x4e, 0x7, 0x10, 0x0, 0xaf, 0x40, 0x0,
    0xc6, 0x2e, 0x0, 0x0, 0x6e, 0xd2, 0x0, 0x0,
    0x40, 0x2e, 0x3, 0x8d, 0xf8, 0x0, 0x0, 0x0,
    0x0, 0x2e, 0xc, 0xc7, 0x10, 0x0, 0x0, 0x0,
    0x0, 0x0, 0x0, 0x0, 0x0, 0x0, 0x0, 0x0,

    /* U+801C "耜" */
    0x0, 0x2, 0x0, 0x0, 0x0, 0x0, 0x0, 0x0,
    0x2, 0xf0, 0x0, 0x33, 0x33, 0x33, 0x30, 0x0,
    0x3f, 0x0, 0xf, 0xdd, 0xdd, 0xdf, 0x3a, 0xff,
    0xff, 0xf3, 0xf2, 0x0, 0x0, 0xe3, 0x0, 0x2f,
    0x0, 0xf, 0x20, 0x0, 0xe, 0x34, 0x9a, 0xf9,
    0x90, 0xf2, 0x0, 0x0, 0xe3, 0x26, 0x7f, 0x66,
    0xf, 0xff, 0xff, 0xff, 0x30, 0x13, 0xf1, 0x10,
    0xf3, 0x11, 0x11, 0xe3, 0xdf, 0xff, 0xff, 0x7f,
    0x20, 0x0, 0x0, 0x1, 0x1a, 0xf1, 0x10, 0xf6,
    0x55, 0x55, 0x52, 0x1, 0xff, 0x60, 0xf, 0xdc,
    0xcc, 0xce, 0x90, 0x9a, 0xf9, 0xd2, 0xf2, 0x0,
    0x0, 0x89, 0x4e, 0x3f, 0x5, 0x1f, 0x20, 0x0,
    0x8, 0x9d, 0x52, 0xf0, 0x0, 0xf2, 0x0, 0x0,
    0x89, 0x40, 0x2f, 0x0, 0xf, 0xff, 0xff, 0xff,
    0x90, 0x2, 0xf0, 0x0, 0xf3, 0x11, 0x11, 0x99,
    0x0, 0x2, 0x0, 0x2, 0x0, 0x0, 0x0, 0x0,

    /* U+8020 "耠" */
    0x0, 0x15, 0x0, 0x0, 0x0, 0x43, 0x0, 0x0,
    0x0, 0x4d, 0x0, 0x0, 0x2, 0xf9, 0x0, 0x0,
    0x0, 0x4d, 0x0, 0x0, 0xc, 0xcf, 0x30, 0x0,
    0xbf, 0xff, 0xff, 0x10, 0x9e, 0x16, 0xe2, 0x0,
    0x0, 0x4d, 0x0, 0x7, 0xf4, 0x0, 0x9e, 0x30,
    0x5b, 0xcf, 0xb9, 0x9f, 0x50, 0x0, 0x9, 0xf6,
    0x12, 0x6d, 0x22, 0x89, 0xee, 0xee, 0xed, 0x63,
    0x44, 0x7d, 0x44, 0x10, 0x22, 0x22, 0x22, 0x0,
    0xab, 0xef, 0xbb, 0x40, 0x0, 0x0, 0x0, 0x0,
    0x0, 0xdd, 0x10, 0xa, 0xdd, 0xdd, 0xdd, 0x50,
    0x3, 0xfe, 0xe3, 0xc, 0x94, 0x44, 0x4d, 0x60,
    0xb, 0x9d, 0x5e, 0x1c, 0x70, 0x0, 0xc, 0x60,
    0x5d, 0x4d, 0x3, 0xc, 0x70, 0x0, 0xc, 0x60,
    0xd5, 0x4d, 0x0, 0xc, 0x70, 0x0, 0xc, 0x60,
    0x40, 0x4d, 0x0, 0xc, 0xff, 0xff, 0xff, 0x60,
    0x0, 0x3c, 0x0, 0xc, 0x82, 0x22, 0x2c, 0x60,

    /* U+8022 "耢" */
    0x0, 0x14, 0x0, 0x0, 0x3, 0x0, 0x30, 0x0,
    0x0, 0x3e, 0x0, 0x0, 0x3e, 0x0, 0xe3, 0x0,
    0x0, 0x3e, 0x0, 0x68, 0xaf, 0x88, 0xfa, 0x88,
    0x8f, 0xff, 0xfe, 0x68, 0xaf, 0x88, 0xf9, 0x88,
    0x0, 0x3e, 0x0, 0x0, 0x3e, 0x0, 0xe3, 0x0,
    0x15, 0x7e, 0x53, 0x13, 0x35, 0x33, 0x53, 0x32,
    0x39, 0xaf, 0x96, 0x8f, 0xee, 0xee, 0xee, 0xec,
    0x0, 0x3e, 0x0, 0x8a, 0x2, 0x90, 0x0, 0x4c,
    0x9d, 0xef, 0xdd, 0x54, 0x3, 0xc0, 0x0, 0x25,
    0x0, 0xbe, 0x10, 0x3f, 0xff, 0xff, 0xff, 0xf0,
    0x1, 0xfe, 0xe3, 0x2, 0x28, 0x92, 0x29, 0xf0,
    0x8, 0x9e, 0x5e, 0x10, 0xc, 0x40, 0x9, 0xf0,
    0x2e, 0x3e, 0x4, 0x0, 0x4d, 0x0, 0xa, 0xd0,
    0xa7, 0x3e, 0x0, 0x2, 0xe4, 0x0, 0xc, 0xc0,
    0x50, 0x3e, 0x0, 0x6e, 0x41, 0x32, 0x5f, 0x80,
    0x0, 0x3e, 0x7, 0xc2, 0x1, 0xff, 0xfb, 0x0,
    0x0, 0x0, 0x0, 0x0, 0x0, 0x0, 0x0, 0x0,

    /* U+8025 "耥" */
    0x0, 0x4, 0x0, 0x0, 0x0, 0x32, 0x0, 0x0,
    0x0, 0x2e, 0x0, 0x22, 0x0, 0xb7, 0x0, 0x60,
    0x0, 0x2e, 0x0, 0x7e, 0x20, 0xb7, 0x8, 0xd1,
    0x4f, 0xff, 0xfe, 0x8, 0xe1, 0xb7, 0x6e, 0x20,
    0x0, 0x2e, 0x0, 0x0, 0x60, 0xb7, 0x23, 0x0,
    0xb, 0xcf, 0xb8, 0x9f, 0xff, 0xff, 0xff, 0xf2,
    0x3, 0x5e, 0x32, 0x99, 0x11, 0x11, 0x11, 0xe2,
    0x0, 0x2e, 0x0, 0x98, 0x0, 0x0, 0x0, 0xe2,
    0x6f, 0xff, 0xff, 0x98, 0x1f, 0xff, 0xe0, 0xe2,
    0x0, 0xbe, 0x0, 0x98, 0x1e, 0x2, 0xe0, 0xe2,
    0x1, 0xef, 0xc1, 0x98, 0x1e, 0x2, 0xe0, 0xe2,
    0x8, 0x9e, 0x9b, 0x98, 0x1e, 0x13, 0xe0, 0xe2,
    0x2e, 0x3e, 0x5, 0x98, 0x1f, 0xee, 0xc0, 0xe2,
    0x97, 0x2e, 0x0, 0x98, 0x6, 0x0, 0x0, 0xe2,
    0x30, 0x2e, 0x0, 0x98, 0x0, 0x1, 0x13, 0xf1,
    0x0, 0x2e, 0x0, 0x98, 0x0, 0xb, 0xff, 0xa0,
    0x0, 0x0, 0x0, 0x0, 0x0, 0x0, 0x0, 0x0,

    /* U+8026 "耦" */
    0x0, 0x14, 0x0, 0x0, 0x0, 0x0, 0x0, 0x0,
    0x0, 0x4d, 0x0, 0x3, 0x33, 0x33, 0x33, 0x20,
    0x0, 0x4d, 0x0, 0x2f, 0xcc, 0xfc, 0xcd, 0xc0,
    0x9d, 0xdf, 0xdd, 0x3d, 0x0, 0xe1, 0x4, 0xc0,
    0x0, 0x4d, 0x0, 0x2f, 0xff, 0xff, 0xff, 0xc0,
    0x48, 0xae, 0x87, 0x2d, 0x0, 0xe1, 0x4, 0xc0,
    0x49, 0xae, 0x98, 0x2d, 0x33, 0xe4, 0x36, 0xc0,
    0x0, 0x4d, 0x0, 0x2f, 0xcc, 0xfc, 0xcd, 0xc0,
    0xbd, 0xdf, 0xdd, 0x43, 0x0, 0xe1, 0x1, 0x30,
    0x0, 0xbd, 0x0, 0x9f, 0xff, 0xff, 0xff, 0xf3,
    0x2, 0xfe, 0xd1, 0xa5, 0x0, 0xe2, 0x60, 0xc4,
    0xa, 0xad, 0x7c, 0xa5, 0x0, 0xe1, 0xd4, 0xc4,
    0x5e, 0x4d, 0x2, 0xa5, 0xbc, 0xff, 0xf9, 0xc4,
    0xd4, 0x4d, 0x0, 0xa5, 0x43, 0x10, 0x3a, 0xc4,
    0x30, 0x4d, 0x0, 0xa5, 0x0, 0x3, 0x45, 0xf2,
    0x0, 0x4d, 0x0, 0xa5, 0x0, 0x7, 0xcc, 0x80,

    /* U+8027 "耧" */
    0x0, 0x13, 0x0, 0x0, 0x0, 0x61, 0x0, 0x0,
    0x0, 0x4b, 0x0, 0x16, 0x0, 0xe3, 0x3, 0x40,
    0x0, 0x4b, 0x0, 0x1e, 0x70, 0xe3, 0x1e, 0x60,
    0x8f, 0xff, 0xff, 0x2, 0xd0, 0xe3, 0xa8, 0x0,
    0x0, 0x4b, 0x0, 0x7a, 0xaa, 0xfb, 0xaa, 0xa3,
    0x3c, 0xde, 0xc8, 0x24, 0x5e, 0xfe, 0x74, 0x41,
    0x3, 0x6c, 0x32, 0x1, 0xc6, 0xe4, 0xd5, 0x0,
    0x0, 0x5b, 0x0, 0x3e, 0x80, 0xe3, 0x2d, 0xc2,
    0x9f, 0xff, 0xff, 0xa7, 0x1, 0xc2, 0x0, 0x92,
    0x0, 0xcb, 0x0, 0x0, 0x1f, 0x40, 0x0, 0x0,
    0x2, 0xfd, 0x80, 0xff, 0xff, 0xff, 0xff, 0xfa,
    0xa, 0xac, 0xc9, 0x5, 0xd0, 0x0, 0xe5, 0x0,
    0x3e, 0x4b, 0x19, 0xa, 0xe7, 0x2b, 0xb0, 0x0,
    0xc5, 0x4b, 0x0, 0x0, 0x2c, 0xff, 0x50, 0x0,
    0x30, 0x4b, 0x0, 0x37, 0xcf, 0x87, 0xed, 0x60,
    0x0, 0x4b, 0x3, 0xfc, 0x71, 0x0, 0x6, 0xd2,
    0x0, 0x0, 0x0, 0x0, 0x0, 0x0, 0x0, 0x0,

    /* U+8028 "耨" */
    0x0, 0x1, 0x0, 0x0, 0x0, 0x0, 0x0, 0x0,
    0x0, 0x0, 0xb5, 0x0, 0x44, 0x44, 0x44, 0x44,
    0x40, 0x0, 0xb, 0x50, 0xe, 0xcb, 0xbb, 0xbb,
    0xbb, 0x20, 0xbf, 0xff, 0xf5, 0xe4, 0x11, 0x11,
    0x11, 0x0, 0x0, 0x1b, 0x61, 0xe, 0x5e, 0xee,
    0xee, 0xe9, 0x0, 0x37, 0xda, 0x70, 0xe5, 0x0,
    0x0, 0x0, 0x0, 0x3, 0x6d, 0x96, 0xe, 0xff,
    0xff, 0xfe, 0xee, 0x80, 0x0, 0xb5, 0x0, 0xf3,
    0x87, 0x4d, 0x13, 0xd2, 0xc, 0xff, 0xff, 0x7f,
    0x38, 0x70, 0x8e, 0xe5, 0x0, 0x2, 0xf6, 0x0,
    0xf2, 0xbd, 0xf7, 0x5e, 0xc5, 0x0, 0x9f, 0xf5,
    0x3f, 0x9, 0x92, 0x1, 0xb5, 0x30, 0x1d, 0xc8,
    0xe8, 0xd2, 0x44, 0x44, 0x5f, 0x42, 0x9, 0x8b,
    0x54, 0xa9, 0x7d, 0xcb, 0xbc, 0xfb, 0x60, 0xe1,
    0xb5, 0xe, 0x40, 0x8c, 0x10, 0x1f, 0x0, 0x3,
    0xb, 0x57, 0xe0, 0x0, 0x75, 0x37, 0xe0, 0x0,
    0x0, 0xb5, 0x86, 0x0, 0x0, 0xbf, 0xe6, 0x0,
    0x0, 0x0, 0x0, 0x0, 0x0, 0x0, 0x0, 0x0,
    0x0,

    /* U+8029 "耩" */
    0x0, 0x1, 0x0, 0x0, 0x0, 0x0, 0x1, 0x0,
    0x0, 0x0, 0xa5, 0x0, 0x5, 0xc0, 0x1, 0xe0,
    0x0, 0x0, 0xa, 0x50, 0x4e, 0xef, 0xee, 0xef,
    0xee, 0x0, 0xaf, 0xff, 0xf6, 0x16, 0xc1, 0x12,
    0xe1, 0x10, 0x0, 0xa, 0x50, 0x1b, 0xce, 0xbb,
    0xbf, 0xb7, 0x0, 0x6d, 0xfe, 0xd1, 0x5, 0xc0,
    0x1, 0xe0, 0x0, 0x0, 0x2b, 0x62, 0x9e, 0xef,
    0xef, 0xef, 0xee, 0x70, 0x34, 0xc8, 0x42, 0x0,
    0x1, 0xe0, 0x0, 0x0, 0x9, 0xbf, 0xdb, 0x5d,
    0xff, 0xff, 0xff, 0xf8, 0x0, 0x2, 0xf8, 0x0,
    0xe1, 0x1, 0xe0, 0x7, 0x90, 0x0, 0x8f, 0xda,
    0xe, 0xee, 0xef, 0xee, 0xe9, 0x0, 0x1d, 0xa5,
    0xb3, 0xe1, 0x1, 0xe0, 0x7, 0x90, 0x9, 0x8a,
    0x50, 0xaf, 0xdd, 0xdf, 0xdd, 0xee, 0x80, 0xe1,
    0xa5, 0x0, 0xe2, 0x11, 0x11, 0x17, 0x90, 0x3,
    0xa, 0x50, 0xe, 0x10, 0x1, 0x43, 0xc7, 0x0,
    0x0, 0xa5, 0x0, 0xe1, 0x0, 0x4d, 0xdb, 0x10,

    /* U+8031 "耱" */
    0x0, 0x2, 0x0, 0x0, 0x0, 0x1, 0x0, 0x0,
    0x0, 0x0, 0xb4, 0x0, 0x0, 0x5, 0xd0, 0x0,
    0x0, 0x0, 0xb, 0x40, 0x4b, 0xbb, 0xbf, 0xcb,
    0xbb, 0x20, 0xbf, 0xff, 0xf8, 0xb3, 0x76, 0x33,
    0x57, 0x30, 0x0, 0xb, 0x40, 0x6a, 0x7b, 0xa4,
    0x6a, 0xb7, 0x10, 0x6c, 0xed, 0xc6, 0xa4, 0xfb,
    0x24, 0xef, 0x40, 0x1, 0x2c, 0x62, 0x6a, 0x9c,
    0xba, 0x8c, 0xca, 0x0, 0x34, 0xc7, 0x47, 0xeb,
    0x86, 0x7c, 0x58, 0xa6, 0x9, 0xbf, 0xcb, 0x9b,
    0x16, 0x41, 0x14, 0x70, 0x10, 0x3, 0xf5, 0x6,
    0xac, 0xcc, 0xcc, 0xcc, 0xc2, 0x0, 0x9f, 0xe6,
    0x88, 0x25, 0xf4, 0x22, 0x22, 0x0, 0x2d, 0xb6,
    0xec, 0x51, 0xe8, 0x0, 0x0, 0x0, 0xb, 0x7b,
    0x43, 0xe6, 0xef, 0xff, 0xff, 0xf5, 0x0, 0xd0,
    0xb4, 0x3f, 0xb8, 0xf0, 0x0, 0xb, 0x50, 0x1,
    0xb, 0x4b, 0xa0, 0xf, 0xff, 0xff, 0xf5, 0x0,
    0x0, 0xb4, 0x93, 0x0, 0xf0, 0x0, 0xb, 0x50,
    0x0, 0x1, 0x0, 0x0, 0x0, 0x0, 0x0, 0x0,
    0x0,

    /* U+8035 "耵" */
    0x12, 0x22, 0x22, 0x20, 0x0, 0x0, 0x0, 0x0,
    0xaf, 0xff, 0xff, 0xf5, 0xff, 0xff, 0xff, 0xff,
    0xa, 0x70, 0xf, 0x20, 0x33, 0x37, 0xe3, 0x33,
    0xa, 0x70, 0xf, 0x20, 0x0, 0x4, 0xe0, 0x0,
    0xa, 0xff, 0xff, 0x20, 0x0, 0x4, 0xe0, 0x0,
    0xa, 0x81, 0x1f, 0x20, 0x0, 0x4, 0xe0, 0x0,
    0xa, 0x70, 0xf, 0x20, 0x0, 0x4, 0xe0, 0x0,
    0xa, 0x83, 0x3f, 0x20, 0x0, 0x4, 0xe0, 0x0,
    0xa, 0xee, 0xef, 0x20, 0x0, 0x4, 0xe0, 0x0,
    0xa, 0x70, 0xf, 0x20, 0x0, 0x4, 0xe0, 0x0,
    0xa, 0x70, 0xf, 0x53, 0x0, 0x4, 0xe0, 0x0,
    0x3c, 0xcb, 0xef, 0xd6, 0x0, 0x4, 0xe0, 0x0,
    0xbd, 0xa7, 0x4f, 0x20, 0x0, 0x4, 0xe0, 0x0,
    0x0, 0x0, 0xf, 0x20, 0x65, 0x5b, 0xc0, 0x0,
    0x0, 0x0, 0xf, 0x20, 0xcf, 0xfd, 0x30, 0x0,

    /* U+8043 "聃" */
    0x0, 0x0, 0x0, 0x0, 0x0, 0x4, 0x0, 0x0,
    0x0, 0x67, 0x77, 0x77, 0x10, 0x0, 0xe2, 0x0,
    0x0, 0x9, 0xfa, 0xae, 0xb2, 0x0, 0xe, 0x30,
    0x0, 0x0, 0xf, 0x10, 0xd4, 0x2f, 0xff, 0xff,
    0xff, 0xc0, 0x0, 0xf1, 0x1d, 0x42, 0xe0, 0xe,
    0x20, 0x4c, 0x0, 0xf, 0xdd, 0xf4, 0x2e, 0x0,
    0xe2, 0x4, 0xc0, 0x0, 0xf1, 0xd, 0x42, 0xfb,
    0xbf, 0xcb, 0xcc, 0x0, 0xf, 0x10, 0xd4, 0x2e,
    0x44, 0xf6, 0x47, 0xc0, 0x0, 0xfb, 0xbf, 0x42,
    0xe0, 0xe, 0x20, 0x4c, 0x0, 0xf, 0x76, 0xe4,
    0x2e, 0x0, 0xe2, 0x4, 0xc0, 0x0, 0xf1, 0xd,
    0x4f, 0xff, 0xff, 0xff, 0xff, 0xb0, 0xf, 0x10,
    0xd7, 0x4e, 0x0, 0x0, 0x5, 0xc0, 0xa, 0xfe,
    0xff, 0xd5, 0xe0, 0x0, 0x0, 0x4c, 0x0, 0x65,
    0x31, 0xd4, 0x2e, 0x0, 0x0, 0x4, 0xc0, 0x0,
    0x0, 0xd, 0x42, 0xe0, 0x0, 0x55, 0xab, 0x0,
    0x0, 0x0, 0xd4, 0x2e, 0x0, 0x8, 0xcb, 0x30,

    /* U+8046 "聆" */
    0x0, 0x0, 0x0, 0x0, 0x0, 0x0, 0x0, 0x0,
    0x12, 0x22, 0x22, 0x20, 0x0, 0xe7, 0x0, 0x0,
    0xaf, 0xff, 0xff, 0xf1, 0x7, 0xfe, 0x0, 0x0,
    0xa, 0x70, 0x3e, 0x0, 0x2f, 0x4c, 0x90, 0x0,
    0xa, 0x70, 0x3e, 0x0, 0xd9, 0x2, 0xf6, 0x0,
    0xa, 0xff, 0xfe, 0xb, 0xd2, 0x70, 0x5f, 0x70,
    0xa, 0x81, 0x5e, 0xbe, 0x12, 0xf6, 0x5, 0xf9,
    0xa, 0x70, 0x3e, 0x51, 0x0, 0x7d, 0x0, 0x43,
    0xa, 0xc8, 0xae, 0x1, 0x11, 0x12, 0x11, 0x0,
    0xa, 0xc8, 0xae, 0x2f, 0xff, 0xff, 0xff, 0xa0,
    0xa, 0x70, 0x3e, 0x0, 0x0, 0x0, 0x5f, 0x40,
    0xa, 0x70, 0x6f, 0x91, 0x0, 0x3, 0xf6, 0x0,
    0x6d, 0xff, 0xff, 0x83, 0xd4, 0x2e, 0x70, 0x0,
    0x79, 0x52, 0x3e, 0x0, 0x7f, 0xf8, 0x0, 0x0,
    0x0, 0x0, 0x3e, 0x0, 0x3, 0xdd, 0x30, 0x0,
    0x0, 0x0, 0x3e, 0x0, 0x0, 0xb, 0xe0, 0x0,
    0x0, 0x0, 0x0, 0x0, 0x0, 0x0, 0x10, 0x0,

    /* U+804D "聍" */
    0x0, 0x0, 0x0, 0x0, 0x0, 0x10, 0x0, 0x0,
    0x12, 0x22, 0x22, 0x20, 0x0, 0xd7, 0x0, 0x0,
    0x9f, 0xff, 0xff, 0xe0, 0x0, 0x5d, 0x0, 0x0,
    0xa, 0x80, 0x2f, 0xc, 0xee, 0xee, 0xee, 0xe4,
    0xa, 0x80, 0x2f, 0xd, 0x73, 0x33, 0x33, 0xe4,
    0xa, 0xff, 0xff, 0xd, 0x50, 0x0, 0x0, 0xe4,
    0xa, 0x92, 0x4f, 0x0, 0x0, 0x0, 0x0, 0x0,
    0xa, 0x80, 0x2f, 0x29, 0x99, 0x99, 0x99, 0x96,
    0xa, 0xa4, 0x6f, 0x2b, 0xbb, 0xcf, 0xbb, 0xb8,
    0xa, 0xed, 0xdf, 0x0, 0x0, 0x3f, 0x0, 0x0,
    0xa, 0x80, 0x2f, 0x0, 0x0, 0x3f, 0x0, 0x0,
    0xa, 0x80, 0x2f, 0x51, 0x0, 0x3f, 0x0, 0x0,
    0x3c, 0xdc, 0xff, 0xd2, 0x0, 0x3f, 0x0, 0x0,
    0x7b, 0x85, 0x5f, 0x0, 0x0, 0x3f, 0x0, 0x0,
    0x0, 0x0, 0x2f, 0x0, 0x87, 0xce, 0x0, 0x0,
    0x0, 0x0, 0x2f, 0x0, 0xbc, 0xb4, 0x0, 0x0,

    /* U+8052 "聒" */
    0x2, 0x22, 0x22, 0x11, 0x22, 0x34, 0x67, 0x82,
    0x6f, 0xfe, 0xef, 0xda, 0xff, 0xff, 0xcb, 0xa3,
    0x7, 0xa0, 0x2f, 0x0, 0x0, 0x3e, 0x0, 0x0,
    0x7, 0xa0, 0x2f, 0x0, 0x0, 0x3e, 0x0, 0x0,
    0x7, 0xd8, 0x9f, 0x5, 0x55, 0x7f, 0x55, 0x54,
    0x7, 0xc7, 0x8f, 0x1c, 0xcc, 0xdf, 0xcc, 0xca,
    0x7, 0xa0, 0x2f, 0x0, 0x0, 0x3e, 0x0, 0x0,
    0x7, 0xd8, 0x9f, 0x0, 0x0, 0x3e, 0x0, 0x0,
    0x7, 0xc6, 0x7f, 0x5, 0xff, 0xff, 0xff, 0xf0,
    0x7, 0xa0, 0x2f, 0x5, 0xd1, 0x11, 0x12, 0xf0,
    0x7, 0xa0, 0x4f, 0x96, 0xc0, 0x0, 0x1, 0xf0,
    0x4c, 0xff, 0xff, 0x86, 0xc0, 0x0, 0x1, 0xf0,
    0x5a, 0x63, 0x2f, 0x5, 0xc0, 0x0, 0x1, 0xf0,
    0x0, 0x0, 0x2f, 0x5, 0xff, 0xff, 0xff, 0xf0,
    0x0, 0x0, 0x2f, 0x5, 0xd1, 0x11, 0x12, 0xf0,
    0x0, 0x0, 0x0, 0x0, 0x0, 0x0, 0x0, 0x0,

    /* U+8069 "聩" */
    0x0, 0x0, 0x0, 0x0, 0x0, 0x30, 0x0, 0x0,
    0x34, 0x44, 0x43, 0x0, 0x0, 0xe2, 0x0, 0x0,
    0x8f, 0xbb, 0xfa, 0x5e, 0xee, 0xfe, 0xee, 0xd0,
    0xf, 0x10, 0xf0, 0x5a, 0x0, 0xe3, 0x2, 0xf0,
    0xf, 0x10, 0xf0, 0x5b, 0x11, 0xe4, 0x13, 0xf0,
    0xf, 0x99, 0xf0, 0x5f, 0xdd, 0xfe, 0xde, 0xf0,
    0xf, 0x55, 0xf0, 0x12, 0x0, 0xe2, 0x0, 0x30,
    0xf, 0x10, 0xf7, 0xff, 0xff, 0xff, 0xff, 0xfc,
    0xf, 0x77, 0xf0, 0x0, 0x0, 0x0, 0x0, 0x0,
    0xf, 0x88, 0xf0, 0x5f, 0xff, 0xff, 0xff, 0xe0,
    0xf, 0x10, 0xf0, 0x6a, 0x0, 0x82, 0x2, 0xf0,
    0xf, 0x12, 0xf8, 0x6a, 0x1, 0xf1, 0x2, 0xf0,
    0x6f, 0xef, 0xf9, 0x6a, 0x6, 0xe0, 0x2, 0xf0,
    0x88, 0x41, 0xf0, 0x23, 0x4e, 0xde, 0x82, 0x50,
    0x0, 0x0, 0xf1, 0x5b, 0xf6, 0x3, 0xaf, 0xa3,
    0x0, 0x0, 0xf6, 0xd8, 0x10, 0x0, 0x2, 0x97,
    0x0, 0x0, 0x0, 0x0, 0x0, 0x0, 0x0, 0x0,

    /* U+8071 "聱" */
    0x0, 0x0, 0x12, 0x0, 0x0, 0x3, 0x0, 0x0,
    0x4, 0x44, 0x8b, 0x44, 0x30, 0x6b, 0x0, 0x0,
    0x6, 0x66, 0x9c, 0x66, 0x51, 0xed, 0xcc, 0xc9,
    0x7, 0xaa, 0xce, 0xaa, 0x6c, 0xf2, 0xb, 0x40,
    0x29, 0xab, 0xab, 0x99, 0x95, 0x6a, 0x4c, 0x0,
    0x0, 0x6e, 0xaa, 0xaa, 0x30, 0xc, 0xf4, 0x0,
    0x3, 0xe3, 0x35, 0x5d, 0x46, 0xdb, 0x6e, 0xa3,
    0x3e, 0x50, 0x28, 0x85, 0x9, 0x40, 0x1, 0x85,
    0x9, 0xcc, 0xcc, 0xcc, 0xcc, 0xcc, 0xcc, 0xc5,
    0x0, 0x9, 0x80, 0x0, 0x0, 0x0, 0xf0, 0x0,
    0x0, 0x9, 0xec, 0xcc, 0xcc, 0xcc, 0xf0, 0x0,
    0x0, 0x9, 0x80, 0x0, 0x0, 0x0, 0xf0, 0x0,
    0x0, 0x9, 0xec, 0xcc, 0xcc, 0xcc, 0xf0, 0x0,
    0x0, 0x9, 0x80, 0x0, 0x0, 0x12, 0xf3, 0x33,
    0x5c, 0xdf, 0xfe, 0xee, 0xed, 0xdc, 0xfb, 0xb9,
    0x2, 0x11, 0x0, 0x0, 0x0, 0x0, 0xf0, 0x0,

    /* U+807F "聿" */
    0x0, 0x0, 0x0, 0x3, 0x30, 0x0, 0x0, 0x0,
    0x0, 0x0, 0x0, 0x9, 0xa0, 0x0, 0x0, 0x0,
    0x6, 0xff, 0xff, 0xff, 0xff, 0xff, 0xff, 0x10,
    0x0, 0x0, 0x0, 0x9, 0xa0, 0x0, 0x2f, 0x10,
    0x2, 0x22, 0x22, 0x2a, 0xa2, 0x22, 0x3f, 0x32,
    0x3e, 0xee, 0xee, 0xef, 0xfe, 0xee, 0xef, 0xec,
    0x0, 0x0, 0x0, 0x9, 0xa0, 0x0, 0x1f, 0x10,
    0x8, 0xff, 0xff, 0xff, 0xff, 0xff, 0xff, 0x10,
    0x0, 0x0, 0x0, 0x9, 0xa0, 0x0, 0x1a, 0x0,
    0x0, 0x1, 0x11, 0x19, 0xa1, 0x11, 0x11, 0x0,
    0x0, 0xef, 0xff, 0xff, 0xff, 0xff, 0xff, 0x0,
    0x0, 0x0, 0x0, 0x9, 0xa0, 0x0, 0x0, 0x0,
    0x5e, 0xee, 0xee, 0xef, 0xfe, 0xee, 0xee, 0xec,
    0x2, 0x22, 0x22, 0x2a, 0xa2, 0x22, 0x22, 0x21,
    0x0, 0x0, 0x0, 0x9, 0xa0, 0x0, 0x0, 0x0,
    0x0, 0x0, 0x0, 0x9, 0xa0, 0x0, 0x0, 0x0,

    /* U+8080 "肀" */
    0x0, 0x0, 0x0, 0x7, 0x20, 0x0, 0x0, 0x0,
    0x0, 0x0, 0x0, 0xf, 0x40, 0x0, 0x0, 0x0,
    0x0, 0x0, 0x0, 0xf, 0x40, 0x0, 0x0, 0x0,
    0x0, 0xdf, 0xff, 0xff, 0xff, 0xff, 0xfb, 0x0,
    0x0, 0x1, 0x11, 0x1f, 0x51, 0x11, 0x9b, 0x0,
    0x0, 0x0, 0x0, 0xf, 0x40, 0x0, 0x8b, 0x0,
    0x6f, 0xff, 0xff, 0xff, 0xff, 0xff, 0xff, 0xfe,
    0x1, 0x11, 0x11, 0x1f, 0x51, 0x11, 0x9b, 0x11,
    0x0, 0x0, 0x0, 0xf, 0x40, 0x0, 0x8b, 0x0,
    0x0, 0xee, 0xee, 0xef, 0xee, 0xee, 0xfb, 0x0,
    0x0, 0x33, 0x33, 0x3f, 0x63, 0x33, 0xab, 0x0,
    0x0, 0x0, 0x0, 0xf, 0x40, 0x0, 0x0, 0x0,
    0x0, 0x0, 0x0, 0xf, 0x40, 0x0, 0x0, 0x0,
    0x0, 0x0, 0x0, 0xf, 0x40, 0x0, 0x0, 0x0,
    0x0, 0x0, 0x0, 0xf, 0x40, 0x0, 0x0, 0x0,
    0x0, 0x0, 0x0, 0xf, 0x40, 0x0, 0x0, 0x0,

    /* U+8093 "肓" */
    0x0, 0x0, 0x0, 0x0, 0x0, 0x0, 0x0, 0x0,
    0x0, 0x0, 0x0, 0xe, 0x40, 0x0, 0x0, 0x0,
    0x34, 0x44, 0x44, 0x4b, 0xc4, 0x44, 0x44, 0x41,
    0xbd, 0xfe, 0xdd, 0xdd, 0xdd, 0xdd, 0xdd, 0xd5,
    0x0, 0xd6, 0x0, 0x0, 0x0, 0x0, 0x0, 0x0,
    0x0, 0xdf, 0xff, 0xff, 0xff, 0xff, 0xff, 0x50,
    0x0, 0x11, 0x11, 0x11, 0x11, 0x11, 0x11, 0x0,
    0x0, 0x7c, 0xcc, 0xcc, 0xcc, 0xcc, 0xc8, 0x0,
    0x0, 0x9b, 0x44, 0x44, 0x44, 0x44, 0xab, 0x0,
    0x0, 0x9a, 0x11, 0x11, 0x11, 0x11, 0x8b, 0x0,
    0x0, 0x9f, 0xff, 0xff, 0xff, 0xff, 0xfb, 0x0,
    0x0, 0x9a, 0x0, 0x0, 0x0, 0x0, 0x8b, 0x0,
    0x0, 0x9f, 0xff, 0xff, 0xff, 0xff, 0xfb, 0x0,
    0x0, 0x9a, 0x11, 0x11, 0x11, 0x11, 0x8b, 0x0,
    0x0, 0x9a, 0x0, 0x0, 0x2, 0x32, 0xca, 0x0,
    0x0, 0x9a, 0x0, 0x0, 0x6, 0xff, 0xd2, 0x0,
    0x0, 0x11, 0x0, 0x0, 0x0, 0x0, 0x0, 0x0,

    /* U+809C "肜" */
    0x0, 0x44, 0x44, 0x43, 0x0, 0x0, 0x8, 0x80,
    0x2, 0xfd, 0xdd, 0xee, 0x0, 0x1, 0xbe, 0x30,
    0x2, 0xf0, 0x0, 0x3e, 0x0, 0x5e, 0xc1, 0x0,
    0x2, 0xf0, 0x0, 0x3e, 0x1c, 0xe6, 0x0, 0x0,
    0x2, 0xfc, 0xcc, 0xde, 0x6, 0x10, 0x2, 0xb1,
    0x2, 0xf5, 0x55, 0x7e, 0x0, 0x0, 0x3e, 0xa0,
    0x2, 0xf0, 0x0, 0x3e, 0x0, 0x5, 0xf9, 0x0,
    0x2, 0xf0, 0x0, 0x3e, 0x1, 0xaf, 0x70, 0x0,
    0x2, 0xfe, 0xee, 0xee, 0xd, 0xd3, 0x0, 0x1,
    0x3, 0xf3, 0x33, 0x6e, 0x3, 0x0, 0x0, 0xca,
    0x5, 0xd0, 0x0, 0x3e, 0x0, 0x0, 0xb, 0xe1,
    0x7, 0xa0, 0x0, 0x3e, 0x0, 0x0, 0xbd, 0x20,
    0xc, 0x70, 0x0, 0x3e, 0x0, 0x3d, 0xd1, 0x0,
    0x2f, 0x20, 0x12, 0x7e, 0x7, 0xfa, 0x0, 0x0,
    0x5b, 0x0, 0x9f, 0xf7, 0x7f, 0x60, 0x0, 0x0,
    0x0, 0x0, 0x0, 0x0, 0x1, 0x0, 0x0, 0x0,

    /* U+809F "肟" */
    0x0, 0x34, 0x44, 0x30, 0x22, 0x22, 0x22, 0x21,
    0x0, 0xd, 0xdc, 0xde, 0xf, 0xff, 0xff, 0xff,
    0xa0, 0x0, 0xd5, 0x4, 0xe0, 0x0, 0x0, 0x0,
    0x0, 0x0, 0xd, 0x50, 0x4e, 0x0, 0x0, 0x0,
    0x0, 0x0, 0x0, 0xd8, 0x47, 0xe3, 0x55, 0x55,
    0x55, 0x55, 0x20, 0xd, 0xdb, 0xce, 0x9c, 0xfd,
    0xcc, 0xcc, 0xc6, 0x0, 0xd5, 0x4, 0xe0, 0xf,
    0x40, 0x0, 0x0, 0x0, 0xd, 0x50, 0x4e, 0x2,
    0xf0, 0x0, 0x0, 0x0, 0x0, 0xdd, 0xcd, 0xe0,
    0x6f, 0xff, 0xff, 0xf8, 0x0, 0xd, 0x84, 0x7e,
    0x0, 0x11, 0x11, 0x1a, 0x80, 0x0, 0xe4, 0x4,
    0xe0, 0x0, 0x0, 0x0, 0xb7, 0x0, 0xf, 0x20,
    0x4e, 0x0, 0x0, 0x0, 0xc, 0x60, 0x4, 0xf0,
    0x4, 0xe0, 0x0, 0x0, 0x0, 0xf5, 0x0, 0xaa,
    0x11, 0x6e, 0x0, 0x26, 0x55, 0xaf, 0x10, 0xc,
    0x44, 0xff, 0x80, 0x2, 0xff, 0xfd, 0x50, 0x0,
    0x0, 0x0, 0x0, 0x0, 0x0, 0x0, 0x0, 0x0,

    /* U+80AB "肫" */
    0x1, 0x11, 0x10, 0x0, 0x0, 0xe2, 0x0, 0x0,
    0xc, 0xff, 0xf3, 0x0, 0x0, 0xf2, 0x0, 0x0,
    0xc, 0x50, 0xe3, 0xcd, 0xdd, 0xfd, 0xdd, 0xd3,
    0xc, 0x50, 0xe3, 0x22, 0x23, 0xf4, 0x22, 0x20,
    0xc, 0x95, 0xf3, 0x4b, 0x0, 0xf2, 0x9, 0x70,
    0xc, 0xca, 0xf3, 0x5d, 0x0, 0xf2, 0xa, 0x70,
    0xc, 0x50, 0xe3, 0x5d, 0x0, 0xf2, 0xa, 0x70,
    0xc, 0x50, 0xe3, 0x5d, 0x0, 0xf2, 0xa, 0x70,
    0xc, 0x96, 0xf3, 0x5e, 0xaa, 0xfb, 0xae, 0x70,
    0xc, 0xba, 0xf3, 0x27, 0x77, 0xf8, 0x7d, 0x70,
    0xd, 0x40, 0xe3, 0x0, 0x0, 0xf2, 0x0, 0x10,
    0xf, 0x20, 0xe3, 0x0, 0x0, 0xf2, 0x0, 0x88,
    0x2f, 0x0, 0xe3, 0x0, 0x0, 0xf2, 0x0, 0xa8,
    0x8a, 0x1, 0xf2, 0x0, 0x0, 0xf6, 0x13, 0xe5,
    0xb4, 0x9f, 0xc0, 0x0, 0x0, 0x7f, 0xff, 0xb0,
    0x0, 0x0, 0x0, 0x0, 0x0, 0x0, 0x0, 0x0,

    /* U+80AD "肭" */
    0x0, 0x0, 0x0, 0x0, 0x0, 0x0, 0x0, 0x0,
    0x23, 0x33, 0x0, 0x0, 0xc, 0x50, 0x0, 0xd,
    0xdd, 0xf2, 0x0, 0x0, 0xc5, 0x0, 0x0, 0xd4,
    0xe, 0x20, 0x44, 0x4d, 0x84, 0x44, 0xd, 0x40,
    0xe2, 0x3f, 0xdd, 0xfe, 0xdd, 0xf0, 0xd7, 0x4f,
    0x23, 0xe0, 0xd, 0x40, 0x2f, 0xd, 0xdc, 0xf2,
    0x3e, 0x0, 0xe3, 0x2, 0xf0, 0xd4, 0xe, 0x23,
    0xe0, 0x1f, 0x30, 0x2f, 0xd, 0x40, 0xe2, 0x3e,
    0x6, 0xfd, 0x12, 0xf0, 0xdd, 0xcf, 0x23, 0xe0,
    0xd6, 0xac, 0x2f, 0xd, 0x74, 0xf2, 0x3e, 0x7e,
    0x1, 0xec, 0xf0, 0xd3, 0xe, 0x23, 0xff, 0x40,
    0x4, 0x9f, 0xf, 0x10, 0xe2, 0x3e, 0x30, 0x0,
    0x2, 0xf2, 0xf0, 0xe, 0x23, 0xe0, 0x0, 0x0,
    0x2f, 0x8b, 0x12, 0xf2, 0x3e, 0x0, 0x2, 0x27,
    0xec, 0x5a, 0xfc, 0x3, 0xe0, 0x0, 0xff, 0xf8,
    0x10, 0x0, 0x0, 0x2, 0x0, 0x0, 0x0, 0x0,

    /* U+80B1 "肱" */
    0x0, 0x11, 0x11, 0x0, 0x0, 0x5c, 0x0, 0x0,
    0x0, 0xd, 0xff, 0xf3, 0x0, 0x8, 0xb0, 0x0,
    0x0, 0x0, 0xd4, 0xe, 0x33, 0x33, 0xd9, 0x33,
    0x33, 0x10, 0xd, 0x40, 0xe3, 0xde, 0xff, 0xee,
    0xee, 0xe4, 0x0, 0xd7, 0x3f, 0x30, 0x7, 0xd0,
    0x0, 0x0, 0x0, 0xd, 0xed, 0xf3, 0x0, 0xd7,
    0x1, 0x0, 0x0, 0x0, 0xd4, 0xe, 0x30, 0x5f,
    0x11, 0xf5, 0x0, 0x0, 0xd, 0x40, 0xe3, 0xe,
    0x90, 0x8d, 0x0, 0x0, 0x0, 0xdd, 0xcf, 0x39,
    0xe1, 0xe, 0x60, 0x0, 0x0, 0xd, 0x74, 0xfa,
    0xf6, 0x6, 0xd0, 0x40, 0x0, 0x0, 0xe3, 0xe,
    0x9a, 0x0, 0xe5, 0xe, 0x60, 0x0, 0xf, 0x20,
    0xe3, 0x0, 0x9b, 0x0, 0x6d, 0x0, 0x4, 0xf0,
    0xe, 0x30, 0x4f, 0x20, 0x1, 0xf6, 0x0, 0xaa,
    0x12, 0xf3, 0x2f, 0xfe, 0xff, 0xff, 0xd0, 0xd,
    0x4a, 0xfc, 0x0, 0x86, 0x43, 0x21, 0x1f, 0x40,
    0x10, 0x0, 0x0, 0x0, 0x0, 0x0, 0x0, 0x10,

    /* U+80B4 "肴" */
    0x0, 0x0, 0x0, 0x0, 0x0, 0x0, 0x0, 0x0,
    0x0, 0x0, 0x8a, 0x61, 0x0, 0x1, 0x7d, 0xa0,
    0x0, 0x0, 0x1, 0x6b, 0xfc, 0x7a, 0xfb, 0x40,
    0x0, 0x0, 0x0, 0x2, 0x6b, 0xfd, 0xfe, 0x72,
    0x0, 0x0, 0x0, 0x6e, 0xfb, 0x77, 0x10, 0x5a,
    0xfd, 0x40, 0x0, 0x3, 0x41, 0x19, 0xd1, 0x11,
    0x12, 0x73, 0x10, 0x9, 0xff, 0xff, 0xff, 0xff,
    0xff, 0xff, 0xff, 0x20, 0x0, 0x4, 0xe4, 0x0,
    0x0, 0x0, 0x0, 0x0, 0x0, 0x4, 0xff, 0xff,
    0xff, 0xff, 0xff, 0x30, 0x0, 0x7, 0xff, 0x30,
    0x0, 0x0, 0x0, 0xf3, 0x0, 0xa, 0xe3, 0xfe,
    0xee, 0xee, 0xee, 0xef, 0x30, 0x0, 0x41, 0xf,
    0x30, 0x0, 0x0, 0x0, 0xf3, 0x0, 0x0, 0x0,
    0xfd, 0xdd, 0xdd, 0xdd, 0xdf, 0x30, 0x0, 0x0,
    0xf, 0x42, 0x22, 0x22, 0x22, 0xf3, 0x0, 0x0,
    0x0, 0xf3, 0x0, 0x0, 0x21, 0x4f, 0x30, 0x0,
    0x0, 0xf, 0x30, 0x0, 0x2f, 0xff, 0xb0, 0x0,
    0x0, 0x0, 0x20, 0x0, 0x0, 0x0, 0x0, 0x0,
    0x0,

    /* U+80B7 "肷" */
    0x0, 0x0, 0x0, 0x0, 0x1, 0x20, 0x0, 0x0,
    0x0, 0x8, 0xaa, 0xa8, 0x0, 0x7c, 0x0, 0x0,
    0x0, 0x0, 0xd8, 0x58, 0xd0, 0xc, 0x70, 0x0,
    0x0, 0x0, 0xd, 0x50, 0x5d, 0x1, 0xfd, 0xcc,
    0xcc, 0xc6, 0x0, 0xd5, 0x5, 0xd0, 0x6c, 0x55,
    0x55, 0x5f, 0x60, 0xd, 0x74, 0x7d, 0xd, 0x60,
    0x41, 0x5, 0xf0, 0x0, 0xdd, 0xcd, 0xd5, 0xf0,
    0xe, 0x30, 0xc9, 0x0, 0xd, 0x50, 0x5d, 0xa9,
    0x0, 0xf3, 0x2f, 0x20, 0x0, 0xd5, 0x5, 0xd0,
    0x10, 0xf, 0x60, 0x10, 0x0, 0xd, 0x74, 0x7d,
    0x0, 0x3, 0xfa, 0x0, 0x0, 0x0, 0xdd, 0xcd,
    0xd0, 0x0, 0x7c, 0xe0, 0x0, 0x0, 0xe, 0x40,
    0x5d, 0x0, 0xd, 0x5c, 0x70, 0x0, 0x0, 0xf3,
    0x5, 0xd0, 0x7, 0xd0, 0x5e, 0x20, 0x0, 0x3f,
    0x0, 0x5d, 0x5, 0xf4, 0x0, 0xbd, 0x10, 0x9,
    0xb1, 0x17, 0xd7, 0xf7, 0x0, 0x1, 0xde, 0x30,
    0xc5, 0x7f, 0xf7, 0xe5, 0x0, 0x0, 0x1, 0xc5,
    0x0, 0x0, 0x0, 0x0, 0x0, 0x0, 0x0, 0x0,
    0x0,

    /* U+80BC "肼" */
    0x0, 0x0, 0x0, 0x0, 0x40, 0x0, 0x40, 0x0,
    0xb, 0xdd, 0xd4, 0x3, 0xf0, 0x0, 0xf3, 0x0,
    0xe, 0x52, 0xd5, 0x3, 0xf0, 0x0, 0xf3, 0x0,
    0xe, 0x30, 0xc5, 0x14, 0xf1, 0x11, 0xf4, 0x10,
    0xe, 0x30, 0xc5, 0xef, 0xff, 0xff, 0xff, 0xf1,
    0xe, 0xdc, 0xf5, 0x4, 0xf0, 0x0, 0xf3, 0x0,
    0xe, 0x52, 0xd5, 0x3, 0xf0, 0x0, 0xf3, 0x0,
    0xe, 0x30, 0xc5, 0x3, 0xf0, 0x0, 0xf3, 0x0,
    0xe, 0x30, 0xc6, 0x68, 0xf6, 0x66, 0xf8, 0x62,
    0xe, 0xdc, 0xf7, 0xcd, 0xfc, 0xcc, 0xfc, 0xc4,
    0xe, 0x53, 0xd5, 0x6, 0xc0, 0x0, 0xf3, 0x0,
    0xf, 0x20, 0xc5, 0x9, 0xa0, 0x0, 0xf3, 0x0,
    0x1f, 0x10, 0xc5, 0xe, 0x60, 0x0, 0xf3, 0x0,
    0x4e, 0x0, 0xc5, 0x5f, 0x10, 0x0, 0xf3, 0x0,
    0xa9, 0x47, 0xf5, 0xe8, 0x0, 0x0, 0xf3, 0x0,
    0xa3, 0x4a, 0x74, 0xd0, 0x0, 0x0, 0xf3, 0x0,
    0x0, 0x0, 0x0, 0x0, 0x0, 0x0, 0x0, 0x0,

    /* U+80BD "肽" */
    0x0, 0x33, 0x33, 0x30, 0x0, 0xf, 0x10, 0x0,
    0x0, 0xd, 0xdd, 0xde, 0x0, 0x0, 0xf1, 0x0,
    0x0, 0x0, 0xd4, 0x3, 0xe0, 0x0, 0x1f, 0x10,
    0x0, 0x0, 0xd, 0x40, 0x3e, 0x23, 0x34, 0xf4,
    0x33, 0x31, 0x0, 0xd7, 0x46, 0xe8, 0xee, 0xef,
    0xee, 0xee, 0x40, 0xd, 0xdc, 0xce, 0x0, 0x3,
    0xf4, 0x0, 0x0, 0x0, 0xd4, 0x3, 0xe0, 0x0,
    0x6e, 0x80, 0x0, 0x0, 0xd, 0x40, 0x3e, 0x0,
    0x9, 0x9c, 0x0, 0x0, 0x0, 0xdd, 0xcc, 0xe0,
    0x0, 0xd3, 0xe1, 0x0, 0x0, 0xd, 0x74, 0x6e,
    0x0, 0x3e, 0x9, 0x70, 0x0, 0x0, 0xe3, 0x3,
    0xe0, 0xa, 0x90, 0x3e, 0x10, 0x0, 0xf, 0x10,
    0x3e, 0x3, 0xf6, 0x20, 0xc9, 0x0, 0x3, 0xf0,
    0x3, 0xe0, 0xc8, 0x9c, 0x3, 0xf4, 0x0, 0x8a,
    0x11, 0x6e, 0xac, 0x1, 0xf4, 0x9, 0xf3, 0xd,
    0x44, 0xff, 0x8b, 0x10, 0x5, 0x0, 0xb, 0x30,
    0x10, 0x0, 0x0, 0x0, 0x0, 0x0, 0x0, 0x0,

    /* U+80C2 "胂" */
    0x0, 0x0, 0x0, 0x0, 0x0, 0x51, 0x0, 0x0,
    0x67, 0x77, 0x10, 0x0, 0xe, 0x30, 0x0, 0xc,
    0xa8, 0xf2, 0x0, 0x0, 0xe3, 0x0, 0x0, 0xc4,
    0xe, 0x22, 0xdd, 0xdf, 0xed, 0xdc, 0xc, 0x40,
    0xe2, 0x3e, 0x44, 0xf6, 0x46, 0xe0, 0xc9, 0x7f,
    0x23, 0xe0, 0xe, 0x30, 0x2e, 0xc, 0xcb, 0xf2,
    0x3e, 0x11, 0xe4, 0x13, 0xe0, 0xc4, 0xe, 0x23,
    0xff, 0xff, 0xff, 0xfe, 0xc, 0x40, 0xe2, 0x3e,
    0x0, 0xe3, 0x3, 0xe0, 0xc7, 0x3f, 0x23, 0xe0,
    0xe, 0x30, 0x2e, 0xc, 0xee, 0xf2, 0x3e, 0x44,
    0xf6, 0x46, 0xe0, 0xd4, 0xe, 0x23, 0xfd, 0xdf,
    0xed, 0xee, 0xf, 0x20, 0xe2, 0x3, 0x0, 0xe3,
    0x0, 0x43, 0xf0, 0xe, 0x20, 0x0, 0xe, 0x30,
    0x0, 0x99, 0x10, 0xf2, 0x0, 0x0, 0xe3, 0x0,
    0xa, 0x29, 0xfd, 0x0, 0x0, 0xe, 0x30, 0x0,
    0x0, 0x0, 0x0, 0x0, 0x0, 0x0, 0x0, 0x0,

    /* U+80C4 "胄" */
    0x0, 0x0, 0x0, 0x12, 0x0, 0x0, 0x0, 0x0,
    0x0, 0x5, 0xd0, 0x0, 0x0, 0x2f, 0xee, 0xee,
    0xef, 0xee, 0xee, 0xf2, 0xf0, 0x0, 0x5, 0xd0,
    0x0, 0x2f, 0x2f, 0xdd, 0xdd, 0xef, 0xdd, 0xdd,
    0xf2, 0xf0, 0x0, 0x5, 0xd0, 0x0, 0x2f, 0x2f,
    0xaa, 0xaa, 0xcf, 0xaa, 0xab, 0xf1, 0xc4, 0x44,
    0x44, 0x44, 0x44, 0x6c, 0x6, 0xcc, 0xcc, 0xcc,
    0xcc, 0xcc, 0x40, 0x8b, 0x11, 0x11, 0x11, 0x11,
    0xd6, 0x8, 0xea, 0xaa, 0xaa, 0xaa, 0xaf, 0x60,
    0x8b, 0x33, 0x33, 0x33, 0x33, 0xd6, 0x8, 0xb1,
    0x11, 0x11, 0x11, 0x1d, 0x60, 0x8e, 0xcc, 0xcc,
    0xcc, 0xcc, 0xf6, 0x8, 0xa0, 0x0, 0x0, 0x11,
    0x1e, 0x50, 0x8a, 0x0, 0x0, 0x6, 0xff, 0xb0,
    0x1, 0x10, 0x0, 0x0, 0x0, 0x0, 0x0,

    /* U+80CD "胍" */
    0x4, 0x55, 0x50, 0x1, 0x23, 0x46, 0x8a, 0x50,
    0xf, 0xbb, 0xf2, 0x4f, 0xff, 0xdb, 0xfa, 0x50,
    0xf, 0x20, 0xe2, 0x4d, 0xe, 0x20, 0xd3, 0x0,
    0xf, 0x20, 0xe2, 0x4d, 0xe, 0x20, 0xd4, 0x0,
    0xf, 0x31, 0xe2, 0x4d, 0xe, 0x20, 0xc4, 0x0,
    0xf, 0xed, 0xf2, 0x4d, 0xe, 0x20, 0xb5, 0x0,
    0xf, 0x20, 0xe2, 0x4d, 0xe, 0x20, 0xa6, 0x0,
    0xf, 0x20, 0xe2, 0x4c, 0xe, 0x20, 0x98, 0x0,
    0xf, 0x42, 0xe2, 0x5c, 0xe, 0x20, 0x7a, 0x0,
    0xf, 0xdd, 0xf2, 0x5c, 0xe, 0x20, 0x5d, 0x0,
    0xf, 0x10, 0xe2, 0x7a, 0xe, 0x4d, 0x2f, 0x10,
    0xf, 0x0, 0xe2, 0xa8, 0xe, 0x2e, 0x3d, 0x50,
    0x3e, 0x0, 0xe2, 0xe5, 0xf, 0x7e, 0x89, 0xb0,
    0x8a, 0x11, 0xf7, 0xf1, 0x2f, 0xea, 0xd3, 0xf3,
    0xd4, 0xbf, 0xcc, 0xa0, 0x7, 0x1, 0x90, 0xc6,
    0x10, 0x0, 0x0, 0x10, 0x0, 0x0, 0x0, 0x0,

    /* U+80D7 "胗" */
    0x0, 0x34, 0x44, 0x10, 0x0, 0x6e, 0x0, 0x0,
    0x0, 0xf, 0xdd, 0xf4, 0x0, 0x1e, 0xe8, 0x0,
    0x0, 0x0, 0xf2, 0xc, 0x40, 0xb, 0x93, 0xf5,
    0x0, 0x0, 0xf, 0x20, 0xc4, 0x9, 0xd0, 0x5,
    0xf6, 0x0, 0x0, 0xf6, 0x5d, 0x59, 0xd2, 0x5,
    0x34, 0xfa, 0x10, 0xf, 0xcc, 0xf7, 0xc1, 0x9,
    0xe4, 0x2, 0xb1, 0x0, 0xf2, 0xc, 0x40, 0x5d,
    0xb1, 0x3, 0x0, 0x0, 0xf, 0x20, 0xc4, 0x6d,
    0x50, 0x9, 0xd1, 0x0, 0x0, 0xfd, 0xcf, 0x40,
    0x0, 0x1c, 0xb0, 0x0, 0x0, 0xf, 0x54, 0xd4,
    0x0, 0x7e, 0x80, 0x4, 0x90, 0x0, 0xf0, 0xc,
    0x42, 0xeb, 0x20, 0x5, 0xf5, 0x0, 0x2e, 0x0,
    0xc4, 0x4, 0x0, 0x1a, 0xf4, 0x0, 0x5, 0xc0,
    0xc, 0x40, 0x0, 0x7e, 0xc2, 0x0, 0x0, 0xa7,
    0x12, 0xe4, 0x49, 0xed, 0x50, 0x0, 0x0, 0xe,
    0x27, 0xfd, 0x4f, 0xa5, 0x0, 0x0, 0x0, 0x0,
    0x10, 0x0, 0x0, 0x0, 0x0, 0x0, 0x0, 0x0,

    /* U+80D9 "胙" */
    0x0, 0x0, 0x0, 0x0, 0x2, 0x30, 0x0, 0x0,
    0x0, 0x7, 0x88, 0x87, 0x0, 0xa9, 0x0, 0x0,
    0x0, 0x0, 0xe9, 0x89, 0xe0, 0xf, 0x30, 0x0,
    0x0, 0x0, 0xe, 0x30, 0x3e, 0x7, 0xff, 0xff,
    0xff, 0xf7, 0x0, 0xe3, 0x3, 0xe0, 0xe6, 0xe6,
    0x22, 0x22, 0x10, 0xe, 0xa8, 0x9e, 0x8d, 0xe,
    0x40, 0x0, 0x0, 0x0, 0xe9, 0x89, 0xea, 0x50,
    0xe4, 0x0, 0x0, 0x0, 0xe, 0x30, 0x3e, 0x0,
    0xe, 0xff, 0xff, 0xf0, 0x0, 0xe3, 0x3, 0xe0,
    0x0, 0xe5, 0x22, 0x22, 0x0, 0xe, 0x98, 0x9e,
    0x0, 0xe, 0x40, 0x0, 0x0, 0x0, 0xe9, 0x89,
    0xe0, 0x0, 0xe4, 0x0, 0x0, 0x0, 0xf, 0x20,
    0x3e, 0x0, 0xe, 0xff, 0xff, 0xf4, 0x1, 0xf0,
    0x3, 0xe0, 0x0, 0xe5, 0x22, 0x22, 0x0, 0x4d,
    0x0, 0x3e, 0x0, 0xe, 0x40, 0x0, 0x0, 0xa,
    0x90, 0x26, 0xe0, 0x0, 0xe4, 0x0, 0x0, 0x0,
    0xc3, 0x3f, 0xf7, 0x0, 0xe, 0x40, 0x0, 0x0,
    0x0, 0x0, 0x0, 0x0, 0x0, 0x10, 0x0, 0x0,
    0x0,

    /* U+80DB "胛" */
    0x3, 0x44, 0x40, 0x2, 0x22, 0x22, 0x22, 0x20,
    0xcd, 0xcf, 0x22, 0xff, 0xff, 0xff, 0xfe, 0xc,
    0x40, 0xe2, 0x2e, 0x0, 0xe3, 0x2, 0xe0, 0xc4,
    0xe, 0x22, 0xe0, 0xe, 0x30, 0x2e, 0xc, 0x85,
    0xf2, 0x2e, 0x11, 0xe4, 0x13, 0xe0, 0xcc, 0xbf,
    0x22, 0xff, 0xff, 0xff, 0xfe, 0xc, 0x40, 0xe2,
    0x2e, 0x0, 0xe3, 0x2, 0xe0, 0xc4, 0xe, 0x22,
    0xe0, 0xe, 0x30, 0x2e, 0xc, 0x86, 0xf2, 0x2e,
    0x0, 0xe3, 0x2, 0xe0, 0xdc, 0xaf, 0x22, 0xff,
    0xff, 0xff, 0xfe, 0xd, 0x30, 0xe2, 0x2e, 0x22,
    0xe4, 0x24, 0xe0, 0xf2, 0xe, 0x20, 0x10, 0xe,
    0x30, 0x1, 0x4e, 0x0, 0xe2, 0x0, 0x0, 0xe3,
    0x0, 0xa, 0x93, 0x4f, 0x20, 0x0, 0xe, 0x30,
    0x0, 0x82, 0x7c, 0x90, 0x0, 0x0, 0xe3, 0x0,
    0x0,

    /* U+80DD "胝" */
    0x0, 0x67, 0x77, 0x10, 0x0, 0x12, 0x45, 0x78,
    0x0, 0xe, 0xa9, 0xf2, 0x2f, 0xff, 0xff, 0xcb,
    0x91, 0x0, 0xe3, 0xe, 0x23, 0xe1, 0x5, 0xc0,
    0x0, 0x0, 0xe, 0x30, 0xe2, 0x3e, 0x0, 0x4d,
    0x0, 0x0, 0x0, 0xe9, 0x8f, 0x23, 0xe0, 0x4,
    0xd0, 0x0, 0x0, 0xe, 0x98, 0xf2, 0x3e, 0x22,
    0x5e, 0x22, 0x21, 0x0, 0xe3, 0xe, 0x23, 0xff,
    0xff, 0xff, 0xff, 0x70, 0xe, 0x30, 0xe2, 0x3e,
    0x0, 0x1f, 0x0, 0x0, 0x0, 0xec, 0xcf, 0x23,
    0xe0, 0x0, 0xf2, 0x0, 0x0, 0xe, 0x64, 0xf2,
    0x3e, 0x0, 0xd, 0x50, 0x0, 0x0, 0xf2, 0xe,
    0x23, 0xe0, 0x0, 0xa8, 0x1, 0x0, 0x1f, 0x0,
    0xe2, 0x3e, 0x8, 0x96, 0xd0, 0x5c, 0x4, 0xe0,
    0xe, 0x23, 0xfd, 0xd4, 0xf, 0x57, 0xa0, 0x9a,
    0x11, 0xf2, 0x9f, 0x95, 0xd1, 0x8f, 0xe8, 0xd,
    0x4b, 0xfd, 0x3, 0x50, 0xa, 0xa0, 0xae, 0x20,
    0x10, 0x1, 0x0, 0x0, 0x0, 0x1, 0x0, 0x0,

    /* U+80E5 "胥" */
    0x1c, 0xcc, 0xcc, 0xcc, 0xcc, 0xcc, 0xcc, 0xc0,
    0x4, 0x45, 0x44, 0x4a, 0xb4, 0x44, 0x46, 0xf0,
    0x0, 0xe, 0x40, 0x9, 0x90, 0x0, 0x6, 0xc0,
    0x0, 0x3f, 0x10, 0x9, 0xff, 0xff, 0xf3, 0x30,
    0x0, 0xaf, 0xa2, 0x9, 0x90, 0x0, 0x0, 0x0,
    0x6, 0xf3, 0x8e, 0xee, 0xec, 0xcc, 0xdd, 0xd6,
    0x3f, 0x50, 0x0, 0x12, 0x23, 0x33, 0x33, 0x30,
    0x3, 0x8f, 0xff, 0xff, 0xff, 0xff, 0xf9, 0x0,
    0x0, 0x99, 0x0, 0x0, 0x0, 0x0, 0x99, 0x0,
    0x0, 0x9f, 0xee, 0xee, 0xee, 0xee, 0xf9, 0x0,
    0x0, 0x99, 0x0, 0x0, 0x0, 0x0, 0x99, 0x0,
    0x0, 0x9f, 0xee, 0xee, 0xee, 0xee, 0xf9, 0x0,
    0x0, 0x99, 0x0, 0x0, 0x0, 0x0, 0x99, 0x0,
    0x0, 0x99, 0x0, 0x0, 0x5, 0x55, 0xd9, 0x0,
    0x0, 0x99, 0x0, 0x0, 0xb, 0xed, 0xb2, 0x0,

    /* U+80E7 "胧" */
    0x0, 0x0, 0x0, 0x0, 0x0, 0x0, 0x0, 0x0,
    0x0, 0x3, 0x33, 0x30, 0x2, 0xf0, 0x9, 0x80,
    0x0, 0x0, 0xed, 0xdf, 0x20, 0x2f, 0x0, 0x3e,
    0xb0, 0x0, 0xe, 0x30, 0xe2, 0x2, 0xf0, 0x0,
    0x17, 0x0, 0x0, 0xe3, 0xe, 0x4d, 0xdf, 0xdd,
    0xdd, 0xdd, 0x80, 0xe, 0x64, 0xf3, 0x46, 0xf4,
    0x8d, 0x44, 0x42, 0x0, 0xec, 0xcf, 0x20, 0x3e,
    0x5, 0xc0, 0x4, 0x0, 0xe, 0x30, 0xe2, 0x4,
    0xd0, 0x5c, 0x7, 0xd0, 0x0, 0xe3, 0xe, 0x20,
    0x5c, 0x5, 0xc1, 0xf5, 0x0, 0xe, 0xcc, 0xf2,
    0x7, 0xb0, 0x5c, 0xbc, 0x0, 0x0, 0xe6, 0x4f,
    0x20, 0xa8, 0x5, 0xff, 0x20, 0x0, 0xf, 0x20,
    0xe2, 0xe, 0x50, 0x6f, 0x50, 0x56, 0x0, 0xf0,
    0xe, 0x22, 0xf1, 0x4f, 0xc0, 0x7, 0xb0, 0x3e,
    0x0, 0xe2, 0x9c, 0x4f, 0xdc, 0x0, 0x98, 0x8,
    0xa0, 0xf, 0x4f, 0x6e, 0x84, 0xe2, 0x2e, 0x50,
    0xe4, 0xcf, 0xeb, 0xc0, 0x10, 0xc, 0xff, 0xb0,
    0x2, 0x1, 0x20, 0x12, 0x0, 0x0, 0x0, 0x0,
    0x0,

    /* U+80E8 "胨" */
    0x0, 0x0, 0x0, 0x0, 0x3, 0x0, 0x0, 0x0,
    0x4, 0x44, 0x40, 0x0, 0x3f, 0x10, 0x0, 0x0,
    0xe, 0xcb, 0xf3, 0x11, 0x8c, 0x11, 0x11, 0x10,
    0xe, 0x30, 0xe3, 0xff, 0xff, 0xff, 0xff, 0xf5,
    0xe, 0x30, 0xe3, 0x3, 0xf1, 0x0, 0x0, 0x0,
    0xe, 0x41, 0xe3, 0x9, 0xa0, 0x77, 0x0, 0x0,
    0xe, 0xee, 0xf3, 0xe, 0x40, 0x99, 0x0, 0x0,
    0xe, 0x30, 0xe3, 0x5f, 0x32, 0xaa, 0x22, 0x20,
    0xe, 0x30, 0xe3, 0x7f, 0xff, 0xff, 0xff, 0xf4,
    0xe, 0x42, 0xe3, 0x0, 0x0, 0x99, 0x0, 0x0,
    0xe, 0xee, 0xf3, 0x2, 0x50, 0x99, 0x17, 0x0,
    0xf, 0x20, 0xe3, 0xc, 0xb0, 0x99, 0x2f, 0x40,
    0x1f, 0x0, 0xe3, 0x7f, 0x10, 0x99, 0x7, 0xe0,
    0x4e, 0x0, 0xe6, 0xf6, 0x0, 0x99, 0x0, 0xe8,
    0x99, 0x0, 0xf3, 0x52, 0x33, 0xd8, 0x0, 0x42,
    0xb3, 0x8f, 0xd0, 0x5, 0xff, 0xd2, 0x0, 0x0,
    0x0, 0x0, 0x0, 0x0, 0x0, 0x0, 0x0, 0x0,

    /* U+80E9 "胩" */
    0x0, 0x0, 0x0, 0x0, 0x0, 0x20, 0x0, 0x0,
    0x0, 0x6, 0x66, 0x61, 0x0, 0xd, 0x40, 0x0,
    0x0, 0x0, 0xe9, 0x8f, 0x30, 0x0, 0xd4, 0x0,
    0x0, 0x0, 0xe, 0x30, 0xe3, 0x0, 0xd, 0xff,
    0xff, 0x40, 0x0, 0xe3, 0xe, 0x30, 0x0, 0xd5,
    0x11, 0x10, 0x0, 0xe, 0x98, 0xf3, 0x0, 0xd,
    0x40, 0x0, 0x0, 0x0, 0xea, 0x9f, 0x42, 0x22,
    0xe5, 0x22, 0x22, 0x0, 0xe, 0x30, 0xea, 0xff,
    0xff, 0xff, 0xff, 0xf4, 0x0, 0xe3, 0xe, 0x30,
    0x0, 0xa2, 0x0, 0x0, 0x0, 0xe, 0xcc, 0xf3,
    0x0, 0xe, 0x50, 0x0, 0x0, 0x0, 0xe6, 0x4e,
    0x30, 0x0, 0xee, 0xc3, 0x0, 0x0, 0xf, 0x10,
    0xe3, 0x0, 0xe, 0x37, 0xf9, 0x10, 0x1, 0xf0,
    0xe, 0x30, 0x0, 0xe3, 0x2, 0xce, 0x0, 0x4d,
    0x0, 0xe3, 0x0, 0xe, 0x30, 0x0, 0x30, 0x9,
    0x81, 0x2f, 0x30, 0x0, 0xe3, 0x0, 0x0, 0x0,
    0xc2, 0x9f, 0xc0, 0x0, 0xe, 0x30, 0x0, 0x0,
    0x0, 0x0, 0x0, 0x0, 0x0, 0x0, 0x0, 0x0,
    0x0,

    /* U+80EA "胪" */
    0x0, 0x0, 0x0, 0x0, 0x0, 0x40, 0x0, 0x0,
    0x7, 0x88, 0x81, 0x0, 0x1, 0xf1, 0x0, 0x0,
    0xe, 0x86, 0xe3, 0x0, 0x1, 0xfe, 0xee, 0xe7,
    0xe, 0x30, 0xe3, 0x0, 0x1, 0xf4, 0x33, 0x31,
    0xe, 0x30, 0xe3, 0x0, 0x1, 0xf1, 0x0, 0x0,
    0xe, 0x52, 0xe3, 0x1c, 0xcd, 0xfd, 0xcc, 0xb0,
    0xe, 0xdd, 0xf3, 0x1f, 0x76, 0x66, 0x68, 0xe0,
    0xe, 0x30, 0xe3, 0x1f, 0x10, 0x0, 0x3, 0xe0,
    0xe, 0x30, 0xe3, 0x1f, 0x10, 0x0, 0x3, 0xe0,
    0xe, 0x52, 0xe3, 0x1f, 0x87, 0x77, 0x79, 0xe0,
    0xe, 0xdd, 0xf3, 0x2f, 0xaa, 0xaa, 0xab, 0xe0,
    0xf, 0x20, 0xe3, 0x3f, 0x0, 0x0, 0x0, 0x30,
    0x1f, 0x10, 0xe3, 0x6d, 0x0, 0x0, 0x0, 0x0,
    0x4e, 0x0, 0xe3, 0xb9, 0x0, 0x0, 0x0, 0x0,
    0x9a, 0x34, 0xf5, 0xf4, 0x0, 0x0, 0x0, 0x0,
    0xa3, 0x7c, 0x98, 0xc0, 0x0, 0x0, 0x0, 0x0,
    0x0, 0x0, 0x0, 0x10, 0x0, 0x0, 0x0, 0x0,

    /* U+80EB "胫" */
    0x0, 0x44, 0x44, 0x10, 0x11, 0x11, 0x11, 0x10,
    0x0, 0xe, 0xcc, 0xf5, 0x2f, 0xff, 0xff, 0xfe,
    0x0, 0x0, 0xe3, 0xc, 0x50, 0x0, 0x0, 0x1d,
    0x80, 0x0, 0xe, 0x30, 0xc5, 0x0, 0x0, 0x1c,
    0xc0, 0x0, 0x0, 0xe6, 0x4d, 0x50, 0x0, 0x3e,
    0xf2, 0x0, 0x0, 0xe, 0xdc, 0xf5, 0x1, 0xaf,
    0xab, 0xe7, 0x0, 0x0, 0xe3, 0xc, 0x7a, 0xfb,
    0x30, 0x4, 0xdd, 0x40, 0xe, 0x30, 0xc5, 0x72,
    0x0, 0x0, 0x0, 0x62, 0x0, 0xed, 0xcf, 0x51,
    0xee, 0xee, 0xee, 0xe5, 0x0, 0xf, 0x53, 0xd5,
    0x2, 0x22, 0xe5, 0x22, 0x0, 0x0, 0xf1, 0xc,
    0x50, 0x0, 0xe, 0x40, 0x0, 0x0, 0x2f, 0x0,
    0xc5, 0x0, 0x0, 0xe4, 0x0, 0x0, 0x6, 0xc0,
    0xc, 0x50, 0x0, 0xe, 0x40, 0x0, 0x0, 0xb8,
    0x12, 0xe8, 0xee, 0xee, 0xff, 0xee, 0xe5, 0xc,
    0x26, 0xfd, 0x12, 0x22, 0x22, 0x22, 0x22, 0x0,
    0x10, 0x0, 0x0, 0x0, 0x0, 0x0, 0x0, 0x0,

    /* U+80ED "胭" */
    0x3, 0x33, 0x30, 0x34, 0x44, 0x44, 0x44, 0x30,
    0xfd, 0xcf, 0x2c, 0xed, 0xdd, 0xdd, 0xde, 0xf,
    0x20, 0xf2, 0xc5, 0x0, 0x90, 0x3, 0xe0, 0xf2,
    0xf, 0x2c, 0x50, 0xf, 0x10, 0x3e, 0xf, 0x54,
    0xf2, 0xc5, 0x22, 0xf2, 0x23, 0xe0, 0xfc, 0xbf,
    0x2c, 0x8f, 0xff, 0xff, 0x8e, 0xf, 0x20, 0xf2,
    0xc5, 0x2, 0xf0, 0x3, 0xe0, 0xf2, 0xf, 0x2c,
    0x50, 0x4f, 0x10, 0x3e, 0xf, 0x42, 0xf2, 0xc5,
    0x9, 0xfa, 0x3, 0xe0, 0xfd, 0xcf, 0x2c, 0x51,
    0xf5, 0xf5, 0x3e, 0xf, 0x10, 0xf2, 0xc5, 0xab,
    0x6, 0xe4, 0xe1, 0xf0, 0xf, 0x2c, 0x8d, 0x10,
    0xa, 0x6e, 0x4e, 0x0, 0xf2, 0xc5, 0x0, 0x0,
    0x3, 0xe9, 0x90, 0xf, 0x2c, 0xff, 0xff, 0xff,
    0xfe, 0xa2, 0xdf, 0xc0, 0xc6, 0x11, 0x11, 0x14,
    0xe0, 0x0, 0x0, 0x0, 0x0, 0x0, 0x0, 0x0,

    /* U+80F1 "胱" */
    0x0, 0x0, 0x0, 0x0, 0x0, 0x30, 0x0, 0x0,
    0x1, 0x11, 0x10, 0x0, 0x2, 0xe0, 0x0, 0x0,
    0xe, 0xff, 0xf2, 0x52, 0x2, 0xe0, 0x4, 0x40,
    0xe, 0x20, 0xe2, 0x8b, 0x2, 0xe0, 0xd, 0x60,
    0xe, 0x20, 0xe2, 0x1f, 0x42, 0xe0, 0x6d, 0x0,
    0xe, 0x86, 0xf2, 0x8, 0xa2, 0xe0, 0xe5, 0x0,
    0xe, 0xa9, 0xf2, 0x0, 0x2, 0xe0, 0x20, 0x0,
    0xe, 0x20, 0xe6, 0xdd, 0xdd, 0xfd, 0xdd, 0xd2,
    0xe, 0x20, 0xe3, 0x44, 0xf6, 0x4f, 0x74, 0x40,
    0xe, 0x42, 0xe2, 0x0, 0xf1, 0xe, 0x30, 0x0,
    0xe, 0xee, 0xf2, 0x1, 0xf0, 0xe, 0x30, 0x0,
    0xf, 0x20, 0xe2, 0x6, 0xd0, 0xe, 0x30, 0x0,
    0x1f, 0x0, 0xe2, 0xb, 0x90, 0xe, 0x30, 0x74,
    0x3e, 0x0, 0xe2, 0x4f, 0x20, 0xe, 0x30, 0xb7,
    0x8a, 0x0, 0xf6, 0xe8, 0x0, 0xd, 0x83, 0xe4,
    0xb4, 0xcf, 0xda, 0x90, 0x0, 0x6, 0xff, 0xb0,
    0x10, 0x1, 0x0, 0x0, 0x0, 0x0, 0x0, 0x0,

    /* U+80F2 "胲" */
    0x0, 0x0, 0x0, 0x0, 0x0, 0x30, 0x0, 0x0,
    0x5, 0x66, 0x61, 0x0, 0x3, 0xf2, 0x0, 0x0,
    0xe, 0xba, 0xe5, 0x11, 0x11, 0xa5, 0x11, 0x10,
    0xe, 0x30, 0xc5, 0xef, 0xff, 0xff, 0xff, 0xf4,
    0xe, 0x30, 0xc5, 0x1, 0x3f, 0x41, 0x11, 0x10,
    0xe, 0x52, 0xd5, 0x0, 0xc8, 0x0, 0x53, 0x0,
    0xe, 0xdd, 0xf5, 0x9, 0xc0, 0x1, 0xf5, 0x0,
    0xe, 0x30, 0xc5, 0x7f, 0xa8, 0x9d, 0xc0, 0x0,
    0xe, 0x30, 0xc5, 0x5c, 0x98, 0xde, 0x22, 0xb0,
    0xe, 0x52, 0xd5, 0x0, 0x7, 0xf3, 0xc, 0xa0,
    0xe, 0xdd, 0xf5, 0x1, 0xae, 0x40, 0x9e, 0x10,
    0xe, 0x30, 0xc5, 0x7e, 0xc2, 0x7, 0xf3, 0x0,
    0xf, 0x20, 0xc6, 0xd6, 0x0, 0x8f, 0xa0, 0x0,
    0x2f, 0x0, 0xc5, 0x0, 0x2c, 0xe7, 0xfa, 0x0,
    0x7c, 0x0, 0xd4, 0x18, 0xfb, 0x10, 0x3e, 0xc1,
    0xb6, 0x8f, 0xe1, 0xcd, 0x40, 0x0, 0x2, 0xd2,
    0x10, 0x1, 0x0, 0x10, 0x0, 0x0, 0x0, 0x0,

    /* U+80F4 "胴" */
    0x2, 0x22, 0x20, 0x23, 0x33, 0x33, 0x33, 0x30,
    0xee, 0xef, 0x1e, 0xee, 0xee, 0xee, 0xef, 0xe,
    0x20, 0xf1, 0xe3, 0x0, 0x0, 0x2, 0xf0, 0xe2,
    0xf, 0x1e, 0x34, 0x44, 0x44, 0x2f, 0xe, 0x54,
    0xf1, 0xe3, 0xbc, 0xcc, 0xc4, 0xf0, 0xe9, 0x8f,
    0x1e, 0x30, 0x0, 0x0, 0x2f, 0xe, 0x20, 0xf1,
    0xe3, 0x6e, 0xee, 0x92, 0xf0, 0xe2, 0xf, 0x1e,
    0x36, 0xa1, 0x7a, 0x2f, 0xe, 0xdd, 0xf1, 0xe3,
    0x6a, 0x6, 0xa2, 0xf0, 0xe5, 0x3f, 0x1e, 0x36,
    0xa0, 0x6a, 0x2f, 0xf, 0x10, 0xf1, 0xe3, 0x6f,
    0xde, 0xa2, 0xf1, 0xf0, 0xf, 0x1e, 0x36, 0xa2,
    0x21, 0x2f, 0x3d, 0x0, 0xf1, 0xe3, 0x0, 0x0,
    0x2, 0xf9, 0x91, 0x1f, 0x1e, 0x30, 0x1, 0x32,
    0x7f, 0xb3, 0xef, 0xa0, 0xe3, 0x0, 0x3f, 0xff,
    0x80, 0x0, 0x0, 0x2, 0x0, 0x0, 0x0, 0x0,

    /* U+80FC "胼" */
    0x0, 0x0, 0x0, 0x0, 0x0, 0x0, 0x0, 0x0,
    0x0, 0x11, 0x11, 0x1, 0xd3, 0x0, 0xd, 0x40,
    0x5, 0xff, 0xff, 0x0, 0x8e, 0x10, 0x9e, 0x10,
    0x5, 0xd0, 0x2f, 0x0, 0x8, 0x13, 0xf3, 0x0,
    0x5, 0xd0, 0x2f, 0x1e, 0xee, 0xef, 0xfe, 0xe2,
    0x5, 0xd3, 0x5f, 0x3, 0x7e, 0x33, 0xd8, 0x30,
    0x5, 0xfd, 0xdf, 0x0, 0x4e, 0x0, 0xd6, 0x0,
    0x5, 0xd0, 0x2f, 0x0, 0x4e, 0x0, 0xd6, 0x0,
    0x5, 0xd0, 0x2f, 0x1, 0x5e, 0x11, 0xd6, 0x10,
    0x5, 0xfc, 0xcf, 0x7f, 0xff, 0xff, 0xff, 0xfb,
    0x6, 0xd4, 0x6f, 0x0, 0x6c, 0x0, 0xd6, 0x0,
    0x6, 0xb0, 0x2f, 0x0, 0x9a, 0x0, 0xd6, 0x0,
    0x9, 0xa0, 0x2f, 0x0, 0xd6, 0x0, 0xd6, 0x0,
    0xc, 0x70, 0x2f, 0x4, 0xf1, 0x0, 0xd6, 0x0,
    0x2f, 0x35, 0x7f, 0x1d, 0x90, 0x0, 0xd6, 0x0,
    0x4b, 0x1c, 0xc6, 0x3d, 0x10, 0x0, 0xd6, 0x0,
    0x0, 0x0, 0x0, 0x0, 0x0, 0x0, 0x0, 0x0,

    /* U+810D "脍" */
    0x0, 0x34, 0x44, 0x10, 0x0, 0x1e, 0x50, 0x0,
    0x0, 0xf, 0xdd, 0xf4, 0x0, 0x9, 0xed, 0x0,
    0x0, 0x0, 0xf2, 0xd, 0x40, 0x4, 0xf2, 0xd6,
    0x0, 0x0, 0xf, 0x20, 0xd4, 0x1, 0xe6, 0x3,
    0xf3, 0x0, 0x0, 0xf6, 0x5e, 0x41, 0xda, 0x0,
    0x6, 0xf4, 0x0, 0xf, 0xcc, 0xf6, 0xdd, 0x43,
    0x33, 0x39, 0xf6, 0x0, 0xf2, 0xd, 0x6a, 0x4d,
    0xdd, 0xdd, 0x55, 0x20, 0xf, 0x20, 0xd4, 0x0,
    0x0, 0x0, 0x0, 0x0, 0x0, 0xf7, 0x5e, 0x43,
    0x33, 0x33, 0x33, 0x33, 0x0, 0xf, 0xbb, 0xf4,
    0xbd, 0xdf, 0xed, 0xdd, 0xc0, 0x0, 0xf1, 0xd,
    0x40, 0x5, 0xe1, 0x26, 0x0, 0x0, 0x2f, 0x0,
    0xd4, 0x0, 0xd4, 0x1, 0xe4, 0x0, 0x5, 0xc0,
    0xd, 0x40, 0x89, 0x0, 0x6, 0xe1, 0x0, 0xa8,
    0x12, 0xf3, 0x7f, 0xde, 0xef, 0xff, 0x90, 0xe,
    0x37, 0xfc, 0x6, 0xb8, 0x53, 0x10, 0x2e, 0x10,
    0x10, 0x0, 0x0, 0x0, 0x0, 0x0, 0x0, 0x0,

    /* U+810E "脎" */
    0x1, 0x11, 0x10, 0x1, 0x0, 0x0, 0x4, 0x0,
    0xe, 0xff, 0xf2, 0x3f, 0x91, 0x0, 0x9e, 0x30,
    0xe, 0x20, 0xe2, 0x2, 0xaf, 0x9d, 0xb1, 0x0,
    0xe, 0x20, 0xe2, 0x0, 0x2c, 0xff, 0x70, 0x0,
    0xe, 0x42, 0xe2, 0x3a, 0xf8, 0x14, 0xdd, 0x50,
    0xe, 0xff, 0xf3, 0xd8, 0x10, 0xa2, 0x7, 0xd0,
    0xe, 0x20, 0xe2, 0x0, 0x0, 0xe3, 0x0, 0x0,
    0xe, 0x20, 0xe2, 0x44, 0x44, 0xf7, 0x44, 0x41,
    0xe, 0x42, 0xe2, 0xdd, 0xdd, 0xfd, 0xdd, 0xd3,
    0xe, 0xee, 0xf2, 0x0, 0x0, 0xe3, 0x0, 0x0,
    0xf, 0x20, 0xe2, 0xb, 0x50, 0xe3, 0x4d, 0x0,
    0x1f, 0x0, 0xe2, 0x6e, 0x10, 0xe3, 0xc, 0xa0,
    0x4e, 0x0, 0xe5, 0xf5, 0x0, 0xe3, 0x2, 0xf4,
    0x9a, 0x22, 0xf8, 0x92, 0x35, 0xf3, 0x0, 0x63,
    0xb4, 0xcf, 0xc0, 0x8, 0xff, 0xb0, 0x0, 0x0,
    0x0, 0x0, 0x0, 0x0, 0x0, 0x0, 0x0, 0x0,

    /* U+8112 "脒" */
    0x0, 0x0, 0x0, 0x0, 0x0, 0x51, 0x0, 0x0,
    0x0, 0x11, 0x11, 0x0, 0x0, 0xe3, 0x0, 0x0,
    0x5, 0xfe, 0xfe, 0x1a, 0x0, 0xe3, 0x6, 0x70,
    0x5, 0xb0, 0x3e, 0xd, 0x40, 0xe3, 0xe, 0x60,
    0x5, 0xb0, 0x3e, 0x6, 0xc0, 0xe3, 0x8c, 0x0,
    0x5, 0xc4, 0x6e, 0x0, 0x90, 0xe3, 0x93, 0x0,
    0x5, 0xea, 0xbe, 0x0, 0x0, 0xe3, 0x0, 0x0,
    0x5, 0xb0, 0x3e, 0x9f, 0xff, 0xff, 0xff, 0xf7,
    0x5, 0xb0, 0x3e, 0x0, 0xa, 0xff, 0x10, 0x0,
    0x5, 0xc2, 0x5e, 0x0, 0x1c, 0xec, 0x70, 0x0,
    0x5, 0xfd, 0xde, 0x0, 0x96, 0xe6, 0xe1, 0x0,
    0x6, 0xb0, 0x3e, 0x3, 0xe0, 0xe3, 0xba, 0x0,
    0x8, 0xa0, 0x3e, 0x1d, 0x60, 0xe3, 0x2f, 0x70,
    0xb, 0x70, 0x3e, 0xcb, 0x0, 0xe3, 0x6, 0xf8,
    0x2f, 0x41, 0x6e, 0xa0, 0x0, 0xe3, 0x0, 0x72,
    0x3a, 0x4f, 0xe6, 0x0, 0x0, 0xe3, 0x0, 0x0,
    0x0, 0x0, 0x0, 0x0, 0x0, 0x0, 0x0, 0x0,

    /* U+8118 "脘" */
    0x0, 0x0, 0x0, 0x0, 0x0, 0x0, 0x0, 0x0,
    0x1, 0x11, 0x10, 0x0, 0x4, 0xb0, 0x0, 0x0,
    0xf, 0xee, 0xf2, 0x44, 0x45, 0xf4, 0x44, 0x40,
    0xf, 0x20, 0xe2, 0xfd, 0xcc, 0xcc, 0xcd, 0xf0,
    0xf, 0x20, 0xe2, 0xf3, 0x0, 0x0, 0x3, 0xf0,
    0xf, 0x31, 0xe2, 0x64, 0x55, 0x55, 0x54, 0x60,
    0xf, 0xed, 0xf2, 0x8, 0xcc, 0xcc, 0xc7, 0x0,
    0xf, 0x20, 0xe2, 0x0, 0x0, 0x0, 0x0, 0x0,
    0xf, 0x20, 0xe2, 0x34, 0x44, 0x44, 0x44, 0x30,
    0xf, 0x42, 0xe2, 0xac, 0xef, 0xcf, 0xdc, 0xa0,
    0xf, 0xdd, 0xf2, 0x0, 0x8a, 0xe, 0x40, 0x0,
    0xf, 0x10, 0xe2, 0x0, 0x99, 0xe, 0x40, 0x0,
    0x1f, 0x10, 0xe2, 0x0, 0xe5, 0xe, 0x40, 0x76,
    0x3e, 0x0, 0xe2, 0x6, 0xf0, 0xe, 0x40, 0xa8,
    0x8a, 0x1, 0xf2, 0x5f, 0x60, 0xe, 0x72, 0xe6,
    0xc4, 0xbf, 0xc2, 0xf7, 0x0, 0x8, 0xff, 0xc1,
    0x0, 0x0, 0x0, 0x10, 0x0, 0x0, 0x0, 0x0,

    /* U+811E "脞" */
    0x0, 0x0, 0x0, 0x0, 0x0, 0x50, 0x0, 0x0,
    0x1, 0x11, 0x10, 0x0, 0x0, 0xf2, 0x0, 0x0,
    0xf, 0xee, 0xf1, 0x6, 0x40, 0xf2, 0x8, 0x20,
    0xf, 0x20, 0xf1, 0xc, 0x50, 0xf2, 0xf, 0x20,
    0xf, 0x20, 0xf1, 0x1f, 0x20, 0xf2, 0x3f, 0x0,
    0xf, 0x31, 0xf1, 0x5f, 0x50, 0xf2, 0x7f, 0x30,
    0xf, 0xee, 0xf1, 0xbd, 0xe0, 0xf2, 0xec, 0xd0,
    0xf, 0x20, 0xf4, 0xf2, 0xc7, 0xf8, 0xe0, 0xd7,
    0xf, 0x20, 0xf9, 0x90, 0x46, 0xfe, 0x50, 0x4a,
    0xf, 0x97, 0xf1, 0x0, 0x0, 0xf3, 0x0, 0x0,
    0xf, 0x86, 0xf1, 0x7d, 0xdd, 0xfd, 0xdd, 0xc0,
    0xf, 0x10, 0xf1, 0x24, 0x44, 0xf5, 0x44, 0x30,
    0x1f, 0x0, 0xf1, 0x0, 0x0, 0xf2, 0x0, 0x0,
    0x3e, 0x0, 0xf1, 0x0, 0x0, 0xf2, 0x0, 0x0,
    0x8a, 0x22, 0xf9, 0xee, 0xee, 0xfe, 0xee, 0xeb,
    0x85, 0xdf, 0xa1, 0x22, 0x22, 0x22, 0x22, 0x22,
    0x0, 0x0, 0x0, 0x0, 0x0, 0x0, 0x0, 0x0,

    /* U+812C "脬" */
    0x5, 0x66, 0x61, 0x33, 0x45, 0x67, 0x8a, 0x90,
    0xf, 0xcb, 0xf5, 0xfe, 0xdc, 0xba, 0x98, 0x60,
    0xf, 0x20, 0xe2, 0x50, 0xa, 0x10, 0xc, 0x60,
    0xf, 0x20, 0xe2, 0xd6, 0xa, 0x80, 0x5f, 0x10,
    0xf, 0x76, 0xf2, 0x4e, 0x3, 0xc0, 0xe7, 0x0,
    0xf, 0xbb, 0xf2, 0x27, 0x22, 0x22, 0x82, 0x0,
    0xf, 0x20, 0xe2, 0xdf, 0xff, 0xff, 0xff, 0x50,
    0xf, 0x20, 0xe2, 0x0, 0x0, 0x2, 0xdb, 0x10,
    0xf, 0x87, 0xf2, 0x0, 0x0, 0x6f, 0x70, 0x0,
    0xf, 0xaa, 0xf3, 0x22, 0x22, 0xe7, 0x22, 0x20,
    0xf, 0x10, 0xea, 0xff, 0xff, 0xff, 0xff, 0xf5,
    0x1f, 0x0, 0xe2, 0x0, 0x0, 0xe3, 0x0, 0x0,
    0x3e, 0x0, 0xe2, 0x0, 0x0, 0xe3, 0x0, 0x0,
    0x99, 0x11, 0xf2, 0x1, 0x23, 0xf3, 0x0, 0x0,
    0xb3, 0xcf, 0xc0, 0x8, 0xff, 0xc0, 0x0, 0x0,
    0x0, 0x0, 0x0, 0x0, 0x10, 0x0, 0x0, 0x0,

    /* U+8132 "脲" */
    0x1, 0x11, 0x10, 0x11, 0x11, 0x11, 0x11, 0x10,
    0xf, 0xee, 0xe0, 0xff, 0xff, 0xff, 0xff, 0xe0,
    0xf, 0x22, 0xe0, 0xf3, 0x0, 0x0, 0x2, 0xe0,
    0xf, 0x22, 0xe0, 0xf3, 0x0, 0x0, 0x2, 0xe0,
    0xf, 0x34, 0xe0, 0xfc, 0xcc, 0xcc, 0xcc, 0xe0,
    0xf, 0xee, 0xe0, 0xf7, 0x55, 0x56, 0x56, 0xb0,
    0xf, 0x22, 0xe0, 0xf3, 0x0, 0x2f, 0x0, 0x0,
    0xf, 0x22, 0xe0, 0xf5, 0x55, 0x3f, 0x32, 0xd2,
    0xf, 0x44, 0xe0, 0xf8, 0xbf, 0x5f, 0xbe, 0x60,
    0xf, 0xdd, 0xe0, 0xf1, 0xf, 0x2f, 0xe5, 0x0,
    0xf, 0x12, 0xe2, 0xf0, 0x5c, 0x2f, 0x89, 0x0,
    0x1f, 0x12, 0xe5, 0xd0, 0xd5, 0x2f, 0x1f, 0x40,
    0x4e, 0x2, 0xe9, 0x99, 0xc0, 0x2f, 0x6, 0xf3,
    0x9b, 0x25, 0xfe, 0x5d, 0x12, 0x5f, 0x0, 0xa8,
    0xc5, 0xff, 0x89, 0x0, 0xc, 0xf9, 0x0, 0x0,
    0x0, 0x0, 0x0, 0x0, 0x0, 0x0, 0x0, 0x0,

    /* U+8136 "脶" */
    0x1, 0x11, 0x10, 0x5, 0x55, 0x55, 0x55, 0x0,
    0xf, 0xee, 0xf2, 0x1f, 0xbb, 0xbb, 0xbf, 0x20,
    0xf, 0x20, 0xe2, 0x1f, 0x0, 0x0, 0xf, 0x20,
    0xf, 0x20, 0xe2, 0x1f, 0x0, 0x0, 0xf, 0x20,
    0xf, 0x31, 0xe2, 0x1f, 0x88, 0x88, 0x8f, 0x20,
    0xf, 0xed, 0xf2, 0x1f, 0x88, 0xea, 0x8f, 0x20,
    0xf, 0x20, 0xe2, 0x2, 0x0, 0xc3, 0x2, 0x0,
    0xf, 0x20, 0xe2, 0xac, 0xcc, 0xfc, 0xcc, 0xc0,
    0xf, 0x42, 0xe2, 0xd8, 0x67, 0xf7, 0x66, 0xf1,
    0xf, 0xdd, 0xf2, 0xd3, 0x6, 0xf5, 0x0, 0xf1,
    0xf, 0x10, 0xe2, 0xd3, 0x2f, 0x8e, 0x90, 0xf1,
    0x1f, 0x0, 0xe2, 0xd8, 0xe9, 0x1, 0xdb, 0xf1,
    0x4e, 0x0, 0xe2, 0xdb, 0x60, 0x0, 0x3, 0xf1,
    0xaa, 0x34, 0xf1, 0xd3, 0x0, 0x4, 0x37, 0xf0,
    0x93, 0x8c, 0x80, 0xd3, 0x0, 0xc, 0xed, 0x70,
    0x0, 0x0, 0x0, 0x0, 0x0, 0x0, 0x0, 0x0,

    /* U+8148 "腈" */
    0x0, 0x0, 0x0, 0x0, 0x0, 0x5, 0x10, 0x0,
    0x0, 0x7, 0x88, 0x81, 0x0, 0x0, 0xd4, 0x0,
    0x0, 0x0, 0xf9, 0x8f, 0x3f, 0xff, 0xff, 0xff,
    0xff, 0x50, 0xf, 0x20, 0xe2, 0x0, 0x0, 0xd5,
    0x0, 0x0, 0x0, 0xf2, 0xe, 0x27, 0xff, 0xff,
    0xff, 0xfd, 0x0, 0xf, 0xaa, 0xf2, 0x0, 0x0,
    0xd4, 0x0, 0x0, 0x0, 0xf7, 0x6f, 0x6f, 0xff,
    0xff, 0xff, 0xff, 0x90, 0xf, 0x20, 0xe2, 0x1,
    0x11, 0x11, 0x11, 0x10, 0x0, 0xf2, 0xe, 0x24,
    0xfe, 0xee, 0xee, 0xfb, 0x0, 0xf, 0xdc, 0xf2,
    0x4e, 0x0, 0x0, 0x7, 0xb0, 0x0, 0xf4, 0x3f,
    0x24, 0xff, 0xff, 0xff, 0xfb, 0x0, 0xf, 0x0,
    0xe2, 0x4e, 0x0, 0x0, 0x7, 0xb0, 0x2, 0xe0,
    0xe, 0x24, 0xfe, 0xee, 0xee, 0xfb, 0x0, 0x5b,
    0x0, 0xe2, 0x4e, 0x0, 0x0, 0x7, 0xb0, 0xa,
    0x72, 0x3f, 0x24, 0xe0, 0x1, 0x11, 0xaa, 0x0,
    0xe2, 0x9f, 0xb0, 0x4e, 0x0, 0x6f, 0xfe, 0x40,
    0x1, 0x0, 0x0, 0x0, 0x20, 0x0, 0x10, 0x0,
    0x0,

    /* U+814C "腌" */
    0x0, 0x0, 0x0, 0x0, 0x0, 0x0, 0x0, 0x0,
    0x2, 0x33, 0x30, 0x0, 0x6, 0xc0, 0x0, 0x0,
    0xf, 0xee, 0xf0, 0x22, 0x2e, 0x82, 0x22, 0x20,
    0xf, 0x10, 0xf7, 0xff, 0xff, 0xff, 0xff, 0xf0,
    0xf, 0x10, 0xf0, 0x5, 0xf4, 0x9, 0x80, 0x0,
    0xf, 0x55, 0xf0, 0x4f, 0x51, 0x80, 0xd9, 0x0,
    0xf, 0xba, 0xf9, 0xe4, 0x3, 0xe0, 0x1b, 0xe5,
    0xf, 0x10, 0xf7, 0xef, 0xee, 0xfe, 0xef, 0x51,
    0xf, 0x10, 0xf0, 0xd3, 0x2, 0xe0, 0x1f, 0x0,
    0xf, 0xdd, 0xf0, 0xdf, 0xee, 0xfe, 0xef, 0x0,
    0xf, 0x44, 0xf0, 0xd3, 0x2, 0xe0, 0x1f, 0x0,
    0xf, 0x0, 0xf0, 0xd5, 0x24, 0xe2, 0x3f, 0x0,
    0xf, 0x0, 0xf0, 0xde, 0xdd, 0xfd, 0xdd, 0x32,
    0x2d, 0x0, 0xf0, 0x30, 0x2, 0xe0, 0x0, 0x98,
    0x7a, 0x1, 0xf0, 0x0, 0x2, 0xf2, 0x11, 0xd5,
    0xc5, 0xef, 0xa0, 0x0, 0x0, 0xbf, 0xff, 0xc0,
    0x10, 0x11, 0x0, 0x0, 0x0, 0x0, 0x0, 0x0,

    /* U+8153 "腓" */
    0x0, 0x0, 0x0, 0x0, 0x4, 0x10, 0x41, 0x0,
    0x0, 0x3, 0x44, 0x40, 0x0, 0xc5, 0xe, 0x30,
    0x0, 0x0, 0xfd, 0xcf, 0x30, 0xc, 0x50, 0xe3,
    0x0, 0x0, 0xf, 0x20, 0xe5, 0x44, 0xd5, 0xe,
    0x74, 0x40, 0x0, 0xf2, 0xe, 0x9d, 0xdf, 0x50,
    0xed, 0xdd, 0x10, 0xf, 0x87, 0xf3, 0x0, 0xc5,
    0xe, 0x30, 0x0, 0x0, 0xf7, 0x6f, 0x30, 0xc,
    0x50, 0xe3, 0x0, 0x0, 0xf, 0x20, 0xe7, 0xff,
    0xf5, 0xe, 0xff, 0xd0, 0x0, 0xf2, 0xe, 0x32,
    0x2d, 0x50, 0xe5, 0x22, 0x0, 0xf, 0xcc, 0xf3,
    0x0, 0xc5, 0xe, 0x30, 0x0, 0x0, 0xf6, 0x5f,
    0x30, 0xc, 0x50, 0xe3, 0x0, 0x0, 0xf, 0x0,
    0xeb, 0xff, 0xf5, 0xe, 0xff, 0xf3, 0x2, 0xe0,
    0xe, 0x42, 0x2d, 0x50, 0xe5, 0x22, 0x0, 0x5b,
    0x0, 0xe3, 0x0, 0xc5, 0xe, 0x30, 0x0, 0xa,
    0x71, 0x3f, 0x20, 0xc, 0x50, 0xe3, 0x0, 0x0,
    0xd1, 0xbf, 0xc0, 0x0, 0xc5, 0xe, 0x30, 0x0,
    0x0, 0x0, 0x0, 0x0, 0x0, 0x0, 0x0, 0x0,
    0x0,

    /* U+8159 "腙" */
    0x0, 0x0, 0x0, 0x0, 0x0, 0x2, 0x0, 0x0,
    0x0, 0x4, 0x55, 0x50, 0x0, 0x3, 0xf2, 0x0,
    0x0, 0x0, 0xfd, 0xcf, 0x31, 0x22, 0x2b, 0x72,
    0x22, 0x0, 0xf, 0x20, 0xe3, 0xef, 0xff, 0xff,
    0xff, 0xf1, 0x0, 0xf2, 0xe, 0x3e, 0x30, 0x0,
    0x0, 0xf, 0x10, 0xf, 0x76, 0xf3, 0x83, 0x11,
    0x11, 0x11, 0x80, 0x0, 0xfb, 0xbf, 0x30, 0xff,
    0xff, 0xff, 0xf3, 0x0, 0xf, 0x20, 0xe3, 0x0,
    0x0, 0x0, 0x0, 0x0, 0x0, 0xf2, 0xe, 0x30,
    0x0, 0x0, 0x0, 0x0, 0x0, 0xf, 0x53, 0xf5,
    0xff, 0xff, 0xff, 0xff, 0xf5, 0x0, 0xfd, 0xdf,
    0x32, 0x22, 0x2f, 0x52, 0x22, 0x0, 0xf, 0x10,
    0xe3, 0x9, 0x60, 0xf3, 0x78, 0x0, 0x2, 0xf0,
    0xe, 0x32, 0xf2, 0xf, 0x33, 0xf2, 0x0, 0x5d,
    0x0, 0xe3, 0xba, 0x0, 0xf3, 0x9, 0xb0, 0xa,
    0x92, 0x2f, 0x6e, 0x22, 0x4f, 0x20, 0x1f, 0x20,
    0xc3, 0xbf, 0xc0, 0x23, 0xff, 0xb0, 0x0, 0x0,
    0x0, 0x0, 0x0, 0x0, 0x0, 0x0, 0x0, 0x0,
    0x0,

    /* U+815A "腚" */
    0x0, 0x0, 0x0, 0x0, 0x0, 0x1, 0x0, 0x0,
    0x0, 0x4, 0x44, 0x40, 0x0, 0x4, 0xe0, 0x0,
    0x0, 0x0, 0xec, 0xcf, 0x11, 0x22, 0x2d, 0x52,
    0x22, 0x0, 0xe, 0x20, 0xf1, 0xbf, 0xff, 0xff,
    0xff, 0xf1, 0x0, 0xe2, 0xf, 0x1b, 0x70, 0x0,
    0x0, 0x2f, 0x10, 0xe, 0x65, 0xf1, 0x75, 0x0,
    0x0, 0x1, 0xa0, 0x0, 0xe6, 0x5f, 0x1f, 0xff,
    0xff, 0xff, 0xff, 0x40, 0xe, 0x20, 0xf1, 0x22,
    0x22, 0xe6, 0x22, 0x20, 0x0, 0xe2, 0xf, 0x10,
    0x30, 0xe, 0x40, 0x0, 0x0, 0xe, 0x87, 0xf1,
    0xf, 0x10, 0xe6, 0x33, 0x20, 0x0, 0xea, 0x9f,
    0x12, 0xf0, 0xe, 0xff, 0xfd, 0x0, 0xf, 0x10,
    0xf1, 0x5d, 0x0, 0xe4, 0x0, 0x0, 0x0, 0xf0,
    0xf, 0x18, 0xe0, 0xe, 0x40, 0x0, 0x0, 0x3d,
    0x0, 0xf2, 0xef, 0x90, 0xe4, 0x0, 0x0, 0x8,
    0x91, 0x2f, 0x7f, 0x3e, 0xae, 0x61, 0x12, 0x10,
    0xe4, 0xdf, 0xbb, 0x70, 0x2b, 0xff, 0xff, 0xf6,
    0x2, 0x0, 0x0, 0x10, 0x0, 0x0, 0x1, 0x11,
    0x0,

    /* U+8160 "腠" */
    0x0, 0x0, 0x0, 0x0, 0x1, 0x60, 0x0, 0x0,
    0x9, 0x99, 0x80, 0x0, 0x3, 0xd0, 0x0, 0x0,
    0xf, 0x78, 0xe4, 0xee, 0xee, 0xfe, 0xee, 0xd0,
    0xf, 0x12, 0xe0, 0x22, 0x29, 0xa2, 0x22, 0x20,
    0xf, 0x12, 0xe0, 0x33, 0x3b, 0x93, 0x33, 0x10,
    0xf, 0x34, 0xe0, 0xbc, 0xcf, 0xcc, 0xcc, 0x40,
    0xf, 0xdd, 0xe0, 0x11, 0x4f, 0x11, 0x11, 0x10,
    0xf, 0x12, 0xeb, 0xff, 0xff, 0xff, 0xff, 0xf6,
    0xf, 0x12, 0xe0, 0x5, 0xe1, 0xa, 0x90, 0x0,
    0xf, 0x44, 0xe0, 0x4f, 0xc9, 0x9a, 0xfa, 0x0,
    0xf, 0xdd, 0xe6, 0xf5, 0x6a, 0xc6, 0x3c, 0xe5,
    0xf, 0x2, 0xea, 0x73, 0x39, 0xb3, 0x33, 0x61,
    0x2f, 0x2, 0xe0, 0xdd, 0xdf, 0xed, 0xdd, 0x20,
    0x5d, 0x2, 0xe0, 0x0, 0x4f, 0xd6, 0x10, 0x0,
    0x99, 0x14, 0xe0, 0x29, 0xf6, 0x4b, 0xf9, 0x20,
    0xb3, 0xff, 0x9a, 0xfa, 0x20, 0x0, 0x3b, 0xf1,
    0x0, 0x0, 0x2, 0x10, 0x0, 0x0, 0x0, 0x10,

    /* U+8167 "腧" */
    0x2, 0x22, 0x20, 0x0, 0x7, 0xe2, 0x0, 0x0,
    0xf, 0xff, 0xe0, 0x0, 0x5e, 0x9c, 0x0, 0x0,
    0xf, 0x11, 0xe0, 0x4, 0xf4, 0xb, 0xc1, 0x0,
    0xf, 0x11, 0xe0, 0x7f, 0x72, 0x22, 0xde, 0x50,
    0xf, 0x55, 0xeb, 0xe8, 0xdd, 0xdd, 0xb7, 0xf8,
    0xf, 0xbb, 0xe3, 0x10, 0x0, 0x0, 0x0, 0x51,
    0xf, 0x11, 0xe0, 0xed, 0xdf, 0x18, 0x12, 0xe0,
    0xf, 0x11, 0xe0, 0xe1, 0xe, 0x1d, 0x22, 0xe0,
    0xf, 0xaa, 0xe0, 0xeb, 0xaf, 0x1d, 0x22, 0xe0,
    0xf, 0x88, 0xe0, 0xe4, 0x3f, 0x1d, 0x22, 0xe0,
    0xf, 0x11, 0xe0, 0xe5, 0x4f, 0x1d, 0x22, 0xe0,
    0xf, 0x1, 0xe0, 0xe9, 0x9f, 0x1d, 0x22, 0xe0,
    0x3e, 0x1, 0xe0, 0xe1, 0xe, 0x10, 0x2, 0xe0,
    0x7a, 0x3, 0xe0, 0xe1, 0xf, 0x10, 0x4, 0xe0,
    0xc5, 0xff, 0x80, 0xe8, 0xed, 0xd, 0xff, 0x90,
    0x0, 0x0, 0x0, 0x30, 0x10, 0x1, 0x11, 0x0,

    /* U+8169 "腩" */
    0x0, 0x0, 0x0, 0x0, 0x0, 0x30, 0x0, 0x0,
    0x3, 0x33, 0x30, 0x0, 0x0, 0xf2, 0x0, 0x0,
    0xf, 0xff, 0xf2, 0x44, 0x44, 0xf5, 0x44, 0x41,
    0xf, 0x20, 0xf5, 0xcc, 0xcc, 0xfd, 0xcc, 0xc4,
    0xf, 0x20, 0xf1, 0x0, 0x0, 0xf2, 0x0, 0x0,
    0xf, 0x42, 0xf1, 0x77, 0x77, 0xf9, 0x77, 0x70,
    0xf, 0xee, 0xf1, 0xe9, 0x88, 0x88, 0x88, 0xf0,
    0xf, 0x20, 0xf1, 0xe2, 0xb6, 0x4, 0xd0, 0xf0,
    0xf, 0x20, 0xf1, 0xe2, 0x2d, 0xd, 0x40, 0xf0,
    0xf, 0x53, 0xf1, 0xe5, 0xee, 0xef, 0xe5, 0xf0,
    0xf, 0xdd, 0xf1, 0xe2, 0x11, 0xf3, 0x11, 0xf0,
    0xf, 0x10, 0xf1, 0xe3, 0x33, 0xf4, 0x32, 0xf0,
    0xf, 0x0, 0xf1, 0xe8, 0xcc, 0xfc, 0xc7, 0xf0,
    0x3e, 0x0, 0xf1, 0xe2, 0x0, 0xf1, 0x0, 0xf0,
    0x8a, 0x23, 0xf1, 0xe2, 0x0, 0xf3, 0x25, 0xf0,
    0xb4, 0xcf, 0xb0, 0xe2, 0x0, 0xc7, 0xff, 0x90,
    0x0, 0x0, 0x0, 0x20, 0x0, 0x0, 0x0, 0x0,

    /* U+816D "腭" */
    0x2, 0x22, 0x20, 0x22, 0x22, 0x2, 0x22, 0x20,
    0xe, 0xed, 0xf0, 0xfc, 0xdd, 0x1f, 0xcc, 0xd0,
    0xe, 0x21, 0xf0, 0xe0, 0x1d, 0x1e, 0x1, 0xd0,
    0xe, 0x21, 0xf0, 0xfb, 0xbd, 0x1f, 0xbb, 0xd0,
    0xe, 0x88, 0xf0, 0xf4, 0x4d, 0x1e, 0x44, 0xd0,
    0xe, 0xcc, 0xf0, 0x50, 0x15, 0x15, 0x1, 0x50,
    0xe, 0x21, 0xf0, 0x9f, 0xff, 0xff, 0xff, 0x60,
    0xe, 0x21, 0xf0, 0x0, 0x0, 0x0, 0x0, 0x0,
    0xe, 0x87, 0xf8, 0xff, 0xff, 0xff, 0xff, 0xf7,
    0xf, 0x88, 0xf0, 0x1e, 0x41, 0x11, 0x11, 0x10,
    0xf, 0x11, 0xf0, 0x2f, 0xee, 0xee, 0xee, 0x0,
    0x1f, 0x1, 0xf0, 0x1, 0x11, 0x11, 0x3f, 0x0,
    0x4d, 0x1, 0xf0, 0x0, 0x0, 0x0, 0x3e, 0x0,
    0x89, 0x13, 0xf0, 0x0, 0x14, 0x32, 0xab, 0x0,
    0xa3, 0xef, 0x90, 0x0, 0x2f, 0xff, 0xc2, 0x0,
    0x0, 0x0, 0x0, 0x0, 0x0, 0x0, 0x0, 0x0,

    /* U+8171 "腱" */
    0x0, 0x0, 0x0, 0x0, 0x0, 0x3, 0x0, 0x0,
    0x6, 0x66, 0x40, 0x0, 0x0, 0x3c, 0x0, 0x0,
    0xe, 0x9b, 0xba, 0xbb, 0x4b, 0xcf, 0xbb, 0x70,
    0xe, 0x4, 0xb4, 0x7e, 0x12, 0x5d, 0x27, 0xa0,
    0xe, 0x4, 0xb0, 0xa8, 0x77, 0x9e, 0x7a, 0xd4,
    0xe, 0x79, 0xb2, 0xe1, 0x66, 0x8e, 0x69, 0xc4,
    0xe, 0x9b, 0xb9, 0x70, 0x13, 0x6d, 0x37, 0xa0,
    0xe, 0x4, 0xbd, 0xfe, 0x3a, 0xbe, 0xac, 0xa0,
    0xe, 0x4, 0xb0, 0xf, 0x0, 0x3c, 0x0, 0x0,
    0xe, 0x79, 0xb4, 0x1e, 0x8e, 0xef, 0xee, 0x90,
    0xf, 0x9b, 0xbd, 0x6c, 0x0, 0x3c, 0x0, 0x0,
    0xe, 0x4, 0xb6, 0xe9, 0x89, 0xbe, 0x99, 0x90,
    0x1d, 0x4, 0xb0, 0xf6, 0x34, 0x6d, 0x44, 0x40,
    0x3b, 0x4, 0xb3, 0xfe, 0x20, 0x3c, 0x0, 0x0,
    0x78, 0x16, 0xac, 0x76, 0xe8, 0x43, 0x22, 0x22,
    0xa3, 0xde, 0x9d, 0x0, 0x39, 0xdf, 0xff, 0xf8,
    0x0, 0x0, 0x1, 0x0, 0x0, 0x0, 0x0, 0x0,

    /* U+8174 "腴" */
    0x0, 0x0, 0x0, 0x0, 0x0, 0x60, 0x0, 0x0,
    0x6, 0x88, 0x81, 0x0, 0x31, 0xf1, 0x0, 0x0,
    0xc, 0x97, 0xf2, 0x8e, 0xf9, 0xf7, 0xee, 0xd0,
    0xc, 0x40, 0xe2, 0xd6, 0x0, 0xf2, 0x24, 0xe0,
    0xc, 0x40, 0xe2, 0xd4, 0x0, 0xf1, 0x2, 0xe0,
    0xc, 0x63, 0xe2, 0xd4, 0x10, 0xf2, 0x13, 0xe0,
    0xc, 0xdc, 0xf2, 0xdf, 0xf4, 0xf5, 0xff, 0xe0,
    0xc, 0x40, 0xe2, 0xd4, 0x0, 0xf1, 0x2, 0xe0,
    0xc, 0x40, 0xe2, 0xd4, 0x0, 0xf1, 0x2, 0xe0,
    0xc, 0xb9, 0xf2, 0xdd, 0xcc, 0xfc, 0xcc, 0xe0,
    0xc, 0x86, 0xf2, 0xd7, 0x49, 0xf6, 0x46, 0xe0,
    0xd, 0x30, 0xe2, 0x20, 0xb, 0xd8, 0x0, 0x30,
    0xf, 0x20, 0xe2, 0x0, 0x5f, 0x2f, 0x20, 0x0,
    0x2f, 0x0, 0xe2, 0x4, 0xf6, 0x7, 0xd2, 0x0,
    0x8b, 0x11, 0xf2, 0x7f, 0x70, 0x0, 0xaf, 0x81,
    0xa4, 0xbf, 0xc7, 0xe5, 0x0, 0x0, 0x6, 0xe5,
    0x0, 0x0, 0x0, 0x10, 0x0, 0x0, 0x0, 0x0,

    /* U+817C "腼" */
    0x1, 0x11, 0x10, 0x11, 0x11, 0x11, 0x11, 0x11,
    0xe, 0xff, 0xe2, 0xff, 0xff, 0xff, 0xff, 0xf9,
    0xe, 0x22, 0xe0, 0x0, 0x7, 0xa0, 0x0, 0x0,
    0xe, 0x22, 0xe0, 0x22, 0x2b, 0x82, 0x22, 0x20,
    0xe, 0x33, 0xe0, 0xee, 0xef, 0xde, 0xfd, 0xf0,
    0xe, 0xff, 0xe0, 0xe2, 0x3c, 0x3, 0xc0, 0xf0,
    0xe, 0x22, 0xe0, 0xe2, 0x3c, 0x4, 0xc0, 0xf0,
    0xe, 0x22, 0xe0, 0xe2, 0x3f, 0xff, 0xc0, 0xf0,
    0xe, 0x55, 0xe0, 0xe2, 0x3c, 0x3, 0xc0, 0xf0,
    0xe, 0xdd, 0xe0, 0xe2, 0x3c, 0x4, 0xc0, 0xf0,
    0xf, 0x12, 0xe0, 0xe2, 0x3f, 0xff, 0xc0, 0xf0,
    0x1f, 0x2, 0xe0, 0xe2, 0x3c, 0x3, 0xc0, 0xf0,
    0x4d, 0x2, 0xe0, 0xe2, 0x4c, 0x3, 0xc0, 0xf0,
    0x99, 0x25, 0xe0, 0xef, 0xff, 0xff, 0xff, 0xf0,
    0xa4, 0xef, 0x70, 0xe2, 0x0, 0x0, 0x0, 0xf0,
    0x0, 0x0, 0x0, 0x0, 0x0, 0x0, 0x0, 0x0,

    /* U+817D "腽" */
    0x0, 0x33, 0x33, 0x1, 0x33, 0x33, 0x33, 0x30,
    0x0, 0xe, 0xdd, 0xf0, 0x7f, 0xdd, 0xdd, 0xdf,
    0x20, 0x0, 0xe2, 0xf, 0x7, 0xb0, 0x0, 0x0,
    0xe2, 0x0, 0xe, 0x20, 0xf0, 0x7f, 0xee, 0xee,
    0xef, 0x20, 0x0, 0xe9, 0x8f, 0x7, 0xb0, 0x0,
    0x0, 0xe2, 0x0, 0xe, 0xcb, 0xf0, 0x7b, 0x11,
    0x11, 0x1e, 0x20, 0x0, 0xe2, 0xf, 0x7, 0xfe,
    0xee, 0xee, 0xf2, 0x0, 0xe, 0x20, 0xf0, 0x34,
    0x0, 0x0, 0x6, 0x10, 0x0, 0xec, 0xcf, 0xe,
    0xff, 0xff, 0xff, 0xfa, 0x0, 0xf, 0x55, 0xf0,
    0xf1, 0x3d, 0x1e, 0x26, 0xa0, 0x0, 0xf0, 0xf,
    0xf, 0x13, 0xd0, 0xe1, 0x5a, 0x0, 0x2e, 0x0,
    0xf0, 0xf1, 0x3d, 0xe, 0x15, 0xa0, 0x5, 0xc0,
    0xf, 0xf, 0x13, 0xd0, 0xe1, 0x5a, 0x0, 0xb8,
    0x23, 0xfa, 0xfc, 0xcf, 0xcf, 0xcd, 0xe7, 0xc,
    0x3d, 0xf9, 0x34, 0x44, 0x44, 0x44, 0x44, 0x20,
    0x10, 0x0, 0x0, 0x0, 0x0, 0x0, 0x0, 0x0,

    /* U+8182 "膂" */
    0x0, 0x6, 0x0, 0x0, 0x54, 0x0, 0x0, 0x0,
    0x0, 0xd, 0x70, 0x0, 0xe9, 0x55, 0x55, 0x52,
    0x6d, 0xde, 0xed, 0xd7, 0xd9, 0x99, 0x99, 0x94,
    0x1, 0xc6, 0x11, 0x3f, 0x41, 0x24, 0x8b, 0x80,
    0x0, 0xdc, 0xaa, 0x74, 0xfa, 0xbd, 0x54, 0x40,
    0x1, 0xf4, 0x3a, 0x80, 0xf0, 0x1f, 0x59, 0xd0,
    0x7, 0xb0, 0xa, 0x70, 0xf1, 0x49, 0xfb, 0x0,
    0x2e, 0x4d, 0xdf, 0x24, 0xff, 0xe4, 0x7f, 0x92,
    0x8a, 0x3, 0x41, 0x1, 0x93, 0x0, 0x4, 0xc5,
    0x0, 0x4f, 0xff, 0xff, 0xff, 0xff, 0xfd, 0x0,
    0x0, 0x4d, 0x0, 0x0, 0x0, 0x0, 0x4d, 0x0,
    0x0, 0x4f, 0xee, 0xee, 0xee, 0xee, 0xed, 0x0,
    0x0, 0x4d, 0x0, 0x0, 0x0, 0x0, 0x4d, 0x0,
    0x0, 0x4f, 0xee, 0xee, 0xee, 0xee, 0xed, 0x0,
    0x0, 0x4d, 0x0, 0x0, 0x2, 0x54, 0xac, 0x0,
    0x0, 0x4d, 0x0, 0x0, 0x3, 0xcc, 0xb3, 0x0,

    /* U+8188 "膈" */
    0x0, 0x33, 0x33, 0x14, 0x44, 0x44, 0x44, 0x44,
    0x10, 0xe, 0xdd, 0xf4, 0xcc, 0xcc, 0xcc, 0xcc,
    0xc3, 0x0, 0xe2, 0xf, 0x10, 0x33, 0x33, 0x33,
    0x30, 0x0, 0xe, 0x20, 0xf1, 0x3f, 0xbb, 0xbb,
    0xcf, 0x0, 0x0, 0xe8, 0x6f, 0x13, 0xe0, 0x0,
    0x2, 0xf0, 0x0, 0xe, 0x98, 0xf1, 0x3f, 0xff,
    0xff, 0xff, 0x0, 0x0, 0xe2, 0xf, 0x12, 0x80,
    0x0, 0x1, 0x90, 0x0, 0xe, 0x20, 0xf3, 0xdc,
    0xcc, 0xcc, 0xcc, 0xc0, 0x0, 0xec, 0xcf, 0x3f,
    0xb, 0x10, 0x49, 0x2f, 0x0, 0xe, 0x54, 0xf3,
    0xf0, 0xaa, 0xb, 0x62, 0xf0, 0x0, 0xf1, 0xf,
    0x3f, 0x14, 0x64, 0xe3, 0x3f, 0x0, 0x1f, 0x0,
    0xf3, 0xf6, 0xcc, 0xfc, 0xc6, 0xf0, 0x4, 0xc0,
    0xf, 0x3f, 0x0, 0x2e, 0x0, 0x2f, 0x0, 0x98,
    0x13, 0xf3, 0xf0, 0x2, 0xe0, 0x3, 0xe0, 0xc,
    0x2d, 0xfa, 0x2f, 0x0, 0x2e, 0x4d, 0xd7, 0x0,
    0x0, 0x0, 0x0, 0x0, 0x0, 0x0, 0x0, 0x0,

    /* U+8191 "膑" */
    0x0, 0x0, 0x0, 0x0, 0x2, 0x60, 0x0, 0x0,
    0x7, 0x88, 0x70, 0x0, 0x2, 0xf2, 0x0, 0x0,
    0xf, 0x89, 0xe1, 0xdd, 0xdd, 0xfe, 0xdd, 0xd2,
    0xf, 0x12, 0xe1, 0xf3, 0x33, 0x33, 0x33, 0xe2,
    0xf, 0x12, 0xe1, 0xa0, 0x1, 0x24, 0x76, 0x91,
    0xf, 0x33, 0xe0, 0xd, 0xff, 0xff, 0xfb, 0x0,
    0xf, 0xee, 0xe0, 0xe, 0x85, 0x32, 0x0, 0x0,
    0xf, 0x12, 0xe0, 0xe, 0x41, 0x11, 0x11, 0x10,
    0xf, 0x12, 0xe0, 0xe, 0xff, 0xff, 0xff, 0xf1,
    0xf, 0x77, 0xe0, 0xe, 0x30, 0x4, 0xe0, 0x0,
    0xf, 0x99, 0xe0, 0xe, 0x30, 0x4, 0xe0, 0x0,
    0xf, 0x2, 0xe6, 0xcf, 0xdc, 0xcd, 0xfc, 0xc5,
    0x2f, 0x2, 0xe1, 0x33, 0x45, 0x33, 0x53, 0x31,
    0x6c, 0x2, 0xe0, 0x5, 0xea, 0x4, 0xf7, 0x0,
    0xb7, 0x57, 0xd4, 0xce, 0x70, 0x0, 0x4d, 0xd2,
    0x81, 0xaa, 0x46, 0x91, 0x0, 0x0, 0x0, 0x73,

    /* U+81A3 "膣" */
    0x0, 0x0, 0x0, 0x0, 0x2, 0x50, 0x0, 0x0,
    0x6, 0x88, 0x81, 0x0, 0x5, 0xf1, 0x0, 0x0,
    0xc, 0xa8, 0xf2, 0xde, 0xee, 0xfe, 0xee, 0xe2,
    0xc, 0x40, 0xe2, 0xf3, 0x35, 0x24, 0x42, 0xe2,
    0xc, 0x40, 0xe2, 0x99, 0xe9, 0x6, 0xfb, 0xa1,
    0xc, 0xa8, 0xf3, 0xd8, 0x10, 0x0, 0x6, 0xd3,
    0xc, 0xa7, 0xf2, 0xde, 0xee, 0xee, 0xee, 0xe2,
    0xc, 0x40, 0xe2, 0x11, 0x6f, 0x41, 0x71, 0x10,
    0xc, 0x40, 0xe2, 0x5, 0xe3, 0x0, 0xcb, 0x0,
    0xc, 0x63, 0xe2, 0x6f, 0xb8, 0x89, 0xbf, 0x90,
    0xc, 0xdd, 0xf2, 0x49, 0x88, 0xf8, 0x66, 0xc0,
    0xd, 0x40, 0xe2, 0x1, 0x11, 0xf3, 0x11, 0x10,
    0xf, 0x30, 0xe2, 0x9e, 0xee, 0xfe, 0xee, 0xc0,
    0x3f, 0x0, 0xe2, 0x0, 0x0, 0xf2, 0x0, 0x0,
    0x9c, 0x11, 0xf7, 0xcc, 0xcc, 0xfc, 0xcc, 0xc6,
    0xa5, 0xbf, 0xc1, 0x44, 0x44, 0x44, 0x44, 0x42,
    0x0, 0x0, 0x0, 0x0, 0x0, 0x0, 0x0, 0x0,

    /* U+81A6 "膦" */
    0x0, 0x0, 0x0, 0x0, 0x0, 0x0, 0x0, 0x0,
    0x3, 0x33, 0x30, 0x24, 0x0, 0xf0, 0x3, 0x50,
    0xf, 0xcc, 0xe0, 0x3e, 0x50, 0xf0, 0x3e, 0x60,
    0xf, 0x22, 0xe0, 0x3, 0x90, 0xf0, 0x86, 0x0,
    0xf, 0x22, 0xe3, 0xdd, 0xdd, 0xfd, 0xdd, 0xd7,
    0xf, 0x66, 0xe0, 0x11, 0x6c, 0xfc, 0x71, 0x10,
    0xf, 0xab, 0xe0, 0x9, 0xd2, 0xf1, 0xda, 0x10,
    0xf, 0x22, 0xe6, 0xeb, 0x10, 0xf0, 0x1b, 0xf8,
    0xf, 0x22, 0xe4, 0x9c, 0x0, 0xa0, 0x1d, 0x55,
    0xf, 0x44, 0xe0, 0xae, 0xaa, 0x49, 0x9f, 0x96,
    0xf, 0xcc, 0xe4, 0xf5, 0x6e, 0x6b, 0x7e, 0x64,
    0xf, 0x12, 0xed, 0x97, 0x89, 0xa7, 0x1e, 0x0,
    0x1f, 0x2, 0xe1, 0x1c, 0xf3, 0xed, 0xcf, 0xcb,
    0x4d, 0x2, 0xe0, 0xd, 0x90, 0x33, 0x4e, 0x32,
    0x99, 0x24, 0xe0, 0xbc, 0x0, 0x0, 0x1e, 0x0,
    0xa3, 0xef, 0x98, 0xb0, 0x0, 0x0, 0x1e, 0x0,
    0x0, 0x0, 0x0, 0x0, 0x0, 0x0, 0x0, 0x0,

    /* U+81AA "膪" */
    0x0, 0x0, 0x0, 0x0, 0x0, 0x20, 0x0, 0x0,
    0x5, 0x55, 0x50, 0x0, 0x3, 0xe1, 0x0, 0x0,
    0xe, 0xcc, 0xf4, 0xff, 0xff, 0xff, 0xff, 0xf0,
    0xe, 0x20, 0xf1, 0x5, 0xb0, 0x0, 0xc2, 0x0,
    0xe, 0x20, 0xf2, 0x22, 0xb5, 0x28, 0xb2, 0x20,
    0xe, 0x64, 0xf6, 0xfd, 0xdd, 0xfd, 0xdd, 0xf1,
    0xe, 0xdd, 0xf6, 0xb0, 0x0, 0xf1, 0x0, 0xf1,
    0xe, 0x20, 0xf2, 0xde, 0xee, 0xfe, 0xee, 0xa0,
    0xe, 0x20, 0xf1, 0xc4, 0x0, 0xf1, 0x9, 0x80,
    0xe, 0x98, 0xf1, 0xc4, 0x0, 0xf2, 0xa, 0x70,
    0xe, 0x98, 0xf1, 0xb4, 0x0, 0xf9, 0xec, 0x20,
    0xf, 0x20, 0xf1, 0x12, 0x22, 0x82, 0x22, 0x0,
    0x1f, 0x0, 0xf1, 0xed, 0xdd, 0xdd, 0xdf, 0x40,
    0x4e, 0x0, 0xf1, 0xe2, 0x0, 0x0, 0xc, 0x40,
    0xaa, 0x12, 0xf1, 0xec, 0xbb, 0xbb, 0xbf, 0x40,
    0xa3, 0xdf, 0xa0, 0xe5, 0x33, 0x33, 0x3d, 0x40,
    0x0, 0x0, 0x0, 0x20, 0x0, 0x0, 0x2, 0x0,

    /* U+81BB "膻" */
    0x0, 0x0, 0x0, 0x0, 0x0, 0x20, 0x0, 0x0,
    0x5, 0x55, 0x40, 0x0, 0x8, 0xd0, 0x0, 0x0,
    0xf, 0xbb, 0xe8, 0xee, 0xee, 0xee, 0xee, 0xe8,
    0xf, 0x12, 0xe0, 0x22, 0x22, 0x22, 0x22, 0x20,
    0xf, 0x12, 0xe1, 0xfb, 0xbb, 0xbb, 0xbb, 0xf1,
    0xf, 0x34, 0xe1, 0xf0, 0x8a, 0xaa, 0x80, 0xf1,
    0xf, 0xdd, 0xe1, 0xf0, 0xd4, 0x34, 0xd0, 0xf1,
    0xf, 0x12, 0xe1, 0xf0, 0x75, 0x55, 0x70, 0xf1,
    0xf, 0x12, 0xe1, 0xfd, 0xdd, 0xdd, 0xdd, 0xf1,
    0xf, 0x45, 0xe0, 0x20, 0x0, 0x0, 0x0, 0x20,
    0xf, 0xcd, 0xe0, 0xad, 0xcc, 0xcc, 0xcd, 0x90,
    0xf, 0x2, 0xe0, 0xaa, 0x77, 0x77, 0x7b, 0x90,
    0x1f, 0x2, 0xe0, 0xa8, 0x33, 0x33, 0x38, 0x90,
    0x3d, 0x2, 0xe0, 0xad, 0xcc, 0xcc, 0xcd, 0x90,
    0x79, 0x15, 0xd0, 0x21, 0x0, 0x0, 0x1, 0x20,
    0xb5, 0xff, 0x7b, 0xee, 0xee, 0xee, 0xee, 0xeb,
    0x0, 0x0, 0x0, 0x0, 0x0, 0x0, 0x0, 0x0,

    /* U+81C1 "臁" */
    0x0, 0x0, 0x0, 0x0, 0x1, 0x40, 0x0, 0x0,
    0x9, 0xaa, 0x80, 0x0, 0x2, 0xf1, 0x0, 0x0,
    0xe, 0x67, 0xd3, 0xee, 0xee, 0xfe, 0xee, 0xe5,
    0xe, 0x2, 0xd4, 0xa0, 0x72, 0x0, 0x91, 0x0,
    0xe, 0x2, 0xd4, 0xa2, 0x8b, 0x35, 0xe3, 0x30,
    0xe, 0x45, 0xd4, 0xaa, 0xbf, 0xbe, 0xbb, 0xb2,
    0xe, 0xcd, 0xd4, 0xa2, 0x3d, 0x2c, 0x52, 0x10,
    0xe, 0x2, 0xd4, 0xaa, 0xbf, 0xbe, 0xcd, 0x80,
    0xe, 0x2, 0xd4, 0xa2, 0x2d, 0x2c, 0x47, 0x91,
    0xe, 0x45, 0xd5, 0xec, 0xcf, 0xce, 0xcd, 0xe9,
    0xf, 0xcd, 0xd6, 0x80, 0x1d, 0x1b, 0x36, 0x80,
    0xf, 0x2, 0xd7, 0x7c, 0xdf, 0xdf, 0xee, 0x80,
    0x1e, 0x2, 0xda, 0x50, 0xbd, 0xb, 0xd2, 0x10,
    0x4b, 0x2, 0xdc, 0x27, 0xbd, 0xb, 0x9c, 0x10,
    0x88, 0x25, 0xee, 0x7d, 0x2d, 0xb, 0x38, 0xe4,
    0x92, 0xde, 0xa8, 0x31, 0xd, 0xb, 0x30, 0x51,
    0x0, 0x0, 0x0, 0x0, 0x0, 0x0, 0x0, 0x0,

    /* U+81CA "臊" */
    0x3, 0x33, 0x30, 0x6, 0x66, 0x66, 0x65, 0x0,
    0x0, 0xed, 0xde, 0x2, 0xf8, 0x88, 0x89, 0xe0,
    0x0, 0xe, 0x11, 0xe0, 0x2e, 0x0, 0x0, 0x2e,
    0x0, 0x0, 0xe1, 0x1e, 0x2, 0xff, 0xff, 0xff,
    0xe0, 0x0, 0xe, 0x66, 0xe0, 0x3, 0x0, 0x0,
    0x3, 0x0, 0x0, 0xeb, 0xbe, 0x2f, 0xee, 0xb0,
    0xfe, 0xef, 0x0, 0xe, 0x11, 0xe2, 0xb0, 0x3c,
    0xe, 0x0, 0xe0, 0x0, 0xe1, 0x1e, 0x2f, 0xee,
    0xc0, 0xfe, 0xef, 0x0, 0xe, 0x77, 0xe1, 0x90,
    0x2a, 0x4b, 0x0, 0xc0, 0x0, 0xea, 0xae, 0x1,
    0x11, 0x2e, 0x11, 0x11, 0x0, 0xf, 0x1, 0xe8,
    0xff, 0xff, 0xff, 0xff, 0xf9, 0x1, 0xe0, 0x1e,
    0x0, 0x4, 0xdf, 0xc1, 0x0, 0x0, 0x3c, 0x1,
    0xe0, 0x8, 0xc2, 0xe3, 0xe6, 0x0, 0x7, 0x81,
    0x4e, 0x7e, 0x90, 0x1e, 0x2, 0xcd, 0x70, 0x83,
    0x7f, 0x79, 0x30, 0x1, 0xe0, 0x0, 0x66, 0x0,
    0x0, 0x0, 0x0, 0x0, 0x0, 0x0, 0x0, 0x0,

    /* U+81CC "臌" */
    0x0, 0x0, 0x0, 0x2, 0x0, 0x0, 0x20, 0x0,
    0x3, 0x33, 0x30, 0xe, 0x10, 0x0, 0xd2, 0x0,
    0xe, 0xdd, 0xe3, 0x4e, 0x54, 0x0, 0xd2, 0x0,
    0xe, 0x0, 0xe7, 0xbf, 0xba, 0x34, 0xe5, 0x41,
    0xe, 0x0, 0xe0, 0xe, 0x10, 0x9c, 0xfc, 0xc3,
    0xe, 0x55, 0xe5, 0xcf, 0xc9, 0x0, 0xd2, 0x0,
    0xe, 0x99, 0xe0, 0x22, 0x21, 0x0, 0xd2, 0x0,
    0xe, 0x0, 0xe4, 0xcc, 0xc8, 0xcf, 0xff, 0xf1,
    0xe, 0x0, 0xe6, 0x82, 0x5b, 0x4a, 0x2, 0xe0,
    0xe, 0x66, 0xe6, 0x70, 0x4b, 0x1d, 0x6, 0xa0,
    0xe, 0xaa, 0xe6, 0xfe, 0xfb, 0xd, 0x2b, 0x50,
    0xe, 0x0, 0xe2, 0x50, 0x45, 0x8, 0xae, 0x0,
    0xe, 0x0, 0xe1, 0xd0, 0xb4, 0x1, 0xf7, 0x0,
    0x3c, 0x0, 0xe0, 0xa2, 0xe4, 0x8, 0xfc, 0x0,
    0x79, 0x13, 0xe6, 0xbe, 0xfc, 0x9e, 0x2b, 0xc2,
    0x94, 0x7f, 0x86, 0x74, 0x5, 0xd2, 0x0, 0xa4,
    0x0, 0x0, 0x0, 0x0, 0x0, 0x10, 0x0, 0x0,

    /* U+81E7 "臧" */
    0x0, 0x0, 0x0, 0x0, 0x0, 0x2, 0x1, 0x0,
    0x0, 0x0, 0x0, 0x0, 0x0, 0xc, 0x4d, 0x70,
    0x8, 0x0, 0x0, 0x0, 0x0, 0xc, 0x31, 0xc2,
    0xf, 0xd, 0xff, 0xff, 0xff, 0xff, 0xff, 0xf8,
    0xf, 0xe, 0x10, 0x0, 0x0, 0xb, 0x50, 0x0,
    0xf, 0xe, 0x1d, 0xee, 0xfe, 0xaa, 0x40, 0x63,
    0xf, 0xdf, 0x1d, 0x10, 0xe0, 0x9, 0x50, 0xd3,
    0x2, 0x2e, 0x1d, 0x10, 0xe0, 0x8, 0x61, 0xf0,
    0x0, 0xe, 0x1d, 0xff, 0xff, 0x67, 0x76, 0xa0,
    0xdf, 0xef, 0x1d, 0x21, 0x18, 0x66, 0x8b, 0x50,
    0xd, 0x2e, 0xd, 0x21, 0x18, 0x64, 0xce, 0x0,
    0xe, 0x1f, 0xd, 0xdd, 0xfe, 0x62, 0xf8, 0x0,
    0xe, 0x1e, 0xd, 0x10, 0xe1, 0x12, 0xf1, 0x4a,
    0x69, 0x3c, 0xd, 0x21, 0xe1, 0xb, 0xf4, 0x5a,
    0x81, 0x98, 0xc, 0xee, 0xee, 0xeb, 0x6c, 0x97,
    0x0, 0xa2, 0x0, 0x0, 0x0, 0xb0, 0xa, 0xe2,
    0x0, 0x0, 0x0, 0x0, 0x0, 0x0, 0x0, 0x0,

    /* U+864D "虍" */
    0x0, 0x0, 0x0, 0x5, 0x10, 0x0, 0x0, 0x0,
    0x0, 0x0, 0x0, 0xf, 0x40, 0x0, 0x0, 0x0,
    0x0, 0x0, 0x0, 0xf, 0x74, 0x44, 0x44, 0x10,
    0x0, 0x0, 0x0, 0xf, 0xee, 0xee, 0xee, 0x50,
    0x0, 0x0, 0x0, 0xf, 0x40, 0x0, 0x0, 0x0,
    0x2, 0xdd, 0xdd, 0xdf, 0xed, 0xdd, 0xdd, 0xd3,
    0x2, 0xf5, 0x44, 0x44, 0x44, 0x44, 0x44, 0xf3,
    0x2, 0xf0, 0x0, 0x7, 0x20, 0x0, 0x0, 0xf2,
    0x2, 0xf0, 0x0, 0xf, 0x40, 0x0, 0x0, 0x40,
    0x3, 0xf0, 0x2, 0x3f, 0x98, 0xab, 0xdf, 0x0,
    0x4, 0xf8, 0xff, 0xff, 0xca, 0x86, 0x53, 0x0,
    0x6, 0xd1, 0x20, 0xf, 0x40, 0x0, 0x0, 0x0,
    0x9, 0xa0, 0x0, 0xf, 0x40, 0x0, 0x3, 0xc0,
    0xd, 0x60, 0x0, 0xf, 0x40, 0x0, 0x5, 0xd0,
    0x3f, 0x10, 0x0, 0xe, 0x92, 0x22, 0x3c, 0x90,
    0x9b, 0x0, 0x0, 0x5, 0xef, 0xff, 0xfb, 0x10,
    0x12, 0x0, 0x0, 0x0, 0x0, 0x0, 0x0, 0x0,

    /* U+8654 "虔" */
    0x0, 0x0, 0x0, 0x2, 0x0, 0x0, 0x0, 0x0,
    0x0, 0x0, 0x0, 0xf, 0x51, 0x11, 0x11, 0x0,
    0x0, 0x0, 0x0, 0xf, 0xff, 0xff, 0xff, 0x90,
    0x0, 0x11, 0x11, 0x1f, 0x51, 0x11, 0x11, 0x10,
    0x3, 0xff, 0xff, 0xff, 0xff, 0xff, 0xff, 0xf6,
    0x3, 0xf0, 0x0, 0x2f, 0x0, 0x1, 0x10, 0xd5,
    0x3, 0xf5, 0xaa, 0xcf, 0xef, 0xfe, 0x94, 0x82,
    0x3, 0xf2, 0x43, 0x4f, 0x20, 0x0, 0xc, 0x60,
    0x3, 0xf0, 0x0, 0xc, 0xff, 0xff, 0xfc, 0x10,
    0x3, 0xf0, 0x0, 0x0, 0x47, 0x11, 0x0, 0x0,
    0x4, 0xe1, 0x22, 0x22, 0x7d, 0x22, 0x22, 0x20,
    0x6, 0xd9, 0xdf, 0xfd, 0xdd, 0xde, 0xfe, 0xd4,
    0x9, 0xa0, 0x3, 0xe4, 0x0, 0xb, 0xb0, 0x0,
    0xe, 0x60, 0x0, 0x4e, 0x95, 0xda, 0x0, 0x0,
    0x5f, 0x10, 0x2, 0x5a, 0xff, 0xe7, 0x41, 0x0,
    0xb8, 0x3e, 0xff, 0xd8, 0x31, 0x6a, 0xef, 0xf8,
    0x10, 0x5, 0x30, 0x0, 0x0, 0x0, 0x0, 0x20,

    /* U+8662 "虢" */
    0x0, 0x0, 0x0, 0x0, 0x0, 0x30, 0x0, 0x0,
    0x12, 0x45, 0x79, 0x70, 0x2, 0xe0, 0x0, 0x0,
    0xdf, 0xec, 0xb9, 0x50, 0x2, 0xff, 0xff, 0xf2,
    0x20, 0x65, 0x6, 0x80, 0x2, 0xe0, 0x0, 0x0,
    0xc6, 0x5c, 0xd, 0x8f, 0xff, 0xff, 0xff, 0xf8,
    0x6e, 0x1f, 0x5e, 0x2f, 0x2, 0xb0, 0x0, 0xa7,
    0xc, 0x11, 0x25, 0x2f, 0xce, 0xfd, 0xec, 0x0,
    0x0, 0x1, 0xd0, 0x2f, 0x13, 0xe3, 0x10, 0xb3,
    0xab, 0xbb, 0xfb, 0x7e, 0x0, 0xdd, 0xcd, 0xc0,
    0x56, 0x66, 0xf6, 0x5e, 0x0, 0x1, 0x11, 0x0,
    0x5b, 0x1, 0xf0, 0x3d, 0xb, 0xee, 0xd0, 0x0,
    0x1f, 0x51, 0xf0, 0x5b, 0xd, 0x43, 0xf0, 0x0,
    0x8, 0xd1, 0xf0, 0x79, 0xe, 0x12, 0xf0, 0x59,
    0x0, 0x21, 0xf0, 0xc5, 0x2e, 0x2, 0xf0, 0x6a,
    0x2, 0x35, 0xf2, 0xf1, 0xb7, 0x1, 0xf1, 0xa8,
    0x6, 0xff, 0x87, 0xa7, 0xc0, 0x0, 0xaf, 0xd2,
    0x0, 0x0, 0x0, 0x11, 0x10, 0x0, 0x0, 0x0,

    /* U+866C "虬" */
    0x0, 0x1, 0xc0, 0x0, 0x2, 0xc0, 0x0, 0x0,
    0x0, 0x2, 0xf0, 0x0, 0x3, 0xf0, 0x0, 0x0,
    0x2, 0x23, 0xf2, 0x22, 0x3, 0xf0, 0x0, 0x0,
    0xf, 0xff, 0xff, 0xfe, 0x3, 0xf0, 0x0, 0x0,
    0xf, 0x22, 0xf0, 0x3e, 0x3, 0xf0, 0x0, 0x0,
    0xf, 0x22, 0xf0, 0x3e, 0x3, 0xf0, 0x0, 0x0,
    0xf, 0x22, 0xf0, 0x3e, 0x3, 0xf0, 0x0, 0x0,
    0xf, 0x44, 0xf3, 0x5e, 0x3, 0xf0, 0x0, 0x0,
    0xf, 0xee, 0xfe, 0xed, 0x3, 0xf0, 0x0, 0x0,
    0x8, 0x12, 0xf0, 0x0, 0x3, 0xf0, 0x0, 0x10,
    0x0, 0x2, 0xf0, 0xa7, 0x3, 0xf0, 0x0, 0x8b,
    0x0, 0x2, 0xf0, 0x5e, 0x3, 0xf0, 0x0, 0x9b,
    0x1, 0x35, 0xf8, 0xaf, 0x63, 0xf0, 0x0, 0xb9,
    0xaf, 0xfe, 0xca, 0x8a, 0xd2, 0xf5, 0x24, 0xf6,
    0x22, 0x0, 0x0, 0x2, 0x50, 0xaf, 0xff, 0xb0,

    /* U+866E "虮" */
    0x0, 0xe, 0x10, 0x0, 0x0, 0x0, 0x0, 0x0,
    0x0, 0xe, 0x20, 0x0, 0xff, 0xff, 0xf2, 0x0,
    0x1, 0x1e, 0x31, 0x10, 0xf5, 0x33, 0xf2, 0x0,
    0x1f, 0xef, 0xef, 0xc0, 0xf3, 0x0, 0xf2, 0x0,
    0x1e, 0xe, 0x24, 0xc0, 0xf3, 0x0, 0xf2, 0x0,
    0x1e, 0xe, 0x24, 0xc0, 0xf3, 0x0, 0xf2, 0x0,
    0x1e, 0xe, 0x24, 0xc0, 0xf3, 0x0, 0xf2, 0x0,
    0x1f, 0x4f, 0x57, 0xc0, 0xf3, 0x0, 0xf2, 0x0,
    0x1f, 0xcf, 0xcc, 0x90, 0xf2, 0x0, 0xf2, 0x0,
    0x7, 0xe, 0x21, 0x0, 0xf1, 0x0, 0xf2, 0x0,
    0x0, 0xe, 0x2c, 0x52, 0xf0, 0x0, 0xf2, 0x35,
    0x0, 0xe, 0x27, 0xa6, 0xc0, 0x0, 0xf2, 0x5d,
    0x36, 0x9f, 0xef, 0xfb, 0x80, 0x0, 0xf2, 0x6b,
    0x8e, 0xb8, 0x52, 0xaf, 0x10, 0x0, 0xe6, 0xb9,
    0x0, 0x0, 0x1, 0xe9, 0x0, 0x0, 0x8f, 0xe2,
    0x0, 0x0, 0x0, 0x60, 0x0, 0x0, 0x0, 0x0,

    /* U+867A "虺" */
    0x2, 0x22, 0x22, 0x22, 0x0, 0x1a, 0x0, 0x0,
    0x0, 0x9c, 0xea, 0xfb, 0xa1, 0x2, 0xf0, 0x0,
    0x0, 0x0, 0x6b, 0xd, 0x41, 0xff, 0xff, 0xff,
    0xe0, 0x0, 0x6, 0xb0, 0xd4, 0x2f, 0x13, 0xf1,
    0x3e, 0x0, 0x0, 0x6b, 0xd, 0x42, 0xf0, 0x2f,
    0x2, 0xe0, 0x0, 0x6, 0xb0, 0xd4, 0x2f, 0x2,
    0xf0, 0x2e, 0x0, 0x0, 0x6b, 0xd, 0x42, 0xff,
    0xff, 0xff, 0xe0, 0x0, 0x6, 0xb0, 0xd4, 0x1a,
    0x13, 0xf1, 0x11, 0x0, 0x0, 0x7a, 0xd, 0x40,
    0x0, 0x2f, 0x9, 0x60, 0x0, 0x8, 0x90, 0xd4,
    0x0, 0x2, 0xf0, 0x7b, 0x0, 0x0, 0xa7, 0xd,
    0x46, 0x8a, 0xcf, 0xef, 0xf7, 0x30, 0xd, 0x40,
    0xd4, 0xbc, 0xa8, 0x64, 0x2e, 0xe7, 0x2, 0xf1,
    0xd, 0x40, 0x0, 0x0, 0x0, 0x1c, 0x50, 0x8c,
    0x0, 0xba, 0x11, 0x11, 0x11, 0x15, 0xf2, 0xe,
    0x50, 0x3, 0xdf, 0xff, 0xff, 0xff, 0xe7, 0x0,
    0x30, 0x0, 0x0, 0x0, 0x0, 0x0, 0x0, 0x0,

    /* U+867B "虻" */
    0x0, 0x2, 0x0, 0x0, 0x0, 0x10, 0x0, 0x0,
    0x0, 0xe, 0x20, 0x0, 0x0, 0xc9, 0x0, 0x0,
    0x0, 0xe, 0x20, 0x0, 0x0, 0x3f, 0x30, 0x0,
    0x4, 0x4f, 0x64, 0x42, 0x33, 0x3a, 0x53, 0x31,
    0x2f, 0xcf, 0xcc, 0xea, 0xff, 0xff, 0xff, 0xf8,
    0x2e, 0xe, 0x22, 0xe0, 0xd4, 0x0, 0x0, 0x0,
    0x2e, 0xe, 0x22, 0xe0, 0xd4, 0x0, 0x0, 0x0,
    0x2e, 0xe, 0x22, 0xe0, 0xd4, 0x0, 0x0, 0x0,
    0x2f, 0xdf, 0xdd, 0xe0, 0xd4, 0x0, 0x0, 0x0,
    0x2f, 0x4f, 0x64, 0x30, 0xd4, 0x0, 0x0, 0x0,
    0x3, 0xe, 0x22, 0x50, 0xd4, 0x0, 0x0, 0x0,
    0x0, 0xe, 0x24, 0xd0, 0xd4, 0x0, 0x0, 0x0,
    0x0, 0xe, 0x55, 0xf1, 0xd4, 0x0, 0x0, 0x0,
    0x7b, 0xef, 0xfd, 0xe4, 0xd4, 0x0, 0x0, 0x0,
    0x67, 0x42, 0x0, 0x64, 0xdf, 0xff, 0xff, 0xf0,
    0x0, 0x0, 0x0, 0x0, 0x23, 0x33, 0x33, 0x30,

    /* U+867C "虼" */
    0x0, 0x0, 0x0, 0x0, 0x0, 0x0, 0x0, 0x0,
    0x0, 0xe, 0x20, 0x0, 0x2e, 0x20, 0x0, 0x0,
    0x0, 0xe, 0x20, 0x0, 0xad, 0x0, 0x0, 0x0,
    0x5, 0x5f, 0x65, 0x12, 0xff, 0xee, 0xee, 0xe8,
    0x2f, 0xcf, 0xcf, 0x3c, 0xd3, 0x33, 0x33, 0x32,
    0x2e, 0xe, 0x2d, 0x9f, 0x30, 0x0, 0x0, 0x0,
    0x2e, 0xe, 0x2d, 0x88, 0xcc, 0xcc, 0xcc, 0x50,
    0x2e, 0xe, 0x2d, 0x30, 0x55, 0x55, 0xdf, 0x30,
    0x2e, 0x1e, 0x3d, 0x30, 0x0, 0x9, 0xf4, 0x0,
    0x2f, 0xff, 0xff, 0x30, 0x0, 0x8f, 0x40, 0x0,
    0x1b, 0xe, 0x20, 0x0, 0x6, 0xf4, 0x0, 0x0,
    0x0, 0xe, 0x3a, 0x0, 0x4f, 0x70, 0x0, 0x58,
    0x0, 0xe, 0x2e, 0x31, 0xea, 0x0, 0x0, 0x7b,
    0x0, 0x1f, 0xaf, 0x87, 0xe0, 0x0, 0x0, 0x99,
    0x6d, 0xfd, 0x89, 0xc8, 0xe3, 0x22, 0x24, 0xf5,
    0x46, 0x10, 0x1, 0x11, 0xcf, 0xff, 0xff, 0x90,
    0x0, 0x0, 0x0, 0x0, 0x0, 0x0, 0x0, 0x0,

    /* U+867F "虿" */
    0x11, 0x11, 0x11, 0x11, 0x11, 0x11, 0x11, 0x10,
    0xdf, 0xff, 0xff, 0xff, 0xff, 0xff, 0xff, 0xf5,
    0x0, 0x0, 0x5e, 0x0, 0x0, 0x0, 0x0, 0x0,
    0x0, 0x0, 0xaf, 0xff, 0xff, 0xff, 0xfa, 0x0,
    0x0, 0x8, 0xf3, 0x11, 0x11, 0x11, 0xa9, 0x0,
    0x27, 0xec, 0x20, 0x9, 0x35, 0xbb, 0xf4, 0x0,
    0x5c, 0x50, 0x0, 0xd, 0x51, 0x55, 0x20, 0x0,
    0x0, 0xdd, 0xdd, 0xdf, 0xed, 0xdd, 0xd7, 0x0,
    0x0, 0xf5, 0x33, 0x3e, 0x73, 0x33, 0xb8, 0x0,
    0x0, 0xf3, 0x0, 0xd, 0x50, 0x0, 0xa8, 0x0,
    0x0, 0xff, 0xff, 0xff, 0xff, 0xff, 0xf8, 0x0,
    0x0, 0xb3, 0x11, 0x1d, 0x61, 0x12, 0x81, 0x0,
    0x0, 0x0, 0x0, 0xd, 0x50, 0x1, 0xda, 0x0,
    0xad, 0xee, 0xee, 0xef, 0xff, 0xff, 0xff, 0xa0,
    0x35, 0x44, 0x33, 0x32, 0x22, 0x11, 0x2, 0xc1,

    /* U+868B "蚋" */
    0x0, 0x4, 0x0, 0x0, 0x0, 0x14, 0x0, 0x0,
    0x0, 0xf, 0x10, 0x0, 0x0, 0x3e, 0x0, 0x0,
    0x0, 0xf, 0x10, 0x0, 0x0, 0x3e, 0x0, 0x0,
    0x5, 0x5f, 0x65, 0x3, 0x44, 0x7e, 0x44, 0x40,
    0x1f, 0xaf, 0xaf, 0x1d, 0xed, 0xef, 0xdd, 0xf2,
    0x1e, 0xf, 0x1e, 0x1d, 0x30, 0x5d, 0x0, 0xe2,
    0x1e, 0xf, 0x1e, 0x1d, 0x30, 0x5c, 0x0, 0xe2,
    0x1e, 0xf, 0x1e, 0x1d, 0x30, 0x8b, 0x0, 0xe2,
    0x1f, 0xcf, 0xcf, 0x1d, 0x30, 0xbf, 0x20, 0xe2,
    0x1f, 0x3f, 0x43, 0xd, 0x32, 0xf5, 0xd0, 0xe2,
    0x8, 0xf, 0x10, 0xd, 0x3b, 0x90, 0xb8, 0xe2,
    0x0, 0xf, 0x3c, 0xd, 0xcd, 0x10, 0x2d, 0xf2,
    0x0, 0xf, 0x1e, 0x2d, 0x82, 0x0, 0x0, 0xe2,
    0x5a, 0xbf, 0xff, 0x7d, 0x30, 0x0, 0x0, 0xe2,
    0x56, 0x42, 0x5, 0x9d, 0x30, 0x4, 0x57, 0xf1,
    0x0, 0x0, 0x0, 0xd, 0x30, 0x7, 0xdd, 0x80,

    /* U+868D "蚍" */
    0x0, 0xc, 0x10, 0x2, 0xb0, 0x3, 0xa0, 0x0,
    0x0, 0x0, 0xf1, 0x0, 0x3e, 0x0, 0x4d, 0x0,
    0x0, 0x0, 0xf, 0x20, 0x3, 0xe0, 0x4, 0xd0,
    0x1, 0x1, 0xff, 0xff, 0xf1, 0x3e, 0x0, 0x4d,
    0x8, 0xc0, 0x1e, 0xf, 0x1e, 0x13, 0xe2, 0x25,
    0xd6, 0xf3, 0x1, 0xe0, 0xf1, 0xe1, 0x3f, 0xff,
    0x8f, 0xe3, 0x0, 0x1e, 0xf, 0x1e, 0x13, 0xe0,
    0x4, 0xf3, 0x0, 0x1, 0xe0, 0xf1, 0xe1, 0x3e,
    0x0, 0x4d, 0x0, 0x0, 0x1f, 0xff, 0xff, 0x13,
    0xe0, 0x4, 0xd0, 0x0, 0x1, 0xe0, 0xf2, 0x0,
    0x3e, 0x0, 0x4d, 0x0, 0x0, 0x0, 0xf, 0x10,
    0x3, 0xe0, 0x4, 0xd0, 0x8, 0x0, 0x0, 0xf2,
    0xf1, 0x3e, 0x1, 0x6d, 0x1, 0xf0, 0x0, 0xf,
    0x6e, 0x63, 0xe5, 0xe8, 0xd0, 0x3d, 0x8, 0xdf,
    0xec, 0xcb, 0x5f, 0xf5, 0x3f, 0x49, 0xb0, 0x45,
    0x20, 0x4, 0xb8, 0xc2, 0x0, 0xcf, 0xe4, 0x0,
    0x0, 0x0, 0x0, 0x0, 0x0, 0x0, 0x0, 0x0,

    /* U+8693 "蚓" */
    0x0, 0x4, 0x0, 0x0, 0x0, 0x0, 0x4, 0x10,
    0x1, 0xf0, 0x2, 0x55, 0x55, 0x10, 0xe3, 0x0,
    0x1f, 0x0, 0x7c, 0xcc, 0xe6, 0xe, 0x30, 0x56,
    0xf5, 0x50, 0x0, 0xa, 0x60, 0xe3, 0x1e, 0x8f,
    0x7f, 0x0, 0x0, 0xa6, 0xe, 0x31, 0xd1, 0xf0,
    0xf0, 0xee, 0xef, 0x60, 0xe3, 0x1d, 0x1f, 0xf,
    0xf, 0x32, 0xb6, 0xe, 0x31, 0xd1, 0xf0, 0xf1,
    0xf0, 0x2, 0x10, 0xe3, 0x1e, 0x8f, 0x8f, 0x2f,
    0x0, 0x0, 0xe, 0x31, 0xe7, 0xf7, 0x63, 0xff,
    0xff, 0x30, 0xe3, 0x3, 0x1f, 0x0, 0x0, 0x0,
    0xe2, 0xe, 0x30, 0x1, 0xf0, 0xb0, 0x0, 0xf,
    0x10, 0xe3, 0x0, 0x1f, 0xd, 0x10, 0x0, 0xf1,
    0xe, 0x36, 0xac, 0xff, 0xf4, 0x0, 0x1f, 0x0,
    0xe3, 0x69, 0x64, 0x28, 0x63, 0x28, 0xd0, 0xe,
    0x30, 0x0, 0x0, 0x33, 0xdf, 0xe4, 0x0, 0xe3,
    0x0, 0x0, 0x0, 0x0, 0x0, 0x0, 0x0, 0x0,

    /* U+869D "蚝" */
    0x0, 0x1, 0x0, 0x0, 0x0, 0x0, 0x0, 0x0,
    0x0, 0xe, 0x20, 0x0, 0x0, 0x13, 0x58, 0x50,
    0x0, 0xe, 0x20, 0x2c, 0xef, 0xfe, 0xb9, 0x60,
    0x1, 0x1e, 0x21, 0x5, 0x35, 0xe0, 0x0, 0x0,
    0x1f, 0xff, 0xff, 0x20, 0x4, 0xe0, 0x0, 0x0,
    0x1e, 0xe, 0x2e, 0x20, 0x4, 0xe4, 0x68, 0xa0,
    0x1e, 0xe, 0x2e, 0x5b, 0xdf, 0xfd, 0xb9, 0x70,
    0x1e, 0xe, 0x2e, 0x46, 0x46, 0xe0, 0x0, 0x0,
    0x1e, 0x1e, 0x3e, 0x20, 0x4, 0xe0, 0x0, 0x0,
    0x1f, 0xef, 0xee, 0x20, 0x4, 0xe1, 0x46, 0x85,
    0x8, 0xe, 0x20, 0x39, 0xbe, 0xfe, 0xc9, 0x73,
    0x0, 0xe, 0x3c, 0x47, 0x56, 0xe0, 0x0, 0x0,
    0x0, 0xe, 0x2e, 0x30, 0x4, 0xe0, 0x0, 0x6c,
    0x47, 0x9f, 0xdf, 0x90, 0x4, 0xe0, 0x0, 0x8a,
    0x8c, 0xa7, 0x56, 0xe0, 0x3, 0xf5, 0x23, 0xd7,
    0x0, 0x0, 0x0, 0x40, 0x0, 0xaf, 0xff, 0xa0,

    /* U+86A3 "蚣" */
    0x0, 0x0, 0x0, 0x0, 0x0, 0x0, 0x0, 0x0,
    0x0, 0xe, 0x20, 0x0, 0x4, 0x7, 0xa0, 0x0,
    0x0, 0xe, 0x20, 0x0, 0x1f, 0x23, 0xe0, 0x0,
    0x1, 0x1e, 0x31, 0x0, 0x6d, 0x0, 0xe4, 0x0,
    0x1f, 0xff, 0xff, 0x50, 0xc7, 0x0, 0x8b, 0x0,
    0x1f, 0xe, 0x2b, 0x53, 0xf1, 0x0, 0x1f, 0x40,
    0x1f, 0xe, 0x2b, 0x5b, 0x90, 0x10, 0x7, 0xe1,
    0x1f, 0xe, 0x2b, 0x9f, 0x10, 0xb8, 0x0, 0xc6,
    0x1f, 0xe, 0x2b, 0x52, 0x0, 0xf3, 0x0, 0x0,
    0x1f, 0xff, 0xff, 0x50, 0x5, 0xe0, 0x0, 0x0,
    0x1e, 0x1e, 0x31, 0x0, 0xb, 0x80, 0x71, 0x0,
    0x0, 0xe, 0x21, 0x0, 0x2f, 0x20, 0xc7, 0x0,
    0x0, 0xe, 0x5e, 0x0, 0x8a, 0x0, 0x6d, 0x0,
    0x0, 0x1f, 0x8f, 0x31, 0xf3, 0x0, 0x2f, 0x40,
    0x9f, 0xfc, 0x9c, 0x7b, 0xfd, 0xff, 0xff, 0xa0,
    0x33, 0x0, 0x5, 0x65, 0x74, 0x31, 0x4, 0xd0,
    0x0, 0x0, 0x0, 0x0, 0x0, 0x0, 0x0, 0x0,

    /* U+86A7 "蚧" */
    0x0, 0xe, 0x10, 0x0, 0x0, 0xaa, 0x0, 0x0,
    0x0, 0xe, 0x10, 0x0, 0x3, 0xee, 0x30, 0x0,
    0x4, 0x4e, 0x54, 0x0, 0xd, 0x65, 0xd0, 0x0,
    0x1f, 0xbf, 0xcf, 0x10, 0xab, 0x0, 0xab, 0x0,
    0x1e, 0xe, 0x1e, 0x2b, 0xd1, 0x0, 0xc, 0xc1,
    0x1e, 0xe, 0x1e, 0xad, 0x22, 0x0, 0x21, 0xb6,
    0x1e, 0xe, 0x1e, 0x10, 0x4e, 0x0, 0xe4, 0x0,
    0x1f, 0xff, 0xff, 0x10, 0x4e, 0x0, 0xe4, 0x0,
    0x1e, 0x1e, 0x21, 0x0, 0x4d, 0x0, 0xe4, 0x0,
    0x3, 0xe, 0x17, 0x0, 0x5c, 0x0, 0xe4, 0x0,
    0x0, 0xe, 0x1d, 0x40, 0x8a, 0x0, 0xe4, 0x0,
    0x0, 0x2e, 0x8d, 0xb0, 0xd6, 0x0, 0xe4, 0x0,
    0x9f, 0xeb, 0x86, 0xf7, 0xf1, 0x0, 0xe4, 0x0,
    0x21, 0x0, 0x0, 0x4e, 0x80, 0x0, 0xe4, 0x0,
    0x0, 0x0, 0x0, 0x9b, 0x0, 0x0, 0xe4, 0x0,
    0x0, 0x0, 0x0, 0x0, 0x0, 0x0, 0x0, 0x0,

    /* U+86A8 "蚨" */
    0x0, 0xe, 0x20, 0x0, 0x0, 0x97, 0x0, 0x0,
    0x0, 0xe, 0x20, 0x0, 0x0, 0xa8, 0x0, 0x0,
    0x5, 0x5f, 0x65, 0x13, 0x44, 0xca, 0x44, 0x40,
    0x1f, 0xcf, 0xcf, 0x49, 0xdd, 0xfe, 0xdd, 0xd1,
    0x1e, 0xe, 0x2c, 0x40, 0x0, 0xa7, 0x0, 0x0,
    0x1e, 0xe, 0x2c, 0x40, 0x0, 0xb7, 0x0, 0x0,
    0x1e, 0xe, 0x2c, 0x40, 0x0, 0xb7, 0x0, 0x0,
    0x1f, 0x3f, 0x5c, 0x9f, 0xff, 0xff, 0xff, 0xfa,
    0x1f, 0xdf, 0xdd, 0x41, 0x13, 0xfd, 0x11, 0x10,
    0x7, 0xe, 0x21, 0x0, 0x6, 0xef, 0x20, 0x0,
    0x0, 0xe, 0x3f, 0x10, 0xd, 0x89, 0x90, 0x0,
    0x0, 0xe, 0x3d, 0x90, 0x7e, 0x13, 0xf3, 0x0,
    0x15, 0x9f, 0xfc, 0xe6, 0xf6, 0x0, 0xad, 0x10,
    0x9e, 0x94, 0x0, 0x9f, 0x80, 0x0, 0xd, 0xd2,
    0x10, 0x0, 0x4, 0xf6, 0x0, 0x0, 0x1, 0xca,
    0x0, 0x0, 0x0, 0x10, 0x0, 0x0, 0x0, 0x0,

    /* U+86A9 "蚩" */
    0x0, 0x0, 0x0, 0x3, 0x10, 0x0, 0x0, 0x0,
    0x5, 0x80, 0x0, 0xc, 0x50, 0x0, 0x1c, 0x0,
    0x6, 0xb0, 0x0, 0xc, 0x50, 0x0, 0x2f, 0x0,
    0x6, 0xfd, 0xdd, 0xdf, 0xed, 0xdd, 0xdf, 0x0,
    0x1, 0x33, 0x33, 0x3d, 0x73, 0x33, 0x4c, 0x0,
    0x1, 0x11, 0x11, 0x1c, 0x61, 0x11, 0x11, 0x10,
    0xbf, 0xff, 0xff, 0xff, 0xff, 0xff, 0xff, 0xf4,
    0x0, 0x0, 0x0, 0x8, 0x30, 0x0, 0x0, 0x0,
    0x3, 0xcc, 0xcc, 0xcf, 0xdc, 0xcc, 0xca, 0x0,
    0x4, 0xe4, 0x44, 0x4d, 0x84, 0x44, 0x8d, 0x0,
    0x4, 0xe0, 0x0, 0xc, 0x50, 0x0, 0x5d, 0x0,
    0x4, 0xfe, 0xee, 0xef, 0xfe, 0xee, 0xed, 0x0,
    0x3, 0xb2, 0x22, 0x2d, 0x72, 0x22, 0x82, 0x0,
    0x0, 0x0, 0x0, 0xc, 0x50, 0x0, 0xe9, 0x0,
    0x12, 0x33, 0x44, 0x5d, 0xa7, 0x88, 0xcf, 0x50,
    0xbf, 0xee, 0xdc, 0xcb, 0xa9, 0x98, 0x79, 0xf1,
    0x0, 0x0, 0x0, 0x0, 0x0, 0x0, 0x0, 0x30,

    /* U+86AA "蚪" */
    0x0, 0x4, 0x0, 0x0, 0x0, 0x0, 0x51, 0x0,
    0x0, 0xe, 0x30, 0x0, 0x0, 0x0, 0xe4, 0x0,
    0x0, 0xe, 0x30, 0x0, 0x40, 0x0, 0xe4, 0x0,
    0x2, 0x2e, 0x42, 0x10, 0xad, 0x10, 0xe4, 0x0,
    0x2f, 0xff, 0xff, 0xe0, 0x9, 0xd0, 0xe4, 0x0,
    0x2f, 0xe, 0x32, 0xe0, 0x0, 0x30, 0xe4, 0x0,
    0x2f, 0xe, 0x32, 0xe1, 0x70, 0x0, 0xe4, 0x0,
    0x2f, 0xe, 0x32, 0xe1, 0xbd, 0x20, 0xe4, 0x0,
    0x2f, 0xdf, 0xdd, 0xe0, 0x8, 0x70, 0xe4, 0x0,
    0x2f, 0x4f, 0x64, 0x30, 0x0, 0x0, 0xe5, 0x32,
    0x6, 0xe, 0x30, 0x12, 0x57, 0x9b, 0xff, 0xf8,
    0x0, 0xe, 0x35, 0xb9, 0xca, 0x97, 0xf7, 0x20,
    0x0, 0xe, 0x33, 0xf0, 0x0, 0x0, 0xe4, 0x0,
    0x69, 0xbf, 0xff, 0xf4, 0x0, 0x0, 0xe4, 0x0,
    0x89, 0x74, 0x10, 0x98, 0x0, 0x0, 0xe4, 0x0,
    0x0, 0x0, 0x0, 0x0, 0x0, 0x0, 0xe4, 0x0,

    /* U+86AC "蚬" */
    0x0, 0xe, 0x10, 0x3, 0x44, 0x44, 0x44, 0x30,
    0x0, 0x0, 0xe2, 0x0, 0xce, 0xee, 0xee, 0xed,
    0x0, 0x1, 0x1e, 0x21, 0xc, 0x50, 0x2, 0x4,
    0xd0, 0x1, 0xff, 0xff, 0xf2, 0xc5, 0x5, 0xc0,
    0x4d, 0x0, 0x1e, 0xe, 0x2e, 0x2c, 0x50, 0x5c,
    0x4, 0xd0, 0x1, 0xe0, 0xe2, 0xe2, 0xc5, 0x5,
    0xc0, 0x4d, 0x0, 0x1e, 0xe, 0x2e, 0x2c, 0x50,
    0x6c, 0x4, 0xd0, 0x1, 0xe1, 0xe3, 0xe2, 0xc5,
    0x8, 0xa0, 0x4d, 0x0, 0x1f, 0xef, 0xee, 0x2c,
    0x50, 0xb8, 0x4, 0xd0, 0x0, 0x80, 0xe2, 0x0,
    0xc5, 0x1f, 0xd6, 0x4d, 0x0, 0x0, 0xe, 0x4a,
    0x3, 0x19, 0xda, 0x70, 0x0, 0x0, 0x0, 0xe2,
    0xe3, 0x3, 0xf5, 0xa7, 0x2, 0xc0, 0x36, 0x8f,
    0xcf, 0x83, 0xea, 0xa, 0x70, 0x3f, 0x8, 0xda,
    0x86, 0x6d, 0xfc, 0x0, 0x9a, 0x28, 0xd0, 0x0,
    0x0, 0x3, 0xfa, 0x0, 0x3, 0xef, 0xe5, 0x0,
    0x0, 0x0, 0x3, 0x0, 0x0, 0x0, 0x0, 0x0,

    /* U+86AF "蚯" */
    0x0, 0x3, 0x0, 0x0, 0x0, 0x0, 0x0, 0x0,
    0x0, 0xe, 0x20, 0x0, 0x12, 0x45, 0x79, 0xa0,
    0x0, 0xe, 0x20, 0x2, 0xff, 0xfd, 0xca, 0x80,
    0x1, 0x1e, 0x31, 0x2, 0xe1, 0x0, 0x0, 0x0,
    0x1f, 0xff, 0xff, 0x32, 0xe0, 0x0, 0x0, 0x0,
    0x1e, 0xe, 0x2d, 0x32, 0xe0, 0x0, 0x0, 0x0,
    0x1e, 0xe, 0x2d, 0x32, 0xf6, 0x66, 0x66, 0x64,
    0x1e, 0xe, 0x2d, 0x32, 0xf9, 0x99, 0xfa, 0x96,
    0x1f, 0xdf, 0xdf, 0x32, 0xe0, 0x0, 0xf2, 0x0,
    0x1f, 0x4f, 0x54, 0x2, 0xe0, 0x0, 0xf2, 0x0,
    0x5, 0xe, 0x46, 0x2, 0xe0, 0x0, 0xf2, 0x0,
    0x0, 0xe, 0x4f, 0x12, 0xe0, 0x0, 0xf2, 0x0,
    0x0, 0xe, 0x5e, 0x72, 0xe0, 0x0, 0xf2, 0x0,
    0x9f, 0xfe, 0xcd, 0xb2, 0xe0, 0x0, 0xf2, 0x0,
    0x22, 0x0, 0x1, 0xde, 0xfe, 0xee, 0xfe, 0xea,
    0x0, 0x0, 0x0, 0x33, 0x33, 0x33, 0x33, 0x32,

    /* U+86B0 "蚰" */
    0x0, 0x2, 0x0, 0x0, 0x0, 0x2, 0x0, 0x0,
    0x0, 0xe, 0x10, 0x0, 0x0, 0x2e, 0x0, 0x0,
    0x0, 0xe, 0x10, 0x0, 0x0, 0x2e, 0x0, 0x0,
    0x2, 0x2e, 0x32, 0x1, 0x22, 0x3e, 0x22, 0x20,
    0x1f, 0xef, 0xef, 0x1d, 0xff, 0xff, 0xff, 0xf1,
    0x1e, 0xe, 0x1e, 0x1d, 0x40, 0x2e, 0x0, 0xf1,
    0x1e, 0xe, 0x1e, 0x1d, 0x40, 0x2e, 0x0, 0xf1,
    0x1e, 0xe, 0x1e, 0x1d, 0x40, 0x2e, 0x0, 0xf1,
    0x1e, 0x2e, 0x4e, 0x1d, 0x40, 0x2e, 0x0, 0xf1,
    0x1f, 0xdf, 0xdd, 0x1d, 0xff, 0xff, 0xff, 0xf1,
    0x6, 0xe, 0x10, 0xd, 0x41, 0x3e, 0x11, 0xf1,
    0x0, 0xe, 0x4d, 0xd, 0x40, 0x2e, 0x0, 0xf1,
    0x0, 0xe, 0x1e, 0x3d, 0x40, 0x2e, 0x0, 0xf1,
    0x59, 0xbf, 0xef, 0x8d, 0x51, 0x3e, 0x11, 0xf1,
    0x6a, 0x75, 0x25, 0xdd, 0xff, 0xff, 0xff, 0xf1,
    0x0, 0x0, 0x0, 0xd, 0x40, 0x0, 0x0, 0xf1,

    /* U+86B1 "蚱" */
    0x0, 0x1, 0x0, 0x0, 0x0, 0x0, 0x0, 0x0,
    0x0, 0xe, 0x20, 0x0, 0xc, 0x70, 0x0, 0x0,
    0x0, 0xe, 0x20, 0x0, 0x2f, 0x20, 0x0, 0x0,
    0x1, 0x1e, 0x31, 0x10, 0x8f, 0xaa, 0xaa, 0xa6,
    0x1f, 0xff, 0xff, 0xe1, 0xf9, 0xf7, 0x77, 0x74,
    0x1e, 0xe, 0x21, 0xe9, 0xc2, 0xf0, 0x0, 0x0,
    0x1e, 0xe, 0x21, 0xff, 0x42, 0xf0, 0x0, 0x0,
    0x1e, 0xe, 0x21, 0xe2, 0x2, 0xfa, 0xaa, 0xa5,
    0x1e, 0x1e, 0x43, 0xe0, 0x2, 0xf8, 0x88, 0x84,
    0x1f, 0xef, 0xee, 0xd0, 0x2, 0xf0, 0x0, 0x0,
    0x8, 0xe, 0x20, 0x0, 0x2, 0xf0, 0x0, 0x0,
    0x0, 0xe, 0x26, 0xa0, 0x2, 0xff, 0xff, 0xfa,
    0x0, 0xe, 0x23, 0xf0, 0x2, 0xf2, 0x22, 0x21,
    0x26, 0x9f, 0xef, 0xf4, 0x2, 0xf0, 0x0, 0x0,
    0x8e, 0xb8, 0x52, 0xa8, 0x2, 0xf0, 0x0, 0x0,
    0x0, 0x0, 0x0, 0x10, 0x2, 0xf0, 0x0, 0x0,

    /* U+86B4 "蚴" */
    0x0, 0x3, 0x0, 0x0, 0x10, 0x0, 0x10, 0x0,
    0x0, 0x2e, 0x0, 0x0, 0xf0, 0x3, 0xc0, 0x0,
    0x0, 0x2e, 0x0, 0x5, 0xa0, 0x3, 0xc0, 0x0,
    0x7, 0x8f, 0x76, 0xb, 0x40, 0x3, 0xc0, 0x0,
    0x1e, 0x9f, 0x9d, 0x1d, 0x8, 0xaf, 0xff, 0xf2,
    0x1d, 0x2e, 0x1d, 0x77, 0x1e, 0x26, 0xc2, 0xd2,
    0x1d, 0x2e, 0x1d, 0xfd, 0xea, 0x4, 0xb0, 0xd2,
    0x1d, 0x2e, 0x1d, 0x32, 0xd3, 0x5, 0xb0, 0xd1,
    0x1f, 0xdf, 0xdd, 0x4, 0xc0, 0x6, 0xa0, 0xe1,
    0x1e, 0x5e, 0x32, 0xb, 0x85, 0x8, 0x80, 0xe1,
    0x3, 0x2e, 0x0, 0x2d, 0x2b, 0xb, 0x60, 0xe1,
    0x0, 0x2e, 0x37, 0xa6, 0x2e, 0x1f, 0x30, 0xf0,
    0x0, 0x2e, 0x2d, 0xff, 0xde, 0xbe, 0x0, 0xf0,
    0x6a, 0xcf, 0xfe, 0x20, 0x2, 0xe8, 0x0, 0xf0,
    0x69, 0x64, 0x2d, 0x10, 0x6, 0xf1, 0x46, 0xd0,
    0x0, 0x0, 0x6, 0x10, 0xe, 0x60, 0xde, 0x60,
    0x0, 0x0, 0x0, 0x0, 0x2, 0x0, 0x0, 0x0,

    /* U+86B5 "蚵" */
    0x0, 0x1, 0x0, 0x0, 0x0, 0x0, 0x0, 0x0,
    0x0, 0xe, 0x20, 0x2, 0x22, 0x22, 0x22, 0x22,
    0x0, 0xe, 0x20, 0xc, 0xff, 0xff, 0xff, 0xfe,
    0x2, 0x2e, 0x32, 0x10, 0x0, 0x0, 0x3, 0xe0,
    0x1f, 0xdf, 0xdd, 0xc0, 0x0, 0x0, 0x3, 0xe0,
    0x1e, 0xe, 0x23, 0xc0, 0xff, 0xff, 0x13, 0xe0,
    0x1e, 0xe, 0x23, 0xc0, 0xf2, 0x2f, 0x13, 0xe0,
    0x1e, 0xe, 0x23, 0xc0, 0xf0, 0xf, 0x13, 0xe0,
    0x1f, 0x7f, 0x89, 0xc0, 0xf0, 0xf, 0x13, 0xe0,
    0x1f, 0x8f, 0x98, 0x60, 0xf0, 0xf, 0x13, 0xe0,
    0x7, 0xe, 0x20, 0x0, 0xfc, 0xcf, 0x13, 0xe0,
    0x0, 0xe, 0x29, 0x80, 0xf4, 0x44, 0x3, 0xe0,
    0x0, 0xe, 0x25, 0xc0, 0xa0, 0x0, 0x3, 0xe0,
    0x14, 0x6f, 0xce, 0xf1, 0x0, 0x0, 0x4, 0xe0,
    0x9f, 0xeb, 0x85, 0xd5, 0x0, 0x34, 0x3a, 0xc0,
    0x11, 0x0, 0x0, 0x31, 0x0, 0x8f, 0xfe, 0x40,
    0x0, 0x0, 0x0, 0x0, 0x0, 0x0, 0x0, 0x0,

    /* U+86B6 "蚶" */
    0x0, 0x4, 0x0, 0x0, 0x40, 0x0, 0x4, 0x10,
    0x0, 0xe, 0x20, 0x0, 0xf2, 0x0, 0xd, 0x40,
    0x0, 0xe, 0x20, 0x0, 0xf2, 0x0, 0xd, 0x40,
    0x1, 0x1e, 0x21, 0x26, 0xf7, 0x66, 0x6e, 0x83,
    0x1f, 0xff, 0xff, 0x7c, 0xfc, 0xcc, 0xcf, 0xd6,
    0x1e, 0xe, 0x2e, 0x20, 0xf2, 0x0, 0xd, 0x40,
    0x1e, 0xe, 0x2e, 0x20, 0xf2, 0x0, 0xd, 0x40,
    0x1e, 0xe, 0x2e, 0x20, 0xf2, 0x0, 0xd, 0x40,
    0x1e, 0x1e, 0x3e, 0x20, 0xf5, 0x33, 0x3e, 0x40,
    0x1f, 0xef, 0xee, 0x20, 0xfe, 0xdd, 0xdf, 0x40,
    0x8, 0xe, 0x20, 0x0, 0xf2, 0x0, 0xd, 0x40,
    0x0, 0xe, 0x3b, 0x0, 0xf2, 0x0, 0xd, 0x40,
    0x0, 0xe, 0x2d, 0x50, 0xf2, 0x0, 0xd, 0x40,
    0x48, 0xaf, 0xdf, 0xb0, 0xf4, 0x22, 0x2e, 0x40,
    0x7b, 0x86, 0x34, 0xf1, 0xff, 0xff, 0xff, 0x40,
    0x0, 0x0, 0x0, 0x30, 0xf2, 0x0, 0xd, 0x40,

    /* U+86BA "蚺" */
    0x0, 0x8, 0x0, 0x0, 0x0, 0x16, 0x0, 0x0,
    0x0, 0xf, 0x0, 0x0, 0x0, 0x3d, 0x0, 0x0,
    0x0, 0xf, 0x0, 0x0, 0x0, 0x3d, 0x0, 0x0,
    0x3, 0x3f, 0x33, 0xb, 0xcc, 0xdf, 0xcc, 0xb0,
    0x1f, 0xcf, 0xcf, 0x1e, 0x64, 0x7e, 0x46, 0xe0,
    0x1e, 0xf, 0xe, 0x1e, 0x20, 0x3d, 0x2, 0xe0,
    0x1e, 0xf, 0xe, 0x1e, 0x31, 0x4d, 0x13, 0xe0,
    0x1e, 0xf, 0xe, 0x1e, 0xee, 0xff, 0xee, 0xe0,
    0x1f, 0x6f, 0x6f, 0x1e, 0x20, 0x3d, 0x2, 0xe0,
    0x1f, 0x7f, 0x77, 0xe, 0x20, 0x3d, 0x2, 0xe0,
    0x8, 0xf, 0x0, 0xcf, 0xee, 0xef, 0xee, 0xfc,
    0x0, 0xf, 0x2c, 0x1e, 0x32, 0x22, 0x23, 0xe1,
    0x0, 0xf, 0x1e, 0x1e, 0x20, 0x0, 0x2, 0xe0,
    0x6a, 0xcf, 0xff, 0x5e, 0x20, 0x0, 0x2, 0xe0,
    0x7a, 0x74, 0x26, 0x8e, 0x20, 0x1, 0x15, 0xe0,
    0x0, 0x0, 0x0, 0xe, 0x20, 0xc, 0xff, 0x70,
    0x0, 0x0, 0x0, 0x0, 0x0, 0x0, 0x0, 0x0,

    /* U+86C4 "蛄" */
    0x0, 0x0, 0x0, 0x0, 0x0, 0x0, 0x0, 0x0,
    0x0, 0xe, 0x20, 0x0, 0x0, 0xf, 0x20, 0x0,
    0x0, 0xe, 0x20, 0x0, 0x0, 0xf, 0x20, 0x0,
    0x2, 0x2e, 0x32, 0x11, 0x22, 0x2f, 0x42, 0x21,
    0x1f, 0xef, 0xee, 0xd8, 0xff, 0xff, 0xff, 0xfc,
    0x1e, 0xe, 0x22, 0xd0, 0x0, 0xf, 0x20, 0x0,
    0x1e, 0xe, 0x22, 0xd0, 0x0, 0xf, 0x20, 0x0,
    0x1e, 0xe, 0x22, 0xd0, 0x0, 0xf, 0x20, 0x0,
    0x1e, 0x1e, 0x34, 0xd0, 0x44, 0x4f, 0x64, 0x40,
    0x1f, 0xef, 0xee, 0xc1, 0xfd, 0xdd, 0xdd, 0xf3,
    0x19, 0xe, 0x20, 0x1, 0xf1, 0x0, 0x0, 0xe3,
    0x0, 0xe, 0x25, 0x81, 0xf1, 0x0, 0x0, 0xe3,
    0x0, 0xe, 0x23, 0xe1, 0xf1, 0x0, 0x0, 0xe3,
    0x25, 0x7f, 0xde, 0xf3, 0xf3, 0x22, 0x22, 0xe3,
    0x9e, 0xb8, 0x53, 0xb7, 0xff, 0xff, 0xff, 0xf3,
    0x0, 0x0, 0x0, 0x11, 0xf1, 0x0, 0x0, 0xe3,

    /* U+86C9 "蛉" */
    0x0, 0x2, 0x0, 0x0, 0x0, 0x0, 0x0, 0x0,
    0x0, 0xf, 0x10, 0x0, 0x0, 0xe8, 0x0, 0x0,
    0x0, 0xf, 0x10, 0x0, 0x6, 0xee, 0x0, 0x0,
    0x3, 0x3f, 0x43, 0x0, 0x1e, 0x4b, 0x80, 0x0,
    0x1f, 0xcf, 0xdf, 0x10, 0xaa, 0x2, 0xf3, 0x0,
    0x1e, 0xf, 0x1e, 0x18, 0xe1, 0x30, 0x7f, 0x30,
    0x1e, 0xf, 0x1e, 0x9f, 0x32, 0xf3, 0x9, 0xf5,
    0x1e, 0xf, 0x1e, 0x83, 0x0, 0x8d, 0x0, 0x82,
    0x1e, 0x1f, 0x2e, 0x10, 0x0, 0x1, 0x0, 0x0,
    0x1f, 0xff, 0xff, 0x2f, 0xff, 0xff, 0xff, 0x70,
    0x1b, 0xf, 0x10, 0x2, 0x22, 0x22, 0x6f, 0x30,
    0x0, 0xf, 0x2b, 0x0, 0x0, 0x2, 0xf5, 0x0,
    0x0, 0xf, 0x1c, 0x52, 0xc3, 0x1e, 0x70, 0x0,
    0x47, 0x8f, 0xdf, 0xb0, 0x8f, 0xe9, 0x0, 0x0,
    0x8b, 0x86, 0x33, 0xf0, 0x4, 0xeb, 0x10, 0x0,
    0x0, 0x0, 0x0, 0x40, 0x0, 0x2d, 0xd0, 0x0,
    0x0, 0x0, 0x0, 0x0, 0x0, 0x1, 0x30, 0x0,

    /* U+86CE "蛎" */
    0x0, 0x1, 0x0, 0x0, 0x0, 0x0, 0x0, 0x0,
    0x0, 0xf, 0x0, 0x2, 0x22, 0x22, 0x22, 0x21,
    0x0, 0xf, 0x0, 0xe, 0xff, 0xff, 0xff, 0xfb,
    0x6, 0x6f, 0x66, 0xe, 0x30, 0x0, 0x0, 0x0,
    0x1f, 0x9f, 0x9f, 0x1e, 0x42, 0x22, 0x22, 0x21,
    0x1e, 0xf, 0xe, 0x1e, 0x7f, 0xff, 0xff, 0xfa,
    0x1e, 0xf, 0xe, 0x1e, 0x30, 0x97, 0x0, 0x0,
    0x1e, 0xf, 0xe, 0x1e, 0x30, 0xa7, 0x0, 0x0,
    0x1f, 0xaf, 0xaf, 0x1e, 0x30, 0xae, 0xee, 0xe1,
    0x1e, 0x5f, 0x55, 0xf, 0x20, 0xc6, 0x33, 0xf0,
    0x4, 0xf, 0x1, 0xf, 0x10, 0xe2, 0x1, 0xf0,
    0x0, 0xf, 0x3d, 0x2f, 0x1, 0xf0, 0x1, 0xf0,
    0x0, 0xf, 0x2f, 0x6d, 0x6, 0xb0, 0x2, 0xf0,
    0x37, 0xbf, 0xfe, 0xd9, 0xd, 0x60, 0x3, 0xe0,
    0x8b, 0x73, 0x3, 0xe5, 0x8d, 0x2, 0x29, 0xc0,
    0x0, 0x0, 0x2, 0xd1, 0xe3, 0xb, 0xfe, 0x40,
    0x0, 0x0, 0x0, 0x10, 0x10, 0x0, 0x0, 0x0,

    /* U+86CF "蛏" */
    0x0, 0xe, 0x10, 0x12, 0x22, 0x22, 0x22, 0x10,
    0x0, 0xe, 0x10, 0x7f, 0xfe, 0xee, 0xef, 0xa0,
    0x1, 0x1e, 0x31, 0x4, 0xd0, 0x0, 0x2f, 0x40,
    0x1f, 0xff, 0xff, 0x10, 0xc9, 0x1, 0xd8, 0x0,
    0x1e, 0xe, 0x1e, 0x10, 0x1e, 0x9e, 0x90, 0x0,
    0x1e, 0xe, 0x1e, 0x10, 0x1a, 0xff, 0x50, 0x0,
    0x1e, 0xe, 0x1e, 0x5a, 0xfb, 0x37, 0xee, 0xa5,
    0x1f, 0x9f, 0xaf, 0x9a, 0x30, 0x94, 0x4, 0x84,
    0x1f, 0x6f, 0x76, 0x0, 0x0, 0xd6, 0x0, 0x0,
    0x5, 0xe, 0x38, 0x1f, 0xff, 0xff, 0xff, 0xa0,
    0x0, 0xe, 0x1f, 0x22, 0x22, 0xd7, 0x22, 0x10,
    0x2, 0x4f, 0x9e, 0x60, 0x0, 0xd6, 0x0, 0x0,
    0x9f, 0xdb, 0x8a, 0x90, 0x0, 0xd6, 0x0, 0x0,
    0x0, 0x0, 0x0, 0xdd, 0xdd, 0xfe, 0xdd, 0xd7,
    0x0, 0x0, 0x0, 0x33, 0x33, 0x33, 0x33, 0x32,

    /* U+86D0 "蛐" */
    0x0, 0x4, 0x0, 0x0, 0x3, 0x0, 0x30, 0x0,
    0x0, 0x1f, 0x0, 0x0, 0xe, 0x12, 0xe0, 0x0,
    0x0, 0x1f, 0x0, 0x0, 0xe, 0x12, 0xe0, 0x0,
    0xc, 0xcf, 0xcb, 0x2d, 0xdf, 0xdd, 0xfd, 0xd1,
    0x1f, 0x4f, 0x5e, 0x3d, 0x3f, 0x44, 0xe3, 0xf1,
    0x1f, 0x1f, 0x1e, 0x3c, 0xe, 0x12, 0xe0, 0xe1,
    0x1f, 0x1f, 0x1e, 0x3c, 0xe, 0x12, 0xe0, 0xe1,
    0x1f, 0x1f, 0x1e, 0x3c, 0xe, 0x12, 0xe0, 0xe1,
    0x1f, 0x3f, 0x3e, 0x3d, 0x5f, 0x67, 0xf5, 0xf1,
    0x1f, 0xdf, 0xdc, 0x3e, 0xbf, 0xbb, 0xfb, 0xf1,
    0x6, 0x1f, 0x13, 0x3c, 0xe, 0x12, 0xe0, 0xe1,
    0x0, 0x1f, 0x3c, 0x3c, 0xe, 0x12, 0xe0, 0xe1,
    0x0, 0x1f, 0x2f, 0x3c, 0xe, 0x12, 0xe0, 0xe1,
    0x8c, 0xef, 0xff, 0x6c, 0xe, 0x22, 0xe0, 0xe1,
    0x67, 0x42, 0xa, 0x9f, 0xff, 0xff, 0xff, 0xf1,
    0x0, 0x0, 0x1, 0x3c, 0x0, 0x0, 0x0, 0xe1,

    /* U+86D1 "蛑" */
    0x0, 0x0, 0x0, 0x0, 0x0, 0x0, 0x0, 0x0,
    0x0, 0x1e, 0x0, 0x0, 0x2, 0xe5, 0x0, 0x0,
    0x0, 0x1e, 0x0, 0x0, 0xc, 0xb0, 0x33, 0x0,
    0x3, 0x4f, 0x33, 0x0, 0xbd, 0x10, 0x5e, 0x10,
    0x1f, 0xcf, 0xce, 0x2c, 0xe4, 0x23, 0x4d, 0xc0,
    0x1e, 0x1e, 0xe, 0x3f, 0xdd, 0xcc, 0xbb, 0xe8,
    0x1e, 0x1e, 0xe, 0x3, 0x80, 0x3d, 0x0, 0x32,
    0x1e, 0x1e, 0xe, 0x9, 0xb0, 0x3e, 0x0, 0x0,
    0x1e, 0x5f, 0x5e, 0xf, 0xff, 0xff, 0xff, 0xf4,
    0x1f, 0xbf, 0xba, 0x8e, 0x33, 0x6e, 0x33, 0x30,
    0x4, 0x1e, 0x0, 0x96, 0x0, 0x3e, 0x0, 0x0,
    0x0, 0x1e, 0x3c, 0x13, 0x33, 0x6e, 0x33, 0x32,
    0x0, 0x1e, 0xf, 0x8e, 0xee, 0xef, 0xee, 0xec,
    0x58, 0xaf, 0xdf, 0x50, 0x0, 0x3e, 0x0, 0x0,
    0x57, 0x53, 0x9, 0x90, 0x0, 0x3e, 0x0, 0x0,
    0x0, 0x0, 0x0, 0x0, 0x0, 0x3e, 0x0, 0x0,

    /* U+86D8 "蛘" */
    0x0, 0x0, 0x0, 0x0, 0x0, 0x0, 0x0, 0x0,
    0x0, 0xf, 0x0, 0x0, 0xd4, 0x0, 0xb, 0x50,
    0x0, 0xf, 0x0, 0x0, 0x7e, 0x20, 0x6e, 0x10,
    0x3, 0x3f, 0x33, 0x4, 0x4a, 0x55, 0xf8, 0x42,
    0x1f, 0xcf, 0xcf, 0x1c, 0xcc, 0xdf, 0xcc, 0xc7,
    0x1e, 0xf, 0xe, 0x10, 0x0, 0x5d, 0x0, 0x0,
    0x1e, 0xf, 0xe, 0x10, 0x0, 0x5d, 0x0, 0x0,
    0x1e, 0xf, 0xe, 0x15, 0xaa, 0xcf, 0xaa, 0xa0,
    0x1e, 0x4f, 0x4e, 0x13, 0x66, 0x9e, 0x66, 0x60,
    0x1f, 0xbf, 0xbb, 0x0, 0x0, 0x5d, 0x0, 0x0,
    0x5, 0xf, 0x1, 0x0, 0x0, 0x5d, 0x0, 0x0,
    0x0, 0xf, 0x1f, 0x6f, 0xff, 0xff, 0xff, 0xfd,
    0x0, 0xf, 0x1c, 0x61, 0x11, 0x6d, 0x11, 0x11,
    0x59, 0xcf, 0xed, 0xc0, 0x0, 0x5d, 0x0, 0x0,
    0x68, 0x52, 0x0, 0xc0, 0x0, 0x5d, 0x0, 0x0,
    0x0, 0x0, 0x0, 0x0, 0x0, 0x5d, 0x0, 0x0,

    /* U+86DE "蛞" */
    0x0, 0x2, 0x0, 0x0, 0x0, 0x0, 0x0, 0x0,
    0x0, 0xe, 0x20, 0x1, 0x23, 0x34, 0x67, 0x91,
    0x0, 0xe, 0x20, 0xb, 0xff, 0xff, 0xcb, 0x92,
    0x1, 0x1e, 0x31, 0x0, 0x0, 0x3e, 0x0, 0x0,
    0x1f, 0xff, 0xff, 0x20, 0x0, 0x3e, 0x0, 0x0,
    0x1e, 0xe, 0x2e, 0x45, 0x55, 0x7f, 0x55, 0x53,
    0x1e, 0xe, 0x2e, 0x6c, 0xcc, 0xdf, 0xcc, 0xc8,
    0x1e, 0xe, 0x2e, 0x20, 0x0, 0x3e, 0x0, 0x0,
    0x1f, 0x7f, 0x8e, 0x20, 0x0, 0x3e, 0x0, 0x0,
    0x1f, 0x7f, 0x87, 0x13, 0xff, 0xff, 0xff, 0xe0,
    0x3, 0xe, 0x22, 0x3, 0xe1, 0x11, 0x14, 0xe0,
    0x0, 0xe, 0x4f, 0x13, 0xe0, 0x0, 0x3, 0xe0,
    0x0, 0xe, 0x2d, 0x73, 0xe0, 0x0, 0x3, 0xe0,
    0x6b, 0xcf, 0xff, 0xe3, 0xe0, 0x0, 0x3, 0xe0,
    0x68, 0x63, 0x13, 0xf7, 0xff, 0xff, 0xff, 0xe0,
    0x0, 0x0, 0x0, 0x3, 0xe1, 0x11, 0x14, 0xe0,
    0x0, 0x0, 0x0, 0x0, 0x0, 0x0, 0x0, 0x0,

    /* U+86DF "蛟" */
    0x0, 0x0, 0x0, 0x0, 0x0, 0x0, 0x0, 0x0,
    0x0, 0xf, 0x0, 0x0, 0x0, 0xc5, 0x0, 0x0,
    0x0, 0xf, 0x0, 0x0, 0x0, 0x8d, 0x0, 0x0,
    0x4, 0x4f, 0x54, 0x4a, 0xaa, 0xbc, 0xaa, 0xa6,
    0x1f, 0xbf, 0xbf, 0x36, 0x68, 0x66, 0x76, 0x63,
    0x1e, 0xf, 0xe, 0x10, 0x6e, 0x1, 0xe5, 0x0,
    0x1e, 0xf, 0xe, 0x13, 0xf4, 0x0, 0x4f, 0x60,
    0x1e, 0xf, 0xe, 0x4e, 0x80, 0x0, 0x15, 0xf6,
    0x1f, 0xff, 0xff, 0x58, 0xd4, 0x0, 0x8a, 0x42,
    0x1e, 0x1f, 0x11, 0x0, 0x8a, 0x0, 0xe4, 0x0,
    0x4, 0xf, 0x13, 0x0, 0x2f, 0x25, 0xe0, 0x0,
    0x0, 0xf, 0x1f, 0x10, 0xa, 0xbe, 0x50, 0x0,
    0x0, 0xf, 0x2c, 0x60, 0x2, 0xfd, 0x0, 0x0,
    0x5a, 0xdf, 0xed, 0xc0, 0x2c, 0xdf, 0x91, 0x0,
    0x57, 0x41, 0x1, 0x88, 0xfb, 0x12, 0xde, 0x71,
    0x0, 0x0, 0x2, 0xfd, 0x50, 0x0, 0x6, 0xea,
    0x0, 0x0, 0x0, 0x30, 0x0, 0x0, 0x0, 0x0,

    /* U+86E9 "蛩" */
    0x12, 0x22, 0x22, 0x6, 0x66, 0x66, 0x60, 0x0,
    0x8f, 0xff, 0xff, 0x2f, 0xaa, 0xab, 0xf0, 0x0,
    0x0, 0x5d, 0x0, 0x1f, 0x0, 0x2, 0xf0, 0x0,
    0x0, 0x5d, 0x0, 0x2f, 0x6c, 0x22, 0xf0, 0x76,
    0x14, 0x9e, 0xad, 0x6d, 0x8, 0xf4, 0xf0, 0xb7,
    0xad, 0xa8, 0x55, 0xe7, 0x0, 0x21, 0xfd, 0xf3,
    0x0, 0x0, 0x2, 0xad, 0x30, 0x0, 0x25, 0x20,
    0x0, 0x34, 0x44, 0x4f, 0x64, 0x44, 0x42, 0x0,
    0x0, 0xdd, 0xcc, 0xcf, 0xdc, 0xcc, 0xe8, 0x0,
    0x0, 0xd4, 0x0, 0xe, 0x30, 0x0, 0x98, 0x0,
    0x0, 0xdd, 0xcc, 0xcf, 0xdc, 0xcc, 0xe8, 0x0,
    0x0, 0xd7, 0x44, 0x4f, 0x64, 0x44, 0xa2, 0x0,
    0x0, 0x41, 0x0, 0xe, 0x30, 0x0, 0xcb, 0x0,
    0x8d, 0xdd, 0xdd, 0xef, 0xee, 0xff, 0xff, 0xa0,
    0x46, 0x55, 0x44, 0x33, 0x32, 0x21, 0x13, 0xd1,
    0x0, 0x0, 0x0, 0x0, 0x0, 0x0, 0x0, 0x0,

    /* U+86ED "蛭" */
    0x0, 0xf, 0x0, 0x11, 0x11, 0x11, 0x11, 0x10,
    0x0, 0xf, 0x0, 0x8f, 0xff, 0xff, 0xff, 0xf4,
    0x3, 0x3f, 0x33, 0x0, 0xc, 0x80, 0x0, 0x0,
    0x1f, 0xcf, 0xcf, 0x0, 0x8c, 0x0, 0xa1, 0x0,
    0x1e, 0xf, 0xf, 0x6, 0xe1, 0x0, 0x7c, 0x0,
    0x1e, 0xf, 0xf, 0x4f, 0xdb, 0xcd, 0xdf, 0x90,
    0x1e, 0xf, 0xf, 0x8, 0x65, 0x53, 0x23, 0xe1,
    0x1f, 0xaf, 0xaf, 0x0, 0x0, 0xe4, 0x0, 0x0,
    0x1f, 0x9f, 0x99, 0x0, 0x0, 0xe4, 0x0, 0x0,
    0x7, 0xf, 0x16, 0x3e, 0xee, 0xfe, 0xee, 0xc0,
    0x0, 0xf, 0xf, 0x12, 0x22, 0xe6, 0x22, 0x20,
    0x0, 0x1f, 0x6e, 0x50, 0x0, 0xe4, 0x0, 0x0,
    0x7d, 0xfd, 0xaa, 0x90, 0x0, 0xe4, 0x0, 0x0,
    0x44, 0x10, 0x0, 0xcd, 0xdd, 0xfe, 0xdd, 0xd8,
    0x0, 0x0, 0x0, 0x23, 0x33, 0x33, 0x33, 0x32,

    /* U+86F1 "蛱" */
    0x0, 0xe, 0x20, 0x0, 0x0, 0x6a, 0x0, 0x0,
    0x0, 0xe, 0x20, 0x0, 0x0, 0x6a, 0x0, 0x0,
    0x4, 0x4f, 0x54, 0x8, 0xbb, 0xde, 0xbb, 0xb0,
    0x1f, 0xcf, 0xcf, 0x24, 0x55, 0xac, 0x55, 0x50,
    0x1e, 0xe, 0x2d, 0x24, 0x50, 0x7a, 0x1, 0x80,
    0x1e, 0xe, 0x2d, 0x24, 0xe1, 0x79, 0xb, 0x90,
    0x1e, 0xe, 0x2d, 0x20, 0x95, 0x89, 0x2d, 0x0,
    0x1f, 0x7f, 0x8e, 0x21, 0x11, 0x99, 0x11, 0x10,
    0x1f, 0x8f, 0x98, 0x5f, 0xff, 0xff, 0xff, 0xf8,
    0x7, 0xe, 0x20, 0x0, 0x0, 0xff, 0x10, 0x0,
    0x0, 0xe, 0x3e, 0x10, 0x5, 0xdb, 0x70, 0x0,
    0x0, 0xe, 0x3d, 0x60, 0x1e, 0x74, 0xf2, 0x0,
    0x37, 0xaf, 0xfe, 0xb0, 0xcc, 0x0, 0xad, 0x10,
    0x8b, 0x73, 0x2, 0x7d, 0xe2, 0x0, 0xc, 0xe4,
    0x0, 0x0, 0x0, 0xec, 0x20, 0x0, 0x1, 0xb6,
    0x0, 0x0, 0x0, 0x20, 0x0, 0x0, 0x0, 0x0,

    /* U+86F2 "蛲" */
    0x0, 0x0, 0x0, 0x0, 0x0, 0x0, 0x0, 0x0,
    0x0, 0x0, 0xe1, 0x0, 0x6, 0xb0, 0x0, 0x0,
    0x0, 0x0, 0xf, 0x10, 0x0, 0x2f, 0x13, 0x69,
    0xb0, 0x0, 0x44, 0xf5, 0x42, 0x7a, 0xff, 0xeb,
    0x85, 0x0, 0x1f, 0xbf, 0xcf, 0x4a, 0x79, 0xd0,
    0x9, 0x30, 0x1, 0xe0, 0xf1, 0xe1, 0x0, 0xe,
    0x7c, 0xb1, 0x20, 0x1e, 0xf, 0x1e, 0x10, 0x0,
    0xaf, 0xb0, 0x2e, 0x1, 0xe0, 0xf1, 0xe1, 0x38,
    0xec, 0x9f, 0x67, 0xb0, 0x1f, 0x9f, 0xaf, 0x3f,
    0xa4, 0x0, 0x5e, 0xf4, 0x1, 0xf6, 0xf7, 0x61,
    0x22, 0x22, 0x22, 0x22, 0x10, 0x3, 0xf, 0x25,
    0x3f, 0xff, 0xff, 0xff, 0xf8, 0x0, 0x0, 0xf3,
    0xe0, 0x4, 0xb0, 0x2f, 0x0, 0x0, 0x0, 0xf,
    0x6e, 0x60, 0x79, 0x2, 0xf0, 0x9, 0x7, 0xcf,
    0xfc, 0xbc, 0xd, 0x50, 0x2f, 0x1, 0xe0, 0x45,
    0x20, 0x1, 0x6c, 0xb0, 0x1, 0xf3, 0x6c, 0x0,
    0x0, 0x0, 0x5f, 0x90, 0x0, 0xa, 0xfe, 0x50,
    0x0, 0x0, 0x0, 0x30, 0x0, 0x0, 0x0, 0x0,
    0x0,

    /* U+86F3 "蛳" */
    0x0, 0x11, 0x0, 0x0, 0x10, 0x0, 0x0, 0x0,
    0x0, 0x66, 0x0, 0x0, 0xe3, 0x77, 0x77, 0x76,
    0x0, 0x66, 0x0, 0x70, 0xe4, 0x99, 0xeb, 0x98,
    0x8, 0xbb, 0x80, 0xe0, 0xe1, 0x0, 0xb4, 0x0,
    0xe, 0xaa, 0xe0, 0xe0, 0xe1, 0x22, 0xc6, 0x21,
    0xe, 0x66, 0xd0, 0xe0, 0xe1, 0xee, 0xfe, 0xf8,
    0xe, 0x66, 0xd0, 0xe0, 0xe1, 0xe0, 0xb4, 0x78,
    0xe, 0x66, 0xd0, 0xe0, 0xe1, 0xe0, 0xb4, 0x78,
    0xe, 0xaa, 0xe0, 0xe0, 0xe1, 0xe0, 0xb4, 0x78,
    0xf, 0xcc, 0xa0, 0xe0, 0xf0, 0xe0, 0xb4, 0x78,
    0x4, 0x66, 0x0, 0xe0, 0xf0, 0xe0, 0xb4, 0x78,
    0x0, 0x66, 0xc0, 0xd2, 0xd0, 0xe0, 0xb4, 0x77,
    0x0, 0x66, 0xc3, 0x7, 0xa0, 0xe0, 0xb8, 0xc6,
    0x49, 0xdf, 0xf7, 0xd, 0x40, 0xb0, 0xb7, 0x70,
    0x47, 0x41, 0x36, 0xac, 0x0, 0x0, 0xb4, 0x0,
    0x0, 0x0, 0x2, 0xd1, 0x0, 0x0, 0xb4, 0x0,
    0x0, 0x0, 0x0, 0x0, 0x0, 0x0, 0x0, 0x0,

    /* U+86F4 "蛴" */
    0x0, 0x0, 0x0, 0x0, 0x0, 0x0, 0x0, 0x0,
    0x0, 0x0, 0xe0, 0x0, 0x0, 0xd, 0x60, 0x0,
    0x0, 0x0, 0xf, 0x0, 0x0, 0x0, 0x5e, 0x0,
    0x0, 0x0, 0x44, 0xf4, 0x44, 0xff, 0xff, 0xff,
    0xff, 0xe0, 0x1f, 0xbf, 0xbf, 0x12, 0xc8, 0x22,
    0x2d, 0x72, 0x1, 0xe0, 0xf0, 0xe1, 0x3, 0xf2,
    0x9, 0xc0, 0x0, 0x1e, 0xf, 0xe, 0x10, 0x7,
    0xea, 0xd1, 0x0, 0x1, 0xe0, 0xf0, 0xe1, 0x0,
    0x5f, 0xfa, 0x10, 0x0, 0x1f, 0xff, 0xff, 0x38,
    0xdf, 0x73, 0xcf, 0xa5, 0x1, 0xe1, 0xf1, 0x17,
    0xfc, 0x80, 0x2, 0xbc, 0xc0, 0x3, 0xf, 0x16,
    0x1, 0x4c, 0x0, 0x4d, 0x0, 0x0, 0x0, 0xf1,
    0xe2, 0x6, 0xb0, 0x4, 0xd0, 0x0, 0x0, 0x1f,
    0x7d, 0x80, 0x98, 0x0, 0x4d, 0x0, 0x8, 0xfe,
    0xb8, 0x7e, 0x2f, 0x30, 0x4, 0xd0, 0x0, 0x21,
    0x0, 0x0, 0x5d, 0xa0, 0x0, 0x4d, 0x0, 0x0,
    0x0, 0x0, 0x7, 0xa0, 0x0, 0x4, 0xd0, 0x0,
    0x0, 0x0, 0x0, 0x0, 0x0, 0x0, 0x0, 0x0,
    0x0,

    /* U+86F8 "蛸" */
    0x0, 0x4, 0x0, 0x0, 0x0, 0x3, 0x0, 0x0,
    0x0, 0xe, 0x20, 0x3, 0x60, 0x3e, 0x0, 0x72,
    0x0, 0xe, 0x20, 0x3, 0xf2, 0x3e, 0x4, 0xf2,
    0x4, 0x4f, 0x54, 0x0, 0x9b, 0x3e, 0xd, 0x70,
    0x1f, 0xcf, 0xcf, 0x20, 0x2, 0x3e, 0x4, 0x0,
    0x1e, 0xe, 0x2d, 0x23, 0xff, 0xff, 0xff, 0xf2,
    0x1e, 0xe, 0x2d, 0x24, 0xe2, 0x22, 0x22, 0xf3,
    0x1e, 0xe, 0x2d, 0x24, 0xe0, 0x0, 0x0, 0xf3,
    0x1e, 0x1e, 0x3d, 0x24, 0xfa, 0xaa, 0xaa, 0xf3,
    0x1f, 0xef, 0xee, 0x24, 0xf8, 0x88, 0x88, 0xf3,
    0x7, 0xe, 0x21, 0x4, 0xe0, 0x0, 0x0, 0xf3,
    0x0, 0xe, 0x4f, 0x4, 0xff, 0xff, 0xff, 0xf3,
    0x0, 0xe, 0x2e, 0x64, 0xe2, 0x22, 0x22, 0xf3,
    0x26, 0x9f, 0xff, 0xb4, 0xe0, 0x0, 0x0, 0xf3,
    0x9e, 0xb7, 0x47, 0xf5, 0xe0, 0x3, 0x35, 0xf2,
    0x0, 0x0, 0x0, 0x24, 0xe0, 0x7, 0xff, 0xb0,
    0x0, 0x0, 0x0, 0x0, 0x10, 0x0, 0x0, 0x0,

    /* U+8703 "蜃" */
    0x1, 0xaa, 0xaa, 0xaa, 0xaa, 0xaa, 0xaa, 0xa1,
    0x1, 0xf4, 0x33, 0x33, 0x33, 0x33, 0x33, 0x30,
    0x1, 0xf5, 0xee, 0xee, 0xee, 0xee, 0xea, 0x0,
    0x1, 0xf1, 0x11, 0x11, 0x11, 0x11, 0x11, 0x0,
    0x1, 0xfe, 0xff, 0xee, 0xff, 0xee, 0xee, 0xe4,
    0x1, 0xf1, 0x89, 0x0, 0x8d, 0x20, 0x6e, 0x30,
    0x1, 0xf1, 0x8a, 0x36, 0x98, 0xfe, 0xd3, 0x0,
    0x1, 0xf1, 0xcf, 0xfd, 0xa0, 0x3a, 0xff, 0xe8,
    0x2, 0xf0, 0x54, 0x0, 0x29, 0x0, 0x15, 0x83,
    0x3, 0xf0, 0xef, 0xff, 0xff, 0xff, 0xff, 0x40,
    0x6, 0xd0, 0xe3, 0x0, 0x3e, 0x0, 0xd, 0x40,
    0x9, 0xa0, 0xef, 0xff, 0xff, 0xff, 0xff, 0x40,
    0xe, 0x60, 0xb2, 0x0, 0x3e, 0x0, 0x38, 0x0,
    0x4f, 0x10, 0x0, 0x0, 0x3e, 0x0, 0x4f, 0x80,
    0x99, 0xe, 0xff, 0xff, 0xff, 0xfe, 0xee, 0xf7,
    0x1, 0x1, 0x11, 0x0, 0x0, 0x0, 0x0, 0x54,

    /* U+8707 "蜇" */
    0x0, 0x2, 0x20, 0x0, 0x0, 0x0, 0x0, 0x0,
    0x0, 0xa, 0x80, 0x2, 0x56, 0x78, 0xab, 0x80,
    0x3c, 0xce, 0xec, 0xb6, 0xe9, 0x87, 0x64, 0x20,
    0x3, 0x3b, 0xa3, 0x36, 0xb0, 0x0, 0x0, 0x0,
    0x0, 0xa, 0x81, 0x28, 0xc4, 0x44, 0x44, 0x42,
    0x3a, 0xbe, 0xfe, 0x9c, 0xec, 0xcc, 0xfd, 0xc6,
    0x15, 0x3b, 0x80, 0x6f, 0x20, 0x0, 0xe3, 0x0,
    0x8, 0xaf, 0x62, 0xfa, 0x20, 0x0, 0xe3, 0x0,
    0x5, 0x75, 0x0, 0x38, 0x90, 0x0, 0x51, 0x0,
    0x0, 0xaf, 0xff, 0xff, 0xff, 0xff, 0xfa, 0x0,
    0x0, 0xb6, 0x0, 0x8, 0x90, 0x0, 0x6b, 0x0,
    0x0, 0xb7, 0x11, 0x18, 0xa1, 0x11, 0x6b, 0x0,
    0x0, 0xbf, 0xee, 0xef, 0xfe, 0xee, 0xea, 0x0,
    0x0, 0x10, 0x0, 0x8, 0x90, 0x0, 0x98, 0x0,
    0x3c, 0xcc, 0xcd, 0xde, 0xfd, 0xee, 0xff, 0xb0,
    0x15, 0x54, 0x43, 0x32, 0x22, 0x21, 0x11, 0xb3,
    0x0, 0x0, 0x0, 0x0, 0x0, 0x0, 0x0, 0x0,

    /* U+8708 "蜈" */
    0x0, 0x6, 0x0, 0x0, 0x0, 0x0, 0x0, 0x0,
    0x0, 0x0, 0xf0, 0x0, 0xcd, 0xdd, 0xdd, 0xdb,
    0x0, 0x0, 0xf, 0x0, 0xe, 0x53, 0x33, 0x36,
    0xd0, 0x0, 0x99, 0xf9, 0x90, 0xe2, 0x0, 0x0,
    0x3d, 0x0, 0x1f, 0x9f, 0x9f, 0x1e, 0x41, 0x11,
    0x15, 0xd0, 0x1, 0xe0, 0xf0, 0xe1, 0xef, 0xff,
    0xff, 0xfd, 0x0, 0x1e, 0xf, 0xe, 0x14, 0x0,
    0x0, 0x1, 0x40, 0x1, 0xe0, 0xf0, 0xe3, 0x99,
    0x99, 0x99, 0x99, 0x30, 0x1f, 0xff, 0xff, 0x27,
    0x77, 0xea, 0x77, 0x72, 0x1, 0xe1, 0xf1, 0x10,
    0x0, 0xd, 0x50, 0x0, 0x0, 0x0, 0xf, 0x28,
    0x24, 0x44, 0xe7, 0x44, 0x43, 0x0, 0x0, 0xf0,
    0xe9, 0xdd, 0xdf, 0xfd, 0xdd, 0xb0, 0x0, 0xf,
    0x4d, 0x50, 0x8, 0xce, 0x30, 0x0, 0x6, 0xcf,
    0xfc, 0xaa, 0x4, 0xf3, 0x6e, 0x20, 0x0, 0x45,
    0x20, 0x0, 0x78, 0xf6, 0x0, 0x8f, 0x71, 0x0,
    0x0, 0x0, 0x2f, 0xd4, 0x0, 0x0, 0x4d, 0xd0,
    0x0, 0x0, 0x0, 0x40, 0x0, 0x0, 0x0, 0x1,
    0x0,

    /* U+8709 "蜉" */
    0x0, 0xf, 0x0, 0x0, 0x1, 0x13, 0x46, 0x71,
    0x0, 0xf, 0x0, 0x9f, 0xff, 0xfe, 0xdc, 0xa2,
    0x2, 0x2f, 0x22, 0x14, 0x13, 0x50, 0x4, 0x90,
    0x1f, 0xef, 0xef, 0x3f, 0x22, 0xf1, 0xd, 0x80,
    0x1e, 0xf, 0xe, 0x18, 0xa0, 0xb6, 0x7d, 0x0,
    0x1e, 0xf, 0xe, 0x13, 0x62, 0x32, 0x56, 0x10,
    0x1e, 0xf, 0xe, 0x1e, 0xff, 0xff, 0xff, 0xb0,
    0x1e, 0xf, 0xe, 0x10, 0x0, 0x0, 0x8e, 0x30,
    0x1f, 0xef, 0xef, 0x10, 0x0, 0x1c, 0xc1, 0x0,
    0x1e, 0x2f, 0x22, 0x22, 0x22, 0x8d, 0x32, 0x21,
    0x0, 0xf, 0x2, 0xff, 0xff, 0xff, 0xff, 0xfa,
    0x0, 0xf, 0x3d, 0x0, 0x0, 0x7b, 0x0, 0x0,
    0x1, 0x4f, 0x9f, 0x10, 0x0, 0x7b, 0x0, 0x0,
    0x9f, 0xc9, 0x6b, 0x60, 0x32, 0xba, 0x0, 0x0,
    0x10, 0x0, 0x3, 0x30, 0xff, 0xe3, 0x0, 0x0,
    0x0, 0x0, 0x0, 0x0, 0x0, 0x0, 0x0, 0x0,

    /* U+870A "蜊" */
    0x0, 0x4, 0x0, 0x0, 0x0, 0x0, 0x0, 0x10,
    0x0, 0x1e, 0x0, 0x13, 0x57, 0xa1, 0x0, 0xe2,
    0x0, 0x1e, 0x0, 0x6c, 0xeb, 0x71, 0x0, 0xe2,
    0x4, 0x5e, 0x44, 0x0, 0xc4, 0x0, 0xe1, 0xe2,
    0xf, 0xcf, 0xce, 0x0, 0xc4, 0x0, 0xe1, 0xe2,
    0xe, 0x1e, 0xe, 0x7b, 0xec, 0xb5, 0xe1, 0xe2,
    0xe, 0x1e, 0xe, 0x36, 0xf8, 0x63, 0xe1, 0xe2,
    0xe, 0x1e, 0xe, 0x4, 0xf4, 0x0, 0xe1, 0xe2,
    0xe, 0x6f, 0x6e, 0x9, 0xed, 0x50, 0xe1, 0xe2,
    0xf, 0xbf, 0xa9, 0x1d, 0xc8, 0xf2, 0xe1, 0xe2,
    0x6, 0x1e, 0x0, 0x88, 0xc4, 0x72, 0xe1, 0xe2,
    0x0, 0x1e, 0x3b, 0xe2, 0xc4, 0x0, 0xe1, 0xe2,
    0x0, 0x1e, 0x1e, 0x20, 0xc4, 0x0, 0x30, 0xe2,
    0x27, 0xaf, 0xff, 0x20, 0xc4, 0x0, 0x0, 0xe1,
    0x7d, 0x96, 0x39, 0x50, 0xc4, 0x0, 0x67, 0xf0,
    0x0, 0x0, 0x0, 0x0, 0xc4, 0x0, 0xdd, 0x90,

    /* U+870D "蜍" */
    0x0, 0x2, 0x0, 0x0, 0x0, 0x0, 0x0, 0x0,
    0x0, 0xe, 0x10, 0x0, 0x0, 0xbe, 0x0, 0x0,
    0x0, 0xe, 0x10, 0x0, 0x4, 0xed, 0x50, 0x0,
    0x1, 0x1e, 0x21, 0x0, 0x1e, 0x53, 0xe2, 0x0,
    0x1f, 0xff, 0xff, 0x10, 0xca, 0x0, 0x8d, 0x20,
    0x1e, 0xe, 0x1e, 0x2c, 0xc0, 0x0, 0x9, 0xe5,
    0x1e, 0xe, 0x1e, 0xac, 0xef, 0xff, 0xff, 0xb8,
    0x1e, 0xe, 0x1e, 0x10, 0x22, 0x6c, 0x22, 0x0,
    0x1f, 0x5f, 0x6f, 0x10, 0x0, 0x5c, 0x0, 0x0,
    0x1f, 0xaf, 0xaa, 0x5f, 0xff, 0xff, 0xff, 0xf8,
    0x8, 0xe, 0x10, 0x2, 0x22, 0x6c, 0x22, 0x21,
    0x0, 0xe, 0x4a, 0x1, 0xd0, 0x5c, 0xb, 0x10,
    0x0, 0xe, 0x2f, 0x7, 0xc0, 0x5c, 0xb, 0x90,
    0x38, 0x9f, 0xef, 0x5e, 0x50, 0x5c, 0x2, 0xf3,
    0x6b, 0x96, 0x47, 0xcd, 0x23, 0xab, 0x0, 0x89,
    0x0, 0x0, 0x0, 0x2, 0x8f, 0xf4, 0x0, 0x0,
    0x0, 0x0, 0x0, 0x0, 0x0, 0x0, 0x0, 0x0,

    /* U+8713 "蜓" */
    0x0, 0x0, 0x0, 0x0, 0x0, 0x0, 0x0, 0x0,
    0x0, 0x1e, 0x0, 0x0, 0x0, 0x0, 0x0, 0x20,
    0x0, 0x1e, 0x0, 0x6c, 0xc7, 0x9e, 0xef, 0xf1,
    0x3, 0x4e, 0x32, 0x24, 0xd7, 0x23, 0xe3, 0x0,
    0x1f, 0xdf, 0xdd, 0x3, 0xe0, 0x0, 0xe3, 0x0,
    0x1d, 0x1e, 0x1d, 0xc, 0x50, 0x0, 0xe3, 0x0,
    0x1d, 0x1e, 0x1d, 0x5e, 0x64, 0x48, 0xfa, 0x80,
    0x1d, 0x1e, 0x1d, 0x49, 0xad, 0x36, 0xf8, 0x60,
    0x1f, 0xdf, 0xdd, 0x0, 0x5c, 0x0, 0xe3, 0x0,
    0x1e, 0x4e, 0x33, 0x67, 0x6b, 0x0, 0xe3, 0x0,
    0x6, 0x1e, 0x2, 0x4b, 0x98, 0x0, 0xe3, 0x0,
    0x0, 0x1e, 0x1d, 0xe, 0xe5, 0xde, 0xfe, 0xe6,
    0x0, 0x1e, 0x4e, 0x29, 0xf1, 0x33, 0x33, 0x31,
    0x6b, 0xef, 0xfe, 0x69, 0xf5, 0x0, 0x0, 0x0,
    0x8b, 0x74, 0x4, 0x9f, 0xaf, 0xa4, 0x22, 0x32,
    0x0, 0x0, 0x0, 0xca, 0x4, 0xbe, 0xff, 0xf8,
    0x0, 0x0, 0x0, 0x40, 0x0, 0x0, 0x0, 0x0,

    /* U+871A "蜚" */
    0x0, 0x0, 0x1, 0x40, 0x4, 0x10, 0x0, 0x0,
    0x0, 0x0, 0x4, 0xe0, 0xe, 0x30, 0x0, 0x0,
    0x1f, 0xff, 0xff, 0xe0, 0xe, 0xff, 0xff, 0xf1,
    0x0, 0x0, 0x4, 0xe0, 0xe, 0x30, 0x0, 0x0,
    0xc, 0xff, 0xff, 0xe0, 0xe, 0xff, 0xff, 0xd0,
    0x0, 0x0, 0x4, 0xe0, 0xe, 0x30, 0x0, 0x0,
    0x4f, 0xff, 0xff, 0xe0, 0xe, 0xff, 0xff, 0xf5,
    0x0, 0x0, 0x4, 0xd5, 0x4d, 0x40, 0x0, 0x0,
    0x0, 0x1, 0x11, 0x18, 0x81, 0x11, 0x10, 0x0,
    0x0, 0xef, 0xff, 0xff, 0xff, 0xff, 0xfe, 0x0,
    0x0, 0xe3, 0x0, 0x8, 0x70, 0x0, 0x3e, 0x0,
    0x0, 0xe6, 0x33, 0x3a, 0x93, 0x33, 0x6e, 0x0,
    0x0, 0xed, 0xcc, 0xce, 0xec, 0xcc, 0xdb, 0x0,
    0x0, 0x20, 0x0, 0x8, 0x70, 0x0, 0xb7, 0x0,
    0x2c, 0xcd, 0xdd, 0xde, 0xfe, 0xef, 0xff, 0x90,
    0x5, 0x54, 0x43, 0x32, 0x22, 0x11, 0x11, 0xb2,
    0x0, 0x0, 0x0, 0x0, 0x0, 0x0, 0x0, 0x0,

    /* U+871E "蜞" */
    0x0, 0x7, 0x0, 0x0, 0x70, 0x0, 0x6, 0x10,
    0x0, 0xf, 0x0, 0x1, 0xf1, 0x0, 0xf, 0x30,
    0x0, 0xf, 0x0, 0x26, 0xf6, 0x55, 0x5f, 0x73,
    0xc, 0xcf, 0xcc, 0x6c, 0xfc, 0xbb, 0xbf, 0xc6,
    0x1f, 0x4f, 0x4f, 0x11, 0xf1, 0x0, 0xf, 0x30,
    0x1e, 0xf, 0xf, 0x11, 0xf2, 0x11, 0x1f, 0x30,
    0x1e, 0xf, 0xf, 0x11, 0xff, 0xff, 0xff, 0x30,
    0x1e, 0xf, 0xf, 0x11, 0xf1, 0x0, 0xf, 0x30,
    0x1f, 0x3f, 0x3f, 0x11, 0xf5, 0x44, 0x4f, 0x30,
    0x1f, 0xdf, 0xdd, 0x1, 0xfc, 0xcc, 0xcf, 0x30,
    0x5, 0xf, 0x2, 0x1, 0xf1, 0x0, 0xf, 0x30,
    0x0, 0xf, 0x2d, 0xae, 0xfe, 0xee, 0xef, 0xeb,
    0x0, 0x1f, 0x4f, 0x42, 0x37, 0x22, 0x73, 0x22,
    0xaf, 0xff, 0xdd, 0x70, 0xad, 0x0, 0xcc, 0x10,
    0x33, 0x10, 0x4, 0x7c, 0xd1, 0x0, 0xb, 0xd1,
    0x0, 0x0, 0x0, 0x6b, 0x10, 0x0, 0x0, 0xb4,
    0x0, 0x0, 0x0, 0x0, 0x0, 0x0, 0x0, 0x0,

    /* U+8722 "蜢" */
    0x0, 0xe, 0x0, 0x1, 0x33, 0x33, 0x33, 0x30,
    0x0, 0x0, 0xf0, 0x0, 0x6d, 0xdd, 0xdd, 0xfe,
    0x0, 0x4, 0x4f, 0x44, 0x0, 0x0, 0x4, 0xda,
    0x10, 0x0, 0xfa, 0xfa, 0xf0, 0x0, 0x0, 0xf4,
    0x0, 0x0, 0xe, 0xf, 0xe, 0x6f, 0xff, 0xff,
    0xff, 0xfe, 0x0, 0xe0, 0xf0, 0xe0, 0x11, 0x11,
    0xf3, 0x11, 0x10, 0xe, 0xf, 0xe, 0x0, 0x34,
    0x5f, 0x0, 0x0, 0x0, 0xf8, 0xf8, 0xf0, 0x8,
    0xfe, 0x80, 0x0, 0x0, 0xf, 0xaf, 0xa9, 0x1,
    0x11, 0x11, 0x11, 0x10, 0x0, 0x40, 0xf0, 0x1,
    0xff, 0xff, 0xff, 0xff, 0x60, 0x0, 0xf, 0x38,
    0x1f, 0x9, 0x61, 0xe0, 0x96, 0x0, 0x0, 0xf2,
    0xd1, 0xf0, 0x96, 0x1e, 0x9, 0x60, 0x14, 0x6f,
    0xcf, 0x1f, 0x9, 0x61, 0xe0, 0x96, 0x7, 0xfc,
    0x96, 0xd3, 0xf0, 0x96, 0x1e, 0x9, 0x60, 0x10,
    0x0, 0x0, 0xff, 0xff, 0xff, 0xff, 0xff, 0x10,

    /* U+8723 "蜣" */
    0x0, 0x0, 0x0, 0x0, 0x0, 0x0, 0x0, 0x0,
    0x0, 0xf, 0x0, 0x1, 0xd2, 0x0, 0xd, 0x30,
    0x0, 0xf, 0x0, 0x0, 0xad, 0x0, 0x7d, 0x0,
    0x3, 0x3f, 0x33, 0x17, 0x8e, 0x87, 0xea, 0x74,
    0x1f, 0xcf, 0xcf, 0x29, 0x99, 0xdc, 0x99, 0x95,
    0x1e, 0xf, 0xe, 0x10, 0x0, 0xb6, 0x0, 0x0,
    0x1e, 0xf, 0xe, 0x1b, 0xff, 0xff, 0xff, 0xf0,
    0x1e, 0xf, 0xe, 0x10, 0x11, 0xe4, 0x11, 0x10,
    0x1f, 0x8f, 0x8f, 0x11, 0x11, 0xf3, 0x11, 0x11,
    0x1f, 0x8f, 0x88, 0x7f, 0xff, 0xff, 0xff, 0xfb,
    0x7, 0xf, 0x2, 0x0, 0x8, 0xb7, 0x0, 0x0,
    0x0, 0xf, 0x1f, 0x0, 0xd, 0x7f, 0x0, 0x0,
    0x0, 0xf, 0xc, 0x50, 0x6e, 0x2f, 0x0, 0x4a,
    0x37, 0xaf, 0xff, 0xa3, 0xf5, 0x1f, 0x0, 0x6b,
    0x8b, 0x84, 0x12, 0x9e, 0x90, 0xf, 0x31, 0xb8,
    0x0, 0x0, 0x1, 0xea, 0x0, 0x9, 0xff, 0xc1,
    0x0, 0x0, 0x0, 0x30, 0x0, 0x0, 0x0, 0x0,

    /* U+8725 "蜥" */
    0x0, 0x15, 0x0, 0x1, 0x40, 0x0, 0x0, 0x0,
    0x0, 0x2d, 0x0, 0x3, 0xd0, 0x0, 0x25, 0x85,
    0x0, 0x2d, 0x0, 0x3, 0xd0, 0x2f, 0xfd, 0xb6,
    0x5, 0x7e, 0x54, 0x3, 0xd0, 0x2e, 0x0, 0x0,
    0x1f, 0xbf, 0xbc, 0xcf, 0xff, 0x8e, 0x0, 0x0,
    0x1d, 0x2d, 0x2c, 0x8, 0xd0, 0x2e, 0x0, 0x0,
    0x1d, 0x2d, 0x2c, 0xd, 0xd0, 0x2f, 0xff, 0xfe,
    0x1d, 0x2d, 0x2c, 0x2e, 0xfb, 0x2e, 0x2c, 0x62,
    0x1f, 0xcf, 0xcc, 0x9a, 0xda, 0xae, 0xc, 0x40,
    0x1e, 0x6e, 0x45, 0xf4, 0xd0, 0x3d, 0xc, 0x40,
    0x4, 0x2d, 0x5, 0xa3, 0xd0, 0x4d, 0xc, 0x40,
    0x0, 0x2d, 0x16, 0x13, 0xd0, 0x6a, 0xc, 0x40,
    0x0, 0x2e, 0x4d, 0x3, 0xd0, 0xa7, 0xc, 0x40,
    0x8e, 0xff, 0xdf, 0x3, 0xd0, 0xf2, 0xc, 0x40,
    0x33, 0x10, 0xc, 0x33, 0xd8, 0xc0, 0xc, 0x40,
    0x0, 0x0, 0x1, 0x3, 0xb6, 0x30, 0xc, 0x40,

    /* U+8729 "蜩" */
    0x0, 0x1e, 0x0, 0x1, 0x11, 0x11, 0x11, 0x10,
    0x0, 0x1e, 0x0, 0x4f, 0xff, 0xff, 0xff, 0xf0,
    0x7, 0x7f, 0x76, 0x4c, 0x0, 0x85, 0x0, 0xf0,
    0x1f, 0xbf, 0xbe, 0x4c, 0x12, 0xb7, 0x20, 0xf0,
    0x1e, 0x1e, 0x1e, 0x4c, 0x6d, 0xee, 0xd3, 0xf0,
    0x1e, 0x1e, 0x1e, 0x4c, 0x0, 0xa6, 0x0, 0xf0,
    0x1e, 0x1e, 0x1e, 0x4c, 0xef, 0xff, 0xf9, 0xf0,
    0x1f, 0xdf, 0xde, 0x4c, 0x0, 0x0, 0x0, 0xf0,
    0x1e, 0x1e, 0x0, 0x4b, 0x3f, 0xff, 0xd0, 0xf0,
    0x0, 0x1e, 0x47, 0x5b, 0x4c, 0x12, 0xe0, 0xf0,
    0x0, 0x1e, 0x2d, 0x6a, 0x4c, 0x1, 0xe0, 0xf0,
    0x13, 0x6f, 0xbf, 0xc9, 0x4f, 0xff, 0xe0, 0xf0,
    0xaf, 0xc9, 0x59, 0xf6, 0x39, 0x0, 0x0, 0xf0,
    0x10, 0x0, 0x0, 0xf3, 0x0, 0x2, 0x24, 0xf0,
    0x0, 0x0, 0x2, 0xd0, 0x0, 0x8, 0xff, 0x70,
    0x0, 0x0, 0x0, 0x10, 0x0, 0x0, 0x0, 0x0,

    /* U+872E "蜮" */
    0x0, 0x2d, 0x0, 0x0, 0x0, 0xd, 0x59, 0x10,
    0x0, 0x2e, 0x0, 0x0, 0x0, 0xd, 0x48, 0xd0,
    0x3, 0x4e, 0x32, 0x24, 0x44, 0x4e, 0x74, 0x72,
    0x1f, 0xdf, 0xdd, 0x5c, 0xcc, 0xcf, 0xdc, 0xc6,
    0x1d, 0x2e, 0x1d, 0x0, 0x0, 0xd, 0x40, 0x0,
    0x1d, 0x2e, 0x1d, 0x3e, 0xee, 0x2c, 0x40, 0x93,
    0x1d, 0x2e, 0x1d, 0x4a, 0xc, 0x3c, 0x51, 0xf1,
    0x1e, 0x8f, 0x7d, 0x4a, 0xc, 0x3a, 0x67, 0xa0,
    0x1f, 0xbf, 0xa8, 0x4a, 0xc, 0x39, 0x8e, 0x30,
    0x6, 0x2e, 0x0, 0x4f, 0xef, 0x37, 0xea, 0x0,
    0x0, 0x2e, 0x48, 0x13, 0x1, 0x5, 0xf2, 0x12,
    0x0, 0x2e, 0x5b, 0x14, 0x7a, 0xbd, 0xf1, 0x4d,
    0x7d, 0xff, 0xfe, 0xbd, 0xa7, 0xec, 0xc6, 0x5b,
    0x46, 0x31, 0xd, 0x10, 0xc, 0xd1, 0x5e, 0xb8,
    0x0, 0x0, 0x3, 0x0, 0x5d, 0x10, 0x9, 0xe3,
    0x0, 0x0, 0x0, 0x0, 0x0, 0x0, 0x0, 0x0,

    /* U+8731 "蜱" */
    0x0, 0x8, 0x0, 0x0, 0x1, 0x60, 0x0, 0x0,
    0x0, 0xf, 0x0, 0x0, 0x7, 0xb0, 0x0, 0x0,
    0x0, 0xf, 0x0, 0xd, 0xef, 0xfe, 0xee, 0xd0,
    0x1e, 0xef, 0xee, 0x1e, 0x32, 0xc6, 0x23, 0xf0,
    0x1e, 0x2f, 0x2e, 0x1e, 0x20, 0xc4, 0x1, 0xf0,
    0x1e, 0xf, 0xe, 0x1e, 0xee, 0xfe, 0xee, 0xf0,
    0x1e, 0xf, 0xe, 0x1e, 0x31, 0xe4, 0x13, 0xf0,
    0x1e, 0xf, 0xe, 0x1e, 0x20, 0xf1, 0x1, 0xf0,
    0x1f, 0x3f, 0x3f, 0x1e, 0x99, 0xf8, 0x89, 0xf0,
    0x1f, 0xcf, 0xcc, 0x7, 0x9f, 0xaa, 0x98, 0xb0,
    0x5, 0xf, 0x13, 0x3, 0xda, 0xe, 0x40, 0x0,
    0x0, 0xf, 0x3c, 0xd, 0x80, 0xe, 0x40, 0x0,
    0x0, 0x2f, 0x6f, 0xaf, 0xff, 0xff, 0xff, 0xfd,
    0xaf, 0xfd, 0xad, 0x61, 0x11, 0x1e, 0x51, 0x11,
    0x21, 0x0, 0x5, 0x50, 0x0, 0xe, 0x40, 0x0,
    0x0, 0x0, 0x0, 0x0, 0x0, 0xe, 0x40, 0x0,

    /* U+8734 "蜴" */
    0x0, 0x6, 0x0, 0x0, 0x0, 0x0, 0x0, 0x0,
    0x0, 0xf, 0x0, 0xb, 0xdd, 0xdd, 0xdd, 0x20,
    0x0, 0xf, 0x0, 0xd, 0x52, 0x22, 0x2e, 0x20,
    0x2, 0x2f, 0x22, 0xd, 0x30, 0x0, 0xe, 0x20,
    0x1f, 0xdf, 0xdf, 0x1d, 0xff, 0xff, 0xff, 0x20,
    0x1e, 0xf, 0xe, 0x1d, 0x30, 0x0, 0xe, 0x20,
    0x1e, 0xf, 0xe, 0x1d, 0xff, 0xff, 0xff, 0x20,
    0x1e, 0xf, 0xe, 0x12, 0x90, 0x0, 0x7, 0x10,
    0x1e, 0xf, 0xe, 0x19, 0xc5, 0x55, 0x55, 0x50,
    0x1f, 0xff, 0xff, 0x3e, 0xbe, 0xdb, 0xfb, 0xf0,
    0x1d, 0xf, 0x0, 0xc7, 0xe, 0x35, 0xc1, 0xf0,
    0x0, 0xf, 0x2, 0x80, 0x9a, 0xd, 0x52, 0xf0,
    0x0, 0xf, 0x3d, 0x7, 0xd1, 0x6d, 0x3, 0xe0,
    0x0, 0x1f, 0x7f, 0x7d, 0x22, 0xf4, 0x4, 0xd0,
    0x8f, 0xfc, 0x9c, 0x61, 0x2e, 0x92, 0x1a, 0xa0,
    0x22, 0x0, 0x5, 0x40, 0xd9, 0xf, 0xfd, 0x20,
    0x0, 0x0, 0x0, 0x0, 0x10, 0x0, 0x0, 0x0,

    /* U+8737 "蜷" */
    0x0, 0x4, 0x0, 0x0, 0x0, 0x22, 0x0, 0x0,
    0x0, 0xe, 0x0, 0x7, 0x50, 0x96, 0x7, 0x60,
    0x0, 0xe, 0x0, 0x3, 0xe1, 0xb5, 0x2f, 0x20,
    0xa, 0xaf, 0xa9, 0x0, 0x61, 0xe2, 0x36, 0x0,
    0x1e, 0x6f, 0x6f, 0x3f, 0xff, 0xff, 0xff, 0xf1,
    0x1d, 0xe, 0xf, 0x1, 0x16, 0xc1, 0x11, 0x10,
    0x1d, 0xe, 0xf, 0x1, 0x1a, 0x81, 0x11, 0x10,
    0x1d, 0xe, 0xf, 0xaf, 0xff, 0xff, 0xff, 0xf9,
    0x1f, 0x9f, 0x9f, 0x0, 0xb9, 0x1, 0xe3, 0x0,
    0x1e, 0x7f, 0x66, 0x8, 0xf5, 0x44, 0x9e, 0x20,
    0x0, 0xe, 0x1, 0x9d, 0xfc, 0xbb, 0xf7, 0xe6,
    0x0, 0xe, 0x2c, 0x61, 0xf2, 0x0, 0xf1, 0x12,
    0x2, 0x5f, 0x9f, 0x20, 0xf2, 0xae, 0xc1, 0xb0,
    0xaf, 0xfc, 0x9a, 0x80, 0xf2, 0x12, 0x3, 0xd0,
    0x33, 0x0, 0x3, 0xa0, 0xe5, 0x11, 0x1a, 0xa0,
    0x0, 0x0, 0x0, 0x0, 0x7f, 0xff, 0xfd, 0x20,
    0x0, 0x0, 0x0, 0x0, 0x0, 0x0, 0x0, 0x0,

    /* U+873B "蜻" */
    0x0, 0x2, 0x0, 0x0, 0x0, 0x23, 0x0, 0x0,
    0x0, 0xe, 0x10, 0x0, 0x0, 0x7a, 0x0, 0x0,
    0x0, 0xe, 0x10, 0x5f, 0xff, 0xff, 0xff, 0xf7,
    0x8, 0x8f, 0x98, 0x0, 0x0, 0x7a, 0x0, 0x0,
    0x1f, 0x7f, 0x7f, 0x1d, 0xff, 0xff, 0xff, 0xf1,
    0x1e, 0xe, 0x1e, 0x10, 0x0, 0x7a, 0x0, 0x0,
    0x1e, 0xe, 0x1e, 0x9e, 0xee, 0xef, 0xee, 0xea,
    0x1e, 0xe, 0x1e, 0x21, 0x11, 0x11, 0x11, 0x11,
    0x1f, 0xef, 0xef, 0x19, 0xff, 0xff, 0xff, 0xc0,
    0x1e, 0x2e, 0x32, 0xa, 0x70, 0x0, 0x4, 0xd0,
    0x0, 0xe, 0x38, 0xa, 0xed, 0xdd, 0xdd, 0xd0,
    0x0, 0xe, 0x1f, 0x1a, 0x71, 0x11, 0x14, 0xd0,
    0x3, 0x5f, 0xbf, 0x8a, 0xfe, 0xee, 0xef, 0xd0,
    0x9f, 0xc9, 0x67, 0xda, 0x70, 0x0, 0x4, 0xd0,
    0x10, 0x0, 0x1, 0x2a, 0x60, 0x14, 0x39, 0xc0,
    0x0, 0x0, 0x0, 0xa, 0x60, 0x1d, 0xdc, 0x40,

    /* U+873E "蜾" */
    0x0, 0xe, 0x0, 0x3, 0x44, 0x44, 0x44, 0x40,
    0x0, 0x0, 0xf0, 0x0, 0xdc, 0xbd, 0xeb, 0xbf,
    0x10, 0x8, 0x8f, 0x88, 0x1d, 0x40, 0x6a, 0x0,
    0xf1, 0x1, 0xe5, 0xf4, 0xf2, 0xde, 0xde, 0xfd,
    0xdf, 0x10, 0x1e, 0xf, 0xe, 0x2d, 0x52, 0x8b,
    0x22, 0xf1, 0x1, 0xe0, 0xf0, 0xe2, 0xd4, 0x6,
    0xa0, 0xf, 0x10, 0x1e, 0xf, 0xe, 0x2d, 0xff,
    0xff, 0xff, 0xf1, 0x1, 0xff, 0xff, 0xf2, 0xd4,
    0x17, 0xb1, 0x1f, 0x10, 0x1e, 0x5f, 0x55, 0x12,
    0x11, 0x7b, 0x11, 0x31, 0x0, 0x0, 0xf1, 0x95,
    0xff, 0xff, 0xff, 0xff, 0xc0, 0x0, 0xf, 0xf,
    0x20, 0x6, 0xff, 0x70, 0x0, 0x0, 0x14, 0xf9,
    0xe8, 0x7, 0xd8, 0xbc, 0x60, 0x0, 0xaf, 0xc9,
    0x77, 0xbb, 0xd1, 0x6a, 0x1d, 0xa1, 0x1, 0x0,
    0x0, 0x1f, 0x90, 0x6, 0xa0, 0xa, 0xd0, 0x0,
    0x0, 0x0, 0x20, 0x0, 0x6a, 0x0, 0x1, 0x0,

    /* U+873F "蜿" */
    0x0, 0x0, 0x0, 0x0, 0x0, 0x0, 0x0, 0x0,
    0x0, 0xc, 0x0, 0x0, 0x0, 0xa6, 0x0, 0x0,
    0x0, 0xf, 0x0, 0x14, 0x44, 0x7b, 0x44, 0x41,
    0x0, 0xf, 0x0, 0x4f, 0xdd, 0xdd, 0xdd, 0xe7,
    0xe, 0xef, 0xed, 0x4b, 0x0, 0x0, 0x0, 0x97,
    0xe, 0x1f, 0x1e, 0x15, 0xf1, 0x11, 0x33, 0x52,
    0xe, 0xf, 0xe, 0x6, 0xff, 0xe8, 0xee, 0xf1,
    0xe, 0xf, 0xe, 0xa, 0x62, 0xe8, 0x60, 0xd1,
    0xe, 0x1f, 0x1e, 0x2f, 0x13, 0xc8, 0x60, 0xe1,
    0xf, 0xef, 0xed, 0xa9, 0x6, 0xa8, 0x60, 0xe0,
    0x7, 0xf, 0x0, 0xd6, 0xcb, 0x68, 0x85, 0xf0,
    0x0, 0xf, 0x28, 0x0, 0x7f, 0x28, 0x9c, 0x70,
    0x0, 0xf, 0x1e, 0x0, 0x8c, 0x8, 0x60, 0x2a,
    0x0, 0x3f, 0x9f, 0x32, 0xf3, 0x8, 0x60, 0x3c,
    0x7f, 0xfc, 0x9b, 0x7e, 0x80, 0x7, 0xa1, 0x99,
    0x23, 0x0, 0x0, 0xc9, 0x0, 0x2, 0xef, 0xd2,
    0x0, 0x0, 0x0, 0x10, 0x0, 0x0, 0x0, 0x0,

    /* U+8748 "蝈" */
    0x0, 0x1d, 0x0, 0x12, 0x22, 0x22, 0x22, 0x20,
    0x0, 0x2e, 0x0, 0x7f, 0xee, 0xee, 0xee, 0xf2,
    0x6, 0x7f, 0x65, 0x78, 0x0, 0x0, 0x0, 0xf2,
    0x1f, 0x8f, 0x8d, 0x78, 0xdf, 0xff, 0xf6, 0xf2,
    0x1e, 0x2e, 0x1d, 0x78, 0x11, 0xf2, 0x10, 0xf2,
    0x1e, 0x2e, 0x1d, 0x78, 0x0, 0xf1, 0x0, 0xf2,
    0x1e, 0x2e, 0x1d, 0x78, 0x9d, 0xfd, 0xd3, 0xf2,
    0x1f, 0xdf, 0xdd, 0x78, 0x12, 0xf4, 0x40, 0xf2,
    0x1e, 0x5e, 0x33, 0x78, 0x0, 0xf6, 0xc0, 0xf2,
    0x4, 0x2e, 0x0, 0x78, 0x0, 0xf1, 0xd2, 0xf2,
    0x0, 0x2e, 0x27, 0x79, 0x44, 0xf5, 0x52, 0xf2,
    0x0, 0x2e, 0x2c, 0x79, 0xcc, 0xcc, 0xc6, 0xf2,
    0x5a, 0xcf, 0xde, 0x78, 0x0, 0x0, 0x0, 0xf2,
    0x45, 0x30, 0xd, 0x9f, 0xff, 0xff, 0xff, 0xf2,
    0x0, 0x0, 0x2, 0x79, 0x11, 0x11, 0x11, 0xf2,

    /* U+874C "蝌" */
    0x0, 0x4, 0x0, 0x0, 0x0, 0x0, 0x5, 0x10,
    0x0, 0x2e, 0x0, 0x56, 0x8a, 0x50, 0xe, 0x30,
    0x0, 0x2e, 0x0, 0xbb, 0xf7, 0x42, 0xe, 0x30,
    0x8, 0x9f, 0x86, 0x1, 0xe0, 0x4d, 0xe, 0x30,
    0x1e, 0x9f, 0x9d, 0x1, 0xe0, 0x9, 0x8e, 0x30,
    0x1d, 0x2e, 0x1d, 0xcf, 0xff, 0x61, 0x1e, 0x30,
    0x1d, 0x2e, 0x1d, 0x16, 0xe1, 0x72, 0xe, 0x30,
    0x1d, 0x2e, 0x1d, 0xa, 0xf7, 0x5d, 0xe, 0x30,
    0x1f, 0xdf, 0xdd, 0xd, 0xed, 0x48, 0x4e, 0x30,
    0x1e, 0x5e, 0x32, 0x59, 0xe4, 0x50, 0xe, 0x30,
    0x3, 0x2e, 0x0, 0xc4, 0xe0, 0x46, 0x8f, 0xc8,
    0x0, 0x2e, 0x3b, 0xc1, 0xe1, 0xca, 0x8e, 0x72,
    0x0, 0x2e, 0x4d, 0x11, 0xe0, 0x0, 0xe, 0x30,
    0x8e, 0xff, 0xef, 0x1, 0xe0, 0x0, 0xe, 0x30,
    0x34, 0x20, 0xd, 0x31, 0xe0, 0x0, 0xe, 0x30,
    0x0, 0x0, 0x2, 0x1, 0xe0, 0x0, 0xe, 0x30,

    /* U+8753 "蝓" */
    0x0, 0x1d, 0x0, 0x0, 0x2, 0xe9, 0x0, 0x0,
    0x0, 0x1e, 0x0, 0x0, 0xd, 0x8e, 0x40, 0x0,
    0x0, 0x2e, 0x0, 0x0, 0xaa, 0x4, 0xf3, 0x0,
    0x1f, 0xef, 0xed, 0xb, 0xc2, 0x22, 0x7f, 0x60,
    0x1d, 0x1e, 0x1d, 0xc9, 0xbd, 0xdd, 0xd6, 0xd6,
    0x1d, 0x1e, 0x1d, 0x23, 0x33, 0x10, 0x2, 0x60,
    0x1d, 0x1e, 0x1d, 0x3f, 0xde, 0x74, 0x64, 0xc0,
    0x1e, 0x4e, 0x4d, 0x3a, 0x8, 0x76, 0x94, 0xc0,
    0x1f, 0xbf, 0xb9, 0x3e, 0xad, 0x76, 0x94, 0xc0,
    0x4, 0x1e, 0x12, 0x3b, 0x3a, 0x76, 0x94, 0xc0,
    0x0, 0x1e, 0x5a, 0x3b, 0x4a, 0x76, 0x94, 0xc0,
    0x0, 0x1e, 0x1d, 0x3d, 0x9c, 0x76, 0x94, 0xc0,
    0x48, 0xaf, 0xef, 0x4a, 0x8, 0x70, 0x4, 0xc0,
    0x58, 0x53, 0xa, 0x7a, 0x2b, 0x72, 0x39, 0xb0,
    0x0, 0x0, 0x1, 0x3a, 0xcc, 0x26, 0xdd, 0x40,

    /* U+8759 "蝙" */
    0x0, 0x5, 0x0, 0x0, 0x0, 0x60, 0x0, 0x0,
    0x2, 0xe0, 0x0, 0x0, 0x1f, 0x50, 0x0, 0x0,
    0x2e, 0x0, 0x5e, 0xee, 0xff, 0xee, 0xb0, 0xbb,
    0xfb, 0x96, 0x92, 0x22, 0x22, 0x3d, 0x1e, 0x7f,
    0x7d, 0x68, 0x0, 0x0, 0x2, 0xd1, 0xd2, 0xe1,
    0xd6, 0xff, 0xff, 0xff, 0xfd, 0x1d, 0x2e, 0x1d,
    0x69, 0x0, 0x0, 0x1, 0x71, 0xd2, 0xe1, 0xd6,
    0x86, 0x66, 0x66, 0x66, 0x1f, 0xff, 0xfd, 0x69,
    0xf9, 0xf9, 0xf9, 0xf1, 0xd2, 0xe1, 0x7, 0x8d,
    0xf, 0xe, 0x1f, 0x0, 0x2e, 0x26, 0x96, 0xd0,
    0xf0, 0xe1, 0xf0, 0x2, 0xe1, 0xeb, 0x4f, 0xff,
    0xff, 0xff, 0x0, 0x4f, 0x8f, 0xf2, 0xd0, 0xf0,
    0xe1, 0xf9, 0xfe, 0xb8, 0xab, 0x1d, 0xf, 0xe,
    0x1f, 0x21, 0x0, 0xc, 0x61, 0xd0, 0xf0, 0xe3,
    0xf0, 0x0, 0x0, 0xa0, 0x1d, 0x4, 0x5, 0xf9,
    0x0, 0x0, 0x0, 0x0, 0x0, 0x0, 0x0, 0x0,

    /* U+8760 "蝠" */
    0x0, 0x8, 0x0, 0x0, 0x0, 0x0, 0x0, 0x0,
    0x0, 0xf, 0x0, 0x5b, 0xbb, 0xbb, 0xbb, 0xb2,
    0x0, 0xf, 0x0, 0x24, 0x44, 0x44, 0x44, 0x40,
    0x9, 0x9f, 0x99, 0x1, 0x11, 0x11, 0x11, 0x0,
    0x1f, 0x9f, 0x9f, 0xc, 0xed, 0xdd, 0xdf, 0x40,
    0x1e, 0xf, 0xe, 0xc, 0x50, 0x0, 0xd, 0x40,
    0x1e, 0xf, 0xe, 0xc, 0xee, 0xee, 0xef, 0x40,
    0x1e, 0xf, 0xe, 0xc, 0x61, 0x11, 0x1d, 0x40,
    0x1e, 0x3f, 0x3e, 0x13, 0x22, 0x22, 0x23, 0x20,
    0x1f, 0xdf, 0xdd, 0x5f, 0xdd, 0xfd, 0xdd, 0xe0,
    0x5, 0xf, 0x13, 0x5b, 0x0, 0xd4, 0x3, 0xe0,
    0x0, 0xf, 0x2c, 0x5e, 0xcc, 0xfd, 0xcd, 0xe0,
    0x13, 0x5f, 0x9f, 0x6b, 0x22, 0xd6, 0x25, 0xe0,
    0xaf, 0xda, 0x8c, 0xab, 0x0, 0xd4, 0x3, 0xe0,
    0x0, 0x0, 0x1, 0x5f, 0xee, 0xff, 0xee, 0xe0,
    0x0, 0x0, 0x0, 0x5b, 0x0, 0x0, 0x3, 0xe0,

    /* U+8763 "蝣" */
    0x0, 0x0, 0x0, 0x0, 0x0, 0x0, 0x0, 0x0,
    0x0, 0x1d, 0x0, 0x8, 0x60, 0x8, 0x70, 0x0,
    0x0, 0x2e, 0x0, 0x3, 0xd0, 0xc, 0x40, 0x0,
    0x3, 0x4e, 0x32, 0x23, 0x73, 0x1f, 0xcb, 0xb6,
    0xf, 0xdf, 0xdc, 0x9f, 0xdd, 0xbb, 0x55, 0x53,
    0xe, 0x2e, 0x1c, 0xe, 0x0, 0xd6, 0x44, 0x41,
    0xe, 0x2e, 0x1c, 0xe, 0x0, 0x78, 0xab, 0xf3,
    0xe, 0x2e, 0x1c, 0xf, 0xff, 0x20, 0x8, 0xa0,
    0xf, 0xaf, 0xac, 0xe, 0x1d, 0x20, 0x3d, 0x0,
    0xe, 0x5e, 0x43, 0x1d, 0xd, 0x8c, 0xde, 0xc8,
    0x1, 0x2e, 0x0, 0x1c, 0xe, 0x44, 0x8c, 0x43,
    0x0, 0x2e, 0x49, 0x3b, 0xe, 0x10, 0x5b, 0x0,
    0x0, 0x2e, 0x3c, 0x68, 0xf, 0x0, 0x5b, 0x0,
    0x5a, 0xcf, 0xfe, 0x95, 0xf, 0x0, 0x5b, 0x0,
    0x6b, 0x86, 0x4e, 0xe3, 0x4e, 0x0, 0x6a, 0x0,
    0x0, 0x0, 0x6, 0xa8, 0xf8, 0x2f, 0xf5, 0x0,
    0x0, 0x0, 0x0, 0x10, 0x0, 0x2, 0x10, 0x0,

    /* U+8764 "蝤" */
    0x0, 0x0, 0x0, 0x0, 0x0, 0x0, 0x0, 0x0,
    0x0, 0xe, 0x0, 0x0, 0xc4, 0x0, 0x1e, 0x10,
    0x0, 0x1f, 0x0, 0x0, 0x3e, 0x0, 0xb9, 0x0,
    0x3, 0x3f, 0x32, 0x4c, 0xcd, 0xcc, 0xfc, 0xc8,
    0x1f, 0xdf, 0xdf, 0x14, 0x4d, 0x75, 0xf4, 0x43,
    0x1e, 0x1f, 0xf, 0x1, 0x1c, 0x52, 0xe1, 0x10,
    0x1e, 0x1f, 0xf, 0x1f, 0xff, 0xff, 0xff, 0xf2,
    0x1e, 0x1f, 0xf, 0x1f, 0xc, 0x31, 0xe0, 0xe2,
    0x1e, 0x4f, 0x3f, 0x1f, 0xf, 0x11, 0xf1, 0xe2,
    0x1f, 0xdf, 0xdc, 0x1f, 0x9a, 0x0, 0xcf, 0xf2,
    0xa, 0x1f, 0x0, 0x1f, 0xa1, 0x0, 0x0, 0xe2,
    0x0, 0x1f, 0x2c, 0x1f, 0xdd, 0xdd, 0xdd, 0xf2,
    0x0, 0x1f, 0xf, 0x1f, 0x33, 0x33, 0x33, 0xf2,
    0x15, 0x7f, 0xaf, 0x4f, 0x0, 0x0, 0x0, 0xe2,
    0x6e, 0xc9, 0x7b, 0x7f, 0xff, 0xff, 0xff, 0xf2,
    0x0, 0x0, 0x1, 0x1f, 0x11, 0x11, 0x11, 0xe2,

    /* U+8765 "蝥" */
    0x0, 0x0, 0x0, 0x0, 0x0, 0x40, 0x0, 0x0,
    0xa, 0xaa, 0xaa, 0xaa, 0x13, 0xd0, 0x0, 0x0,
    0x2, 0xb4, 0x25, 0xe9, 0x1d, 0xed, 0xdd, 0xd2,
    0x0, 0x4b, 0xbd, 0x30, 0xae, 0x80, 0x3d, 0x0,
    0x3b, 0xbb, 0xeb, 0xbb, 0x32, 0xe1, 0xb6, 0x0,
    0x1, 0x2c, 0xad, 0x2e, 0x0, 0x8e, 0xc0, 0x0,
    0x5, 0xe7, 0x2d, 0x59, 0x2, 0xce, 0xe5, 0x0,
    0x7d, 0x43, 0x7b, 0x1, 0xbf, 0x80, 0x5e, 0xe5,
    0x0, 0x1c, 0xb3, 0x2, 0x71, 0x0, 0x0, 0x51,
    0x0, 0xcc, 0xcc, 0xce, 0xec, 0xcc, 0xcc, 0x0,
    0x0, 0xf3, 0x22, 0x2a, 0xa2, 0x22, 0x3f, 0x0,
    0x0, 0xf1, 0x0, 0x9, 0x90, 0x0, 0xf, 0x0,
    0x0, 0xff, 0xff, 0xff, 0xff, 0xff, 0xff, 0x0,
    0x0, 0x30, 0x0, 0x9, 0x90, 0x0, 0xc6, 0x0,
    0x13, 0x33, 0x44, 0x5b, 0xb6, 0x77, 0xbf, 0x50,
    0x7e, 0xed, 0xcc, 0xbb, 0xaa, 0x98, 0x88, 0xf3,
    0x0, 0x0, 0x0, 0x0, 0x0, 0x0, 0x0, 0x30,

    /* U+876E "蝮" */
    0x0, 0x1, 0x0, 0x0, 0x0, 0x0, 0x0, 0x0,
    0x0, 0x1e, 0x0, 0x1, 0xf2, 0x0, 0x0, 0x0,
    0x0, 0x1e, 0x0, 0xa, 0xfc, 0xcc, 0xcc, 0xc2,
    0x4, 0x5f, 0x43, 0x6e, 0x44, 0x44, 0x44, 0x40,
    0x1f, 0xcf, 0xce, 0xed, 0xaa, 0xaa, 0xaa, 0x90,
    0x1e, 0x1e, 0x1e, 0x1e, 0x53, 0x33, 0x35, 0xe0,
    0x1e, 0x1e, 0x1e, 0xe, 0xee, 0xee, 0xee, 0xe0,
    0x1e, 0x1e, 0x1e, 0xe, 0x20, 0x0, 0x2, 0xe0,
    0x1f, 0xbf, 0xbe, 0xe, 0xed, 0xdd, 0xdd, 0xe0,
    0x1e, 0x6f, 0x54, 0x1, 0x95, 0x22, 0x23, 0xb0,
    0x8, 0x1e, 0x17, 0x7, 0xfc, 0xcc, 0xcc, 0xb0,
    0x0, 0x1e, 0xe, 0x6f, 0xe4, 0x33, 0x4d, 0x90,
    0x1, 0x4f, 0x7f, 0x93, 0x7e, 0x42, 0xda, 0x0,
    0x7f, 0xec, 0x9c, 0x60, 0x7, 0xff, 0xa0, 0x0,
    0x11, 0x0, 0x1, 0x47, 0xcf, 0xa9, 0xfd, 0x84,
    0x0, 0x0, 0x0, 0xeb, 0x61, 0x0, 0x16, 0xa5,

    /* U+8770 "蝰" */
    0x0, 0x0, 0x0, 0x0, 0x0, 0x0, 0x0, 0x0,
    0x0, 0xf, 0x0, 0x0, 0x1, 0xf1, 0x0, 0x0,
    0x0, 0xf, 0x0, 0x11, 0x18, 0xc1, 0x11, 0x10,
    0x0, 0xf, 0x0, 0x9e, 0xef, 0xef, 0xee, 0xe2,
    0x1f, 0xef, 0xef, 0x0, 0xaa, 0x5, 0xb0, 0x0,
    0x1e, 0xf, 0xf, 0x6, 0xd1, 0xb2, 0xab, 0x10,
    0x1e, 0xf, 0xf, 0x7f, 0x64, 0xe6, 0x4d, 0xe4,
    0x1e, 0xf, 0xf, 0x87, 0xbb, 0xfc, 0xb9, 0x61,
    0x1e, 0x4f, 0x4f, 0x0, 0x0, 0xe3, 0x0, 0x0,
    0x1f, 0x9f, 0x99, 0x7e, 0xee, 0xfe, 0xee, 0xe2,
    0x7, 0xf, 0x12, 0x0, 0x0, 0xc3, 0x0, 0x0,
    0x0, 0xf, 0x59, 0x0, 0x11, 0xd4, 0x11, 0x0,
    0x0, 0xf, 0x2d, 0xc, 0xee, 0xfe, 0xee, 0x30,
    0x37, 0x8f, 0xcf, 0x10, 0x0, 0xd3, 0x0, 0x0,
    0x47, 0x42, 0xa, 0xbe, 0xee, 0xfe, 0xee, 0xe3,
    0x0, 0x0, 0x1, 0x1, 0x11, 0x11, 0x11, 0x10,

    /* U+877B "蝻" */
    0x0, 0x5, 0x0, 0x0, 0x0, 0x25, 0x0, 0x0,
    0x0, 0x1e, 0x0, 0x0, 0x0, 0x5c, 0x0, 0x0,
    0x0, 0x1e, 0x0, 0x24, 0x44, 0x7d, 0x44, 0x43,
    0x4, 0x5e, 0x43, 0x8c, 0xcc, 0xdf, 0xcc, 0xca,
    0x1e, 0x8f, 0x8e, 0x0, 0x0, 0x5c, 0x0, 0x0,
    0x1e, 0x1e, 0x1e, 0x1f, 0xff, 0xff, 0xff, 0xf7,
    0x1e, 0x1e, 0x1e, 0x2f, 0x16, 0x11, 0x53, 0x97,
    0x1e, 0x1e, 0x1e, 0x2f, 0xd, 0x50, 0xd5, 0x97,
    0x1f, 0xef, 0xee, 0x2f, 0x6, 0xa6, 0xc1, 0x97,
    0x1e, 0x4e, 0x32, 0x2f, 0x5e, 0xef, 0xec, 0x97,
    0x0, 0x1e, 0x5, 0x2f, 0x0, 0x5b, 0x0, 0x97,
    0x0, 0x1e, 0x1f, 0x2f, 0x23, 0x7c, 0x33, 0x97,
    0x0, 0x1e, 0x4f, 0x5f, 0x7c, 0xdf, 0xcc, 0x97,
    0x7d, 0xfe, 0xbd, 0x8f, 0x0, 0x5b, 0x0, 0x97,
    0x34, 0x10, 0x7, 0x9f, 0x0, 0x5b, 0x22, 0xc7,
    0x0, 0x0, 0x0, 0x2f, 0x0, 0x49, 0xdf, 0xd2,
    0x0, 0x0, 0x0, 0x2, 0x0, 0x0, 0x0, 0x0,

    /* U+877C "蝼" */
    0x0, 0x1, 0x0, 0x0, 0x0, 0x10, 0x0, 0x0,
    0x0, 0x1f, 0x0, 0x2, 0x0, 0xe3, 0x2, 0x0,
    0x0, 0x1f, 0x0, 0xd, 0x70, 0xe3, 0x2e, 0x50,
    0x6, 0x6f, 0x65, 0x1, 0xd2, 0xe3, 0xc8, 0x0,
    0x1f, 0xaf, 0xaf, 0x25, 0x55, 0xe7, 0x65, 0x50,
    0x1f, 0x1f, 0xf, 0x4b, 0xbe, 0xff, 0xbb, 0xb1,
    0x1f, 0x1f, 0xf, 0x0, 0x6b, 0xe9, 0xb0, 0x0,
    0x1f, 0x1f, 0xf, 0x8, 0xc0, 0xe3, 0x7d, 0x60,
    0x1f, 0x5f, 0x5f, 0xaa, 0x0, 0xb2, 0x3, 0xc2,
    0x1f, 0x9f, 0x99, 0x10, 0xc, 0x60, 0x0, 0x0,
    0x7, 0x1f, 0x0, 0x9f, 0xff, 0xff, 0xff, 0xf5,
    0x0, 0x1f, 0xe, 0x1, 0xe2, 0x0, 0xd5, 0x0,
    0x0, 0x1f, 0xd, 0x37, 0xe7, 0x18, 0xc0, 0x0,
    0x6a, 0xcf, 0xff, 0x60, 0x2a, 0xff, 0x40, 0x0,
    0x78, 0x64, 0x26, 0x82, 0x7e, 0xca, 0xfa, 0x20,
    0x0, 0x0, 0x0, 0x8f, 0xc5, 0x0, 0x2b, 0xd0,
    0x0, 0x0, 0x0, 0x11, 0x0, 0x0, 0x0, 0x10,

    /* U+877D "蝽" */
    0x0, 0x4, 0x0, 0x0, 0x0, 0x61, 0x0, 0x0,
    0x0, 0x1, 0xe0, 0x0, 0x0, 0xf, 0x20, 0x0,
    0x0, 0x0, 0x1e, 0x0, 0x5f, 0xff, 0xff, 0xff,
    0xf3, 0x0, 0x78, 0xf7, 0x60, 0x0, 0x2f, 0x0,
    0x0, 0x0, 0x1f, 0xdf, 0xde, 0x3, 0x46, 0xe4,
    0x44, 0x30, 0x1, 0xe1, 0xe1, 0xe0, 0xab, 0xde,
    0xbb, 0xb8, 0x0, 0x1e, 0x1e, 0x1e, 0x0, 0xa,
    0x60, 0x0, 0x0, 0x1, 0xe1, 0xe1, 0xeb, 0xff,
    0xff, 0xff, 0xff, 0xc0, 0x1f, 0x9f, 0x9e, 0x0,
    0xb6, 0x0, 0xc4, 0x0, 0x1, 0xe4, 0xf3, 0x30,
    0xaf, 0xdd, 0xde, 0xf6, 0x0, 0x0, 0x1e, 0x1,
    0xdf, 0xd2, 0x22, 0x4f, 0xec, 0x0, 0x1, 0xe1,
    0x7a, 0x5c, 0x0, 0x2, 0xf1, 0x40, 0x0, 0x1e,
    0x1d, 0x4, 0xff, 0xff, 0xff, 0x0, 0x5, 0x9b,
    0xfc, 0xf1, 0x4c, 0x0, 0x2, 0xf0, 0x0, 0x35,
    0x20, 0xb, 0x44, 0xfe, 0xee, 0xef, 0x0, 0x0,
    0x0, 0x0, 0x0, 0x4c, 0x11, 0x12, 0xf0, 0x0,
    0x0, 0x0, 0x0, 0x0, 0x0, 0x0, 0x0, 0x0,
    0x0,

    /* U+877E "蝾" */
    0x0, 0x5, 0x0, 0x0, 0x16, 0x0, 0x61, 0x0,
    0x0, 0x1e, 0x0, 0x0, 0x2e, 0x0, 0xe2, 0x0,
    0x0, 0x1e, 0x0, 0x6e, 0xef, 0xee, 0xfe, 0xe4,
    0xb, 0xbf, 0xba, 0x13, 0x5e, 0x33, 0xe5, 0x30,
    0x1e, 0x5f, 0x5e, 0x0, 0x2b, 0x0, 0xb2, 0x0,
    0x1e, 0x1e, 0xe, 0x2c, 0xcc, 0xcc, 0xcc, 0xc1,
    0x1e, 0x1e, 0xe, 0x3e, 0x44, 0x44, 0x44, 0xe2,
    0x1e, 0x1e, 0xe, 0x3e, 0x0, 0x67, 0x0, 0xe2,
    0x1f, 0xff, 0xfe, 0x1, 0x0, 0x68, 0x0, 0x10,
    0x1e, 0x4e, 0x32, 0x4e, 0xee, 0xff, 0xee, 0xe2,
    0x0, 0x1e, 0x1, 0x2, 0x23, 0xff, 0x42, 0x20,
    0x0, 0x1e, 0x5a, 0x0, 0xb, 0xcb, 0xb0, 0x0,
    0x0, 0x3f, 0x8f, 0x0, 0x99, 0x68, 0x89, 0x0,
    0x8f, 0xfc, 0x9d, 0x5a, 0xd0, 0x68, 0xc, 0xa1,
    0x22, 0x0, 0x2, 0xdc, 0x10, 0x68, 0x1, 0xc8,
    0x0, 0x0, 0x0, 0x50, 0x0, 0x68, 0x0, 0x1,

    /* U+8782 "螂" */
    0x0, 0x1, 0x0, 0x0, 0x10, 0x0, 0x0, 0x0,
    0x0, 0x3d, 0x0, 0x3, 0xc0, 0x0, 0x11, 0x10,
    0x0, 0x3d, 0x0, 0x16, 0xd7, 0x14, 0xff, 0xf8,
    0x1, 0x4d, 0x10, 0x4d, 0xae, 0x44, 0xc0, 0x96,
    0x1f, 0xef, 0xec, 0x49, 0xb, 0x44, 0xc0, 0xd2,
    0x1e, 0x3d, 0x2c, 0x4a, 0x1b, 0x44, 0xc1, 0xe0,
    0x1e, 0x3d, 0x2c, 0x4f, 0xef, 0x44, 0xc4, 0xa0,
    0x1e, 0x3d, 0x2c, 0x49, 0xb, 0x44, 0xc7, 0x80,
    0x1e, 0x6e, 0x6c, 0x49, 0xb, 0x44, 0xc1, 0xe1,
    0x1f, 0xbf, 0xb8, 0x4f, 0xef, 0x44, 0xc0, 0xa7,
    0x7, 0x3d, 0x0, 0x49, 0x7, 0x24, 0xc0, 0x6a,
    0x0, 0x3d, 0x39, 0x49, 0x2a, 0x4, 0xc0, 0x5b,
    0x0, 0x3d, 0x1d, 0x49, 0x2f, 0x64, 0xc6, 0xc9,
    0x2, 0x6e, 0x8f, 0x5d, 0xea, 0xf5, 0xcb, 0xb1,
    0x9e, 0xb9, 0x7d, 0x9d, 0x20, 0x44, 0xc0, 0x0,
    0x0, 0x0, 0x1, 0x0, 0x0, 0x4, 0xc0, 0x0,

    /* U+8783 "螃" */
    0x0, 0x0, 0x0, 0x0, 0x0, 0x0, 0x0, 0x0,
    0x0, 0x1d, 0x0, 0x0, 0x0, 0xb6, 0x0, 0x0,
    0x0, 0x1e, 0x0, 0x4, 0x44, 0x8c, 0x44, 0x41,
    0x3, 0x4e, 0x32, 0xc, 0xcc, 0xcc, 0xcc, 0xc3,
    0x1f, 0xdf, 0xdd, 0x0, 0x8b, 0x0, 0x6c, 0x0,
    0x1d, 0x1e, 0x1d, 0x0, 0x1d, 0x31, 0xe5, 0x0,
    0x1d, 0x1e, 0x1d, 0x5f, 0xff, 0xff, 0xff, 0xf8,
    0x1d, 0x1e, 0x1d, 0x5c, 0x0, 0x72, 0x0, 0x98,
    0x1d, 0x2e, 0x2d, 0x36, 0x44, 0xab, 0x44, 0x54,
    0x1f, 0xff, 0xfd, 0x6c, 0xdf, 0xcc, 0xcc, 0xc8,
    0x8, 0x1e, 0x0, 0x0, 0x6b, 0x0, 0x0, 0x0,
    0x0, 0x1e, 0x1b, 0x0, 0x8f, 0xff, 0xff, 0x70,
    0x0, 0x1e, 0xf, 0x0, 0xb6, 0x0, 0xb, 0x60,
    0x25, 0x8f, 0xcf, 0x33, 0xf1, 0x0, 0xc, 0x50,
    0x7e, 0xb8, 0x5a, 0x7e, 0x70, 0x22, 0x3f, 0x40,
    0x0, 0x0, 0x0, 0xe9, 0x0, 0x8f, 0xfb, 0x0,
    0x0, 0x0, 0x0, 0x20, 0x0, 0x0, 0x0, 0x0,

    /* U+8785 "螅" */
    0x0, 0x6, 0x0, 0x0, 0x4, 0x40, 0x0, 0x0,
    0x0, 0x0, 0xf0, 0x0, 0x0, 0xc8, 0x0, 0x0,
    0x0, 0x0, 0xf, 0x0, 0x1f, 0xff, 0xff, 0xff,
    0xd0, 0x0, 0xaa, 0xfa, 0x91, 0xd1, 0x11, 0x11,
    0x3e, 0x0, 0x1f, 0xbf, 0xbf, 0x1e, 0x22, 0x22,
    0x24, 0xe0, 0x1, 0xe0, 0xf0, 0xf1, 0xfd, 0xdd,
    0xdd, 0xde, 0x0, 0x1e, 0xf, 0xf, 0x1d, 0x0,
    0x0, 0x2, 0xe0, 0x1, 0xe0, 0xf0, 0xf1, 0xfe,
    0xee, 0xee, 0xee, 0x0, 0x1f, 0xdf, 0xdf, 0x1d,
    0x0, 0x0, 0x2, 0xe0, 0x1, 0xe0, 0xf0, 0x1,
    0xff, 0xff, 0xff, 0xfe, 0x0, 0x0, 0xf, 0x18,
    0x7, 0x0, 0x91, 0x1, 0x80, 0x0, 0x0, 0xf0,
    0xf0, 0x46, 0x1a, 0x80, 0x8, 0x0, 0x0, 0xf,
    0x4e, 0x7c, 0xc3, 0x3f, 0x15, 0xe4, 0x6, 0xcf,
    0xfc, 0xde, 0x7c, 0x30, 0x33, 0xf7, 0xb0, 0x45,
    0x20, 0x2, 0xe1, 0xb6, 0x0, 0x9b, 0x1a, 0x0,
    0x0, 0x0, 0x3, 0x4, 0xef, 0xfd, 0x30, 0x0,

    /* U+8788 "螈" */
    0x0, 0x2, 0x0, 0x0, 0x0, 0x0, 0x0, 0x0,
    0x0, 0x3e, 0x0, 0x1, 0x11, 0x11, 0x11, 0x10,
    0x0, 0x3e, 0x0, 0x3f, 0xff, 0xff, 0xff, 0xf6,
    0x5, 0x7e, 0x53, 0x3d, 0x0, 0x4b, 0x0, 0x0,
    0x1f, 0xdf, 0xdb, 0x3d, 0x1, 0x86, 0x11, 0x10,
    0x1d, 0x3e, 0x3b, 0x3d, 0x3f, 0xff, 0xff, 0xd0,
    0x1d, 0x3e, 0x3b, 0x3d, 0x3b, 0x0, 0x1, 0xd0,
    0x1d, 0x3e, 0x3b, 0x3d, 0x3f, 0xff, 0xff, 0xd0,
    0x1e, 0xaf, 0xab, 0x4c, 0x3b, 0x0, 0x1, 0xd0,
    0x1f, 0xcf, 0xb8, 0x4c, 0x3c, 0x22, 0x23, 0xd0,
    0x5, 0x3e, 0x0, 0x5b, 0x3f, 0xef, 0xee, 0xd0,
    0x0, 0x3e, 0x68, 0x78, 0x14, 0xe, 0x11, 0x40,
    0x0, 0x3e, 0x6c, 0xa5, 0x1d, 0xe, 0x1b, 0x60,
    0x6e, 0xfe, 0xcf, 0xe1, 0xa7, 0xe, 0x13, 0xe2,
    0x23, 0x0, 0x8, 0xb7, 0xb0, 0xf, 0x0, 0x8b,
    0x0, 0x0, 0xc, 0x31, 0x18, 0xfb, 0x0, 0x2,
    0x0, 0x0, 0x0, 0x0, 0x0, 0x0, 0x0, 0x0,

    /* U+878B "螋" */
    0x0, 0x2, 0x0, 0x0, 0x0, 0x13, 0x0, 0x0,
    0x0, 0xf, 0x0, 0x0, 0x36, 0x4c, 0x0, 0x0,
    0x0, 0xf, 0x0, 0x1e, 0xea, 0x4c, 0xff, 0xf1,
    0x6, 0x6f, 0x66, 0x1e, 0x0, 0x4c, 0x0, 0xe1,
    0x1f, 0xbf, 0xbf, 0x1e, 0x21, 0x4c, 0x12, 0xe1,
    0x1e, 0xf, 0xf, 0x1f, 0xec, 0x4c, 0xce, 0xf1,
    0x1e, 0xf, 0xf, 0x1e, 0x0, 0x4c, 0x0, 0xe1,
    0x1e, 0x1f, 0xf, 0x1f, 0xcc, 0xdf, 0xcc, 0xf1,
    0x1f, 0xff, 0xff, 0x1d, 0x33, 0x7c, 0x33, 0xd1,
    0x1e, 0x4f, 0x43, 0x0, 0x0, 0x4c, 0x0, 0x0,
    0x0, 0xf, 0x5, 0x1f, 0xff, 0xff, 0xff, 0x80,
    0x0, 0xf, 0xe, 0x10, 0xd5, 0x0, 0x2e, 0x20,
    0x0, 0x3f, 0x8e, 0x60, 0x4f, 0x42, 0xd6, 0x0,
    0x9f, 0xfc, 0x99, 0xb0, 0x8, 0xff, 0x60, 0x0,
    0x22, 0x0, 0x1, 0x45, 0xaf, 0xdb, 0xfa, 0x63,
    0x0, 0x0, 0x4, 0xfe, 0xa4, 0x0, 0x39, 0xd7,
    0x0, 0x0, 0x0, 0x20, 0x0, 0x0, 0x0, 0x0,

    /* U+8793 "螓" */
    0x0, 0x5, 0x0, 0x0, 0x0, 0x71, 0x0, 0x0,
    0x0, 0x2e, 0x0, 0x0, 0x0, 0xf1, 0x0, 0x0,
    0x0, 0x2e, 0x0, 0x7e, 0xee, 0xfe, 0xee, 0xe1,
    0x1d, 0xdf, 0xdb, 0x0, 0x3, 0xe0, 0x0, 0x0,
    0x1e, 0x8f, 0x8d, 0x3, 0x36, 0xd3, 0x33, 0x20,
    0x1e, 0x2e, 0x1d, 0xb, 0xbe, 0xdb, 0xbb, 0x80,
    0x1e, 0x2e, 0x1d, 0x0, 0xd, 0x50, 0x0, 0x0,
    0x1e, 0x2e, 0x1d, 0xce, 0xff, 0xef, 0xfe, 0xe9,
    0x1e, 0x8f, 0x7d, 0x2, 0xe2, 0x1, 0xd5, 0x0,
    0x1e, 0x7f, 0x65, 0x2d, 0xcf, 0xfe, 0xcd, 0x70,
    0x7, 0x2e, 0x2, 0xe4, 0x0, 0xe2, 0x1, 0xca,
    0x0, 0x2e, 0x59, 0x6c, 0xcc, 0xfc, 0xcc, 0x90,
    0x2, 0x5f, 0x8c, 0x13, 0x4d, 0xf9, 0x33, 0x20,
    0xaf, 0xdb, 0x9f, 0x6, 0xe5, 0xeb, 0xea, 0x40,
    0x10, 0x0, 0x7, 0xeb, 0x20, 0xe2, 0x17, 0xe9,
    0x0, 0x0, 0x0, 0x50, 0x0, 0xe2, 0x0, 0x1,

    /* U+8797 "螗" */
    0x0, 0x7, 0x0, 0x0, 0x0, 0x43, 0x0, 0x0,
    0x0, 0x1e, 0x0, 0x0, 0x0, 0x8c, 0x0, 0x0,
    0x0, 0x1e, 0x0, 0x3d, 0xdd, 0xdf, 0xdd, 0xd7,
    0x9, 0x9f, 0x98, 0x3b, 0x11, 0x27, 0x11, 0x10,
    0x1f, 0xcf, 0xce, 0x3b, 0x12, 0x3e, 0x22, 0x10,
    0x1e, 0x1e, 0x1e, 0x3b, 0x8c, 0xcf, 0xcc, 0xf0,
    0x1e, 0x1e, 0x1e, 0x3b, 0x0, 0x1e, 0x0, 0xf0,
    0x1e, 0x1e, 0x1e, 0x3f, 0xff, 0xff, 0xff, 0xfa,
    0x1f, 0xaf, 0xae, 0x4b, 0x0, 0x1e, 0x0, 0xf0,
    0x1e, 0x5f, 0x43, 0x5a, 0x9e, 0xef, 0xee, 0xf0,
    0x4, 0x1e, 0x11, 0x69, 0x0, 0x1e, 0x0, 0x80,
    0x0, 0x1e, 0x4a, 0x88, 0xbd, 0xdd, 0xdd, 0xc0,
    0x38, 0xaf, 0xef, 0xc6, 0xd3, 0x11, 0x11, 0xf0,
    0x59, 0x64, 0x25, 0xf1, 0xd2, 0x0, 0x0, 0xf0,
    0x0, 0x0, 0x8, 0xc0, 0xdc, 0xbb, 0xbb, 0xf0,
    0x0, 0x0, 0x6, 0x50, 0xd5, 0x22, 0x23, 0xf0,
    0x0, 0x0, 0x0, 0x0, 0x0, 0x0, 0x0, 0x0,

    /* U+87A8 "螨" */
    0x0, 0x1d, 0x0, 0x0, 0x4c, 0x0, 0xa5, 0x0,
    0x0, 0x2e, 0x0, 0x23, 0x7d, 0x33, 0xb7, 0x32,
    0x3, 0x5e, 0x33, 0x8c, 0xdf, 0xcc, 0xed, 0xc7,
    0x1f, 0x9f, 0x9d, 0x0, 0x3a, 0x0, 0x84, 0x0,
    0x1e, 0x2e, 0x1d, 0x8e, 0xee, 0xee, 0xee, 0xe7,
    0x1e, 0x2e, 0x1d, 0x12, 0x2d, 0x42, 0xf2, 0x21,
    0x1e, 0x2e, 0x1d, 0x0, 0xd, 0x10, 0xf0, 0x0,
    0x1e, 0x3e, 0x3d, 0x3f, 0xff, 0xff, 0xff, 0xf1,
    0x1f, 0xef, 0xec, 0x4c, 0x2e, 0x23, 0xe2, 0xe1,
    0x6, 0x2e, 0x0, 0x4b, 0x1f, 0x43, 0xe0, 0xe1,
    0x0, 0x2e, 0x38, 0x4b, 0x7a, 0xd9, 0xda, 0xe1,
    0x0, 0x2e, 0x4c, 0x4d, 0xe2, 0x2e, 0x1c, 0xf1,
    0x6b, 0xdf, 0xef, 0x4e, 0x70, 0x67, 0x0, 0xe1,
    0x46, 0x30, 0xd, 0x6b, 0x0, 0x0, 0x1, 0xf0,
    0x0, 0x0, 0x3, 0x5b, 0x0, 0x0, 0xff, 0xa0,
    0x0, 0x0, 0x0, 0x1, 0x0, 0x0, 0x0, 0x0,

    /* U+87AB "螫" */
    0x0, 0x0, 0x21, 0x0, 0x0, 0x21, 0x0, 0x0,
    0x0, 0x0, 0xa7, 0x0, 0x0, 0xc7, 0x0, 0x0,
    0x9, 0xee, 0xff, 0xee, 0x32, 0xf9, 0x88, 0x82,
    0x0, 0x0, 0xa7, 0x0, 0x9, 0xd6, 0x6d, 0x81,
    0x2e, 0xef, 0xef, 0xfe, 0xbf, 0xe1, 0xe, 0x0,
    0x4, 0x3e, 0x16, 0xa5, 0x37, 0x89, 0x79, 0x0,
    0x1e, 0x3f, 0x6, 0xab, 0x60, 0xe, 0xe1, 0x0,
    0x37, 0x9b, 0x7, 0xa2, 0x74, 0xbd, 0xcc, 0x30,
    0xb, 0xf5, 0xef, 0x71, 0x7e, 0x70, 0x9, 0xf4,
    0x6, 0x20, 0x43, 0x4, 0xc0, 0x0, 0x0, 0x30,
    0x0, 0x9f, 0xff, 0xff, 0xff, 0xff, 0xff, 0x10,
    0x0, 0x98, 0x0, 0x4, 0xc0, 0x0, 0xf, 0x10,
    0x0, 0x9f, 0xff, 0xff, 0xff, 0xff, 0xff, 0x10,
    0x0, 0x65, 0x0, 0x4, 0xc0, 0x0, 0x7a, 0x0,
    0x1c, 0xcc, 0xcd, 0xde, 0xfd, 0xee, 0xef, 0xa0,
    0x4, 0x43, 0x32, 0x22, 0x11, 0x10, 0x0, 0xb3,
    0x0, 0x0, 0x0, 0x0, 0x0, 0x0, 0x0, 0x0,

    /* U+87AD "螭" */
    0x0, 0x1, 0x0, 0x0, 0x0, 0x0, 0x0, 0x0,
    0x0, 0xf, 0x0, 0x0, 0x1, 0xf1, 0x0, 0x0,
    0x0, 0xf, 0x0, 0x47, 0x77, 0xeb, 0x77, 0x75,
    0x4, 0x4f, 0x43, 0x58, 0x88, 0x88, 0x88, 0x86,
    0xf, 0xcf, 0xce, 0xb, 0x2d, 0x65, 0xd1, 0xc0,
    0xe, 0xf, 0xe, 0xf, 0x5, 0xff, 0x70, 0xf0,
    0xe, 0xf, 0xe, 0xf, 0x69, 0x21, 0x92, 0xf0,
    0xe, 0xf, 0xe, 0xf, 0xee, 0xee, 0xee, 0xf0,
    0xf, 0xaf, 0xae, 0x0, 0x0, 0x86, 0x0, 0x70,
    0xe, 0x5f, 0x54, 0x2a, 0xaa, 0xeb, 0xaa, 0xa5,
    0x2, 0xf, 0x25, 0x4d, 0x48, 0xc5, 0x54, 0xa8,
    0x0, 0xf, 0x3c, 0x4d, 0xc, 0x56, 0xb0, 0x88,
    0x2, 0x4f, 0x8f, 0x5d, 0x7f, 0xab, 0xf5, 0x88,
    0x9f, 0xeb, 0x9d, 0x9d, 0x37, 0x53, 0x59, 0x88,
    0x10, 0x0, 0x1, 0x4d, 0x0, 0x0, 0x32, 0xb7,
    0x0, 0x0, 0x0, 0x4d, 0x0, 0x1, 0xdd, 0xb1,

    /* U+87AF "螯" */
    0x0, 0x0, 0x12, 0x0, 0x0, 0x3, 0x0, 0x0,
    0x3, 0x33, 0x8b, 0x33, 0x30, 0x5c, 0x0, 0x0,
    0x17, 0x77, 0xac, 0x77, 0x70, 0xcd, 0xbb, 0xb6,
    0x8, 0xbb, 0xde, 0xbb, 0x65, 0xf3, 0x29, 0x71,
    0x1, 0x22, 0x7b, 0x22, 0x1d, 0xd6, 0xd, 0x20,
    0x3c, 0xde, 0xcc, 0xcc, 0xc2, 0x5e, 0x8d, 0x0,
    0x0, 0x6b, 0x22, 0x22, 0x0, 0xc, 0xf5, 0x0,
    0x0, 0xcc, 0xaa, 0xae, 0x40, 0x2d, 0xf9, 0x0,
    0x1b, 0xd0, 0x66, 0x7e, 0x39, 0xe6, 0x1b, 0xd3,
    0x2a, 0x10, 0x57, 0x77, 0x66, 0x10, 0x0, 0x52,
    0x0, 0x7e, 0xdd, 0xde, 0xfd, 0xdd, 0xde, 0x0,
    0x0, 0x79, 0x0, 0x5, 0xb0, 0x0, 0x1e, 0x0,
    0x0, 0x7e, 0xdd, 0xde, 0xfd, 0xdd, 0xde, 0x0,
    0x0, 0x46, 0x0, 0x5, 0xb0, 0x0, 0x68, 0x0,
    0x0, 0x0, 0x0, 0x5, 0xb0, 0x0, 0x4f, 0x50,
    0xd, 0xee, 0xef, 0xff, 0xfe, 0xee, 0xed, 0xf2,
    0x1, 0x11, 0x0, 0x0, 0x0, 0x0, 0x0, 0x51,

    /* U+87C6 "蟆" */
    0x0, 0x1d, 0x0, 0x0, 0x4c, 0x0, 0xf1, 0x0,
    0x0, 0x2e, 0x0, 0x8a, 0xbe, 0xaa, 0xfa, 0xa6,
    0x3, 0x4e, 0x32, 0x56, 0x8d, 0x66, 0xf6, 0x63,
    0x1f, 0xdf, 0xdd, 0x2, 0x48, 0x22, 0xa2, 0x10,
    0x1d, 0x2e, 0x1d, 0xf, 0xee, 0xee, 0xee, 0xd0,
    0x1d, 0x2e, 0x1d, 0xf, 0x10, 0x0, 0x4, 0xd0,
    0x1d, 0x2e, 0x1d, 0xf, 0xee, 0xee, 0xef, 0xd0,
    0x1f, 0x9f, 0x9d, 0xf, 0x0, 0x0, 0x4, 0xd0,
    0x1e, 0x7f, 0x54, 0xf, 0xff, 0xff, 0xff, 0xd0,
    0x1, 0x2e, 0x0, 0xc, 0x10, 0xc4, 0x3, 0x90,
    0x0, 0x2e, 0x36, 0x33, 0x33, 0xd5, 0x33, 0x32,
    0x0, 0x2e, 0x3b, 0xac, 0xcd, 0xfe, 0xcc, 0xc8,
    0x5a, 0xbf, 0xee, 0x0, 0xb, 0xae, 0x40, 0x0,
    0x58, 0x53, 0x1d, 0x15, 0xdb, 0x4, 0xfa, 0x30,
    0x0, 0x0, 0x1, 0xee, 0x60, 0x0, 0x2a, 0xf8,
    0x0, 0x0, 0x0, 0x30, 0x0, 0x0, 0x0, 0x10,

    /* U+87D2 "蟒" */
    0x0, 0x1d, 0x0, 0x0, 0xe2, 0x0, 0xf1, 0x0,
    0x0, 0x1e, 0x0, 0x79, 0xfa, 0x99, 0xfa, 0x95,
    0x3, 0x4e, 0x32, 0x46, 0xf7, 0x66, 0xf7, 0x63,
    0x1f, 0xdf, 0xdd, 0x0, 0xa2, 0xb1, 0x96, 0x0,
    0x1d, 0x1e, 0x1d, 0x12, 0x26, 0xe2, 0x2d, 0x71,
    0x1d, 0x1e, 0x1d, 0x7d, 0xdf, 0xef, 0xdd, 0xd7,
    0x1d, 0x1e, 0x1d, 0x0, 0x5e, 0x1b, 0x90, 0x0,
    0x1f, 0xdf, 0xdd, 0x6, 0xf4, 0x1, 0xcd, 0x61,
    0x1e, 0x4e, 0x33, 0xcd, 0xc5, 0x0, 0xc9, 0xea,
    0x6, 0x1e, 0x0, 0x40, 0xb6, 0x0, 0xe2, 0x1,
    0x0, 0x1e, 0x38, 0xcf, 0xff, 0xff, 0xff, 0xfa,
    0x0, 0x1e, 0x3c, 0x0, 0xe4, 0x0, 0xe3, 0x0,
    0x7d, 0xef, 0xef, 0x4, 0xe0, 0x0, 0xe2, 0x0,
    0x34, 0x20, 0x9, 0x4e, 0x60, 0x0, 0xe2, 0x0,
    0x0, 0x0, 0x0, 0xc8, 0x0, 0x0, 0xe2, 0x0,
    0x0, 0x0, 0x0, 0x0, 0x0, 0x0, 0x0, 0x0,

    /* U+8832 "蠲" */
    0x0, 0x10, 0x0, 0x20, 0x0, 0x0, 0x0, 0x0,
    0x3, 0xc0, 0x5, 0xc0, 0xcc, 0xcc, 0xcc, 0xc0,
    0x0, 0xd4, 0xb, 0x50, 0xd0, 0xd0, 0xd0, 0xe0,
    0x0, 0x44, 0x2d, 0x0, 0xd0, 0xd0, 0xd0, 0xe0,
    0x1e, 0xee, 0xff, 0xe7, 0xfc, 0xfc, 0xfc, 0xf0,
    0x0, 0x11, 0x4, 0x0, 0x39, 0x0, 0x0, 0x20,
    0x1, 0xd5, 0xa, 0x90, 0xae, 0xee, 0xee, 0xe2,
    0xc, 0x70, 0x0, 0xc9, 0xc0, 0x94, 0x0, 0xb2,
    0x49, 0x0, 0x0, 0x16, 0x8a, 0xdb, 0xa4, 0xb2,
    0xa, 0xef, 0xee, 0xf4, 0xb4, 0xa6, 0x76, 0xb2,
    0xa, 0x4d, 0x48, 0xa4, 0xb2, 0x94, 0x66, 0xc1,
    0xa, 0x4d, 0x48, 0xa4, 0xbd, 0xed, 0xc4, 0xc1,
    0xa, 0x4d, 0x48, 0xa4, 0x20, 0x94, 0xa0, 0xd1,
    0xa, 0x4d, 0x59, 0xb6, 0x8a, 0xee, 0xe7, 0xd0,
    0x6f, 0xfe, 0xdb, 0xa6, 0x54, 0x20, 0x7, 0xd0,
    0x1, 0x0, 0x0, 0x0, 0x0, 0x6, 0xfe, 0x50,

    /* U+8864 "衤" */
    0x0, 0x0, 0x10, 0x0, 0x0, 0x0, 0x4, 0xf2,
    0x0, 0x0, 0x0, 0x0, 0xda, 0x0, 0x0, 0x2,
    0x22, 0x68, 0x21, 0x0, 0xe, 0xff, 0xff, 0xfa,
    0x0, 0x0, 0x0, 0x3, 0xf4, 0x0, 0x0, 0x0,
    0x1d, 0x90, 0x10, 0x0, 0x0, 0xcc, 0x8, 0xd0,
    0x0, 0xb, 0xf5, 0x7e, 0x30, 0x1, 0xcd, 0xff,
    0xf3, 0x0, 0x4e, 0xc1, 0xf7, 0xf8, 0x0, 0xa9,
    0x0, 0xf3, 0x3f, 0x80, 0x0, 0x0, 0xf3, 0x3,
    0x20, 0x0, 0x0, 0xf3, 0x0, 0x0, 0x0, 0x0,
    0xf3, 0x0, 0x0, 0x0, 0x0, 0xf3, 0x0, 0x0,

    /* U+8869 "衩" */
    0x0, 0x20, 0x0, 0x0, 0x0, 0x0, 0x0, 0x0,
    0x2, 0xf2, 0x0, 0x11, 0x11, 0x11, 0x11, 0x10,
    0x0, 0xab, 0x8, 0xff, 0xff, 0xff, 0xff, 0xc0,
    0x23, 0x44, 0x30, 0x5d, 0x0, 0x0, 0xa, 0xa0,
    0xdf, 0xff, 0xf3, 0x3f, 0x8, 0x70, 0xd, 0x70,
    0x0, 0x7, 0xd0, 0xf, 0x24, 0xf1, 0x1f, 0x30,
    0x0, 0x2f, 0x30, 0xc, 0x60, 0xb8, 0x5e, 0x0,
    0x1, 0xd8, 0x19, 0x7, 0xb0, 0x10, 0xb8, 0x0,
    0x1c, 0xfb, 0xb9, 0x1, 0xf2, 0x3, 0xf1, 0x0,
    0xcc, 0xde, 0xe0, 0x0, 0xaa, 0xd, 0x90, 0x0,
    0x70, 0xc5, 0xbb, 0x0, 0x1f, 0xcd, 0x0, 0x0,
    0x0, 0xc5, 0x17, 0x0, 0xa, 0xf6, 0x0, 0x0,
    0x0, 0xc5, 0x0, 0x0, 0x9f, 0xbf, 0x50, 0x0,
    0x0, 0xc5, 0x0, 0x2c, 0xe4, 0x8, 0xf9, 0x10,
    0x0, 0xc5, 0x19, 0xfc, 0x20, 0x0, 0x6e, 0xf4,
    0x0, 0xc5, 0xc, 0x70, 0x0, 0x0, 0x1, 0x80,
    0x0, 0x0, 0x0, 0x0, 0x0, 0x0, 0x0, 0x0,

    /* U+8872 "衲" */
    0x0, 0x30, 0x0, 0x0, 0x0, 0x40, 0x0, 0x0,
    0x2f, 0x20, 0x0, 0x0, 0xf, 0x20, 0x0, 0x0,
    0xba, 0x0, 0x0, 0x0, 0xf2, 0x0, 0x0, 0x3,
    0x40, 0x3, 0x44, 0x4f, 0x64, 0x43, 0xef, 0xff,
    0xf3, 0xee, 0xee, 0xfe, 0xee, 0xf1, 0x11, 0x7e,
    0xe, 0x30, 0xf, 0x20, 0x2f, 0x0, 0x2e, 0x40,
    0xe3, 0x1, 0xf1, 0x2, 0xf0, 0xc, 0x90, 0x3e,
    0x30, 0x4f, 0x0, 0x2f, 0xb, 0xf8, 0xb8, 0xe3,
    0x9, 0xfa, 0x2, 0xfc, 0xcd, 0xfc, 0xe, 0x31,
    0xf7, 0xe7, 0x2f, 0x81, 0xc6, 0xe4, 0xe3, 0xbd,
    0x4, 0xf7, 0xf0, 0xc, 0x52, 0xe, 0xbf, 0x30,
    0x8, 0x9f, 0x0, 0xc5, 0x0, 0xe5, 0x30, 0x0,
    0x2, 0xf0, 0xc, 0x50, 0xe, 0x30, 0x0, 0x0,
    0x2f, 0x0, 0xc5, 0x0, 0xe3, 0x0, 0x5, 0x49,
    0xe0, 0xc, 0x50, 0xe, 0x30, 0x0, 0xcc, 0xc5,
    0x0, 0x0, 0x0, 0x0, 0x0, 0x0, 0x0, 0x0,

    /* U+887D "衽" */
    0x0, 0x0, 0x0, 0x0, 0x0, 0x0, 0x0, 0x0,
    0x0, 0x2, 0xe1, 0x0, 0x0, 0x0, 0x0, 0x13,
    0x30, 0x0, 0xc, 0x90, 0x8, 0xbc, 0xde, 0xff,
    0xfd, 0x0, 0x12, 0x56, 0x20, 0x57, 0x65, 0xf6,
    0x10, 0x0, 0xb, 0xff, 0xff, 0x30, 0x0, 0xe,
    0x40, 0x0, 0x0, 0x0, 0x5, 0xe0, 0x0, 0x0,
    0xe4, 0x0, 0x0, 0x0, 0x0, 0xd6, 0x0, 0x0,
    0xe, 0x40, 0x0, 0x0, 0x0, 0x9b, 0x15, 0x22,
    0x22, 0xe6, 0x22, 0x21, 0x0, 0x6f, 0xac, 0xaf,
    0xff, 0xff, 0xff, 0xff, 0x70, 0x6f, 0xee, 0xd0,
    0x0, 0x0, 0xe4, 0x0, 0x0, 0xd, 0x4c, 0x5c,
    0x80, 0x0, 0xe, 0x40, 0x0, 0x0, 0x10, 0xc5,
    0x13, 0x0, 0x0, 0xe4, 0x0, 0x0, 0x0, 0xc,
    0x50, 0x0, 0x0, 0xe, 0x40, 0x0, 0x0, 0x0,
    0xc5, 0x0, 0x0, 0x0, 0xe4, 0x0, 0x0, 0x0,
    0xc, 0x50, 0xe, 0xff, 0xff, 0xff, 0xff, 0x20,
    0x0, 0xc5, 0x0, 0x22, 0x22, 0x22, 0x22, 0x20,

    /* U+887F "衿" */
    0x0, 0x2, 0x0, 0x0, 0x0, 0x12, 0x0, 0x0,
    0x0, 0x6, 0xe0, 0x0, 0x0, 0x1f, 0xb0, 0x0,
    0x0, 0x0, 0xe, 0x70, 0x0, 0xa, 0xdf, 0x40,
    0x0, 0x1, 0x22, 0x53, 0x20, 0x4, 0xf3, 0x7e,
    0x10, 0x0, 0x6f, 0xff, 0xfe, 0x2, 0xe8, 0x0,
    0xcc, 0x0, 0x0, 0x0, 0xd, 0x82, 0xdb, 0x27,
    0x2, 0xeb, 0x0, 0x0, 0xa, 0xd1, 0xec, 0x2,
    0xf4, 0x2, 0xec, 0x0, 0x7, 0xf3, 0x57, 0x0,
    0x9, 0xc0, 0x2, 0x50, 0x8, 0xff, 0x6f, 0x30,
    0x0, 0x11, 0x0, 0x0, 0x6, 0xf5, 0xff, 0xa0,
    0xff, 0xff, 0xff, 0xfa, 0x0, 0x34, 0x1f, 0x8f,
    0x73, 0x33, 0x33, 0x3f, 0x70, 0x0, 0x1, 0xf2,
    0x31, 0x0, 0x0, 0x7, 0xe0, 0x0, 0x0, 0x1f,
    0x20, 0x0, 0x0, 0x1, 0xf6, 0x0, 0x0, 0x1,
    0xf2, 0x0, 0x0, 0x0, 0xad, 0x0, 0x0, 0x0,
    0x1f, 0x20, 0x0, 0x0, 0x4f, 0x30, 0x0, 0x0,
    0x1, 0xf2, 0x0, 0x0, 0x9, 0x90, 0x0, 0x0,
    0x0, 0x0, 0x0, 0x0, 0x0, 0x0, 0x0, 0x0,
    0x0,

    /* U+8882 "袂" */
    0x0, 0x2, 0x0, 0x0, 0x0, 0x20, 0x0, 0x0,
    0x0, 0x1, 0xf4, 0x0, 0x0, 0xd, 0x40, 0x0,
    0x0, 0x0, 0x9, 0xc0, 0x0, 0x0, 0xd4, 0x0,
    0x0, 0x0, 0x23, 0x44, 0x30, 0x46, 0x6e, 0x96,
    0x66, 0x0, 0xd, 0xff, 0xff, 0x27, 0xbb, 0xfc,
    0xbb, 0xf0, 0x0, 0x0, 0x7, 0xd0, 0x0, 0xe,
    0x40, 0x1f, 0x0, 0x0, 0x2, 0xf3, 0x0, 0x0,
    0xe3, 0x1, 0xf0, 0x0, 0x0, 0xca, 0x16, 0x0,
    0xf, 0x30, 0x1f, 0x0, 0x0, 0x9f, 0x8b, 0x92,
    0x22, 0xf4, 0x23, 0xf2, 0x10, 0x8f, 0xef, 0xc3,
    0xff, 0xff, 0xff, 0xff, 0xf7, 0xd, 0x4c, 0x7e,
    0x60, 0x8, 0xfc, 0x0, 0x0, 0x0, 0x10, 0xc5,
    0x35, 0x1, 0xe6, 0xf4, 0x0, 0x0, 0x0, 0xc,
    0x50, 0x0, 0xac, 0x7, 0xe1, 0x0, 0x0, 0x0,
    0xc5, 0x0, 0xae, 0x20, 0xb, 0xe3, 0x0, 0x0,
    0xc, 0x52, 0xce, 0x30, 0x0, 0xa, 0xfa, 0x10,
    0x0, 0xc5, 0x6b, 0x10, 0x0, 0x0, 0x5, 0xa0,
    0x0, 0x0, 0x0, 0x0, 0x0, 0x0, 0x0, 0x0,
    0x0,

    /* U+88A2 "袢" */
    0x0, 0x3, 0x0, 0x0, 0x0, 0x5, 0x0, 0x0,
    0x0, 0x2, 0xf3, 0x0, 0x10, 0x1, 0xf1, 0x0,
    0x10, 0x0, 0xa, 0xb0, 0xc, 0x70, 0x1f, 0x10,
    0x5e, 0x0, 0x23, 0x44, 0x30, 0x4f, 0x11, 0xf1,
    0xe, 0x80, 0xc, 0xff, 0xff, 0x30, 0xba, 0x1f,
    0x18, 0xe0, 0x0, 0x0, 0x7, 0xd0, 0x3, 0x81,
    0xf1, 0x94, 0x0, 0x0, 0x3, 0xf4, 0x4, 0x55,
    0x6f, 0x65, 0x55, 0x0, 0x1, 0xe9, 0x2, 0x9c,
    0xcd, 0xfd, 0xcc, 0xc0, 0x2, 0xdf, 0x9b, 0x80,
    0x0, 0x1f, 0x10, 0x0, 0x0, 0xdb, 0xde, 0xd0,
    0x0, 0x1, 0xf1, 0x0, 0x0, 0x5, 0xc, 0x5c,
    0x9d, 0xdd, 0xdf, 0xdd, 0xdd, 0x60, 0x0, 0xc5,
    0x1, 0x55, 0x56, 0xf6, 0x55, 0x52, 0x0, 0xc,
    0x50, 0x0, 0x0, 0x1f, 0x10, 0x0, 0x0, 0x0,
    0xc5, 0x0, 0x0, 0x1, 0xf1, 0x0, 0x0, 0x0,
    0xc, 0x50, 0x0, 0x0, 0x1f, 0x10, 0x0, 0x0,
    0x0, 0xc4, 0x0, 0x0, 0x1, 0xf1, 0x0, 0x0,

    /* U+88B7 "袷" */
    0x0, 0x50, 0x0, 0x0, 0x1, 0x71, 0x0, 0x0,
    0x0, 0xe6, 0x0, 0x0, 0xb, 0xf4, 0x0, 0x0,
    0x0, 0x6d, 0x0, 0x0, 0x5f, 0x8d, 0x0, 0x0,
    0x23, 0x34, 0x30, 0x3, 0xf6, 0xc, 0xb0, 0x0,
    0xdf, 0xff, 0xf3, 0x3e, 0x80, 0x1, 0xdb, 0x0,
    0x0, 0x7, 0xc5, 0xf9, 0x0, 0x0, 0x1d, 0xd3,
    0x0, 0x2e, 0x27, 0x7d, 0xee, 0xee, 0xea, 0x91,
    0x1, 0xd7, 0x28, 0x2, 0x22, 0x22, 0x21, 0x0,
    0x1d, 0xfd, 0xd6, 0x0, 0x0, 0x0, 0x0, 0x0,
    0xda, 0xcd, 0xe0, 0x3d, 0xdd, 0xdd, 0xdd, 0x0,
    0x50, 0xc5, 0xba, 0x4f, 0x44, 0x44, 0x7f, 0x0,
    0x0, 0xc5, 0x11, 0x4e, 0x0, 0x0, 0x3f, 0x0,
    0x0, 0xc5, 0x0, 0x4e, 0x0, 0x0, 0x3f, 0x0,
    0x0, 0xc5, 0x0, 0x4e, 0x0, 0x0, 0x3f, 0x0,
    0x0, 0xc5, 0x0, 0x4f, 0xff, 0xff, 0xff, 0x0,
    0x0, 0xc5, 0x0, 0x4e, 0x22, 0x22, 0x5f, 0x0,

    /* U+88BC "袼" */
    0x0, 0x20, 0x0, 0x0, 0x20, 0x0, 0x0, 0x0,
    0x2, 0xf2, 0x0, 0x0, 0xe6, 0x0, 0x0, 0x0,
    0x0, 0xab, 0x0, 0x6, 0xf9, 0x99, 0x99, 0x40,
    0x23, 0x44, 0x30, 0x1e, 0xb7, 0x77, 0x8f, 0x60,
    0xdf, 0xff, 0xf2, 0xaf, 0xd0, 0x0, 0xac, 0x0,
    0x0, 0x7, 0xc2, 0xe3, 0xc9, 0x8, 0xe1, 0x0,
    0x0, 0x2e, 0x20, 0x10, 0x2e, 0xde, 0x20, 0x0,
    0x1, 0xd7, 0x19, 0x0, 0x5d, 0xfd, 0x50, 0x0,
    0x1c, 0xf7, 0xc9, 0x6c, 0xf7, 0x18, 0xfe, 0x92,
    0xcc, 0xcf, 0xb7, 0xe8, 0x10, 0x0, 0x17, 0xc1,
    0x70, 0xc8, 0xe4, 0x3f, 0xff, 0xff, 0xff, 0x40,
    0x0, 0xc5, 0x53, 0x3f, 0x22, 0x22, 0x2e, 0x40,
    0x0, 0xc5, 0x0, 0x3f, 0x0, 0x0, 0xe, 0x40,
    0x0, 0xc5, 0x0, 0x3f, 0x0, 0x0, 0xe, 0x40,
    0x0, 0xc5, 0x0, 0x3f, 0xff, 0xff, 0xff, 0x40,
    0x0, 0xa4, 0x0, 0x3f, 0x22, 0x22, 0x2e, 0x40,

    /* U+88C6 "裆" */
    0x0, 0x0, 0x0, 0x0, 0x0, 0x0, 0x0, 0x0,
    0x1, 0xe1, 0x0, 0x0, 0x0, 0xd3, 0x0, 0x0,
    0x0, 0xba, 0x0, 0xc6, 0x0, 0xe3, 0x0, 0xe4,
    0x11, 0x35, 0x10, 0x6e, 0x10, 0xe3, 0x7, 0xd0,
    0xcf, 0xff, 0xf1, 0xd, 0x90, 0xe3, 0x1f, 0x40,
    0x0, 0x8, 0xd0, 0x4, 0x60, 0xe3, 0x29, 0x0,
    0x0, 0x3f, 0x40, 0x24, 0x44, 0xf7, 0x44, 0x40,
    0x0, 0xda, 0x17, 0x7c, 0xcc, 0xcc, 0xcd, 0xf1,
    0xc, 0xf8, 0xa8, 0x0, 0x0, 0x0, 0x1, 0xf1,
    0xbd, 0xcf, 0xe1, 0x0, 0x0, 0x0, 0x1, 0xf1,
    0x91, 0xb7, 0xbc, 0x5f, 0xff, 0xff, 0xff, 0xf1,
    0x0, 0xb7, 0x2, 0x2, 0x22, 0x22, 0x23, 0xf1,
    0x0, 0xb7, 0x0, 0x0, 0x0, 0x0, 0x1, 0xf1,
    0x0, 0xb7, 0x0, 0x0, 0x0, 0x0, 0x1, 0xf1,
    0x0, 0xb7, 0x0, 0xef, 0xff, 0xff, 0xff, 0xf1,
    0x0, 0xb7, 0x0, 0x22, 0x22, 0x22, 0x23, 0xf1,
    0x0, 0x10, 0x0, 0x0, 0x0, 0x0, 0x0, 0x0,

    /* U+88C9 "裉" */
    0x0, 0x6, 0x0, 0x0, 0x0, 0x0, 0x0, 0x0,
    0x0, 0x0, 0xe6, 0x0, 0x3d, 0xdd, 0xdd, 0xdd,
    0x30, 0x0, 0x8, 0xc0, 0x4, 0xe4, 0x44, 0x44,
    0xf3, 0x0, 0x13, 0x34, 0x30, 0x4e, 0x0, 0x0,
    0xe, 0x30, 0xa, 0xff, 0xff, 0x14, 0xe2, 0x22,
    0x22, 0xe3, 0x0, 0x1, 0x19, 0xc0, 0x4f, 0xee,
    0xee, 0xef, 0x30, 0x0, 0x2, 0xf3, 0x4, 0xe0,
    0x0, 0x0, 0xe3, 0x0, 0x0, 0xc9, 0x2a, 0x5e,
    0x22, 0x22, 0x2e, 0x30, 0x0, 0xcf, 0x9c, 0x64,
    0xff, 0xff, 0xff, 0xf3, 0x0, 0xcc, 0xbe, 0xd2,
    0x4e, 0x5, 0xd0, 0x3, 0x60, 0x8, 0xa, 0x79,
    0xd4, 0xe0, 0xe, 0x45, 0xeb, 0x0, 0x0, 0xa7,
    0x1, 0x4e, 0x0, 0x7f, 0xe5, 0x0, 0x0, 0xa,
    0x70, 0x4, 0xe0, 0x1, 0xda, 0x0, 0x0, 0x0,
    0xa7, 0x0, 0x4e, 0x4c, 0xa2, 0xea, 0x10, 0x0,
    0xa, 0x70, 0x8, 0xff, 0x91, 0x3, 0xef, 0x50,
    0x0, 0xa7, 0x0, 0x7c, 0x20, 0x0, 0x0, 0x81,
    0x0, 0x0, 0x0, 0x0, 0x0, 0x0, 0x0, 0x0,
    0x0,

    /* U+88CE "裎" */
    0x0, 0x0, 0x0, 0x0, 0x0, 0x0, 0x0, 0x0,
    0x2, 0xe1, 0x0, 0x14, 0x44, 0x44, 0x44, 0x10,
    0x0, 0xc9, 0x0, 0x6f, 0xcc, 0xcc, 0xcf, 0x50,
    0x12, 0x45, 0x20, 0x6c, 0x0, 0x0, 0xd, 0x50,
    0xce, 0xee, 0xf1, 0x6c, 0x0, 0x0, 0xd, 0x50,
    0x0, 0x8, 0xc0, 0x6f, 0xff, 0xff, 0xff, 0x50,
    0x0, 0x3f, 0x20, 0x6c, 0x11, 0x11, 0x1d, 0x50,
    0x1, 0xe8, 0x13, 0x22, 0x11, 0x11, 0x12, 0x10,
    0x1c, 0xf9, 0xd7, 0xff, 0xff, 0xff, 0xff, 0xe0,
    0xcc, 0xdf, 0xb0, 0x0, 0x2, 0xf0, 0x0, 0x0,
    0x81, 0xc6, 0xe5, 0x0, 0x2, 0xf0, 0x0, 0x0,
    0x0, 0xc5, 0x20, 0xbf, 0xff, 0xff, 0xff, 0x90,
    0x0, 0xc5, 0x0, 0x0, 0x2, 0xf0, 0x0, 0x0,
    0x0, 0xc5, 0x0, 0x0, 0x2, 0xf0, 0x0, 0x0,
    0x0, 0xc5, 0x8, 0xdd, 0xdd, 0xfd, 0xdd, 0xd7,
    0x0, 0xc5, 0x2, 0x33, 0x33, 0x33, 0x33, 0x31,

    /* U+88E2 "裢" */
    0x0, 0x20, 0x0, 0x0, 0x0, 0x22, 0x0, 0x0,
    0x4, 0xe1, 0xc, 0x50, 0x0, 0xa9, 0x0, 0x0,
    0x0, 0xc7, 0x9, 0xd0, 0x44, 0xe8, 0x44, 0x41,
    0x23, 0x53, 0x22, 0xf2, 0xcd, 0xfd, 0xdd, 0xd3,
    0x9d, 0xdf, 0xa0, 0x10, 0x8, 0xa1, 0x30, 0x0,
    0x0, 0xd, 0x40, 0x0, 0xe, 0x46, 0xb0, 0x0,
    0x0, 0x6b, 0x3f, 0xf3, 0x4e, 0x6, 0xb0, 0x0,
    0x2, 0xf4, 0x44, 0xe3, 0x9d, 0x8b, 0xd8, 0x80,
    0xc, 0xf8, 0xe3, 0xe3, 0x58, 0x8b, 0xd8, 0x80,
    0xac, 0xee, 0x90, 0xe3, 0x0, 0x6, 0xb0, 0x0,
    0x61, 0xe4, 0xd1, 0xe4, 0x66, 0x6a, 0xd6, 0x63,
    0x0, 0xe2, 0x0, 0xe5, 0xaa, 0xac, 0xea, 0xa5,
    0x0, 0xe2, 0x0, 0xf3, 0x0, 0x6, 0xb0, 0x0,
    0x0, 0xe2, 0xa, 0xf9, 0x0, 0x6, 0xb0, 0x0,
    0x0, 0xe2, 0x8d, 0x2e, 0xa3, 0x23, 0x43, 0x32,
    0x0, 0xe2, 0x82, 0x2, 0xae, 0xff, 0xff, 0xf7,
    0x0, 0x0, 0x0, 0x0, 0x0, 0x0, 0x0, 0x0,

    /* U+88E3 "裣" */
    0x0, 0x0, 0x0, 0x0, 0x0, 0x0, 0x0, 0x0,
    0x2, 0xd0, 0x0, 0x0, 0x7, 0xd1, 0x0, 0x0,
    0x0, 0xc8, 0x0, 0x0, 0x2f, 0xca, 0x0, 0x0,
    0x22, 0x54, 0x20, 0x0, 0xc8, 0x1e, 0x60, 0x0,
    0xdf, 0xff, 0xf1, 0xa, 0xc0, 0x4, 0xf6, 0x0,
    0x0, 0x9, 0xc0, 0x9e, 0x20, 0x0, 0x5f, 0x90,
    0x0, 0x3f, 0x28, 0xe5, 0x33, 0x33, 0x36, 0xf6,
    0x1, 0xd9, 0x14, 0x2c, 0xdd, 0xdd, 0xd6, 0x10,
    0x1d, 0xf7, 0xc8, 0x0, 0x6, 0x10, 0x3, 0x0,
    0xcd, 0xdf, 0xb0, 0xc4, 0xc, 0x60, 0x4f, 0x10,
    0x81, 0xc6, 0xe5, 0x9a, 0x8, 0xa0, 0x9b, 0x0,
    0x0, 0xc4, 0x31, 0x4e, 0x4, 0xe0, 0xd5, 0x0,
    0x0, 0xc4, 0x0, 0xf, 0x31, 0x94, 0xf0, 0x0,
    0x0, 0xc4, 0x0, 0x1, 0x0, 0x9, 0x90, 0x0,
    0x0, 0xc4, 0x8, 0xee, 0xee, 0xef, 0xfe, 0xe3,
    0x0, 0xc4, 0x1, 0x33, 0x33, 0x33, 0x33, 0x30,

    /* U+88E5 "裥" */
    0x0, 0x0, 0x0, 0x0, 0x0, 0x0, 0x0, 0x0,
    0x4, 0xd0, 0x0, 0x5a, 0x1, 0x11, 0x11, 0x10,
    0x0, 0xc6, 0x0, 0xc, 0x6a, 0xff, 0xff, 0xf2,
    0x24, 0x65, 0x21, 0x91, 0x10, 0x0, 0x0, 0xf2,
    0xaf, 0xff, 0xa2, 0xe0, 0x0, 0x0, 0x0, 0xf2,
    0x0, 0xc, 0x52, 0xe1, 0xff, 0xff, 0xe0, 0xf2,
    0x0, 0x5c, 0x2, 0xe1, 0xf0, 0x1, 0xe0, 0xf2,
    0x1, 0xe3, 0x56, 0xe1, 0xf0, 0x1, 0xe0, 0xf2,
    0xb, 0xfa, 0xd5, 0xe1, 0xff, 0xff, 0xe0, 0xf2,
    0x9b, 0xee, 0xa3, 0xe1, 0xf0, 0x2, 0xe0, 0xf2,
    0x71, 0xe4, 0xe7, 0xe1, 0xf0, 0x1, 0xe0, 0xf2,
    0x0, 0xe2, 0x12, 0xe1, 0xf3, 0x34, 0xe0, 0xf2,
    0x0, 0xe2, 0x2, 0xe1, 0xfc, 0xcc, 0xb0, 0xf2,
    0x0, 0xe2, 0x2, 0xe0, 0xa0, 0x0, 0x0, 0xf2,
    0x0, 0xe2, 0x2, 0xe0, 0x0, 0x3, 0x57, 0xf1,
    0x0, 0xe2, 0x2, 0xe0, 0x0, 0x5, 0xcc, 0x70,

    /* U+88E8 "裨" */
    0x0, 0x50, 0x0, 0x0, 0x4, 0x30, 0x0, 0x0,
    0x2, 0xf3, 0x0, 0x0, 0xd, 0x60, 0x0, 0x0,
    0x0, 0xa9, 0x0, 0xde, 0xef, 0xee, 0xee, 0xd0,
    0x67, 0x87, 0x70, 0xe4, 0x13, 0xf1, 0x14, 0xe0,
    0x8a, 0xac, 0xf0, 0xe2, 0x1, 0xf0, 0x3, 0xe0,
    0x0, 0xb, 0x80, 0xee, 0xee, 0xfe, 0xee, 0xe0,
    0x0, 0x5d, 0x2, 0xe3, 0x14, 0xe1, 0x14, 0xe0,
    0x2, 0xf5, 0x9a, 0xe2, 0x7, 0xb0, 0x3, 0xe0,
    0x1d, 0xfd, 0xc0, 0xef, 0xff, 0xff, 0xff, 0xe0,
    0xda, 0xce, 0xa0, 0x11, 0xcd, 0x26, 0x12, 0x90,
    0x60, 0xc5, 0xd6, 0x3c, 0xd1, 0x3f, 0x0, 0x0,
    0x0, 0xc4, 0x20, 0xba, 0x10, 0x3f, 0x0, 0x0,
    0x0, 0xc4, 0xa, 0xff, 0xff, 0xff, 0xff, 0xfd,
    0x0, 0xc4, 0x1, 0x11, 0x11, 0x4f, 0x11, 0x11,
    0x0, 0xc4, 0x0, 0x0, 0x0, 0x3f, 0x0, 0x0,
    0x0, 0xb4, 0x0, 0x0, 0x0, 0x3f, 0x0, 0x0,

    /* U+88F0 "裰" */
    0x0, 0x0, 0x0, 0x0, 0x0, 0x0, 0x0, 0x0,
    0x0, 0xc2, 0x1, 0x33, 0x33, 0x24, 0x44, 0x41,
    0x0, 0x9b, 0x4, 0xdd, 0xde, 0x6c, 0xcc, 0xf3,
    0x13, 0x47, 0x20, 0x50, 0x6a, 0x43, 0x3, 0xe0,
    0x5f, 0xff, 0xd1, 0xc9, 0xe3, 0x4e, 0x7c, 0x60,
    0x0, 0xa, 0x80, 0x1e, 0xd0, 0x2, 0xfe, 0x0,
    0x0, 0x4e, 0x2, 0xcb, 0xba, 0x2c, 0xbb, 0xc1,
    0x0, 0xd7, 0x39, 0x70, 0x3, 0xb8, 0x0, 0x93,
    0xc, 0xfa, 0xe7, 0xcc, 0xc8, 0xbc, 0xcc, 0xc2,
    0x7c, 0xbf, 0xa1, 0x44, 0x99, 0xaa, 0x45, 0xf1,
    0x31, 0xa7, 0xe6, 0x90, 0xd4, 0x4b, 0x5, 0xc0,
    0x0, 0xa6, 0x10, 0xbc, 0xe0, 0xe, 0x3d, 0x50,
    0x0, 0xa6, 0x0, 0xf, 0xc0, 0x7, 0xfc, 0x0,
    0x0, 0xa6, 0x0, 0x9c, 0xca, 0x8, 0xfb, 0x0,
    0x0, 0xa6, 0x9, 0xe1, 0x16, 0xbe, 0x4c, 0xd4,
    0x0, 0xa6, 0x2d, 0x20, 0xa, 0xa1, 0x0, 0x97,
    0x0, 0x0, 0x0, 0x0, 0x0, 0x0, 0x0, 0x0,

    /* U+88F1 "裱" */
    0x0, 0x0, 0x0, 0x0, 0x0, 0x20, 0x0, 0x0,
    0x1, 0xf2, 0x0, 0x0, 0x0, 0xf3, 0x0, 0x0,
    0x0, 0xab, 0x0, 0x33, 0x33, 0xf6, 0x33, 0x30,
    0x0, 0x24, 0x1, 0xcc, 0xcc, 0xfd, 0xcc, 0xc2,
    0xcd, 0xde, 0xf1, 0x0, 0x0, 0xf3, 0x0, 0x0,
    0x0, 0x8, 0xb0, 0x9f, 0xff, 0xff, 0xff, 0xe0,
    0x0, 0x3f, 0x20, 0x0, 0x0, 0xf4, 0x0, 0x0,
    0x0, 0xd8, 0x16, 0x0, 0x0, 0xf4, 0x0, 0x0,
    0xb, 0xf8, 0xbc, 0xff, 0xff, 0xff, 0xff, 0xf7,
    0xbd, 0xdf, 0xc0, 0x0, 0x3e, 0xd6, 0x0, 0x50,
    0x91, 0xc6, 0xe6, 0x3, 0xe5, 0x5e, 0x2c, 0xc0,
    0x0, 0xc5, 0x21, 0x4f, 0xe0, 0xd, 0xf7, 0x0,
    0x0, 0xc5, 0x9, 0xe8, 0xe0, 0x3, 0xf6, 0x0,
    0x0, 0xc5, 0x8b, 0x13, 0xe0, 0x16, 0x5f, 0x91,
    0x0, 0xc5, 0x0, 0x5, 0xfc, 0xfa, 0x4, 0xe6,
    0x0, 0xc5, 0x0, 0x5, 0xc5, 0x10, 0x0, 0x0,
    0x0, 0x0, 0x0, 0x0, 0x0, 0x0, 0x0, 0x0,

    /* U+88FC "裼" */
    0x0, 0x30, 0x0, 0x0, 0x0, 0x0, 0x0, 0x0,
    0x0, 0xe6, 0x0, 0x2d, 0xdd, 0xdd, 0xdd, 0x20,
    0x0, 0x7d, 0x0, 0x3e, 0x22, 0x22, 0x2e, 0x30,
    0x12, 0x34, 0x20, 0x3e, 0x22, 0x22, 0x2e, 0x30,
    0xaf, 0xff, 0xe0, 0x3f, 0xcc, 0xcc, 0xcf, 0x30,
    0x0, 0xa, 0x90, 0x3e, 0x0, 0x0, 0xe, 0x30,
    0x0, 0x4e, 0x0, 0x3f, 0xff, 0xff, 0xff, 0x30,
    0x0, 0xd6, 0x3c, 0x7, 0x40, 0x0, 0x6, 0x10,
    0xb, 0xf5, 0xb7, 0x2f, 0x51, 0x11, 0x11, 0x10,
    0x8e, 0xed, 0xb0, 0xbf, 0xff, 0xff, 0xff, 0xf2,
    0x83, 0xcc, 0xd9, 0xe1, 0x5c, 0xb, 0x51, 0xf1,
    0x0, 0xc5, 0x9a, 0x31, 0xe4, 0x2f, 0x2, 0xf0,
    0x0, 0xc5, 0x0, 0xc, 0xa0, 0xa8, 0x4, 0xe0,
    0x0, 0xc5, 0x2, 0xdc, 0x6, 0xe1, 0x6, 0xc0,
    0x0, 0xc5, 0x7, 0x90, 0x7f, 0x52, 0x2c, 0x90,
    0x0, 0xc5, 0x0, 0x1, 0xc3, 0x4f, 0xfc, 0x10,
    0x0, 0x0, 0x0, 0x0, 0x0, 0x0, 0x0, 0x0,

    /* U+88FE "裾" */
    0x0, 0x0, 0x0, 0x0, 0x0, 0x0, 0x0, 0x0,
    0x2, 0xd1, 0x0, 0x12, 0x22, 0x22, 0x22, 0x20,
    0x0, 0xd8, 0x0, 0xee, 0xee, 0xee, 0xee, 0xf0,
    0x0, 0x33, 0x0, 0xe3, 0x0, 0x0, 0x1, 0xf0,
    0xcf, 0xff, 0xf1, 0xe5, 0x11, 0x11, 0x13, 0xf0,
    0x22, 0x29, 0xd0, 0xef, 0xee, 0xee, 0xee, 0xf0,
    0x0, 0x1e, 0x30, 0xe3, 0x0, 0x2b, 0x0, 0x60,
    0x0, 0xb9, 0x11, 0xe5, 0x22, 0x5e, 0x22, 0x21,
    0x9, 0xf6, 0xb7, 0xfe, 0xee, 0xff, 0xee, 0xe7,
    0x9e, 0xef, 0xb0, 0xf2, 0x0, 0x3e, 0x0, 0x0,
    0xa2, 0xd7, 0xe6, 0xf1, 0x11, 0x4e, 0x11, 0x10,
    0x0, 0xd4, 0x47, 0xe5, 0xff, 0xff, 0xff, 0xe0,
    0x0, 0xd4, 0x8, 0xa5, 0xd0, 0x0, 0x3, 0xe0,
    0x0, 0xd4, 0xd, 0x65, 0xd0, 0x0, 0x3, 0xe0,
    0x0, 0xd4, 0x6f, 0x5, 0xff, 0xff, 0xff, 0xe0,
    0x0, 0xd4, 0x77, 0x5, 0xd1, 0x11, 0x14, 0xe0,
    0x0, 0x0, 0x0, 0x0, 0x0, 0x0, 0x0, 0x0,

    /* U+890A "褊" */
    0x0, 0x30, 0x0, 0x0, 0x1, 0x60, 0x0, 0x0,
    0x0, 0xe6, 0x0, 0x0, 0x2, 0xf3, 0x0, 0x0,
    0x0, 0x7d, 0x3, 0xee, 0xee, 0xff, 0xee, 0xb0,
    0x35, 0x66, 0x53, 0xb1, 0x11, 0x11, 0x14, 0xd0,
    0x8e, 0xee, 0xe3, 0xb0, 0x0, 0x0, 0x2, 0xd0,
    0x0, 0xa, 0x93, 0xff, 0xff, 0xff, 0xff, 0xd0,
    0x0, 0x3f, 0x13, 0xb0, 0x0, 0x0, 0x2, 0x80,
    0x0, 0xd8, 0x35, 0xb1, 0x11, 0x11, 0x11, 0x10,
    0xb, 0xf6, 0xd8, 0xad, 0xee, 0xfe, 0xfe, 0xf1,
    0x8e, 0xdf, 0x85, 0x9d, 0x21, 0xd1, 0xe0, 0xe1,
    0x52, 0xb9, 0xe8, 0x8d, 0x21, 0xd1, 0xe0, 0xe1,
    0x0, 0xb6, 0x29, 0x5d, 0xff, 0xff, 0xff, 0xf1,
    0x0, 0xb6, 0xd, 0x2d, 0x21, 0xd1, 0xe0, 0xe1,
    0x0, 0xb6, 0x2e, 0xd, 0x21, 0xd1, 0xe0, 0xe1,
    0x0, 0xb6, 0x98, 0xd, 0x21, 0xd1, 0xe1, 0xf0,
    0x0, 0xb6, 0xc1, 0xd, 0x20, 0x60, 0xae, 0xa0,
    0x0, 0x0, 0x0, 0x0, 0x0, 0x0, 0x0, 0x0,

    /* U+8913 "褓" */
    0x0, 0x0, 0x0, 0x0, 0x0, 0x0, 0x0, 0x0,
    0x1, 0xc2, 0x0, 0x2e, 0x31, 0x11, 0x11, 0x10,
    0x0, 0xba, 0x0, 0x6e, 0x2f, 0xff, 0xff, 0xf0,
    0x0, 0x36, 0x0, 0xc7, 0x2e, 0x0, 0x0, 0xf0,
    0x8f, 0xff, 0xe1, 0xf2, 0x2e, 0x0, 0x0, 0xf0,
    0x0, 0x9, 0xa8, 0xf2, 0x2e, 0x11, 0x11, 0xf0,
    0x0, 0x3e, 0x3f, 0xf2, 0x2f, 0xff, 0xff, 0xf0,
    0x0, 0xd7, 0x7a, 0xe2, 0x1b, 0x6, 0x0, 0xc0,
    0xa, 0xf6, 0x82, 0xe2, 0x0, 0xe, 0x20, 0x0,
    0x8d, 0xce, 0xc0, 0xe2, 0xff, 0xff, 0xff, 0xfa,
    0x51, 0xbc, 0xd1, 0xe2, 0x11, 0x9f, 0xd2, 0x11,
    0x0, 0xb6, 0x92, 0xe2, 0x4, 0xce, 0xba, 0x0,
    0x0, 0xb6, 0x0, 0xe2, 0x3e, 0x3e, 0x2d, 0x90,
    0x0, 0xb6, 0x0, 0xe5, 0xe8, 0xe, 0x22, 0xea,
    0x0, 0xb6, 0x0, 0xe4, 0x90, 0xe, 0x20, 0x27,
    0x0, 0xb6, 0x0, 0xe2, 0x0, 0xe, 0x20, 0x0,
    0x0, 0x0, 0x0, 0x10, 0x0, 0x0, 0x0, 0x0,

    /* U+8919 "褙" */
    0x0, 0x10, 0x0, 0x0, 0x30, 0x3, 0x0, 0x0,
    0x3, 0xf2, 0x0, 0x0, 0xe3, 0x1f, 0x0, 0x20,
    0x0, 0xb9, 0x8, 0xaa, 0xf3, 0x1f, 0x8d, 0xe0,
    0x22, 0x43, 0x25, 0x55, 0xf3, 0x1f, 0x83, 0x41,
    0xdf, 0xff, 0xf1, 0x3, 0xf3, 0x1f, 0x0, 0xb5,
    0x0, 0x9, 0xb9, 0xec, 0xf3, 0xe, 0xa9, 0xf1,
    0x0, 0x3e, 0x14, 0x10, 0x71, 0x2, 0x66, 0x20,
    0x0, 0xd6, 0x36, 0xbc, 0xcc, 0xcc, 0xcc, 0x30,
    0xc, 0xfb, 0xe5, 0xe7, 0x44, 0x44, 0x4e, 0x40,
    0xbc, 0xdf, 0xb0, 0xe3, 0x0, 0x0, 0xd, 0x40,
    0x91, 0xc7, 0xe4, 0xef, 0xff, 0xff, 0xff, 0x40,
    0x0, 0xc4, 0x31, 0xe3, 0x0, 0x0, 0xd, 0x40,
    0x0, 0xc4, 0x0, 0xef, 0xff, 0xff, 0xff, 0x40,
    0x0, 0xc4, 0x0, 0xe3, 0x0, 0x0, 0xd, 0x40,
    0x0, 0xc4, 0x0, 0xe3, 0x0, 0x44, 0x4f, 0x30,
    0x0, 0xc4, 0x0, 0xe3, 0x0, 0xbd, 0xda, 0x0,
    0x0, 0x0, 0x0, 0x0, 0x0, 0x0, 0x0, 0x0,

    /* U+891A "褚" */
    0x0, 0x20, 0x0, 0x0, 0x3, 0x0, 0x0, 0x0,
    0x2, 0xf2, 0x0, 0x0, 0x3f, 0x0, 0x0, 0x0,
    0x0, 0xba, 0x0, 0x0, 0x3f, 0x0, 0x5, 0xc0,
    0x12, 0x54, 0x20, 0xef, 0xff, 0xff, 0x6e, 0x60,
    0xbf, 0xff, 0xf1, 0x22, 0x5f, 0x23, 0xda, 0x0,
    0x0, 0x8, 0xb0, 0x0, 0x3f, 0xb, 0xc0, 0x0,
    0x0, 0x3e, 0x18, 0xff, 0xff, 0xff, 0xff, 0xf5,
    0x0, 0xd7, 0x68, 0x22, 0x3d, 0xd2, 0x22, 0x20,
    0xc, 0xfe, 0xe2, 0x2, 0xde, 0x21, 0x11, 0x0,
    0xbd, 0xdb, 0xe2, 0x6f, 0xff, 0xff, 0xff, 0x40,
    0x91, 0xc5, 0x8d, 0xfe, 0x0, 0x0, 0xd, 0x40,
    0x0, 0xc5, 0x7b, 0x5f, 0x44, 0x44, 0x4e, 0x40,
    0x0, 0xc5, 0x0, 0x3f, 0xbb, 0xbb, 0xbf, 0x40,
    0x0, 0xc5, 0x0, 0x3e, 0x0, 0x0, 0xd, 0x40,
    0x0, 0xc5, 0x0, 0x3f, 0xee, 0xee, 0xef, 0x40,
    0x0, 0xc5, 0x0, 0x3e, 0x22, 0x22, 0x2d, 0x40,
    0x0, 0x0, 0x0, 0x0, 0x0, 0x0, 0x0, 0x0,

    /* U+891B "褛" */
    0x0, 0x0, 0x0, 0x0, 0x1, 0x20, 0x0, 0x0,
    0x3, 0xd0, 0x0, 0x30, 0x6, 0xc0, 0x4, 0x0,
    0x0, 0xd7, 0x0, 0x9c, 0x16, 0xc0, 0x6f, 0x20,
    0x0, 0x53, 0x0, 0xa, 0x86, 0xc2, 0xf4, 0x0,
    0xcf, 0xff, 0xa3, 0x67, 0x6a, 0xd6, 0x86, 0x60,
    0x11, 0x1c, 0x74, 0x99, 0xcf, 0xfe, 0x99, 0x90,
    0x0, 0x5d, 0x0, 0x3, 0xd8, 0xcb, 0x60, 0x0,
    0x1, 0xe5, 0x51, 0x5e, 0x36, 0xc0, 0xca, 0x10,
    0xc, 0xf5, 0xda, 0xd3, 0x6, 0xb0, 0x9, 0xf1,
    0xad, 0xff, 0x43, 0x10, 0x9b, 0x0, 0x0, 0x20,
    0x81, 0xeb, 0xad, 0xff, 0xff, 0xff, 0xff, 0xf5,
    0x0, 0xe3, 0x70, 0x1e, 0x50, 0x8, 0xb0, 0x0,
    0x0, 0xe3, 0x0, 0x6f, 0xa4, 0x5f, 0x30, 0x0,
    0x0, 0xe3, 0x0, 0x0, 0x7f, 0xfc, 0x20, 0x0,
    0x0, 0xe3, 0x2, 0x59, 0xec, 0x5a, 0xfc, 0x50,
    0x0, 0xe3, 0x3f, 0xc8, 0x30, 0x0, 0x18, 0xd0,
    0x0, 0x0, 0x0, 0x0, 0x0, 0x0, 0x0, 0x0,

    /* U+8921 "褡" */
    0x0, 0x20, 0x0, 0x0, 0x20, 0x0, 0x20, 0x0,
    0x0, 0xf5, 0x0, 0x4, 0xd0, 0x0, 0xe3, 0x0,
    0x0, 0x7d, 0x4, 0xab, 0xfa, 0xaa, 0xfb, 0xa4,
    0x12, 0x35, 0x23, 0x79, 0xe7, 0x77, 0xf9, 0x73,
    0x9f, 0xff, 0xf1, 0x3, 0xc4, 0xc3, 0xd2, 0x0,
    0x0, 0x7, 0xb0, 0x0, 0x2e, 0x9d, 0x10, 0x0,
    0x0, 0x1e, 0x20, 0x3, 0xe7, 0x8, 0xe3, 0x0,
    0x0, 0xb9, 0x67, 0x7f, 0x70, 0x0, 0x7f, 0xa2,
    0x9, 0xfa, 0xe5, 0xea, 0xff, 0xff, 0xf7, 0xd4,
    0x8d, 0xbf, 0xa0, 0x0, 0x22, 0x22, 0x20, 0x0,
    0x92, 0x9b, 0xe8, 0x15, 0x55, 0x55, 0x55, 0x0,
    0x0, 0x98, 0x34, 0x3f, 0xcc, 0xcc, 0xcf, 0x20,
    0x0, 0x98, 0x0, 0x3e, 0x0, 0x0, 0xf, 0x20,
    0x0, 0x98, 0x0, 0x3e, 0x0, 0x0, 0xf, 0x20,
    0x0, 0x98, 0x0, 0x3f, 0xff, 0xff, 0xff, 0x20,
    0x0, 0x98, 0x0, 0x3e, 0x22, 0x22, 0x2f, 0x20,
    0x0, 0x0, 0x0, 0x0, 0x0, 0x0, 0x0, 0x0,

    /* U+892B "褫" */
    0x0, 0x20, 0x0, 0x0, 0x0, 0x0, 0x0, 0x0,
    0x5, 0xd0, 0x0, 0x0, 0x23, 0x46, 0x8a, 0xc1,
    0x0, 0xe5, 0x3, 0xff, 0xed, 0xca, 0x97, 0x51,
    0x1, 0x41, 0x4, 0xc0, 0x0, 0xb1, 0x0, 0x0,
    0xaf, 0xff, 0x74, 0xc0, 0x1, 0xfe, 0xee, 0xe1,
    0x0, 0xe, 0x34, 0xc0, 0x1, 0xf1, 0x0, 0x0,
    0x0, 0x7a, 0x4, 0xc6, 0xfe, 0xee, 0xee, 0xf5,
    0x2, 0xf2, 0x34, 0xc6, 0x70, 0xd3, 0x0, 0x94,
    0x1d, 0xf7, 0xe7, 0xb6, 0x9a, 0xfe, 0xda, 0x80,
    0xab, 0xfe, 0x75, 0xb6, 0x71, 0xd8, 0x46, 0xc0,
    0x50, 0xf2, 0xb8, 0x97, 0x60, 0x38, 0x87, 0x10,
    0x0, 0xf0, 0xa, 0x68, 0x59, 0xdd, 0xdb, 0x0,
    0x0, 0xf0, 0xf, 0x2b, 0x2c, 0x41, 0x3d, 0x0,
    0x0, 0xf0, 0x5d, 0x1e, 0xe, 0x10, 0x2d, 0x2a,
    0x0, 0xf1, 0xe6, 0x8a, 0x3c, 0x0, 0x2e, 0x4b,
    0x0, 0xf1, 0xa0, 0x82, 0xb3, 0x0, 0xc, 0xe5,
    0x0, 0x0, 0x0, 0x0, 0x0, 0x0, 0x0, 0x0,

    /* U+8934 "褴" */
    0x0, 0x10, 0x0, 0x0, 0x0, 0x0, 0x0, 0x0,
    0x4, 0xe0, 0x0, 0x20, 0xa7, 0x9, 0x80, 0x0,
    0x0, 0xd8, 0x4, 0xd0, 0xa7, 0xd, 0x60, 0x0,
    0x11, 0x43, 0x14, 0xd0, 0xa7, 0x2f, 0xcb, 0xb8,
    0xaf, 0xff, 0xa4, 0xd0, 0xa7, 0x7d, 0x55, 0x53,
    0x0, 0xc, 0x54, 0xd0, 0xa7, 0xd7, 0x71, 0x0,
    0x0, 0x5b, 0x4, 0xd0, 0xab, 0xf1, 0xac, 0x0,
    0x1, 0xe3, 0x67, 0xd0, 0xa7, 0x20, 0xe, 0x70,
    0xc, 0xfc, 0xd2, 0x20, 0x74, 0x0, 0x3, 0x40,
    0xaa, 0xeb, 0xc5, 0xcc, 0xcc, 0xcc, 0xcc, 0x90,
    0x50, 0xe2, 0x97, 0xc4, 0xc8, 0x4f, 0x58, 0xc0,
    0x0, 0xe2, 0x6, 0xb0, 0xa6, 0xf, 0x15, 0xc0,
    0x0, 0xe2, 0x6, 0xb0, 0xa6, 0xf, 0x15, 0xc0,
    0x0, 0xe2, 0x6, 0xb0, 0xa6, 0xf, 0x15, 0xc0,
    0x0, 0xe2, 0x6, 0xb1, 0xb6, 0x1f, 0x25, 0xc0,
    0x0, 0xe2, 0x7f, 0xff, 0xff, 0xff, 0xff, 0xfe,

    /* U+8936 "褶" */
    0x0, 0x50, 0x0, 0x0, 0x0, 0x0, 0x0, 0x0,
    0x1f, 0x40, 0x7b, 0xbb, 0xa7, 0xbb, 0xb8, 0x0,
    0x9b, 0x2, 0x44, 0x5e, 0x24, 0x47, 0xc0, 0x12,
    0x21, 0xd, 0x32, 0xe3, 0xd1, 0x4c, 0x7f, 0xff,
    0xf1, 0x3c, 0x2e, 0x7, 0x84, 0xc0, 0x0, 0x7c,
    0x0, 0x5a, 0xe0, 0x49, 0xdc, 0x0, 0x1d, 0x16,
    0xe9, 0x5c, 0x9b, 0x55, 0xc0, 0xb, 0x63, 0x70,
    0x0, 0xd1, 0x0, 0x28, 0x8, 0xfa, 0xd6, 0x0,
    0x5d, 0x0, 0x0, 0x8, 0xed, 0xfc, 0xd, 0xfe,
    0xee, 0xee, 0xf3, 0x93, 0xc6, 0xe7, 0xd5, 0x0,
    0x0, 0xe, 0x30, 0xc, 0x53, 0x4d, 0x62, 0x22,
    0x22, 0xe3, 0x0, 0xc5, 0x0, 0xdd, 0xcc, 0xcc,
    0xcf, 0x30, 0xc, 0x50, 0xd, 0x50, 0x0, 0x0,
    0xe3, 0x0, 0xc5, 0x0, 0xde, 0xdd, 0xdd, 0xdf,
    0x30, 0xb, 0x40, 0xd, 0x62, 0x22, 0x22, 0xe3,
    0x0, 0x0, 0x0, 0x0, 0x0, 0x0, 0x0, 0x0,

    /* U+8941 "襁" */
    0x0, 0x0, 0x0, 0x0, 0x0, 0x0, 0x0, 0x0,
    0x5, 0xa0, 0x2, 0x22, 0x2, 0x33, 0x33, 0x30,
    0x0, 0xe3, 0xe, 0xef, 0x5a, 0xdc, 0xcc, 0xd0,
    0x12, 0x63, 0x0, 0x9, 0x5a, 0x50, 0x1, 0xd0,
    0x7b, 0xbf, 0x50, 0x9, 0x5a, 0x96, 0x67, 0xd0,
    0x0, 0x2e, 0x9, 0xef, 0x5a, 0xa9, 0xe8, 0xd0,
    0x0, 0xa8, 0xc, 0x4a, 0x51, 0x3, 0xd0, 0x10,
    0x3, 0xf1, 0x1d, 0x12, 0x15, 0x57, 0xe5, 0x50,
    0x1e, 0xf6, 0xcf, 0x10, 0xe, 0x9a, 0xe9, 0xe2,
    0xac, 0xff, 0x3f, 0xff, 0x3e, 0x3, 0xd0, 0xc2,
    0x82, 0xf7, 0xc0, 0xd, 0x2e, 0x13, 0xd0, 0xc2,
    0x1, 0xf0, 0x60, 0xe, 0x1e, 0xff, 0xff, 0xf2,
    0x1, 0xf0, 0x0, 0xf, 0x5, 0x3, 0xd2, 0x50,
    0x1, 0xf0, 0x0, 0xf, 0x0, 0x3, 0xd1, 0xd0,
    0x1, 0xf0, 0x23, 0x7d, 0x5c, 0xdd, 0xff, 0xf4,
    0x1, 0xf0, 0x4f, 0xe4, 0x38, 0x63, 0x20, 0x69,
    0x0, 0x0, 0x0, 0x0, 0x0, 0x0, 0x0, 0x0,

    /* U+8966 "襦" */
    0x1, 0x50, 0x0, 0x0, 0x0, 0x0, 0x0, 0x0,
    0x3, 0xf2, 0x2, 0xbb, 0xbb, 0xbb, 0xbb, 0x60,
    0x0, 0xb7, 0x0, 0x33, 0x36, 0xd3, 0x33, 0x20,
    0x36, 0x66, 0x39, 0xcc, 0xcd, 0xfc, 0xcc, 0xc3,
    0x7b, 0xbe, 0xac, 0x63, 0x36, 0xd3, 0x33, 0xc5,
    0x0, 0xe, 0x3c, 0x7d, 0xd7, 0xc9, 0xdb, 0xb5,
    0x0, 0x6a, 0x0, 0x56, 0x65, 0xc4, 0x66, 0x20,
    0x1, 0xe3, 0xb3, 0x46, 0x64, 0x74, 0x66, 0x20,
    0xb, 0xfd, 0xaa, 0xbb, 0xbb, 0xbb, 0xbb, 0xb6,
    0x9b, 0xec, 0xa3, 0x33, 0x3d, 0x63, 0x33, 0x31,
    0x81, 0xe3, 0xd2, 0x22, 0x2f, 0x32, 0x22, 0x20,
    0x0, 0xe2, 0x5, 0xec, 0xed, 0xcf, 0xdc, 0xf0,
    0x0, 0xe2, 0x5, 0xb0, 0x96, 0xd, 0x21, 0xf0,
    0x0, 0xe2, 0x5, 0xb0, 0x96, 0xd, 0x21, 0xf0,
    0x0, 0xe2, 0x5, 0xb0, 0x96, 0xd, 0x34, 0xe0,
    0x0, 0xe2, 0x5, 0xb0, 0x96, 0xd, 0x9d, 0x60,

    /* U+897B "襻" */
    0x0, 0x10, 0x0, 0x0, 0x0, 0x0, 0x0, 0x0,
    0x6, 0xb0, 0x0, 0x84, 0x47, 0x56, 0xd, 0x0,
    0x0, 0xe2, 0x8, 0xca, 0x3c, 0xe2, 0x7e, 0x72,
    0x11, 0x41, 0x3, 0xd7, 0x88, 0x69, 0x8e, 0x51,
    0x9f, 0xff, 0x34, 0xec, 0x47, 0x92, 0xae, 0x90,
    0x0, 0x1e, 0x1c, 0x97, 0x5c, 0xb5, 0x8d, 0x97,
    0x0, 0x87, 0x16, 0x84, 0x7a, 0xb8, 0x1d, 0x4,
    0x2, 0xe0, 0x10, 0x31, 0x2c, 0x11, 0x5, 0x0,
    0xc, 0xe7, 0xad, 0xee, 0xfe, 0xef, 0xee, 0xe8,
    0x8c, 0xff, 0x20, 0x9, 0xb1, 0x25, 0xc1, 0x0,
    0x62, 0xe6, 0xb2, 0xba, 0xbd, 0xea, 0x4d, 0x40,
    0x1, 0xe0, 0x4e, 0x77, 0x79, 0xd7, 0x75, 0xc9,
    0x1, 0xe0, 0x1, 0x4, 0x47, 0xc4, 0x41, 0x0,
    0x1, 0xe0, 0xc, 0xdd, 0xde, 0xfd, 0xdd, 0xd2,
    0x1, 0xe0, 0x0, 0x0, 0x5, 0xa0, 0x0, 0x0,
    0x1, 0xe0, 0x0, 0x0, 0xef, 0x60, 0x0, 0x0,
    0x0, 0x20, 0x0, 0x0, 0x0, 0x0, 0x0, 0x0,

    /* U+8983 "覃" */
    0x3a, 0xaa, 0xaa, 0xaa, 0xaa, 0xaa, 0xaa, 0xa8,
    0x13, 0x33, 0x37, 0xd3, 0x38, 0xc3, 0x33, 0x32,
    0x0, 0x22, 0x26, 0xd2, 0x27, 0xc2, 0x22, 0x10,
    0x3, 0xfa, 0xac, 0xea, 0xac, 0xea, 0xac, 0xa0,
    0x3, 0xe0, 0x5, 0xd0, 0x6, 0xb0, 0x7, 0xa0,
    0x3, 0xfd, 0xdd, 0xdd, 0xdd, 0xdd, 0xde, 0xa0,
    0x2, 0x80, 0x0, 0x0, 0x0, 0x0, 0x4, 0x60,
    0x0, 0x4f, 0xdd, 0xdd, 0xdd, 0xdd, 0xeb, 0x0,
    0x0, 0x4d, 0x11, 0x11, 0x11, 0x11, 0x6b, 0x0,
    0x0, 0x4f, 0xbb, 0xbb, 0xbb, 0xbb, 0xdb, 0x0,
    0x0, 0x4d, 0x44, 0x44, 0x44, 0x44, 0x8b, 0x0,
    0x0, 0x4e, 0x88, 0x8b, 0xe8, 0x88, 0xbb, 0x0,
    0x4b, 0xbb, 0xbb, 0xbc, 0xfb, 0xbb, 0xbb, 0xb9,
    0x13, 0x33, 0x33, 0x37, 0xd3, 0x33, 0x33, 0x32,
    0x0, 0x0, 0x0, 0x5, 0xd0, 0x0, 0x0, 0x0,

    /* U+89C7 "觇" */
    0x0, 0xd, 0x10, 0x0, 0x55, 0x55, 0x55, 0x40,
    0x0, 0xf, 0x10, 0x1, 0xfc, 0xcc, 0xcd, 0xe0,
    0x0, 0xf, 0x10, 0x1, 0xf0, 0x1, 0x2, 0xe0,
    0x0, 0xf, 0xff, 0xf1, 0xf0, 0x2e, 0x2, 0xe0,
    0x0, 0xf, 0x32, 0x21, 0xf0, 0x2e, 0x2, 0xe0,
    0x0, 0xf, 0x10, 0x1, 0xf0, 0x2e, 0x2, 0xe0,
    0x0, 0xf, 0x10, 0x1, 0xf0, 0x2d, 0x2, 0xe0,
    0x2, 0x2f, 0x32, 0x11, 0xf0, 0x4c, 0x2, 0xe0,
    0x2f, 0xff, 0xff, 0xe1, 0xf0, 0x6b, 0x2, 0xe0,
    0x2e, 0x0, 0x2, 0xe1, 0xf0, 0xbf, 0x62, 0xe0,
    0x2e, 0x0, 0x2, 0xe0, 0x41, 0xfd, 0x60, 0x0,
    0x2e, 0x0, 0x2, 0xe0, 0xa, 0xba, 0x60, 0x1d,
    0x2e, 0x22, 0x24, 0xe0, 0x4f, 0x2a, 0x60, 0x2d,
    0x2f, 0xff, 0xff, 0xe5, 0xf5, 0x9, 0xb5, 0xab,
    0x2e, 0x0, 0x2, 0xec, 0x60, 0x2, 0xbc, 0xb3,
    0x0, 0x0, 0x0, 0x0, 0x0, 0x0, 0x0, 0x0,

    /* U+89CA "觊" */
    0x0, 0x1, 0x50, 0x0, 0x0, 0x0, 0x0, 0x0,
    0x0, 0x10, 0x4d, 0x0, 0x4, 0x44, 0x44, 0x44,
    0x0, 0x2e, 0x4, 0xd0, 0xe2, 0xed, 0xdd, 0xdd,
    0xe0, 0x2, 0xe0, 0x4d, 0xe, 0x2e, 0x30, 0x0,
    0x2e, 0x0, 0x2f, 0xee, 0xfe, 0xf2, 0xe3, 0xe,
    0x2, 0xe0, 0x0, 0x22, 0x22, 0x2e, 0x2e, 0x30,
    0xf0, 0x2e, 0x0, 0x0, 0x0, 0x0, 0x10, 0xe3,
    0xf, 0x2, 0xe0, 0x4, 0xff, 0xff, 0xfc, 0xe,
    0x31, 0xf0, 0x2e, 0x0, 0x1, 0x11, 0x14, 0xd0,
    0xe3, 0x2f, 0x2, 0xe0, 0x0, 0x11, 0x11, 0x5d,
    0xe, 0x34, 0xd1, 0x2e, 0x0, 0xc, 0xff, 0xff,
    0xd0, 0xe3, 0x8f, 0xb2, 0xc0, 0x0, 0xc6, 0x0,
    0x27, 0x0, 0xd, 0xcb, 0x0, 0x0, 0xc, 0x60,
    0x0, 0x0, 0x7, 0xd7, 0xb0, 0x1e, 0x0, 0xc6,
    0x27, 0xbb, 0x4, 0xf4, 0x7b, 0x2, 0xe0, 0x1f,
    0xff, 0xd9, 0x44, 0xf7, 0x6, 0xd2, 0x7c, 0x0,
    0xa6, 0x10, 0x3, 0xf7, 0x0, 0x1d, 0xfe, 0x50,
    0x0, 0x0, 0x0, 0x3, 0x0, 0x0, 0x0, 0x0,
    0x0,

    /* U+89CB "觋" */
    0x2, 0x22, 0x22, 0x22, 0x23, 0x33, 0x33, 0x30,
    0x3, 0xff, 0xff, 0xff, 0xcb, 0xfe, 0xee, 0xef,
    0x0, 0x0, 0x7, 0x90, 0x0, 0xb6, 0x0, 0x1,
    0xf0, 0x0, 0x55, 0x79, 0xa, 0x2b, 0x60, 0xd2,
    0x1f, 0x0, 0x9, 0x67, 0x90, 0xf1, 0xb6, 0xe,
    0x21, 0xf0, 0x0, 0xa4, 0x79, 0x2f, 0xb, 0x60,
    0xe2, 0x1f, 0x0, 0xd, 0x57, 0x95, 0xf0, 0xb6,
    0xf, 0x11, 0xf0, 0x0, 0xfb, 0x79, 0x8f, 0x5b,
    0x60, 0xf0, 0x1f, 0x0, 0x3b, 0xd9, 0x9c, 0x7b,
    0xb6, 0x2e, 0x1, 0xf0, 0x7, 0x78, 0xdb, 0xe0,
    0xdb, 0x55, 0xfa, 0x1f, 0x0, 0x73, 0x17, 0xb8,
    0x5, 0x0, 0xad, 0xd0, 0x0, 0x0, 0x0, 0x79,
    0x0, 0x0, 0x2f, 0x7d, 0x2, 0xc0, 0x2, 0x4a,
    0xda, 0xdf, 0x5d, 0xa4, 0xd0, 0x3e, 0x8, 0xff,
    0xca, 0x85, 0x5d, 0xd0, 0x3f, 0x28, 0xc0, 0x11,
    0x0, 0x0, 0xd, 0xd1, 0x0, 0xbf, 0xe4, 0x0,
    0x0, 0x0, 0x0, 0x20, 0x0, 0x0, 0x0, 0x0,

    /* U+89CC "觌" */
    0x0, 0x1, 0x20, 0x0, 0x0, 0x0, 0x0, 0x0,
    0x0, 0x5, 0xb0, 0x0, 0x7a, 0xaa, 0xaa, 0x90,
    0xc, 0xde, 0xfd, 0xd3, 0xb9, 0x66, 0x67, 0xe0,
    0x3, 0x38, 0xc3, 0x30, 0xb6, 0x0, 0x2, 0xe0,
    0x0, 0x5, 0xb0, 0x0, 0xb6, 0xe, 0x2, 0xe0,
    0x7f, 0xff, 0xff, 0xfb, 0xb6, 0x1f, 0x2, 0xe0,
    0x4, 0x41, 0x31, 0x6a, 0xb6, 0x1f, 0x2, 0xe0,
    0x4, 0xf6, 0xe3, 0x88, 0xb6, 0x1f, 0x2, 0xe0,
    0x67, 0x36, 0xe3, 0x32, 0xb6, 0x2f, 0x2, 0xe0,
    0x2d, 0x90, 0xe2, 0x0, 0xb6, 0x3d, 0x2, 0xe0,
    0x12, 0x42, 0xf3, 0x11, 0x74, 0x5f, 0x92, 0xc0,
    0xaf, 0xff, 0xff, 0xff, 0x0, 0x9e, 0xb0, 0x0,
    0x0, 0x9, 0xe3, 0x0, 0x1, 0xf9, 0xb0, 0x3c,
    0x0, 0x5f, 0x7f, 0x70, 0xb, 0xa6, 0xb0, 0x4d,
    0x7, 0xf5, 0x3, 0xe7, 0xae, 0x15, 0xe2, 0x9a,
    0x9f, 0x40, 0x0, 0x29, 0xe3, 0x0, 0xcf, 0xd3,
    0x11, 0x0, 0x0, 0x1, 0x20, 0x0, 0x0, 0x0,

    /* U+89CE "觎" */
    0x0, 0x0, 0x54, 0x0, 0x0, 0x0, 0x0, 0x0,
    0x0, 0x5, 0xff, 0x30, 0x4, 0x44, 0x44, 0x40,
    0x0, 0x4f, 0x98, 0xf3, 0xe, 0xdd, 0xdd, 0xe0,
    0x5, 0xf9, 0x0, 0x6e, 0x2e, 0x10, 0x1, 0xe0,
    0x7f, 0xbe, 0xee, 0xe9, 0x6e, 0x13, 0xa1, 0xe0,
    0x44, 0x1, 0x11, 0x10, 0xe, 0x14, 0xb1, 0xe0,
    0x9, 0xaa, 0x70, 0xd, 0xe, 0x14, 0xb1, 0xe0,
    0xf, 0x68, 0xb8, 0x4e, 0x1e, 0x15, 0xa1, 0xe0,
    0xf, 0x3, 0xb8, 0x4e, 0x1e, 0x16, 0x91, 0xe0,
    0xf, 0xcd, 0xb8, 0x4e, 0x1e, 0x19, 0x71, 0xe0,
    0xf, 0x25, 0xb8, 0x4e, 0x1d, 0x1c, 0xd2, 0xd0,
    0xf, 0x46, 0xb8, 0x4e, 0x10, 0x1f, 0xe1, 0x0,
    0xf, 0x8a, 0xb8, 0x4e, 0x10, 0x99, 0xd1, 0x3b,
    0xf, 0x3, 0xb0, 0xe, 0x3, 0xe1, 0xd1, 0x4c,
    0xf, 0x26, 0xa1, 0x4f, 0x2e, 0x40, 0xc5, 0x8a,
    0xf, 0x8d, 0x48, 0xd8, 0xb5, 0x0, 0x6f, 0xe4,
    0x0, 0x0, 0x0, 0x0, 0x0, 0x0, 0x0, 0x0,

    /* U+89CF "觏" */
    0x0, 0x0, 0x0, 0x0, 0x0, 0x0, 0x0, 0x0,
    0x0, 0xe0, 0xd, 0x20, 0x38, 0x88, 0x88, 0x60,
    0x9e, 0xfe, 0xef, 0xeb, 0x6d, 0x99, 0x9a, 0xd0,
    0x0, 0xe0, 0xd, 0x20, 0x69, 0x0, 0x2, 0xd0,
    0x6e, 0xfe, 0xef, 0xe7, 0x69, 0xd, 0x2, 0xd0,
    0x0, 0xe0, 0xd, 0x20, 0x69, 0xf, 0x12, 0xd0,
    0xcd, 0xfd, 0xdf, 0xdd, 0x89, 0xf, 0x2, 0xd0,
    0x0, 0x6, 0x80, 0x0, 0x69, 0xf, 0x2, 0xd0,
    0x3f, 0xff, 0xff, 0xf7, 0x69, 0xf, 0x2, 0xd0,
    0x4a, 0x5, 0x80, 0x77, 0x69, 0x2e, 0x2, 0xd0,
    0x4d, 0x8b, 0xc8, 0xb7, 0x46, 0x4f, 0x92, 0xb0,
    0x4b, 0x27, 0x92, 0x87, 0x0, 0x9d, 0xc0, 0x11,
    0xce, 0xde, 0xed, 0xee, 0x30, 0xe7, 0xc0, 0x4c,
    0x5a, 0x11, 0x11, 0x78, 0x9, 0x95, 0xc0, 0x5a,
    0x4a, 0x0, 0x22, 0xa6, 0x7d, 0x4, 0xe2, 0xa8,
    0x4a, 0x0, 0x9d, 0xc3, 0xd2, 0x0, 0xcf, 0xd2,
    0x0, 0x0, 0x0, 0x0, 0x0, 0x0, 0x0, 0x0,

    /* U+89D0 "觐" */
    0x1, 0x10, 0x0, 0x10, 0x0, 0x0, 0x0, 0x0,
    0x8, 0x80, 0x3, 0xd0, 0x37, 0x77, 0x77, 0x20,
    0xae, 0xed, 0xdd, 0xfd, 0x8d, 0x88, 0x8e, 0x40,
    0x8, 0x80, 0x3, 0xd0, 0x79, 0x1, 0xc, 0x40,
    0x8, 0xed, 0xdd, 0xd0, 0x79, 0xf, 0xc, 0x40,
    0x4, 0x46, 0xa1, 0x60, 0x79, 0xf, 0xc, 0x40,
    0x4d, 0xde, 0xed, 0xd7, 0x79, 0xf, 0xc, 0x40,
    0x5b, 0x6, 0xa0, 0x69, 0x79, 0xf, 0xc, 0x40,
    0x5e, 0xbc, 0xeb, 0xc9, 0x79, 0x1f, 0xc, 0x40,
    0x37, 0x27, 0xb2, 0x55, 0x79, 0x2e, 0xc, 0x40,
    0x47, 0x7a, 0xc7, 0x74, 0x79, 0x4f, 0x5a, 0x30,
    0x24, 0x48, 0xb4, 0x42, 0x0, 0x8f, 0x80, 0x10,
    0x3d, 0xde, 0xed, 0xd4, 0x0, 0xea, 0x80, 0xa5,
    0x0, 0x6, 0xa0, 0x0, 0x8, 0xb7, 0x80, 0xc4,
    0x79, 0xac, 0xfe, 0xfd, 0x8e, 0x16, 0xa2, 0xe2,
    0x66, 0x43, 0x10, 0x5, 0xe3, 0x2, 0xdf, 0xb0,
    0x0, 0x0, 0x0, 0x0, 0x20, 0x0, 0x0, 0x0,

    /* U+89D1 "觑" */
    0x0, 0x0, 0x40, 0x0, 0x0, 0x0, 0x0, 0x0,
    0x0, 0x0, 0xf0, 0x0, 0x6, 0x66, 0x66, 0x60,
    0x0, 0x0, 0xff, 0xff, 0x8f, 0xcc, 0xcc, 0xe0,
    0x0, 0x0, 0xf0, 0x0, 0xf, 0x0, 0x1, 0xe0,
    0xe, 0xff, 0xff, 0xff, 0x8f, 0xe, 0x11, 0xe0,
    0xe, 0x10, 0xf0, 0xa, 0x7f, 0xe, 0x11, 0xe0,
    0xe, 0x68, 0xfb, 0xc4, 0xf, 0xe, 0x11, 0xe0,
    0xe, 0x44, 0xf1, 0x8, 0x6f, 0xe, 0x11, 0xe0,
    0xe, 0x10, 0xcc, 0xce, 0x3f, 0xf, 0x1, 0xe0,
    0xe, 0x10, 0x1, 0x20, 0xf, 0xf, 0x1, 0xe0,
    0xe, 0x80, 0xe4, 0xa4, 0x5f, 0x3f, 0xc1, 0xc0,
    0xf, 0xc2, 0xe4, 0xaa, 0x50, 0x7c, 0xd0, 0x0,
    0x1d, 0x78, 0xe4, 0xbe, 0x0, 0xe7, 0xd0, 0x1e,
    0x4c, 0x10, 0xe4, 0xa1, 0x7, 0xb4, 0xd0, 0x2e,
    0x78, 0x68, 0xfc, 0xee, 0x8f, 0x23, 0xf3, 0x7b,
    0xa3, 0xa9, 0x75, 0x44, 0xf5, 0x0, 0xbf, 0xd4,
    0x10, 0x0, 0x0, 0x0, 0x10, 0x0, 0x0, 0x0,

    /* U+89F3 "觳" */
    0x0, 0x0, 0x23, 0x0, 0x0, 0x0, 0x0, 0x0,
    0x4, 0x44, 0x9c, 0x44, 0x20, 0xab, 0xbb, 0x20,
    0x8, 0x88, 0xbd, 0x88, 0x40, 0xe6, 0x5e, 0x30,
    0x4, 0xcc, 0xde, 0xca, 0x0, 0xf1, 0xd, 0x30,
    0x14, 0x55, 0x55, 0x54, 0x31, 0xf0, 0xd, 0x30,
    0x4e, 0x88, 0x88, 0x8a, 0xc8, 0xb0, 0xd, 0x95,
    0x29, 0x8c, 0xcc, 0xc6, 0xaf, 0x30, 0x6, 0xc7,
    0x0, 0x1a, 0x43, 0x30, 0x3, 0x11, 0x11, 0x10,
    0x1, 0xc9, 0x88, 0xe1, 0xe, 0xec, 0xcd, 0xf0,
    0x1d, 0xec, 0xcc, 0xec, 0x25, 0xc0, 0x6, 0xc0,
    0x3, 0xf1, 0x3d, 0xd, 0x20, 0xf1, 0xc, 0x70,
    0x0, 0xfc, 0xcf, 0xcf, 0x20, 0xa9, 0x4e, 0x10,
    0x1, 0xf0, 0x3d, 0xd, 0x20, 0x1f, 0xe6, 0x0,
    0x4, 0xfc, 0xcf, 0xcf, 0x20, 0x2e, 0xf3, 0x0,
    0xa, 0x80, 0x3d, 0xd, 0x38, 0xf9, 0x7f, 0x82,
    0x2e, 0x10, 0x2a, 0xcd, 0xce, 0x50, 0x4, 0xd8,
    0x1, 0x0, 0x0, 0x0, 0x10, 0x0, 0x0, 0x0,

    /* U+8A48 "詈" */
    0x3, 0xbb, 0xbb, 0xbb, 0xbb, 0xbb, 0xbb, 0x70,
    0x4, 0xd3, 0x37, 0xc3, 0x38, 0xb3, 0x38, 0xa0,
    0x4, 0xc0, 0x5, 0xb0, 0x5, 0xa0, 0x6, 0xa0,
    0x4, 0xff, 0xff, 0xff, 0xff, 0xff, 0xff, 0xa0,
    0x1, 0x40, 0x0, 0xb, 0x70, 0x0, 0x2, 0x30,
    0x2d, 0xdd, 0xdd, 0xde, 0xfd, 0xdd, 0xdd, 0xd9,
    0x2, 0x22, 0x22, 0x22, 0x22, 0x22, 0x22, 0x21,
    0x0, 0x5f, 0xff, 0xff, 0xff, 0xff, 0xfb, 0x0,
    0x0, 0x0, 0x0, 0x0, 0x0, 0x0, 0x0, 0x0,
    0x0, 0x5f, 0xff, 0xff, 0xff, 0xff, 0xfc, 0x0,
    0x0, 0x0, 0x0, 0x0, 0x0, 0x0, 0x0, 0x0,
    0x0, 0x6f, 0xee, 0xee, 0xee, 0xee, 0xfd, 0x0,
    0x0, 0x6b, 0x0, 0x0, 0x0, 0x0, 0x4d, 0x0,
    0x0, 0x6e, 0xbb, 0xbb, 0xbb, 0xbb, 0xcd, 0x0,
    0x0, 0x6c, 0x44, 0x44, 0x44, 0x44, 0x7d, 0x0,

    /* U+8C5A "豚" */
    0x4, 0x44, 0x40, 0x1, 0x11, 0x11, 0x11, 0x0,
    0xe, 0xcb, 0xf2, 0xef, 0xff, 0xff, 0xff, 0xb0,
    0xe, 0x20, 0xe2, 0x0, 0x2e, 0x70, 0x0, 0x0,
    0xe, 0x20, 0xe2, 0x2, 0xe9, 0x0, 0x0, 0x0,
    0xe, 0x31, 0xe2, 0x5e, 0xf4, 0x0, 0xb, 0x30,
    0xe, 0xee, 0xf9, 0xf7, 0x6e, 0x0, 0xbc, 0x10,
    0xe, 0x20, 0xe3, 0x30, 0xbf, 0x8c, 0xc0, 0x0,
    0xe, 0x20, 0xe2, 0xb, 0xc7, 0xfc, 0xb0, 0x0,
    0xe, 0x42, 0xe5, 0xdb, 0x6, 0xf2, 0xf0, 0x0,
    0xe, 0xdd, 0xf7, 0x80, 0x4f, 0xf2, 0xe4, 0x0,
    0xf, 0x20, 0xe2, 0x5, 0xf5, 0xf3, 0x8b, 0x0,
    0xf, 0x10, 0xe3, 0xaf, 0x50, 0xe4, 0x1f, 0x50,
    0x3e, 0x0, 0xea, 0xd2, 0x0, 0xf3, 0x6, 0xf4,
    0x8b, 0x10, 0xf2, 0x23, 0x38, 0xe0, 0x0, 0x50,
    0xc5, 0xcf, 0xd0, 0x2f, 0xfe, 0x50, 0x0, 0x0,
    0x10, 0x1, 0x0, 0x0, 0x0, 0x0, 0x0, 0x0,

    /* U+8D32 "贲" */
    0x0, 0x0, 0x0, 0x3, 0x60, 0x0, 0x0, 0x0,
    0x0, 0x0, 0x0, 0x6, 0xd0, 0x0, 0x0, 0x0,
    0x1, 0xee, 0xee, 0xef, 0xfe, 0xee, 0xee, 0x80,
    0x0, 0x22, 0x52, 0x27, 0xd2, 0x24, 0x32, 0x10,
    0x0, 0x1, 0xf1, 0x4, 0x90, 0xa, 0x80, 0x0,
    0x3d, 0xdd, 0xfd, 0xdd, 0xdd, 0xde, 0xed, 0xdb,
    0x14, 0x45, 0xf5, 0x44, 0x44, 0x4b, 0xa4, 0x43,
    0x0, 0x0, 0xb1, 0x0, 0x0, 0x6, 0x50, 0x0,
    0x0, 0x2e, 0xee, 0xee, 0xee, 0xee, 0xe8, 0x0,
    0x0, 0x2f, 0x33, 0x33, 0x53, 0x33, 0x9a, 0x0,
    0x0, 0x2f, 0x0, 0x4, 0xe0, 0x0, 0x8a, 0x0,
    0x0, 0x2f, 0x0, 0x5, 0xd0, 0x0, 0x8a, 0x0,
    0x0, 0x2f, 0x0, 0x9, 0xe7, 0x20, 0x8a, 0x0,
    0x0, 0x0, 0x1, 0x8f, 0x8c, 0xfc, 0x61, 0x0,
    0x4, 0x58, 0xbf, 0xd4, 0x0, 0x28, 0xef, 0xa1,
    0x9, 0xdb, 0x83, 0x0, 0x0, 0x0, 0x5, 0xb0,

    /* U+8D33 "贳" */
    0x0, 0x0, 0x0, 0x11, 0x0, 0x1, 0x10, 0x0,
    0x0, 0x49, 0x0, 0x98, 0x0, 0x9, 0x70, 0x0,
    0x4c, 0xdf, 0xcc, 0xee, 0xcc, 0xce, 0xec, 0xca,
    0x14, 0x8d, 0x44, 0xaa, 0x44, 0x4b, 0xa4, 0x43,
    0x0, 0x5c, 0x0, 0x9b, 0x77, 0x7c, 0x70, 0x0,
    0x0, 0x5c, 0x0, 0x8c, 0x88, 0x8c, 0x70, 0x0,
    0x0, 0x5d, 0x11, 0x11, 0x11, 0x11, 0x11, 0x10,
    0x0, 0x5f, 0xff, 0xff, 0xff, 0xff, 0xff, 0xf2,
    0x0, 0x0, 0x0, 0x0, 0x0, 0x0, 0x0, 0x0,
    0x0, 0x4f, 0xff, 0xff, 0xff, 0xff, 0xf9, 0x0,
    0x0, 0x4d, 0x11, 0x14, 0x51, 0x11, 0x8a, 0x0,
    0x0, 0x4d, 0x0, 0x8, 0xa0, 0x0, 0x8a, 0x0,
    0x0, 0x4d, 0x0, 0xa, 0xa0, 0x0, 0x8a, 0x0,
    0x0, 0x15, 0x0, 0x6f, 0xef, 0xa5, 0x43, 0x0,
    0x2, 0x47, 0xae, 0xe6, 0x4, 0x9e, 0xfb, 0x50,
    0x1f, 0xeb, 0x84, 0x0, 0x0, 0x0, 0x4a, 0xe2,
    0x0, 0x0, 0x0, 0x0, 0x0, 0x0, 0x0, 0x0,

    /* U+8D36 "贶" */
    0x3, 0x33, 0x32, 0x3, 0x33, 0x33, 0x33, 0x30,
    0xf, 0xff, 0xff, 0xe, 0xee, 0xee, 0xee, 0xf0,
    0xf, 0x0, 0xf, 0xe, 0x20, 0x0, 0x1, 0xf0,
    0xf, 0xf, 0xf, 0xe, 0x20, 0x0, 0x1, 0xf0,
    0xf, 0xf, 0xf, 0xe, 0x20, 0x0, 0x1, 0xf0,
    0xf, 0xf, 0xf, 0xe, 0x20, 0x0, 0x1, 0xf0,
    0xf, 0xf, 0xf, 0xe, 0xee, 0xee, 0xee, 0xf0,
    0xf, 0xf, 0xf, 0xe, 0x5c, 0x75, 0xe4, 0xf0,
    0xf, 0x1f, 0xf, 0x4, 0xc, 0x42, 0xe0, 0x40,
    0xf, 0x2f, 0xf, 0x0, 0xe, 0x32, 0xe0, 0x0,
    0xb, 0x5f, 0x7a, 0x0, 0xf, 0x12, 0xe0, 0x0,
    0x0, 0x9a, 0xf4, 0x0, 0x5d, 0x2, 0xe0, 0x29,
    0x1, 0xf3, 0x6e, 0x10, 0xd7, 0x2, 0xe0, 0x4d,
    0xb, 0xb0, 0xb, 0x5c, 0xc0, 0x1, 0xf2, 0x8b,
    0x9d, 0x10, 0x0, 0xeb, 0x10, 0x0, 0xaf, 0xf5,
    0x11, 0x0, 0x0, 0x20, 0x0, 0x0, 0x0, 0x0,

    /* U+8D3B "贻" */
    0x0, 0x0, 0x0, 0x0, 0x0, 0x0, 0x0, 0x0,
    0x2, 0x33, 0x33, 0x0, 0x0, 0xc7, 0x0, 0x0,
    0xe, 0xff, 0xff, 0x30, 0x4, 0xf1, 0x0, 0x0,
    0xe, 0x30, 0xe, 0x30, 0xd, 0x70, 0x4a, 0x0,
    0xe, 0x3a, 0x1e, 0x30, 0x6d, 0x0, 0x1e, 0x30,
    0xe, 0x3e, 0x2e, 0x32, 0xf4, 0x1, 0x29, 0xc0,
    0xe, 0x3e, 0x2e, 0x3d, 0xff, 0xff, 0xed, 0xf4,
    0xe, 0x3e, 0x2e, 0x34, 0x52, 0x10, 0x0, 0x7c,
    0xe, 0x3e, 0x2e, 0x30, 0x0, 0x0, 0x0, 0x0,
    0xe, 0x3f, 0x1e, 0x33, 0xff, 0xff, 0xff, 0xe0,
    0xe, 0x3f, 0xe, 0x33, 0xe1, 0x11, 0x15, 0xe0,
    0x8, 0x6e, 0x17, 0x13, 0xe0, 0x0, 0x3, 0xe0,
    0x0, 0x9d, 0xe2, 0x3, 0xe0, 0x0, 0x3, 0xe0,
    0x3, 0xf2, 0x8e, 0x23, 0xe1, 0x11, 0x14, 0xe0,
    0x3e, 0x80, 0xb, 0xd4, 0xff, 0xff, 0xff, 0xe0,
    0x79, 0x0, 0x0, 0x13, 0xe0, 0x0, 0x3, 0xe0,
    0x0, 0x0, 0x0, 0x0, 0x0, 0x0, 0x0, 0x0,

    /* U+8D3D "贽" */
    0x0, 0x2, 0x20, 0x0, 0x4, 0x0, 0x0, 0x0,
    0x0, 0x9, 0x70, 0x0, 0xd, 0x20, 0x0, 0x0,
    0xc, 0xce, 0xdc, 0x57, 0xcf, 0xcc, 0xc3, 0x0,
    0x3, 0x3a, 0x93, 0x12, 0x3e, 0x43, 0xd4, 0x0,
    0x0, 0x1a, 0xba, 0x59, 0x6f, 0x0, 0xb5, 0x0,
    0x3f, 0xfe, 0xc6, 0x24, 0xee, 0x40, 0xb5, 0x39,
    0x2, 0x9, 0x70, 0x6, 0xf7, 0xe6, 0x98, 0x5a,
    0x5, 0x6d, 0x62, 0xbe, 0x30, 0x10, 0x4f, 0xe6,
    0x6, 0x97, 0x1, 0x71, 0x0, 0x0, 0x4, 0x60,
    0x0, 0x5f, 0xff, 0xff, 0xff, 0xff, 0xf4, 0x0,
    0x0, 0x6b, 0x0, 0x2, 0x30, 0x0, 0xd5, 0x0,
    0x0, 0x6b, 0x0, 0x6, 0xb0, 0x0, 0xd5, 0x0,
    0x0, 0x6b, 0x0, 0xb, 0x90, 0x0, 0xd5, 0x0,
    0x0, 0x48, 0x0, 0x8f, 0xee, 0x83, 0x93, 0x0,
    0x2, 0x47, 0xaf, 0xc3, 0x4, 0xaf, 0xe9, 0x30,
    0xd, 0xdb, 0x83, 0x0, 0x0, 0x0, 0x5b, 0x70,

    /* U+8D40 "赀" */
    0x0, 0x0, 0x3c, 0x0, 0x1d, 0x0, 0x0, 0x20,
    0x2, 0x80, 0x3e, 0x0, 0x2f, 0x0, 0x6d, 0xd0,
    0x4, 0xd0, 0x3f, 0xff, 0x4f, 0x9e, 0xc5, 0x0,
    0x4, 0xd0, 0x3e, 0x0, 0x2f, 0x92, 0x0, 0x44,
    0x4, 0xd0, 0x3e, 0x0, 0x2f, 0x0, 0x0, 0x8a,
    0x5, 0xe5, 0x9f, 0xcf, 0x4f, 0x73, 0x34, 0xd6,
    0x1f, 0xeb, 0x96, 0x42, 0x7, 0xde, 0xed, 0xa0,
    0x0, 0x2, 0x22, 0x22, 0x22, 0x22, 0x22, 0x0,
    0x0, 0x6f, 0xee, 0xee, 0xee, 0xee, 0xee, 0x0,
    0x0, 0x6e, 0x0, 0x3, 0x70, 0x0, 0x4e, 0x0,
    0x0, 0x6e, 0x0, 0x7, 0xc0, 0x0, 0x4e, 0x0,
    0x0, 0x6e, 0x0, 0x9, 0xb0, 0x0, 0x4e, 0x0,
    0x0, 0x26, 0x0, 0x3f, 0xfe, 0x93, 0x16, 0x0,
    0x0, 0x2, 0x5a, 0xfa, 0x4, 0xaf, 0xd7, 0x20,
    0xd, 0xff, 0xea, 0x40, 0x0, 0x1, 0x7d, 0xf2,
    0x4, 0x42, 0x0, 0x0, 0x0, 0x0, 0x0, 0x30,

    /* U+8D45 "赅" */
    0x0, 0x0, 0x0, 0x0, 0x0, 0x21, 0x0, 0x0,
    0x0, 0x55, 0x55, 0x50, 0x0, 0xa, 0xb0, 0x0,
    0x0, 0x1f, 0xbb, 0xbf, 0x32, 0x22, 0x4b, 0x32,
    0x22, 0x1, 0xf0, 0x0, 0xf6, 0xff, 0xff, 0xff,
    0xff, 0xe0, 0x1f, 0xe, 0xf, 0x20, 0xa, 0xc0,
    0x0, 0x0, 0x1, 0xf0, 0xf0, 0xf2, 0x5, 0xe1,
    0x1, 0xb1, 0x0, 0x1f, 0xf, 0xf, 0x23, 0xf4,
    0x0, 0xab, 0x0, 0x1, 0xf0, 0xf0, 0xf3, 0xfe,
    0xcd, 0xef, 0x20, 0x0, 0x1f, 0xf, 0xf, 0x27,
    0x65, 0x7f, 0x50, 0xc7, 0x1, 0xf1, 0xf0, 0xf2,
    0x0, 0x4f, 0x70, 0x7f, 0x10, 0x1f, 0x2e, 0xf,
    0x20, 0x8f, 0x60, 0x4f, 0x50, 0x0, 0x85, 0xd3,
    0x67, 0xed, 0x30, 0x4f, 0x80, 0x0, 0x0, 0xab,
    0xf3, 0x47, 0x0, 0x6f, 0xf6, 0x0, 0x0, 0x3f,
    0x26, 0xf3, 0x1, 0xaf, 0x66, 0xf8, 0x0, 0x1d,
    0x90, 0x8, 0x68, 0xfd, 0x20, 0x5, 0xfa, 0x7,
    0xb0, 0x0, 0x3, 0xd5, 0x0, 0x0, 0x4, 0x50,
    0x0, 0x0, 0x0, 0x0, 0x0, 0x0, 0x0, 0x0,
    0x0,

    /* U+8D46 "赆" */
    0x3, 0x33, 0x33, 0x0, 0x44, 0x44, 0x44, 0x30,
    0xf, 0xee, 0xef, 0x12, 0xfb, 0xbb, 0xbc, 0xd0,
    0xf, 0x1, 0xe, 0x12, 0xf0, 0x0, 0x3, 0xd0,
    0xf, 0xe, 0x1e, 0x12, 0xf0, 0x0, 0x3, 0xd0,
    0xf, 0xe, 0x1e, 0x12, 0xfc, 0xcc, 0xcd, 0xd0,
    0xf, 0xe, 0x1e, 0x13, 0xd4, 0x4e, 0x77, 0xd0,
    0xf, 0xe, 0x1e, 0x16, 0xb0, 0x8, 0xb0, 0x10,
    0xf, 0xe, 0x1e, 0x19, 0x70, 0x1, 0xf5, 0x0,
    0xf, 0xf, 0x1e, 0x2f, 0x22, 0x0, 0x5f, 0x50,
    0xf, 0x1f, 0xe, 0xac, 0x1e, 0xd6, 0x6, 0xf9,
    0xa, 0x4e, 0x49, 0x63, 0x0, 0x7e, 0xe0, 0x43,
    0x0, 0x9c, 0xf2, 0x0, 0x0, 0x0, 0x30, 0x0,
    0x1, 0xf3, 0x9c, 0x5, 0xf9, 0x30, 0x0, 0x0,
    0xb, 0xb0, 0xe, 0x80, 0x39, 0xfd, 0x71, 0x0,
    0x8e, 0x10, 0x3, 0x20, 0x0, 0x17, 0xee, 0x0,
    0x12, 0x0, 0x0, 0x0, 0x0, 0x0, 0x2, 0x0,

    /* U+8D47 "赇" */
    0x2, 0x33, 0x33, 0x0, 0x0, 0x3e, 0x9, 0x10,
    0x0, 0xff, 0xff, 0xf3, 0x0, 0x3, 0xe0, 0x9d,
    0x10, 0xf, 0x20, 0xe, 0x32, 0x22, 0x5e, 0x22,
    0x72, 0x0, 0xf2, 0xb1, 0xe5, 0xff, 0xff, 0xff,
    0xff, 0xe0, 0xf, 0x2e, 0x2e, 0x30, 0x0, 0x3e,
    0x0, 0x0, 0x0, 0xf2, 0xe2, 0xe3, 0xb1, 0x3,
    0xf0, 0x3, 0x30, 0xf, 0x2e, 0x2e, 0x3a, 0xb0,
    0x3f, 0x41, 0xe9, 0x0, 0xf2, 0xe2, 0xe3, 0x1e,
    0x63, 0xfb, 0xd9, 0x0, 0xf, 0x2f, 0x1e, 0x30,
    0x53, 0x6f, 0xf9, 0x0, 0x0, 0xf3, 0xf0, 0xe3,
    0x1, 0xaf, 0xe9, 0x90, 0x0, 0x9, 0x6d, 0x17,
    0x16, 0xfc, 0x6e, 0x1f, 0x40, 0x0, 0xa, 0xed,
    0x18, 0xf6, 0x3, 0xe0, 0x6e, 0x20, 0x3, 0xf3,
    0xbc, 0x22, 0x0, 0x3e, 0x0, 0xae, 0x1, 0xd9,
    0x0, 0xdb, 0x3, 0x38, 0xd0, 0x0, 0x20, 0xab,
    0x0, 0x2, 0x20, 0xdf, 0xe5, 0x0, 0x0, 0x0,
    0x0, 0x0, 0x0, 0x0, 0x0, 0x0, 0x0, 0x0,

    /* U+8D48 "赈" */
    0x0, 0x0, 0x0, 0x1, 0x11, 0x11, 0x11, 0x10,
    0x1f, 0xff, 0xfd, 0xf, 0xff, 0xff, 0xff, 0xf6,
    0x1e, 0x22, 0x4e, 0xf, 0x10, 0x0, 0x0, 0x0,
    0x1e, 0x9, 0x2e, 0xf, 0x21, 0x11, 0x11, 0x10,
    0x1e, 0x1f, 0x2e, 0xf, 0x5f, 0xff, 0xff, 0xb0,
    0x1e, 0x1f, 0x2e, 0xf, 0x10, 0x0, 0x0, 0x0,
    0x1e, 0x1f, 0x2e, 0xf, 0x43, 0x33, 0x33, 0x31,
    0x1e, 0x1f, 0x2e, 0xf, 0xdf, 0xef, 0xdd, 0xd7,
    0x1e, 0x2e, 0x2e, 0xf, 0x1e, 0x2c, 0x20, 0x40,
    0x1e, 0x3d, 0x2e, 0x1f, 0xe, 0x28, 0x86, 0xf4,
    0x1e, 0x6a, 0x2e, 0x3e, 0xe, 0x23, 0xfd, 0x20,
    0x2, 0xbf, 0x40, 0x6b, 0xe, 0x20, 0xc7, 0x0,
    0x3, 0xf4, 0xe5, 0xb7, 0xe, 0x25, 0x4f, 0x40,
    0x1d, 0x80, 0x46, 0xf2, 0xf, 0xdd, 0x17, 0xf6,
    0x7b, 0x0, 0x8, 0xa0, 0x2f, 0x70, 0x0, 0x68,
    0x0, 0x0, 0x0, 0x10, 0x1, 0x0, 0x0, 0x0,

    /* U+8D49 "赉" */
    0x0, 0x0, 0x0, 0x3, 0x10, 0x0, 0x0, 0x0,
    0x0, 0x0, 0x0, 0xc, 0x50, 0x0, 0x0, 0x0,
    0xa, 0xff, 0xff, 0xff, 0xff, 0xff, 0xff, 0x40,
    0x0, 0x1e, 0x50, 0xc, 0x50, 0x1c, 0x80, 0x0,
    0x0, 0x4, 0xf3, 0xc, 0x50, 0xda, 0x0, 0x0,
    0x7e, 0xee, 0xfe, 0xef, 0xfe, 0xfe, 0xee, 0xe1,
    0x0, 0x0, 0x29, 0xde, 0xcd, 0x40, 0x0, 0x0,
    0x0, 0x4a, 0xe7, 0xc, 0x53, 0xcd, 0x84, 0x10,
    0x8f, 0xd7, 0x10, 0xa, 0x40, 0x3, 0x9d, 0xf4,
    0x23, 0x5d, 0xdd, 0xdd, 0xdd, 0xdd, 0xc0, 0x10,
    0x0, 0x6d, 0x22, 0x25, 0x32, 0x25, 0xf0, 0x0,
    0x0, 0x6c, 0x0, 0xd, 0x40, 0x3, 0xf0, 0x0,
    0x0, 0x6c, 0x0, 0xf, 0x60, 0x3, 0xf0, 0x0,
    0x0, 0x25, 0x2, 0xbe, 0xee, 0xa6, 0x40, 0x0,
    0x4, 0x69, 0xdf, 0xb1, 0x4, 0xaf, 0xfa, 0x30,
    0xe, 0xca, 0x61, 0x0, 0x0, 0x0, 0x6b, 0x50,

    /* U+8D4D "赍" */
    0x0, 0x0, 0x0, 0x0, 0x10, 0x0, 0x0, 0x0,
    0x0, 0x0, 0x0, 0x7, 0xb0, 0x0, 0x0, 0x0,
    0x4e, 0xee, 0xee, 0xef, 0xfe, 0xee, 0xee, 0xec,
    0x0, 0x2, 0xb0, 0x7, 0xb0, 0x6, 0x80, 0x0,
    0x0, 0x1d, 0xe8, 0x7, 0xb0, 0x4f, 0xd3, 0x0,
    0x4, 0xe7, 0x1b, 0xb7, 0xb5, 0xe4, 0x5e, 0xa0,
    0x8, 0x40, 0x0, 0x27, 0xb1, 0x20, 0x1, 0x80,
    0xe, 0xff, 0xff, 0xff, 0xff, 0xff, 0xff, 0xf2,
    0xe, 0x20, 0x0, 0x0, 0x0, 0x0, 0x0, 0xf2,
    0xc, 0x6f, 0xff, 0xff, 0xff, 0xff, 0xf6, 0xd1,
    0x0, 0x4d, 0x0, 0x4, 0x60, 0x0, 0xa7, 0x0,
    0x0, 0x4d, 0x0, 0x8, 0xa0, 0x0, 0xa7, 0x0,
    0x0, 0x4d, 0x0, 0xd, 0xb3, 0x0, 0xa7, 0x0,
    0x0, 0x1, 0x3, 0xcd, 0xaf, 0xd7, 0x20, 0x0,
    0x4, 0x7a, 0xef, 0x91, 0x1, 0x7d, 0xfb, 0x50,
    0x9, 0xc9, 0x50, 0x0, 0x0, 0x0, 0x3a, 0x90,

    /* U+8D55 "赕" */
    0x0, 0x0, 0x0, 0x0, 0x0, 0x1, 0x0, 0x0,
    0x0, 0x33, 0x33, 0x30, 0x10, 0x1, 0xf0, 0x1,
    0x0, 0x1f, 0xff, 0xff, 0x2d, 0x50, 0x2e, 0x1,
    0xd6, 0x1, 0xe0, 0x0, 0xe1, 0x4f, 0x34, 0xd0,
    0xcc, 0x0, 0x1e, 0xa, 0xe, 0x10, 0x61, 0x9c,
    0x5, 0x0, 0x1, 0xe0, 0xf1, 0xe1, 0x0, 0x4f,
    0xdd, 0x30, 0x0, 0x1e, 0xf, 0x1e, 0x10, 0x7f,
    0x70, 0x8f, 0x80, 0x1, 0xe0, 0xf1, 0xe7, 0xee,
    0x51, 0x30, 0x3e, 0xb0, 0x1e, 0xf, 0xe, 0x37,
    0x10, 0x5b, 0x0, 0x13, 0x1, 0xe0, 0xf0, 0xe3,
    0xb1, 0x6, 0xa0, 0xa, 0x20, 0x1e, 0x2e, 0xe,
    0x1b, 0xb0, 0x9a, 0xa, 0xc0, 0x1, 0xb6, 0xc2,
    0x91, 0x1b, 0x1d, 0xf3, 0xc1, 0x0, 0x0, 0xbc,
    0xe1, 0x0, 0x5, 0xe9, 0xb0, 0x0, 0x0, 0x3f,
    0x18, 0xd1, 0x4, 0xf6, 0x1e, 0x90, 0x0, 0x2e,
    0x70, 0x9, 0x49, 0xf8, 0x0, 0x2e, 0xc5, 0x8,
    0xa0, 0x0, 0xd, 0xd4, 0x0, 0x0, 0x1b, 0xa0,
    0x0, 0x0, 0x0, 0x10, 0x0, 0x0, 0x0, 0x0,
    0x0,

    /* U+8D59 "赙" */
    0x0, 0x0, 0x0, 0x0, 0x0, 0x0, 0x0, 0x0,
    0x0, 0x33, 0x33, 0x20, 0x0, 0xb, 0x32, 0xd6,
    0x0, 0x1f, 0xdd, 0xde, 0x13, 0x33, 0xd6, 0x36,
    0xa3, 0x1, 0xe0, 0x1, 0xe6, 0xbb, 0xbf, 0xcb,
    0xbb, 0xa0, 0x1e, 0x1b, 0x1e, 0x3, 0x33, 0xd6,
    0x33, 0x30, 0x1, 0xe1, 0xf1, 0xe0, 0xfc, 0xcf,
    0xcc, 0xcf, 0x30, 0x1e, 0x1f, 0x1e, 0xe, 0x33,
    0xd6, 0x33, 0xd3, 0x1, 0xe1, 0xf1, 0xe0, 0xfb,
    0xbf, 0xcb, 0xbf, 0x30, 0x1e, 0x1f, 0x1e, 0xe,
    0x33, 0xd6, 0x33, 0xd3, 0x1, 0xe2, 0xe1, 0xe0,
    0xfb, 0xbe, 0xcb, 0xbe, 0x30, 0x1e, 0x3d, 0x1e,
    0xb, 0x0, 0x72, 0x6, 0x61, 0x0, 0x66, 0xb2,
    0x59, 0xee, 0xee, 0xee, 0xfe, 0xe0, 0x0, 0xbb,
    0xd0, 0x15, 0x61, 0x11, 0x3e, 0x11, 0x0, 0x3d,
    0xb, 0xb0, 0x4f, 0x60, 0x2, 0xe0, 0x0, 0x1d,
    0x60, 0x1e, 0x60, 0x35, 0x10, 0x5d, 0x0, 0x7,
    0x90, 0x0, 0x20, 0x0, 0xf, 0xff, 0x60, 0x0,
    0x0, 0x0, 0x0, 0x0, 0x0, 0x0, 0x0, 0x0,
    0x0,

    /* U+8ECE "軎" */
    0x0, 0x0, 0x0, 0x5, 0x20, 0x0, 0x0, 0x0,
    0x0, 0x0, 0x0, 0xc, 0x50, 0x0, 0x0, 0x0,
    0x5e, 0xee, 0xee, 0xef, 0xee, 0xee, 0xee, 0xe0,
    0x0, 0x0, 0x0, 0xc, 0x50, 0x0, 0x0, 0x0,
    0x3, 0xfd, 0xdd, 0xdf, 0xed, 0xdd, 0xec, 0x0,
    0x3, 0xe4, 0x44, 0x4d, 0x84, 0x44, 0x7c, 0x0,
    0x3, 0xe7, 0x77, 0x7d, 0xa7, 0x77, 0x9c, 0x0,
    0x3, 0xfa, 0xaa, 0xae, 0xca, 0xaa, 0xcc, 0x0,
    0x2, 0xc3, 0x33, 0x3c, 0x73, 0x33, 0x6b, 0x0,
    0x57, 0x77, 0x77, 0x7d, 0x97, 0x77, 0x77, 0x72,
    0x45, 0x55, 0x55, 0x5d, 0x95, 0x55, 0x55, 0x51,
    0x0, 0xab, 0xbb, 0xbe, 0xcb, 0xbb, 0xb5, 0x0,
    0x0, 0xf5, 0x33, 0x33, 0x33, 0x33, 0xa8, 0x0,
    0x0, 0xf2, 0x0, 0x0, 0x0, 0x0, 0x98, 0x0,
    0x0, 0xfc, 0xcc, 0xcc, 0xcc, 0xcc, 0xe8, 0x0,
    0x0, 0xf3, 0x22, 0x22, 0x22, 0x22, 0x98, 0x0,

    /* U+8F6B "轫" */
    0x0, 0x21, 0x0, 0x0, 0x0, 0x0, 0x0, 0x0,
    0x0, 0xc7, 0x0, 0x3, 0x33, 0x33, 0x33, 0x30,
    0x22, 0xf5, 0x22, 0xe, 0xff, 0xff, 0xff, 0xf0,
    0xdf, 0xff, 0xff, 0x10, 0x0, 0xf2, 0x2, 0xf0,
    0x8, 0xa1, 0x10, 0x0, 0x0, 0xf1, 0x2, 0xf0,
    0xc, 0x6b, 0x60, 0x6, 0x81, 0xf1, 0x3, 0xf0,
    0x1f, 0x1b, 0x60, 0xb, 0x71, 0xf0, 0x3, 0xe0,
    0x6d, 0x1b, 0x71, 0xe, 0x32, 0xf0, 0x3, 0xe0,
    0x9f, 0xff, 0xff, 0x6f, 0x4, 0xd0, 0x4, 0xd0,
    0x0, 0xb, 0x60, 0x7b, 0x6, 0xb0, 0x4, 0xd0,
    0x0, 0xb, 0x60, 0x0, 0x9, 0x80, 0x5, 0xc0,
    0x2, 0x5d, 0xdf, 0x30, 0xf, 0x30, 0x6, 0xc0,
    0xef, 0xff, 0xb5, 0x0, 0x6c, 0x0, 0x7, 0xb0,
    0x53, 0xb, 0x60, 0x1, 0xe3, 0x0, 0x8, 0xa0,
    0x0, 0xb, 0x60, 0xc, 0x80, 0x43, 0x4e, 0x70,
    0x0, 0xb, 0x60, 0x99, 0x0, 0xdf, 0xfb, 0x0,
    0x0, 0x0, 0x0, 0x0, 0x0, 0x0, 0x0, 0x0,

    /* U+8F6D "轭" */
    0x0, 0x0, 0x0, 0x0, 0x0, 0x0, 0x0, 0x0,
    0x0, 0x6c, 0x0, 0x2, 0x22, 0x22, 0x22, 0x21,
    0x0, 0xb8, 0x0, 0x4f, 0xff, 0xff, 0xff, 0xfa,
    0x9b, 0xfc, 0xbb, 0x6d, 0x0, 0x0, 0x0, 0x0,
    0x28, 0xc3, 0x33, 0x4d, 0x1, 0x22, 0x22, 0x0,
    0xb, 0x6c, 0x40, 0x4d, 0xe, 0xff, 0xff, 0x60,
    0x1f, 0x1c, 0x50, 0x4d, 0xe, 0x30, 0xc, 0x50,
    0x7b, 0xc, 0x50, 0x4d, 0xe, 0x30, 0xc, 0x40,
    0xaf, 0xff, 0xff, 0x6d, 0xe, 0x30, 0xd, 0x40,
    0x0, 0xc, 0x50, 0x4c, 0xe, 0x30, 0x1f, 0x20,
    0x0, 0xc, 0x50, 0x5b, 0xe, 0x6f, 0xfc, 0x0,
    0x35, 0x7e, 0xdd, 0x89, 0xe, 0x32, 0x20, 0x30,
    0xef, 0xdf, 0xa6, 0xb6, 0xe, 0x30, 0x0, 0xca,
    0x10, 0xc, 0x51, 0xf1, 0xe, 0x30, 0x0, 0xd9,
    0x0, 0xc, 0x58, 0xa0, 0xd, 0x71, 0x13, 0xf7,
    0x0, 0xc, 0x5c, 0x10, 0x5, 0xef, 0xff, 0xc1,

    /* U+8F71 "轱" */
    0x0, 0x0, 0x0, 0x0, 0x0, 0x0, 0x0, 0x0,
    0x0, 0x99, 0x0, 0x0, 0x0, 0xe4, 0x0, 0x0,
    0x1, 0xd6, 0x11, 0x0, 0x0, 0xe4, 0x0, 0x0,
    0xaf, 0xff, 0xff, 0x22, 0x22, 0xe6, 0x22, 0x21,
    0x6, 0xb2, 0x10, 0x9f, 0xff, 0xff, 0xff, 0xf8,
    0xb, 0x7a, 0x70, 0x0, 0x0, 0xe4, 0x0, 0x0,
    0xf, 0x2a, 0x70, 0x0, 0x0, 0xe4, 0x0, 0x0,
    0x5d, 0xa, 0x70, 0x0, 0x0, 0xe4, 0x0, 0x0,
    0x7f, 0xff, 0xff, 0x4, 0x44, 0xe7, 0x44, 0x40,
    0x12, 0x2b, 0x82, 0x1f, 0xdd, 0xdd, 0xdd, 0xe0,
    0x0, 0xa, 0x70, 0x1f, 0x0, 0x0, 0x4, 0xe0,
    0x47, 0x8e, 0xee, 0x4f, 0x0, 0x0, 0x4, 0xe0,
    0x8a, 0x8d, 0x93, 0x1f, 0x0, 0x0, 0x4, 0xe0,
    0x0, 0xa, 0x70, 0x1f, 0x22, 0x22, 0x26, 0xe0,
    0x0, 0xa, 0x70, 0x1f, 0xff, 0xff, 0xff, 0xe0,
    0x0, 0xa, 0x60, 0x1f, 0x0, 0x0, 0x4, 0xe0,

    /* U+8F72 "轲" */
    0x0, 0x22, 0x0, 0x0, 0x0, 0x0, 0x0, 0x0,
    0x0, 0x99, 0x0, 0x13, 0x33, 0x33, 0x33, 0x31,
    0x12, 0xd6, 0x22, 0x7e, 0xee, 0xee, 0xef, 0xe5,
    0xaf, 0xff, 0xff, 0x10, 0x0, 0x0, 0xd, 0x50,
    0x6, 0xb2, 0x10, 0x0, 0x0, 0x0, 0xd, 0x50,
    0xb, 0x6a, 0x70, 0xf, 0xff, 0xfd, 0xd, 0x50,
    0x1f, 0x1a, 0x70, 0xf, 0x32, 0x5e, 0xd, 0x50,
    0x5d, 0x1b, 0x81, 0xf, 0x10, 0x3e, 0xd, 0x50,
    0x7f, 0xff, 0xff, 0xf, 0x10, 0x3e, 0xd, 0x50,
    0x0, 0xa, 0x70, 0xf, 0x10, 0x3e, 0xd, 0x50,
    0x0, 0xa, 0x70, 0xf, 0x32, 0x5e, 0xd, 0x50,
    0x58, 0xae, 0xff, 0x3f, 0xff, 0xfd, 0xd, 0x50,
    0x89, 0x7c, 0x92, 0xf, 0x10, 0x0, 0xd, 0x50,
    0x0, 0xa, 0x70, 0x0, 0x0, 0x0, 0xd, 0x50,
    0x0, 0xa, 0x70, 0x0, 0x0, 0x43, 0x5f, 0x40,
    0x0, 0xa, 0x70, 0x0, 0x0, 0xef, 0xfa, 0x0,
    0x0, 0x0, 0x0, 0x0, 0x0, 0x0, 0x0, 0x0,

    /* U+8F73 "轳" */
    0x0, 0x14, 0x0, 0x0, 0x0, 0x40, 0x0, 0x0,
    0x0, 0x8b, 0x0, 0x0, 0x1, 0xf0, 0x0, 0x0,
    0x12, 0xd7, 0x22, 0x0, 0x1, 0xfd, 0xdd, 0xd7,
    0xcf, 0xff, 0xff, 0x30, 0x1, 0xf4, 0x33, 0x32,
    0x7, 0xb0, 0x0, 0x0, 0x1, 0xf0, 0x0, 0x0,
    0xc, 0x5c, 0x40, 0x1f, 0xff, 0xff, 0xff, 0xe0,
    0x2f, 0xc, 0x50, 0x2f, 0x22, 0x22, 0x25, 0xe0,
    0x7b, 0x1d, 0x61, 0x2f, 0x0, 0x0, 0x3, 0xe0,
    0x8e, 0xef, 0xee, 0x3f, 0x0, 0x0, 0x3, 0xe0,
    0x0, 0xc, 0x50, 0x2f, 0xee, 0xee, 0xee, 0xe0,
    0x0, 0xc, 0x50, 0x3f, 0x33, 0x33, 0x36, 0xe0,
    0x35, 0x7e, 0xde, 0x7e, 0x0, 0x0, 0x0, 0x20,
    0xcc, 0xae, 0x83, 0x7b, 0x0, 0x0, 0x0, 0x0,
    0x0, 0xc, 0x50, 0xb8, 0x0, 0x0, 0x0, 0x0,
    0x0, 0xc, 0x52, 0xf2, 0x0, 0x0, 0x0, 0x0,
    0x0, 0xc, 0x55, 0xb0, 0x0, 0x0, 0x0, 0x0,
    0x0, 0x0, 0x0, 0x0, 0x0, 0x0, 0x0, 0x0,

    /* U+8F75 "轵" */
    0x0, 0x13, 0x0, 0x0, 0x0, 0x0, 0x0, 0x0,
    0x0, 0x7b, 0x0, 0x15, 0x55, 0x55, 0x55, 0x10,
    0x0, 0xc6, 0x0, 0x4f, 0xcc, 0xcc, 0xcf, 0x50,
    0xef, 0xff, 0xff, 0x8e, 0x0, 0x0, 0xd, 0x50,
    0x17, 0xc1, 0x11, 0x4e, 0x0, 0x0, 0xd, 0x50,
    0xc, 0x6c, 0x40, 0x4e, 0x0, 0x0, 0xd, 0x50,
    0x1f, 0x1c, 0x50, 0x4e, 0x0, 0x0, 0xd, 0x50,
    0x7b, 0xc, 0x50, 0x4e, 0x0, 0x0, 0xd, 0x50,
    0x9f, 0xff, 0xff, 0x6f, 0xdd, 0xdd, 0xdf, 0x50,
    0x1, 0x1d, 0x51, 0x4e, 0x44, 0x44, 0x4e, 0x50,
    0x0, 0xc, 0x50, 0x2, 0x10, 0x0, 0x2, 0x0,
    0x35, 0x6e, 0xcc, 0x20, 0xe6, 0xc, 0x90, 0x0,
    0xdc, 0xae, 0x94, 0x9, 0xe0, 0x4, 0xf7, 0x0,
    0x0, 0xc, 0x50, 0x4f, 0x40, 0x0, 0x7f, 0x40,
    0x0, 0xc, 0x52, 0xf8, 0x0, 0x0, 0xa, 0xf2,
    0x0, 0xc, 0x57, 0xb0, 0x0, 0x0, 0x0, 0x91,
    0x0, 0x0, 0x0, 0x0, 0x0, 0x0, 0x0, 0x0,

    /* U+8F76 "轶" */
    0x0, 0x1, 0x20, 0x0, 0x0, 0x1, 0x20, 0x0,
    0x0, 0x0, 0x7c, 0x0, 0x0, 0x0, 0x5c, 0x0,
    0x0, 0x0, 0xb, 0x70, 0x0, 0x5e, 0x5, 0xc0,
    0x0, 0x0, 0xbd, 0xfe, 0xdd, 0x39, 0xb1, 0x6c,
    0x11, 0x10, 0x3, 0x8d, 0x44, 0x41, 0xdf, 0xff,
    0xff, 0xff, 0x0, 0xa, 0x78, 0x70, 0x3f, 0x20,
    0x6c, 0x0, 0x0, 0x0, 0xf1, 0xa8, 0x8, 0xb0,
    0x6, 0xb0, 0x0, 0x0, 0x6b, 0xa, 0x80, 0x13,
    0x22, 0x9b, 0x22, 0x21, 0xa, 0xec, 0xee, 0xc9,
    0xff, 0xff, 0xff, 0xff, 0x70, 0x34, 0x4b, 0xa4,
    0x0, 0x0, 0xdf, 0x0, 0x0, 0x0, 0x0, 0xa8,
    0x0, 0x0, 0x2f, 0xc5, 0x0, 0x0, 0x24, 0x5c,
    0xdb, 0x50, 0xb, 0xa6, 0xd0, 0x0, 0xf, 0xec,
    0xec, 0x61, 0x5, 0xf2, 0xe, 0x60, 0x0, 0x0,
    0xa, 0x80, 0x5, 0xf6, 0x0, 0x5f, 0x30, 0x0,
    0x0, 0xa8, 0x9, 0xf7, 0x0, 0x0, 0xaf, 0x40,
    0x0, 0xa, 0x81, 0xd5, 0x0, 0x0, 0x0, 0xa4,
    0x0, 0x0, 0x0, 0x0, 0x0, 0x0, 0x0, 0x0,
    0x0,

    /* U+8F77 "轷" */
    0x0, 0x22, 0x0, 0x0, 0x0, 0x0, 0x0, 0x0,
    0x0, 0x99, 0x0, 0x0, 0x1, 0x23, 0x56, 0x84,
    0x12, 0xd6, 0x22, 0x3f, 0xff, 0xff, 0xdb, 0xa5,
    0xaf, 0xff, 0xff, 0x12, 0x10, 0x4e, 0x0, 0x0,
    0x6, 0xb2, 0x10, 0xc, 0x40, 0x4e, 0x0, 0xb8,
    0xb, 0x7a, 0x70, 0x9, 0xc0, 0x4e, 0x2, 0xf2,
    0xf, 0x2a, 0x70, 0x2, 0xf3, 0x4e, 0xa, 0xa0,
    0x5d, 0xa, 0x70, 0x0, 0xa5, 0x4e, 0xd, 0x20,
    0x7f, 0xff, 0xff, 0x14, 0x44, 0x7f, 0x44, 0x43,
    0x12, 0x2b, 0x82, 0x5e, 0xee, 0xef, 0xee, 0xeb,
    0x0, 0xa, 0x70, 0x0, 0x0, 0x4e, 0x0, 0x0,
    0x36, 0x7d, 0xdd, 0x60, 0x0, 0x4e, 0x0, 0x0,
    0xac, 0xad, 0xa5, 0x10, 0x0, 0x4e, 0x0, 0x0,
    0x0, 0xa, 0x70, 0x0, 0x0, 0x4e, 0x0, 0x0,
    0x0, 0xa, 0x70, 0x2, 0x43, 0x9d, 0x0, 0x0,
    0x0, 0xa, 0x70, 0x4, 0xff, 0xf6, 0x0, 0x0,
    0x0, 0x0, 0x0, 0x0, 0x0, 0x0, 0x0, 0x0,

    /* U+8F78 "轸" */
    0x0, 0x21, 0x0, 0x0, 0x0, 0x10, 0x0, 0x0,
    0x0, 0xb7, 0x0, 0x0, 0x4, 0xf7, 0x0, 0x0,
    0x1, 0xf3, 0x0, 0x0, 0xd, 0xbe, 0x10, 0x0,
    0xcf, 0xff, 0xff, 0x30, 0xbc, 0x9, 0xd1, 0x0,
    0x8, 0x90, 0x0, 0xa, 0xe1, 0x0, 0xbd, 0x20,
    0xd, 0x5b, 0x71, 0xcd, 0x20, 0x4b, 0xa, 0xf5,
    0x2f, 0xb, 0x70, 0x91, 0x6, 0xf5, 0x0, 0x61,
    0x7b, 0x1b, 0x71, 0x1, 0xbe, 0x30, 0x30, 0x0,
    0x9f, 0xff, 0xff, 0x3f, 0xa1, 0x5, 0xf5, 0x0,
    0x0, 0xb, 0x70, 0x2, 0x0, 0x8f, 0x50, 0x0,
    0x0, 0xb, 0x70, 0x0, 0x4d, 0xd2, 0x2, 0xd2,
    0x68, 0x9e, 0xee, 0x6b, 0xf7, 0x0, 0x4e, 0x80,
    0x89, 0x7c, 0x81, 0x4, 0x10, 0x8, 0xf6, 0x0,
    0x0, 0xb, 0x70, 0x0, 0x7, 0xed, 0x20, 0x0,
    0x0, 0xb, 0x70, 0x4a, 0xfd, 0x60, 0x0, 0x0,
    0x0, 0xb, 0x70, 0x89, 0x40, 0x0, 0x0, 0x0,

    /* U+8F79 "轹" */
    0x0, 0x21, 0x0, 0x0, 0x0, 0x0, 0x0, 0x0,
    0x0, 0xb7, 0x0, 0x2, 0x45, 0x56, 0x79, 0xa0,
    0x12, 0xf4, 0x22, 0xb, 0xec, 0xba, 0x98, 0x70,
    0xcf, 0xff, 0xff, 0x2d, 0x60, 0x0, 0x0, 0x0,
    0x9, 0x92, 0x0, 0xf, 0x40, 0x5c, 0x0, 0x0,
    0xe, 0x4d, 0x50, 0x1f, 0x20, 0x5d, 0x0, 0x0,
    0x3f, 0xd, 0x50, 0x3f, 0x0, 0x5d, 0x0, 0x0,
    0x8b, 0x2d, 0x61, 0x5e, 0x0, 0x5d, 0x0, 0x0,
    0x9e, 0xef, 0xfc, 0x7f, 0xff, 0xff, 0xff, 0xf9,
    0x0, 0xd, 0x50, 0x1, 0x11, 0x6d, 0x11, 0x11,
    0x0, 0xd, 0x50, 0x1, 0xa0, 0x5d, 0x19, 0x0,
    0x68, 0x9f, 0xef, 0x49, 0xb0, 0x5d, 0xd, 0x70,
    0xbb, 0x9e, 0x83, 0x2f, 0x30, 0x5d, 0x5, 0xf1,
    0x0, 0xd, 0x50, 0xba, 0x0, 0x5d, 0x0, 0xd9,
    0x0, 0xd, 0x52, 0xe2, 0x32, 0xac, 0x0, 0x47,
    0x0, 0xd, 0x50, 0x1, 0xff, 0xe5, 0x0, 0x0,
    0x0, 0x0, 0x0, 0x0, 0x0, 0x0, 0x0, 0x0,

    /* U+8F7A "轺" */
    0x0, 0x3, 0x0, 0x0, 0x0, 0x0, 0x0, 0x0,
    0x0, 0x4e, 0x0, 0x4, 0x55, 0x55, 0x55, 0x51,
    0x2, 0x9a, 0x22, 0x19, 0xbd, 0xeb, 0xbb, 0xf4,
    0x6f, 0xff, 0xff, 0x90, 0x8, 0x80, 0x0, 0xe4,
    0x2, 0xf1, 0x30, 0x0, 0xc, 0x50, 0x0, 0xf3,
    0x7, 0xb4, 0xd0, 0x0, 0x2f, 0x10, 0x0, 0xf2,
    0xc, 0x64, 0xd0, 0x1, 0xd8, 0x1, 0x4, 0xf0,
    0x1f, 0x36, 0xd2, 0x3e, 0xb0, 0xe, 0xff, 0x90,
    0x2c, 0xcd, 0xfc, 0x55, 0x0, 0x2, 0x21, 0x0,
    0x0, 0x4, 0xd0, 0x6, 0xdd, 0xdd, 0xdd, 0xd1,
    0x0, 0x4, 0xd2, 0x37, 0xb4, 0x44, 0x44, 0xf1,
    0x4b, 0xde, 0xff, 0xa7, 0x90, 0x0, 0x0, 0xf1,
    0x48, 0x67, 0xd0, 0x7, 0x90, 0x0, 0x0, 0xf1,
    0x0, 0x4, 0xd0, 0x7, 0x90, 0x0, 0x0, 0xf1,
    0x0, 0x4, 0xd0, 0x7, 0xff, 0xff, 0xff, 0xf1,
    0x0, 0x4, 0xc0, 0x7, 0xa2, 0x22, 0x22, 0xf1,

    /* U+8F7C "轼" */
    0x0, 0x1, 0x20, 0x0, 0x0, 0x0, 0x10, 0x0,
    0x0, 0x0, 0x6c, 0x0, 0x0, 0x0, 0xf, 0x18,
    0x10, 0x0, 0xb, 0x70, 0x0, 0x0, 0x0, 0xf2,
    0x7c, 0x0, 0xad, 0xfd, 0xdd, 0x22, 0x22, 0x2e,
    0x42, 0x61, 0x2, 0x7d, 0x33, 0x3c, 0xff, 0xff,
    0xff, 0xff, 0x70, 0xa, 0x78, 0x10, 0x0, 0x0,
    0xd, 0x30, 0x0, 0x0, 0xf1, 0xd3, 0x0, 0x0,
    0x0, 0xc4, 0x0, 0x0, 0x5b, 0xd, 0x30, 0x6a,
    0xaa, 0xab, 0x50, 0x0, 0xa, 0xec, 0xfd, 0x94,
    0x7f, 0x87, 0xa6, 0x0, 0x0, 0x24, 0x4e, 0x63,
    0x0, 0xf2, 0x8, 0x80, 0x0, 0x0, 0x0, 0xd3,
    0x0, 0xf, 0x20, 0x6a, 0x0, 0x0, 0x13, 0x4e,
    0xaa, 0x30, 0xf2, 0x4, 0xd0, 0x32, 0xf, 0xfc,
    0xf9, 0x61, 0xf, 0x34, 0x4f, 0x17, 0x80, 0x10,
    0xd, 0x31, 0x8b, 0xff, 0xe5, 0xc6, 0x87, 0x0,
    0x0, 0xd3, 0x1a, 0x74, 0x10, 0x6, 0xed, 0x50,
    0x0, 0xd, 0x30, 0x0, 0x0, 0x0, 0xa, 0xe1,

    /* U+8F7E "轾" */
    0x0, 0x14, 0x0, 0x0, 0x0, 0x0, 0x0, 0x0,
    0x0, 0x6d, 0x0, 0x24, 0x44, 0x44, 0x44, 0x41,
    0x0, 0xb8, 0x0, 0x9d, 0xde, 0xfd, 0xdd, 0xd3,
    0xbf, 0xff, 0xff, 0x30, 0xd, 0x70, 0x0, 0x0,
    0x5, 0xd0, 0x0, 0x0, 0x9c, 0x0, 0xd2, 0x0,
    0xa, 0x7a, 0x60, 0x5, 0xe1, 0x0, 0x8c, 0x0,
    0xf, 0x2b, 0x60, 0x5f, 0xb8, 0x89, 0xaf, 0x70,
    0x5c, 0xb, 0x60, 0x3d, 0xba, 0x88, 0x78, 0xf1,
    0x8f, 0xff, 0xff, 0x10, 0x0, 0xe3, 0x0, 0x10,
    0x0, 0xb, 0x60, 0x0, 0x0, 0xe3, 0x0, 0x0,
    0x0, 0xb, 0x60, 0x5c, 0xcc, 0xfd, 0xcc, 0xa0,
    0x69, 0xae, 0xff, 0x54, 0x44, 0xf7, 0x44, 0x30,
    0x88, 0x6c, 0x70, 0x0, 0x0, 0xe3, 0x0, 0x0,
    0x0, 0xb, 0x60, 0x0, 0x0, 0xe3, 0x0, 0x0,
    0x0, 0xb, 0x61, 0xcc, 0xcc, 0xfd, 0xcc, 0xc7,
    0x0, 0xb, 0x60, 0x44, 0x44, 0x44, 0x44, 0x42,

    /* U+8F81 "辁" */
    0x0, 0x4, 0x0, 0x0, 0x0, 0x2, 0x0, 0x0,
    0x0, 0x4, 0xe0, 0x0, 0x0, 0x9, 0xf2, 0x0,
    0x0, 0x2, 0x9b, 0x22, 0x20, 0x3, 0xfd, 0xb0,
    0x0, 0x5, 0xff, 0xff, 0xfd, 0x1, 0xda, 0x1f,
    0x70, 0x0, 0x0, 0xf1, 0x10, 0x0, 0xcc, 0x0,
    0x5f, 0x60, 0x0, 0x5c, 0x1f, 0x1, 0xcd, 0x10,
    0x0, 0x6f, 0x80, 0xa, 0x71, 0xf0, 0xbb, 0x76,
    0x66, 0x66, 0x9e, 0x10, 0xf5, 0x3f, 0x33, 0xa,
    0xab, 0xfa, 0xa5, 0x0, 0x2f, 0xff, 0xff, 0xa0,
    0x0, 0x4e, 0x0, 0x0, 0x0, 0x0, 0x1f, 0x0,
    0x0, 0x4, 0xe0, 0x0, 0x0, 0x0, 0x1, 0xf2,
    0x37, 0xff, 0xff, 0xff, 0xf3, 0x2, 0x68, 0xbf,
    0xfb, 0x12, 0x25, 0xe2, 0x22, 0x0, 0x5d, 0x97,
    0xf1, 0x0, 0x0, 0x4e, 0x0, 0x0, 0x0, 0x0,
    0x1f, 0x0, 0x0, 0x4, 0xe0, 0x0, 0x0, 0x0,
    0x1, 0xf0, 0x3d, 0xdd, 0xef, 0xdd, 0xdc, 0x0,
    0x0, 0x1f, 0x0, 0x33, 0x33, 0x33, 0x33, 0x30,

    /* U+8F82 "辂" */
    0x0, 0x1, 0x0, 0x0, 0x0, 0x0, 0x0, 0x0,
    0x0, 0x5d, 0x0, 0x0, 0xd, 0x70, 0x0, 0x0,
    0x12, 0x9a, 0x22, 0x20, 0x6f, 0x87, 0x77, 0x60,
    0x7f, 0xff, 0xff, 0xe1, 0xeb, 0x99, 0x9c, 0xc0,
    0x1, 0xf1, 0x20, 0xc, 0xea, 0x0, 0x1d, 0x40,
    0x6, 0xb4, 0xd0, 0x4d, 0x1d, 0x91, 0xd8, 0x0,
    0xb, 0x64, 0xd0, 0x1, 0x1, 0xef, 0xa0, 0x0,
    0x1f, 0x35, 0xd1, 0x0, 0x19, 0xfc, 0xf8, 0x20,
    0x3f, 0xff, 0xff, 0xbb, 0xfb, 0x20, 0x5d, 0xf9,
    0x0, 0x4, 0xd0, 0x19, 0x41, 0x11, 0x11, 0x42,
    0x0, 0x4, 0xd0, 0x2, 0xff, 0xff, 0xff, 0xd0,
    0x2, 0x48, 0xe9, 0x92, 0xf0, 0x0, 0x5, 0xd0,
    0xaf, 0xdd, 0xe7, 0x42, 0xf0, 0x0, 0x5, 0xd0,
    0x0, 0x4, 0xd0, 0x2, 0xf0, 0x0, 0x5, 0xd0,
    0x0, 0x4, 0xd0, 0x2, 0xff, 0xff, 0xff, 0xd0,
    0x0, 0x4, 0xd0, 0x2, 0xf2, 0x22, 0x26, 0xd0,

    /* U+8F84 "辄" */
    0x0, 0x0, 0x0, 0x0, 0x0, 0x0, 0x0, 0x0,
    0x0, 0xe2, 0x2, 0x33, 0x33, 0x33, 0x33, 0x30,
    0x2, 0xf0, 0xc, 0xfd, 0xdf, 0xdd, 0xdd, 0xd1,
    0x6a, 0xe8, 0x82, 0xf0, 0xe, 0x20, 0x0, 0x0,
    0x5c, 0xb7, 0x71, 0xf0, 0xe, 0x22, 0xe0, 0x0,
    0xd, 0x5b, 0x0, 0xff, 0xff, 0x22, 0xe0, 0x0,
    0x1f, 0x2f, 0x0, 0xf1, 0xe, 0x22, 0xe0, 0x0,
    0x5c, 0x2f, 0x0, 0xf0, 0xe, 0x22, 0xe0, 0x0,
    0x8d, 0xaf, 0xa3, 0xf4, 0x4f, 0x22, 0xe0, 0x0,
    0x37, 0x8f, 0x72, 0xfc, 0xcf, 0x22, 0xe0, 0x0,
    0x0, 0x2f, 0x0, 0xf0, 0xe, 0x22, 0xe0, 0x20,
    0x0, 0x5f, 0xba, 0xf0, 0xe, 0x32, 0xe0, 0xc5,
    0xbf, 0xef, 0x63, 0xf6, 0xaf, 0xf3, 0xe0, 0xc5,
    0x42, 0x2f, 0xc, 0xfd, 0x9f, 0x32, 0xe0, 0xd3,
    0x0, 0x2f, 0x3, 0x10, 0xe, 0x21, 0xf3, 0xf2,
    0x0, 0x2f, 0x0, 0x0, 0xe, 0x20, 0xaf, 0xb0,

    /* U+8F87 "辇" */
    0x0, 0x0, 0x50, 0x0, 0x0, 0x14, 0x0, 0x0,
    0x0, 0x0, 0xf0, 0x0, 0x0, 0x3d, 0x0, 0x0,
    0x5e, 0xee, 0xfe, 0xe6, 0xde, 0xef, 0xee, 0xc0,
    0x0, 0x2, 0xe0, 0x0, 0x0, 0x5b, 0x0, 0x0,
    0xae, 0xee, 0xfe, 0xe8, 0xee, 0xef, 0xee, 0xe3,
    0x0, 0x1e, 0xd4, 0x0, 0x4, 0xec, 0x50, 0x0,
    0x4, 0xe7, 0x4c, 0xd2, 0x8e, 0x42, 0xd8, 0x10,
    0xae, 0x50, 0x3d, 0x31, 0xa2, 0x0, 0x1a, 0xf4,
    0x18, 0xbb, 0xee, 0xbb, 0xbb, 0xbb, 0xbb, 0x40,
    0x2, 0x3b, 0xb3, 0x33, 0x53, 0x33, 0x33, 0x0,
    0x0, 0x6e, 0x10, 0x3, 0xf0, 0x0, 0x0, 0x0,
    0x0, 0xef, 0xee, 0xee, 0xfe, 0xee, 0xe8, 0x0,
    0x0, 0x0, 0x0, 0x3, 0xf0, 0x0, 0x0, 0x0,
    0x8a, 0xaa, 0xaa, 0xab, 0xfa, 0xaa, 0xaa, 0xa2,
    0x23, 0x33, 0x33, 0x35, 0xf3, 0x33, 0x33, 0x30,
    0x0, 0x0, 0x0, 0x3, 0xf0, 0x0, 0x0, 0x0,

    /* U+8F8B "辋" */
    0x0, 0x3, 0x0, 0x0, 0x0, 0x0, 0x0, 0x0,
    0x0, 0x4d, 0x0, 0x57, 0x77, 0x77, 0x77, 0x73,
    0x0, 0x99, 0x0, 0xbc, 0xaa, 0xaa, 0xaa, 0xd7,
    0x6f, 0xff, 0xfe, 0xb5, 0x58, 0x1, 0xb0, 0xa7,
    0x3, 0xf1, 0x11, 0xb5, 0x2f, 0x28, 0x90, 0xa7,
    0x6, 0xba, 0x60, 0xb6, 0x4a, 0x5e, 0x64, 0xa7,
    0xb, 0x6a, 0x60, 0xb7, 0xbb, 0xcb, 0xba, 0xa7,
    0xf, 0x1a, 0x60, 0xb5, 0x0, 0xe2, 0x0, 0xa7,
    0x4f, 0xad, 0xc7, 0xb6, 0x33, 0x97, 0x32, 0xa7,
    0x16, 0x6c, 0xa5, 0xb8, 0xef, 0xdd, 0xdc, 0xa7,
    0x0, 0xa, 0x60, 0xb5, 0x4b, 0x0, 0x0, 0xa7,
    0x1, 0x3b, 0xa7, 0xb5, 0x4b, 0x0, 0x0, 0xa7,
    0x8f, 0xee, 0xc6, 0xb5, 0x4f, 0xff, 0xf3, 0xa7,
    0x0, 0xa, 0x60, 0xb5, 0x1, 0x11, 0x10, 0xa7,
    0x0, 0xa, 0x60, 0xb5, 0x0, 0x1, 0x44, 0xd5,
    0x0, 0xa, 0x60, 0xb5, 0x0, 0x3, 0xdd, 0xa0,

    /* U+8F8D "辍" */
    0x0, 0x30, 0x0, 0x0, 0x0, 0x0, 0x0, 0x0,
    0x3, 0xd0, 0x4, 0x77, 0x76, 0x47, 0x77, 0x70,
    0x7, 0xa0, 0x5, 0x99, 0xbb, 0x59, 0x9a, 0xf0,
    0xdf, 0xff, 0xf4, 0x60, 0xb6, 0x74, 0x8, 0xa0,
    0xe, 0x43, 0x1, 0xcb, 0xd0, 0x3e, 0x9f, 0x20,
    0x2e, 0x5c, 0x0, 0x3f, 0xb0, 0x3, 0xfc, 0x0,
    0x7a, 0x5c, 0x5, 0xe6, 0xc8, 0x4e, 0x8b, 0xc1,
    0xab, 0xad, 0x79, 0x40, 0x11, 0xb5, 0x0, 0x81,
    0x58, 0xae, 0x85, 0xdd, 0xd8, 0xbc, 0xcc, 0xc1,
    0x0, 0x5c, 0x1, 0x44, 0xa9, 0xa9, 0x46, 0xf0,
    0x0, 0x5d, 0x94, 0x90, 0xd4, 0x5b, 0x7, 0xa0,
    0x8d, 0xfe, 0x81, 0xbc, 0xd0, 0xe, 0x3e, 0x40,
    0x86, 0x6c, 0x0, 0x1f, 0xc0, 0x7, 0xfa, 0x0,
    0x0, 0x5c, 0x0, 0xab, 0xca, 0x9, 0xfb, 0x0,
    0x0, 0x5c, 0xa, 0xd1, 0x6, 0xcd, 0x3d, 0xd4,
    0x0, 0x5c, 0x2b, 0x10, 0x9, 0x91, 0x0, 0x94,
    0x0, 0x0, 0x0, 0x0, 0x0, 0x0, 0x0, 0x0,

    /* U+8F8E "辎" */
    0x0, 0x14, 0x0, 0x0, 0x20, 0x3, 0x0, 0x30,
    0x0, 0x6d, 0x0, 0x7, 0xc0, 0x7d, 0x5, 0xf1,
    0x0, 0xa8, 0x0, 0x2e, 0x22, 0xe2, 0x2e, 0x40,
    0xbf, 0xff, 0xfe, 0xc7, 0xd, 0x60, 0xba, 0x0,
    0x5, 0xd1, 0x10, 0x5e, 0x15, 0xe2, 0x3f, 0x50,
    0x9, 0x8c, 0x40, 0x9, 0xb0, 0x9d, 0x5, 0xf2,
    0xe, 0x2c, 0x40, 0x0, 0x20, 0x3, 0x0, 0x40,
    0x5c, 0xc, 0x40, 0x4d, 0xdd, 0xdd, 0xdd, 0xc0,
    0x9e, 0xcf, 0xdc, 0x6b, 0x11, 0xe3, 0x13, 0xe0,
    0x24, 0x4d, 0x74, 0x5b, 0x0, 0xe2, 0x2, 0xe0,
    0x0, 0xc, 0x40, 0x5b, 0x0, 0xe2, 0x2, 0xe0,
    0x0, 0xc, 0x76, 0x7f, 0xff, 0xff, 0xff, 0xe0,
    0xcf, 0xef, 0xb8, 0x7b, 0x0, 0xe2, 0x2, 0xe0,
    0x10, 0xc, 0x40, 0x5b, 0x0, 0xe2, 0x2, 0xe0,
    0x0, 0xc, 0x40, 0x5f, 0xee, 0xfe, 0xee, 0xe0,
    0x0, 0xc, 0x40, 0x5b, 0x22, 0x22, 0x24, 0xe0,
    0x0, 0x2, 0x0, 0x0, 0x0, 0x0, 0x0, 0x0,

    /* U+8F8F "辏" */
    0x0, 0x3, 0x40, 0x0, 0x0, 0x25, 0x0, 0x0,
    0x0, 0x0, 0xa8, 0x0, 0x0, 0x7, 0xa0, 0x0,
    0x0, 0x0, 0x1f, 0x41, 0x3e, 0xee, 0xef, 0xee,
    0xeb, 0x0, 0xef, 0xff, 0xf8, 0x22, 0x2b, 0x72,
    0x22, 0x10, 0x4, 0xac, 0x65, 0x23, 0x33, 0xd7,
    0x33, 0x31, 0x0, 0xc, 0x6f, 0x0, 0xbc, 0xcf,
    0xcc, 0xcc, 0x30, 0x1, 0xf2, 0xf0, 0x1, 0x16,
    0xc1, 0x11, 0x11, 0x0, 0x6b, 0x1f, 0x9, 0xff,
    0xff, 0xff, 0xff, 0xf4, 0xa, 0xec, 0xfc, 0x60,
    0xa9, 0x0, 0x8c, 0x10, 0x0, 0x1, 0x1f, 0x11,
    0xad, 0xff, 0xff, 0xbe, 0x71, 0x0, 0x1, 0xf0,
    0xac, 0x10, 0x98, 0x0, 0x6e, 0x30, 0x0, 0x1f,
    0x36, 0x32, 0x2a, 0x82, 0x22, 0x10, 0xb, 0xdf,
    0xfd, 0x7d, 0xdd, 0xfe, 0xdd, 0xd1, 0x0, 0x53,
    0x2f, 0x0, 0x0, 0x5f, 0xc6, 0x0, 0x0, 0x0,
    0x1, 0xf0, 0x4, 0xae, 0x44, 0xae, 0x82, 0x0,
    0x0, 0x1f, 0xa, 0xe8, 0x10, 0x0, 0x29, 0xc0,
    0x0, 0x0, 0x0, 0x0, 0x0, 0x0, 0x0, 0x0,
    0x0,

    /* U+8F98 "辘" */
    0x0, 0x20, 0x0, 0x0, 0x0, 0x10, 0x0, 0x0,
    0x0, 0xf2, 0x0, 0x0, 0x1, 0xe0, 0x0, 0x0,
    0x14, 0xe1, 0x10, 0xaa, 0xaa, 0xeb, 0xaa, 0xa6,
    0xef, 0xff, 0xf5, 0xf6, 0x6e, 0x5d, 0x75, 0x53,
    0xb, 0x50, 0x0, 0xf1, 0x1e, 0xd, 0x20, 0x0,
    0xf, 0x46, 0x0, 0xfe, 0xef, 0xef, 0xee, 0xe0,
    0x4c, 0x4b, 0x0, 0xf2, 0x2e, 0xd, 0x30, 0xe1,
    0xa7, 0x5b, 0x0, 0xf1, 0x1e, 0xd, 0x20, 0xe1,
    0xbf, 0xff, 0xf4, 0xfd, 0xdf, 0xdf, 0xed, 0xf1,
    0x0, 0x4b, 0x0, 0xf2, 0x31, 0x12, 0x11, 0x60,
    0x0, 0x4b, 0x1, 0xf1, 0xd0, 0xd, 0x20, 0x40,
    0x57, 0xbf, 0xe9, 0xe1, 0xff, 0xfd, 0xcf, 0xb2,
    0xca, 0xac, 0x37, 0xb1, 0xd0, 0xd, 0x71, 0x22,
    0x0, 0x4b, 0xb, 0x61, 0xd0, 0xd, 0x20, 0x7b,
    0x0, 0x4b, 0x3e, 0x2, 0xe9, 0xed, 0x40, 0xa9,
    0x0, 0x4b, 0x76, 0x4, 0xd7, 0x37, 0xff, 0xd2,

    /* U+8F9A "辚" */
    0x0, 0x2, 0x10, 0x0, 0x0, 0x3, 0x0, 0x0,
    0x0, 0x0, 0xd4, 0x0, 0x55, 0x1, 0xe0, 0x6,
    0x60, 0x0, 0x1f, 0x0, 0x2, 0xe6, 0x1e, 0x5,
    0xf3, 0x0, 0xcd, 0xfd, 0xd2, 0x3, 0x61, 0xe0,
    0x84, 0x0, 0x3, 0xc8, 0x43, 0x6f, 0xff, 0xff,
    0xff, 0xff, 0x70, 0xf, 0x5d, 0x0, 0x0, 0x7b,
    0xfc, 0x60, 0x0, 0x4, 0xc3, 0xd0, 0x1, 0xaa,
    0x2e, 0x1c, 0x91, 0x0, 0xa7, 0x3d, 0x7, 0xe7,
    0x1, 0xe0, 0x9, 0xf7, 0xd, 0xdd, 0xfd, 0x65,
    0xb0, 0x6, 0x2, 0xb3, 0x20, 0x11, 0x4d, 0x10,
    0x9f, 0xff, 0x7d, 0xef, 0xd8, 0x0, 0x3, 0xd0,
    0x2e, 0x13, 0xf3, 0x63, 0xd1, 0x0, 0x35, 0x9e,
    0xbd, 0xa7, 0x9a, 0x87, 0x2d, 0x0, 0xd, 0xcb,
    0xe5, 0x21, 0xcf, 0x3b, 0xdc, 0xfc, 0x90, 0x0,
    0x3d, 0x0, 0x1d, 0x90, 0x23, 0x5d, 0x32, 0x0,
    0x3, 0xd0, 0x1c, 0xb0, 0x0, 0x2, 0xd0, 0x0,
    0x0, 0x3d, 0x8, 0x90, 0x0, 0x0, 0x2d, 0x0,
    0x0, 0x0, 0x0, 0x0, 0x0, 0x0, 0x0, 0x0,
    0x0,

    /* U+9485 "钅" */
    0x0, 0x1, 0x20, 0x0, 0x0, 0x0, 0x7e, 0x0,
    0x0, 0x0, 0xd, 0x80, 0x0, 0x0, 0x6, 0xff,
    0xff, 0xf7, 0x0, 0xe9, 0x33, 0x33, 0x10, 0x9e,
    0x21, 0x11, 0x0, 0x6f, 0x8f, 0xff, 0xf8, 0x2,
    0x70, 0x1f, 0x51, 0x0, 0x0, 0x0, 0xf4, 0x0,
    0x1, 0xff, 0xff, 0xff, 0xf9, 0x3, 0x33, 0xf6,
    0x33, 0x10, 0x0, 0xf, 0x40, 0x0, 0x0, 0x0,
    0xf4, 0x6, 0x20, 0x0, 0xf, 0x7c, 0xf3, 0x0,
    0x3, 0xff, 0xa1, 0x0, 0x0, 0x2d, 0x40, 0x0,
    0x0, 0x0, 0x0, 0x0, 0x0,

    /* U+9486 "钆" */
    0x0, 0xb, 0x30, 0x0, 0x3, 0xb0, 0x0, 0x0,
    0x0, 0x2, 0xf1, 0x0, 0x0, 0x4f, 0x0, 0x0,
    0x0, 0x0, 0x8f, 0xff, 0xff, 0x24, 0xf0, 0x0,
    0x0, 0x0, 0xe, 0x52, 0x22, 0x20, 0x4f, 0x0,
    0x0, 0x0, 0x8, 0xd1, 0x11, 0x11, 0x4, 0xf0,
    0x0, 0x0, 0x0, 0xdb, 0xff, 0xff, 0xc0, 0x4f,
    0x0, 0x0, 0x0, 0x1, 0x0, 0xf2, 0x0, 0x4,
    0xf0, 0x0, 0x0, 0x0, 0x0, 0xf, 0x20, 0x0,
    0x4f, 0x0, 0x0, 0x0, 0xd, 0xff, 0xff, 0xff,
    0x24, 0xf0, 0x0, 0x0, 0x0, 0x12, 0x2f, 0x42,
    0x20, 0x4f, 0x0, 0x0, 0x0, 0x0, 0x0, 0xf2,
    0x0, 0x4, 0xf0, 0x0, 0xa, 0x50, 0x0, 0xf,
    0x20, 0x50, 0x4f, 0x0, 0x0, 0xc6, 0x0, 0x0,
    0xf4, 0xbf, 0x4, 0xf0, 0x0, 0xe, 0x40, 0x0,
    0x3f, 0xfb, 0x20, 0x3f, 0x53, 0x36, 0xf2, 0x0,
    0x6, 0xf5, 0x0, 0x0, 0xaf, 0xff, 0xe7, 0x0,
    0x0, 0x1, 0x0, 0x0, 0x0, 0x0, 0x0, 0x0,

    /* U+9487 "钇" */
    0x0, 0x1, 0x0, 0x0, 0x0, 0x0, 0x0, 0x0,
    0x0, 0x0, 0xb9, 0x0, 0x0, 0x0, 0x0, 0x0,
    0x0, 0x0, 0x2f, 0x20, 0x6, 0xff, 0xff, 0xff,
    0xf7, 0x0, 0xa, 0xff, 0xff, 0x32, 0x22, 0x22,
    0x8f, 0x30, 0x4, 0xf4, 0x11, 0x10, 0x0, 0x0,
    0x2f, 0x70, 0x0, 0xdc, 0x22, 0x21, 0x0, 0x0,
    0xd, 0xb0, 0x0, 0x6, 0xbf, 0xff, 0xe0, 0x0,
    0x9, 0xe1, 0x0, 0x0, 0x0, 0x4e, 0x0, 0x0,
    0x5, 0xf3, 0x0, 0x0, 0x1, 0x25, 0xe2, 0x20,
    0x1, 0xe7, 0x0, 0x0, 0x0, 0xdf, 0xff, 0xff,
    0x30, 0xbc, 0x0, 0x0, 0x0, 0x0, 0x4, 0xe0,
    0x0, 0x7f, 0x10, 0x0, 0xb, 0x50, 0x0, 0x4e,
    0x0, 0x1f, 0x60, 0x0, 0x0, 0xd6, 0x0, 0x4,
    0xe0, 0x47, 0xd0, 0x0, 0x0, 0xf, 0x40, 0x0,
    0x4e, 0xbe, 0x9c, 0x0, 0x0, 0x6, 0xf1, 0x0,
    0x9, 0xf9, 0x13, 0xef, 0xff, 0xff, 0xf8, 0x0,
    0x0, 0x13, 0x0, 0x0, 0x34, 0x44, 0x31, 0x0,

    /* U+948A "钊" */
    0x0, 0x0, 0x0, 0x0, 0x0, 0x0, 0x0, 0x0,
    0x0, 0xb, 0x80, 0x0, 0x0, 0x0, 0x0, 0xc4,
    0x0, 0x2f, 0x52, 0x22, 0x10, 0xe2, 0x0, 0xe5,
    0x0, 0x8f, 0xff, 0xff, 0x80, 0xf3, 0x0, 0xe5,
    0x2, 0xf4, 0x0, 0x0, 0x0, 0xf3, 0x0, 0xe5,
    0xb, 0xe5, 0x55, 0x53, 0x0, 0xf3, 0x0, 0xe5,
    0xa, 0x8d, 0xfd, 0xc8, 0x0, 0xf3, 0x0, 0xe5,
    0x0, 0x1, 0xf2, 0x0, 0x0, 0xf3, 0x0, 0xe5,
    0x3, 0x34, 0xf5, 0x33, 0x0, 0xf3, 0x0, 0xe5,
    0xc, 0xee, 0xfe, 0xee, 0x20, 0xf3, 0x0, 0xe5,
    0x0, 0x1, 0xf2, 0x0, 0x0, 0xf3, 0x0, 0xe5,
    0x0, 0x1, 0xf2, 0x0, 0x0, 0xf3, 0x0, 0xe5,
    0x0, 0x1, 0xf2, 0x8, 0x0, 0x10, 0x0, 0xe5,
    0x0, 0x1, 0xf5, 0xde, 0x0, 0x0, 0x0, 0xe5,
    0x0, 0x3, 0xff, 0xa1, 0x0, 0x16, 0x47, 0xf4,
    0x0, 0x6, 0xf5, 0x0, 0x0, 0x1f, 0xff, 0xb0,
    0x0, 0x0, 0x20, 0x0, 0x0, 0x0, 0x0, 0x0,

    /* U+948B "钋" */
    0x0, 0x1, 0x0, 0x0, 0x0, 0x31, 0x0, 0x0,
    0x0, 0x0, 0xf5, 0x0, 0x0, 0xe, 0x50, 0x0,
    0x0, 0x0, 0x3f, 0x0, 0x0, 0x0, 0xe5, 0x0,
    0x0, 0x0, 0x9, 0xff, 0xff, 0xf2, 0xe, 0x50,
    0x0, 0x0, 0x1, 0xf4, 0x22, 0x22, 0x0, 0xe5,
    0x0, 0x0, 0x0, 0x8d, 0x11, 0x11, 0x10, 0xe,
    0x61, 0x0, 0x0, 0xd, 0xbf, 0xff, 0xfc, 0x0,
    0xee, 0xe4, 0x0, 0x0, 0x10, 0xf, 0x20, 0x0,
    0xe, 0x59, 0xf7, 0x0, 0x0, 0x0, 0xf2, 0x0,
    0x0, 0xe5, 0x6, 0xf9, 0x0, 0xdf, 0xff, 0xff,
    0xf2, 0xe, 0x50, 0x5, 0xf4, 0x1, 0x22, 0xf4,
    0x22, 0x0, 0xe5, 0x0, 0x2, 0x0, 0x0, 0xf,
    0x20, 0x0, 0xe, 0x50, 0x0, 0x0, 0x0, 0x0,
    0xf2, 0x8, 0x0, 0xe5, 0x0, 0x0, 0x0, 0x0,
    0xf, 0x8e, 0xd0, 0xe, 0x50, 0x0, 0x0, 0x0,
    0x5, 0xff, 0x60, 0x0, 0xe5, 0x0, 0x0, 0x0,
    0x0, 0x2b, 0x10, 0x0, 0xe, 0x50, 0x0, 0x0,

    /* U+948C "钌" */
    0x0, 0x10, 0x0, 0x0, 0x0, 0x0, 0x0, 0x0,
    0x0, 0xb8, 0x0, 0x0, 0x11, 0x11, 0x11, 0x10,
    0x0, 0xf3, 0x0, 0x8, 0xff, 0xff, 0xff, 0xf8,
    0x5, 0xff, 0xff, 0xe0, 0x0, 0x0, 0x7, 0xf3,
    0xc, 0x72, 0x22, 0x20, 0x0, 0x0, 0x7f, 0x40,
    0x4f, 0x21, 0x11, 0x0, 0x0, 0x8, 0xf3, 0x0,
    0x9c, 0xff, 0xff, 0x80, 0x0, 0x3f, 0x30, 0x0,
    0x10, 0x2f, 0x10, 0x0, 0x0, 0x3f, 0x0, 0x0,
    0x0, 0x2f, 0x10, 0x0, 0x0, 0x3f, 0x0, 0x0,
    0x9f, 0xff, 0xff, 0xf2, 0x0, 0x3f, 0x0, 0x0,
    0x12, 0x3f, 0x32, 0x20, 0x0, 0x3f, 0x0, 0x0,
    0x0, 0x2f, 0x10, 0x0, 0x0, 0x3f, 0x0, 0x0,
    0x0, 0x2f, 0x10, 0x60, 0x0, 0x3f, 0x0, 0x0,
    0x0, 0x2f, 0x5d, 0xe0, 0x0, 0x3f, 0x0, 0x0,
    0x0, 0x5f, 0xf9, 0x1, 0x32, 0x8f, 0x0, 0x0,
    0x0, 0x6d, 0x30, 0x1, 0xff, 0xf7, 0x0, 0x0,
    0x0, 0x0, 0x0, 0x0, 0x0, 0x0, 0x0, 0x0,

    /* U+948D "钍" */
    0x0, 0x43, 0x0, 0x0, 0x0, 0x15, 0x0, 0x0,
    0x0, 0xc, 0x70, 0x0, 0x0, 0x4, 0xf0, 0x0,
    0x0, 0x1, 0xf5, 0x22, 0x10, 0x0, 0x4f, 0x0,
    0x0, 0x0, 0x6f, 0xff, 0xfc, 0x0, 0x4, 0xf0,
    0x0, 0x0, 0xd, 0x60, 0x0, 0x0, 0x0, 0x4f,
    0x0, 0x0, 0x4, 0xe1, 0x0, 0x0, 0x46, 0x69,
    0xf6, 0x66, 0x30, 0x5d, 0xff, 0xff, 0x37, 0xbb,
    0xcf, 0xbb, 0xb5, 0x0, 0x2, 0xf1, 0x0, 0x0,
    0x4, 0xf0, 0x0, 0x0, 0x0, 0x1f, 0x0, 0x0,
    0x0, 0x4f, 0x0, 0x0, 0x2, 0xff, 0xff, 0xfd,
    0x0, 0x4, 0xf0, 0x0, 0x0, 0x2, 0x3f, 0x22,
    0x10, 0x0, 0x4f, 0x0, 0x0, 0x0, 0x1, 0xf0,
    0x0, 0x0, 0x4, 0xf0, 0x0, 0x0, 0x0, 0x1f,
    0x17, 0xe1, 0x0, 0x4f, 0x0, 0x0, 0x0, 0x3,
    0xfe, 0xe5, 0x0, 0x4, 0xf0, 0x0, 0x0, 0x0,
    0x7f, 0x80, 0x4f, 0xff, 0xff, 0xff, 0xff, 0x0,
    0x0, 0x30, 0x0, 0x22, 0x22, 0x22, 0x22, 0x20,

    /* U+948F "钏" */
    0x0, 0x20, 0x0, 0x0, 0x0, 0x0, 0x0, 0x0,
    0x1, 0xf2, 0x0, 0xc, 0x30, 0x14, 0x2, 0xe0,
    0x6, 0xd0, 0x0, 0xe, 0x40, 0x4e, 0x2, 0xf0,
    0xb, 0xff, 0xfe, 0xe, 0x40, 0x4e, 0x2, 0xf0,
    0x3f, 0x21, 0x11, 0xe, 0x40, 0x4e, 0x2, 0xf0,
    0xa9, 0x0, 0x0, 0xe, 0x40, 0x4e, 0x2, 0xf0,
    0x3a, 0xee, 0xe8, 0xe, 0x40, 0x4e, 0x2, 0xf0,
    0x1, 0x8d, 0x31, 0xe, 0x40, 0x4e, 0x2, 0xf0,
    0x0, 0x6c, 0x0, 0xf, 0x30, 0x4e, 0x2, 0xf0,
    0x4b, 0xde, 0xb9, 0xf, 0x30, 0x4e, 0x2, 0xf0,
    0x26, 0xad, 0x65, 0x1f, 0x20, 0x4e, 0x2, 0xf0,
    0x0, 0x6c, 0x0, 0x3f, 0x0, 0x4e, 0x2, 0xf0,
    0x0, 0x6c, 0x8, 0x7d, 0x0, 0x4e, 0x2, 0xf0,
    0x0, 0x7e, 0xdd, 0xc8, 0x0, 0x4e, 0x2, 0xf0,
    0x0, 0xbf, 0x73, 0xf3, 0x0, 0x4e, 0x2, 0xf0,
    0x0, 0x43, 0x8, 0xb0, 0x0, 0x1, 0x2, 0xf0,
    0x0, 0x0, 0x0, 0x0, 0x0, 0x0, 0x0, 0x0,

    /* U+9490 "钐" */
    0x0, 0x1, 0x0, 0x0, 0x0, 0x0, 0x0, 0x0,
    0x0, 0x6f, 0x0, 0x0, 0x0, 0x0, 0x1c, 0x90,
    0x0, 0xca, 0x0, 0x0, 0x0, 0x4, 0xec, 0x10,
    0x2, 0xff, 0xff, 0xfb, 0x1, 0x9f, 0x90, 0x0,
    0xb, 0xc2, 0x22, 0x21, 0x6e, 0xd4, 0x0, 0x0,
    0x4f, 0x30, 0x0, 0x0, 0x37, 0x0, 0x2, 0x90,
    0x49, 0xff, 0xff, 0xf3, 0x0, 0x0, 0x2e, 0xc0,
    0x0, 0x29, 0xb2, 0x20, 0x0, 0x3, 0xeb, 0x0,
    0x0, 0x8, 0xa0, 0x0, 0x0, 0x8f, 0x90, 0x0,
    0x14, 0x4a, 0xc4, 0x43, 0x3d, 0xf5, 0x0, 0x0,
    0x3d, 0xde, 0xfd, 0xda, 0x3a, 0x10, 0x0, 0x86,
    0x0, 0x8, 0xa0, 0x0, 0x0, 0x0, 0x8, 0xf5,
    0x0, 0x8, 0xa0, 0x2, 0x0, 0x0, 0xbf, 0x50,
    0x0, 0x8, 0xa4, 0xd9, 0x0, 0x4d, 0xe3, 0x0,
    0x0, 0xa, 0xff, 0x80, 0x19, 0xfa, 0x10, 0x0,
    0x0, 0xe, 0xc2, 0x1, 0xed, 0x50, 0x0, 0x0,
    0x0, 0x2, 0x0, 0x0, 0x20, 0x0, 0x0, 0x0,

    /* U+9494 "钔" */
    0x0, 0x4, 0x0, 0x0, 0x10, 0x0, 0x0, 0x0,
    0x0, 0x4f, 0x0, 0x6, 0xd0, 0x12, 0x22, 0x22,
    0x0, 0x99, 0x0, 0x0, 0xcb, 0x7f, 0xff, 0xfe,
    0x1, 0xff, 0xff, 0x31, 0x29, 0x0, 0x0, 0x4e,
    0x8, 0xb2, 0x22, 0xe, 0x40, 0x0, 0x0, 0x4e,
    0xe, 0x52, 0x21, 0xe, 0x40, 0x0, 0x0, 0x4e,
    0x6, 0xff, 0xff, 0xe, 0x40, 0x0, 0x0, 0x4e,
    0x0, 0xf, 0x20, 0xe, 0x40, 0x0, 0x0, 0x4e,
    0x1, 0x2f, 0x42, 0xe, 0x40, 0x0, 0x0, 0x4e,
    0xd, 0xff, 0xff, 0x2e, 0x40, 0x0, 0x0, 0x4e,
    0x0, 0xf, 0x20, 0xe, 0x40, 0x0, 0x0, 0x4e,
    0x0, 0xf, 0x20, 0xe, 0x40, 0x0, 0x0, 0x4e,
    0x0, 0xf, 0x20, 0xe, 0x40, 0x0, 0x0, 0x4e,
    0x0, 0xf, 0x6d, 0x3e, 0x40, 0x0, 0x0, 0x4e,
    0x0, 0x4f, 0xf8, 0xe, 0x40, 0x1, 0x32, 0x9d,
    0x0, 0x1a, 0x10, 0xe, 0x40, 0x3, 0xff, 0xe4,
    0x0, 0x0, 0x0, 0x0, 0x0, 0x0, 0x0, 0x0,

    /* U+9495 "钕" */
    0x0, 0x10, 0x0, 0x0, 0x0, 0x0, 0x0, 0x0,
    0x0, 0xe5, 0x0, 0x0, 0x6, 0xe0, 0x0, 0x0,
    0x3, 0xf2, 0x11, 0x0, 0xa, 0xa0, 0x0, 0x0,
    0x9, 0xff, 0xff, 0x0, 0xe, 0x60, 0x0, 0x0,
    0x1f, 0x40, 0x0, 0x56, 0x7f, 0x86, 0x66, 0x65,
    0x9c, 0x0, 0x0, 0x9b, 0xde, 0xbb, 0xbe, 0xd8,
    0x5a, 0xff, 0xf9, 0x0, 0xb8, 0x0, 0xc, 0x50,
    0x0, 0x7c, 0x10, 0x1, 0xf3, 0x0, 0xf, 0x30,
    0x0, 0x6b, 0x0, 0x6, 0xe0, 0x0, 0x4e, 0x0,
    0x7f, 0xff, 0xff, 0xb, 0xb0, 0x0, 0xba, 0x0,
    0x1, 0x7c, 0x11, 0x5, 0xfb, 0x14, 0xf3, 0x0,
    0x0, 0x6b, 0x0, 0x0, 0x1b, 0xee, 0x90, 0x0,
    0x0, 0x6b, 0x6, 0x0, 0x3, 0xff, 0xa0, 0x0,
    0x0, 0x7d, 0xdc, 0x0, 0x7f, 0xb4, 0xed, 0x30,
    0x0, 0xbf, 0x71, 0x9f, 0xe6, 0x0, 0x1b, 0xf6,
    0x0, 0x43, 0x0, 0xb7, 0x10, 0x0, 0x0, 0x84,

    /* U+9497 "钗" */
    0x0, 0x20, 0x0, 0x0, 0x0, 0x0, 0x0, 0x0,
    0x0, 0xe6, 0x0, 0x11, 0x11, 0x11, 0x11, 0x10,
    0x5, 0xe0, 0x1, 0xff, 0xff, 0xff, 0xff, 0xc0,
    0xc, 0xff, 0xfa, 0x5d, 0x0, 0x0, 0xa, 0xa0,
    0x6e, 0x11, 0x11, 0x3f, 0x8, 0x70, 0xd, 0x70,
    0xd6, 0x22, 0x21, 0xf, 0x24, 0xf1, 0x1f, 0x30,
    0x3c, 0xff, 0xf8, 0xc, 0x60, 0xb8, 0x5e, 0x0,
    0x0, 0xa8, 0x0, 0x7, 0xb0, 0x10, 0xb8, 0x0,
    0x0, 0xa8, 0x0, 0x1, 0xf2, 0x3, 0xf1, 0x0,
    0xbf, 0xff, 0xff, 0x20, 0xaa, 0xc, 0x90, 0x0,
    0x11, 0xa8, 0x11, 0x0, 0x2f, 0xbd, 0x0, 0x0,
    0x0, 0xa8, 0x2, 0x0, 0xa, 0xf6, 0x0, 0x0,
    0x0, 0xa9, 0xb7, 0x0, 0x8f, 0xcf, 0x40, 0x0,
    0x0, 0xbf, 0xb0, 0x2b, 0xf4, 0x9, 0xf9, 0x10,
    0x0, 0xd8, 0x8, 0xfd, 0x30, 0x0, 0x7f, 0xf4,
    0x0, 0x10, 0x1d, 0x80, 0x0, 0x0, 0x2, 0x90,
    0x0, 0x0, 0x0, 0x0, 0x0, 0x0, 0x0, 0x0,

    /* U+949A "钚" */
    0x0, 0x10, 0x0, 0x0, 0x0, 0x0, 0x0, 0x0,
    0x0, 0xf3, 0x0, 0x13, 0x33, 0x33, 0x33, 0x31,
    0x5, 0xd0, 0x0, 0x7f, 0xff, 0xff, 0xff, 0xf5,
    0xb, 0xff, 0xfe, 0x0, 0x0, 0xe4, 0x0, 0x0,
    0x3f, 0x10, 0x0, 0x0, 0x6, 0xd0, 0x0, 0x0,
    0xb8, 0x0, 0x0, 0x0, 0xc, 0x90, 0x0, 0x0,
    0x5a, 0xff, 0xf7, 0x0, 0x5e, 0xf4, 0x30, 0x0,
    0x1, 0x8b, 0x10, 0x0, 0xd7, 0xe8, 0xf2, 0x0,
    0x0, 0x7b, 0x0, 0x7, 0xe0, 0xe3, 0x9d, 0x0,
    0x8f, 0xff, 0xfe, 0x2f, 0x50, 0xe3, 0xd, 0xa0,
    0x12, 0x8b, 0x22, 0xda, 0x0, 0xe3, 0x3, 0xf5,
    0x0, 0x7b, 0x2, 0xd1, 0x0, 0xe3, 0x0, 0x73,
    0x0, 0x7b, 0x5, 0x0, 0x0, 0xe3, 0x0, 0x0,
    0x0, 0x7c, 0xcd, 0x0, 0x0, 0xe3, 0x0, 0x0,
    0x0, 0xbf, 0x90, 0x0, 0x0, 0xe3, 0x0, 0x0,
    0x0, 0x94, 0x0, 0x0, 0x0, 0xe3, 0x0, 0x0,

    /* U+949B "钛" */
    0x0, 0x10, 0x0, 0x0, 0x0, 0x30, 0x0, 0x0,
    0x1, 0xf2, 0x0, 0x0, 0x1, 0xf1, 0x0, 0x0,
    0x6, 0xc0, 0x0, 0x0, 0x1, 0xf1, 0x0, 0x0,
    0xc, 0xff, 0xfe, 0x0, 0x1, 0xf1, 0x0, 0x0,
    0x4e, 0x10, 0x0, 0x57, 0x78, 0xf7, 0x77, 0x73,
    0xc7, 0x0, 0x0, 0x7a, 0xab, 0xfb, 0xaa, 0xa4,
    0x6c, 0xff, 0xf9, 0x0, 0x5, 0xf6, 0x0, 0x0,
    0x0, 0x8a, 0x0, 0x0, 0x8, 0xe9, 0x0, 0x0,
    0x0, 0x8a, 0x0, 0x0, 0xb, 0x8d, 0x0, 0x0,
    0xaf, 0xff, 0xff, 0x10, 0x1f, 0x2e, 0x30, 0x0,
    0x11, 0x8b, 0x11, 0x0, 0x7c, 0x9, 0xa0, 0x0,
    0x0, 0x8a, 0x0, 0x1, 0xe5, 0x2, 0xf3, 0x0,
    0x0, 0x8a, 0x2a, 0x9, 0xf5, 0x0, 0xac, 0x0,
    0x0, 0x8e, 0xf8, 0x6f, 0x7f, 0x50, 0x1f, 0x90,
    0x0, 0xdd, 0x35, 0xf6, 0x4, 0xf2, 0x5, 0xf7,
    0x0, 0x40, 0x3, 0x70, 0x0, 0x20, 0x0, 0x62,

    /* U+949C "钜" */
    0x0, 0x20, 0x0, 0x0, 0x0, 0x0, 0x0, 0x0,
    0x0, 0xe4, 0x0, 0x5, 0x55, 0x55, 0x55, 0x52,
    0x5, 0xe0, 0x0, 0x1f, 0xcc, 0xcc, 0xcc, 0xc5,
    0xb, 0xff, 0xfe, 0x1f, 0x10, 0x0, 0x0, 0x0,
    0x4f, 0x32, 0x21, 0x1f, 0x10, 0x0, 0x0, 0x0,
    0xa7, 0x0, 0x0, 0x1f, 0xaa, 0xaa, 0xaa, 0x90,
    0x29, 0xff, 0xf8, 0x1f, 0x76, 0x66, 0x68, 0xe0,
    0x1, 0x7d, 0x21, 0x1f, 0x10, 0x0, 0x3, 0xe0,
    0x0, 0x5c, 0x0, 0x1f, 0x10, 0x0, 0x3, 0xe0,
    0x5b, 0xce, 0xbb, 0x2f, 0x10, 0x0, 0x3, 0xe0,
    0x36, 0xae, 0x66, 0x2f, 0xff, 0xff, 0xff, 0xe0,
    0x0, 0x5c, 0x0, 0x1f, 0x31, 0x11, 0x13, 0x90,
    0x0, 0x5c, 0x8, 0x1f, 0x10, 0x0, 0x0, 0x0,
    0x0, 0x6e, 0xed, 0x2f, 0x10, 0x0, 0x0, 0x0,
    0x0, 0xaf, 0x60, 0x1f, 0xee, 0xee, 0xee, 0xe8,
    0x0, 0x22, 0x0, 0x3, 0x33, 0x33, 0x33, 0x32,

    /* U+94A3 "钣" */
    0x0, 0x20, 0x0, 0x0, 0x0, 0x0, 0x0, 0x0,
    0x0, 0xc7, 0x0, 0x1, 0x12, 0x34, 0x68, 0xa3,
    0x2, 0xf1, 0x0, 0x5f, 0xff, 0xed, 0xcb, 0x93,
    0x8, 0xff, 0xfc, 0x5c, 0x0, 0x0, 0x0, 0x0,
    0x2f, 0x31, 0x11, 0x5c, 0x0, 0x0, 0x0, 0x0,
    0xab, 0x11, 0x10, 0x5d, 0x55, 0x55, 0x55, 0x40,
    0x49, 0xff, 0xf6, 0x5f, 0xce, 0xbb, 0xbd, 0xd0,
    0x0, 0x8a, 0x0, 0x5c, 0x2e, 0x0, 0x9, 0xa0,
    0x0, 0x8a, 0x0, 0x5c, 0xe, 0x20, 0xd, 0x50,
    0x9f, 0xff, 0xfe, 0x5c, 0xa, 0x70, 0x3f, 0x0,
    0x0, 0x8a, 0x0, 0x6b, 0x3, 0xe0, 0xb8, 0x0,
    0x0, 0x8a, 0x4, 0x99, 0x0, 0xbd, 0xe1, 0x0,
    0x0, 0x8a, 0xab, 0xd6, 0x0, 0x6f, 0xa0, 0x0,
    0x0, 0x9f, 0xc4, 0xf1, 0x8, 0xf6, 0xeb, 0x10,
    0x0, 0xcb, 0xc, 0x94, 0xde, 0x30, 0x2d, 0xe5,
    0x0, 0x10, 0x1c, 0x1d, 0x90, 0x0, 0x1, 0xa3,
    0x0, 0x0, 0x0, 0x0, 0x0, 0x0, 0x0, 0x0,

    /* U+94A4 "钤" */
    0x0, 0x20, 0x0, 0x0, 0x0, 0x21, 0x0, 0x0,
    0x0, 0xe5, 0x0, 0x0, 0x2, 0xf8, 0x0, 0x0,
    0x3, 0xf0, 0x0, 0x0, 0xa, 0xdf, 0x10, 0x0,
    0x8, 0xff, 0xff, 0x10, 0x5f, 0x2a, 0xc0, 0x0,
    0xe, 0x52, 0x22, 0x2, 0xe7, 0x1, 0xe9, 0x0,
    0x7c, 0x0, 0x0, 0x2e, 0xa5, 0xa0, 0x3f, 0x90,
    0x7a, 0xff, 0xf7, 0xeb, 0x2, 0xf4, 0x4, 0xf8,
    0x0, 0x6d, 0x1, 0x90, 0x0, 0x9a, 0x0, 0x42,
    0x0, 0x6d, 0x0, 0x0, 0x0, 0x0, 0x0, 0x0,
    0x8f, 0xff, 0xfe, 0x3f, 0xff, 0xff, 0xff, 0x60,
    0x12, 0x7d, 0x21, 0x2, 0x22, 0x22, 0x6f, 0x30,
    0x0, 0x6d, 0x0, 0x0, 0x0, 0x0, 0xbb, 0x0,
    0x0, 0x6d, 0x2, 0x0, 0x0, 0x4, 0xf3, 0x0,
    0x0, 0x6d, 0x8f, 0x20, 0x0, 0xd, 0xa0, 0x0,
    0x0, 0xaf, 0xc3, 0x0, 0x0, 0x7f, 0x10, 0x0,
    0x0, 0x67, 0x0, 0x0, 0x0, 0xd7, 0x0, 0x0,
    0x0, 0x0, 0x0, 0x0, 0x0, 0x0, 0x0, 0x0,

    /* U+94AA "钪" */
    0x0, 0x30, 0x0, 0x0, 0x3, 0x0, 0x0, 0x0,
    0x0, 0xf3, 0x0, 0x0, 0xe, 0x80, 0x0, 0x0,
    0x5, 0xe0, 0x0, 0x0, 0x6, 0xc0, 0x0, 0x0,
    0xa, 0xfe, 0xe9, 0xaf, 0xff, 0xff, 0xff, 0xf2,
    0x1f, 0x42, 0x21, 0x12, 0x22, 0x22, 0x22, 0x20,
    0x9d, 0x33, 0x31, 0x0, 0x0, 0x0, 0x0, 0x0,
    0x78, 0xef, 0xd4, 0xc, 0xee, 0xee, 0xd0, 0x0,
    0x0, 0x7a, 0x0, 0xe, 0x73, 0x37, 0xf0, 0x0,
    0x0, 0x7a, 0x0, 0xe, 0x50, 0x4, 0xf0, 0x0,
    0xaf, 0xff, 0xfe, 0xe, 0x50, 0x4, 0xf0, 0x0,
    0x11, 0x8b, 0x11, 0xe, 0x40, 0x4, 0xf0, 0x0,
    0x0, 0x7a, 0x0, 0xf, 0x20, 0x4, 0xf0, 0x0,
    0x0, 0x7a, 0x25, 0x5e, 0x0, 0x4, 0xf0, 0x6b,
    0x0, 0x7c, 0xe6, 0xd9, 0x0, 0x4, 0xf0, 0x7b,
    0x0, 0xaf, 0x68, 0xe1, 0x0, 0x4, 0xf2, 0xb9,
    0x0, 0x97, 0x3f, 0x40, 0x0, 0x1, 0xdf, 0xe2,
    0x0, 0x0, 0x2, 0x0, 0x0, 0x0, 0x0, 0x0,

    /* U+94AB "钫" */
    0x0, 0x42, 0x0, 0x0, 0x0, 0x60, 0x0, 0x0,
    0x0, 0xe4, 0x0, 0x0, 0x1, 0xe6, 0x0, 0x0,
    0x5, 0xe2, 0x21, 0x0, 0x0, 0x5b, 0x0, 0x0,
    0xc, 0xff, 0xfd, 0x6e, 0xee, 0xee, 0xee, 0xe5,
    0x4f, 0x10, 0x0, 0x12, 0xd8, 0x22, 0x22, 0x21,
    0xa7, 0x0, 0x0, 0x0, 0xc6, 0x0, 0x0, 0x0,
    0x29, 0xff, 0xf8, 0x0, 0xc6, 0x0, 0x0, 0x0,
    0x1, 0x7c, 0x21, 0x0, 0xdf, 0xff, 0xff, 0x80,
    0x0, 0x6c, 0x0, 0x0, 0xe4, 0x0, 0xb, 0x80,
    0x6e, 0xff, 0xee, 0x0, 0xf3, 0x0, 0xb, 0x70,
    0x12, 0x7d, 0x22, 0x1, 0xf1, 0x0, 0xb, 0x70,
    0x0, 0x6c, 0x0, 0x4, 0xe0, 0x0, 0xc, 0x60,
    0x0, 0x6c, 0x7, 0x9, 0xa0, 0x0, 0xd, 0x50,
    0x0, 0x6d, 0xcf, 0x2f, 0x40, 0x0, 0xe, 0x40,
    0x0, 0xaf, 0xb2, 0xbc, 0x2, 0x54, 0x8f, 0x10,
    0x0, 0x76, 0x2, 0xe2, 0x5, 0xff, 0xe7, 0x0,
    0x0, 0x0, 0x0, 0x0, 0x0, 0x0, 0x0, 0x0,

    /* U+94AC "钬" */
    0x0, 0x10, 0x0, 0x0, 0x0, 0x30, 0x0, 0x0,
    0x0, 0xb9, 0x0, 0x0, 0x0, 0xf3, 0x0, 0x0,
    0x0, 0xf2, 0x0, 0x0, 0x0, 0xf3, 0x0, 0x0,
    0x6, 0xff, 0xff, 0x80, 0x0, 0xf3, 0x0, 0x0,
    0xd, 0x51, 0x11, 0x68, 0x0, 0xf2, 0x0, 0xc4,
    0x4b, 0x0, 0x0, 0x3f, 0x10, 0xf2, 0x8, 0xe1,
    0xb, 0xff, 0xfd, 0xb, 0x91, 0xf4, 0x3f, 0x40,
    0x1, 0x6e, 0x21, 0x3, 0xf4, 0xf7, 0xc8, 0x0,
    0x0, 0x5e, 0x0, 0x0, 0x35, 0xfb, 0x20, 0x0,
    0x3e, 0xff, 0xee, 0x80, 0x9, 0x9f, 0x0, 0x0,
    0x2, 0x6e, 0x22, 0x10, 0xe, 0x4c, 0x60, 0x0,
    0x0, 0x5e, 0x0, 0x10, 0x7d, 0x6, 0xd0, 0x0,
    0x0, 0x5e, 0x19, 0xb2, 0xf6, 0x0, 0xe7, 0x0,
    0x0, 0x6f, 0xeb, 0x4d, 0xa0, 0x0, 0x4f, 0x50,
    0x0, 0x9e, 0x42, 0xed, 0x10, 0x0, 0x8, 0xf6,
    0x0, 0x11, 0x3, 0xb1, 0x0, 0x0, 0x0, 0x73,

    /* U+94AD "钭" */
    0x0, 0x22, 0x0, 0x0, 0x0, 0x0, 0x50, 0x0,
    0x0, 0xc9, 0x0, 0x0, 0x0, 0x0, 0xf2, 0x0,
    0x2, 0xf4, 0x11, 0x1, 0x60, 0x0, 0xf2, 0x0,
    0xa, 0xff, 0xff, 0x32, 0xea, 0x0, 0xf2, 0x0,
    0x3f, 0x20, 0x0, 0x0, 0x2d, 0xb0, 0xf2, 0x0,
    0xc9, 0x11, 0x11, 0x0, 0x1, 0x40, 0xf2, 0x0,
    0x78, 0xff, 0xfd, 0x3a, 0x10, 0x0, 0xf2, 0x0,
    0x0, 0x4d, 0x0, 0xa, 0xd2, 0x0, 0xf2, 0x0,
    0x0, 0x5d, 0x0, 0x0, 0x8a, 0x0, 0xf2, 0x0,
    0xdf, 0xff, 0xff, 0x20, 0x0, 0x0, 0xf2, 0x0,
    0x0, 0x5d, 0x0, 0x13, 0x46, 0x79, 0xfc, 0xd6,
    0x0, 0x4d, 0x0, 0xce, 0xdb, 0xa9, 0xf7, 0x41,
    0x0, 0x4d, 0x2, 0x0, 0x0, 0x0, 0xf2, 0x0,
    0x0, 0x5d, 0x8f, 0x0, 0x0, 0x0, 0xf2, 0x0,
    0x0, 0x9f, 0xc2, 0x0, 0x0, 0x0, 0xf2, 0x0,
    0x0, 0x36, 0x0, 0x0, 0x0, 0x0, 0xf2, 0x0,

    /* U+94AF "钯" */
    0x0, 0x21, 0x0, 0x0, 0x0, 0x0, 0x0, 0x0,
    0x0, 0xc, 0x70, 0x2, 0x77, 0x77, 0x77, 0x76,
    0x0, 0x2, 0xf1, 0x0, 0x5e, 0xaa, 0xfb, 0xac,
    0xd0, 0x0, 0x9f, 0xff, 0xd5, 0xd0, 0xf, 0x30,
    0x5d, 0x0, 0x2f, 0x32, 0x21, 0x5d, 0x0, 0xf3,
    0x5, 0xd0, 0x9, 0x92, 0x22, 0x5, 0xd0, 0xf,
    0x30, 0x5d, 0x0, 0x2a, 0xff, 0xf5, 0x5d, 0x0,
    0xf3, 0x5, 0xd0, 0x0, 0x9, 0x80, 0x5, 0xe7,
    0x7f, 0x87, 0x9d, 0x0, 0x0, 0x98, 0x0, 0x5e,
    0x99, 0x99, 0x9b, 0xd0, 0x9, 0xff, 0xff, 0xe5,
    0xd0, 0x0, 0x0, 0x14, 0x0, 0x12, 0xa9, 0x21,
    0x5d, 0x0, 0x0, 0x0, 0x0, 0x0, 0x9, 0x80,
    0x5, 0xd0, 0x0, 0x0, 0x2, 0xd1, 0x0, 0x98,
    0x0, 0x5d, 0x0, 0x0, 0x0, 0x4f, 0x0, 0x9,
    0x85, 0xb5, 0xd0, 0x0, 0x0, 0x7, 0xc0, 0x0,
    0xbe, 0xf6, 0x3f, 0x52, 0x22, 0x23, 0xd8, 0x0,
    0xe, 0xb2, 0x0, 0x9f, 0xff, 0xff, 0xfb, 0x0,
    0x0, 0x20, 0x0, 0x0, 0x0, 0x0, 0x0, 0x0,
    0x0,

    /* U+94B0 "钰" */
    0x0, 0x31, 0x0, 0x0, 0x0, 0x0, 0x0, 0x0,
    0x0, 0xe4, 0x0, 0x3, 0x33, 0x33, 0x33, 0x20,
    0x2, 0xf1, 0x11, 0x5f, 0xff, 0xff, 0xff, 0xe0,
    0x8, 0xff, 0xff, 0x50, 0x0, 0xe4, 0x0, 0x0,
    0xe, 0x50, 0x0, 0x0, 0x0, 0xe4, 0x0, 0x0,
    0x7e, 0x22, 0x21, 0x0, 0x0, 0xe4, 0x0, 0x0,
    0xa8, 0xff, 0xfa, 0x0, 0x0, 0xe4, 0x0, 0x0,
    0x0, 0x6c, 0x0, 0x29, 0x99, 0xfb, 0x99, 0x80,
    0x0, 0x6c, 0x0, 0x28, 0x88, 0xfa, 0x88, 0x70,
    0xaf, 0xff, 0xff, 0x10, 0x0, 0xe4, 0x1, 0x0,
    0x12, 0x7d, 0x22, 0x0, 0x0, 0xe4, 0x9b, 0x0,
    0x0, 0x6c, 0x0, 0x0, 0x0, 0xe4, 0x1e, 0x70,
    0x0, 0x6c, 0x4, 0x10, 0x0, 0xe4, 0x4, 0xe0,
    0x0, 0x6d, 0xbe, 0x20, 0x0, 0xe4, 0x0, 0x10,
    0x0, 0xbf, 0xa1, 0xdf, 0xff, 0xff, 0xff, 0xf6,
    0x0, 0x56, 0x0, 0x22, 0x22, 0x22, 0x22, 0x21,

    /* U+94B2 "钲" */
    0x0, 0x20, 0x0, 0x0, 0x0, 0x0, 0x0, 0x0,
    0x0, 0xf4, 0x0, 0x1, 0x11, 0x11, 0x11, 0x10,
    0x6, 0xd0, 0x0, 0x7f, 0xff, 0xff, 0xff, 0xf6,
    0xc, 0xff, 0xff, 0x30, 0x0, 0x3f, 0x0, 0x0,
    0x5e, 0x22, 0x22, 0x0, 0x0, 0x3f, 0x0, 0x0,
    0xc8, 0x22, 0x21, 0x0, 0x0, 0x3f, 0x0, 0x0,
    0x39, 0xff, 0xfc, 0xe, 0x40, 0x3f, 0x0, 0x0,
    0x0, 0x7b, 0x0, 0xe, 0x40, 0x3f, 0x55, 0x50,
    0x0, 0x7b, 0x0, 0xe, 0x40, 0x3f, 0xcc, 0xc0,
    0xaf, 0xff, 0xff, 0x1e, 0x40, 0x3f, 0x0, 0x0,
    0x12, 0x8b, 0x22, 0xe, 0x40, 0x3f, 0x0, 0x0,
    0x0, 0x7b, 0x5, 0xe, 0x40, 0x3f, 0x0, 0x0,
    0x0, 0x7b, 0x9f, 0xe, 0x40, 0x3f, 0x0, 0x0,
    0x0, 0x7f, 0xd2, 0xe, 0x40, 0x3f, 0x0, 0x0,
    0x0, 0xbc, 0x10, 0xff, 0xff, 0xff, 0xff, 0xf9,
    0x0, 0x10, 0x0, 0x22, 0x22, 0x22, 0x22, 0x21,

    /* U+94B4 "钴" */
    0x0, 0x20, 0x0, 0x0, 0x0, 0x21, 0x0, 0x0,
    0x0, 0xe5, 0x0, 0x0, 0x0, 0xd6, 0x0, 0x0,
    0x4, 0xf0, 0x0, 0x0, 0x0, 0xd6, 0x0, 0x0,
    0xb, 0xfe, 0xee, 0x22, 0x22, 0xd7, 0x22, 0x21,
    0x4f, 0x43, 0x33, 0x8f, 0xff, 0xff, 0xff, 0xf9,
    0xa8, 0x0, 0x0, 0x0, 0x0, 0xd6, 0x0, 0x0,
    0x19, 0xff, 0xfa, 0x0, 0x0, 0xd6, 0x0, 0x0,
    0x1, 0x6d, 0x21, 0x0, 0x0, 0xd6, 0x0, 0x0,
    0x0, 0x5d, 0x0, 0xb, 0xbb, 0xfd, 0xbb, 0xb0,
    0x6d, 0xef, 0xdd, 0x2f, 0x76, 0x66, 0x67, 0xf0,
    0x14, 0x7e, 0x44, 0x1f, 0x10, 0x0, 0x3, 0xf0,
    0x0, 0x5d, 0x0, 0xf, 0x10, 0x0, 0x3, 0xf0,
    0x0, 0x5d, 0x4, 0x1f, 0x10, 0x0, 0x3, 0xf0,
    0x0, 0x5e, 0x9f, 0x2f, 0x32, 0x22, 0x25, 0xf0,
    0x0, 0x8f, 0xd3, 0xf, 0xff, 0xff, 0xff, 0xf0,
    0x0, 0x58, 0x0, 0xf, 0x10, 0x0, 0x3, 0xf0,

    /* U+94B6 "钶" */
    0x0, 0x20, 0x0, 0x0, 0x0, 0x0, 0x0, 0x0,
    0x0, 0xe5, 0x0, 0x45, 0x55, 0x55, 0x55, 0x52,
    0x4, 0xf0, 0x0, 0xbc, 0xcc, 0xcc, 0xcf, 0xd6,
    0xb, 0xff, 0xfd, 0x0, 0x0, 0x0, 0xe, 0x50,
    0x4f, 0x32, 0x21, 0x0, 0x0, 0x0, 0xe, 0x50,
    0xa7, 0x0, 0x0, 0x1f, 0xff, 0xfd, 0xe, 0x50,
    0x19, 0xff, 0xf8, 0x1f, 0x0, 0x4d, 0xe, 0x50,
    0x1, 0x7c, 0x21, 0x1f, 0x0, 0x4d, 0xe, 0x50,
    0x0, 0x6c, 0x0, 0x1f, 0x0, 0x4d, 0xe, 0x50,
    0x49, 0xbe, 0x99, 0x1f, 0x0, 0x4d, 0xe, 0x50,
    0x4a, 0xce, 0xaa, 0x1f, 0x22, 0x5d, 0xe, 0x50,
    0x0, 0x6c, 0x0, 0x1f, 0xff, 0xfc, 0xe, 0x50,
    0x0, 0x6c, 0x3, 0x1a, 0x0, 0x0, 0xe, 0x50,
    0x0, 0x6c, 0x8f, 0x0, 0x0, 0x0, 0xe, 0x40,
    0x0, 0x9f, 0xe5, 0x0, 0x0, 0x54, 0x5f, 0x30,
    0x0, 0x99, 0x0, 0x0, 0x0, 0xef, 0xfa, 0x0,
    0x0, 0x0, 0x0, 0x0, 0x0, 0x0, 0x0, 0x0,

    /* U+94B7 "钷" */
    0x0, 0x21, 0x0, 0x0, 0x0, 0x0, 0x0, 0x0,
    0x0, 0xb9, 0x0, 0x15, 0x55, 0x55, 0x55, 0x52,
    0x1, 0xf2, 0x0, 0x3f, 0xcc, 0xcc, 0xcc, 0xc5,
    0x8, 0xff, 0xff, 0x3f, 0x0, 0x0, 0x0, 0x0,
    0x1f, 0x32, 0x22, 0x3f, 0x0, 0x0, 0x0, 0x0,
    0x8a, 0x22, 0x20, 0x3f, 0x3, 0xff, 0xff, 0xc0,
    0x2a, 0xff, 0xf6, 0x3f, 0x4, 0xf3, 0x37, 0xd0,
    0x0, 0x89, 0x0, 0x3f, 0x4, 0xe0, 0x5, 0xd0,
    0x1, 0x9a, 0x11, 0x3f, 0x4, 0xe0, 0x5, 0xd0,
    0x5e, 0xff, 0xee, 0x5f, 0x4, 0xe0, 0x5, 0xd0,
    0x0, 0x89, 0x0, 0x3f, 0x4, 0xff, 0xff, 0xd0,
    0x0, 0x89, 0x0, 0x3f, 0x4, 0xe2, 0x26, 0xd0,
    0x0, 0x89, 0x3, 0x3f, 0x0, 0x30, 0x0, 0x20,
    0x0, 0x9c, 0xce, 0x3f, 0x0, 0x0, 0x0, 0x0,
    0x0, 0xdf, 0x81, 0x3f, 0xdd, 0xdd, 0xdd, 0xd8,
    0x0, 0x31, 0x0, 0x14, 0x44, 0x44, 0x44, 0x42,

    /* U+94B8 "钸" */
    0x0, 0x20, 0x0, 0x0, 0x3, 0x0, 0x0, 0x0,
    0x1, 0xf2, 0x0, 0x0, 0x5f, 0x10, 0x0, 0x0,
    0x5, 0xe0, 0x0, 0x0, 0xbb, 0x0, 0x0, 0x0,
    0xa, 0xfd, 0xd8, 0xff, 0xff, 0xff, 0xff, 0xf9,
    0x2f, 0x53, 0x30, 0x1a, 0xb1, 0x51, 0x11, 0x10,
    0xab, 0x0, 0x0, 0x2f, 0x20, 0xf2, 0x0, 0x0,
    0xb9, 0xff, 0xe0, 0xa9, 0x0, 0xf2, 0x0, 0x0,
    0x10, 0xb7, 0x14, 0xfc, 0xbb, 0xfb, 0xbb, 0xa0,
    0x0, 0xb6, 0xe, 0xf8, 0x66, 0xf7, 0x68, 0xe0,
    0xef, 0xff, 0xf8, 0xe3, 0x0, 0xf2, 0x3, 0xe0,
    0x12, 0xb7, 0x20, 0xe3, 0x0, 0xf2, 0x3, 0xe0,
    0x0, 0xb6, 0x0, 0xe3, 0x0, 0xf2, 0x3, 0xe0,
    0x0, 0xb6, 0x10, 0xe3, 0x0, 0xf3, 0x17, 0xe0,
    0x0, 0xba, 0xe2, 0xe3, 0x0, 0xf7, 0xff, 0x70,
    0x0, 0xef, 0x50, 0x20, 0x0, 0xf2, 0x10, 0x0,
    0x0, 0x92, 0x0, 0x0, 0x0, 0xf2, 0x0, 0x0,

    /* U+94B9 "钹" */
    0x0, 0x10, 0x0, 0x0, 0x1, 0x0, 0x0, 0x0,
    0x0, 0xf, 0x30, 0x0, 0x4, 0xe0, 0x59, 0x10,
    0x0, 0x5, 0xe0, 0x0, 0x0, 0x6c, 0x1, 0xbe,
    0x20, 0x0, 0xaf, 0xff, 0xd1, 0x29, 0xb2, 0x22,
    0x72, 0x10, 0x2f, 0x32, 0x21, 0xcf, 0xff, 0xff,
    0xff, 0xfb, 0x9, 0xb1, 0x11, 0x0, 0xe, 0x40,
    0x0, 0x0, 0x0, 0x3c, 0xff, 0xf6, 0x2, 0xf3,
    0x22, 0x22, 0x10, 0x0, 0x8, 0xa0, 0x0, 0x7f,
    0xff, 0xff, 0xf9, 0x0, 0x0, 0x8a, 0x0, 0xd,
    0xf3, 0x0, 0xd, 0x60, 0x8, 0xff, 0xff, 0xe4,
    0xf8, 0x90, 0x3, 0xf1, 0x0, 0x1, 0x8b, 0x11,
    0xd8, 0x1f, 0x10, 0xc8, 0x0, 0x0, 0x8, 0xa0,
    0x7f, 0x10, 0x9a, 0x8d, 0x0, 0x0, 0x0, 0x8a,
    0x6, 0x70, 0x1, 0xff, 0x30, 0x0, 0x0, 0x8,
    0xba, 0x70, 0x3, 0xce, 0xec, 0x30, 0x0, 0x0,
    0xbf, 0xc2, 0x5b, 0xf9, 0x1, 0xbf, 0xc6, 0x0,
    0xa, 0x70, 0x1e, 0x93, 0x0, 0x0, 0x4b, 0x80,
    0x0, 0x0, 0x0, 0x0, 0x0, 0x0, 0x0, 0x0,
    0x0,

    /* U+94BA "钺" */
    0x0, 0x0, 0x0, 0x0, 0x0, 0x0, 0x0, 0x0,
    0x0, 0xd5, 0x0, 0x0, 0x0, 0x6c, 0x48, 0x0,
    0x3, 0xf1, 0x0, 0x0, 0x0, 0x6c, 0x1d, 0x60,
    0xb, 0xfc, 0xcb, 0x2, 0x22, 0x7c, 0x25, 0x40,
    0x4f, 0x65, 0x54, 0x4f, 0xff, 0xff, 0xff, 0xf6,
    0xa8, 0x0, 0x0, 0x4e, 0x0, 0x5d, 0x0, 0x0,
    0x19, 0xff, 0xf8, 0x4e, 0x0, 0x4e, 0x0, 0x61,
    0x1, 0x7c, 0x21, 0x4e, 0x0, 0x3f, 0x1, 0xf2,
    0x0, 0x6c, 0x0, 0x4e, 0x0, 0x1f, 0x17, 0xc0,
    0x6d, 0xef, 0xdd, 0x4e, 0x0, 0xf, 0x4e, 0x60,
    0x14, 0x8d, 0x44, 0x4e, 0x5, 0xd, 0xcd, 0x0,
    0x0, 0x6c, 0x0, 0x4e, 0xae, 0xa, 0xf4, 0x11,
    0x0, 0x6c, 0x4, 0x6f, 0xd2, 0xc, 0xe0, 0x6b,
    0x0, 0x6c, 0xaf, 0x8b, 0x0, 0xae, 0xf4, 0x8a,
    0x0, 0xaf, 0xd3, 0x0, 0xb, 0xe2, 0xaf, 0xe7,
    0x0, 0x98, 0x0, 0x0, 0x4d, 0x20, 0x1b, 0xe1,
    0x0, 0x0, 0x0, 0x0, 0x0, 0x0, 0x0, 0x0,

    /* U+94BC "钼" */
    0x0, 0x20, 0x0, 0x0, 0x0, 0x0, 0x0, 0x0,
    0x0, 0xe5, 0x0, 0x3, 0x33, 0x33, 0x33, 0x30,
    0x4, 0xf0, 0x0, 0x2f, 0xdd, 0xdd, 0xdd, 0xf1,
    0xb, 0xff, 0xfd, 0x2f, 0x0, 0x0, 0x2, 0xf1,
    0x4f, 0x32, 0x21, 0x2f, 0x0, 0x0, 0x2, 0xf1,
    0xa7, 0x0, 0x0, 0x2f, 0x55, 0x55, 0x56, 0xf1,
    0x19, 0xff, 0xf8, 0x2f, 0xbb, 0xbb, 0xbb, 0xf1,
    0x1, 0x7c, 0x21, 0x2f, 0x0, 0x0, 0x2, 0xf1,
    0x0, 0x6c, 0x0, 0x2f, 0x0, 0x0, 0x2, 0xf1,
    0x4a, 0xce, 0xaa, 0x2f, 0x21, 0x11, 0x13, 0xf1,
    0x37, 0xbd, 0x77, 0x2f, 0xff, 0xff, 0xff, 0xf1,
    0x0, 0x6c, 0x0, 0x2f, 0x0, 0x0, 0x2, 0xf1,
    0x0, 0x6c, 0x3, 0x2f, 0x0, 0x0, 0x2, 0xf1,
    0x0, 0x6c, 0x9f, 0x3f, 0x21, 0x11, 0x13, 0xf1,
    0x0, 0xaf, 0xc3, 0x2f, 0xff, 0xff, 0xff, 0xf1,
    0x0, 0x77, 0x0, 0x2f, 0x0, 0x0, 0x2, 0xf1,

    /* U+94BD "钽" */
    0x0, 0x21, 0x0, 0x0, 0x0, 0x0, 0x0, 0x0,
    0x0, 0xd, 0x70, 0x0, 0x55, 0x55, 0x55, 0x54,
    0x0, 0x3, 0xf1, 0x0, 0x2f, 0xbb, 0xbb, 0xbc,
    0xe0, 0x0, 0x9f, 0xff, 0xf2, 0xf0, 0x0, 0x0,
    0x4e, 0x0, 0x1f, 0x32, 0x22, 0x2f, 0x0, 0x0,
    0x4, 0xe0, 0x7, 0xb3, 0x33, 0x22, 0xf0, 0x0,
    0x0, 0x4e, 0x0, 0x19, 0xef, 0xd8, 0x2f, 0xff,
    0xff, 0xff, 0xe0, 0x0, 0x7, 0xb0, 0x2, 0xf2,
    0x11, 0x11, 0x5e, 0x0, 0x0, 0x7b, 0x0, 0x2f,
    0x0, 0x0, 0x4, 0xe0, 0x6, 0xef, 0xfe, 0xe2,
    0xf0, 0x0, 0x0, 0x4e, 0x0, 0x14, 0x9c, 0x44,
    0x2f, 0x55, 0x55, 0x57, 0xe0, 0x0, 0x7, 0xb0,
    0x2, 0xfc, 0xcc, 0xcc, 0xde, 0x0, 0x0, 0x7b,
    0x6, 0x18, 0x0, 0x0, 0x2, 0x70, 0x0, 0x9,
    0xee, 0xa0, 0x0, 0x0, 0x0, 0x0, 0x0, 0x0,
    0xcd, 0x45, 0xee, 0xee, 0xee, 0xee, 0xee, 0x10,
    0x1, 0x0, 0x13, 0x33, 0x33, 0x33, 0x33, 0x30,

    /* U+94BF "钿" */
    0x0, 0x10, 0x0, 0x0, 0x0, 0x0, 0x0, 0x0,
    0x0, 0xd6, 0x0, 0x0, 0x0, 0x0, 0x0, 0x0,
    0x2, 0xf1, 0x0, 0x9f, 0xff, 0xff, 0xff, 0xf3,
    0x8, 0xff, 0xf9, 0xa9, 0x33, 0xf6, 0x33, 0xf3,
    0x1f, 0x31, 0x11, 0xa8, 0x0, 0xe3, 0x0, 0xf3,
    0x7b, 0x22, 0x20, 0xa8, 0x0, 0xe3, 0x0, 0xf3,
    0x1b, 0xff, 0xf2, 0xa8, 0x0, 0xe3, 0x0, 0xf3,
    0x0, 0xa8, 0x0, 0xaa, 0x44, 0xf7, 0x44, 0xf3,
    0x1, 0xa9, 0x11, 0xae, 0xdd, 0xfd, 0xdd, 0xf3,
    0x2f, 0xff, 0xfc, 0xa8, 0x0, 0xe3, 0x0, 0xf3,
    0x0, 0xa8, 0x0, 0xa8, 0x0, 0xe3, 0x0, 0xf3,
    0x0, 0xa8, 0x0, 0xa8, 0x0, 0xe3, 0x0, 0xf3,
    0x0, 0xa8, 0x0, 0xa8, 0x0, 0xe3, 0x0, 0xf3,
    0x0, 0xa9, 0x96, 0xaa, 0x55, 0xf7, 0x55, 0xf3,
    0x0, 0xdf, 0xc3, 0xae, 0xdd, 0xdd, 0xdd, 0xf3,
    0x0, 0x85, 0x0, 0xa8, 0x0, 0x0, 0x0, 0xf3,
    0x0, 0x0, 0x0, 0x0, 0x0, 0x0, 0x0, 0x0,

    /* U+94C4 "铄" */
    0x0, 0x20, 0x0, 0x0, 0x0, 0x0, 0x0, 0x0,
    0x0, 0xe, 0x40, 0x0, 0x47, 0x78, 0x9a, 0xbc,
    0x20, 0x4, 0xe0, 0x0, 0xc, 0xc9, 0x87, 0x65,
    0x41, 0x0, 0xbf, 0xff, 0xe0, 0xe5, 0x0, 0x0,
    0x0, 0x0, 0x4f, 0x32, 0x21, 0xf, 0x30, 0x4d,
    0x0, 0x0, 0xb, 0x80, 0x0, 0x2, 0xf1, 0x4,
    0xe0, 0x0, 0x0, 0x29, 0xff, 0xf9, 0x4f, 0x0,
    0x4e, 0x0, 0x0, 0x0, 0x17, 0xd2, 0x16, 0xe3,
    0x36, 0xe3, 0x33, 0x20, 0x0, 0x5c, 0x0, 0x6d,
    0xdd, 0xef, 0xdd, 0xd9, 0x6, 0xff, 0xff, 0xf1,
    0x0, 0x4, 0xe0, 0x0, 0x0, 0x2, 0x7d, 0x22,
    0x2, 0xd0, 0x4e, 0xc, 0x30, 0x0, 0x5, 0xc0,
    0x0, 0xaa, 0x4, 0xe0, 0x9c, 0x0, 0x0, 0x5c,
    0x1a, 0x2f, 0x20, 0x4e, 0x1, 0xf4, 0x0, 0x6,
    0xee, 0xdc, 0x90, 0x4, 0xe0, 0x9, 0xc0, 0x0,
    0xaf, 0x82, 0xd2, 0x32, 0x9d, 0x0, 0x29, 0x0,
    0x3, 0x30, 0x0, 0xf, 0xff, 0x50, 0x0, 0x0,
    0x0, 0x0, 0x0, 0x0, 0x0, 0x0, 0x0, 0x0,
    0x0,

    /* U+94C8 "铈" */
    0x0, 0x40, 0x0, 0x0, 0x0, 0x41, 0x0, 0x0,
    0x1, 0xf1, 0x0, 0x0, 0x0, 0xba, 0x0, 0x0,
    0x5, 0xe4, 0x44, 0x0, 0x0, 0x2d, 0x0, 0x0,
    0xa, 0xdc, 0xcb, 0x9f, 0xff, 0xff, 0xff, 0xf9,
    0x2f, 0x10, 0x0, 0x12, 0x22, 0x6c, 0x22, 0x21,
    0x8b, 0x33, 0x30, 0x0, 0x0, 0x5c, 0x0, 0x0,
    0x2a, 0xfe, 0xd3, 0x3e, 0xee, 0xff, 0xee, 0xe2,
    0x0, 0x98, 0x0, 0x3e, 0x22, 0x7d, 0x22, 0xe2,
    0x0, 0x98, 0x0, 0x3e, 0x0, 0x5c, 0x0, 0xe2,
    0x4f, 0xff, 0xfc, 0x3e, 0x0, 0x5c, 0x0, 0xe2,
    0x1, 0x99, 0x11, 0x3e, 0x0, 0x5c, 0x0, 0xe2,
    0x0, 0x98, 0x0, 0x3e, 0x0, 0x5c, 0x0, 0xe2,
    0x0, 0x98, 0x3, 0x3e, 0x0, 0x5c, 0x57, 0xf1,
    0x0, 0x9a, 0xdb, 0x3e, 0x0, 0x5c, 0x7c, 0x70,
    0x0, 0xdf, 0x80, 0x0, 0x0, 0x5c, 0x0, 0x0,
    0x0, 0x73, 0x0, 0x0, 0x0, 0x5c, 0x0, 0x0,

    /* U+94C9 "铉" */
    0x0, 0x20, 0x0, 0x0, 0x0, 0x20, 0x0, 0x0,
    0x0, 0xe5, 0x0, 0x0, 0x2, 0xf3, 0x0, 0x0,
    0x3, 0xf0, 0x0, 0x0, 0x0, 0x9b, 0x0, 0x0,
    0x8, 0xfe, 0xed, 0x9f, 0xff, 0xff, 0xff, 0xfe,
    0xe, 0x63, 0x33, 0x12, 0x2d, 0x92, 0x22, 0x21,
    0x7c, 0x0, 0x0, 0x0, 0x5e, 0x10, 0x4, 0x0,
    0x7a, 0xff, 0xf6, 0x1, 0xe5, 0x0, 0x5f, 0x40,
    0x0, 0x8a, 0x0, 0xa, 0xb0, 0x1, 0xe8, 0x0,
    0x0, 0x8a, 0x0, 0x4f, 0xaa, 0xad, 0xb0, 0x0,
    0x8f, 0xff, 0xfe, 0x28, 0x76, 0xce, 0x10, 0x0,
    0x12, 0x9b, 0x21, 0x0, 0x4, 0xf3, 0x34, 0x0,
    0x0, 0x8a, 0x0, 0x0, 0x2e, 0x60, 0x6e, 0x0,
    0x0, 0x8a, 0x39, 0x0, 0xd9, 0x0, 0xe, 0x60,
    0x0, 0x8d, 0xf6, 0x1c, 0xc0, 0x1, 0x29, 0xe0,
    0x0, 0xbf, 0x50, 0x6f, 0xff, 0xff, 0xed, 0xf5,
    0x0, 0x85, 0x0, 0x14, 0x31, 0x0, 0x0, 0x8a,
    0x0, 0x0, 0x0, 0x0, 0x0, 0x0, 0x0, 0x0,

    /* U+94CA "铊" */
    0x0, 0x20, 0x0, 0x0, 0x0, 0x30, 0x0, 0x0,
    0x0, 0xe5, 0x0, 0x0, 0x1, 0xf3, 0x0, 0x0,
    0x4, 0xf0, 0x0, 0x13, 0x33, 0xba, 0x33, 0x31,
    0xb, 0xff, 0xfd, 0x7f, 0xee, 0xee, 0xee, 0xf5,
    0x4f, 0x32, 0x21, 0x7d, 0x0, 0x0, 0x0, 0xd5,
    0xa8, 0x0, 0x0, 0x6a, 0x0, 0x0, 0x0, 0x83,
    0x28, 0xdd, 0xd7, 0x4, 0xd0, 0x0, 0x3, 0x0,
    0x2, 0x8c, 0x32, 0x4, 0xe0, 0x0, 0x6f, 0x60,
    0x0, 0x6c, 0x0, 0x4, 0xe0, 0x1a, 0xf6, 0x0,
    0x6d, 0xef, 0xdd, 0x4, 0xe6, 0xed, 0x30, 0x0,
    0x14, 0x8d, 0x44, 0x4, 0xfe, 0x60, 0x0, 0x20,
    0x0, 0x6c, 0x0, 0x4, 0xe1, 0x0, 0x0, 0xf3,
    0x0, 0x6c, 0x2, 0x4, 0xe0, 0x0, 0x0, 0xf2,
    0x0, 0x6c, 0x6f, 0x4, 0xe0, 0x0, 0x2, 0xf0,
    0x0, 0x8f, 0xf7, 0x3, 0xf5, 0x33, 0x3a, 0xd0,
    0x0, 0xbc, 0x20, 0x0, 0xbf, 0xff, 0xfd, 0x30,
    0x0, 0x10, 0x0, 0x0, 0x0, 0x0, 0x0, 0x0,

    /* U+94CB "铋" */
    0x0, 0x13, 0x0, 0x0, 0x1, 0x20, 0x0, 0x0,
    0x0, 0x8, 0xc0, 0x0, 0x0, 0x8d, 0x0, 0x0,
    0x0, 0x0, 0xe6, 0x11, 0x0, 0x0, 0xd8, 0xa,
    0x50, 0x0, 0x4f, 0xff, 0xf2, 0x5, 0xb4, 0xe1,
    0xf4, 0x0, 0xd, 0x70, 0x0, 0x0, 0x6c, 0x0,
    0x5f, 0x0, 0x4, 0xe0, 0x0, 0x0, 0x6, 0xc0,
    0xb, 0xa0, 0x0, 0x9, 0xff, 0xfb, 0x48, 0x6c,
    0x2, 0xf4, 0x80, 0x0, 0x4, 0xf2, 0x17, 0xa6,
    0xc0, 0xad, 0xf, 0x40, 0x0, 0x3f, 0x0, 0xa7,
    0x6c, 0x2f, 0x50, 0xa9, 0x3, 0xee, 0xfe, 0xdd,
    0x56, 0xcc, 0xc0, 0x7, 0xc0, 0x2, 0x5f, 0x22,
    0xc2, 0x6f, 0xf3, 0x1, 0x38, 0x0, 0x3, 0xf0,
    0x0, 0x6, 0xf7, 0x0, 0xa8, 0x0, 0x0, 0x3f,
    0x9, 0x31, 0xed, 0x0, 0xa, 0x80, 0x0, 0x3,
    0xfc, 0xd3, 0xdf, 0xc0, 0x0, 0xc6, 0x0, 0x0,
    0x7f, 0x94, 0xed, 0x6f, 0x32, 0x4f, 0x30, 0x0,
    0x4, 0x70, 0x5b, 0x0, 0xbf, 0xfe, 0x80, 0x0,
    0x0, 0x0, 0x0, 0x0, 0x0, 0x0, 0x0, 0x0,
    0x0,

    /* U+94CC "铌" */
    0x0, 0x20, 0x0, 0x0, 0x0, 0x0, 0x0, 0x0,
    0x0, 0xd7, 0x0, 0x17, 0x77, 0x77, 0x77, 0x70,
    0x3, 0xf1, 0x0, 0x4e, 0xaa, 0xaa, 0xaa, 0xf0,
    0x9, 0xff, 0xff, 0x4d, 0x0, 0x0, 0x2, 0xf0,
    0x1f, 0x31, 0x11, 0x4d, 0x0, 0x0, 0x2, 0xf0,
    0x8a, 0x11, 0x10, 0x4e, 0x99, 0x99, 0x9a, 0xf0,
    0x2c, 0xff, 0xfc, 0x4e, 0x88, 0x88, 0x89, 0xf0,
    0x0, 0x7b, 0x0, 0x4d, 0x2, 0x0, 0x0, 0x10,
    0x0, 0x7b, 0x0, 0x4c, 0xe, 0x40, 0x4, 0x70,
    0x6f, 0xff, 0xff, 0x6c, 0xe, 0x40, 0x8f, 0x80,
    0x2, 0x8c, 0x22, 0x5b, 0xe, 0x8e, 0xc3, 0x0,
    0x0, 0x7b, 0x0, 0x79, 0xe, 0xe6, 0x0, 0x38,
    0x0, 0x7b, 0x4, 0xa7, 0xe, 0x40, 0x0, 0x5d,
    0x0, 0x7c, 0x9f, 0xe3, 0xe, 0x40, 0x0, 0x6c,
    0x0, 0xaf, 0xb7, 0xe0, 0xd, 0x81, 0x11, 0xb9,
    0x0, 0x97, 0xb, 0x80, 0x6, 0xef, 0xff, 0xd2,
    0x0, 0x0, 0x1, 0x10, 0x0, 0x0, 0x0, 0x0,

    /* U+94CD "铍" */
    0x0, 0x10, 0x0, 0x0, 0x0, 0x4, 0x0, 0x0,
    0x0, 0xb9, 0x0, 0x0, 0x0, 0x1f, 0x10, 0x0,
    0x1, 0xf2, 0x0, 0x2, 0x22, 0x2f, 0x32, 0x21,
    0x8, 0xff, 0xfe, 0x3f, 0xff, 0xff, 0xff, 0xfb,
    0x1f, 0x32, 0x21, 0x3e, 0x0, 0x1f, 0x10, 0x7a,
    0x7a, 0x22, 0x20, 0x3e, 0x0, 0x1f, 0x10, 0x67,
    0x2c, 0xff, 0xf6, 0x3e, 0x0, 0x1f, 0x10, 0x0,
    0x0, 0xa8, 0x0, 0x3f, 0xee, 0xef, 0xee, 0xd0,
    0x2, 0xa9, 0x21, 0x3e, 0x5f, 0x22, 0x27, 0xc0,
    0x6f, 0xff, 0xfd, 0x4e, 0xf, 0x30, 0xc, 0x60,
    0x0, 0xa8, 0x0, 0x5c, 0xa, 0x90, 0x3f, 0x0,
    0x0, 0xa8, 0x10, 0x8a, 0x3, 0xf4, 0xd7, 0x0,
    0x0, 0xa9, 0xd4, 0xd6, 0x0, 0x9f, 0xd0, 0x0,
    0x0, 0xbf, 0x94, 0xf1, 0x1, 0xbf, 0xe4, 0x0,
    0x0, 0xe9, 0xc, 0x90, 0x7e, 0xc2, 0x9f, 0xb4,
    0x0, 0x20, 0x4e, 0x1b, 0xf7, 0x0, 0x4, 0xd7,
    0x0, 0x0, 0x1, 0x2, 0x10, 0x0, 0x0, 0x0,

    /* U+94CE "铎" */
    0x0, 0x10, 0x0, 0x0, 0x0, 0x0, 0x0, 0x0,
    0x0, 0xd, 0x60, 0x0, 0x88, 0x88, 0x88, 0x88,
    0x20, 0x2, 0xf1, 0x0, 0x9, 0xf9, 0x99, 0x9a,
    0xf3, 0x0, 0x8f, 0xff, 0xf3, 0xa, 0x90, 0x0,
    0xb9, 0x0, 0x1f, 0x31, 0x11, 0x0, 0x1d, 0x81,
    0xbc, 0x0, 0x7, 0xb2, 0x22, 0x0, 0x0, 0x2f,
    0xfc, 0x0, 0x0, 0x1b, 0xff, 0xf6, 0x15, 0x9f,
    0xc8, 0xed, 0x85, 0x0, 0x9, 0x80, 0xc, 0xd8,
    0x31, 0x70, 0x59, 0xb0, 0x4, 0xba, 0x44, 0x0,
    0x0, 0x3e, 0x0, 0x0, 0x2, 0xce, 0xec, 0xb0,
    0xff, 0xff, 0xff, 0xff, 0x70, 0x0, 0x98, 0x0,
    0x2, 0x22, 0x5e, 0x22, 0x21, 0x0, 0x9, 0x80,
    0x0, 0x0, 0x3, 0xe0, 0x0, 0x0, 0x0, 0x98,
    0x4, 0xaf, 0xff, 0xff, 0xff, 0xff, 0x0, 0x9,
    0xbc, 0xe1, 0x22, 0x25, 0xe2, 0x22, 0x20, 0x0,
    0xef, 0x91, 0x0, 0x0, 0x3e, 0x0, 0x0, 0x0,
    0x6, 0x30, 0x0, 0x0, 0x3, 0xe0, 0x0, 0x0,

    /* U+94D0 "铐" */
    0x0, 0x20, 0x0, 0x0, 0x3, 0x0, 0x0, 0x0,
    0x0, 0xe5, 0x0, 0x0, 0xe, 0x30, 0x0, 0x10,
    0x3, 0xe0, 0x0, 0x15, 0x5f, 0x75, 0x33, 0xf1,
    0x9, 0xff, 0xfd, 0x2b, 0xbf, 0xcb, 0x7d, 0x90,
    0x1f, 0x21, 0x11, 0x0, 0xe, 0x30, 0x9d, 0x0,
    0x8b, 0x11, 0x10, 0x77, 0x7f, 0x99, 0xf9, 0x76,
    0x2b, 0xff, 0xf2, 0xaa, 0xaa, 0xee, 0xaa, 0xa9,
    0x0, 0x89, 0x0, 0x0, 0x1a, 0xc2, 0x0, 0x0,
    0x1, 0x8a, 0x10, 0x6, 0xef, 0xff, 0xff, 0xf3,
    0x4f, 0xff, 0xfd, 0xdd, 0xac, 0x11, 0x11, 0x10,
    0x0, 0x89, 0x0, 0x50, 0xb7, 0x0, 0x0, 0x0,
    0x0, 0x89, 0x0, 0x0, 0xdf, 0xff, 0xff, 0x80,
    0x0, 0x89, 0x5, 0x0, 0x11, 0x11, 0x1b, 0x70,
    0x0, 0x8a, 0xbf, 0x0, 0x0, 0x0, 0xc, 0x60,
    0x0, 0xbf, 0xc2, 0x0, 0x4, 0x32, 0x5f, 0x20,
    0x0, 0xb7, 0x0, 0x0, 0xf, 0xff, 0xe7, 0x0,
    0x0, 0x0, 0x0, 0x0, 0x0, 0x0, 0x0, 0x0,

    /* U+94D1 "铑" */
    0x0, 0x0, 0x0, 0x0, 0x0, 0x0, 0x0, 0x0,
    0x0, 0xc, 0x40, 0x0, 0x0, 0xa6, 0x0, 0x0,
    0x0, 0x2, 0xf0, 0x0, 0x0, 0xb, 0x70, 0x0,
    0x2, 0x0, 0x8f, 0xee, 0x82, 0xff, 0xff, 0xff,
    0x1a, 0xc0, 0x1e, 0x32, 0x21, 0x1, 0x1b, 0x71,
    0x15, 0xf2, 0x8, 0xa0, 0x0, 0x0, 0x0, 0xb7,
    0x3, 0xf5, 0x0, 0x4b, 0xff, 0xf6, 0x44, 0x4c,
    0x94, 0xeb, 0x43, 0x0, 0x19, 0xa2, 0x1d, 0xdd,
    0xdf, 0xfd, 0xdd, 0xb0, 0x0, 0x89, 0x0, 0x0,
    0x1a, 0xe4, 0x0, 0x0, 0x4, 0xff, 0xff, 0xe1,
    0x7f, 0xa1, 0x0, 0x64, 0x0, 0x1, 0x8a, 0x1a,
    0xfe, 0xf0, 0x28, 0xed, 0x60, 0x0, 0x8, 0x90,
    0x95, 0x2f, 0xcf, 0xa4, 0x3, 0x0, 0x0, 0x89,
    0x3, 0x2, 0xf6, 0x0, 0x0, 0xd5, 0x0, 0x8,
    0xa9, 0xf0, 0x1f, 0x0, 0x0, 0xf, 0x30, 0x0,
    0xbf, 0xc2, 0x0, 0xf4, 0x11, 0x16, 0xf0, 0x0,
    0xb, 0x80, 0x0, 0x7, 0xff, 0xff, 0xe6, 0x0,
    0x0, 0x0, 0x0, 0x0, 0x0, 0x0, 0x0, 0x0,
    0x0,

    /* U+94D2 "铒" */
    0x0, 0x21, 0x0, 0x0, 0x0, 0x0, 0x0, 0x0,
    0x0, 0xb9, 0x0, 0x33, 0x33, 0x33, 0x33, 0x31,
    0x2, 0xf2, 0x2, 0xcf, 0xdc, 0xcc, 0xdf, 0xc5,
    0x9, 0xff, 0xfd, 0xe, 0x30, 0x0, 0x3f, 0x0,
    0x3f, 0x32, 0x21, 0xe, 0x30, 0x0, 0x3f, 0x0,
    0xa9, 0x22, 0x20, 0xe, 0xcb, 0xbb, 0xcf, 0x0,
    0x29, 0xff, 0xf6, 0xe, 0x75, 0x55, 0x7f, 0x0,
    0x0, 0x89, 0x0, 0xe, 0x30, 0x0, 0x3f, 0x0,
    0x0, 0x89, 0x0, 0xe, 0x75, 0x55, 0x7f, 0x0,
    0xaf, 0xff, 0xff, 0xe, 0xba, 0xaa, 0xbf, 0x0,
    0x1, 0x9a, 0x11, 0xe, 0x30, 0x0, 0x3f, 0x0,
    0x0, 0x89, 0x0, 0xe, 0x30, 0x0, 0x4f, 0x55,
    0x0, 0x89, 0x17, 0x7f, 0xbc, 0xdf, 0xff, 0xb6,
    0x0, 0x8c, 0xe7, 0xa9, 0x64, 0x21, 0x3f, 0x0,
    0x0, 0xde, 0x40, 0x0, 0x0, 0x0, 0x3f, 0x0,
    0x0, 0x51, 0x0, 0x0, 0x0, 0x0, 0x3f, 0x0,

    /* U+94D5 "铕" */
    0x0, 0x20, 0x0, 0x0, 0x0, 0x40, 0x0, 0x0,
    0x1, 0xf2, 0x0, 0x0, 0x4, 0xf0, 0x0, 0x0,
    0x5, 0xd0, 0x0, 0x24, 0x4a, 0xc4, 0x44, 0x43,
    0xa, 0xff, 0xff, 0x6d, 0xdf, 0xdd, 0xdd, 0xdb,
    0x2f, 0x21, 0x11, 0x0, 0x8c, 0x0, 0x0, 0x0,
    0x9a, 0x0, 0x0, 0x2, 0xf9, 0x55, 0x55, 0x40,
    0x2b, 0xff, 0xf5, 0xc, 0xfc, 0xcc, 0xcc, 0xf0,
    0x0, 0x7a, 0x0, 0xbe, 0xf0, 0x0, 0x2, 0xf0,
    0x0, 0x7a, 0x4, 0xf4, 0xf7, 0x77, 0x78, 0xf0,
    0x6f, 0xff, 0xfe, 0x11, 0xf8, 0x88, 0x89, 0xf0,
    0x1, 0x8a, 0x11, 0x1, 0xf0, 0x0, 0x2, 0xf0,
    0x0, 0x7a, 0x0, 0x1, 0xfc, 0xcc, 0xcc, 0xf0,
    0x0, 0x7a, 0x7, 0x1, 0xf5, 0x44, 0x46, 0xf0,
    0x0, 0x7c, 0xce, 0x11, 0xf0, 0x0, 0x2, 0xf0,
    0x0, 0xbf, 0xa1, 0x1, 0xf0, 0x2, 0x47, 0xe0,
    0x0, 0x75, 0x0, 0x1, 0xf0, 0x4, 0xed, 0x60,

    /* U+94D6 "铖" */
    0x0, 0x0, 0x0, 0x0, 0x0, 0x0, 0x0, 0x0,
    0x0, 0x2, 0xe0, 0x0, 0x0, 0x0, 0x2f, 0x3b,
    0x10, 0x0, 0x7c, 0x0, 0x0, 0x0, 0x2, 0xf0,
    0xad, 0x0, 0xc, 0xda, 0xa2, 0x33, 0x33, 0x5f,
    0x33, 0x62, 0x3, 0xf7, 0x77, 0x3f, 0xee, 0xee,
    0xfe, 0xee, 0xa0, 0xa9, 0x0, 0x2, 0xf0, 0x0,
    0x1f, 0x10, 0x0, 0xc, 0xbf, 0xfc, 0x2f, 0x0,
    0x0, 0xf2, 0x2, 0x0, 0x10, 0xd4, 0x12, 0xfe,
    0xed, 0xf, 0x20, 0xf4, 0x0, 0xd, 0x30, 0x2f,
    0x34, 0xf0, 0xe4, 0x6d, 0x0, 0xef, 0xff, 0xf5,
    0xf0, 0x2e, 0xd, 0x5e, 0x60, 0x1, 0x2d, 0x52,
    0x3e, 0x2, 0xe0, 0xbd, 0xd0, 0x0, 0x0, 0xd3,
    0x4, 0xd0, 0x3e, 0x9, 0xf4, 0x0, 0x0, 0xd,
    0x4d, 0x8b, 0x59, 0xc0, 0xbe, 0x5, 0xb0, 0x0,
    0xde, 0x8c, 0x7d, 0xc4, 0x9d, 0xf2, 0x6b, 0x0,
    0x1f, 0x93, 0xf1, 0x0, 0xad, 0x1a, 0xcc, 0x90,
    0x0, 0x70, 0x89, 0x0, 0x2c, 0x20, 0x1b, 0xe2,
    0x0, 0x0, 0x0, 0x0, 0x0, 0x0, 0x0, 0x0,
    0x0,

    /* U+94D7 "铗" */
    0x0, 0x3, 0x0, 0x0, 0x0, 0x3, 0x0, 0x0,
    0x0, 0x1, 0xf3, 0x0, 0x0, 0x1, 0xf0, 0x0,
    0x0, 0x0, 0x6d, 0x0, 0x0, 0x0, 0x2f, 0x0,
    0x0, 0x0, 0xd, 0xff, 0xf5, 0xef, 0xff, 0xff,
    0xff, 0xe0, 0x6, 0xf2, 0x11, 0x2, 0x22, 0x4f,
    0x22, 0x22, 0x0, 0xe9, 0x11, 0x10, 0x68, 0x2,
    0xf0, 0x9, 0x80, 0x5, 0xcf, 0xff, 0x52, 0xf5,
    0x3f, 0x6, 0xf2, 0x0, 0x0, 0xa8, 0x0, 0x6,
    0x73, 0xf0, 0xa4, 0x0, 0x0, 0xa, 0x80, 0x1,
    0x11, 0x5e, 0x11, 0x11, 0x0, 0xdf, 0xff, 0xf8,
    0xff, 0xff, 0xff, 0xff, 0xf6, 0x1, 0x1b, 0x81,
    0x0, 0x0, 0xbf, 0x60, 0x0, 0x0, 0x0, 0xa8,
    0x1, 0x0, 0x2f, 0x6d, 0x0, 0x0, 0x0, 0xa,
    0x8b, 0x70, 0xc, 0x90, 0xd9, 0x0, 0x0, 0x0,
    0xbf, 0xa0, 0xb, 0xd0, 0x3, 0xf8, 0x0, 0x0,
    0xe, 0x90, 0x4d, 0xc1, 0x0, 0x4, 0xfc, 0x20,
    0x0, 0x20, 0xb, 0x90, 0x0, 0x0, 0x3, 0xc2,
    0x0, 0x0, 0x0, 0x0, 0x0, 0x0, 0x0, 0x0,
    0x0,

    /* U+94D8 "铘" */
    0x1, 0x10, 0x0, 0x0, 0x0, 0x0, 0x0, 0x0,
    0x6, 0xb0, 0x4, 0x66, 0x66, 0x36, 0x66, 0x62,
    0xa, 0x70, 0x7, 0xaa, 0xfb, 0x4e, 0xba, 0xf4,
    0xe, 0xff, 0xe0, 0x10, 0xe2, 0xe, 0x21, 0xf1,
    0x3e, 0x22, 0x14, 0xc0, 0xe2, 0xe, 0x27, 0xb0,
    0x98, 0x0, 0x6, 0x90, 0xe2, 0xe, 0x2d, 0x50,
    0x5c, 0xff, 0x99, 0x70, 0xe2, 0xe, 0x5f, 0x0,
    0x0, 0xf2, 0xa, 0xdc, 0xfc, 0x6e, 0x5e, 0x40,
    0x0, 0xf1, 0x2, 0x49, 0xf5, 0x2e, 0x25, 0xe0,
    0x8f, 0xff, 0xf0, 0xd, 0xf2, 0xe, 0x20, 0xc6,
    0x12, 0xf3, 0x20, 0x87, 0xe2, 0xe, 0x20, 0x7a,
    0x0, 0xf1, 0x5, 0xe0, 0xe2, 0xe, 0x20, 0x7b,
    0x0, 0xf1, 0x1f, 0x40, 0xe2, 0xe, 0x79, 0xe8,
    0x0, 0xf7, 0xa2, 0x0, 0xe2, 0xe, 0x6a, 0x70,
    0x3, 0xfd, 0x50, 0x12, 0xf1, 0xe, 0x20, 0x0,
    0x2, 0x80, 0x0, 0xaf, 0xc0, 0xe, 0x20, 0x0,
    0x0, 0x0, 0x0, 0x0, 0x0, 0x0, 0x0, 0x0,

    /* U+94D9 "铙" */
    0x0, 0x20, 0x0, 0x0, 0x30, 0x0, 0x0, 0x0,
    0x1, 0xf2, 0x0, 0x3, 0xf0, 0x0, 0x0, 0x0,
    0x6, 0xd0, 0x0, 0x0, 0xe6, 0x69, 0xcf, 0x60,
    0xc, 0xff, 0xf7, 0xbe, 0xff, 0xb8, 0x52, 0x0,
    0x5f, 0x32, 0x22, 0x74, 0x3f, 0x20, 0xaa, 0x0,
    0xdb, 0x22, 0x20, 0x0, 0xa, 0xcd, 0xb1, 0x52,
    0x3b, 0xff, 0xf0, 0x0, 0x2a, 0xfd, 0x0, 0xc5,
    0x0, 0xc5, 0x0, 0x5b, 0xfa, 0x5e, 0xc6, 0xf1,
    0x0, 0xc5, 0x2, 0xe8, 0x20, 0x1, 0x9d, 0x70,
    0xbd, 0xfd, 0xd2, 0x22, 0x22, 0x22, 0x22, 0x20,
    0x45, 0xd8, 0x57, 0xff, 0xff, 0xff, 0xff, 0xf1,
    0x0, 0xc5, 0x0, 0x5, 0xc0, 0xf, 0x20, 0x0,
    0x0, 0xc5, 0x31, 0x8, 0xa0, 0xf, 0x20, 0x73,
    0x0, 0xca, 0xe2, 0x1e, 0x40, 0xf, 0x20, 0xb6,
    0x1, 0xfe, 0x33, 0xda, 0x0, 0xf, 0x52, 0xe4,
    0x0, 0xa1, 0x5f, 0x90, 0x0, 0x8, 0xff, 0xc0,
    0x0, 0x0, 0x2, 0x0, 0x0, 0x0, 0x0, 0x0,

    /* U+94DB "铛" */
    0x0, 0x0, 0x0, 0x0, 0x0, 0x0, 0x0, 0x0,
    0x0, 0xd4, 0x0, 0x0, 0x0, 0xc4, 0x0, 0x0,
    0x2, 0xf2, 0x11, 0x98, 0x0, 0xe4, 0x0, 0xb6,
    0x8, 0xff, 0xff, 0x4f, 0x20, 0xe4, 0x4, 0xe1,
    0xe, 0x30, 0x0, 0xb, 0xa0, 0xe4, 0xd, 0x70,
    0x7c, 0x0, 0x0, 0x3, 0x80, 0xe4, 0x1b, 0x0,
    0x7b, 0xcc, 0xc6, 0x24, 0x44, 0xe7, 0x44, 0x41,
    0x2, 0x9d, 0x42, 0x5c, 0xcc, 0xcc, 0xcc, 0xf4,
    0x0, 0x6b, 0x0, 0x0, 0x0, 0x0, 0x0, 0xe4,
    0x5d, 0xef, 0xdb, 0x0, 0x0, 0x0, 0x0, 0xe4,
    0x1, 0x7c, 0x11, 0x2f, 0xff, 0xff, 0xff, 0xf4,
    0x0, 0x6b, 0x0, 0x2, 0x22, 0x22, 0x22, 0xe4,
    0x0, 0x6b, 0x6, 0x0, 0x0, 0x0, 0x0, 0xe4,
    0x0, 0x7d, 0xdc, 0x0, 0x0, 0x0, 0x0, 0xe4,
    0x0, 0xcf, 0x80, 0xcf, 0xff, 0xff, 0xff, 0xf4,
    0x0, 0x64, 0x0, 0x12, 0x22, 0x22, 0x22, 0xe4,

    /* U+94DE "铞" */
    0x0, 0x30, 0x0, 0x0, 0x0, 0x0, 0x0, 0x0,
    0x1f, 0x30, 0xa, 0xbb, 0xbb, 0xbb, 0xb2, 0x5,
    0xe0, 0x0, 0xd8, 0x55, 0x55, 0x5f, 0x30, 0xaf,
    0xff, 0x3d, 0x40, 0x0, 0x0, 0xe3, 0x2f, 0x41,
    0x10, 0xd4, 0x0, 0x0, 0xe, 0x3a, 0xb0, 0x0,
    0xd, 0xa8, 0x88, 0x88, 0xf3, 0xb9, 0xff, 0xf0,
    0xdb, 0x9a, 0xf9, 0x9f, 0x31, 0xb, 0x70, 0x3,
    0x10, 0x3e, 0x0, 0x30, 0x0, 0xb7, 0x1, 0x66,
    0x68, 0xf6, 0x66, 0x4e, 0xff, 0xff, 0x7e, 0xbb,
    0xcf, 0xbb, 0xdc, 0x11, 0xb7, 0x15, 0xb0, 0x3,
    0xe0, 0x5, 0xc0, 0xb, 0x70, 0x5b, 0x0, 0x3e,
    0x0, 0x5c, 0x0, 0xb7, 0x6a, 0xb0, 0x3, 0xe0,
    0x5, 0xc0, 0xb, 0xde, 0x7b, 0x0, 0x3e, 0x22,
    0x9b, 0x0, 0xed, 0x14, 0x90, 0x3, 0xe9, 0xfe,
    0x40, 0x8, 0x10, 0x0, 0x0, 0x3e, 0x0, 0x0,

    /* U+94DF "铟" */
    0x0, 0x2, 0x0, 0x0, 0x0, 0x0, 0x0, 0x0,
    0x0, 0x1f, 0x30, 0x18, 0x88, 0x88, 0x88, 0x85,
    0x0, 0x5e, 0x0, 0x2f, 0x99, 0x99, 0x99, 0xca,
    0x0, 0xbf, 0xff, 0x6e, 0x0, 0x58, 0x0, 0x7a,
    0x2, 0xf4, 0x22, 0x3e, 0x0, 0x7a, 0x0, 0x7a,
    0xb, 0xc0, 0x0, 0x2e, 0x24, 0x9b, 0x44, 0x7a,
    0xc, 0xbf, 0xff, 0x5e, 0x8c, 0xee, 0xcc, 0x8a,
    0x1, 0xb, 0x81, 0x2e, 0x0, 0x97, 0x0, 0x7a,
    0x0, 0xa, 0x70, 0x2e, 0x0, 0xcc, 0x30, 0x7a,
    0xd, 0xff, 0xff, 0x8e, 0x1, 0xf9, 0xc0, 0x7a,
    0x1, 0x2b, 0x82, 0x3e, 0x9, 0xa0, 0xe5, 0x7a,
    0x0, 0xa, 0x70, 0x2e, 0x4f, 0x30, 0x7e, 0x7a,
    0x0, 0xa, 0x76, 0x8e, 0x77, 0x0, 0x6, 0x7a,
    0x0, 0xb, 0xde, 0x5e, 0x0, 0x0, 0x0, 0x7a,
    0x0, 0xd, 0xe2, 0x2f, 0xff, 0xff, 0xff, 0xfa,
    0x0, 0x8, 0x10, 0x2e, 0x11, 0x11, 0x11, 0x8a,

    /* U+94E0 "铠" */
    0x0, 0x51, 0x0, 0x0, 0x0, 0x30, 0x0, 0x0,
    0x0, 0xf, 0x20, 0x6, 0x60, 0xe, 0x30, 0xb,
    0x20, 0x3, 0xe3, 0x33, 0x88, 0x0, 0xe3, 0x0,
    0xe3, 0x0, 0x8e, 0xee, 0xc8, 0xc8, 0x8f, 0x98,
    0x8f, 0x30, 0xe, 0x20, 0x0, 0x49, 0x99, 0x99,
    0x99, 0xf3, 0x5, 0xd3, 0x33, 0x10, 0x0, 0x0,
    0x0, 0x2, 0x0, 0x7d, 0xff, 0xf6, 0x24, 0x44,
    0x44, 0x44, 0x40, 0x1, 0x19, 0xb2, 0x16, 0xcc,
    0xcc, 0xcc, 0xcf, 0x10, 0x0, 0x8a, 0x0, 0x0,
    0x0, 0x0, 0x0, 0xf1, 0x4, 0xde, 0xed, 0xc0,
    0x11, 0x11, 0x11, 0x2f, 0x10, 0x14, 0xab, 0x44,
    0x5f, 0xff, 0xff, 0xff, 0xf1, 0x0, 0x8, 0xa0,
    0x5, 0xc0, 0x0, 0x0, 0x6, 0x0, 0x0, 0x8a,
    0x7, 0x5c, 0x0, 0x0, 0x0, 0x3e, 0x0, 0x8,
    0xbb, 0xd6, 0xc0, 0x0, 0x0, 0x6, 0xc0, 0x0,
    0xaf, 0xb0, 0x3f, 0x42, 0x22, 0x23, 0xc8, 0x0,
    0xc, 0x90, 0x0, 0xbf, 0xff, 0xff, 0xfb, 0x10,
    0x0, 0x0, 0x0, 0x0, 0x0, 0x0, 0x0, 0x0,
    0x0,

    /* U+94E2 "铢" */
    0x0, 0x21, 0x0, 0x0, 0x0, 0x51, 0x0, 0x0,
    0x0, 0xa9, 0x0, 0x1, 0x0, 0xf3, 0x0, 0x0,
    0x1, 0xf3, 0x0, 0xa, 0x90, 0xf3, 0x0, 0x0,
    0x7, 0xfc, 0xcb, 0xe, 0x62, 0xf4, 0x22, 0x10,
    0x1e, 0x85, 0x55, 0x4f, 0xff, 0xff, 0xff, 0xc0,
    0x8d, 0x11, 0x10, 0xb9, 0x0, 0xf3, 0x0, 0x0,
    0x39, 0xff, 0xf9, 0xd2, 0x0, 0xf3, 0x0, 0x0,
    0x0, 0x6c, 0x0, 0x55, 0x55, 0xf7, 0x55, 0x52,
    0x0, 0x6c, 0x0, 0xbb, 0xbd, 0xfe, 0xbb, 0xb5,
    0x8f, 0xff, 0xff, 0x0, 0xb, 0xfe, 0x0, 0x0,
    0x0, 0x6c, 0x0, 0x0, 0x5a, 0xfa, 0x80, 0x0,
    0x0, 0x6c, 0x4, 0x2, 0xe1, 0xf3, 0xe4, 0x0,
    0x0, 0x6c, 0x9d, 0x1d, 0x60, 0xf3, 0x4e, 0x30,
    0x0, 0x8f, 0xc2, 0xd9, 0x0, 0xf3, 0x8, 0xe4,
    0x0, 0xab, 0x6, 0xb0, 0x0, 0xf3, 0x0, 0x98,
    0x0, 0x0, 0x0, 0x0, 0x0, 0xf3, 0x0, 0x0,

    /* U+94E4 "铤" */
    0x0, 0x40, 0x0, 0x0, 0x0, 0x0, 0x0, 0x0,
    0x4, 0xe0, 0x1, 0x22, 0x12, 0x44, 0x57, 0x80,
    0x8, 0x90, 0xb, 0xef, 0xa8, 0xdd, 0xfa, 0x91,
    0xd, 0xff, 0xf1, 0xd, 0x50, 0x4, 0xd0, 0x0,
    0x2e, 0x22, 0x20, 0x5e, 0x0, 0x4, 0xd0, 0x0,
    0x98, 0x0, 0x0, 0xc6, 0x0, 0x4, 0xd0, 0x0,
    0xdd, 0xff, 0xa4, 0xf2, 0x12, 0x47, 0xe4, 0x40,
    0x23, 0xe6, 0x26, 0xef, 0xd5, 0xcd, 0xfc, 0xb0,
    0x0, 0xe3, 0x0, 0x4, 0xc0, 0x4, 0xd0, 0x0,
    0xef, 0xff, 0xf7, 0x46, 0x90, 0x4, 0xd0, 0x0,
    0x11, 0xe4, 0x17, 0xbb, 0x70, 0x4, 0xd0, 0x0,
    0x0, 0xe3, 0x1, 0xff, 0x2d, 0xee, 0xfe, 0xe6,
    0x0, 0xe5, 0xa0, 0xae, 0x3, 0x33, 0x33, 0x31,
    0x0, 0xef, 0x80, 0xef, 0x80, 0x0, 0x0, 0x0,
    0x2, 0xf9, 0x9, 0xe6, 0xfc, 0x64, 0x33, 0x43,
    0x1, 0x90, 0x5f, 0x40, 0x29, 0xdf, 0xff, 0xf8,
    0x0, 0x0, 0x4, 0x0, 0x0, 0x0, 0x0, 0x0,

    /* U+94E5 "铥" */
    0x0, 0x20, 0x0, 0x0, 0x0, 0x0, 0x0, 0x0,
    0x0, 0xe5, 0x0, 0x23, 0x44, 0x45, 0x56, 0x40,
    0x2, 0xf1, 0x0, 0x6d, 0xdd, 0xfd, 0xba, 0x80,
    0x7, 0xff, 0xfe, 0x0, 0x0, 0xe4, 0x0, 0x0,
    0xe, 0x61, 0x11, 0x0, 0x0, 0xe4, 0x0, 0x0,
    0x6e, 0x22, 0x20, 0x49, 0x99, 0xfb, 0x99, 0x90,
    0x8a, 0xff, 0xf6, 0x48, 0x88, 0xfa, 0x88, 0x80,
    0x0, 0x99, 0x0, 0x0, 0x0, 0xe4, 0x0, 0x0,
    0x12, 0xa9, 0x21, 0x0, 0x0, 0xe4, 0x0, 0x0,
    0x9f, 0xff, 0xfc, 0xbf, 0xff, 0xff, 0xff, 0xf5,
    0x0, 0x99, 0x0, 0x12, 0x2e, 0x82, 0x42, 0x20,
    0x0, 0x99, 0x1, 0x0, 0x7d, 0x1, 0xf4, 0x0,
    0x0, 0x99, 0x5d, 0x2, 0xf4, 0x0, 0x8e, 0x0,
    0x0, 0x9d, 0xe3, 0x1d, 0x80, 0x0, 0x2f, 0x90,
    0x0, 0xde, 0x20, 0x9f, 0xde, 0xff, 0xfd, 0xf3,
    0x0, 0x72, 0x0, 0x26, 0x43, 0x10, 0x0, 0xb5,
    0x0, 0x0, 0x0, 0x0, 0x0, 0x0, 0x0, 0x0,

    /* U+94E7 "铧" */
    0x0, 0x10, 0x0, 0x0, 0x0, 0x0, 0x0, 0x0,
    0x0, 0xd5, 0x0, 0x0, 0xe3, 0x3e, 0x0, 0x0,
    0x3, 0xe0, 0x0, 0x6, 0xc0, 0x3e, 0x2, 0xc1,
    0xa, 0xff, 0xfe, 0xd, 0x50, 0x3e, 0x3e, 0x80,
    0x3f, 0x21, 0x11, 0x8f, 0x40, 0x3f, 0xf7, 0x0,
    0x99, 0x0, 0x3, 0xfe, 0x41, 0xaf, 0x40, 0x13,
    0x29, 0xdd, 0xd7, 0x6d, 0x7f, 0xce, 0x0, 0x5c,
    0x2, 0xab, 0x41, 0xd, 0x44, 0x2f, 0x10, 0x89,
    0x0, 0x8a, 0x0, 0xd, 0x40, 0xc, 0xff, 0xf3,
    0x2c, 0xee, 0xcb, 0x5, 0x10, 0xa2, 0x11, 0x0,
    0x15, 0xac, 0x54, 0x22, 0x22, 0xe5, 0x22, 0x21,
    0x0, 0x8a, 0x0, 0xff, 0xff, 0xff, 0xff, 0xfb,
    0x0, 0x8a, 0x1, 0x0, 0x0, 0xe3, 0x0, 0x0,
    0x0, 0x8b, 0x8e, 0x0, 0x0, 0xe3, 0x0, 0x0,
    0x0, 0xcf, 0xc3, 0x0, 0x0, 0xe3, 0x0, 0x0,
    0x0, 0x65, 0x0, 0x0, 0x0, 0xe3, 0x0, 0x0,

    /* U+94E8 "铨" */
    0x0, 0x0, 0x0, 0x0, 0x0, 0x0, 0x0, 0x0,
    0x0, 0xd2, 0x0, 0x0, 0x1, 0xd7, 0x0, 0x0,
    0x4, 0xe0, 0x0, 0x0, 0x9, 0xce, 0x10, 0x0,
    0xa, 0xff, 0xfb, 0x0, 0x5f, 0x19, 0xc0, 0x0,
    0x1f, 0x21, 0x11, 0x4, 0xf5, 0x0, 0xda, 0x0,
    0x9a, 0x0, 0x0, 0x4f, 0x70, 0x0, 0x2e, 0xc1,
    0x8a, 0xdd, 0xdb, 0xf9, 0x44, 0x44, 0x46, 0xda,
    0x2, 0x9c, 0x42, 0x38, 0xdd, 0xfd, 0xdd, 0x11,
    0x0, 0x7a, 0x0, 0x0, 0x0, 0xe5, 0x0, 0x0,
    0x8e, 0xff, 0xed, 0x0, 0x0, 0xe5, 0x0, 0x0,
    0x0, 0x8a, 0x0, 0x2f, 0xff, 0xff, 0xff, 0xc0,
    0x0, 0x7a, 0x1, 0x1, 0x11, 0xe6, 0x11, 0x10,
    0x0, 0x7a, 0x7d, 0x0, 0x0, 0xe5, 0x0, 0x0,
    0x0, 0x8f, 0xd2, 0x0, 0x0, 0xe5, 0x0, 0x0,
    0x0, 0xcc, 0x10, 0xce, 0xee, 0xfe, 0xee, 0xe5,
    0x0, 0x10, 0x0, 0x23, 0x33, 0x33, 0x33, 0x31,

    /* U+94E9 "铩" */
    0x0, 0x20, 0x0, 0x0, 0x0, 0x0, 0x0, 0x0,
    0x0, 0xc7, 0x0, 0x6, 0x40, 0x0, 0x5, 0xc0,
    0x2, 0xf1, 0x0, 0x6, 0xeb, 0x10, 0x7f, 0x50,
    0x8, 0xff, 0xfe, 0x0, 0x1a, 0xfb, 0xe3, 0x0,
    0x1f, 0x31, 0x11, 0x0, 0x5, 0xef, 0xd2, 0x0,
    0x8a, 0x11, 0x10, 0x4, 0xcf, 0x71, 0xbf, 0x60,
    0x3a, 0xff, 0xf6, 0x4f, 0x91, 0x26, 0x6, 0xf5,
    0x0, 0x8a, 0x0, 0x1, 0x0, 0x5d, 0x0, 0x20,
    0x0, 0x8a, 0x0, 0x58, 0x88, 0xbe, 0x88, 0x84,
    0x8f, 0xff, 0xfe, 0x58, 0x88, 0xbe, 0x88, 0x84,
    0x0, 0x8a, 0x0, 0x0, 0x40, 0x5d, 0x2, 0x0,
    0x0, 0x8a, 0x1, 0x6, 0xf1, 0x5d, 0xd, 0x70,
    0x0, 0x8a, 0x4b, 0x1e, 0x70, 0x5d, 0x4, 0xf1,
    0x0, 0x8d, 0xe4, 0xbc, 0x0, 0x5d, 0x0, 0xba,
    0x0, 0xcf, 0x40, 0x62, 0x32, 0xac, 0x0, 0x22,
    0x0, 0x74, 0x0, 0x0, 0xcf, 0xe5, 0x0, 0x0,

    /* U+94EA "铪" */
    0x0, 0x0, 0x0, 0x0, 0x0, 0x0, 0x0, 0x0,
    0x0, 0xb, 0x50, 0x0, 0x0, 0xb, 0xb0, 0x0,
    0x0, 0x2, 0xf0, 0x0, 0x0, 0x5, 0xee, 0x30,
    0x0, 0x0, 0x8f, 0xff, 0xf1, 0x2, 0xf4, 0x6d,
    0x10, 0x0, 0x1f, 0x31, 0x11, 0x1, 0xd9, 0x0,
    0xab, 0x0, 0x9, 0x90, 0x0, 0x2, 0xdb, 0x0,
    0x0, 0xcc, 0x10, 0x48, 0xaa, 0xa8, 0xfd, 0x54,
    0x44, 0x46, 0xcd, 0x0, 0x4b, 0xd7, 0x47, 0x4c,
    0xcc, 0xcc, 0xc1, 0x30, 0x0, 0x8a, 0x0, 0x0,
    0x0, 0x0, 0x0, 0x0, 0x2, 0x8c, 0xd8, 0x70,
    0x44, 0x44, 0x44, 0x43, 0x0, 0x28, 0xcd, 0x87,
    0x1f, 0xdd, 0xdd, 0xde, 0xc0, 0x0, 0x8, 0xa0,
    0x1, 0xf1, 0x0, 0x0, 0x5c, 0x0, 0x0, 0x8a,
    0x1, 0x1f, 0x10, 0x0, 0x5, 0xc0, 0x0, 0x8,
    0xc9, 0xf1, 0xf2, 0x11, 0x11, 0x6c, 0x0, 0x0,
    0xcf, 0xb2, 0x1f, 0xff, 0xff, 0xff, 0xc0, 0x0,
    0x5, 0x40, 0x1, 0xf1, 0x0, 0x0, 0x5c, 0x0,

    /* U+94EB "铫" */
    0x0, 0x0, 0x0, 0x0, 0x0, 0x0, 0x0, 0x0,
    0x1, 0xf1, 0x0, 0x0, 0x3d, 0xb, 0x40, 0x0,
    0x5, 0xc0, 0x0, 0x0, 0x3e, 0xd, 0x50, 0x0,
    0xb, 0xff, 0xfb, 0xa1, 0x3e, 0xd, 0x50, 0xa2,
    0x2e, 0x11, 0x11, 0xc8, 0x3e, 0xd, 0x56, 0xe0,
    0x98, 0x0, 0x0, 0x5f, 0x5e, 0xd, 0x6e, 0x50,
    0x2c, 0xff, 0xf5, 0x9, 0x5e, 0xd, 0x79, 0x0,
    0x0, 0xa8, 0x10, 0x0, 0x3e, 0xd, 0x50, 0x0,
    0x0, 0x98, 0x0, 0x2, 0xce, 0xd, 0xc2, 0x0,
    0x5f, 0xff, 0xfe, 0x6f, 0xed, 0xd, 0xdf, 0x70,
    0x1, 0xa9, 0x1a, 0xf7, 0x7c, 0xd, 0x56, 0xf3,
    0x0, 0x98, 0x1, 0x30, 0xb9, 0xd, 0x50, 0x10,
    0x0, 0x98, 0x1, 0x2, 0xf4, 0xd, 0x50, 0x4a,
    0x0, 0xaa, 0x9d, 0xb, 0xd0, 0xd, 0x50, 0x6c,
    0x0, 0xdf, 0xd5, 0xaf, 0x30, 0xc, 0x92, 0xb9,
    0x0, 0x96, 0xc, 0xf5, 0x0, 0x5, 0xff, 0xd2,
    0x0, 0x0, 0x2, 0x20, 0x0, 0x0, 0x0, 0x0,

    /* U+94EE "铮" */
    0x0, 0x20, 0x0, 0x0, 0x40, 0x0, 0x0, 0x0,
    0x1, 0xf2, 0x0, 0x8, 0xc0, 0x0, 0x0, 0x0,
    0x7, 0xd0, 0x0, 0x2f, 0xfe, 0xee, 0xb0, 0x0,
    0xd, 0xff, 0xf5, 0xc6, 0x0, 0x2e, 0x70, 0x0,
    0x6f, 0x20, 0xa, 0x80, 0x0, 0xc8, 0x0, 0x0,
    0xcb, 0x22, 0x29, 0xff, 0xff, 0xff, 0xff, 0x20,
    0x2b, 0xff, 0xf0, 0x0, 0xe, 0x30, 0xe, 0x20,
    0x0, 0xc5, 0x0, 0x0, 0xe, 0x30, 0xe, 0x20,
    0x0, 0xc5, 0xe, 0xff, 0xff, 0xff, 0xff, 0xf5,
    0xce, 0xfe, 0xe1, 0x0, 0xe, 0x30, 0xe, 0x20,
    0x34, 0xd7, 0x40, 0x0, 0xe, 0x30, 0xe, 0x20,
    0x0, 0xc5, 0x8, 0xff, 0xff, 0xff, 0xff, 0x20,
    0x0, 0xc5, 0x62, 0x0, 0xe, 0x30, 0x6, 0x10,
    0x0, 0xdc, 0xd1, 0x0, 0xe, 0x30, 0x0, 0x0,
    0x1, 0xfd, 0x10, 0x22, 0x4f, 0x20, 0x0, 0x0,
    0x0, 0xa1, 0x0, 0x8f, 0xfa, 0x0, 0x0, 0x0,

    /* U+94EF "铯" */
    0x0, 0x20, 0x0, 0x0, 0x32, 0x0, 0x0, 0x0,
    0x0, 0xe5, 0x0, 0x0, 0xe6, 0x0, 0x0, 0x0,
    0x4, 0xe0, 0x0, 0x6, 0xff, 0xff, 0xfe, 0x0,
    0xb, 0xff, 0xfe, 0x2e, 0x41, 0x12, 0xe8, 0x0,
    0x4f, 0x32, 0x22, 0xd8, 0x0, 0xb, 0xb0, 0x0,
    0xa8, 0x0, 0x1, 0xcd, 0xdd, 0xdf, 0xed, 0xc0,
    0x19, 0xff, 0xf9, 0x2f, 0x33, 0xf6, 0x36, 0xe0,
    0x1, 0x7d, 0x21, 0x2f, 0x0, 0xe3, 0x3, 0xe0,
    0x0, 0x5c, 0x0, 0x2f, 0x0, 0xe3, 0x3, 0xe0,
    0x6f, 0xff, 0xff, 0x3f, 0xee, 0xfe, 0xee, 0xe0,
    0x2, 0x7d, 0x22, 0x2f, 0x33, 0x33, 0x35, 0xc0,
    0x0, 0x5c, 0x0, 0x2f, 0x0, 0x0, 0x0, 0x10,
    0x0, 0x5c, 0x4, 0x2f, 0x0, 0x0, 0x0, 0x6b,
    0x0, 0x5d, 0x9f, 0x3f, 0x0, 0x0, 0x0, 0x7a,
    0x0, 0x8f, 0xe4, 0x1f, 0x51, 0x11, 0x13, 0xd7,
    0x0, 0x89, 0x0, 0x8, 0xff, 0xff, 0xff, 0xb0,
    0x0, 0x0, 0x0, 0x0, 0x0, 0x0, 0x0, 0x0,

    /* U+94F3 "铳" */
    0x0, 0x30, 0x0, 0x0, 0x0, 0x30, 0x0, 0x0,
    0x0, 0xf3, 0x0, 0x0, 0x4, 0xf2, 0x0, 0x0,
    0x4, 0xe0, 0x0, 0x23, 0x33, 0xc9, 0x33, 0x31,
    0x8, 0xff, 0xfe, 0x9d, 0xdf, 0xdd, 0xdd, 0xd4,
    0xe, 0x41, 0x11, 0x0, 0x3f, 0x30, 0x0, 0x0,
    0x5c, 0x0, 0x0, 0x0, 0xd8, 0x1, 0xd1, 0x0,
    0x7c, 0xff, 0xf3, 0x8, 0xc0, 0x0, 0xac, 0x0,
    0x0, 0x7a, 0x0, 0x7f, 0x76, 0x67, 0x9f, 0x80,
    0x0, 0x7a, 0x0, 0xbe, 0xfd, 0xaf, 0xa8, 0xf3,
    0x6f, 0xff, 0xfd, 0x0, 0xc6, 0xe, 0x40, 0x50,
    0x1, 0x8b, 0x11, 0x0, 0xd4, 0xe, 0x40, 0x0,
    0x0, 0x7a, 0x0, 0x0, 0xf2, 0xe, 0x40, 0x0,
    0x0, 0x7a, 0x5d, 0x5, 0xe0, 0xe, 0x40, 0x69,
    0x0, 0x7f, 0xf5, 0xd, 0x80, 0xe, 0x40, 0x7a,
    0x0, 0xbd, 0x22, 0xcd, 0x0, 0xd, 0x82, 0xc8,
    0x0, 0x31, 0x2f, 0xb1, 0x0, 0x6, 0xff, 0xc1,
    0x0, 0x0, 0x2, 0x0, 0x0, 0x0, 0x0, 0x0,

    /* U+94F4 "铴" */
    0x0, 0x20, 0x0, 0x0, 0x0, 0x0, 0x0, 0x0,
    0x1f, 0x30, 0x79, 0x4, 0x77, 0x77, 0x70, 0x5,
    0xe0, 0x2, 0xea, 0x6a, 0xaa, 0xef, 0x0, 0xbf,
    0xff, 0x12, 0xa1, 0x0, 0x6e, 0x30, 0x3f, 0x42,
    0x20, 0x0, 0x0, 0x6e, 0x20, 0xb, 0xc0, 0x0,
    0x81, 0x0, 0x6e, 0x20, 0x0, 0x9c, 0xee, 0x9b,
    0xc0, 0x5e, 0x53, 0x33, 0x20, 0x2d, 0x73, 0xd,
    0x58, 0xff, 0xef, 0xed, 0x0, 0xc4, 0x0, 0x0,
    0xb, 0x57, 0xa4, 0xdb, 0xff, 0xff, 0x19, 0x20,
    0xf2, 0xa7, 0x5c, 0x12, 0xd5, 0x20, 0xf3, 0x5d,
    0xd, 0x35, 0xc0, 0xc, 0x40, 0x2f, 0xd, 0x64,
    0xe0, 0x6b, 0x0, 0xc4, 0x5, 0xca, 0xd0, 0xb8,
    0x7, 0xa0, 0xc, 0x7b, 0x89, 0x62, 0x5e, 0x10,
    0x89, 0x0, 0xef, 0x9c, 0x60, 0x4f, 0x53, 0x2c,
    0x70, 0x2e, 0x50, 0xb3, 0xd, 0x52, 0xff, 0xd1,
    0x0, 0x0, 0x0, 0x0, 0x0, 0x0, 0x0, 0x0,

    /* U+94F5 "铵" */
    0x0, 0x20, 0x0, 0x0, 0x0, 0x20, 0x0, 0x0,
    0x0, 0xe6, 0x0, 0x0, 0x2, 0xf2, 0x0, 0x0,
    0x4, 0xf0, 0x0, 0x0, 0x0, 0xa7, 0x0, 0x0,
    0xa, 0xff, 0xfe, 0x6e, 0xee, 0xee, 0xee, 0xe3,
    0x2f, 0x31, 0x11, 0x7c, 0x34, 0x33, 0x33, 0xf3,
    0xaa, 0x11, 0x10, 0x58, 0x9, 0xa0, 0x0, 0xa2,
    0x3c, 0xff, 0xfa, 0x0, 0xe, 0x50, 0x0, 0x0,
    0x0, 0x7c, 0x0, 0x67, 0x9f, 0x87, 0x77, 0x73,
    0x0, 0x7c, 0x0, 0x79, 0xfb, 0x99, 0xce, 0x94,
    0x8f, 0xff, 0xff, 0x2, 0xf1, 0x0, 0xa7, 0x0,
    0x12, 0x8c, 0x22, 0x9, 0xb0, 0x1, 0xf2, 0x0,
    0x0, 0x7c, 0x0, 0x5, 0xdc, 0x4b, 0xa0, 0x0,
    0x0, 0x7c, 0x6, 0x0, 0x7, 0xff, 0x30, 0x0,
    0x0, 0x7d, 0xbe, 0x0, 0x2b, 0xeb, 0xf6, 0x0,
    0x0, 0xcf, 0x81, 0x5a, 0xfa, 0x10, 0x5f, 0xc2,
    0x0, 0x64, 0x1, 0xe9, 0x20, 0x0, 0x2, 0xc3,
    0x0, 0x0, 0x0, 0x0, 0x0, 0x0, 0x0, 0x0,

    /* U+94F7 "铷" */
    0x0, 0x20, 0x0, 0x2, 0x0, 0x0, 0x0, 0x0,
    0x0, 0xf3, 0x0, 0x4d, 0x0, 0x0, 0x0, 0x0,
    0x4, 0xe0, 0x0, 0x6b, 0x0, 0xe, 0xee, 0xe2,
    0x9, 0xff, 0xf4, 0x8a, 0x11, 0xf, 0x43, 0xf2,
    0x1f, 0x31, 0x1d, 0xff, 0xff, 0xf, 0x10, 0xe2,
    0x7b, 0x11, 0x0, 0xb6, 0x1f, 0xf, 0x10, 0xe2,
    0x1b, 0xff, 0xe0, 0xd3, 0x2e, 0xf, 0x10, 0xe2,
    0x0, 0xc5, 0x0, 0xf1, 0x4d, 0xf, 0x10, 0xe2,
    0x0, 0xc5, 0x2, 0xf0, 0x6a, 0xf, 0x10, 0xe2,
    0x5f, 0xff, 0xf7, 0xd0, 0xa7, 0xf, 0x10, 0xe2,
    0x1, 0xc6, 0x13, 0xe8, 0xf2, 0xf, 0x10, 0xe2,
    0x0, 0xc5, 0x0, 0x2e, 0xe0, 0xf, 0x10, 0xe2,
    0x0, 0xc5, 0x70, 0x1e, 0xf9, 0xf, 0x22, 0xe2,
    0x0, 0xef, 0xd1, 0xbb, 0x2e, 0x4f, 0xff, 0xf2,
    0x1, 0xe7, 0x1b, 0xd1, 0x1, 0xf, 0x10, 0xe2,
    0x0, 0x10, 0x3c, 0x10, 0x0, 0x3, 0x0, 0x10,
    0x0, 0x0, 0x0, 0x0, 0x0, 0x0, 0x0, 0x0,

    /* U+94F9 "铹" */
    0x0, 0x10, 0x0, 0x0, 0x20, 0x0, 0x20, 0x0,
    0x1, 0xf2, 0x0, 0x0, 0xe3, 0x0, 0xf1, 0x0,
    0x6, 0xd0, 0x2, 0x88, 0xfa, 0x88, 0xf9, 0x83,
    0xc, 0xfe, 0xe8, 0x88, 0xf9, 0x88, 0xf9, 0x83,
    0x4f, 0x32, 0x20, 0x0, 0xe3, 0x0, 0xf1, 0x0,
    0xc8, 0x0, 0x0, 0x66, 0x66, 0x66, 0x76, 0x61,
    0x4a, 0xff, 0xf5, 0xfa, 0xaa, 0xaa, 0xaa, 0xf3,
    0x0, 0x88, 0x2, 0xf0, 0xb, 0x30, 0x0, 0xe3,
    0x11, 0x99, 0x10, 0x30, 0xf, 0x30, 0x0, 0x30,
    0xdf, 0xff, 0xf5, 0xdf, 0xff, 0xff, 0xff, 0x60,
    0x0, 0x88, 0x0, 0x12, 0x5f, 0x22, 0x2b, 0x60,
    0x0, 0x88, 0x0, 0x0, 0x8b, 0x0, 0xc, 0x50,
    0x0, 0x88, 0x35, 0x1, 0xf5, 0x0, 0xd, 0x40,
    0x0, 0x9c, 0xf5, 0xb, 0xc0, 0x0, 0xf, 0x20,
    0x0, 0xde, 0x32, 0xcd, 0x14, 0x43, 0x8e, 0x0,
    0x0, 0x72, 0xd, 0xb1, 0x9, 0xff, 0xd4, 0x0,
    0x0, 0x0, 0x2, 0x0, 0x0, 0x0, 0x0, 0x0,

    /* U+94FC "铼" */
    0x0, 0x3, 0x0, 0x0, 0x0, 0x15, 0x0, 0x0,
    0x0, 0x2, 0xf2, 0x0, 0x0, 0x4, 0xe0, 0x0,
    0x0, 0x0, 0x7d, 0x0, 0x5, 0x55, 0x8e, 0x55,
    0x53, 0x0, 0xd, 0xff, 0xf5, 0xab, 0xbc, 0xfb,
    0xbb, 0x60, 0x6, 0xf2, 0x11, 0x3, 0x10, 0x4e,
    0x0, 0x40, 0x0, 0xe9, 0x0, 0x0, 0x9c, 0x4,
    0xe0, 0x4f, 0x30, 0x5, 0x9f, 0xff, 0x10, 0xc9,
    0x4e, 0x2f, 0x60, 0x0, 0x0, 0x98, 0x0, 0x2,
    0x44, 0xe1, 0x60, 0x0, 0x0, 0x9, 0x80, 0x4c,
    0xcc, 0xdf, 0xcc, 0xcc, 0x0, 0xdf, 0xff, 0xf4,
    0x33, 0x8f, 0xfe, 0x33, 0x30, 0x1, 0x1a, 0x81,
    0x0, 0xd, 0x8e, 0xb6, 0x0, 0x0, 0x0, 0x98,
    0x0, 0x7, 0xb4, 0xe2, 0xe2, 0x0, 0x0, 0x9,
    0x84, 0x24, 0xe1, 0x4e, 0x8, 0xd1, 0x0, 0x0,
    0xae, 0xe6, 0xe4, 0x4, 0xe0, 0xb, 0xe3, 0x0,
    0xe, 0xc1, 0x95, 0x0, 0x4e, 0x0, 0xa, 0x20,
    0x0, 0x30, 0x0, 0x0, 0x4, 0xe0, 0x0, 0x0,

    /* U+94FD "铽" */
    0x0, 0x10, 0x0, 0x0, 0x0, 0x1, 0x20, 0x0,
    0x0, 0xf, 0x30, 0x0, 0x0, 0x0, 0x7b, 0x95,
    0x0, 0x4, 0xe0, 0x0, 0x0, 0x0, 0x7, 0xb4,
    0xf6, 0x0, 0x9f, 0xcc, 0x12, 0x22, 0x22, 0x8b,
    0x25, 0x30, 0xe, 0x64, 0x45, 0xff, 0xff, 0xff,
    0xff, 0xfd, 0x6, 0xc0, 0x0, 0x1, 0x81, 0x0,
    0x6b, 0x0, 0x0, 0x9c, 0xff, 0xc0, 0x1a, 0xe5,
    0x5, 0xc0, 0x0, 0x1, 0xc, 0x61, 0x0, 0x4,
    0x40, 0x4d, 0x0, 0x0, 0x0, 0xc5, 0x1, 0x2f,
    0x2, 0xd4, 0xe0, 0x0, 0xa, 0xff, 0xfe, 0x79,
    0xf0, 0xe, 0x6f, 0x0, 0x0, 0x11, 0xc6, 0x1b,
    0x5f, 0x0, 0x99, 0xf1, 0x0, 0x0, 0xc, 0x50,
    0xf1, 0xf0, 0x26, 0x1e, 0x30, 0x60, 0x0, 0xc5,
    0x64, 0xf, 0x5, 0xb0, 0xb6, 0x2f, 0x0, 0xc,
    0xdc, 0x0, 0xf1, 0x79, 0x7, 0xa3, 0xd0, 0x0,
    0xed, 0x10, 0xd, 0xef, 0x40, 0x2f, 0x9b, 0x0,
    0xa, 0x10, 0x0, 0x3, 0x10, 0x0, 0x8f, 0x50,
    0x0, 0x0, 0x0, 0x0, 0x0, 0x0, 0x0, 0x0,
    0x0,

    /* U+94FF "铿" */
    0x0, 0x10, 0x0, 0x0, 0x10, 0x0, 0x0, 0x0,
    0x3, 0xf0, 0x2, 0x43, 0xd3, 0x44, 0x44, 0x40,
    0x8, 0xc2, 0x25, 0xa3, 0xd9, 0xfc, 0xcd, 0xd0,
    0xe, 0xee, 0xe6, 0xa3, 0xd0, 0xe1, 0x8, 0x90,
    0x6d, 0x0, 0x5, 0xa3, 0xd0, 0xa7, 0xe, 0x40,
    0xd6, 0x0, 0x5, 0xa3, 0xd0, 0x3e, 0x9b, 0x0,
    0x49, 0xff, 0xf5, 0xa3, 0xd0, 0xb, 0xf4, 0x0,
    0x0, 0xc5, 0x5, 0xa3, 0xd1, 0xae, 0xaf, 0x71,
    0x0, 0xc5, 0x3, 0x73, 0xdc, 0xa1, 0x5, 0xc4,
    0xac, 0xfd, 0xc1, 0x0, 0x35, 0xa0, 0x0, 0x0,
    0x56, 0xd9, 0x60, 0x22, 0x27, 0xc2, 0x22, 0x10,
    0x0, 0xc5, 0x0, 0xff, 0xff, 0xff, 0xff, 0x90,
    0x0, 0xc5, 0x81, 0x0, 0x6, 0xc0, 0x0, 0x0,
    0x0, 0xde, 0xa0, 0x0, 0x6, 0xc0, 0x0, 0x0,
    0x1, 0xf8, 0xc, 0xff, 0xff, 0xff, 0xff, 0xf5,
    0x0, 0x30, 0x1, 0x22, 0x22, 0x22, 0x22, 0x20,

    /* U+9502 "锂" */
    0x0, 0x0, 0x0, 0x0, 0x0, 0x0, 0x0, 0x0,
    0x0, 0xd4, 0x0, 0x13, 0x33, 0x33, 0x33, 0x30,
    0x3, 0xf0, 0x0, 0x7f, 0xdd, 0xfe, 0xdd, 0xf2,
    0x9, 0xeb, 0xba, 0x79, 0x0, 0xe3, 0x0, 0xf2,
    0x1f, 0x55, 0x54, 0x7a, 0x11, 0xe4, 0x11, 0xf2,
    0x99, 0x0, 0x0, 0x7f, 0xff, 0xff, 0xff, 0xf2,
    0x39, 0xcc, 0xc4, 0x79, 0x0, 0xe3, 0x0, 0xf2,
    0x2, 0xba, 0x31, 0x79, 0x0, 0xe3, 0x0, 0xf2,
    0x0, 0x98, 0x0, 0x7f, 0xff, 0xff, 0xff, 0xf2,
    0x5d, 0xee, 0xdc, 0x68, 0x11, 0xe4, 0x11, 0xd1,
    0x25, 0xba, 0x55, 0x0, 0x0, 0xe3, 0x0, 0x0,
    0x0, 0x98, 0x0, 0x8f, 0xff, 0xff, 0xff, 0xf4,
    0x0, 0x98, 0x17, 0x12, 0x22, 0xe5, 0x22, 0x20,
    0x0, 0xad, 0xfc, 0x0, 0x0, 0xe3, 0x0, 0x0,
    0x0, 0xdc, 0x46, 0xcc, 0xcc, 0xfd, 0xcc, 0xcc,
    0x0, 0x20, 0x2, 0x44, 0x44, 0x44, 0x44, 0x44,

    /* U+9503 "锃" */
    0x0, 0x20, 0x0, 0x0, 0x0, 0x0, 0x0, 0x0,
    0x0, 0x1f, 0x20, 0x1, 0x99, 0x99, 0x99, 0x98,
    0x0, 0x5, 0xd0, 0x0, 0x3f, 0x77, 0x77, 0x79,
    0xe0, 0x0, 0xaf, 0xff, 0xf4, 0xf0, 0x0, 0x0,
    0x3e, 0x0, 0x1f, 0x21, 0x11, 0x3f, 0x0, 0x0,
    0x3, 0xe0, 0x8, 0x90, 0x0, 0x3, 0xfe, 0xee,
    0xee, 0xee, 0x0, 0x2b, 0xff, 0xf4, 0x2d, 0x33,
    0x33, 0x35, 0xc0, 0x0, 0x9, 0x91, 0x1, 0x11,
    0x11, 0x11, 0x11, 0x0, 0x0, 0x88, 0x0, 0xbf,
    0xff, 0xff, 0xff, 0xf7, 0x5, 0xbd, 0xdb, 0xa0,
    0x0, 0xe, 0x40, 0x0, 0x0, 0x24, 0xaa, 0x44,
    0x1, 0x11, 0xe5, 0x11, 0x10, 0x0, 0x8, 0x80,
    0x5, 0xff, 0xff, 0xff, 0xff, 0x10, 0x0, 0x88,
    0x17, 0x0, 0x0, 0xe4, 0x0, 0x0, 0x0, 0x9,
    0xdf, 0xa0, 0x0, 0xe, 0x40, 0x0, 0x0, 0x0,
    0xde, 0x45, 0xdd, 0xdd, 0xfe, 0xdd, 0xdd, 0x0,
    0x3, 0x10, 0x13, 0x33, 0x33, 0x33, 0x33, 0x30,

    /* U+9506 "锆" */
    0x0, 0x3, 0x0, 0x0, 0x0, 0x5, 0x10, 0x0,
    0x0, 0x2, 0xf1, 0x0, 0x6, 0x20, 0xe3, 0x0,
    0x0, 0x0, 0x7d, 0x22, 0x0, 0xf3, 0xe, 0x30,
    0x0, 0x0, 0xd, 0xfe, 0xe6, 0x5f, 0xee, 0xfe,
    0xee, 0xe2, 0x7, 0xe0, 0x0, 0xd, 0xa4, 0x4f,
    0x64, 0x44, 0x0, 0xe8, 0x33, 0x35, 0xf2, 0x0,
    0xe3, 0x0, 0x0, 0x3, 0x7f, 0xfe, 0x34, 0x0,
    0xe, 0x30, 0x0, 0x0, 0x0, 0x88, 0x8, 0xff,
    0xff, 0xff, 0xff, 0xfb, 0x0, 0x8, 0x80, 0x12,
    0x22, 0x22, 0x22, 0x22, 0x20, 0xce, 0xff, 0xe5,
    0x1, 0x11, 0x11, 0x11, 0x10, 0x2, 0x3a, 0xa3,
    0x13, 0xff, 0xff, 0xff, 0xfd, 0x0, 0x0, 0x88,
    0x0, 0x3e, 0x0, 0x0, 0x4, 0xd0, 0x0, 0x8,
    0x81, 0x43, 0xe0, 0x0, 0x0, 0x4d, 0x0, 0x0,
    0x9c, 0xe7, 0x3e, 0x0, 0x0, 0x4, 0xd0, 0x0,
    0xd, 0xe4, 0x3, 0xff, 0xff, 0xff, 0xfd, 0x0,
    0x0, 0x61, 0x0, 0x3e, 0x11, 0x11, 0x15, 0xd0,

    /* U+9507 "锇" */
    0x0, 0x10, 0x0, 0x0, 0x0, 0x3, 0x0, 0x0,
    0x2, 0xf0, 0x0, 0x0, 0x2, 0x2f, 0x21, 0x0,
    0x7, 0xb0, 0x4, 0x9b, 0xef, 0x6f, 0x7e, 0x30,
    0xd, 0xff, 0xf5, 0x89, 0xd0, 0xf, 0x27, 0xe0,
    0x5e, 0x21, 0x10, 0x4, 0xd0, 0xf, 0x20, 0x10,
    0xc9, 0x11, 0x4, 0x68, 0xe6, 0x6f, 0x76, 0x63,
    0x3c, 0xff, 0xa8, 0xbc, 0xfb, 0xbf, 0xcb, 0xb6,
    0x0, 0xc5, 0x0, 0x4, 0xd0, 0xe, 0x30, 0x10,
    0x0, 0xc5, 0x0, 0x4, 0xd0, 0x1d, 0x42, 0xf2,
    0xbf, 0xff, 0xf2, 0x39, 0xff, 0x9c, 0x6b, 0xa0,
    0x11, 0xc6, 0x1a, 0xfd, 0xe3, 0xb, 0xde, 0x10,
    0x0, 0xc5, 0x1, 0x4, 0xd0, 0xa, 0xf3, 0x0,
    0x0, 0xc5, 0x40, 0x4, 0xd0, 0x8f, 0xb0, 0x6a,
    0x0, 0xcb, 0xf2, 0x4, 0xdc, 0xe6, 0xf0, 0x89,
    0x1, 0xfd, 0x36, 0x6a, 0xc6, 0x10, 0xca, 0xd6,
    0x0, 0x81, 0x9, 0xdc, 0x40, 0x0, 0x2d, 0xe1,
    0x0, 0x0, 0x0, 0x0, 0x0, 0x0, 0x0, 0x0,

    /* U+9509 "锉" */
    0x0, 0x5, 0x0, 0x0, 0x0, 0x14, 0x0, 0x0,
    0x0, 0x4, 0xf0, 0x0, 0x0, 0x5, 0xd0, 0x0,
    0x0, 0x0, 0x9b, 0x11, 0x2, 0xf0, 0x5d, 0x0,
    0xf1, 0x0, 0xe, 0xff, 0xf2, 0x6c, 0x5, 0xd0,
    0x4e, 0x0, 0x7, 0xd0, 0x0, 0xb, 0x90, 0x5d,
    0x8, 0xb0, 0x0, 0xd5, 0x0, 0x1, 0xfe, 0x5,
    0xd0, 0xdf, 0x20, 0x4, 0xbf, 0xfc, 0x7d, 0xc9,
    0x5d, 0x4f, 0xac, 0x0, 0x1, 0xd5, 0x2e, 0x63,
    0xf8, 0xdb, 0x90, 0xe7, 0x0, 0xd, 0x42, 0xb0,
    0x7, 0x7e, 0xe1, 0x5, 0x70, 0xde, 0xff, 0xe1,
    0x0, 0x5, 0xd0, 0x0, 0x0, 0x0, 0x1d, 0x41,
    0x3d, 0xdd, 0xef, 0xdd, 0xda, 0x0, 0x0, 0xd4,
    0x1, 0x44, 0x48, 0xe4, 0x44, 0x30, 0x0, 0xd,
    0x5b, 0x0, 0x0, 0x5d, 0x0, 0x0, 0x0, 0x0,
    0xee, 0x80, 0x0, 0x5, 0xd0, 0x0, 0x0, 0x0,
    0x2f, 0x71, 0xff, 0xff, 0xff, 0xff, 0xff, 0x90,
    0x0, 0x30, 0x2, 0x22, 0x22, 0x22, 0x22, 0x21,

    /* U+950A "锊" */
    0x0, 0x21, 0x0, 0x0, 0x0, 0x0, 0x0, 0x0,
    0x0, 0xb9, 0x0, 0x11, 0x23, 0x45, 0x68, 0x90,
    0x1, 0xf2, 0x0, 0xbf, 0xfe, 0xdc, 0xb9, 0x81,
    0x8, 0xff, 0xff, 0x11, 0x3, 0x80, 0x2, 0xa0,
    0x2f, 0x32, 0x22, 0x4c, 0x2, 0xf1, 0xa, 0xb0,
    0x9a, 0x22, 0x20, 0xd, 0x40, 0xd6, 0x3f, 0x20,
    0x29, 0xff, 0xf6, 0x7, 0xa0, 0x54, 0x47, 0x0,
    0x0, 0x7a, 0x0, 0x0, 0x0, 0x0, 0xd2, 0x0,
    0x0, 0x7a, 0x0, 0x34, 0x44, 0x44, 0xf6, 0x42,
    0x9f, 0xff, 0xfe, 0x9d, 0xdd, 0xdd, 0xfd, 0xd7,
    0x1, 0x8a, 0x11, 0x7, 0x0, 0x0, 0xf2, 0x0,
    0x0, 0x7a, 0x0, 0xc, 0x90, 0x0, 0xf2, 0x0,
    0x0, 0x7a, 0x2, 0x3, 0xf3, 0x0, 0xf2, 0x0,
    0x0, 0x7c, 0xbb, 0x0, 0x61, 0x0, 0xf2, 0x0,
    0x0, 0xcf, 0xa1, 0x0, 0x2, 0x34, 0xf1, 0x0,
    0x0, 0x43, 0x0, 0x0, 0x7, 0xff, 0xb0, 0x0,
    0x0, 0x0, 0x0, 0x0, 0x0, 0x0, 0x0, 0x0,

    /* U+950D "锍" */
    0x0, 0x20, 0x0, 0x0, 0x0, 0x20, 0x0, 0x0,
    0x1, 0xf2, 0x0, 0x0, 0x6, 0xd0, 0x0, 0x0,
    0x5, 0xd0, 0x0, 0x33, 0x33, 0xd6, 0x33, 0x31,
    0xa, 0xff, 0xfa, 0xcd, 0xdf, 0xdd, 0xdd, 0xd4,
    0x2f, 0x21, 0x11, 0x0, 0x3f, 0x40, 0x0, 0x0,
    0x9a, 0x0, 0x0, 0x1, 0xd7, 0x0, 0xb7, 0x0,
    0x3b, 0xff, 0xf3, 0x1c, 0x80, 0x1, 0x6f, 0x30,
    0x1, 0xa9, 0x20, 0xbf, 0xff, 0xff, 0xee, 0xd0,
    0x0, 0x98, 0x0, 0x22, 0x0, 0x0, 0x1, 0xc1,
    0x6f, 0xff, 0xfe, 0xc, 0x32, 0xd0, 0xd3, 0x0,
    0x1, 0xa8, 0x11, 0xd, 0x32, 0xe0, 0xd3, 0x0,
    0x0, 0x98, 0x0, 0xf, 0x22, 0xe0, 0xd3, 0x0,
    0x0, 0x98, 0x23, 0x1f, 0x2, 0xe0, 0xd3, 0x3a,
    0x0, 0xac, 0xf7, 0x7b, 0x2, 0xe0, 0xd3, 0x4c,
    0x0, 0xef, 0x64, 0xf4, 0x2, 0xe0, 0xd6, 0x8a,
    0x0, 0x72, 0x2f, 0x70, 0x2, 0xe0, 0x7f, 0xe4,
    0x0, 0x0, 0x1, 0x0, 0x0, 0x0, 0x0, 0x0,

    /* U+950E "锎" */
    0x0, 0x10, 0x0, 0x0, 0x0, 0x0, 0x0, 0x0,
    0xe, 0x40, 0xa, 0x80, 0x35, 0x55, 0x54, 0x5,
    0xe0, 0x0, 0x2f, 0x57, 0xcc, 0xcc, 0xe0, 0xcf,
    0xff, 0x66, 0x20, 0x0, 0x0, 0x2e, 0x5f, 0x32,
    0x25, 0xb3, 0x55, 0x55, 0x53, 0xec, 0xb2, 0x21,
    0x5b, 0x7c, 0xfb, 0xfb, 0x4e, 0x4b, 0xff, 0xd5,
    0xb0, 0x4c, 0xd, 0x22, 0xe0, 0xb, 0x50, 0x5b,
    0x4, 0xc0, 0xd2, 0x2e, 0x0, 0xb5, 0x5, 0xb0,
    0x5c, 0xd, 0x23, 0xea, 0xff, 0xff, 0x9b, 0xef,
    0xff, 0xff, 0x9e, 0x11, 0xb6, 0x15, 0xb0, 0x6b,
    0xd, 0x22, 0xe0, 0xb, 0x50, 0x5b, 0xa, 0x80,
    0xd2, 0x2e, 0x0, 0xb5, 0x5, 0xb1, 0xf3, 0xd,
    0x22, 0xe0, 0xb, 0x9d, 0x7b, 0xbc, 0x0, 0xd2,
    0x2e, 0x0, 0xef, 0x75, 0xb5, 0x20, 0x5, 0x27,
    0xe0, 0x8, 0x20, 0x5b, 0x0, 0x0, 0x3f, 0xf7,
    0x0, 0x0, 0x0, 0x0, 0x0, 0x0, 0x0, 0x0,

    /* U+950F "锏" */
    0x0, 0x10, 0x0, 0x0, 0x0, 0x0, 0x0, 0x0,
    0x0, 0xe4, 0x0, 0xa9, 0x4, 0x55, 0x55, 0x50,
    0x5, 0xe0, 0x0, 0x1e, 0x4a, 0xcc, 0xcc, 0xf0,
    0xc, 0xff, 0xf7, 0x62, 0x0, 0x0, 0x1, 0xf0,
    0x5f, 0x31, 0x16, 0xb0, 0x22, 0x22, 0x21, 0xf0,
    0xcb, 0x22, 0x16, 0xb1, 0xfd, 0xde, 0xe1, 0xf0,
    0x4a, 0xff, 0xd6, 0xb1, 0xf0, 0x2, 0xe1, 0xf0,
    0x0, 0xb5, 0x6, 0xb1, 0xf0, 0x2, 0xe1, 0xf0,
    0x11, 0xb6, 0x17, 0xb1, 0xfc, 0xcd, 0xe1, 0xf0,
    0x9f, 0xff, 0xfb, 0xb1, 0xf3, 0x34, 0xe1, 0xf0,
    0x0, 0xb5, 0x6, 0xb1, 0xf0, 0x2, 0xe1, 0xf0,
    0x0, 0xb5, 0x6, 0xb1, 0xf3, 0x35, 0xe1, 0xf0,
    0x0, 0xb5, 0x6, 0xb1, 0xfc, 0xcc, 0xb1, 0xf0,
    0x0, 0xb9, 0xc8, 0xb0, 0x80, 0x0, 0x1, 0xf0,
    0x0, 0xef, 0x86, 0xb0, 0x0, 0x1, 0x26, 0xf0,
    0x0, 0x82, 0x6, 0xb0, 0x0, 0x7, 0xff, 0x80,
    0x0, 0x0, 0x0, 0x0, 0x0, 0x0, 0x0, 0x0,

    /* U+9512 "锒" */
    0x0, 0x30, 0x0, 0x0, 0x1, 0x30, 0x0, 0x0,
    0x0, 0xf, 0x30, 0x0, 0x0, 0x4e, 0x0, 0x0,
    0x0, 0x5, 0xe0, 0x0, 0x39, 0x99, 0xfb, 0x99,
    0x80, 0x0, 0xcf, 0xff, 0xd5, 0xe7, 0x77, 0x77,
    0x9d, 0x0, 0x5f, 0x22, 0x21, 0x5d, 0x0, 0x0,
    0x4, 0xd0, 0xb, 0x70, 0x0, 0x5, 0xfb, 0xbb,
    0xbb, 0xdd, 0x0, 0x2a, 0xff, 0xf8, 0x5d, 0x33,
    0x33, 0x37, 0xd0, 0x0, 0x17, 0xc2, 0x15, 0xd0,
    0x0, 0x0, 0x4d, 0x0, 0x0, 0x6b, 0x0, 0x5f,
    0xee, 0xee, 0xee, 0xd0, 0x6, 0xde, 0xfd, 0xd5,
    0xd2, 0x7b, 0x22, 0x39, 0x20, 0x13, 0x8c, 0x33,
    0x5d, 0x0, 0xe3, 0x7, 0xf7, 0x0, 0x6, 0xb0,
    0x5, 0xd0, 0x7, 0xdd, 0xd3, 0x0, 0x0, 0x6b,
    0x1a, 0x5d, 0x0, 0x1c, 0xe1, 0x0, 0x0, 0x7,
    0xef, 0xb5, 0xd3, 0xab, 0x1d, 0xd3, 0x0, 0x0,
    0xbe, 0x60, 0x9f, 0xfa, 0x30, 0xa, 0xfc, 0x0,
    0x2, 0x10, 0x7, 0x81, 0x0, 0x0, 0x2, 0x50,

    /* U+9513 "锓" */
    0x0, 0xd, 0x20, 0x1, 0x44, 0x44, 0x44, 0x41,
    0x0, 0x5, 0xe0, 0x0, 0x5b, 0xbb, 0xbb, 0xbf,
    0x50, 0x0, 0xbf, 0xcc, 0x50, 0x22, 0x22, 0x22,
    0xd5, 0x0, 0x4f, 0x54, 0x41, 0x1c, 0xcc, 0xcc,
    0xcf, 0x50, 0xd, 0xb0, 0x0, 0x0, 0x11, 0x11,
    0x11, 0xd5, 0x0, 0x89, 0xdd, 0xd1, 0x8e, 0xee,
    0xee, 0xef, 0x50, 0x0, 0x1a, 0x93, 0x1, 0x11,
    0x11, 0x11, 0x63, 0x0, 0x0, 0x98, 0x6, 0xff,
    0xff, 0xff, 0xff, 0xf5, 0x8, 0xad, 0xda, 0x8c,
    0x0, 0x0, 0x0, 0xc, 0x50, 0x56, 0xbb, 0x63,
    0x5f, 0xff, 0xff, 0xfd, 0x31, 0x0, 0x9, 0x80,
    0x0, 0x3e, 0x0, 0xc, 0x70, 0x0, 0x0, 0x98,
    0x12, 0x0, 0xaa, 0xa, 0xc0, 0x0, 0x0, 0x9,
    0xbd, 0x60, 0x0, 0xde, 0xc0, 0x0, 0x0, 0x0,
    0xdf, 0x70, 0x36, 0xde, 0xaf, 0xb6, 0x20, 0x0,
    0x9, 0x30, 0xaf, 0xb6, 0x0, 0x18, 0xdf, 0x50,
    0x0, 0x0, 0x1, 0x0, 0x0, 0x0, 0x0, 0x10,

    /* U+9514 "锔" */
    0x0, 0xd, 0x30, 0x3, 0x33, 0x33, 0x33, 0x31,
    0x0, 0x5f, 0x0, 0x3f, 0xdd, 0xdd, 0xdd, 0xf5,
    0x0, 0xaf, 0xcc, 0x5f, 0x0, 0x0, 0x0, 0xc5,
    0x3, 0xf7, 0x55, 0x4f, 0x55, 0x55, 0x55, 0xd5,
    0xb, 0xc0, 0x0, 0x3f, 0xcc, 0xcc, 0xcc, 0xf5,
    0x8, 0xaf, 0xea, 0x3f, 0x11, 0x11, 0x11, 0x42,
    0x0, 0xe, 0x30, 0x3f, 0xff, 0xff, 0xff, 0xfd,
    0x3, 0x4e, 0x74, 0x4e, 0x0, 0x0, 0x0, 0x4d,
    0x7, 0xbf, 0xca, 0x5d, 0x2f, 0xff, 0xf2, 0x4d,
    0x0, 0xe, 0x30, 0x6c, 0x3e, 0x11, 0xe2, 0x4d,
    0x0, 0xe, 0x30, 0x8a, 0x3e, 0x0, 0xe2, 0x4d,
    0x0, 0xe, 0x7c, 0xb7, 0x3f, 0xff, 0xf2, 0x5c,
    0x0, 0x1f, 0xf6, 0xf3, 0x29, 0x11, 0x10, 0x6b,
    0x0, 0x2e, 0x45, 0xe0, 0x0, 0x23, 0x23, 0xc8,
    0x0, 0x1, 0x4, 0x60, 0x0, 0x7f, 0xff, 0xc1,
    0x0, 0x0, 0x0, 0x0, 0x0, 0x0, 0x0, 0x0,

    /* U+9515 "锕" */
    0x0, 0x20, 0x0, 0x0, 0x0, 0x0, 0x0, 0x0,
    0x5, 0xa0, 0x3, 0x44, 0x31, 0x44, 0x44, 0x43,
    0x9, 0x60, 0xe, 0xcd, 0xc3, 0xcc, 0xcc, 0xfb,
    0xe, 0xff, 0x9e, 0x17, 0x90, 0x0, 0x0, 0xf0,
    0x4c, 0x11, 0xe, 0x1a, 0x50, 0x0, 0x0, 0xf0,
    0xa7, 0x0, 0xe, 0x1e, 0x13, 0xff, 0xf1, 0xf0,
    0x3c, 0xff, 0x6e, 0x3d, 0x3, 0xc0, 0xe1, 0xf0,
    0x0, 0xe1, 0xe, 0x4e, 0x3, 0xc0, 0xe1, 0xf0,
    0x0, 0xe1, 0xe, 0x1b, 0x53, 0xc0, 0xe1, 0xf0,
    0x6c, 0xfc, 0x7e, 0x16, 0xa3, 0xc0, 0xe1, 0xf0,
    0x24, 0xf5, 0x2e, 0x13, 0xd3, 0xc0, 0xe1, 0xf0,
    0x0, 0xe1, 0xe, 0x13, 0xd3, 0xff, 0xf1, 0xf0,
    0x0, 0xe2, 0x7e, 0x8c, 0xa2, 0x80, 0x0, 0xf0,
    0x0, 0xed, 0x9e, 0x56, 0x0, 0x0, 0x0, 0xf0,
    0x1, 0xfb, 0xe, 0x10, 0x0, 0x1, 0x14, 0xe0,
    0x1, 0xa0, 0xe, 0x10, 0x0, 0x8, 0xff, 0x70,
    0x0, 0x0, 0x0, 0x0, 0x0, 0x0, 0x0, 0x0,

    /* U+9516 "锖" */
    0x0, 0x10, 0x0, 0x0, 0x0, 0x41, 0x0, 0x0,
    0x1, 0xf1, 0x0, 0x0, 0x0, 0xd4, 0x0, 0x0,
    0x5, 0xd0, 0x0, 0xbf, 0xff, 0xff, 0xff, 0xf9,
    0xb, 0xff, 0xfe, 0x0, 0x0, 0xd4, 0x0, 0x0,
    0x2f, 0x22, 0x21, 0x4e, 0xee, 0xff, 0xee, 0xe2,
    0x8a, 0x0, 0x0, 0x1, 0x11, 0xd5, 0x11, 0x10,
    0x2d, 0xff, 0xf3, 0xcd, 0xdd, 0xfe, 0xdd, 0xdb,
    0x0, 0xb6, 0x0, 0x22, 0x22, 0x22, 0x22, 0x22,
    0x0, 0xb6, 0x0, 0x1e, 0xee, 0xee, 0xee, 0xd0,
    0x8f, 0xff, 0xfc, 0x1f, 0x0, 0x0, 0x3, 0xe0,
    0x12, 0xc7, 0x21, 0x1f, 0xdd, 0xdd, 0xde, 0xe0,
    0x0, 0xb6, 0x0, 0x1f, 0x0, 0x0, 0x3, 0xe0,
    0x0, 0xb6, 0x28, 0x1f, 0xee, 0xee, 0xef, 0xe0,
    0x0, 0xbc, 0xf9, 0x1f, 0x0, 0x0, 0x3, 0xe0,
    0x1, 0xfd, 0x40, 0x1f, 0x0, 0x24, 0x49, 0xd0,
    0x0, 0x71, 0x0, 0x1f, 0x0, 0x5d, 0xdc, 0x40,

    /* U+9518 "锘" */
    0x0, 0x2, 0x0, 0x0, 0x1, 0x0, 0x1, 0x0,
    0x0, 0x2, 0xf1, 0x0, 0x5, 0xc0, 0x0, 0xe3,
    0x0, 0x0, 0x8b, 0x0, 0x0, 0x5c, 0x0, 0xe,
    0x30, 0x0, 0xd, 0xfe, 0xea, 0xff, 0xff, 0xff,
    0xff, 0xf7, 0x6, 0xe2, 0x22, 0x1, 0x6d, 0x11,
    0x1e, 0x41, 0x0, 0xd6, 0x0, 0x0, 0x5, 0xc9,
    0xa0, 0xe3, 0x0, 0x4, 0xbf, 0xff, 0x12, 0x22,
    0xf6, 0x22, 0x22, 0x10, 0x1, 0xa8, 0x18, 0xff,
    0xff, 0xff, 0xff, 0xf6, 0x0, 0x9, 0x70, 0x0,
    0x3f, 0x20, 0x0, 0x0, 0x0, 0xab, 0xed, 0xb2,
    0xd, 0x81, 0x11, 0x11, 0x0, 0x5, 0x5b, 0xa5,
    0x2b, 0xff, 0xff, 0xff, 0xf6, 0x0, 0x0, 0x97,
    0xb, 0xbf, 0x30, 0x0, 0xb, 0x60, 0x0, 0x9,
    0x70, 0x60, 0xe3, 0x0, 0x0, 0xb6, 0x0, 0x0,
    0xaa, 0xd7, 0xe, 0x30, 0x0, 0xb, 0x60, 0x0,
    0xd, 0xf6, 0x0, 0xef, 0xff, 0xff, 0xf6, 0x0,
    0x0, 0x82, 0x0, 0xe, 0x41, 0x11, 0x1c, 0x60,

    /* U+951B "锛" */
    0x0, 0x20, 0x0, 0x0, 0x2, 0x20, 0x0, 0x0,
    0x1, 0xf2, 0x0, 0x0, 0xa, 0x90, 0x0, 0x0,
    0x6, 0xd0, 0x0, 0x44, 0x5f, 0x74, 0x44, 0x40,
    0xc, 0xff, 0xf5, 0xcc, 0xfe, 0xcf, 0xdc, 0xc1,
    0x5f, 0x32, 0x20, 0x5, 0xf2, 0x9, 0xa0, 0x0,
    0xca, 0x11, 0x10, 0x3f, 0x55, 0x90, 0xca, 0x0,
    0x3b, 0xff, 0xd5, 0xf6, 0x6, 0xb0, 0x1b, 0xe4,
    0x0, 0xc5, 0x7, 0x6f, 0xff, 0xff, 0xf7, 0x61,
    0x0, 0xc5, 0x0, 0x0, 0x6, 0xb0, 0x0, 0x0,
    0xdf, 0xff, 0xf1, 0xc, 0x46, 0xb0, 0xf1, 0x0,
    0x22, 0xd6, 0x20, 0xd, 0x51, 0x20, 0xf2, 0x0,
    0x0, 0xc5, 0xe, 0xff, 0xff, 0xff, 0xff, 0xf7,
    0x0, 0xc5, 0x1, 0x2f, 0x42, 0x22, 0xf3, 0x20,
    0x0, 0xc9, 0xd0, 0x4f, 0x0, 0x0, 0xf2, 0x0,
    0x1, 0xff, 0x52, 0xe8, 0x0, 0x0, 0xf2, 0x0,
    0x0, 0xa2, 0xb, 0x90, 0x0, 0x0, 0xf2, 0x0,
    0x0, 0x0, 0x0, 0x0, 0x0, 0x0, 0x0, 0x0,

    /* U+951D "锝" */
    0x0, 0x51, 0x0, 0x0, 0x0, 0x0, 0x0, 0x0,
    0x1, 0xf3, 0x0, 0xbc, 0xcc, 0xcc, 0xcc, 0x10,
    0x5, 0xe0, 0x0, 0xe6, 0x33, 0x33, 0x3f, 0x10,
    0xb, 0xfd, 0xd7, 0xe3, 0x0, 0x0, 0xf, 0x10,
    0x2f, 0x87, 0x73, 0xef, 0xff, 0xff, 0xff, 0x10,
    0xab, 0x0, 0x0, 0xe3, 0x0, 0x0, 0xf, 0x10,
    0xa8, 0xff, 0xf1, 0xee, 0xee, 0xee, 0xef, 0x10,
    0x0, 0xa8, 0x10, 0x62, 0x11, 0x11, 0x16, 0x0,
    0x22, 0xa9, 0x24, 0xdd, 0xdd, 0xdd, 0xdd, 0xd0,
    0xef, 0xff, 0xf6, 0x33, 0x33, 0x33, 0xf6, 0x30,
    0x23, 0xb9, 0x31, 0x11, 0x11, 0x11, 0xe5, 0x10,
    0x0, 0xa8, 0xb, 0xff, 0xff, 0xff, 0xff, 0xf5,
    0x0, 0xa8, 0x11, 0x69, 0x0, 0x0, 0xe4, 0x0,
    0x0, 0xaa, 0xd3, 0x1e, 0x70, 0x0, 0xe4, 0x0,
    0x0, 0xcf, 0x60, 0x3, 0x33, 0x24, 0xf3, 0x0,
    0x0, 0xc5, 0x0, 0x0, 0xf, 0xff, 0xb0, 0x0,
    0x0, 0x0, 0x0, 0x0, 0x0, 0x0, 0x0, 0x0,

    /* U+951E "锞" */
    0x0, 0x4, 0x0, 0x0, 0x0, 0x0, 0x0, 0x0,
    0x0, 0x2, 0xf1, 0x0, 0xbc, 0xcc, 0xcc, 0xcc,
    0x30, 0x0, 0x8d, 0x22, 0xe, 0x64, 0x6f, 0x44,
    0xd5, 0x0, 0xe, 0xfe, 0xe6, 0xe2, 0x3, 0xf0,
    0xc, 0x50, 0x8, 0xe0, 0x0, 0xe, 0xdd, 0xdf,
    0xdd, 0xf5, 0x0, 0xe9, 0x44, 0x40, 0xe4, 0x25,
    0xf2, 0x2c, 0x50, 0x2, 0x7e, 0xec, 0x2e, 0x20,
    0x3f, 0x0, 0xc5, 0x0, 0x0, 0x88, 0x0, 0xef,
    0xff, 0xff, 0xff, 0x50, 0x0, 0x8, 0x80, 0x9,
    0x21, 0x4f, 0x11, 0x83, 0x0, 0xef, 0xff, 0xf6,
    0x11, 0x14, 0xf1, 0x11, 0x10, 0x3, 0x3a, 0xa3,
    0x6f, 0xff, 0xff, 0xff, 0xff, 0x10, 0x0, 0x88,
    0x0, 0x0, 0x4e, 0xfb, 0x0, 0x0, 0x0, 0x8,
    0x84, 0x40, 0x5d, 0x5f, 0x8b, 0x0, 0x0, 0x0,
    0x9d, 0xe4, 0xad, 0x23, 0xf0, 0x9e, 0x50, 0x0,
    0xd, 0xb1, 0xd9, 0x0, 0x3f, 0x0, 0x6e, 0x20,
    0x0, 0x20, 0x1, 0x0, 0x3, 0xf0, 0x0, 0x0,

    /* U+951F "锟" */
    0x0, 0x0, 0x0, 0x0, 0x0, 0x0, 0x0, 0x0,
    0x0, 0xe, 0x20, 0x2, 0x44, 0x44, 0x44, 0x44,
    0x0, 0x3, 0xe0, 0x0, 0x8e, 0xcc, 0xcc, 0xcc,
    0xf0, 0x0, 0x8e, 0xdd, 0xc8, 0x80, 0x0, 0x0,
    0x1f, 0x0, 0xe, 0x20, 0x0, 0x8f, 0xff, 0xff,
    0xff, 0xf0, 0x6, 0xc0, 0x0, 0x8, 0x91, 0x11,
    0x11, 0x2f, 0x0, 0x6d, 0xee, 0xe4, 0x89, 0x11,
    0x11, 0x12, 0xf0, 0x0, 0x2b, 0xa4, 0x18, 0xff,
    0xff, 0xff, 0xff, 0x0, 0x0, 0x98, 0x0, 0x44,
    0x0, 0x6, 0x0, 0x60, 0x3, 0xce, 0xec, 0xa8,
    0x80, 0x0, 0xf1, 0x19, 0x50, 0x1, 0x98, 0x10,
    0x8f, 0xff, 0x1f, 0x9f, 0x91, 0x0, 0x9, 0x80,
    0x8, 0x81, 0x10, 0xfb, 0x20, 0x20, 0x0, 0x98,
    0x3, 0x88, 0x0, 0xf, 0x10, 0x2f, 0x0, 0x9,
    0xac, 0xc8, 0x81, 0x71, 0xf1, 0x4, 0xd0, 0x0,
    0xcf, 0xb1, 0x9d, 0xfb, 0xf, 0x63, 0xaa, 0x0,
    0xc, 0x70, 0xa, 0xb3, 0x0, 0x8f, 0xfd, 0x30,
    0x0, 0x0, 0x0, 0x0, 0x0, 0x0, 0x0, 0x0,
    0x0,

    /* U+9522 "锢" */
    0x1, 0xd1, 0x1, 0x33, 0x33, 0x33, 0x33, 0x30,
    0x6d, 0x0, 0x7e, 0xdd, 0xdd, 0xdd, 0xde, 0xc,
    0xfe, 0xe8, 0x90, 0x4, 0x70, 0x3, 0xe4, 0xf2,
    0x11, 0x79, 0x0, 0x6a, 0x0, 0x3e, 0xca, 0x11,
    0x17, 0x9e, 0xff, 0xff, 0xf7, 0xe3, 0xbf, 0xfb,
    0x79, 0x0, 0x6a, 0x0, 0x3e, 0x0, 0xb6, 0x7,
    0x90, 0x6, 0xa0, 0x3, 0xe0, 0xb, 0x60, 0x79,
    0x5f, 0xff, 0xfa, 0x3e, 0xae, 0xfe, 0xe9, 0x95,
    0xb0, 0x6, 0xa3, 0xe0, 0x1b, 0x61, 0x79, 0x5b,
    0x0, 0x6a, 0x3e, 0x0, 0xb6, 0x7, 0x95, 0xfe,
    0xee, 0xa3, 0xe0, 0xb, 0x69, 0x89, 0x5b, 0x11,
    0x6a, 0x3e, 0x0, 0xbe, 0xd8, 0x90, 0x0, 0x0,
    0x3, 0xe0, 0xf, 0xa0, 0x7f, 0xff, 0xff, 0xff,
    0xfe, 0x0, 0x30, 0x7, 0x91, 0x11, 0x11, 0x14,
    0xe0,

    /* U+9529 "锩" */
    0x0, 0x30, 0x0, 0x0, 0x0, 0x31, 0x0, 0x0,
    0x0, 0x1f, 0x20, 0x0, 0xb1, 0xc, 0x40, 0x77,
    0x0, 0x5, 0xd0, 0x0, 0x8, 0xb0, 0xe3, 0x2f,
    0x30, 0x0, 0xaf, 0xff, 0xe0, 0x7, 0x1f, 0x3,
    0x60, 0x0, 0x1f, 0x20, 0x0, 0xaf, 0xff, 0xff,
    0xff, 0xf4, 0x7, 0xa0, 0x0, 0x0, 0x11, 0x99,
    0x11, 0x11, 0x0, 0x2c, 0xff, 0xf1, 0x11, 0x1d,
    0x61, 0x11, 0x11, 0x0, 0x2c, 0x94, 0x5f, 0xff,
    0xff, 0xff, 0xff, 0xc0, 0x0, 0xb7, 0x0, 0x2,
    0xe5, 0x1, 0xe3, 0x0, 0x5, 0xae, 0xda, 0x72,
    0xdd, 0x44, 0x49, 0xe4, 0x0, 0x36, 0xda, 0x6b,
    0xfd, 0xfb, 0xbb, 0xf7, 0xea, 0x0, 0xb, 0x70,
    0x45, 0x3e, 0x0, 0x1f, 0x11, 0x40, 0x0, 0xb7,
    0x14, 0x3, 0xe0, 0xcf, 0xb1, 0xb0, 0x0, 0xb,
    0xae, 0xa0, 0x3e, 0x1, 0x20, 0x3f, 0x0, 0x0,
    0xdf, 0xa0, 0x2, 0xf3, 0x11, 0x1a, 0xb0, 0x0,
    0xd, 0x60, 0x0, 0xa, 0xff, 0xff, 0xd3, 0x0,
    0x0, 0x0, 0x0, 0x0, 0x0, 0x0, 0x0, 0x0,
    0x0,

    /* U+952A "锪" */
    0x0, 0x2, 0x0, 0x0, 0x10, 0x0, 0x0, 0x0,
    0x0, 0x3, 0xf1, 0x0, 0xa, 0x80, 0x0, 0x0,
    0x0, 0x0, 0x8b, 0x0, 0x2, 0xf7, 0x66, 0x66,
    0x66, 0x0, 0xd, 0xff, 0xf4, 0xbb, 0xbf, 0xad,
    0xda, 0xf0, 0x6, 0xe2, 0x22, 0x7c, 0x8, 0xa0,
    0xc5, 0x1f, 0x0, 0xd6, 0x0, 0x4, 0x23, 0xe2,
    0x4e, 0x1, 0xf0, 0x4, 0xaf, 0xff, 0x2, 0xe5,
    0xd, 0x50, 0x2e, 0x0, 0x0, 0xa7, 0x4, 0xe6,
    0xc, 0xa0, 0x4, 0xc0, 0x0, 0xa, 0x70, 0x34,
    0x2d, 0xc2, 0x99, 0xd7, 0x0, 0xef, 0xff, 0xf3,
    0x1, 0x83, 0x8, 0x96, 0x0, 0x1, 0x1a, 0x81,
    0x0, 0x0, 0xe5, 0x0, 0x0, 0x0, 0x0, 0xa7,
    0x1, 0x6d, 0x54, 0xe1, 0x9, 0x50, 0x0, 0xa,
    0x73, 0x69, 0xd5, 0x8, 0x36, 0x8d, 0x0, 0x0,
    0xac, 0xeb, 0x4d, 0x50, 0x0, 0xd5, 0xe4, 0x0,
    0xe, 0xd2, 0xd0, 0xc8, 0x11, 0x5f, 0x16, 0x60,
    0x0, 0x51, 0x0, 0x4, 0xef, 0xfe, 0x60, 0x0,

    /* U+952B "锫" */
    0x0, 0x1, 0x0, 0x0, 0x0, 0x11, 0x0, 0x0,
    0x0, 0x2, 0xf1, 0x0, 0x0, 0xb, 0xb0, 0x0,
    0x0, 0x0, 0x7c, 0x0, 0x14, 0x44, 0x6e, 0x44,
    0x44, 0x0, 0xd, 0xff, 0xf4, 0xcc, 0xcc, 0xcc,
    0xcc, 0xc0, 0x6, 0xf2, 0x11, 0x2, 0x90, 0x0,
    0x6, 0x70, 0x0, 0xda, 0x11, 0x10, 0xd, 0x90,
    0x1, 0xf7, 0x0, 0x3, 0xbf, 0xfc, 0x0, 0x3b,
    0x0, 0xbb, 0x0, 0x0, 0x0, 0xa6, 0xb, 0xff,
    0xff, 0xff, 0xff, 0xf8, 0x0, 0xa, 0x60, 0x11,
    0x11, 0x11, 0x11, 0x11, 0x0, 0xad, 0xfe, 0xd1,
    0x12, 0x22, 0x22, 0x22, 0x0, 0x4, 0x5c, 0x95,
    0xd, 0xff, 0xff, 0xff, 0xf4, 0x0, 0x0, 0xa6,
    0x0, 0xd5, 0x0, 0x0, 0xe, 0x40, 0x0, 0xa,
    0x61, 0xd, 0x50, 0x0, 0x0, 0xe4, 0x0, 0x0,
    0xbb, 0xe2, 0xd5, 0x0, 0x0, 0xe, 0x40, 0x0,
    0xe, 0xd3, 0xd, 0xff, 0xff, 0xff, 0xf4, 0x0,
    0x0, 0x61, 0x0, 0xd6, 0x11, 0x11, 0x1e, 0x40,
    0x0, 0x0, 0x0, 0x0, 0x0, 0x0, 0x0, 0x0,
    0x0,

    /* U+952C "锬" */
    0x0, 0x10, 0x0, 0x0, 0x0, 0x11, 0x0, 0x0,
    0x0, 0xf2, 0x0, 0x2, 0x0, 0xa7, 0x0, 0x30,
    0x5, 0xd1, 0x11, 0x5e, 0x10, 0xb7, 0x6, 0xf2,
    0x9, 0xff, 0xff, 0xa, 0xb0, 0xe5, 0x4f, 0x40,
    0x1f, 0x10, 0x0, 0x0, 0x23, 0xf5, 0x3, 0x0,
    0x8a, 0x0, 0x0, 0x0, 0x1d, 0xcf, 0xa1, 0x0,
    0x5b, 0xff, 0xf5, 0x6, 0xec, 0x1, 0xbf, 0x70,
    0x0, 0x7b, 0x12, 0xef, 0x70, 0x63, 0x5, 0xe8,
    0x0, 0x7b, 0x0, 0x51, 0x0, 0xc5, 0x0, 0x20,
    0x5f, 0xff, 0xfe, 0x8b, 0x0, 0xe4, 0x5, 0xf1,
    0x1, 0x7b, 0x11, 0x1d, 0x81, 0xf5, 0x4f, 0x50,
    0x0, 0x7b, 0x0, 0x3, 0x26, 0xfd, 0x24, 0x0,
    0x0, 0x7b, 0x6, 0x0, 0x1e, 0x7c, 0x90, 0x0,
    0x0, 0x7d, 0xdd, 0x3, 0xdc, 0x2, 0xea, 0x0,
    0x0, 0xcf, 0x74, 0xaf, 0xb1, 0x0, 0x2d, 0xe8,
    0x0, 0x43, 0x4, 0xd5, 0x0, 0x0, 0x0, 0x85,
    0x0, 0x0, 0x0, 0x0, 0x0, 0x0, 0x0, 0x0,

    /* U+9531 "锱" */
    0x0, 0x2, 0x0, 0x0, 0x10, 0x0, 0x10, 0x2,
    0x0, 0x1, 0xf1, 0x0, 0xc, 0x80, 0xad, 0x4,
    0xf2, 0x0, 0x6c, 0x0, 0x8, 0xc0, 0x6e, 0x21,
    0xe6, 0x0, 0xd, 0xff, 0xfa, 0xf1, 0x1f, 0x50,
    0xcb, 0x0, 0x6, 0xf2, 0x22, 0x1c, 0x90, 0xad,
    0x14, 0xf5, 0x0, 0xda, 0x33, 0x30, 0x1e, 0x50,
    0xbd, 0x5, 0xf3, 0x2, 0x9f, 0xed, 0x20, 0x20,
    0x0, 0x20, 0x3, 0x0, 0x0, 0xb6, 0x0, 0xdf,
    0xff, 0xff, 0xff, 0xd0, 0x0, 0xb, 0x60, 0xe,
    0x31, 0x3f, 0x11, 0x4e, 0x0, 0xdf, 0xff, 0xf8,
    0xe2, 0x1, 0xf0, 0x3, 0xe0, 0x3, 0x3c, 0x83,
    0x1e, 0x30, 0x2f, 0x0, 0x3e, 0x0, 0x0, 0xb6,
    0x0, 0xef, 0xff, 0xff, 0xff, 0xe0, 0x0, 0xb,
    0x61, 0x3e, 0x20, 0x1f, 0x0, 0x3e, 0x0, 0x0,
    0xcb, 0xe5, 0xe2, 0x1, 0xf0, 0x3, 0xe0, 0x0,
    0x1f, 0xd3, 0xe, 0xee, 0xef, 0xee, 0xee, 0x0,
    0x0, 0x71, 0x0, 0xe4, 0x22, 0x22, 0x25, 0xe0,

    /* U+9532 "锲" */
    0x0, 0x0, 0x0, 0x1, 0x0, 0x0, 0x0, 0x0,
    0x2, 0xf0, 0x0, 0xd, 0x40, 0x0, 0x0, 0x0,
    0x7, 0xc0, 0x4, 0x7e, 0x96, 0xdf, 0xff, 0xf1,
    0xc, 0xed, 0xd5, 0x7e, 0x96, 0xb, 0x40, 0xf0,
    0x5e, 0x33, 0x31, 0x3e, 0x72, 0xc, 0x31, 0xf0,
    0xb7, 0x0, 0x5, 0xbf, 0xc8, 0xd, 0x21, 0xf0,
    0x2a, 0xff, 0xb0, 0xd, 0x40, 0x1f, 0x2, 0xf0,
    0x1, 0xe5, 0x1b, 0xef, 0xfe, 0x8a, 0x3, 0xe0,
    0x0, 0xe3, 0x0, 0xd, 0x44, 0xf7, 0xbe, 0x90,
    0xae, 0xfe, 0xe1, 0xc, 0x42, 0x62, 0x75, 0x0,
    0x12, 0xe5, 0x21, 0x11, 0x16, 0xc1, 0x11, 0x10,
    0x0, 0xe3, 0xe, 0xff, 0xff, 0xff, 0xff, 0xf7,
    0x0, 0xe3, 0x50, 0x0, 0x1e, 0xe8, 0x0, 0x0,
    0x0, 0xec, 0xf2, 0x1, 0xc9, 0x3f, 0x70, 0x0,
    0x3, 0xfc, 0x21, 0x7f, 0x90, 0x4, 0xed, 0x61,
    0x0, 0x70, 0x3f, 0xc3, 0x0, 0x0, 0x18, 0xe4,
    0x0, 0x0, 0x1, 0x0, 0x0, 0x0, 0x0, 0x0,

    /* U+9534 "锴" */
    0x0, 0x0, 0x0, 0x0, 0x0, 0x0, 0x0, 0x0,
    0x0, 0x1, 0xe1, 0x2, 0xd0, 0x0, 0x4c, 0x0,
    0x0, 0x0, 0x7c, 0x0, 0x2e, 0x0, 0x5, 0xd0,
    0x7d, 0x0, 0xc, 0xfe, 0xe6, 0xff, 0xff, 0x5e,
    0xcd, 0x30, 0x4, 0xe3, 0x22, 0x2e, 0x0, 0x5,
    0xf6, 0x5, 0x10, 0xd7, 0x0, 0x2, 0xe0, 0x17,
    0x5d, 0x0, 0xc5, 0x6, 0xae, 0xee, 0x3f, 0xaf,
    0xb5, 0xf3, 0x3f, 0x10, 0x2, 0xaa, 0x34, 0xf8,
    0x27, 0x3a, 0xed, 0x80, 0x0, 0x9, 0x80, 0x3,
    0x34, 0xf5, 0x33, 0x30, 0x0, 0xef, 0xff, 0xf5,
    0xed, 0xcc, 0xcc, 0xcf, 0x40, 0x1, 0x19, 0x91,
    0xe, 0x30, 0x0, 0x0, 0xe4, 0x0, 0x0, 0x98,
    0x0, 0xe6, 0x33, 0x33, 0x3e, 0x40, 0x0, 0x9,
    0x80, 0x1e, 0xdc, 0xcc, 0xcc, 0xf4, 0x0, 0x0,
    0x9b, 0xd6, 0xe3, 0x0, 0x0, 0xe, 0x40, 0x0,
    0xe, 0xe5, 0xe, 0xff, 0xff, 0xff, 0xf4, 0x0,
    0x0, 0x61, 0x0, 0xe4, 0x11, 0x11, 0x1e, 0x40,

    /* U+9535 "锵" */
    0x0, 0x30, 0x0, 0x4, 0x0, 0x13, 0x0, 0x0,
    0x1, 0xf2, 0x0, 0x2f, 0x0, 0xaa, 0x0, 0x0,
    0x5, 0xe1, 0x10, 0x2f, 0x2, 0xfe, 0xee, 0xe2,
    0x9, 0xff, 0xf1, 0x2f, 0xb, 0xa4, 0x47, 0xf1,
    0xf, 0x30, 0x49, 0x2f, 0x8e, 0x50, 0xc, 0x70,
    0x6d, 0x11, 0x3f, 0x4f, 0x93, 0x9c, 0xab, 0x0,
    0xbc, 0xff, 0xca, 0xaf, 0x0, 0x1e, 0xb0, 0x0,
    0x10, 0xd4, 0x1, 0x3f, 0x29, 0xe7, 0x9, 0x20,
    0x34, 0xe8, 0x40, 0x3f, 0x58, 0x10, 0xf, 0x30,
    0x8b, 0xfc, 0xb3, 0xdf, 0x7f, 0xff, 0xff, 0xfb,
    0x0, 0xd4, 0x2e, 0xbf, 0x15, 0x32, 0x2f, 0x51,
    0x0, 0xd4, 0x28, 0x2f, 0x9, 0xc0, 0xf, 0x30,
    0x0, 0xd4, 0x90, 0x2f, 0x0, 0xc9, 0xf, 0x30,
    0x0, 0xdd, 0xc0, 0x2f, 0x0, 0x11, 0xf, 0x30,
    0x1, 0xfc, 0x10, 0x2f, 0x0, 0x33, 0x5f, 0x20,
    0x0, 0xa1, 0x0, 0x2f, 0x0, 0x9f, 0xf9, 0x0,
    0x0, 0x0, 0x0, 0x0, 0x0, 0x0, 0x0, 0x0,

    /* U+9536 "锶" */
    0x0, 0x1, 0x0, 0x0, 0x0, 0x0, 0x0, 0x0,
    0x0, 0x5, 0xe0, 0x0, 0x88, 0x88, 0x88, 0x88,
    0x70, 0x0, 0x99, 0x0, 0xf, 0x98, 0x9f, 0x88,
    0xad, 0x0, 0xe, 0xff, 0xf3, 0xf2, 0x3, 0xe0,
    0x4, 0xd0, 0x7, 0xd2, 0x22, 0xf, 0x31, 0x4e,
    0x11, 0x4d, 0x0, 0xe5, 0x0, 0x0, 0xfe, 0xee,
    0xfe, 0xef, 0xd0, 0x5, 0xcf, 0xfe, 0xf, 0x20,
    0x3e, 0x0, 0x4d, 0x0, 0x0, 0xf3, 0x0, 0xf2,
    0x3, 0xe0, 0x4, 0xd0, 0x0, 0xf, 0x30, 0xf,
    0xaa, 0xbf, 0xaa, 0xbd, 0x0, 0xce, 0xfe, 0xe2,
    0xf7, 0x68, 0x66, 0x68, 0xd0, 0x2, 0x3f, 0x53,
    0x0, 0x0, 0xba, 0x0, 0x0, 0x0, 0x0, 0xf3,
    0x0, 0xb6, 0xd2, 0xf7, 0x9, 0x90, 0x0, 0xf,
    0x4b, 0x4d, 0x5d, 0x4, 0x35, 0x6f, 0x10, 0x0,
    0xff, 0x8a, 0x75, 0xd0, 0x0, 0xb8, 0xb9, 0x0,
    0x3f, 0x80, 0xd2, 0x3f, 0x21, 0x3f, 0x43, 0x30,
    0x0, 0x60, 0x0, 0x0, 0xaf, 0xfe, 0x90, 0x0,

    /* U+9537 "锷" */
    0x0, 0x50, 0x0, 0x0, 0x0, 0x0, 0x0, 0x0,
    0x3, 0xf0, 0x3, 0xcc, 0xc8, 0x2c, 0xcc, 0xa0,
    0x8, 0xb2, 0x24, 0xc3, 0x6b, 0x3d, 0x34, 0xd0,
    0xd, 0xff, 0xf6, 0xb0, 0x3b, 0x3c, 0x2, 0xd0,
    0x4e, 0x0, 0x4, 0xec, 0xdb, 0x3f, 0xcc, 0xd0,
    0xaa, 0x44, 0x33, 0xa3, 0x59, 0x2a, 0x34, 0xa0,
    0x3c, 0xff, 0xe0, 0x0, 0x0, 0x0, 0x0, 0x0,
    0x2, 0xd7, 0x30, 0xdf, 0xff, 0xff, 0xff, 0x40,
    0x0, 0xc5, 0x0, 0x0, 0x0, 0x0, 0x0, 0x0,
    0x8e, 0xfe, 0xea, 0xff, 0xff, 0xff, 0xff, 0xf8,
    0x13, 0xd7, 0x31, 0x3f, 0x11, 0x11, 0x11, 0x10,
    0x0, 0xc5, 0x0, 0x6f, 0xee, 0xee, 0xee, 0x0,
    0x0, 0xc5, 0x22, 0x1, 0x11, 0x11, 0x4e, 0x0,
    0x0, 0xc9, 0xe6, 0x0, 0x0, 0x0, 0x4d, 0x0,
    0x1, 0xff, 0x70, 0x0, 0x23, 0x33, 0xba, 0x0,
    0x1, 0xc3, 0x0, 0x0, 0x6f, 0xff, 0xc2, 0x0,
    0x0, 0x0, 0x0, 0x0, 0x0, 0x0, 0x0, 0x0,

    /* U+9538 "锸" */
    0x0, 0x10, 0x0, 0x0, 0x0, 0x0, 0x0, 0x0,
    0x1, 0xf2, 0x0, 0x1, 0x23, 0x35, 0x67, 0x80,
    0x6, 0xd0, 0x4, 0xff, 0xff, 0xfc, 0xba, 0x91,
    0xc, 0xfe, 0xe2, 0x10, 0x3, 0xe0, 0x0, 0x0,
    0x4f, 0x43, 0x32, 0x22, 0x25, 0xe2, 0x22, 0x21,
    0xc8, 0x0, 0xa, 0xff, 0xff, 0xff, 0xff, 0xf9,
    0x69, 0xff, 0xe0, 0x0, 0x3, 0xe0, 0x0, 0x0,
    0x1, 0xc7, 0x30, 0x5, 0xb6, 0xe1, 0x33, 0x20,
    0x0, 0xc5, 0x2, 0xfd, 0x85, 0xe7, 0xee, 0xe0,
    0x9b, 0xec, 0xb4, 0xf0, 0x3, 0xe0, 0x2, 0xe0,
    0x45, 0xd9, 0x53, 0xf1, 0x14, 0xe1, 0x24, 0xe0,
    0x0, 0xc5, 0x2, 0xff, 0xfa, 0xe7, 0xff, 0xe0,
    0x0, 0xc5, 0x12, 0xf0, 0x3, 0xe0, 0x2, 0xe0,
    0x0, 0xca, 0xe4, 0xf0, 0x3, 0xe0, 0x2, 0xe0,
    0x1, 0xfe, 0x42, 0xff, 0xff, 0xff, 0xff, 0xe0,
    0x0, 0x91, 0x2, 0xf1, 0x11, 0x11, 0x14, 0xe0,
    0x0, 0x0, 0x0, 0x0, 0x0, 0x0, 0x0, 0x0,

    /* U+953A "锺" */
    0x0, 0x1, 0x0, 0x0, 0x0, 0x0, 0x0, 0x0,
    0x0, 0x1, 0xf3, 0x0, 0x12, 0x23, 0x45, 0x67,
    0x70, 0x0, 0x6e, 0x0, 0x2e, 0xdd, 0xcf, 0xaa,
    0x87, 0x0, 0xc, 0xfc, 0xc3, 0x0, 0x2, 0xe0,
    0x0, 0x0, 0x5, 0xf5, 0x44, 0x8e, 0xee, 0xef,
    0xee, 0xee, 0x70, 0xda, 0x0, 0x0, 0x0, 0x2,
    0xe0, 0x0, 0x0, 0x5, 0xbf, 0xfd, 0xf, 0xee,
    0xef, 0xee, 0xec, 0x0, 0x0, 0xb6, 0x0, 0xf1,
    0x2, 0xe0, 0x4, 0xc0, 0x0, 0xb, 0x60, 0xf,
    0xdd, 0xdf, 0xdd, 0xdc, 0x0, 0xbd, 0xfe, 0xd3,
    0xf1, 0x2, 0xe0, 0x4, 0xc0, 0x2, 0x3c, 0x83,
    0xf, 0xee, 0xef, 0xee, 0xec, 0x0, 0x0, 0xb6,
    0x0, 0x50, 0x2, 0xe0, 0x1, 0x40, 0x0, 0xb,
    0x64, 0x2e, 0xee, 0xef, 0xee, 0xec, 0x0, 0x0,
    0xbd, 0xe1, 0x11, 0x13, 0xe1, 0x11, 0x0, 0x0,
    0x1f, 0xc1, 0xab, 0xbb, 0xcf, 0xbb, 0xbb, 0x80,
    0x0, 0x50, 0x3, 0x44, 0x44, 0x44, 0x44, 0x42,

    /* U+953C "锼" */
    0x0, 0x20, 0x0, 0x0, 0x1, 0x40, 0x0, 0x0,
    0x0, 0xf3, 0x0, 0x2, 0x74, 0xe0, 0x0, 0x0,
    0x5, 0xe0, 0x0, 0xef, 0xb6, 0xe7, 0xff, 0xe0,
    0xa, 0xfc, 0xc4, 0xf1, 0x3, 0xe0, 0x2, 0xe0,
    0x2f, 0x86, 0x63, 0xf3, 0x24, 0xe0, 0x24, 0xe0,
    0xbb, 0x0, 0x1, 0xfe, 0xe8, 0xe3, 0xee, 0xe0,
    0x97, 0xdd, 0xc1, 0xf1, 0x3, 0xe0, 0x2, 0xe0,
    0x0, 0xb6, 0x1, 0xfc, 0xcc, 0xfc, 0xcc, 0xe0,
    0x0, 0xb6, 0x0, 0xe4, 0x36, 0xf3, 0x35, 0xd0,
    0xde, 0xff, 0xe3, 0x0, 0x3, 0xe0, 0x0, 0x0,
    0x11, 0xb7, 0x13, 0xff, 0xff, 0xff, 0xff, 0x40,
    0x0, 0xb6, 0x0, 0xa, 0x90, 0x0, 0x7d, 0x0,
    0x0, 0xb6, 0x74, 0x1, 0xd6, 0x8, 0xe2, 0x0,
    0x0, 0xbd, 0xe2, 0x0, 0x1e, 0xed, 0x10, 0x0,
    0x0, 0xee, 0x21, 0x48, 0xdd, 0xaf, 0xd8, 0x52,
    0x0, 0x92, 0x2f, 0xea, 0x40, 0x1, 0x7b, 0xe5,
    0x0, 0x0, 0x1, 0x0, 0x0, 0x0, 0x0, 0x0,

    /* U+953E "锾" */
    0x0, 0x1, 0x0, 0x0, 0x0, 0x0, 0x0, 0x0,
    0x0, 0x2, 0xf1, 0x0, 0x23, 0x44, 0x56, 0x89,
    0xa0, 0x0, 0x7d, 0x0, 0x2f, 0xed, 0xcc, 0xa9,
    0x97, 0x10, 0xe, 0xff, 0xf6, 0x68, 0x5, 0xc0,
    0xe, 0x50, 0x7, 0xf1, 0x0, 0x1, 0xd1, 0xd,
    0x18, 0xb0, 0x0, 0xda, 0x44, 0x42, 0xee, 0xee,
    0xee, 0xfe, 0xe5, 0x2, 0xbf, 0xff, 0x32, 0x2e,
    0x52, 0x22, 0x22, 0x0, 0x0, 0xb6, 0x1, 0x33,
    0xf4, 0x33, 0x33, 0x31, 0x0, 0xb, 0x60, 0x5d,
    0xef, 0xdd, 0xdd, 0xdd, 0x70, 0xbd, 0xfe, 0xd6,
    0x9, 0x90, 0x0, 0x0, 0x0, 0x2, 0x3c, 0x83,
    0x10, 0xef, 0xff, 0xff, 0xfa, 0x0, 0x0, 0xb6,
    0x0, 0x5d, 0xe3, 0x0, 0x3f, 0x40, 0x0, 0xb,
    0x66, 0x4d, 0x46, 0xe2, 0x3e, 0x70, 0x0, 0x0,
    0xbd, 0xd9, 0xb0, 0x7, 0xff, 0x70, 0x0, 0x0,
    0x1e, 0xc3, 0xe2, 0x17, 0xde, 0xee, 0x84, 0x10,
    0x0, 0x80, 0x3, 0x9f, 0xc6, 0x0, 0x6b, 0xf8,
    0x0, 0x0, 0x0, 0x1, 0x20, 0x0, 0x0, 0x0,
    0x0,

    /* U+953F "锿" */
    0x0, 0x4, 0x0, 0x0, 0x0, 0x22, 0x0, 0x0,
    0x0, 0x3, 0xf0, 0x0, 0x0, 0x9, 0xe2, 0x0,
    0x0, 0x0, 0x8b, 0x0, 0x6a, 0xaa, 0xbf, 0xba,
    0xaa, 0x10, 0xd, 0xff, 0xf6, 0x66, 0x66, 0x66,
    0x66, 0x60, 0x4, 0xf2, 0x11, 0x2, 0x33, 0x33,
    0x33, 0x30, 0x0, 0xb9, 0x0, 0x0, 0xef, 0xff,
    0xff, 0xff, 0x30, 0xc, 0xbf, 0xfc, 0xe, 0x30,
    0x0, 0x0, 0xe3, 0x0, 0x0, 0xe4, 0x0, 0xe3,
    0x0, 0x0, 0xe, 0x30, 0x0, 0xe, 0x30, 0xe,
    0xcb, 0xbb, 0xbb, 0xf3, 0x0, 0xef, 0xff, 0xf1,
    0xd7, 0x9f, 0xf7, 0x66, 0x30, 0x1, 0x1e, 0x41,
    0x0, 0x2e, 0x4a, 0x60, 0x9d, 0x0, 0x0, 0xe3,
    0x50, 0x1d, 0xa0, 0x5d, 0xbb, 0x10, 0x0, 0xe,
    0x8f, 0x4d, 0xf8, 0x0, 0xcc, 0x0, 0x0, 0x0,
    0xff, 0x8f, 0x8a, 0x80, 0x77, 0xe8, 0x0, 0x0,
    0x2f, 0x51, 0x60, 0xbd, 0xfb, 0x23, 0xec, 0x20,
    0x0, 0x30, 0x0, 0xd, 0xa2, 0x0, 0x1, 0x80,
    0x0, 0x0, 0x0, 0x0, 0x0, 0x0, 0x0, 0x0,
    0x0,

    /* U+9542 "镂" */
    0x0, 0x0, 0x0, 0x0, 0x0, 0x20, 0x0, 0x0,
    0x1, 0xf2, 0x0, 0x31, 0x3, 0xe0, 0x4, 0x10,
    0x5, 0xe0, 0x0, 0x7e, 0x13, 0xe0, 0x4f, 0x40,
    0xb, 0xec, 0xc2, 0x8, 0x93, 0xe0, 0xe5, 0x0,
    0x3f, 0x54, 0x43, 0x66, 0x78, 0xf6, 0x76, 0x61,
    0xb9, 0x0, 0x4, 0x99, 0xaf, 0xff, 0x99, 0x92,
    0x59, 0xee, 0xd0, 0x2, 0xd7, 0xe8, 0xb1, 0x0,
    0x1, 0xc7, 0x20, 0x6e, 0x43, 0xe0, 0x8e, 0x70,
    0x0, 0xc5, 0x8, 0xd2, 0x3, 0xe0, 0x5, 0xe4,
    0x9c, 0xfd, 0xc2, 0x10, 0x6d, 0x10, 0x0, 0x0,
    0x35, 0xd8, 0x5a, 0xff, 0xff, 0xff, 0xff, 0xf7,
    0x0, 0xc5, 0x0, 0xc, 0x80, 0x2, 0xf2, 0x0,
    0x0, 0xc5, 0x41, 0x4f, 0xb4, 0xc, 0x90, 0x0,
    0x0, 0xcb, 0xf2, 0x0, 0x6e, 0xff, 0x20, 0x0,
    0x1, 0xfd, 0x20, 0x26, 0xbf, 0x9b, 0xfb, 0x40,
    0x0, 0x70, 0x1f, 0xfc, 0x82, 0x0, 0x2a, 0xf2,
    0x0, 0x0, 0x2, 0x0, 0x0, 0x0, 0x0, 0x10,

    /* U+9544 "镄" */
    0x0, 0x40, 0x0, 0x0, 0x20, 0x2, 0x0, 0x0,
    0x1, 0xf1, 0x0, 0x0, 0xd3, 0x1f, 0x0, 0x0,
    0x5, 0xd0, 0x3, 0xff, 0xff, 0xff, 0xff, 0x70,
    0xa, 0xee, 0xe2, 0x0, 0xe2, 0x1f, 0x8, 0x80,
    0x1f, 0x10, 0x1, 0xee, 0xfe, 0xef, 0xef, 0x80,
    0x8d, 0x44, 0x23, 0xc1, 0xf1, 0x2f, 0x18, 0x70,
    0x9c, 0xff, 0xb5, 0xb2, 0xf2, 0x3f, 0x22, 0x20,
    0x10, 0xd4, 0x5, 0xcd, 0xec, 0xcf, 0xcc, 0xf4,
    0x23, 0xe6, 0x31, 0x7d, 0x30, 0x1d, 0x24, 0xe3,
    0x7b, 0xfc, 0xbc, 0xfe, 0xdd, 0xdd, 0xef, 0x80,
    0x0, 0xd3, 0x0, 0xf4, 0x27, 0x62, 0x2f, 0x20,
    0x0, 0xd3, 0x0, 0xf2, 0xc, 0x70, 0xf, 0x20,
    0x0, 0xd4, 0xb1, 0xf2, 0xf, 0xc2, 0xf, 0x20,
    0x0, 0xed, 0xb0, 0x41, 0xad, 0x8f, 0x96, 0x0,
    0x1, 0xfb, 0x1, 0x7e, 0xe3, 0x2, 0xbf, 0x60,
    0x0, 0xa0, 0x1f, 0xd7, 0x0, 0x0, 0x5, 0xe3,
    0x0, 0x0, 0x1, 0x0, 0x0, 0x0, 0x0, 0x0,

    /* U+9545 "镅" */
    0x1, 0xd0, 0x0, 0x33, 0x33, 0x33, 0x33, 0x30,
    0x7c, 0x0, 0x1f, 0xcc, 0xcf, 0xcc, 0xcf, 0xd,
    0xec, 0xc5, 0xf1, 0x1, 0xe0, 0x1, 0xf5, 0xe3,
    0x33, 0x2f, 0x10, 0x2e, 0x0, 0x2f, 0xd7, 0x11,
    0x11, 0xff, 0xff, 0xff, 0xff, 0xf4, 0x8f, 0xec,
    0x1f, 0x10, 0x0, 0x0, 0x7, 0x0, 0xc5, 0x1,
    0xf3, 0xee, 0xee, 0xee, 0xb4, 0x5d, 0x85, 0x2f,
    0x2e, 0x0, 0x0, 0x5c, 0x8a, 0xec, 0xa4, 0xf2,
    0xfc, 0xcc, 0xcd, 0xc0, 0xc, 0x50, 0x4e, 0x2e,
    0x33, 0x33, 0x6c, 0x0, 0xc5, 0x6, 0xb2, 0xe0,
    0x0, 0x5, 0xc0, 0xc, 0x55, 0x99, 0x2f, 0xee,
    0xee, 0xfc, 0x0, 0xde, 0xde, 0x42, 0xe0, 0x0,
    0x4, 0xc0, 0x1f, 0x75, 0xe0, 0x2f, 0xee, 0xee,
    0xfc, 0x0, 0x10, 0x76, 0x2, 0xe0, 0x0, 0x5,
    0xc0, 0x0, 0x0, 0x0, 0x0, 0x0, 0x0, 0x0,

    /* U+9546 "镆" */
    0x0, 0x0, 0x0, 0x0, 0x0, 0x0, 0x0, 0x0,
    0x2, 0xf0, 0x0, 0x5, 0xa0, 0x3, 0xe0, 0x0,
    0x7, 0xc0, 0x4, 0x8a, 0xd8, 0x89, 0xf8, 0x84,
    0xc, 0xda, 0xa4, 0x7a, 0xd7, 0x79, 0xf7, 0x74,
    0x3f, 0x66, 0x60, 0x4, 0x80, 0x3, 0xb0, 0x0,
    0xb8, 0x0, 0x0, 0xef, 0xff, 0xff, 0xff, 0xa0,
    0x68, 0xdd, 0xc0, 0xe2, 0x0, 0x0, 0x7, 0xa0,
    0x1, 0xc8, 0x20, 0xef, 0xff, 0xff, 0xff, 0xa0,
    0x0, 0xb6, 0x0, 0xe2, 0x0, 0x0, 0x7, 0xa0,
    0xef, 0xff, 0xf3, 0xef, 0xff, 0xff, 0xff, 0xa0,
    0x11, 0xb7, 0x10, 0xa2, 0xc, 0x40, 0x5, 0x70,
    0x0, 0xb6, 0x9, 0xee, 0xef, 0xee, 0xee, 0xe9,
    0x0, 0xb6, 0xa4, 0x22, 0x7d, 0xe8, 0x22, 0x21,
    0x0, 0xbe, 0xc1, 0x4, 0xe4, 0x3e, 0x80, 0x0,
    0x0, 0xec, 0x15, 0xbe, 0x40, 0x2, 0xce, 0x94,
    0x0, 0x60, 0x2d, 0x70, 0x0, 0x0, 0x5, 0xb4,
    0x0, 0x0, 0x0, 0x0, 0x0, 0x0, 0x0, 0x0,

    /* U+9549 "镉" */
    0x0, 0x50, 0x0, 0x0, 0x0, 0x0, 0x0, 0x0,
    0x3, 0xf0, 0x3, 0xcc, 0xcc, 0xcc, 0xcc, 0xc1,
    0x8, 0xc3, 0x32, 0x33, 0x33, 0x33, 0x33, 0x30,
    0xd, 0xed, 0xd4, 0x2b, 0xbb, 0xbb, 0xba, 0x0,
    0x6d, 0x0, 0x0, 0x3f, 0x33, 0x33, 0x6e, 0x0,
    0xc7, 0x11, 0x10, 0x3e, 0x0, 0x0, 0x3e, 0x0,
    0x39, 0xff, 0xe0, 0x3f, 0xff, 0xff, 0xfe, 0x0,
    0x0, 0xb6, 0x0, 0x23, 0x11, 0x11, 0x23, 0x10,
    0x0, 0xb6, 0x2, 0xff, 0xff, 0xff, 0xff, 0xe0,
    0xdf, 0xff, 0xf5, 0xf0, 0xa1, 0x4, 0x73, 0xe0,
    0x12, 0xc7, 0x23, 0xf0, 0xa9, 0xb, 0x63, 0xe0,
    0x0, 0xb6, 0x2, 0xf1, 0x58, 0x5e, 0x33, 0xe0,
    0x0, 0xb6, 0x2, 0xf5, 0xcc, 0xfc, 0xc6, 0xe0,
    0x0, 0xb8, 0xc4, 0xf0, 0x2, 0xe0, 0x3, 0xe0,
    0x1, 0xef, 0x72, 0xf0, 0x2, 0xe1, 0x37, 0xd0,
    0x0, 0xb3, 0x2, 0xf0, 0x2, 0xe4, 0xed, 0x60,

    /* U+954C "镌" */
    0x0, 0x10, 0x0, 0x1, 0x0, 0x20, 0x0, 0x0,
    0x1, 0xf2, 0x0, 0x5d, 0x5, 0xe1, 0x0, 0x0,
    0x6, 0xd2, 0x20, 0xcb, 0x66, 0xe9, 0x66, 0x60,
    0xd, 0xff, 0xf5, 0xf8, 0x77, 0xf8, 0x77, 0x70,
    0x5f, 0x10, 0xd, 0xf8, 0x77, 0xf8, 0x77, 0x40,
    0xcb, 0x44, 0x58, 0xe6, 0x55, 0xf6, 0x55, 0x30,
    0x27, 0xec, 0x90, 0xeb, 0xaa, 0xfb, 0xaa, 0x60,
    0x0, 0xc5, 0x0, 0xe5, 0x33, 0xf5, 0x33, 0x20,
    0x0, 0xc5, 0x0, 0xe9, 0x88, 0xf9, 0x88, 0x81,
    0xdf, 0xff, 0xf2, 0xd8, 0x77, 0x77, 0x77, 0x71,
    0x0, 0xc5, 0x4, 0x77, 0x77, 0x77, 0x50, 0x0,
    0x0, 0xc5, 0x3, 0x6c, 0xa6, 0x6c, 0x80, 0x0,
    0x0, 0xc6, 0xc1, 0xd, 0x40, 0xd, 0xfe, 0xe0,
    0x0, 0xdf, 0x80, 0x4e, 0x0, 0x0, 0x3, 0xf0,
    0x1, 0xf7, 0x5, 0xf6, 0x0, 0x21, 0x17, 0xc0,
    0x0, 0x30, 0x4e, 0x50, 0x0, 0x8f, 0xfe, 0x40,
    0x0, 0x0, 0x0, 0x0, 0x0, 0x0, 0x0, 0x0,

    /* U+954E "镎" */
    0x0, 0x61, 0x0, 0x0, 0x0, 0x61, 0x0, 0x0,
    0x0, 0xf2, 0x0, 0x0, 0xb, 0xea, 0x0, 0x0,
    0x5, 0xd2, 0x20, 0x1, 0xca, 0xb, 0xb1, 0x0,
    0xb, 0xff, 0xf6, 0x6e, 0xed, 0xdd, 0xfe, 0x70,
    0x2e, 0x0, 0xb, 0xf4, 0x1, 0x11, 0x5, 0xe9,
    0x88, 0x11, 0x12, 0x2c, 0xdd, 0xdd, 0xdd, 0x21,
    0x1c, 0xff, 0xf0, 0xe, 0x43, 0x33, 0x3e, 0x10,
    0x0, 0xa7, 0x0, 0xe, 0xcb, 0xbb, 0xbf, 0x10,
    0x0, 0xa7, 0x0, 0x9, 0x43, 0x33, 0x44, 0x10,
    0x3f, 0xff, 0xfd, 0x6e, 0xee, 0xfe, 0xdc, 0x50,
    0x0, 0xa7, 0x0, 0x1, 0x11, 0xe4, 0x11, 0x0,
    0x0, 0xa7, 0x0, 0x4f, 0xff, 0xff, 0xff, 0x90,
    0x0, 0xa7, 0x0, 0x22, 0x22, 0xe5, 0x22, 0x21,
    0x0, 0xa8, 0x85, 0xdd, 0xdd, 0xfd, 0xdd, 0xd5,
    0x0, 0xdf, 0xc2, 0x2, 0x23, 0xf2, 0x0, 0x0,
    0x0, 0x95, 0x0, 0x9, 0xff, 0xa0, 0x0, 0x0,
    0x0, 0x0, 0x0, 0x0, 0x0, 0x0, 0x0, 0x0,

    /* U+954F "镏" */
    0x0, 0x10, 0x0, 0x0, 0x0, 0x0, 0x0, 0x0,
    0x2, 0xf0, 0x0, 0x48, 0xe8, 0x44, 0x44, 0x41,
    0x7, 0xb0, 0x7, 0xe8, 0x30, 0xcf, 0xcc, 0xf4,
    0xd, 0xff, 0xf7, 0x90, 0x20, 0xf, 0x10, 0xc4,
    0x5e, 0x21, 0x17, 0x92, 0xe1, 0x1f, 0x0, 0xd3,
    0xc7, 0x0, 0x7, 0x91, 0xca, 0x6c, 0x0, 0xd2,
    0x5a, 0xdd, 0x99, 0xef, 0x9c, 0xe5, 0x22, 0xf1,
    0x2, 0xc8, 0x2a, 0x91, 0xc, 0xa0, 0xde, 0x80,
    0x0, 0xb6, 0x1, 0x66, 0x69, 0x66, 0x66, 0x50,
    0xcf, 0xff, 0xf4, 0xe8, 0x8a, 0xe8, 0x89, 0xe0,
    0x11, 0xb7, 0x13, 0xd0, 0x3, 0xc0, 0x2, 0xe0,
    0x0, 0xb6, 0x3, 0xfb, 0xbc, 0xfb, 0xbc, 0xe0,
    0x0, 0xb6, 0x64, 0xd4, 0x47, 0xd4, 0x46, 0xe0,
    0x0, 0xbd, 0xe5, 0xd0, 0x3, 0xc0, 0x2, 0xe0,
    0x0, 0xfd, 0x13, 0xfd, 0xdd, 0xfd, 0xdd, 0xe0,
    0x0, 0x71, 0x3, 0xd3, 0x33, 0x33, 0x35, 0xe0,

    /* U+9552 "镒" */
    0x0, 0x20, 0x0, 0x1, 0x0, 0x0, 0x1, 0x0,
    0x0, 0xf2, 0x0, 0x2f, 0x40, 0x0, 0x8c, 0x0,
    0x4, 0xe0, 0x0, 0x6, 0xf3, 0x1, 0xf3, 0x0,
    0xa, 0xfd, 0xd2, 0x0, 0x83, 0xb, 0x90, 0x0,
    0x1f, 0x53, 0x36, 0xff, 0xff, 0xff, 0xff, 0xf1,
    0x8c, 0x0, 0x0, 0x0, 0x43, 0x4, 0x10, 0x0,
    0xab, 0xff, 0xd0, 0x6, 0xf6, 0x8, 0xe4, 0x0,
    0x0, 0xc6, 0x11, 0xae, 0x30, 0x0, 0x4e, 0x90,
    0x12, 0xc7, 0x2a, 0x90, 0x0, 0x0, 0x1, 0xc4,
    0xbe, 0xff, 0xe1, 0xbc, 0xcc, 0xcc, 0xcc, 0x30,
    0x0, 0xc6, 0x0, 0xe5, 0x5e, 0x3f, 0x4d, 0x40,
    0x0, 0xc6, 0x0, 0xe2, 0x2e, 0xf, 0x1c, 0x40,
    0x0, 0xc7, 0xd1, 0xe2, 0x2e, 0xf, 0x1c, 0x40,
    0x0, 0xcf, 0xa0, 0xe2, 0x2e, 0xf, 0x1c, 0x40,
    0x0, 0xfb, 0x14, 0xf5, 0x5e, 0x4f, 0x5d, 0x72,
    0x0, 0x60, 0x2b, 0xbb, 0xbb, 0xbb, 0xbb, 0xb6,

    /* U+9553 "镓" */
    0x0, 0x20, 0x0, 0x0, 0x1, 0x30, 0x0, 0x0,
    0x1, 0xf2, 0x0, 0x0, 0x5, 0xe1, 0x0, 0x0,
    0x6, 0xd0, 0x1, 0x66, 0x66, 0xd7, 0x66, 0x60,
    0xc, 0xff, 0xf9, 0xfa, 0xaa, 0xaa, 0xaa, 0xf2,
    0x5f, 0x32, 0x24, 0xf0, 0x0, 0x0, 0x0, 0xf2,
    0xda, 0x0, 0x0, 0xa8, 0x88, 0x88, 0x88, 0x91,
    0x3c, 0xff, 0xf0, 0x88, 0x8e, 0xe8, 0x88, 0x81,
    0x0, 0xc5, 0x0, 0x3, 0xcf, 0x40, 0x1, 0x50,
    0x0, 0xc5, 0x4, 0xbe, 0x68, 0xd0, 0x4e, 0x80,
    0xdf, 0xff, 0xf5, 0x70, 0x5e, 0xea, 0xf6, 0x0,
    0x12, 0xd6, 0x20, 0x2b, 0xc2, 0xad, 0x98, 0x0,
    0x0, 0xc5, 0x8, 0xf8, 0x6, 0xfc, 0x3d, 0x0,
    0x0, 0xc5, 0x43, 0x11, 0xad, 0x4e, 0xd, 0x60,
    0x0, 0xdb, 0xe2, 0x6e, 0xb1, 0x2f, 0x5, 0xf3,
    0x1, 0xfd, 0x28, 0xd5, 0x33, 0x9d, 0x0, 0xa3,
    0x0, 0x80, 0x0, 0x0, 0xdf, 0xe4, 0x0, 0x0,
    0x0, 0x0, 0x0, 0x0, 0x0, 0x0, 0x0, 0x0,

    /* U+9554 "镔" */
    0x0, 0x10, 0x0, 0x0, 0x0, 0x30, 0x0, 0x0,
    0x0, 0xf, 0x30, 0x0, 0x0, 0xe, 0x40, 0x0,
    0x0, 0x5, 0xe0, 0x0, 0x6a, 0xaa, 0xdd, 0xaa,
    0xa8, 0x0, 0xaf, 0xff, 0xaa, 0xb6, 0x66, 0x66,
    0x68, 0xe0, 0x2f, 0x31, 0x11, 0x98, 0x0, 0x1,
    0x35, 0x3c, 0x9, 0xb0, 0x0, 0x0, 0x4e, 0xef,
    0xfe, 0xc3, 0x0, 0x2b, 0xee, 0xe4, 0x5, 0xd2,
    0x10, 0x0, 0x0, 0x0, 0x2a, 0xa3, 0x0, 0x5d,
    0x11, 0x11, 0x11, 0x0, 0x0, 0x89, 0x0, 0x5,
    0xff, 0xff, 0xff, 0xf7, 0x4, 0xbe, 0xeb, 0xa0,
    0x5c, 0x0, 0x1f, 0x0, 0x0, 0x13, 0xaa, 0x32,
    0x5, 0xc0, 0x1, 0xf0, 0x0, 0x0, 0x8, 0x90,
    0x2d, 0xef, 0xdd, 0xdf, 0xdd, 0xd2, 0x0, 0x89,
    0x16, 0x33, 0x35, 0x33, 0x53, 0x33, 0x0, 0x8,
    0xde, 0xa0, 0x3c, 0xf1, 0xe, 0xc4, 0x0, 0x0,
    0xdf, 0x62, 0xbf, 0xb2, 0x0, 0x19, 0xfb, 0x0,
    0x5, 0x20, 0x1a, 0x40, 0x0, 0x0, 0x2, 0x70,

    /* U+9556 "镖" */
    0x0, 0x2d, 0x0, 0x44, 0x44, 0x44, 0x44, 0x44,
    0x10, 0x7, 0xc0, 0xa, 0xbb, 0xfc, 0xbf, 0xbb,
    0xb2, 0x0, 0xce, 0xcc, 0x10, 0xd, 0x31, 0xf0,
    0x0, 0x0, 0x4e, 0x22, 0x28, 0xfe, 0xff, 0xef,
    0xef, 0xc0, 0xc, 0x70, 0x0, 0x86, 0xd, 0x30,
    0xf0, 0x3c, 0x0, 0x7a, 0xee, 0xc8, 0x71, 0xd4,
    0x1f, 0x14, 0xc0, 0x0, 0x2d, 0x73, 0x8f, 0xee,
    0xee, 0xee, 0xec, 0x0, 0x0, 0xc4, 0x1, 0x20,
    0x0, 0x0, 0x1, 0x30, 0xb, 0xcf, 0xdc, 0xc,
    0xff, 0xff, 0xff, 0xf1, 0x0, 0x34, 0xd7, 0x40,
    0x0, 0x0, 0x0, 0x0, 0x0, 0x0, 0xc, 0x40,
    0xcf, 0xff, 0xff, 0xff, 0xff, 0x40, 0x0, 0xc4,
    0x20, 0x5, 0x6, 0xc0, 0x30, 0x0, 0x0, 0xd,
    0xae, 0x1a, 0xd1, 0x5c, 0x1e, 0xa1, 0x0, 0x1,
    0xfe, 0x6e, 0xa2, 0x19, 0xb0, 0x1c, 0xe2, 0x0,
    0x9, 0x11, 0x60, 0x8f, 0xf5, 0x0, 0x6, 0x0,
    0x0, 0x0, 0x0, 0x0, 0x0, 0x0, 0x0, 0x0,

    /* U+9557 "镗" */
    0x0, 0x0, 0x0, 0x0, 0x0, 0x10, 0x0, 0x0,
    0x1, 0xd1, 0x0, 0x94, 0x1, 0xf0, 0x3, 0x90,
    0x6, 0xd0, 0x0, 0x6f, 0x61, 0xf0, 0x7f, 0x80,
    0xb, 0xeb, 0xb1, 0x16, 0x73, 0xf1, 0x85, 0x10,
    0x4f, 0x65, 0x5a, 0xfe, 0xee, 0xee, 0xee, 0xf7,
    0xca, 0x11, 0x9, 0x71, 0x11, 0x11, 0x11, 0x87,
    0x5c, 0xff, 0xc9, 0x9f, 0xee, 0xee, 0xef, 0x97,
    0x0, 0xb6, 0x0, 0x2e, 0x0, 0x0, 0xf, 0x0,
    0x0, 0xb6, 0x0, 0x2f, 0x44, 0x44, 0x4f, 0x0,
    0xbf, 0xff, 0xf2, 0x2f, 0xbc, 0xfb, 0xbf, 0x0,
    0x11, 0xb7, 0x10, 0x17, 0x1, 0xf0, 0x8, 0x0,
    0x0, 0xb6, 0x1, 0xcc, 0xcc, 0xfc, 0xcc, 0xc0,
    0x0, 0xb6, 0x61, 0x44, 0x45, 0xf4, 0x44, 0x40,
    0x0, 0xbd, 0xe1, 0x0, 0x1, 0xf0, 0x0, 0x0,
    0x0, 0xfc, 0x1c, 0xee, 0xee, 0xfe, 0xee, 0xea,
    0x0, 0x50, 0x1, 0x11, 0x11, 0x11, 0x11, 0x11,

    /* U+9558 "镘" */
    0x0, 0x40, 0x0, 0x0, 0x0, 0x0, 0x0, 0x0,
    0x3, 0xf0, 0x0, 0x9d, 0xdd, 0xdd, 0xdd, 0x50,
    0x7, 0xb0, 0x0, 0xb5, 0x0, 0x0, 0x9, 0x70,
    0xc, 0xff, 0xf1, 0xbf, 0xff, 0xff, 0xff, 0x70,
    0x4f, 0x21, 0x10, 0xb5, 0x0, 0x0, 0x9, 0x70,
    0xaa, 0x11, 0x10, 0x9d, 0xdd, 0xdd, 0xdd, 0x60,
    0x5c, 0xff, 0xc0, 0x0, 0x0, 0x0, 0x0, 0x0,
    0x3, 0xc8, 0x37, 0xed, 0xee, 0xdf, 0xed, 0xf4,
    0x0, 0xb5, 0x7, 0x70, 0x95, 0xa, 0x40, 0xc4,
    0x7b, 0xed, 0xb8, 0xdb, 0xed, 0xbe, 0xcb, 0xe4,
    0x23, 0xc7, 0x32, 0x30, 0x0, 0x0, 0x0, 0x41,
    0x0, 0xb5, 0x0, 0xcf, 0xdd, 0xdd, 0xdf, 0x40,
    0x0, 0xb5, 0x30, 0x8, 0xb0, 0x0, 0xab, 0x0,
    0x0, 0xba, 0xe0, 0x0, 0x8d, 0x6d, 0x90, 0x0,
    0x0, 0xee, 0x30, 0x4, 0x8f, 0xee, 0x84, 0x10,
    0x0, 0x91, 0x9, 0xfc, 0x72, 0x3, 0x8c, 0xf7,
    0x0, 0x0, 0x1, 0x0, 0x0, 0x0, 0x0, 0x0,

    /* U+9559 "镙" */
    0x0, 0x40, 0x0, 0x0, 0x0, 0x0, 0x0, 0x0,
    0x2, 0xf0, 0x4, 0xcc, 0xcc, 0xcc, 0xcc, 0xb0,
    0x7, 0xc0, 0x5, 0xc2, 0x26, 0xd2, 0x25, 0xe0,
    0xd, 0xff, 0xf6, 0xb0, 0x4, 0xc0, 0x2, 0xe0,
    0x5f, 0x65, 0x56, 0xfe, 0xee, 0xfe, 0xee, 0xe0,
    0xca, 0x11, 0x5, 0xb0, 0x4, 0xc0, 0x2, 0xe0,
    0x3c, 0xff, 0xc5, 0xfe, 0xef, 0xfe, 0xee, 0xe0,
    0x0, 0xb6, 0x1, 0x32, 0xba, 0x10, 0x66, 0x40,
    0x0, 0xb6, 0x0, 0xbf, 0x98, 0x8c, 0xc3, 0x0,
    0xbf, 0xff, 0xf2, 0x78, 0x9f, 0xe5, 0x62, 0x0,
    0x11, 0xb7, 0x10, 0x18, 0xd6, 0x0, 0x7d, 0x10,
    0x0, 0xb6, 0x5, 0xff, 0xbc, 0xde, 0xef, 0xd0,
    0x0, 0xb6, 0x63, 0x66, 0x35, 0xf0, 0x20, 0x70,
    0x0, 0xbd, 0xe2, 0x7f, 0x33, 0xf0, 0xdc, 0x30,
    0x0, 0xfc, 0x4d, 0xd5, 0x28, 0xe0, 0x8, 0xf6,
    0x0, 0x50, 0x17, 0xc, 0xff, 0x70, 0x0, 0x32,
    0x0, 0x0, 0x0, 0x0, 0x0, 0x0, 0x0, 0x0,

    /* U+955B "镛" */
    0x0, 0x30, 0x0, 0x0, 0x0, 0x30, 0x0, 0x0,
    0x2, 0xf0, 0x0, 0x0, 0x1, 0xe5, 0x0, 0x0,
    0x7, 0xb0, 0x5, 0xff, 0xff, 0xff, 0xff, 0xf8,
    0xd, 0xed, 0xd7, 0x90, 0x0, 0x16, 0x0, 0x0,
    0x6e, 0x44, 0x46, 0x93, 0xdd, 0xdf, 0xdd, 0xd0,
    0xa6, 0x0, 0x5, 0xb5, 0x55, 0x7e, 0x56, 0xe2,
    0x1d, 0xff, 0xe5, 0xc7, 0x77, 0x8e, 0x78, 0xe3,
    0x0, 0xc4, 0x5, 0x92, 0x99, 0xae, 0x99, 0xd0,
    0x0, 0xc4, 0x6, 0x91, 0x55, 0x6e, 0x55, 0xb0,
    0xaf, 0xff, 0xf7, 0x8c, 0xdd, 0xdf, 0xdd, 0xe2,
    0x0, 0xc4, 0x8, 0x7d, 0x10, 0x2d, 0x0, 0xb3,
    0x0, 0xc4, 0xa, 0x5d, 0xdd, 0xdf, 0xdd, 0xf3,
    0x0, 0xc7, 0xbe, 0x2d, 0x10, 0x2d, 0x0, 0xb3,
    0x0, 0xff, 0x8e, 0xd, 0xdd, 0xdf, 0xdd, 0xf3,
    0x1, 0xd4, 0xa9, 0xd, 0x10, 0x2d, 0x0, 0xc2,
    0x0, 0x0, 0xd2, 0xd, 0x10, 0x2d, 0x9f, 0xd0,
    0x0, 0x0, 0x0, 0x1, 0x0, 0x0, 0x0, 0x0,

    /* U+955D "镝" */
    0x0, 0x10, 0x0, 0x0, 0x2, 0x10, 0x0, 0x0,
    0x1, 0xf1, 0x0, 0x0, 0xc, 0x90, 0x0, 0x0,
    0x6, 0xc0, 0x4, 0x77, 0x7a, 0xd7, 0x77, 0x72,
    0xc, 0xff, 0xf6, 0x9c, 0x99, 0x99, 0xd9, 0x92,
    0x4f, 0x21, 0x10, 0xa, 0xa0, 0x7, 0xd0, 0x0,
    0xba, 0x11, 0x1, 0x57, 0xe6, 0x6f, 0x85, 0x40,
    0x2c, 0xff, 0xc4, 0xd8, 0x89, 0x98, 0x8a, 0xd0,
    0x0, 0xb6, 0x4, 0xb0, 0x6, 0xa0, 0x4, 0xd0,
    0x0, 0xb6, 0x4, 0xbb, 0xef, 0xfe, 0xe5, 0xd0,
    0x9e, 0xfe, 0xe6, 0xb0, 0x6, 0xa0, 0x4, 0xd0,
    0x1, 0xb7, 0x14, 0xb3, 0xef, 0xfe, 0x74, 0xd0,
    0x0, 0xb6, 0x4, 0xb4, 0xc0, 0x8, 0x84, 0xd0,
    0x0, 0xb6, 0x15, 0xb4, 0xc1, 0x18, 0x84, 0xd0,
    0x0, 0xb9, 0xe8, 0xb3, 0xec, 0xcc, 0x64, 0xd0,
    0x0, 0xef, 0x64, 0xb0, 0x0, 0x3, 0x28, 0xc0,
    0x0, 0xa3, 0x4, 0xb0, 0x0, 0xb, 0xff, 0x60,
    0x0, 0x0, 0x0, 0x20, 0x0, 0x0, 0x0, 0x0,

    /* U+955E "镞" */
    0x0, 0x0, 0x0, 0x0, 0x0, 0x0, 0x0, 0x0,
    0x3, 0xd0, 0x0, 0xb2, 0x0, 0x5a, 0x0, 0x0,
    0x7, 0xa0, 0x0, 0x7b, 0x0, 0xa8, 0x11, 0x10,
    0xc, 0xdb, 0xa1, 0x28, 0x10, 0xef, 0xff, 0xf5,
    0x2e, 0x55, 0x4e, 0xff, 0xfa, 0xb0, 0x0, 0x0,
    0x88, 0x11, 0x1, 0xe0, 0xd, 0x5e, 0x10, 0x0,
    0x3b, 0xfc, 0x52, 0xe0, 0x2, 0x7f, 0xee, 0xc0,
    0x0, 0xf1, 0x2, 0xff, 0xf2, 0xe3, 0xf1, 0x0,
    0x26, 0xf6, 0x63, 0xd1, 0xf6, 0x90, 0xf0, 0x0,
    0x6c, 0xfd, 0xc5, 0xc0, 0xf1, 0x12, 0xf1, 0x10,
    0x0, 0xf1, 0x4, 0xb0, 0xf6, 0xff, 0xff, 0xf5,
    0x0, 0xf1, 0x6, 0x90, 0xf0, 0x4, 0xf2, 0x0,
    0x0, 0xf3, 0x7a, 0x70, 0xf0, 0x8, 0xe8, 0x0,
    0x1, 0xff, 0xbf, 0x31, 0xf0, 0x1f, 0x4e, 0x10,
    0x6, 0xf6, 0x8d, 0x15, 0xd1, 0xc9, 0xa, 0xb0,
    0x0, 0x40, 0xf5, 0xef, 0x6c, 0xc0, 0x1, 0xe7,
    0x0, 0x0, 0x30, 0x0, 0x3, 0x0, 0x0, 0x20,

    /* U+955F "镟" */
    0x0, 0x0, 0x0, 0x0, 0x0, 0x0, 0x0, 0x0,
    0x0, 0x3d, 0x0, 0xc, 0x20, 0x2, 0xd0, 0x0,
    0x0, 0x7, 0xa0, 0x0, 0x8a, 0x0, 0x7b, 0x11,
    0x10, 0x0, 0xcd, 0xba, 0x12, 0x71, 0xc, 0xff,
    0xff, 0xc0, 0x2e, 0x55, 0x6f, 0xff, 0xf9, 0xe0,
    0x0, 0x0, 0x8, 0x81, 0x10, 0x3d, 0x0, 0x37,
    0x22, 0x22, 0x10, 0x3b, 0xfc, 0x54, 0xc0, 0x3,
    0xcc, 0xfc, 0xdb, 0x0, 0xf, 0x0, 0x4f, 0xff,
    0x0, 0xf, 0x1b, 0x50, 0x36, 0xf6, 0x65, 0xc1,
    0xf0, 0x80, 0xf1, 0x90, 0x5, 0xaf, 0xaa, 0x5b,
    0xf, 0xf, 0xf, 0x21, 0x0, 0x0, 0xf0, 0x7,
    0x90, 0xf0, 0xf0, 0xff, 0xf7, 0x0, 0xf, 0x0,
    0x97, 0x1e, 0x1e, 0xf, 0x10, 0x0, 0x0, 0xf5,
    0x7d, 0x51, 0xd3, 0xf2, 0xf1, 0x0, 0x0, 0x2f,
    0xf7, 0xf1, 0x2d, 0x7e, 0xaf, 0x10, 0x0, 0x7,
    0xe3, 0xab, 0x17, 0xbc, 0x5c, 0xf3, 0x12, 0x0,
    0x2, 0x2f, 0x4f, 0xe6, 0xf0, 0x1a, 0xef, 0xd0,
    0x0, 0x0, 0x30, 0x0, 0x4, 0x0, 0x0, 0x0,
    0x0,

    /* U+9561 "镡" */
    0x0, 0x50, 0x0, 0x0, 0x0, 0x0, 0x0, 0x0,
    0x3, 0xf0, 0xa, 0xaa, 0xaa, 0xaa, 0xaa, 0xa2,
    0x8, 0xb0, 0x3, 0x33, 0xf4, 0x3f, 0x43, 0x30,
    0xd, 0xfe, 0xe2, 0x22, 0xe3, 0x2e, 0x32, 0x20,
    0x6f, 0x55, 0x59, 0xca, 0xfa, 0xaf, 0xab, 0xd0,
    0xc7, 0x0, 0x9, 0x40, 0xe1, 0xe, 0x11, 0xd0,
    0x3b, 0xff, 0xd9, 0xdd, 0xdd, 0xdd, 0xdd, 0xd0,
    0x1, 0xc5, 0x12, 0x10, 0x0, 0x0, 0x0, 0x40,
    0x0, 0xc4, 0x0, 0xed, 0xdd, 0xdd, 0xdf, 0x10,
    0x9a, 0xec, 0xa1, 0xe2, 0x11, 0x11, 0x1e, 0x10,
    0x66, 0xd9, 0x60, 0xeb, 0xbb, 0xbb, 0xbf, 0x10,
    0x0, 0xc4, 0x0, 0xe5, 0x44, 0x44, 0x4f, 0x10,
    0x0, 0xc4, 0x10, 0xe9, 0x8c, 0xd8, 0x8f, 0x10,
    0x0, 0xca, 0xca, 0xbb, 0xbd, 0xeb, 0xbb, 0xb4,
    0x1, 0xfc, 0x13, 0x33, 0x39, 0xb3, 0x33, 0x31,
    0x0, 0x70, 0x0, 0x0, 0x7, 0xa0, 0x0, 0x0,

    /* U+9562 "镢" */
    0x0, 0x1, 0x0, 0x0, 0x0, 0x0, 0x0, 0x0,
    0x0, 0x6, 0x90, 0x5, 0x55, 0x55, 0x55, 0x55,
    0x51, 0x0, 0xa5, 0x3, 0xeb, 0xbb, 0xbb, 0xbb,
    0xbb, 0x30, 0xf, 0xff, 0x7b, 0x57, 0x3, 0xa0,
    0xc2, 0x0, 0x7, 0xa0, 0x3, 0xb1, 0xe1, 0xa6,
    0x1e, 0x0, 0x0, 0xd4, 0x22, 0x3b, 0xbe, 0xdf,
    0xd9, 0xfd, 0xd2, 0x2, 0xbf, 0xd5, 0xb2, 0x3d,
    0x43, 0xe4, 0x2e, 0x10, 0x1, 0xd0, 0x3b, 0x84,
    0xc2, 0xd6, 0x55, 0xb0, 0x0, 0x1d, 0x3, 0xb9,
    0x4c, 0x2e, 0xc, 0x53, 0x0, 0xdf, 0xff, 0x9a,
    0x94, 0xd2, 0xe0, 0xc2, 0x0, 0x0, 0x2d, 0x15,
    0x99, 0xcf, 0xce, 0xe, 0x20, 0x0, 0x1, 0xd0,
    0x67, 0x24, 0xf4, 0xe1, 0xf6, 0x0, 0x0, 0x1d,
    0x8a, 0x50, 0x4c, 0x0, 0x7c, 0xb0, 0x0, 0x3,
    0xfb, 0xe1, 0xb, 0x70, 0x1e, 0x3d, 0x20, 0x0,
    0x5a, 0x4d, 0x6, 0xd0, 0x1d, 0x90, 0x6c, 0x0,
    0x0, 0x6, 0x60, 0xd3, 0x8, 0xa0, 0x0, 0xa3,
    0x0, 0x0, 0x0, 0x0, 0x0, 0x0, 0x0, 0x0,
    0x0,

    /* U+9564 "镤" */
    0x0, 0x40, 0x0, 0x0, 0x52, 0x6, 0x10, 0x0,
    0x3, 0xe0, 0x4, 0x80, 0xb5, 0xd, 0x33, 0x90,
    0x8, 0xb2, 0x21, 0xe4, 0xb5, 0xd, 0x3d, 0x60,
    0xd, 0xed, 0xd2, 0x33, 0xb5, 0xd, 0x47, 0x0,
    0x5e, 0x0, 0x8, 0xdd, 0xfe, 0xdf, 0xdd, 0xd4,
    0xb8, 0x11, 0x11, 0x2b, 0x52, 0x22, 0xa5, 0x20,
    0x2b, 0xff, 0xc0, 0x6, 0xd0, 0x4, 0xe1, 0x0,
    0x0, 0xb5, 0x5, 0xff, 0xff, 0xff, 0xff, 0xe0,
    0x1, 0xc6, 0x10, 0x0, 0x5, 0xb0, 0x0, 0x0,
    0x9f, 0xff, 0xf1, 0xcd, 0xde, 0xfd, 0xdd, 0x50,
    0x0, 0xb5, 0x0, 0x22, 0x27, 0xb2, 0x22, 0x0,
    0x0, 0xb5, 0x1, 0x22, 0x28, 0xa2, 0x22, 0x20,
    0x0, 0xb5, 0x1b, 0xdd, 0xdf, 0xfe, 0xdd, 0xd5,
    0x0, 0xb8, 0xe0, 0x0, 0x5e, 0xba, 0x0, 0x0,
    0x0, 0xef, 0x50, 0x19, 0xf4, 0xc, 0xc4, 0x0,
    0x0, 0xc3, 0x1c, 0xfa, 0x20, 0x0, 0x7e, 0xe5,
    0x0, 0x0, 0x4, 0x10, 0x0, 0x0, 0x0, 0x40,

    /* U+9565 "镥" */
    0x0, 0x30, 0x0, 0x0, 0x42, 0x0, 0x0, 0x0,
    0x3, 0xe0, 0x0, 0x6, 0xf8, 0x77, 0x71, 0x0,
    0x7, 0xb3, 0x30, 0x6c, 0x55, 0x5a, 0xd1, 0x0,
    0xd, 0xcc, 0xc9, 0xfb, 0xaa, 0xaf, 0xba, 0xa1,
    0x5c, 0x0, 0x8, 0xd3, 0x34, 0xe3, 0x33, 0xd2,
    0xb5, 0x0, 0x2, 0xea, 0xab, 0xfa, 0xaa, 0xf2,
    0x2b, 0xff, 0xb2, 0xd3, 0x34, 0xf3, 0x33, 0xe2,
    0x0, 0xd3, 0x2, 0xeb, 0xbb, 0xdb, 0xbb, 0xf2,
    0x0, 0xd3, 0x0, 0x10, 0x0, 0x0, 0x0, 0x20,
    0x9d, 0xfd, 0xda, 0xee, 0xee, 0xee, 0xee, 0xec,
    0x34, 0xe6, 0x40, 0x0, 0x0, 0x0, 0x0, 0x0,
    0x0, 0xd3, 0x0, 0xee, 0xdd, 0xdd, 0xde, 0xe0,
    0x0, 0xd3, 0x0, 0xe2, 0x0, 0x0, 0x3, 0xe0,
    0x0, 0xd4, 0xc1, 0xed, 0xcc, 0xcc, 0xcd, 0xe0,
    0x0, 0xff, 0x60, 0xe4, 0x22, 0x22, 0x25, 0xe0,
    0x1, 0xb2, 0x0, 0xeb, 0xbb, 0xbb, 0xbc, 0xe0,

    /* U+9566 "镦" */
    0x0, 0x0, 0x0, 0x0, 0x0, 0x0, 0x0, 0x0,
    0x5, 0x80, 0x0, 0x89, 0x0, 0x6, 0xb0, 0x0,
    0x9, 0x60, 0x0, 0x2d, 0x0, 0x9, 0x80, 0x0,
    0xe, 0xcb, 0xbf, 0xff, 0xff, 0x5d, 0x61, 0x10,
    0x6c, 0x44, 0x10, 0x0, 0x0, 0x1f, 0xff, 0xf9,
    0xd4, 0x0, 0xe, 0xcc, 0xd9, 0x7e, 0x3, 0xd0,
    0x3c, 0xff, 0x2e, 0x10, 0x79, 0xdf, 0x5, 0xb0,
    0x1, 0xd0, 0xe, 0xcc, 0xdc, 0xdd, 0x27, 0x90,
    0x2, 0xd0, 0x8, 0x22, 0x55, 0x2a, 0x5a, 0x70,
    0xef, 0xff, 0x9e, 0xee, 0xee, 0x7, 0x9d, 0x30,
    0x1, 0xd0, 0x0, 0x4, 0xe7, 0x2, 0xfe, 0x0,
    0x1, 0xd0, 0x0, 0xf, 0x64, 0x20, 0xe9, 0x0,
    0x1, 0xd1, 0x8d, 0xef, 0xec, 0x45, 0xfc, 0x0,
    0x2, 0xed, 0x54, 0x3e, 0x0, 0x2e, 0x8e, 0x70,
    0x5, 0xf6, 0x0, 0x3e, 0x2, 0xeb, 0x4, 0xf5,
    0x2, 0x50, 0x1f, 0xf7, 0x9, 0xc0, 0x0, 0x78,
    0x0, 0x0, 0x0, 0x0, 0x0, 0x0, 0x0, 0x0,

    /* U+9567 "镧" */
    0x0, 0x20, 0x0, 0x0, 0x0, 0x0, 0x0, 0x0,
    0x2, 0xf0, 0x8, 0xb0, 0x35, 0x55, 0x55, 0x51,
    0x7, 0xa0, 0x1, 0xd9, 0x6a, 0xaa, 0xaa, 0xe3,
    0xd, 0xff, 0xe0, 0x35, 0x1, 0x40, 0x0, 0xc3,
    0x5d, 0x11, 0x1a, 0x6a, 0xab, 0xea, 0xa7, 0xc3,
    0xa8, 0x33, 0x1a, 0x52, 0x24, 0xc2, 0x21, 0xc3,
    0x19, 0xfd, 0x8a, 0x5b, 0xcd, 0xfc, 0xc5, 0xc3,
    0x0, 0xe2, 0xa, 0x5d, 0x33, 0xb2, 0x77, 0xc3,
    0x0, 0xe2, 0xa, 0x5d, 0x96, 0xbb, 0x87, 0xc3,
    0x9e, 0xfe, 0xda, 0x5d, 0x26, 0xb6, 0x67, 0xc3,
    0x23, 0xe5, 0x2a, 0x5e, 0xde, 0xfd, 0xe7, 0xc3,
    0x0, 0xe2, 0xa, 0x51, 0x2d, 0xc5, 0x1, 0xc3,
    0x0, 0xe2, 0xa, 0x51, 0xc5, 0xdc, 0xb1, 0xc3,
    0x0, 0xe7, 0xca, 0x9e, 0x53, 0xb0, 0x85, 0xc3,
    0x1, 0xfe, 0x4a, 0x95, 0x3, 0xb0, 0x12, 0xe2,
    0x1, 0xc2, 0xa, 0x50, 0x3, 0xb2, 0xff, 0xa0,
    0x0, 0x0, 0x0, 0x0, 0x0, 0x0, 0x0, 0x0,

    /* U+9568 "镨" */
    0x0, 0x10, 0x0, 0x0, 0x0, 0x0, 0x0, 0x0,
    0x0, 0xf2, 0x0, 0x7, 0xb0, 0x2, 0xd5, 0x0,
    0x5, 0xe1, 0x11, 0x55, 0xd6, 0x59, 0xb5, 0x50,
    0xa, 0xff, 0xf6, 0xaa, 0xdd, 0xaf, 0xba, 0xa1,
    0x2f, 0x10, 0x0, 0xa2, 0x77, 0xe, 0x13, 0x80,
    0xaa, 0x0, 0x0, 0x7d, 0x77, 0xe, 0x2e, 0x50,
    0x89, 0xdd, 0xd2, 0x5, 0x77, 0xe, 0x26, 0x0,
    0x1, 0xa9, 0x38, 0xff, 0xff, 0xff, 0xff, 0xf6,
    0x0, 0x98, 0x0, 0x1, 0x11, 0x11, 0x11, 0x0,
    0xaf, 0xff, 0xf4, 0x4f, 0xdd, 0xdd, 0xdf, 0x20,
    0x11, 0x99, 0x10, 0x4c, 0x0, 0x0, 0xe, 0x20,
    0x0, 0x98, 0x0, 0x4d, 0x22, 0x22, 0x2e, 0x20,
    0x0, 0x98, 0x1, 0x4f, 0xcc, 0xcc, 0xcf, 0x20,
    0x0, 0x9b, 0xc5, 0x4c, 0x0, 0x0, 0xe, 0x20,
    0x0, 0xef, 0x60, 0x4f, 0xff, 0xff, 0xff, 0x20,
    0x0, 0x83, 0x0, 0x4c, 0x0, 0x0, 0xe, 0x20,

    /* U+9569 "镩" */
    0x0, 0x1, 0x0, 0x0, 0x0, 0x11, 0x0, 0x0,
    0x0, 0x2, 0xf1, 0x0, 0x0, 0x9, 0xa0, 0x0,
    0x0, 0x0, 0x7c, 0x11, 0x5b, 0xbb, 0xcf, 0xbb,
    0xbb, 0x40, 0xd, 0xff, 0xf9, 0xb5, 0x66, 0x57,
    0x65, 0xb7, 0x5, 0xf0, 0x0, 0x59, 0xaf, 0x50,
    0x7f, 0xab, 0x50, 0xda, 0x11, 0x1a, 0xfa, 0x22,
    0xe0, 0x18, 0xf7, 0x5, 0xbf, 0xfb, 0x39, 0x88,
    0x9f, 0x88, 0x88, 0x10, 0x0, 0xb5, 0x0, 0xf5,
    0x46, 0xf4, 0x46, 0xc0, 0x3, 0x4c, 0x84, 0xf,
    0xcc, 0xdf, 0xcc, 0xdc, 0x0, 0xac, 0xfd, 0xc0,
    0xa2, 0x13, 0xe1, 0x13, 0x80, 0x0, 0xb, 0x50,
    0x3a, 0xaa, 0xbf, 0xaa, 0xaa, 0x10, 0x0, 0xb5,
    0x4, 0xc3, 0x35, 0xf3, 0x33, 0xe2, 0x0, 0xb,
    0x59, 0x5b, 0x0, 0x2e, 0x0, 0xe, 0x20, 0x0,
    0xcc, 0xc5, 0xfe, 0xee, 0xfe, 0xee, 0xf2, 0x0,
    0x1f, 0xa0, 0x0, 0x0, 0x2e, 0x0, 0x0, 0x0,
    0x0, 0x40, 0x0, 0x0, 0x2, 0xe0, 0x0, 0x0,

    /* U+956A "镪" */
    0x0, 0x20, 0x0, 0x0, 0x0, 0x0, 0x0, 0x0,
    0x2, 0xf0, 0x16, 0x66, 0x7, 0x77, 0x77, 0x60,
    0x7, 0xb0, 0x19, 0x9f, 0x1e, 0x87, 0x78, 0xe0,
    0xc, 0xff, 0x90, 0xf, 0x1e, 0x10, 0x1, 0xe0,
    0x3e, 0x11, 0x0, 0xf, 0x1e, 0x54, 0x45, 0xe0,
    0xa8, 0x0, 0x9, 0xbf, 0x1e, 0xbf, 0xbb, 0xe0,
    0x3d, 0xff, 0x5f, 0x5f, 0x14, 0xd, 0x30, 0x40,
    0x0, 0xf1, 0xf, 0x0, 0x18, 0x8e, 0xa8, 0x81,
    0x0, 0xf1, 0x2d, 0x10, 0x3e, 0x8e, 0x98, 0xe3,
    0x5c, 0xfc, 0x9f, 0xff, 0x3c, 0xd, 0x30, 0xc3,
    0x24, 0xf5, 0x20, 0x2e, 0x3c, 0xd, 0x30, 0xc3,
    0x0, 0xf1, 0x0, 0x3d, 0x3f, 0xff, 0xff, 0xf3,
    0x0, 0xf3, 0x90, 0x4c, 0x15, 0xd, 0x33, 0x40,
    0x0, 0xfe, 0x60, 0x5b, 0x0, 0xd, 0x32, 0xd0,
    0x2, 0xf8, 0x43, 0xb8, 0x8c, 0xdf, 0xef, 0xf6,
    0x1, 0xa0, 0xaf, 0xc1, 0x68, 0x53, 0x21, 0x3c,
    0x0, 0x0, 0x0, 0x0, 0x0, 0x0, 0x0, 0x1,

    /* U+956B "镫" */
    0x0, 0x30, 0x0, 0x0, 0x0, 0x0, 0x0, 0x0,
    0x0, 0xf2, 0x1, 0x66, 0x66, 0xa6, 0x3b, 0x0,
    0x4, 0xe0, 0x1, 0xaa, 0xbf, 0x6d, 0xe6, 0x0,
    0xa, 0xff, 0xf4, 0x80, 0x99, 0x1f, 0x52, 0xc1,
    0x1f, 0x31, 0x10, 0xab, 0xf1, 0x8, 0xde, 0x70,
    0x8a, 0x0, 0x0, 0x2f, 0x81, 0x12, 0xeb, 0x0,
    0xc7, 0xcc, 0xc1, 0xc9, 0xee, 0xee, 0xad, 0xb2,
    0x11, 0xc8, 0x3b, 0x70, 0x0, 0x0, 0x1, 0x92,
    0x0, 0xb6, 0x0, 0x8f, 0xff, 0xff, 0xff, 0x0,
    0xef, 0xff, 0xf4, 0x89, 0x0, 0x0, 0x1f, 0x0,
    0x33, 0xc8, 0x30, 0x89, 0x11, 0x11, 0x2f, 0x0,
    0x0, 0xb6, 0x0, 0x8f, 0xff, 0xff, 0xff, 0x0,
    0x0, 0xb6, 0x32, 0x17, 0x60, 0x2, 0xb3, 0x0,
    0x0, 0xba, 0xe4, 0x3, 0xe1, 0x8, 0xa0, 0x0,
    0x0, 0xcf, 0x60, 0x11, 0xb4, 0x1e, 0x31, 0x10,
    0x0, 0xe7, 0xc, 0xff, 0xff, 0xff, 0xff, 0xf5,
    0x0, 0x20, 0x0, 0x0, 0x0, 0x0, 0x0, 0x0,

    /* U+956C "镬" */
    0x0, 0x10, 0x0, 0x0, 0x20, 0x0, 0x20, 0x0,
    0x3, 0xe0, 0x1, 0x24, 0xc2, 0x26, 0xc2, 0x21,
    0x8, 0x90, 0x7, 0xbb, 0xeb, 0xbc, 0xeb, 0xb5,
    0xd, 0xff, 0xf0, 0x18, 0x92, 0xb4, 0x90, 0x0,
    0x6d, 0x0, 0x0, 0x8d, 0x77, 0xe8, 0x77, 0x70,
    0xb7, 0x11, 0x12, 0xf5, 0x44, 0xe5, 0x44, 0x40,
    0x19, 0xfe, 0xbd, 0xfc, 0xcc, 0xfc, 0xcc, 0x80,
    0x0, 0xa6, 0x4, 0xe1, 0x11, 0xd2, 0x11, 0x0,
    0x0, 0xa6, 0x0, 0xeb, 0xbb, 0xfb, 0xbb, 0x70,
    0xcf, 0xff, 0xf1, 0xe5, 0x55, 0xe6, 0x55, 0x51,
    0x0, 0xa6, 0x0, 0xe7, 0x77, 0x77, 0x77, 0x71,
    0x0, 0xa6, 0x4, 0xcc, 0xcc, 0xcc, 0xcc, 0x20,
    0x0, 0xa6, 0x70, 0x1d, 0x61, 0x15, 0xe8, 0x0,
    0x0, 0xad, 0xc0, 0x1, 0xbb, 0xbc, 0x30, 0x0,
    0x0, 0xea, 0x2, 0x59, 0xda, 0xbe, 0xa7, 0x41,
    0x0, 0x30, 0x2d, 0x95, 0x0, 0x0, 0x48, 0xb4,

    /* U+956F "镯" */
    0x0, 0x31, 0x0, 0x0, 0x0, 0x0, 0x0, 0x0,
    0x0, 0xd5, 0x4, 0xcc, 0xcc, 0xcc, 0xcc, 0x80,
    0x2, 0xf2, 0x16, 0x92, 0xe2, 0x2e, 0x24, 0xb0,
    0x8, 0xff, 0xf7, 0x80, 0xd0, 0xe, 0x3, 0xb0,
    0xe, 0x50, 0x6, 0xfe, 0xfe, 0xef, 0xee, 0xb0,
    0x7e, 0x22, 0x20, 0x85, 0x0, 0x0, 0x0, 0x20,
    0xab, 0xfe, 0xb2, 0xff, 0xff, 0xff, 0xff, 0xf0,
    0x10, 0xb4, 0xd, 0x40, 0x5b, 0x0, 0x0, 0xf0,
    0x0, 0xb5, 0x17, 0xdd, 0xef, 0xdd, 0xb0, 0xf0,
    0xbf, 0xff, 0xf1, 0xc0, 0x5b, 0x2, 0xe0, 0xf0,
    0x1, 0xb5, 0x1, 0xc0, 0x5b, 0x2, 0xe0, 0xf0,
    0x0, 0xb4, 0x1, 0xfd, 0xef, 0xdd, 0xc1, 0xf0,
    0x0, 0xb4, 0x70, 0x30, 0x5b, 0x7, 0x71, 0xe0,
    0x0, 0xbd, 0xb6, 0x9a, 0xdf, 0xdf, 0xf4, 0xe0,
    0x1, 0xfb, 0x6, 0x76, 0x43, 0x21, 0x69, 0xb0,
    0x0, 0x70, 0x0, 0x0, 0x0, 0x4f, 0xfc, 0x20,

    /* U+9571 "镱" */
    0x0, 0x1, 0x0, 0x0, 0x0, 0x0, 0x0, 0x0,
    0x0, 0x1, 0xf2, 0x0, 0x0, 0xa, 0x80, 0x0,
    0x0, 0x0, 0x6e, 0x11, 0x2c, 0xcc, 0xdf, 0xcc,
    0xc8, 0x0, 0xc, 0xff, 0xf4, 0x3b, 0x93, 0x34,
    0xf4, 0x20, 0x5, 0xf1, 0x0, 0x35, 0x8f, 0x55,
    0xbc, 0x55, 0x10, 0xdb, 0x33, 0x35, 0x88, 0x88,
    0x88, 0x88, 0x82, 0x5, 0x8e, 0xdc, 0x1a, 0xbb,
    0xbb, 0xbb, 0xb2, 0x0, 0x0, 0xa7, 0x0, 0xe5,
    0x33, 0x33, 0x3e, 0x40, 0x1, 0x1b, 0x71, 0xe,
    0xba, 0xaa, 0xaa, 0xf4, 0x0, 0xbf, 0xff, 0xf3,
    0xe5, 0x33, 0x33, 0x3e, 0x40, 0x0, 0xa, 0x70,
    0xe, 0xbb, 0xbb, 0xbb, 0xf4, 0x0, 0x0, 0xa7,
    0x0, 0x94, 0x3b, 0x53, 0x37, 0x10, 0x0, 0xa,
    0x71, 0x26, 0x74, 0x6c, 0x0, 0x43, 0x0, 0x0,
    0xba, 0xea, 0x8a, 0x60, 0xa2, 0x99, 0xc0, 0x0,
    0xe, 0xe4, 0xc1, 0xa8, 0x0, 0x1e, 0x2d, 0x40,
    0x0, 0x82, 0x3, 0x3, 0xef, 0xff, 0x90, 0x20,

    /* U+9572 "镲" */
    0x0, 0x10, 0x0, 0x0, 0x1, 0x10, 0x0, 0x0,
    0x4, 0xe0, 0x0, 0x0, 0x9, 0xb0, 0x0, 0x0,
    0x8, 0x90, 0x7, 0xbb, 0xbb, 0xfb, 0xbb, 0xb1,
    0xd, 0xff, 0xfa, 0x76, 0x44, 0x45, 0x44, 0xf2,
    0x5d, 0x11, 0x16, 0x7f, 0x55, 0x6a, 0x44, 0xa1,
    0xc7, 0x11, 0x0, 0xca, 0xaf, 0x2f, 0xbc, 0xd0,
    0x3b, 0xff, 0x97, 0xb7, 0x6b, 0xe, 0x3b, 0x60,
    0x0, 0xd3, 0x1e, 0x17, 0xf4, 0x7, 0xdb, 0x0,
    0x0, 0xd3, 0x3, 0xc9, 0xd1, 0x11, 0xf5, 0x0,
    0x7b, 0xfc, 0xa0, 0xae, 0x9e, 0xee, 0x8e, 0x40,
    0x35, 0xe7, 0x6a, 0xd2, 0x0, 0x0, 0x5, 0xf6,
    0x0, 0xd3, 0x8, 0xbf, 0xff, 0xff, 0xff, 0x41,
    0x0, 0xd3, 0x10, 0x3, 0x2, 0xe0, 0x30, 0x0,
    0x0, 0xd8, 0xe0, 0x9d, 0x2, 0xe0, 0xbc, 0x10,
    0x1, 0xfe, 0x4a, 0xc1, 0x15, 0xe0, 0xa, 0xd1,
    0x0, 0x91, 0x7, 0x2, 0xff, 0x70, 0x0, 0x60,
    0x0, 0x0, 0x0, 0x0, 0x0, 0x0, 0x0, 0x0,

    /* U+9573 "镳" */
    0x0, 0x20, 0x0, 0x0, 0x0, 0x40, 0x0, 0x0,
    0x2, 0xf0, 0x0, 0x0, 0x0, 0xc7, 0x0, 0x0,
    0x7, 0xa0, 0x3, 0xff, 0xff, 0xff, 0xff, 0xfb,
    0xc, 0xee, 0xe5, 0xe0, 0x4c, 0x4, 0xc0, 0x0,
    0x3e, 0x0, 0x3, 0xfd, 0xdf, 0xdd, 0xfd, 0xd1,
    0xa8, 0x0, 0x3, 0xe1, 0x5c, 0x15, 0xc1, 0xd2,
    0x5b, 0xee, 0xb3, 0xe2, 0x5c, 0x25, 0xc2, 0xe2,
    0x3, 0xd8, 0x33, 0xfc, 0xcc, 0xcc, 0xcc, 0xb1,
    0x0, 0xb5, 0x3, 0xe1, 0xd3, 0x34, 0xa3, 0xa0,
    0x9f, 0xff, 0xf4, 0xd1, 0xfb, 0xb5, 0xfc, 0x81,
    0x1, 0xc5, 0x14, 0xd1, 0xe0, 0x4, 0xa0, 0x7b,
    0x0, 0xb5, 0x5, 0xc1, 0xe5, 0xc5, 0xc0, 0xa8,
    0x0, 0xb5, 0x17, 0x94, 0xfc, 0x71, 0xbe, 0xc2,
    0x0, 0xb8, 0xec, 0x73, 0x32, 0x10, 0x40, 0x50,
    0x0, 0xef, 0x7f, 0x2c, 0x38, 0x70, 0xd1, 0xf2,
    0x0, 0xc4, 0x4c, 0x2d, 0x3, 0xc0, 0x93, 0xaa,
    0x0, 0x0, 0x1, 0x3, 0x0, 0x10, 0x0, 0x11,

    /* U+96C9 "雉" */
    0x0, 0x0, 0x0, 0x0, 0x0, 0x0, 0x0, 0x0,
    0x8, 0xa0, 0x0, 0x0, 0xd4, 0x5b, 0x0, 0x0,
    0xc, 0x60, 0x0, 0x5, 0xe0, 0x1f, 0x70, 0x0,
    0x1f, 0xcb, 0xb5, 0xd, 0x92, 0x27, 0x72, 0x21,
    0x6d, 0xad, 0x63, 0x6f, 0xee, 0xef, 0xee, 0xe8,
    0xc6, 0x6b, 0x1, 0xfe, 0x0, 0x1f, 0x0, 0x0,
    0x31, 0x6b, 0xb, 0xfe, 0x0, 0x1f, 0x0, 0x0,
    0x22, 0x7c, 0x2b, 0x6f, 0xbb, 0xcf, 0xbb, 0xb5,
    0xde, 0xff, 0xe7, 0x3f, 0x55, 0x6f, 0x55, 0x52,
    0x0, 0x7a, 0x0, 0x3e, 0x0, 0x1f, 0x0, 0x0,
    0x0, 0x9b, 0x0, 0x3f, 0x55, 0x6f, 0x55, 0x52,
    0x0, 0xdf, 0x80, 0x3f, 0xcc, 0xcf, 0xcc, 0xc5,
    0x3, 0xf4, 0xf7, 0x3e, 0x0, 0x1f, 0x0, 0x0,
    0xb, 0xa0, 0x5b, 0x4e, 0x11, 0x2f, 0x11, 0x10,
    0x7e, 0x10, 0x0, 0x3f, 0xff, 0xff, 0xff, 0xfc,
    0x74, 0x0, 0x0, 0x3e, 0x0, 0x0, 0x0, 0x0,

    /* U+9878 "顸" */
    0x0, 0x0, 0x0, 0x1, 0x22, 0x22, 0x22, 0x20,
    0x7f, 0xff, 0xff, 0xab, 0xee, 0xff, 0xee, 0xe5,
    0x1, 0x1f, 0x41, 0x0, 0x0, 0x8a, 0x0, 0x0,
    0x0, 0xf, 0x30, 0x0, 0x11, 0xc7, 0x11, 0x10,
    0x0, 0xf, 0x30, 0x9, 0xff, 0xff, 0xff, 0xf2,
    0x0, 0xf, 0x30, 0x9, 0x90, 0x15, 0x0, 0xf2,
    0x34, 0x4f, 0x74, 0x49, 0x90, 0x3e, 0x0, 0xf2,
    0x9d, 0xdf, 0xed, 0xc9, 0x90, 0x3e, 0x0, 0xf2,
    0x0, 0xf, 0x30, 0x9, 0x90, 0x3e, 0x0, 0xf2,
    0x0, 0xf, 0x30, 0x9, 0x90, 0x5d, 0x0, 0xf2,
    0x0, 0xf, 0x30, 0x9, 0x90, 0xaa, 0x0, 0xf2,
    0x0, 0xf, 0x30, 0x4, 0x42, 0xff, 0x60, 0x81,
    0x0, 0xf, 0x30, 0x0, 0x2d, 0xb3, 0xe9, 0x0,
    0x0, 0xf, 0x30, 0x6, 0xfb, 0x0, 0x2d, 0xc2,
    0x0, 0xf, 0x30, 0x8e, 0x60, 0x0, 0x1, 0xb6,
    0x0, 0x0, 0x0, 0x1, 0x0, 0x0, 0x0, 0x0,

    /* U+9880 "颀" */
    0x0, 0x23, 0x47, 0x91, 0x66, 0x66, 0x66, 0x66,
    0x20, 0xe, 0xed, 0xb9, 0x3a, 0xaa, 0xed, 0xaa,
    0xa4, 0x0, 0xe3, 0x0, 0x0, 0x0, 0xd, 0x60,
    0x0, 0x0, 0xe, 0x30, 0x0, 0x4, 0x55, 0xf7,
    0x55, 0x40, 0x0, 0xe3, 0x0, 0x0, 0xdb, 0xaa,
    0xaa, 0xcb, 0x0, 0xe, 0xff, 0xff, 0x7d, 0x40,
    0x57, 0x6, 0xb0, 0x0, 0xe5, 0x2e, 0x40, 0xd4,
    0x8, 0x90, 0x6b, 0x0, 0xe, 0x30, 0xe3, 0xd,
    0x40, 0x89, 0x6, 0xb0, 0x0, 0xe3, 0xe, 0x30,
    0xd4, 0x9, 0x80, 0x6b, 0x0, 0xf, 0x20, 0xe3,
    0xd, 0x40, 0xb6, 0x6, 0xb0, 0x0, 0xf1, 0xe,
    0x30, 0xd4, 0xf, 0x40, 0x6b, 0x0, 0x2f, 0x0,
    0xe3, 0x4, 0x19, 0xfe, 0x52, 0x40, 0x6, 0xc0,
    0xe, 0x30, 0x7, 0xf4, 0x6f, 0x80, 0x0, 0xc8,
    0x0, 0xe3, 0x1a, 0xf6, 0x0, 0x4f, 0xa0, 0xb,
    0x10, 0xe, 0x37, 0xe4, 0x0, 0x0, 0x3b, 0x0,
    0x0, 0x0, 0x0, 0x0, 0x0, 0x0, 0x0, 0x0,

    /* U+9883 "颃" */
    0x0, 0x0, 0x0, 0x0, 0x0, 0x0, 0x0, 0x0,
    0x0, 0x2e, 0x0, 0x1, 0x22, 0x22, 0x22, 0x21,
    0x0, 0xd, 0x50, 0xb, 0xff, 0xff, 0xff, 0xf7,
    0x45, 0x59, 0x75, 0x40, 0x0, 0x8b, 0x0, 0x0,
    0x9c, 0xcc, 0xcc, 0xb0, 0x0, 0xc7, 0x0, 0x0,
    0x0, 0x0, 0x0, 0x4, 0xed, 0xed, 0xdd, 0xd0,
    0x5, 0xff, 0xfa, 0x4, 0xe0, 0x17, 0x3, 0xe0,
    0x6, 0xb0, 0x6b, 0x4, 0xe0, 0x3e, 0x3, 0xe0,
    0x6, 0xb0, 0x6b, 0x4, 0xe0, 0x3e, 0x3, 0xe0,
    0x6, 0xb0, 0x6b, 0x4, 0xe0, 0x4e, 0x3, 0xe0,
    0x6, 0xa0, 0x6b, 0x4, 0xe0, 0x5d, 0x3, 0xe0,
    0x7, 0x90, 0x6b, 0x4, 0xe0, 0x8a, 0x3, 0xe0,
    0xb, 0x60, 0x6c, 0xa4, 0x60, 0xed, 0x21, 0x50,
    0x1f, 0x20, 0xaf, 0x90, 0xb, 0xd8, 0xf7, 0x0,
    0xaa, 0x0, 0x43, 0x4, 0xdd, 0x10, 0x4e, 0xb1,
    0x61, 0x0, 0x0, 0x4f, 0x80, 0x0, 0x2, 0xc4,
    0x0, 0x0, 0x0, 0x1, 0x0, 0x0, 0x0, 0x0,

    /* U+9889 "颉" */
    0x0, 0x0, 0x0, 0x0, 0x0, 0x0, 0x0, 0x0,
    0x0, 0xe, 0x30, 0x2, 0x44, 0x44, 0x44, 0x42,
    0x11, 0x1e, 0x41, 0x17, 0xbb, 0xbf, 0xcb, 0xb6,
    0xef, 0xff, 0xff, 0xf3, 0x0, 0x3f, 0x10, 0x0,
    0x0, 0xe, 0x30, 0x0, 0x22, 0x8d, 0x22, 0x20,
    0x0, 0xe, 0x30, 0x0, 0xff, 0xff, 0xff, 0xe0,
    0x24, 0x4f, 0x74, 0x30, 0xf1, 0x5, 0x3, 0xe0,
    0x5c, 0xcc, 0xcc, 0x90, 0xf1, 0x2f, 0x3, 0xe0,
    0x0, 0x0, 0x0, 0x0, 0xf1, 0x2f, 0x3, 0xe0,
    0x2c, 0xcc, 0xcc, 0x50, 0xf1, 0x2f, 0x3, 0xe0,
    0x3e, 0x44, 0x4b, 0x70, 0xf1, 0x4d, 0x3, 0xe0,
    0x3e, 0x0, 0xa, 0x70, 0xf1, 0x8a, 0x3, 0xe0,
    0x3e, 0x0, 0xa, 0x70, 0x51, 0xef, 0x51, 0x50,
    0x3e, 0x22, 0x2a, 0x70, 0xa, 0xd8, 0xf8, 0x0,
    0x3f, 0xff, 0xff, 0x70, 0xaf, 0x30, 0x5f, 0xb0,
    0x3e, 0x0, 0xa, 0x7a, 0xe3, 0x0, 0x3, 0xf6,
    0x0, 0x0, 0x0, 0x1, 0x10, 0x0, 0x0, 0x20,

    /* U+988C "颌" */
    0x0, 0x1, 0x20, 0x0, 0x0, 0x0, 0x0, 0x0,
    0x0, 0xd, 0xd0, 0x3, 0x44, 0x44, 0x44, 0x43,
    0x0, 0x7f, 0xe9, 0x9, 0xdd, 0xef, 0xdd, 0xd9,
    0x2, 0xf7, 0x3f, 0x50, 0x0, 0x8a, 0x0, 0x0,
    0xd, 0xb0, 0x6, 0xf2, 0x44, 0xca, 0x44, 0x40,
    0xad, 0x10, 0x0, 0x96, 0xfa, 0xaa, 0xab, 0xf0,
    0x5c, 0xff, 0xff, 0x81, 0xf0, 0x2a, 0x1, 0xf0,
    0x1, 0x22, 0x22, 0x11, 0xf0, 0x3f, 0x1, 0xf0,
    0x0, 0x0, 0x0, 0x1, 0xf0, 0x3f, 0x1, 0xf0,
    0xe, 0xff, 0xff, 0xc1, 0xf0, 0x3e, 0x1, 0xf0,
    0xe, 0x52, 0x26, 0xd1, 0xf0, 0x5d, 0x1, 0xf0,
    0xe, 0x30, 0x5, 0xd1, 0xf0, 0x8a, 0x1, 0xf0,
    0xe, 0x30, 0x5, 0xd0, 0x30, 0xdf, 0x70, 0x30,
    0xe, 0x52, 0x26, 0xd0, 0x8, 0xe5, 0xeb, 0x0,
    0xe, 0xff, 0xff, 0xd0, 0x9f, 0x30, 0x2d, 0xd1,
    0xe, 0x30, 0x5, 0xd9, 0xd2, 0x0, 0x0, 0xb7,
    0x0, 0x0, 0x0, 0x0, 0x0, 0x0, 0x0, 0x0,

    /* U+988D "颍" */
    0x0, 0x51, 0x0, 0x0, 0x0, 0x0, 0x0, 0x0,
    0x0, 0xf, 0x30, 0x2, 0x21, 0x22, 0x22, 0x22,
    0x20, 0x0, 0xf3, 0x5c, 0xf7, 0xbf, 0xff, 0xff,
    0xff, 0x30, 0xf, 0xd9, 0x40, 0x50, 0x0, 0xb7,
    0x0, 0x0, 0x0, 0xe4, 0x0, 0x2f, 0x13, 0x3f,
    0x63, 0x32, 0x0, 0x9, 0xfd, 0xdf, 0x92, 0xfc,
    0xcc, 0xce, 0xa0, 0x0, 0x2, 0x45, 0x10, 0x2f,
    0x2, 0x50, 0x8a, 0x0, 0x0, 0x6, 0xa0, 0x2,
    0xf0, 0x5c, 0x8, 0xa0, 0x2, 0x33, 0x7a, 0xa,
    0x5f, 0x5, 0xc0, 0x8a, 0x0, 0x7c, 0xf7, 0xa8,
    0xc3, 0xf0, 0x6c, 0x8, 0xa0, 0x0, 0x1e, 0x6f,
    0xd0, 0x2f, 0x7, 0xb0, 0x8a, 0x0, 0x6, 0xa6,
    0xbe, 0x42, 0xf0, 0xa9, 0x8, 0xa0, 0x0, 0xd4,
    0x6a, 0x4f, 0x46, 0x1f, 0xb1, 0x33, 0x0, 0x9b,
    0x6, 0xa0, 0x79, 0xb, 0xcb, 0xe3, 0x0, 0xa,
    0x31, 0xa9, 0x0, 0x3c, 0xd1, 0x8, 0xf7, 0x0,
    0x8, 0xfd, 0x30, 0x4f, 0x90, 0x0, 0x4, 0xe2,
    0x0, 0x0, 0x0, 0x0, 0x20, 0x0, 0x0, 0x0,
    0x0,

    /* U+988F "颏" */
    0x0, 0x0, 0x0, 0x0, 0x0, 0x0, 0x0, 0x0,
    0x0, 0x8, 0x90, 0x0, 0x12, 0x22, 0x22, 0x21,
    0x0, 0x2, 0xe1, 0x0, 0xef, 0xff, 0xff, 0xf9,
    0x8f, 0xff, 0xff, 0xfd, 0x0, 0x6c, 0x0, 0x0,
    0x12, 0x5e, 0x22, 0x21, 0x12, 0xaa, 0x22, 0x20,
    0x0, 0xc6, 0x5, 0x80, 0x9e, 0xdd, 0xdd, 0xf1,
    0x6, 0xb0, 0xe, 0x60, 0x96, 0x6, 0x10, 0xf1,
    0xf, 0xff, 0xfe, 0x13, 0x96, 0xe, 0x20, 0xf1,
    0x2, 0x15, 0xf5, 0x8c, 0x96, 0xe, 0x20, 0xf1,
    0x0, 0x2f, 0xa1, 0xf5, 0x96, 0xf, 0x20, 0xf1,
    0x2, 0xec, 0xa, 0xc0, 0x96, 0xf, 0x0, 0xf1,
    0x4f, 0xc0, 0x5f, 0x30, 0x96, 0x3e, 0x0, 0xf1,
    0x59, 0x4, 0xff, 0x40, 0x86, 0x9e, 0x20, 0xe1,
    0x0, 0x4f, 0x96, 0xf4, 0x4, 0xf9, 0xf6, 0x0,
    0x8, 0xf8, 0x0, 0x77, 0x6f, 0x60, 0x5f, 0xa0,
    0x6e, 0x50, 0x0, 0x6, 0xf5, 0x0, 0x2, 0xd8,
    0x1, 0x0, 0x0, 0x0, 0x20, 0x0, 0x0, 0x10,

    /* U+9894 "颔" */
    0x0, 0x6, 0xd1, 0x0, 0x22, 0x22, 0x22, 0x21,
    0x0, 0x2f, 0xac, 0x15, 0xee, 0xef, 0xee, 0xeb,
    0x0, 0xd7, 0x9, 0xc0, 0x0, 0x4e, 0x0, 0x0,
    0xb, 0xb6, 0x80, 0xcb, 0x0, 0x7b, 0x0, 0x0,
    0x9c, 0x1, 0xe1, 0x13, 0xcd, 0xee, 0xdd, 0xd2,
    0x34, 0x44, 0x54, 0x40, 0xf5, 0x34, 0x33, 0xf2,
    0x7, 0xcc, 0xcd, 0xe0, 0xf2, 0xe, 0x30, 0xf2,
    0x0, 0x0, 0x2e, 0x40, 0xf2, 0xe, 0x30, 0xf2,
    0x0, 0x0, 0x57, 0x0, 0xf2, 0xf, 0x30, 0xf2,
    0x9, 0xff, 0xff, 0xf1, 0xf2, 0xf, 0x20, 0xf2,
    0x9, 0x70, 0x0, 0xf1, 0xf2, 0x2f, 0x0, 0xf2,
    0x9, 0x70, 0x0, 0xf1, 0x61, 0x8f, 0x60, 0x51,
    0x9, 0x81, 0x11, 0xf1, 0x3, 0xf7, 0xfa, 0x0,
    0x9, 0xff, 0xff, 0xf1, 0x5f, 0x70, 0x2e, 0xd2,
    0x9, 0x70, 0x0, 0xc, 0xf7, 0x0, 0x1, 0xda,
    0x0, 0x0, 0x0, 0x5, 0x20, 0x0, 0x0, 0x11,

    /* U+989A "颚" */
    0x3, 0x44, 0x13, 0x44, 0x21, 0x22, 0x22, 0x21,
    0xe, 0xad, 0x5c, 0xbc, 0x8d, 0xee, 0xfe, 0xe9,
    0xe, 0x9, 0x5c, 0x25, 0x80, 0x6, 0xb0, 0x0,
    0xe, 0x5b, 0x5c, 0x68, 0x81, 0x29, 0xa2, 0x20,
    0xe, 0xad, 0x5b, 0xab, 0x89, 0xfe, 0xee, 0xf2,
    0x0, 0x0, 0x0, 0x0, 0x9, 0x60, 0x20, 0xd2,
    0x6, 0xff, 0xff, 0xff, 0x39, 0x61, 0xf0, 0xd2,
    0x0, 0x0, 0x0, 0x0, 0x9, 0x61, 0xf0, 0xd2,
    0x5f, 0xff, 0xff, 0xff, 0xd9, 0x61, 0xf0, 0xd2,
    0x0, 0xe3, 0x0, 0x0, 0x9, 0x62, 0xe0, 0xd2,
    0x2, 0xfc, 0xcc, 0xc5, 0x9, 0x64, 0xc0, 0xd2,
    0x0, 0x22, 0x22, 0xb6, 0x9, 0x6a, 0xc0, 0xd2,
    0x0, 0x0, 0x0, 0xb5, 0x0, 0x5f, 0xec, 0x10,
    0x0, 0x2, 0x13, 0xe2, 0x7, 0xf7, 0x1c, 0xd1,
    0x0, 0xf, 0xff, 0x80, 0x8e, 0x50, 0x0, 0xb8,
    0x0, 0x0, 0x0, 0x0, 0x0, 0x0, 0x0, 0x0,

    /* U+989B "颛" */
    0x0, 0x0, 0x30, 0x0, 0x0, 0x0, 0x0, 0x0,
    0x1, 0x3, 0xc0, 0x0, 0x12, 0x22, 0x22, 0x21,
    0x1d, 0x3, 0xc0, 0x4a, 0x8e, 0xef, 0xee, 0xe5,
    0x1d, 0x3, 0xc0, 0x4a, 0x0, 0x2f, 0x0, 0x0,
    0x1e, 0x8a, 0xe8, 0xaa, 0x2, 0x6d, 0x22, 0x20,
    0x7, 0x77, 0x77, 0x99, 0x1f, 0xee, 0xee, 0xe0,
    0x1, 0x11, 0x11, 0x11, 0x1e, 0x1, 0x1, 0xe0,
    0xbf, 0xff, 0xff, 0xff, 0x4e, 0xc, 0x41, 0xe0,
    0x0, 0x8, 0x80, 0x0, 0x1e, 0xc, 0x41, 0xe0,
    0x5c, 0xce, 0xdc, 0xcc, 0x1e, 0xc, 0x41, 0xe0,
    0x6a, 0x6b, 0x4d, 0x3f, 0x1e, 0xd, 0x31, 0xe0,
    0x69, 0x4b, 0x2d, 0xf, 0x1e, 0xf, 0x11, 0xe0,
    0x69, 0x4b, 0x2d, 0xf, 0x18, 0x4f, 0x41, 0x80,
    0x69, 0x4b, 0x2d, 0xf, 0x0, 0xd9, 0xe8, 0x0,
    0x69, 0x4b, 0x2d, 0x4f, 0x2c, 0xb0, 0x1c, 0xc2,
    0x69, 0x0, 0x4, 0xc8, 0x89, 0x0, 0x0, 0xa3,
    0x0, 0x0, 0x0, 0x0, 0x0, 0x0, 0x0, 0x0,

    /* U+989E "颞" */
    0x7, 0xdd, 0xdd, 0xdd, 0xd8, 0x99, 0x99, 0x99,
    0x50, 0x19, 0x72, 0x22, 0x3d, 0x17, 0x7b, 0xc7,
    0x74, 0x0, 0x8d, 0xbb, 0xbb, 0xd0, 0x0, 0x97,
    0x0, 0x0, 0x8, 0x83, 0x33, 0x5d, 0x3, 0x7d,
    0xa7, 0x70, 0x0, 0x87, 0x22, 0x24, 0xd0, 0x8f,
    0xee, 0xef, 0x10, 0x8, 0xdc, 0xcc, 0xcd, 0x8,
    0x70, 0x10, 0xe1, 0x0, 0x87, 0x23, 0x46, 0xe7,
    0x87, 0x1e, 0xe, 0x10, 0xbf, 0xec, 0xba, 0xae,
    0x78, 0x71, 0xe0, 0xe1, 0x0, 0x0, 0x0, 0x1,
    0x60, 0x87, 0x2d, 0xe, 0x10, 0x9e, 0xef, 0x8e,
    0xef, 0x98, 0x73, 0xc0, 0xe1, 0x4, 0x21, 0xe2,
    0x40, 0x96, 0x87, 0x5b, 0xe, 0x10, 0x4e, 0xb7,
    0x1d, 0x8e, 0x16, 0x6a, 0xb0, 0xb1, 0x0, 0x6f,
    0x50, 0x3f, 0xa0, 0x3, 0xfc, 0xb0, 0x0, 0x3e,
    0x7d, 0x4d, 0x9e, 0x64, 0xe6, 0xa, 0xd1, 0xd,
    0x50, 0x4f, 0x60, 0x25, 0xf6, 0x0, 0x9, 0x70,
    0x0, 0x0, 0x10, 0x0, 0x1, 0x0, 0x0, 0x0,

    /* U+989F "颟" */
    0x0, 0x15, 0x0, 0x50, 0x0, 0x0, 0x0, 0x0,
    0x0, 0x3d, 0x2, 0xe0, 0x9, 0x99, 0x99, 0x94,
    0x3c, 0xcf, 0xcc, 0xfc, 0x96, 0x6b, 0xc6, 0x63,
    0x14, 0x6d, 0x45, 0xe4, 0x20, 0x9, 0x80, 0x0,
    0x0, 0x28, 0x1, 0x80, 0x5, 0x9d, 0xb9, 0x91,
    0x2f, 0xff, 0xff, 0xff, 0xa9, 0xa6, 0x66, 0xf2,
    0x1, 0x1d, 0x26, 0x91, 0x9, 0x70, 0x60, 0xe2,
    0x0, 0xd, 0x15, 0x80, 0x9, 0x70, 0xf0, 0xe2,
    0xd, 0xff, 0xff, 0xff, 0x69, 0x70, 0xf0, 0xe2,
    0xd, 0x1e, 0x7, 0x79, 0x69, 0x71, 0xf0, 0xe2,
    0xd, 0x3f, 0x7a, 0x89, 0x69, 0x72, 0xe0, 0xe2,
    0xd, 0x99, 0x8e, 0xdd, 0x69, 0x74, 0xc0, 0xe2,
    0xd, 0xf2, 0x89, 0x3d, 0x67, 0x59, 0xb0, 0xc1,
    0xd, 0x40, 0x41, 0x9, 0x60, 0x3f, 0xda, 0x0,
    0xd, 0x10, 0x0, 0xb, 0x54, 0xe7, 0xb, 0xd2,
    0xd, 0x10, 0xa, 0xfd, 0x5f, 0x60, 0x0, 0x99,
    0x1, 0x0, 0x0, 0x0, 0x1, 0x0, 0x0, 0x0,

    /* U+98A1 "颡" */
    0x0, 0x33, 0x33, 0x32, 0x2, 0x22, 0x22, 0x21,
    0x3, 0xbb, 0xbb, 0xfb, 0x2e, 0xee, 0xfe, 0xe7,
    0x0, 0xb9, 0x4a, 0xb0, 0x0, 0x8, 0x90, 0x0,
    0x3, 0x7e, 0xee, 0xa5, 0x2, 0x3b, 0x93, 0x30,
    0x9, 0x94, 0x0, 0x59, 0x9, 0xec, 0xcc, 0xf2,
    0x1d, 0xde, 0xad, 0xde, 0xa9, 0x70, 0x30, 0xe2,
    0x8, 0x1c, 0x37, 0x1c, 0x39, 0x71, 0xe0, 0xe2,
    0x5, 0xf9, 0x9, 0xfc, 0x9, 0x71, 0xe0, 0xe2,
    0x3e, 0x7d, 0x7d, 0x48, 0xc9, 0x72, 0xe0, 0xe2,
    0x2, 0x0, 0x93, 0x0, 0x9, 0x73, 0xd0, 0xe2,
    0x3f, 0xff, 0xff, 0xff, 0xc9, 0x75, 0xb0, 0xe2,
    0x0, 0x1c, 0xe8, 0x10, 0x7, 0x5a, 0xb0, 0xc1,
    0x3, 0xd6, 0xb9, 0xe6, 0x0, 0x4f, 0xcc, 0x10,
    0x4f, 0x60, 0xb3, 0x2b, 0x26, 0xf5, 0xa, 0xe2,
    0x2, 0x0, 0xb3, 0x0, 0x4e, 0x40, 0x0, 0x87,
    0x0, 0x0, 0x0, 0x0, 0x0, 0x0, 0x0, 0x0,

    /* U+98A2 "颢" */
    0x4, 0x55, 0x55, 0x55, 0x2, 0x22, 0x22, 0x21,
    0xe, 0x98, 0x88, 0x8f, 0x4e, 0xee, 0xfe, 0xe6,
    0xe, 0x88, 0x88, 0x8f, 0x0, 0x8, 0x90, 0x0,
    0xe, 0x43, 0x33, 0x3f, 0x4, 0x6c, 0xa6, 0x60,
    0xe, 0xee, 0xee, 0xef, 0xb, 0xb9, 0x99, 0xf1,
    0x6, 0x1, 0xd0, 0x7, 0xb, 0x60, 0x40, 0xe1,
    0x7c, 0xcc, 0xfd, 0xcc, 0xbb, 0x62, 0xe0, 0xe1,
    0x12, 0x22, 0x22, 0x22, 0x1b, 0x62, 0xe0, 0xe1,
    0xa, 0xed, 0xdd, 0xdd, 0xb, 0x62, 0xe0, 0xe1,
    0xa, 0x40, 0x0, 0x1d, 0xb, 0x63, 0xd0, 0xe1,
    0xa, 0xed, 0xdd, 0xdd, 0xb, 0x66, 0xb0, 0xe1,
    0x4, 0x50, 0xc2, 0x55, 0x9, 0x4b, 0xb0, 0xc1,
    0x6, 0xd0, 0xc3, 0xc9, 0x0, 0x4f, 0xcb, 0x0,
    0x4e, 0x20, 0xe2, 0xb, 0x26, 0xf5, 0xb, 0xc1,
    0x33, 0xaf, 0xc0, 0x0, 0x6e, 0x40, 0x0, 0xb7,
    0x0, 0x0, 0x0, 0x0, 0x0, 0x0, 0x0, 0x0,

    /* U+98A5 "颥" */
    0x1, 0x11, 0x11, 0x11, 0x1, 0x22, 0x22, 0x20,
    0x8, 0xcc, 0xed, 0xcc, 0x2d, 0xde, 0xfd, 0xd6,
    0x4, 0x44, 0xc7, 0x44, 0x30, 0x7, 0xa0, 0x0,
    0x2e, 0xaa, 0xeb, 0xab, 0xb0, 0x1a, 0x81, 0x10,
    0x2b, 0x88, 0xb7, 0x97, 0xb7, 0xed, 0xdd, 0xf1,
    0x14, 0x22, 0xb4, 0x32, 0x47, 0x80, 0x10, 0xe1,
    0x4, 0xcb, 0xb8, 0xcb, 0x7, 0x81, 0xf0, 0xe1,
    0x27, 0x77, 0x77, 0x77, 0x67, 0x81, 0xf0, 0xe1,
    0x15, 0x57, 0xd5, 0x55, 0x47, 0x81, 0xe0, 0xe1,
    0x8, 0xac, 0xda, 0xaa, 0x47, 0x82, 0xd0, 0xe1,
    0xc, 0x4b, 0x5a, 0x79, 0x77, 0x85, 0xc0, 0xe1,
    0xc, 0x1a, 0x29, 0x47, 0x77, 0x8b, 0xb0, 0xe1,
    0xc, 0x1a, 0x29, 0x47, 0x70, 0x5f, 0xdc, 0x20,
    0xc, 0x1a, 0x29, 0x47, 0x66, 0xf8, 0xb, 0xe2,
    0xc, 0x11, 0x1, 0x8d, 0x4f, 0x80, 0x0, 0xb8,
    0x0, 0x0, 0x0, 0x0, 0x2, 0x0, 0x0, 0x0,

    /* U+98A6 "颦" */
    0x0, 0x0, 0x53, 0x0, 0x0, 0x0, 0x0, 0x0,
    0x4, 0x50, 0xa9, 0x53, 0x9d, 0xdd, 0xdd, 0xc0,
    0x7, 0x80, 0xaa, 0x64, 0x0, 0x5a, 0x0, 0x0,
    0x5c, 0xda, 0xdc, 0xaa, 0x7d, 0xbb, 0xbd, 0x80,
    0x13, 0x33, 0x74, 0x33, 0x68, 0x7, 0x6, 0x80,
    0x8, 0xc0, 0xc4, 0x78, 0x58, 0x1d, 0x6, 0x80,
    0x77, 0x2, 0xde, 0x91, 0x15, 0xcd, 0xc6, 0x20,
    0x59, 0xdc, 0x71, 0x85, 0x9e, 0x60, 0x3c, 0xb0,
    0x55, 0x88, 0x88, 0xfa, 0xa8, 0x88, 0x85, 0x20,
    0x0, 0xc7, 0x33, 0x38, 0xb3, 0x33, 0x89, 0x0,
    0x0, 0xcc, 0xbb, 0xbe, 0xdb, 0xbb, 0xd9, 0x0,
    0x0, 0xc6, 0x11, 0x3f, 0x31, 0x11, 0x79, 0x0,
    0x0, 0x9b, 0xad, 0xfb, 0xef, 0xaa, 0xc8, 0x0,
    0x12, 0x22, 0xbe, 0x62, 0x8a, 0x22, 0x22, 0x20,
    0x8b, 0xbb, 0xbb, 0xbb, 0xde, 0xbb, 0xbb, 0xb3,
    0x0, 0x0, 0x0, 0x0, 0x79, 0x0, 0x0, 0x0,

    /* U+98D1 "飑" */
    0x0, 0x0, 0x0, 0x0, 0x6, 0x0, 0x0, 0x0,
    0x0, 0x99, 0x99, 0x98, 0x3, 0xc0, 0x0, 0x0,
    0x0, 0xf, 0x88, 0x89, 0xd0, 0x9f, 0xee, 0xee,
    0xb0, 0x0, 0xf1, 0x0, 0x2d, 0x1e, 0x22, 0x22,
    0x5c, 0x0, 0xf, 0x50, 0x38, 0xd9, 0xb4, 0x44,
    0x4, 0xc0, 0x0, 0xfe, 0x28, 0xad, 0xaf, 0xcc,
    0xf2, 0x4c, 0x0, 0xf, 0x87, 0xb6, 0xd0, 0xf0,
    0xd, 0x24, 0xb0, 0x0, 0xf2, 0xde, 0x3d, 0xf,
    0xaa, 0xf2, 0x5b, 0x0, 0xf, 0x1b, 0xa2, 0xd0,
    0xf3, 0x43, 0x1a, 0x80, 0x0, 0xf0, 0x99, 0x1e,
    0xf, 0xa, 0xff, 0xd4, 0x50, 0xf, 0xe, 0xe0,
    0xf1, 0xf0, 0x1, 0x10, 0x5a, 0x1, 0xf4, 0xcd,
    0x2d, 0x4f, 0x40, 0x0, 0x1c, 0x60, 0x3d, 0xa7,
    0x97, 0x7a, 0x8e, 0xff, 0xff, 0xa0, 0x5, 0xcf,
    0x14, 0xc1, 0xe6, 0x0, 0x0, 0x0, 0xd0, 0x98,
    0x50, 0x4, 0x2, 0xdc, 0x63, 0x21, 0x6e, 0xa,
    0x30, 0x0, 0x0, 0x0, 0x6a, 0xdf, 0xfe, 0x60,
    0x0, 0x0, 0x0, 0x0, 0x0, 0x0, 0x0, 0x0,
    0x0,

    /* U+98D2 "飒" */
    0x0, 0x95, 0x0, 0x12, 0x22, 0x22, 0x22, 0x0,
    0x0, 0x6d, 0x0, 0xbf, 0xff, 0xff, 0xff, 0x0,
    0x0, 0x19, 0x10, 0xb6, 0x0, 0x0, 0x1e, 0x0,
    0x6f, 0xff, 0xff, 0xb8, 0x70, 0x8, 0x6e, 0x0,
    0x0, 0x0, 0x10, 0xb7, 0xf1, 0xf, 0x5e, 0x0,
    0xb, 0x10, 0xd5, 0xb6, 0x98, 0x5d, 0x2e, 0x0,
    0xc, 0x30, 0xf2, 0xb6, 0x2e, 0xb7, 0x2e, 0x0,
    0xb, 0x51, 0xf0, 0xb6, 0xb, 0xf1, 0x2e, 0x0,
    0x9, 0x73, 0xd0, 0xb5, 0x8, 0xe0, 0x2e, 0x0,
    0x8, 0x86, 0xa0, 0xc5, 0xe, 0xf5, 0x2e, 0x0,
    0x7, 0xa8, 0x80, 0xe3, 0x7c, 0x7c, 0x1f, 0x1,
    0x1, 0xb, 0x53, 0xf3, 0xf4, 0x1f, 0x3f, 0x3d,
    0x26, 0x9f, 0xff, 0xcb, 0xa0, 0xa, 0x9e, 0x6b,
    0x8d, 0x95, 0x2d, 0x77, 0x10, 0x3, 0x4b, 0xd9,
    0x0, 0x0, 0x3e, 0x0, 0x0, 0x0, 0x3, 0xe3,
    0x0, 0x0, 0x1, 0x0, 0x0, 0x0, 0x0, 0x0,

    /* U+98D3 "飓" */
    0x2, 0x22, 0x22, 0x20, 0x12, 0x22, 0x22, 0x0,
    0xf, 0xff, 0xff, 0xe0, 0xbd, 0xdd, 0xdf, 0x20,
    0xf, 0x10, 0x1, 0xe0, 0xb5, 0x11, 0x1d, 0x20,
    0xf, 0x40, 0x17, 0xe0, 0xbd, 0xcc, 0xcf, 0x20,
    0xf, 0xc3, 0x5b, 0xe0, 0xb5, 0x22, 0x2d, 0x20,
    0xf, 0x78, 0x87, 0xe0, 0xbd, 0xcc, 0xcf, 0x20,
    0xf, 0x2d, 0xc3, 0xe0, 0xb6, 0x22, 0x2d, 0x20,
    0xf, 0x1b, 0xd1, 0xf0, 0xbd, 0xcc, 0xcf, 0x20,
    0xf, 0x7, 0xa0, 0xf1, 0xc5, 0x22, 0x2d, 0x40,
    0xf, 0xb, 0xe0, 0xf9, 0xdd, 0xdd, 0xdd, 0xd4,
    0x1f, 0x1e, 0xc4, 0xc4, 0x8, 0x50, 0xb1, 0x0,
    0x2d, 0x79, 0x79, 0x78, 0x4e, 0x10, 0x9b, 0x0,
    0x5c, 0xe2, 0x2e, 0x1e, 0xe4, 0x0, 0xd, 0xa8,
    0x88, 0x50, 0x5, 0x4, 0xe9, 0x52, 0x12, 0xb7,
    0x93, 0x0, 0x0, 0x0, 0x17, 0xce, 0xff, 0xb1,
    0x0, 0x0, 0x0, 0x0, 0x0, 0x0, 0x0, 0x0,

    /* U+98D5 "飕" */
    0x0, 0x0, 0x0, 0x0, 0x0, 0x7, 0x0, 0x0,
    0x2, 0x22, 0x22, 0x20, 0x6, 0x5e, 0x11, 0x10,
    0xf, 0xee, 0xee, 0xf0, 0xea, 0x5e, 0x7c, 0xf1,
    0xf, 0x0, 0x0, 0xf0, 0xf0, 0xe, 0x10, 0xd1,
    0xf, 0x61, 0x27, 0xf0, 0xfd, 0x8e, 0x6d, 0xf1,
    0xf, 0x86, 0x68, 0xf0, 0xf0, 0xe, 0x10, 0xd1,
    0xf, 0x2c, 0xa4, 0xf0, 0xfd, 0xdf, 0xdd, 0xf1,
    0xf, 0xc, 0xe0, 0xf0, 0x40, 0xe, 0x10, 0x40,
    0xf, 0x7, 0xc0, 0xf0, 0xac, 0xcf, 0xcc, 0x90,
    0xf, 0x7, 0xd0, 0xf1, 0x24, 0x22, 0x2d, 0x60,
    0xf, 0xc, 0xf2, 0xd2, 0x3e, 0x91, 0xba, 0x0,
    0x1e, 0x1e, 0x87, 0xb6, 0x1, 0xcf, 0xd0, 0x0,
    0x2d, 0x79, 0x3c, 0x7c, 0x4a, 0xf8, 0xeb, 0x20,
    0x5b, 0xd3, 0xe, 0x1e, 0xf8, 0x10, 0x1a, 0x8a,
    0x97, 0x40, 0x1, 0x3, 0xec, 0x63, 0x11, 0x99,
    0x93, 0x0, 0x0, 0x0, 0x6, 0xbe, 0xff, 0xd2,
    0x0, 0x0, 0x0, 0x0, 0x0, 0x0, 0x0, 0x0,

    /* U+98D9 "飙" */
    0x0, 0x0, 0x0, 0x0, 0x0, 0x0, 0x0, 0x0,
    0x0, 0x5, 0x98, 0x50, 0x56, 0x66, 0x66, 0x10,
    0x0, 0x7, 0x81, 0x80, 0xfa, 0xaa, 0xae, 0x30,
    0x3f, 0xff, 0xff, 0xf5, 0xf0, 0x0, 0xa, 0x30,
    0x1, 0x1f, 0xd3, 0x10, 0xf6, 0x0, 0xab, 0x30,
    0x0, 0xab, 0x8e, 0x30, 0xf9, 0x52, 0xcb, 0x30,
    0x2c, 0xd1, 0x6, 0xf3, 0xf4, 0xb6, 0x8b, 0x30,
    0x29, 0x50, 0x4, 0x60, 0xf0, 0xda, 0x4b, 0x30,
    0x3, 0xba, 0x19, 0x89, 0xf0, 0x8f, 0xb, 0x30,
    0x4, 0xb2, 0x1a, 0x53, 0xf0, 0x4c, 0xb, 0x30,
    0x5f, 0xfd, 0xbf, 0xf9, 0xe0, 0x9f, 0x1a, 0x30,
    0x6, 0x90, 0xd, 0x21, 0xc0, 0xe9, 0x6a, 0x31,
    0x8, 0xc0, 0x1f, 0x43, 0xa7, 0x93, 0xca, 0x5c,
    0xd, 0xaa, 0x7b, 0xe9, 0x8e, 0x20, 0xea, 0x7b,
    0x6b, 0x8, 0xe2, 0x5f, 0x37, 0x0, 0x56, 0xe9,
    0x41, 0x6, 0x60, 0x4c, 0x0, 0x0, 0x0, 0xd4,
    0x0, 0x0, 0x0, 0x2, 0x0, 0x0, 0x0, 0x0,

    /* U+98DA "飚" */
    0x2, 0x22, 0x22, 0x10, 0x10, 0xd, 0x10, 0x10,
    0xf, 0xff, 0xff, 0xc2, 0xe2, 0xf, 0x1, 0xe2,
    0xf, 0x0, 0x3, 0xc0, 0x69, 0x4d, 0x9, 0x60,
    0xf, 0x40, 0x28, 0xc0, 0x1, 0xce, 0xc4, 0x0,
    0xf, 0xd2, 0x6c, 0xc3, 0x8e, 0x80, 0x5d, 0xb2,
    0xf, 0x77, 0xa8, 0xc4, 0xa6, 0x0, 0x4, 0x72,
    0xf, 0x2d, 0xe4, 0xc3, 0x49, 0x33, 0xe, 0x2,
    0xf, 0xc, 0xd3, 0xcb, 0x69, 0xc9, 0x5e, 0x66,
    0xf, 0x8, 0x92, 0xd4, 0xa9, 0x62, 0x9c, 0xb0,
    0xf, 0xc, 0xd1, 0xe0, 0x99, 0x0, 0x5d, 0x10,
    0x1f, 0x2e, 0xd2, 0xe2, 0xdb, 0x70, 0xd9, 0xb0,
    0x2d, 0x88, 0x87, 0x9e, 0x80, 0xaa, 0xa0, 0x87,
    0x5c, 0xe2, 0x4c, 0x2f, 0x40, 0x1a, 0x0, 0x4a,
    0x98, 0x50, 0x5, 0x4, 0xeb, 0x63, 0x11, 0x8a,
    0xa3, 0x0, 0x0, 0x0, 0x17, 0xbe, 0xff, 0xd3,
    0x0, 0x0, 0x0, 0x0, 0x0, 0x0, 0x0, 0x0,

    /* U+99A5 "馥" */
    0x0, 0x0, 0x0, 0x0, 0x2, 0x0, 0x0, 0x0,
    0x13, 0x45, 0x68, 0x40, 0x9c, 0x0, 0x0, 0x0,
    0x3c, 0xbf, 0xa8, 0x43, 0xff, 0xff, 0xff, 0xf7,
    0x0, 0xd, 0x30, 0x1e, 0x60, 0x0, 0x0, 0x0,
    0x69, 0x9e, 0xb9, 0x98, 0xff, 0xff, 0xff, 0xe0,
    0x35, 0xaf, 0x95, 0x52, 0xf0, 0x0, 0x2, 0xe0,
    0x4, 0xcd, 0xea, 0x2, 0xfe, 0xee, 0xee, 0xe0,
    0x7e, 0x2d, 0x4b, 0xd2, 0xf0, 0x0, 0x2, 0xe0,
    0x83, 0x7, 0x10, 0x22, 0xf9, 0x99, 0x9a, 0xe0,
    0xc, 0xff, 0xff, 0x30, 0x8c, 0x66, 0x67, 0xd0,
    0xc, 0x40, 0xd, 0x30, 0xca, 0x44, 0x44, 0x30,
    0xc, 0x74, 0x4e, 0x3a, 0xfe, 0xbb, 0xbe, 0xc0,
    0xc, 0xcb, 0xbf, 0xac, 0x5e, 0x30, 0x6e, 0x20,
    0xc, 0x40, 0xd, 0x30, 0x3, 0xec, 0xc1, 0x0,
    0xc, 0xff, 0xff, 0x45, 0x8e, 0xd9, 0xfb, 0x73,
    0xc, 0x40, 0xd, 0x8f, 0xa5, 0x0, 0x17, 0xc8,
    0x0, 0x0, 0x0, 0x0, 0x0, 0x0, 0x0, 0x0,

    /* U+9E20 "鸠" */
    0x0, 0x50, 0x0, 0x0, 0x1, 0x20, 0x0, 0x0,
    0x0, 0xf1, 0x0, 0x0, 0x8, 0xd0, 0x0, 0x0,
    0x0, 0xf1, 0x0, 0x9, 0xae, 0xda, 0xaa, 0x20,
    0x0, 0xf1, 0x0, 0xd, 0x96, 0x76, 0x6e, 0x40,
    0x9f, 0xff, 0xfe, 0xd, 0x46, 0xc0, 0xe, 0x30,
    0x13, 0xf3, 0x5e, 0xd, 0x40, 0xca, 0xe, 0x30,
    0x0, 0xf1, 0x3e, 0xd, 0x40, 0x33, 0x4f, 0x10,
    0x0, 0xf0, 0x3e, 0xd, 0x40, 0xff, 0xf8, 0x0,
    0x1, 0xf0, 0x3e, 0xd, 0x62, 0x22, 0x22, 0x20,
    0x2, 0xf0, 0x3e, 0xc, 0xff, 0xff, 0xff, 0xf2,
    0x3, 0xe0, 0x3e, 0x0, 0x0, 0x0, 0x0, 0xf2,
    0x5, 0xb0, 0x3e, 0x14, 0x44, 0x44, 0x40, 0xf1,
    0x9, 0x90, 0x3e, 0x5d, 0xdd, 0xdd, 0xd2, 0xf0,
    0xd, 0x40, 0x4f, 0xe2, 0x0, 0x0, 0x2, 0xf0,
    0x4e, 0x0, 0x8e, 0x30, 0x2, 0x33, 0x3b, 0xc0,
    0x97, 0x0, 0x2, 0x0, 0x8, 0xff, 0xfb, 0x20,
    0x0, 0x0, 0x0, 0x0, 0x0, 0x0, 0x0, 0x0,

    /* U+9E22 "鸢" */
    0x0, 0x0, 0x1, 0x0, 0x1, 0x0, 0x0, 0x0,
    0x0, 0x0, 0x2f, 0x20, 0x1f, 0xa3, 0x0, 0x0,
    0x0, 0x0, 0x7, 0xd0, 0x1, 0xab, 0x56, 0x70,
    0x13, 0x57, 0x8a, 0xfe, 0xef, 0xec, 0xb9, 0x80,
    0x4c, 0xa9, 0x75, 0x48, 0xf6, 0x0, 0x0, 0xa4,
    0x0, 0x0, 0x7, 0x60, 0x4d, 0xe9, 0x43, 0xe2,
    0x0, 0x0, 0x1f, 0x30, 0x0, 0x49, 0xdf, 0xa0,
    0x0, 0xbf, 0xee, 0xee, 0xee, 0xee, 0xf1, 0x0,
    0x0, 0xb6, 0x8, 0x50, 0x0, 0x2, 0xf0, 0x0,
    0x0, 0xb6, 0x4, 0xdc, 0x1b, 0xbe, 0xb0, 0x0,
    0x0, 0xb6, 0x0, 0x3, 0x5, 0x54, 0x0, 0x0,
    0x0, 0xaf, 0xff, 0xff, 0xff, 0xff, 0xff, 0xc0,
    0x0, 0x0, 0x0, 0x0, 0x0, 0x0, 0x7, 0xb0,
    0x4f, 0xff, 0xff, 0xff, 0xff, 0xfd, 0x9, 0x90,
    0x0, 0x0, 0x0, 0x0, 0x3, 0x22, 0x3e, 0x60,
    0x0, 0x0, 0x0, 0x0, 0xe, 0xff, 0xfa, 0x0,
    0x0, 0x0, 0x0, 0x0, 0x0, 0x0, 0x0, 0x0,

    /* U+9E28 "鸨" */
    0x0, 0x0, 0x0, 0x0, 0x1, 0x40, 0x0, 0x0,
    0xc6, 0x0, 0x13, 0x0, 0x5d, 0x0, 0x0, 0xc,
    0x61, 0x8f, 0xa2, 0xff, 0xff, 0xff, 0x40, 0xcd,
    0xfc, 0x40, 0x2f, 0x13, 0x11, 0xd4, 0xc, 0xc3,
    0x0, 0xb2, 0xf1, 0xe4, 0xe, 0x30, 0xc6, 0x0,
    0x2f, 0x2f, 0x4, 0xd0, 0xf2, 0xb, 0xb3, 0x3a,
    0xc2, 0xf0, 0x33, 0x6f, 0x0, 0x3c, 0xdd, 0xb3,
    0x2f, 0xe, 0xec, 0x50, 0x0, 0x4, 0x20, 0x2,
    0xf1, 0x11, 0x11, 0x10, 0x0, 0xd6, 0x0, 0x2f,
    0xff, 0xff, 0xff, 0x45, 0x5d, 0x95, 0x50, 0x0,
    0x0, 0x3, 0xec, 0xff, 0xff, 0xff, 0x33, 0x33,
    0x33, 0x4e, 0x0, 0xd, 0x60, 0x9, 0xcc, 0xcc,
    0xb5, 0xd0, 0x0, 0xd6, 0x0, 0x0, 0x0, 0x0,
    0x6c, 0x0, 0xd, 0x60, 0x0, 0x3, 0x32, 0x4d,
    0x80, 0x0, 0xd6, 0x0, 0x0, 0xcf, 0xff, 0xb1,
    0x0, 0x0, 0x0, 0x0, 0x0, 0x0, 0x0, 0x0,

    /* U+9E29 "鸩" */
    0x0, 0x5, 0x20, 0x0, 0x0, 0x64, 0x0, 0x0,
    0x0, 0xc, 0x50, 0x0, 0x0, 0xe5, 0x0, 0x0,
    0x0, 0xc, 0x40, 0x0, 0xff, 0xff, 0xff, 0xc0,
    0x2f, 0xff, 0xff, 0xf2, 0xf3, 0x31, 0x17, 0xb0,
    0x2e, 0x2d, 0x62, 0xe2, 0xf2, 0xaa, 0x7, 0xb0,
    0x2e, 0xd, 0x40, 0xe2, 0xf2, 0xd, 0x38, 0xa0,
    0x3, 0xe, 0x41, 0x30, 0xf2, 0x44, 0x4d, 0x70,
    0x0, 0xf, 0x99, 0x0, 0xf2, 0xbf, 0xeb, 0x10,
    0x0, 0x1f, 0x79, 0x0, 0xf3, 0x11, 0x11, 0x10,
    0x0, 0x3e, 0x79, 0x0, 0xff, 0xff, 0xff, 0xf6,
    0x0, 0x7b, 0x79, 0x0, 0x0, 0x0, 0x0, 0xd5,
    0x0, 0xb7, 0x79, 0x16, 0xcc, 0xcc, 0xc4, 0xd4,
    0x1, 0xf3, 0x7a, 0xd6, 0x44, 0x44, 0x41, 0xe3,
    0x7, 0xd0, 0x7f, 0xb0, 0x0, 0x0, 0x0, 0xf2,
    0x1e, 0x60, 0xbc, 0x0, 0x3, 0x32, 0x3a, 0xd0,
    0x6d, 0x0, 0x31, 0x0, 0x9, 0xff, 0xfd, 0x30,
    0x1, 0x0, 0x0, 0x0, 0x0, 0x0, 0x0, 0x0,

    /* U+9E2A "鸪" */
    0x0, 0x2, 0x0, 0x0, 0x0, 0x40, 0x0, 0x0,
    0x0, 0xf3, 0x0, 0x0, 0x4e, 0x0, 0x0, 0x0,
    0xf, 0x30, 0x2, 0xcd, 0xec, 0xcc, 0x32, 0x22,
    0xf5, 0x22, 0x4e, 0x45, 0x44, 0xe4, 0xcf, 0xff,
    0xff, 0xf6, 0xe1, 0xe2, 0xe, 0x30, 0x0, 0xf3,
    0x0, 0x3e, 0x7, 0xc0, 0xf2, 0x0, 0xf, 0x30,
    0x3, 0xe0, 0x12, 0x5f, 0x0, 0x0, 0xf3, 0x0,
    0x3e, 0x1f, 0xfe, 0x60, 0x4c, 0xcf, 0xcc, 0x73,
    0xe2, 0x22, 0x22, 0x25, 0xd5, 0x55, 0xa9, 0x3f,
    0xff, 0xff, 0xfe, 0x5c, 0x0, 0x8, 0x90, 0x0,
    0x0, 0x4, 0xd5, 0xc0, 0x0, 0x89, 0x9b, 0xbb,
    0xb9, 0x5c, 0x5c, 0x0, 0x8, 0x94, 0x55, 0x55,
    0x46, 0xc5, 0xfc, 0xcc, 0xe9, 0x0, 0x0, 0x0,
    0x7a, 0x5d, 0x55, 0x5a, 0x90, 0x3, 0x32, 0x4e,
    0x72, 0x50, 0x0, 0x23, 0x0, 0xdf, 0xff, 0xa0,
    0x0, 0x0, 0x0, 0x0, 0x0, 0x0, 0x0, 0x0,

    /* U+9E2B "鸫" */
    0x0, 0x3, 0x10, 0x0, 0x0, 0x13, 0x0, 0x0,
    0x0, 0xe, 0x40, 0x0, 0x0, 0x7a, 0x0, 0x0,
    0x2, 0x5f, 0x22, 0x21, 0x6c, 0xed, 0xcc, 0xc0,
    0x5f, 0xff, 0xff, 0xfc, 0x9a, 0x45, 0x45, 0xf0,
    0x0, 0xe4, 0x0, 0x0, 0x98, 0x3e, 0x12, 0xf0,
    0x4, 0xe0, 0xd4, 0x0, 0x98, 0x8, 0xb3, 0xe0,
    0xa, 0x80, 0xd4, 0x0, 0x98, 0x1, 0x28, 0xc0,
    0xf, 0x85, 0xe8, 0x53, 0x98, 0x4f, 0xfd, 0x30,
    0x1c, 0xcc, 0xfd, 0xc7, 0x99, 0x22, 0x22, 0x21,
    0x0, 0x0, 0xd4, 0x0, 0x8f, 0xff, 0xff, 0xf9,
    0x1, 0xe1, 0xd4, 0xc3, 0x0, 0x0, 0x0, 0x98,
    0x7, 0xb0, 0xd4, 0x9a, 0x9d, 0xdd, 0xd8, 0x98,
    0xe, 0x50, 0xd4, 0x2f, 0x44, 0x44, 0x42, 0xa7,
    0x3d, 0x0, 0xd4, 0xb, 0x30, 0x0, 0x0, 0xc5,
    0x2, 0x34, 0xf3, 0x0, 0x0, 0x33, 0x26, 0xf2,
    0x5, 0xff, 0xa0, 0x0, 0x0, 0xff, 0xfe, 0x60,
    0x0, 0x0, 0x0, 0x0, 0x0, 0x0, 0x0, 0x0,

    /* U+9E2C "鸬" */
    0x0, 0x0, 0x30, 0x0, 0x0, 0x14, 0x0, 0x0,
    0x0, 0x0, 0xe, 0x30, 0x0, 0x6, 0xd0, 0x0,
    0x0, 0x0, 0x0, 0xee, 0xe9, 0x3f, 0xff, 0xff,
    0xf5, 0x0, 0x0, 0xe, 0x42, 0x13, 0xe1, 0x31,
    0x1c, 0x50, 0x0, 0x0, 0xe3, 0x0, 0x3e, 0x1e,
    0x40, 0xd4, 0x0, 0xe, 0xff, 0xff, 0x33, 0xe0,
    0x5e, 0xe, 0x30, 0x0, 0xe4, 0x22, 0xe3, 0x3e,
    0x1, 0x24, 0xf1, 0x0, 0xe, 0x30, 0xe, 0x33,
    0xe0, 0xff, 0xf7, 0x0, 0x0, 0xe3, 0x0, 0xe3,
    0x3f, 0x33, 0x43, 0x33, 0x0, 0xe, 0xee, 0xef,
    0x32, 0xbb, 0xbb, 0xbc, 0xf0, 0x0, 0xf4, 0x22,
    0xe3, 0x0, 0x0, 0x0, 0x2f, 0x0, 0xf, 0x10,
    0x1, 0x34, 0x44, 0x44, 0x43, 0xf0, 0x2, 0xf0,
    0x0, 0x9, 0xdd, 0xdd, 0xdd, 0x4e, 0x0, 0x5c,
    0x0, 0x0, 0x0, 0x0, 0x0, 0x5, 0xd0, 0xa,
    0x80, 0x0, 0x0, 0x0, 0x22, 0x13, 0xd9, 0x0,
    0xd3, 0x0, 0x0, 0x0, 0x9, 0xff, 0xfc, 0x10,
    0x1, 0x0, 0x0, 0x0, 0x0, 0x0, 0x0, 0x0,
    0x0,

    /* U+9E31 "鸱" */
    0x0, 0x0, 0x0, 0x0, 0x0, 0x44, 0x0, 0x0,
    0x1, 0x23, 0x45, 0x72, 0x0, 0xc7, 0x0, 0x0,
    0xe, 0xfe, 0xfe, 0xb5, 0x9e, 0xfe, 0xee, 0x70,
    0xe, 0x20, 0x89, 0x0, 0xa8, 0x43, 0x3a, 0x80,
    0xe, 0x20, 0x79, 0x0, 0xa7, 0xa9, 0x9, 0x80,
    0xe, 0x20, 0x79, 0x0, 0xa7, 0x1d, 0x2a, 0x70,
    0xe, 0x20, 0x7a, 0x0, 0xa7, 0x13, 0x3d, 0x60,
    0xe, 0xba, 0xce, 0xa7, 0xa7, 0x5f, 0xfd, 0x10,
    0xe, 0x98, 0xad, 0x86, 0xa8, 0x22, 0x22, 0x20,
    0xe, 0x20, 0x4c, 0x0, 0xaf, 0xff, 0xff, 0xf2,
    0xe, 0x20, 0x2e, 0x0, 0x0, 0x0, 0x0, 0xf1,
    0xe, 0x22, 0x5f, 0x1a, 0xff, 0xff, 0xf1, 0xf1,
    0xe, 0x7f, 0x5c, 0x54, 0x41, 0x11, 0x11, 0xf0,
    0xf, 0xe5, 0x6, 0xc7, 0xa0, 0x0, 0x2, 0xf0,
    0x3d, 0x2b, 0xa0, 0xcf, 0x52, 0x33, 0x3b, 0xb0,
    0x0, 0x2, 0xe3, 0x2, 0x9, 0xff, 0xfc, 0x20,
    0x0, 0x0, 0x10, 0x0, 0x0, 0x0, 0x0, 0x0,

    /* U+9E32 "鸲" */
    0x0, 0x0, 0x0, 0x0, 0x0, 0x10, 0x0, 0x0,
    0x9, 0xd0, 0x0, 0x0, 0xe, 0x40, 0x0, 0x0,
    0xf7, 0x11, 0x10, 0x89, 0xf8, 0x88, 0x10, 0x6f,
    0xff, 0xff, 0xf, 0x87, 0x77, 0xf2, 0x1e, 0x50,
    0x0, 0xf0, 0xf4, 0xb1, 0xe, 0x29, 0xc0, 0x0,
    0xf, 0xf, 0x1a, 0xc0, 0xf2, 0xbf, 0xff, 0xd0,
    0xf0, 0xf1, 0x4, 0x1f, 0x10, 0xe1, 0x2d, 0x1f,
    0xf, 0x19, 0xef, 0x90, 0xe, 0x12, 0xd1, 0xf0,
    0xf3, 0x34, 0x32, 0x10, 0xe1, 0x2d, 0x1f, 0xe,
    0xff, 0xff, 0xfd, 0xe, 0x12, 0xd1, 0xf0, 0x0,
    0x0, 0x4, 0xd0, 0xef, 0xfd, 0x2f, 0x14, 0x44,
    0x42, 0x4d, 0xe, 0x10, 0x2, 0xe5, 0xdd, 0xdd,
    0x85, 0xc0, 0x0, 0x0, 0x4d, 0x0, 0x0, 0x0,
    0x6b, 0x0, 0x33, 0x3b, 0xa0, 0x0, 0x0, 0x1c,
    0x80, 0x9, 0xff, 0xc1, 0x0, 0xbf, 0xff, 0xc1,
    0x0, 0x0, 0x0, 0x0, 0x1, 0x22, 0x10, 0x0,

    /* U+9E36 "鸶" */
    0x0, 0x0, 0x10, 0x0, 0x0, 0x1, 0x0, 0x0,
    0x0, 0x3, 0xe5, 0x0, 0x0, 0x7d, 0x10, 0x0,
    0x0, 0x7c, 0x20, 0xa9, 0x1a, 0x90, 0x2d, 0x30,
    0x7, 0xfe, 0xff, 0x80, 0xbe, 0xdf, 0xe4, 0x0,
    0x0, 0x2a, 0xa3, 0x11, 0x4, 0xb8, 0x12, 0x10,
    0x2, 0xdc, 0xcb, 0xa7, 0x7d, 0xcb, 0xba, 0x40,
    0x4b, 0xbb, 0xbb, 0xbb, 0xbb, 0xbb, 0xbb, 0xb7,
    0x13, 0x33, 0x33, 0x9d, 0x33, 0x33, 0x33, 0x32,
    0x0, 0x5e, 0xee, 0xff, 0xee, 0xee, 0xf1, 0x0,
    0x0, 0x6d, 0x0, 0xa6, 0x0, 0x2, 0xf0, 0x0,
    0x0, 0x6d, 0x0, 0x4b, 0xb7, 0xff, 0xa0, 0x0,
    0x0, 0x6e, 0x99, 0x99, 0xa9, 0x99, 0x99, 0x60,
    0x0, 0x14, 0x44, 0x44, 0x44, 0x44, 0x4a, 0xa0,
    0x9e, 0xee, 0xee, 0xee, 0xee, 0xed, 0x9, 0x80,
    0x0, 0x0, 0x0, 0x0, 0x1, 0x10, 0x2e, 0x50,
    0x0, 0x0, 0x0, 0x0, 0xd, 0xff, 0xf9, 0x0,
    0x0, 0x0, 0x0, 0x0, 0x0, 0x0, 0x0, 0x0,

    /* U+9E37 "鸷" */
    0x0, 0x2, 0x10, 0x0, 0x3, 0x0, 0x0, 0x0,
    0x0, 0xa, 0x60, 0x0, 0x1f, 0x0, 0x0, 0x0,
    0x2e, 0xef, 0xee, 0x5b, 0xdf, 0xdd, 0xd2, 0x0,
    0x0, 0xa, 0x60, 0x2, 0x4d, 0x0, 0xd2, 0x0,
    0x29, 0xbe, 0xfe, 0x7d, 0xd9, 0x0, 0xd3, 0x34,
    0x17, 0x5b, 0x60, 0x5, 0xee, 0xa1, 0xb5, 0x78,
    0x5, 0x7e, 0x50, 0x6e, 0x31, 0x80, 0x7d, 0xd4,
    0x6, 0x97, 0x5, 0x91, 0x0, 0x0, 0x7, 0x70,
    0x0, 0x8e, 0xee, 0xee, 0xee, 0xee, 0xe0, 0x0,
    0x0, 0x98, 0x6, 0x61, 0x0, 0x2, 0xe0, 0x0,
    0x0, 0x98, 0x2, 0x9e, 0x1c, 0xee, 0x70, 0x0,
    0x0, 0x9c, 0x99, 0x99, 0x99, 0x99, 0x99, 0x70,
    0x0, 0x13, 0x33, 0x33, 0x33, 0x33, 0x36, 0xc0,
    0x4e, 0xee, 0xee, 0xee, 0xee, 0xed, 0x5, 0xb0,
    0x0, 0x0, 0x0, 0x0, 0x2, 0x10, 0x1a, 0x90,
    0x0, 0x0, 0x0, 0x0, 0xc, 0xff, 0xfc, 0x10,
    0x0, 0x0, 0x0, 0x0, 0x0, 0x0, 0x0, 0x0,

    /* U+9E38 "鸸" */
    0x0, 0x0, 0x0, 0x0, 0x0, 0x7, 0x0, 0x0,
    0x46, 0x66, 0x66, 0x66, 0x0, 0x4d, 0x0, 0x0,
    0x7a, 0xae, 0xca, 0xaa, 0x1f, 0xff, 0xff, 0xe0,
    0x0, 0xf, 0x20, 0x0, 0x1f, 0x13, 0x12, 0xe0,
    0x1, 0x3f, 0x11, 0x11, 0x1f, 0xd, 0x41, 0xe0,
    0x5f, 0xff, 0xff, 0xfc, 0x1f, 0x4, 0xd1, 0xd0,
    0x5a, 0x4a, 0x4b, 0x3c, 0x1f, 0x1, 0x16, 0xc0,
    0x5a, 0x4a, 0x4b, 0x3c, 0x1f, 0xe, 0xfe, 0x40,
    0x5a, 0x4a, 0x4b, 0x3c, 0x1f, 0x11, 0x11, 0x10,
    0x5a, 0x4a, 0x4b, 0x3c, 0x1f, 0xff, 0xff, 0xf5,
    0x5a, 0x4a, 0x4b, 0x3c, 0x0, 0x0, 0x0, 0xc5,
    0x5a, 0x4a, 0x4b, 0x3c, 0x12, 0x22, 0x21, 0xc4,
    0x5a, 0x4a, 0x4b, 0x3c, 0x9d, 0xdd, 0xd7, 0xd3,
    0x5a, 0x38, 0x27, 0x3c, 0x0, 0x0, 0x0, 0xe2,
    0x5a, 0x0, 0x12, 0x7a, 0x0, 0x32, 0x16, 0xf0,
    0x5a, 0x0, 0x4f, 0xe4, 0x0, 0xcf, 0xfe, 0x50,
    0x0, 0x0, 0x0, 0x0, 0x0, 0x1, 0x10, 0x0,

    /* U+9E39 "鸹" */
    0x0, 0x0, 0x0, 0x0, 0x2, 0x60, 0x0, 0x0,
    0x47, 0x89, 0xab, 0x90, 0x8, 0xa0, 0x0, 0x0,
    0x5a, 0x9f, 0x96, 0x45, 0xff, 0xff, 0xff, 0x50,
    0x0, 0xf, 0x30, 0x5, 0xc1, 0x31, 0x1d, 0x50,
    0x0, 0xf, 0x30, 0x5, 0xb2, 0xe3, 0xd, 0x40,
    0xbe, 0xef, 0xee, 0xe6, 0xb0, 0x6d, 0xe, 0x30,
    0x35, 0x5f, 0x75, 0x55, 0xb0, 0x12, 0x4f, 0x10,
    0x0, 0xf, 0x30, 0x5, 0xb1, 0xff, 0xf7, 0x0,
    0x0, 0xf, 0x30, 0x5, 0xc2, 0x22, 0x22, 0x20,
    0x4f, 0xff, 0xff, 0x84, 0xee, 0xee, 0xee, 0xf0,
    0x4d, 0x22, 0x29, 0x90, 0x0, 0x0, 0x3, 0xf0,
    0x4d, 0x0, 0x8, 0x98, 0xcc, 0xcc, 0xb4, 0xe0,
    0x4d, 0x0, 0x8, 0x93, 0x44, 0x44, 0x45, 0xd0,
    0x4d, 0x22, 0x29, 0x90, 0x0, 0x0, 0x7, 0xb0,
    0x4f, 0xff, 0xff, 0x90, 0x5, 0x43, 0x5e, 0x70,
    0x4d, 0x0, 0x8, 0x90, 0xc, 0xff, 0xe9, 0x0,
    0x0, 0x0, 0x0, 0x0, 0x0, 0x0, 0x0, 0x0,

    /* U+9E3A "鸺" */
    0x0, 0x34, 0x0, 0x40, 0x0, 0x7, 0x10, 0x0,
    0x0, 0x89, 0x1, 0xe0, 0x0, 0x2f, 0x0, 0x0,
    0x0, 0xc5, 0x1, 0xe0, 0x9, 0xef, 0xdd, 0xd1,
    0x0, 0xf1, 0x1, 0xe0, 0xb, 0x74, 0x45, 0xf0,
    0x5, 0xe1, 0xff, 0xff, 0x8b, 0x5c, 0x32, 0xf0,
    0xa, 0xe0, 0x8, 0xe0, 0xb, 0x55, 0xd3, 0xf0,
    0x1f, 0xe0, 0xd, 0xe1, 0xb, 0x50, 0x25, 0xe0,
    0x8b, 0xe0, 0x2f, 0xfd, 0x1b, 0x5a, 0xdf, 0x60,
    0xb4, 0xe0, 0x7b, 0xe7, 0x9b, 0x52, 0x31, 0x0,
    0x22, 0xe0, 0xe5, 0xe0, 0xb, 0xff, 0xff, 0xfc,
    0x2, 0xe6, 0xd1, 0xe0, 0x1, 0x11, 0x11, 0x6c,
    0x2, 0xe7, 0x51, 0xe0, 0x22, 0x22, 0x20, 0x6b,
    0x2, 0xe0, 0x1, 0xe0, 0xef, 0xff, 0xf3, 0x7a,
    0x2, 0xe0, 0x1, 0xe0, 0x0, 0x0, 0x0, 0x89,
    0x2, 0xe0, 0x1, 0xe0, 0x0, 0x2, 0x12, 0xd6,
    0x2, 0xe0, 0x1, 0xe0, 0x0, 0xd, 0xff, 0xa0,
    0x0, 0x0, 0x0, 0x0, 0x0, 0x0, 0x0, 0x0,

    /* U+9E3E "鸾" */
    0x0, 0x0, 0x0, 0x3, 0x30, 0x0, 0x0, 0x0,
    0x0, 0x0, 0x0, 0x8, 0xd0, 0x0, 0x0, 0x0,
    0x2f, 0xff, 0xff, 0xff, 0xff, 0xff, 0xff, 0xfa,
    0x1, 0x13, 0x28, 0xb1, 0x16, 0xd1, 0x31, 0x11,
    0x0, 0x4e, 0x67, 0xa0, 0x5, 0xc2, 0xf9, 0x0,
    0x7, 0xf8, 0x7, 0xa9, 0x15, 0xc0, 0x4e, 0xd3,
    0x2f, 0x62, 0x22, 0x5f, 0x32, 0x22, 0x22, 0xd5,
    0x1, 0xd, 0xed, 0xdd, 0xdd, 0xdd, 0xf2, 0x0,
    0x0, 0xd, 0x50, 0x94, 0x0, 0x0, 0xf1, 0x0,
    0x0, 0xd, 0x50, 0x5e, 0x85, 0xac, 0xd0, 0x0,
    0x0, 0xd, 0x51, 0x11, 0x23, 0x76, 0x21, 0x10,
    0x0, 0xc, 0xff, 0xff, 0xff, 0xff, 0xff, 0xf0,
    0x1, 0x11, 0x11, 0x11, 0x11, 0x11, 0x3, 0xf0,
    0xd, 0xff, 0xff, 0xff, 0xff, 0xff, 0x64, 0xe0,
    0x0, 0x0, 0x0, 0x0, 0x3, 0x32, 0x2a, 0xb0,
    0x0, 0x0, 0x0, 0x0, 0x9, 0xff, 0xfd, 0x30,
    0x0, 0x0, 0x0, 0x0, 0x0, 0x0, 0x0, 0x0,

    /* U+9E41 "鹁" */
    0x0, 0x0, 0x10, 0x0, 0x0, 0x3, 0x0, 0x0,
    0x0, 0x2, 0xf0, 0x0, 0x0, 0x3e, 0x0, 0x0,
    0xa, 0xcc, 0xfc, 0xc8, 0x2e, 0xff, 0xee, 0xe0,
    0x4, 0x45, 0xf4, 0x43, 0x2e, 0x12, 0x12, 0xf0,
    0x0, 0x2, 0xf0, 0x0, 0x2e, 0x1e, 0x20, 0xf0,
    0x3f, 0xff, 0xff, 0xff, 0x3e, 0x6, 0xa1, 0xe0,
    0x3d, 0x11, 0x11, 0x1f, 0x3e, 0x2, 0x16, 0xd0,
    0x29, 0x7a, 0xaa, 0x7a, 0x3e, 0xc, 0xfd, 0x40,
    0x0, 0x57, 0x7e, 0x90, 0x2e, 0x11, 0x11, 0x10,
    0x0, 0x0, 0x9a, 0x0, 0x2f, 0xff, 0xff, 0xf9,
    0x0, 0x2, 0xf5, 0x66, 0x0, 0x0, 0x0, 0x79,
    0x4e, 0xff, 0xfa, 0x96, 0x9c, 0xcc, 0xca, 0x88,
    0x3, 0x1, 0xf0, 0x0, 0x24, 0x44, 0x43, 0x88,
    0x0, 0x1, 0xf0, 0x0, 0x0, 0x0, 0x0, 0xa7,
    0x0, 0x3, 0xf0, 0x0, 0x0, 0x22, 0x14, 0xf3,
    0x5, 0xff, 0x90, 0x0, 0x0, 0x7f, 0xff, 0x80,
    0x0, 0x11, 0x0, 0x0, 0x0, 0x0, 0x0, 0x0,

    /* U+9E42 "鹂" */
    0x0, 0x0, 0x0, 0x0, 0x0, 0x0, 0x0, 0x0,
    0x22, 0x22, 0x22, 0x22, 0x20, 0x8, 0x90, 0x0,
    0xbe, 0xee, 0xee, 0xee, 0xe4, 0x8d, 0xb8, 0x80,
    0x0, 0x0, 0x0, 0x0, 0x3, 0xe5, 0x55, 0xf0,
    0x4d, 0xdd, 0x3a, 0xdd, 0xa3, 0xd4, 0xb0, 0xf0,
    0x5b, 0x3b, 0x4d, 0x45, 0xc3, 0xd0, 0xb5, 0xe0,
    0x5a, 0xb, 0x4d, 0x23, 0xc3, 0xd1, 0x16, 0xc0,
    0x5c, 0x5b, 0x4d, 0x93, 0xc3, 0xd9, 0xfe, 0x40,
    0x5b, 0xab, 0x4d, 0xb6, 0xc3, 0xd0, 0x0, 0x0,
    0x5a, 0xcb, 0x4d, 0x89, 0xc3, 0xff, 0xff, 0xf7,
    0x5a, 0xcc, 0x4d, 0x6b, 0xc0, 0x11, 0x11, 0xa7,
    0x5a, 0x5c, 0x4d, 0x37, 0xc1, 0x22, 0x22, 0xa6,
    0x5a, 0xb, 0x4d, 0x23, 0xca, 0xee, 0xec, 0xb5,
    0x5a, 0xb, 0x4d, 0x23, 0xc0, 0x0, 0x0, 0xc4,
    0x5a, 0x1c, 0x3d, 0x24, 0xb0, 0x12, 0x24, 0xf1,
    0x5a, 0xed, 0xb, 0x9e, 0x70, 0x4f, 0xff, 0x70,
    0x0, 0x0, 0x0, 0x0, 0x0, 0x0, 0x0, 0x0,

    /* U+9E44 "鹄" */
    0x0, 0x1, 0x10, 0x0, 0x0, 0x30, 0x0, 0x0,
    0x4, 0x16, 0xa0, 0x0, 0x0, 0xf0, 0x0, 0x0,
    0xe, 0x36, 0xa0, 0x0, 0xdd, 0xfd, 0xdd, 0x20,
    0x1f, 0xef, 0xfe, 0xe0, 0xf2, 0x31, 0x1e, 0x20,
    0x7b, 0x27, 0xa2, 0x20, 0xf1, 0xd4, 0xe, 0x20,
    0xc5, 0x6, 0xa0, 0x0, 0xf1, 0x3c, 0xf, 0x10,
    0x21, 0x6, 0xa0, 0x0, 0xf1, 0x22, 0x5f, 0x0,
    0xef, 0xff, 0xff, 0xf6, 0xf1, 0x9f, 0xd5, 0x0,
    0x1, 0x11, 0x11, 0x10, 0xf2, 0x11, 0x11, 0x10,
    0x5, 0x55, 0x55, 0x40, 0xff, 0xff, 0xff, 0xf0,
    0xf, 0x99, 0x9a, 0xd0, 0x0, 0x0, 0x0, 0xf0,
    0xf, 0x0, 0x3, 0xd8, 0xcc, 0xcc, 0xc5, 0xf0,
    0xf, 0x0, 0x3, 0xd2, 0x44, 0x44, 0x43, 0xe0,
    0xf, 0x21, 0x14, 0xd0, 0x0, 0x0, 0x3, 0xd0,
    0xf, 0xff, 0xff, 0xd0, 0x0, 0x21, 0x2a, 0xa0,
    0xf, 0x0, 0x2, 0xc0, 0x0, 0xff, 0xfc, 0x10,
    0x0, 0x0, 0x0, 0x0, 0x0, 0x0, 0x0, 0x0,

    /* U+9E46 "鹆" */
    0x0, 0x0, 0x0, 0x0, 0x0, 0x5, 0x0, 0x0,
    0x0, 0x3c, 0xc, 0x40, 0x0, 0x4d, 0x0, 0x0,
    0x0, 0xc7, 0x5, 0xf2, 0x3f, 0xff, 0xff, 0xf0,
    0x7, 0xd0, 0x0, 0xad, 0x3e, 0x13, 0x12, 0xf0,
    0x3f, 0x30, 0x91, 0x15, 0x3e, 0x1e, 0x31, 0xf0,
    0x36, 0x8, 0xf9, 0x0, 0x3e, 0x5, 0xc2, 0xe0,
    0x0, 0x3e, 0x2d, 0x90, 0x3e, 0x2, 0x26, 0xd0,
    0x1, 0xd6, 0x2, 0xe8, 0x3e, 0xc, 0xff, 0x50,
    0x1d, 0x90, 0x0, 0x4e, 0x4e, 0x22, 0x22, 0x21,
    0x8c, 0xaa, 0xaa, 0xa2, 0x3f, 0xff, 0xff, 0xf8,
    0x3, 0xe6, 0x66, 0xf2, 0x0, 0x0, 0x0, 0xa7,
    0x3, 0xe0, 0x0, 0xe2, 0xcd, 0xdd, 0xd6, 0xa7,
    0x3, 0xe0, 0x0, 0xe2, 0x34, 0x44, 0x42, 0xb6,
    0x3, 0xe2, 0x22, 0xe2, 0x0, 0x0, 0x0, 0xd4,
    0x3, 0xff, 0xff, 0xf2, 0x0, 0x34, 0x36, 0xf1,
    0x3, 0xe0, 0x0, 0x71, 0x0, 0x7f, 0xfe, 0x60,

    /* U+9E47 "鹇" */
    0x0, 0x0, 0x0, 0x0, 0x0, 0x2, 0x0, 0x0,
    0x5, 0xc0, 0x0, 0x0, 0x0, 0x3e, 0x0, 0x0,
    0x0, 0xc7, 0xcf, 0xff, 0x1a, 0xde, 0xbb, 0xb0,
    0x8, 0x10, 0x0, 0xf, 0x1e, 0x54, 0x45, 0xf0,
    0xf, 0x0, 0xe1, 0xf, 0x1e, 0x1b, 0x31, 0xf0,
    0xf, 0x11, 0xe2, 0xf, 0x1e, 0x14, 0xd2, 0xe0,
    0xf, 0x9e, 0xfe, 0xaf, 0x1e, 0x20, 0x15, 0xd0,
    0xf, 0x4, 0xf1, 0xf, 0x1e, 0x2f, 0xfe, 0x40,
    0xf, 0xa, 0xf6, 0xf, 0x1e, 0x21, 0x11, 0x10,
    0xf, 0x1d, 0xec, 0x8f, 0x1d, 0xee, 0xee, 0xf7,
    0xf, 0xa7, 0xe2, 0x9f, 0x10, 0x0, 0x0, 0x97,
    0xf, 0xe1, 0xe1, 0xf, 0x48, 0x88, 0x86, 0xa6,
    0xf, 0x10, 0xe1, 0xf, 0x47, 0x77, 0x75, 0xa6,
    0xf, 0x0, 0xe1, 0xf, 0x10, 0x0, 0x0, 0xc4,
    0xf, 0x0, 0x0, 0x2f, 0x0, 0x32, 0x26, 0xf1,
    0xf, 0x0, 0x5f, 0xf9, 0x0, 0xdf, 0xfe, 0x50,
    0x0, 0x0, 0x0, 0x0, 0x0, 0x0, 0x0, 0x0,

    /* U+9E48 "鹈" */
    0x0, 0x0, 0x0, 0x10, 0x0, 0x3, 0x0, 0x0,
    0x0, 0xc2, 0x4, 0xd0, 0x0, 0x4d, 0x0, 0x0,
    0x0, 0x69, 0xd, 0x40, 0xd, 0xef, 0xdd, 0xd0,
    0xe, 0xff, 0xff, 0xfd, 0xf, 0x44, 0x34, 0xf0,
    0x0, 0x2, 0xe0, 0x1e, 0xf, 0x1d, 0x41, 0xf0,
    0x0, 0x1, 0xe0, 0x1e, 0xf, 0x13, 0xe2, 0xe0,
    0xa, 0xee, 0xfe, 0xee, 0xf, 0x21, 0x27, 0xc0,
    0xc, 0x42, 0xe1, 0x17, 0xf, 0x3f, 0xfe, 0x40,
    0xe, 0x11, 0xe0, 0x0, 0xf, 0x43, 0x33, 0x31,
    0xf, 0xff, 0xff, 0xff, 0x3e, 0xee, 0xee, 0xf7,
    0x0, 0xc, 0xe0, 0xd, 0x30, 0x0, 0x0, 0xa7,
    0x0, 0x5d, 0xe0, 0xd, 0x5a, 0xaa, 0xa7, 0xa6,
    0x2, 0xe4, 0xe0, 0xf, 0x37, 0x77, 0x75, 0xb6,
    0x2e, 0x91, 0xec, 0xfc, 0x0, 0x0, 0x0, 0xd4,
    0x3d, 0x1, 0xe1, 0x20, 0x0, 0x43, 0x27, 0xf1,
    0x1, 0x1, 0xe0, 0x0, 0x0, 0xef, 0xfe, 0x50,
    0x0, 0x0, 0x0, 0x0, 0x0, 0x0, 0x0, 0x0,

    /* U+9E49 "鹉" */
    0x0, 0x0, 0x0, 0x21, 0x0, 0x1, 0x50, 0x0,
    0x0, 0x0, 0x0, 0x9, 0x83, 0x0, 0x5c, 0x0,
    0x0, 0x1, 0xee, 0xeb, 0x99, 0xc2, 0xef, 0xfe,
    0xec, 0x0, 0x2, 0x22, 0x19, 0x6c, 0x4f, 0x12,
    0x14, 0xc0, 0x0, 0x0, 0x0, 0x96, 0x2, 0xf1,
    0xd2, 0x3c, 0x0, 0xdf, 0xff, 0xff, 0xff, 0x8f,
    0x5, 0xb4, 0xb0, 0x0, 0x11, 0x81, 0x97, 0x12,
    0xf0, 0x11, 0x9a, 0x0, 0x4, 0x1f, 0x8, 0x70,
    0x2f, 0x1f, 0xfd, 0x20, 0x3, 0xd1, 0xf0, 0x77,
    0x2, 0xf0, 0x0, 0x0, 0x0, 0x3d, 0x1f, 0xca,
    0x80, 0x2f, 0xff, 0xff, 0xf4, 0x3, 0xd1, 0xf2,
    0x69, 0x0, 0x0, 0x0, 0xc, 0x40, 0x3d, 0x1f,
    0x3, 0xb0, 0xad, 0xdd, 0xd8, 0xc4, 0x3, 0xd1,
    0xf0, 0x1d, 0x7, 0x22, 0x22, 0x1d, 0x30, 0x3e,
    0x5f, 0xb7, 0xe0, 0xf0, 0x0, 0x0, 0xe1, 0xe,
    0xff, 0xc8, 0x3a, 0x9d, 0x3, 0x11, 0x7d, 0x0,
    0x52, 0x0, 0x0, 0x3e, 0x70, 0xef, 0xfd, 0x30,
    0x0, 0x0, 0x0, 0x0, 0x0, 0x0, 0x0, 0x0,
    0x0,

    /* U+9E4B "鹋" */
    0x0, 0x20, 0x2, 0x0, 0x0, 0x32, 0x0, 0x0,
    0x0, 0xd2, 0xd, 0x20, 0x0, 0xb5, 0x0, 0x0,
    0x0, 0xd2, 0xd, 0x20, 0x7e, 0xfe, 0xee, 0x30,
    0x9f, 0xff, 0xff, 0xfe, 0x89, 0x32, 0x2c, 0x40,
    0x11, 0xd4, 0x1d, 0x41, 0x88, 0x97, 0xc, 0x40,
    0x0, 0xd2, 0xd, 0x20, 0x88, 0x1e, 0x1c, 0x30,
    0x3, 0x43, 0x34, 0x31, 0x88, 0x2, 0xe, 0x20,
    0x1f, 0xde, 0xfd, 0xf6, 0x88, 0x5d, 0xeb, 0x0,
    0x1f, 0x5, 0xa0, 0xa6, 0x88, 0x13, 0x31, 0x10,
    0x1f, 0x5, 0xa0, 0xa6, 0x7f, 0xff, 0xff, 0xf1,
    0x1f, 0xbc, 0xeb, 0xe6, 0x0, 0x0, 0x0, 0xf1,
    0x1f, 0x26, 0xb2, 0xb7, 0xcc, 0xcc, 0xc5, 0xf1,
    0x1f, 0x5, 0xa0, 0xa6, 0x44, 0x44, 0x42, 0xf0,
    0x1f, 0x5, 0xa0, 0xa6, 0x0, 0x0, 0x2, 0xf0,
    0x1f, 0xff, 0xff, 0xf6, 0x0, 0x44, 0x3a, 0xb0,
    0x1f, 0x11, 0x11, 0xa6, 0x0, 0x9e, 0xeb, 0x20,
    0x0, 0x0, 0x0, 0x0, 0x0, 0x0, 0x0, 0x0,

    /* U+9E4C "鹌" */
    0x0, 0x0, 0x0, 0x0, 0x0, 0x0, 0x0, 0x0,
    0x0, 0x0, 0xe2, 0x0, 0x0, 0x2f, 0x10, 0x0,
    0x1, 0x16, 0xd1, 0x11, 0x28, 0xbf, 0x88, 0x80,
    0x5e, 0xef, 0xef, 0xee, 0x4e, 0x77, 0x78, 0xe0,
    0x0, 0x8b, 0xd, 0x70, 0x3e, 0x1b, 0x12, 0xe0,
    0x6, 0xe2, 0x80, 0xbb, 0x4e, 0x8, 0xb2, 0xd0,
    0x7f, 0x42, 0xf1, 0x19, 0x5e, 0x12, 0x28, 0xb0,
    0x4c, 0xed, 0xfd, 0xe8, 0x3e, 0x4f, 0xfd, 0x30,
    0xa, 0x51, 0xf0, 0x78, 0x3e, 0x33, 0x33, 0x31,
    0xa, 0xff, 0xff, 0xf8, 0x2c, 0xcc, 0xcc, 0xe6,
    0xa, 0x51, 0xf0, 0x78, 0x0, 0x0, 0x0, 0xb6,
    0xa, 0x73, 0xf2, 0x88, 0x44, 0x44, 0x42, 0xb5,
    0xa, 0xdc, 0xfc, 0xc6, 0xcc, 0xcc, 0xc7, 0xc5,
    0x4, 0x21, 0xf0, 0x1, 0x0, 0x0, 0x0, 0xd3,
    0x0, 0x1, 0xf7, 0xe5, 0x1, 0x32, 0x27, 0xf0,
    0x0, 0x6, 0xfb, 0x30, 0x2, 0xff, 0xfd, 0x50,
    0x0, 0x0, 0x40, 0x0, 0x0, 0x0, 0x0, 0x0,

    /* U+9E4E "鹎" */
    0x0, 0x6, 0x10, 0x0, 0x0, 0x52, 0x0, 0x0,
    0x2, 0xf1, 0x0, 0x0, 0xe, 0x50, 0x0, 0x5e,
    0xff, 0xee, 0xe1, 0xcf, 0xff, 0xff, 0x46, 0xa1,
    0xa6, 0x1f, 0x1c, 0x51, 0x0, 0xc4, 0x6a, 0xa,
    0x60, 0xf1, 0xc5, 0xc8, 0xc, 0x36, 0xec, 0xed,
    0xcf, 0x1c, 0x52, 0xf5, 0xd3, 0x6b, 0x4c, 0x74,
    0xf1, 0xc5, 0x14, 0x3f, 0x16, 0xa0, 0xc3, 0xf,
    0x1c, 0x59, 0xfe, 0x80, 0x6e, 0xaf, 0xba, 0xf1,
    0xc5, 0x0, 0x0, 0x2, 0x5d, 0xb7, 0x5d, 0x1c,
    0xff, 0xff, 0xfb, 0x1a, 0xe3, 0xf0, 0x0, 0x11,
    0x11, 0x17, 0xb4, 0xc2, 0x1f, 0x0, 0x29, 0x99,
    0x94, 0x7a, 0xef, 0xff, 0xff, 0xf9, 0x88, 0x88,
    0x37, 0xa0, 0x0, 0x1f, 0x0, 0x0, 0x0, 0x0,
    0x99, 0x0, 0x1, 0xf0, 0x0, 0x3, 0x22, 0x4e,
    0x50, 0x0, 0x1f, 0x0, 0x0, 0xff, 0xfe, 0x90,
    0x0, 0x0, 0x0, 0x0, 0x0, 0x0, 0x0, 0x0,

    /* U+9E51 "鹑" */
    0x0, 0x4, 0x20, 0x0, 0x0, 0x25, 0x0, 0x0,
    0x0, 0x9, 0xa0, 0x0, 0x0, 0x7c, 0x0, 0x0,
    0x9d, 0xde, 0xfd, 0xdd, 0x6f, 0xff, 0xff, 0xe0,
    0x12, 0x22, 0x22, 0x22, 0x6b, 0x12, 0x13, 0xe0,
    0xa, 0xbb, 0xbb, 0xb1, 0x6b, 0x2e, 0x22, 0xe0,
    0xe, 0x54, 0x44, 0xe2, 0x6b, 0x8, 0xb3, 0xd0,
    0xe, 0x20, 0x0, 0xe2, 0x6b, 0x11, 0x18, 0xb0,
    0xe, 0xff, 0xff, 0xf2, 0x6b, 0x4f, 0xfd, 0x30,
    0x3, 0x0, 0x0, 0x30, 0x6c, 0x44, 0x44, 0x41,
    0x3e, 0xee, 0xee, 0xe5, 0x5c, 0xcc, 0xcc, 0xe6,
    0x0, 0x0, 0x6e, 0x90, 0x0, 0x0, 0x0, 0xb6,
    0x0, 0x4, 0xf5, 0x32, 0xbc, 0xcc, 0xc8, 0xb5,
    0x7c, 0xce, 0xfe, 0xd6, 0x44, 0x44, 0x42, 0xc5,
    0x34, 0x36, 0xd0, 0x0, 0x0, 0x0, 0x0, 0xe3,
    0x1, 0x18, 0xc0, 0x0, 0x0, 0x33, 0x28, 0xe0,
    0xa, 0xff, 0x50, 0x0, 0x0, 0xbf, 0xfe, 0x40,
    0x0, 0x0, 0x0, 0x0, 0x0, 0x0, 0x0, 0x0,

    /* U+9E55 "鹕" */
    0x0, 0x0, 0x0, 0x0, 0x0, 0x0, 0x0, 0x0,
    0x0, 0xa3, 0x1, 0x22, 0x20, 0x6, 0xa0, 0x0,
    0x0, 0xb4, 0x9, 0xed, 0xf1, 0x8c, 0xc8, 0x81,
    0x2, 0xb6, 0x19, 0x50, 0xe1, 0xf8, 0x88, 0xf1,
    0x3e, 0xfe, 0xb9, 0x50, 0xe1, 0xf4, 0x80, 0xe1,
    0x0, 0xb4, 0x9, 0x62, 0xe1, 0xf0, 0xd4, 0xf0,
    0x0, 0xb4, 0x9, 0xed, 0xf1, 0xf0, 0x22, 0xf0,
    0x4, 0xc7, 0x29, 0x50, 0xe1, 0xf7, 0xde, 0x90,
    0xe, 0xbd, 0x99, 0x50, 0xe1, 0xf1, 0x32, 0x0,
    0xe, 0x5, 0x9a, 0x62, 0xe1, 0xfd, 0xdd, 0xd8,
    0xe, 0x5, 0x9a, 0xed, 0xf1, 0x23, 0x33, 0x99,
    0xe, 0x5, 0x9c, 0x30, 0xe4, 0x77, 0x77, 0x88,
    0xe, 0xff, 0x9f, 0x0, 0xe5, 0x77, 0x77, 0x97,
    0xe, 0x11, 0x4d, 0x0, 0xe1, 0x0, 0x0, 0xa6,
    0x2, 0x0, 0x98, 0x0, 0xf0, 0x3, 0x23, 0xe4,
    0x0, 0x1, 0xf1, 0xbf, 0xb0, 0x1f, 0xff, 0x90,
    0x0, 0x0, 0x20, 0x0, 0x0, 0x0, 0x0, 0x0,

    /* U+9E57 "鹗" */
    0x0, 0x0, 0x0, 0x0, 0x0, 0x17, 0x0, 0x0,
    0x4b, 0xb8, 0x3b, 0xb9, 0x0, 0x4d, 0x0, 0x0,
    0x6a, 0x5c, 0x5a, 0x4d, 0xe, 0xff, 0xee, 0xc0,
    0x68, 0x2c, 0x59, 0xd, 0x1f, 0x12, 0x14, 0xc0,
    0x6e, 0xcc, 0x5e, 0xcd, 0x1f, 0x1e, 0x43, 0xc0,
    0x47, 0x49, 0x38, 0x3a, 0x1f, 0x4, 0xb4, 0xb0,
    0x0, 0x0, 0x0, 0x0, 0x1f, 0x0, 0x8, 0xa0,
    0xc, 0xee, 0xee, 0xe5, 0x1f, 0x2f, 0xfe, 0x30,
    0x0, 0x0, 0x0, 0x0, 0x1f, 0x22, 0x32, 0x20,
    0xbe, 0xee, 0xee, 0xee, 0x4c, 0xcc, 0xcc, 0xf4,
    0x5, 0xc0, 0x0, 0x0, 0x0, 0x0, 0x0, 0xc4,
    0x9, 0xec, 0xcc, 0xc2, 0xcc, 0xcc, 0xc4, 0xc4,
    0x1, 0x22, 0x24, 0xf0, 0x44, 0x44, 0x41, 0xd3,
    0x0, 0x0, 0x2, 0xe0, 0x0, 0x0, 0x0, 0xf2,
    0x0, 0x0, 0x7, 0xb0, 0x0, 0x31, 0x17, 0xe0,
    0x0, 0x8f, 0xff, 0x40, 0x0, 0xef, 0xfd, 0x40,
    0x0, 0x2, 0x20, 0x0, 0x0, 0x0, 0x0, 0x0,

    /* U+9E5A "鹚" */
    0x0, 0x10, 0x0, 0x3, 0x0, 0x2, 0x50, 0x0,
    0x0, 0x8, 0xa0, 0x3, 0xe1, 0x0, 0x88, 0x0,
    0x0, 0x0, 0xd, 0x40, 0xb6, 0x5, 0xff, 0xff,
    0xfe, 0x0, 0x8b, 0xdb, 0xbf, 0xbb, 0x8c, 0x13,
    0x2, 0xe0, 0x3, 0x8b, 0x44, 0xaa, 0x46, 0xc2,
    0xe2, 0x2d, 0x0, 0xa, 0x50, 0xc, 0x30, 0x5c,
    0x6, 0xa3, 0xd0, 0x0, 0xd0, 0x62, 0xd1, 0x65,
    0xc0, 0x32, 0x9a, 0x0, 0x59, 0x4b, 0x77, 0x5a,
    0x5c, 0x1f, 0xfc, 0x20, 0xd, 0x9c, 0x6e, 0x6c,
    0x45, 0xc2, 0x22, 0x22, 0x0, 0x99, 0xe1, 0xcb,
    0xe0, 0x5f, 0xff, 0xff, 0xf4, 0x0, 0x68, 0x0,
    0x68, 0x0, 0x0, 0x0, 0xd, 0x40, 0xc, 0x62,
    0xc, 0x57, 0xcd, 0xdd, 0xd5, 0xd3, 0x2, 0xb6,
    0x82, 0xa1, 0xd3, 0x44, 0x44, 0x1e, 0x30, 0xa8,
    0x8d, 0xac, 0xcf, 0x20, 0x0, 0x0, 0xf2, 0xe,
    0xdb, 0xe8, 0x74, 0xb6, 0x13, 0x22, 0x9e, 0x0,
    0x0, 0x4, 0x10, 0x5, 0x53, 0xff, 0xfd, 0x30,
    0x0, 0x0, 0x0, 0x0, 0x0, 0x0, 0x0, 0x0,
    0x0,

    /* U+9E5B "鹛" */
    0x0, 0x0, 0x0, 0x0, 0x0, 0x1, 0x70, 0x0,
    0x0, 0x6, 0x77, 0x77, 0x77, 0x0, 0x5c, 0x0,
    0x0, 0x0, 0xe9, 0x8f, 0x98, 0xe3, 0xff, 0xff,
    0xfc, 0x0, 0xe, 0x20, 0xf2, 0xd, 0x4e, 0x1,
    0x4, 0xc0, 0x0, 0xe2, 0xf, 0x20, 0xd4, 0xe1,
    0xd1, 0x4c, 0x0, 0xe, 0xee, 0xee, 0xef, 0x4e,
    0x6, 0xb4, 0xb0, 0x0, 0xe2, 0x0, 0x0, 0x42,
    0xe0, 0x11, 0x99, 0x0, 0xe, 0x3d, 0xdd, 0xdb,
    0x1e, 0x2f, 0xfc, 0x20, 0x0, 0xe3, 0xf2, 0x23,
    0xe1, 0xf3, 0x33, 0x33, 0x10, 0xf, 0x2f, 0xbb,
    0xbe, 0x1a, 0xaa, 0xaa, 0xe4, 0x0, 0xf1, 0xf3,
    0x34, 0xe0, 0x0, 0x0, 0xc, 0x40, 0x2e, 0x1f,
    0x0, 0x1e, 0x69, 0x99, 0x95, 0xd3, 0x5, 0xc1,
    0xfe, 0xee, 0xe6, 0x99, 0x99, 0x5d, 0x30, 0x98,
    0x1f, 0x0, 0x1e, 0x0, 0x0, 0x0, 0xf1, 0xe,
    0x41, 0xff, 0xff, 0xe0, 0x4, 0x33, 0x9d, 0x0,
    0x80, 0x1f, 0x0, 0x1e, 0x0, 0xde, 0xeb, 0x20,

    /* U+9E5C "鹜" */
    0x0, 0x0, 0x0, 0x0, 0x0, 0x30, 0x0, 0x0,
    0x18, 0x88, 0x88, 0x87, 0x6, 0x90, 0x0, 0x0,
    0x6, 0xc5, 0x48, 0xf8, 0x2e, 0xdc, 0xcc, 0xc0,
    0x1, 0x7d, 0xcb, 0x20, 0xcd, 0x60, 0x69, 0x0,
    0xac, 0xcc, 0xfc, 0xcc, 0x52, 0xe2, 0xd2, 0x0,
    0x0, 0x6c, 0x88, 0xe, 0x0, 0x9f, 0x80, 0x0,
    0x5d, 0xb3, 0xa6, 0x16, 0x29, 0xea, 0xe9, 0x30,
    0x53, 0x5c, 0x94, 0xb2, 0xe8, 0x10, 0x18, 0xd2,
    0x0, 0x89, 0x9d, 0xc9, 0x99, 0x99, 0x70, 0x0,
    0x0, 0xe5, 0x3a, 0x63, 0x33, 0x38, 0xb0, 0x0,
    0x0, 0xe2, 0x5, 0xcb, 0x2e, 0xde, 0x50, 0x0,
    0x0, 0xe9, 0x88, 0x89, 0x88, 0x88, 0x88, 0x60,
    0x0, 0x45, 0x55, 0x55, 0x55, 0x55, 0x58, 0xc0,
    0x7d, 0xdd, 0xdd, 0xdd, 0xdd, 0xda, 0x6, 0xb0,
    0x0, 0x0, 0x0, 0x0, 0x2, 0x11, 0x2b, 0x80,
    0x0, 0x0, 0x0, 0x0, 0xd, 0xff, 0xfb, 0x10,
    0x0, 0x0, 0x0, 0x0, 0x0, 0x0, 0x0, 0x0,

    /* U+9E5E "鹞" */
    0x0, 0x0, 0x0, 0x0, 0x0, 0x6, 0x0, 0x0,
    0x13, 0x45, 0x67, 0x99, 0x0, 0x2f, 0x0, 0x0,
    0x4c, 0xba, 0xa8, 0x76, 0x3e, 0xff, 0xee, 0xe0,
    0x8, 0x6, 0x90, 0x4d, 0x4d, 0x11, 0x12, 0xf0,
    0xc, 0x52, 0xe0, 0xc7, 0x4d, 0x1d, 0x11, 0xe0,
    0x5, 0x70, 0x64, 0xd0, 0x4d, 0x8, 0xa1, 0xe0,
    0x3, 0xe0, 0x0, 0x10, 0x4d, 0x0, 0x14, 0xc0,
    0xb, 0xff, 0xff, 0xf8, 0x4d, 0xe, 0xef, 0x50,
    0x6d, 0x1, 0xf0, 0x0, 0x4d, 0x2, 0x31, 0x0,
    0x25, 0x23, 0xf2, 0x22, 0x4f, 0xff, 0xff, 0xf8,
    0x4b, 0xbb, 0xfb, 0xba, 0x0, 0x0, 0x0, 0x88,
    0x1, 0x1, 0xf0, 0x0, 0xbc, 0xcc, 0xca, 0x97,
    0xe, 0x21, 0xf0, 0x6a, 0x33, 0x33, 0x32, 0x97,
    0xe, 0x21, 0xf0, 0x6a, 0x0, 0x0, 0x0, 0xb6,
    0xe, 0xee, 0xff, 0xfa, 0x0, 0x32, 0x14, 0xf2,
    0x1, 0x10, 0x0, 0x6a, 0x0, 0xaf, 0xfe, 0x70,
    0x0, 0x0, 0x0, 0x0, 0x0, 0x0, 0x0, 0x0,

    /* U+9E63 "鹣" */
    0x0, 0x0, 0x0, 0x0, 0x0, 0x0, 0x0, 0x0,
    0x0, 0xc1, 0x3, 0xc0, 0x0, 0x9, 0x70, 0x0,
    0x0, 0x87, 0xb, 0x60, 0x4, 0x8e, 0xa8, 0x80,
    0x6d, 0xef, 0xdf, 0xdd, 0xb8, 0xb7, 0x78, 0xf0,
    0x0, 0x3b, 0xd, 0x10, 0x8, 0x88, 0x31, 0xe0,
    0x4e, 0xef, 0xef, 0xef, 0x48, 0x83, 0xd2, 0xe0,
    0x0, 0x3b, 0xd, 0x19, 0x48, 0x83, 0x48, 0xc0,
    0xbf, 0xff, 0xff, 0xff, 0xf9, 0x88, 0xca, 0x20,
    0x0, 0x3b, 0xd, 0x19, 0x48, 0x80, 0x0, 0x0,
    0x1, 0x4b, 0x1d, 0x2a, 0x48, 0xff, 0xff, 0xf6,
    0x3c, 0xef, 0xcf, 0xce, 0x42, 0x44, 0x44, 0xb6,
    0x0, 0xbb, 0xd, 0x12, 0x12, 0x22, 0x21, 0xa5,
    0x4, 0xdb, 0xd, 0xb2, 0x2f, 0xff, 0xf9, 0xb5,
    0x2e, 0x5b, 0xd, 0x6e, 0x20, 0x0, 0x0, 0xc4,
    0xa6, 0x3b, 0xd, 0x12, 0x0, 0x35, 0x58, 0xf1,
    0x0, 0x3b, 0xd, 0x10, 0x0, 0x5d, 0xdc, 0x40,

    /* U+9E66 "鹦" */
    0x0, 0x0, 0x0, 0x0, 0x0, 0x3, 0x10, 0x0,
    0x3b, 0xbb, 0x5b, 0xbb, 0x80, 0xf, 0x30, 0x0,
    0x4a, 0x57, 0x7d, 0x44, 0xc8, 0xdf, 0xdd, 0xc0,
    0x49, 0xc5, 0x7c, 0x86, 0xca, 0x73, 0x23, 0xe0,
    0x49, 0xc5, 0x7c, 0x86, 0xca, 0x6b, 0x41, 0xe0,
    0x49, 0xd5, 0x7c, 0x95, 0xca, 0x64, 0xd2, 0xd0,
    0x38, 0xe5, 0x6b, 0xc3, 0xaa, 0x60, 0x35, 0xb0,
    0x5, 0xcc, 0x14, 0xec, 0xa, 0x6e, 0xde, 0x30,
    0x4d, 0x15, 0x8e, 0x27, 0xca, 0x61, 0x10, 0x0,
    0x52, 0x1e, 0x42, 0x0, 0x4a, 0xff, 0xff, 0xf6,
    0x7c, 0xdf, 0xcc, 0xcc, 0xb0, 0x11, 0x11, 0xa6,
    0x38, 0xf6, 0x66, 0xda, 0x61, 0x11, 0x11, 0xb6,
    0x7, 0xd4, 0x3, 0xe0, 0x3e, 0xee, 0xe9, 0xb5,
    0x0, 0x4c, 0xce, 0x40, 0x0, 0x0, 0x0, 0xd4,
    0x0, 0x4b, 0xdd, 0xc4, 0x0, 0x43, 0x27, 0xf1,
    0x9f, 0xc6, 0x0, 0x6e, 0x50, 0xdf, 0xfd, 0x50,
    0x21, 0x0, 0x0, 0x0, 0x0, 0x0, 0x0, 0x0,

    /* U+9E67 "鹧" */
    0x0, 0x0, 0x51, 0x0, 0x0, 0x5, 0x20, 0x0,
    0x0, 0x0, 0xba, 0x0, 0x0, 0xe, 0x30, 0x0,
    0xe, 0xee, 0xef, 0xee, 0xca, 0xff, 0xff, 0xf0,
    0xf, 0x25, 0x22, 0x35, 0x2a, 0x62, 0x11, 0xf0,
    0xf, 0xe, 0x10, 0x3d, 0xa, 0x5a, 0x60, 0xf0,
    0xf, 0xe, 0x10, 0x3d, 0xa, 0x52, 0xd1, 0xe0,
    0xf, 0xbf, 0xff, 0xff, 0xaa, 0x53, 0x47, 0xd0,
    0xf, 0x1e, 0x21, 0x4d, 0x1a, 0x56, 0xdc, 0x40,
    0xf, 0xe, 0x10, 0x3d, 0xa, 0x62, 0x22, 0x21,
    0xf, 0xe, 0x77, 0x8d, 0xa, 0xff, 0xff, 0xf8,
    0x1e, 0xe, 0x87, 0x9d, 0x0, 0x0, 0x0, 0x88,
    0x2d, 0x1, 0x0, 0x1, 0x1d, 0xdd, 0xdb, 0x87,
    0x4c, 0xa4, 0x90, 0xd5, 0xa3, 0x33, 0x33, 0x97,
    0x6a, 0xd1, 0xf0, 0xc2, 0xe0, 0x0, 0x0, 0xa6,
    0x98, 0xd0, 0xd3, 0x95, 0xb4, 0x12, 0x24, 0xf3,
    0x96, 0x80, 0x83, 0x43, 0x42, 0x4f, 0xff, 0x90,
    0x0, 0x0, 0x0, 0x0, 0x0, 0x0, 0x0, 0x0,

    /* U+9E68 "鹨" */
    0x0, 0x0, 0x0, 0x0, 0x0, 0x15, 0x0, 0x0,
    0x7d, 0xdd, 0x7e, 0xee, 0x10, 0x5b, 0x0, 0x0,
    0x16, 0xf, 0x25, 0xe, 0x1f, 0xff, 0xff, 0xe0,
    0xd, 0x2f, 0x1d, 0x2e, 0x2f, 0x23, 0x12, 0xe0,
    0x3, 0x5f, 0x4, 0x8f, 0x2f, 0x3e, 0x22, 0xe0,
    0x4d, 0xcf, 0x9e, 0x8f, 0x2f, 0x6, 0xb3, 0xd0,
    0x45, 0xa, 0x84, 0xd, 0x1f, 0x12, 0x18, 0xb0,
    0x0, 0x1b, 0xde, 0x50, 0xf, 0x1f, 0xfe, 0x30,
    0x7, 0xe8, 0x4, 0xdb, 0x1f, 0x22, 0x22, 0x20,
    0xac, 0x34, 0xc9, 0x6, 0xf, 0xff, 0xff, 0xf4,
    0x18, 0xdb, 0x44, 0xb1, 0x0, 0x0, 0x0, 0xc4,
    0x6, 0x23, 0xbe, 0x60, 0x5d, 0xdd, 0xd6, 0xd4,
    0x8, 0xdf, 0x91, 0x19, 0x74, 0x44, 0x41, 0xd3,
    0xb, 0x71, 0x7, 0xeb, 0x10, 0x0, 0x0, 0xf2,
    0x0, 0x39, 0xfb, 0x40, 0x1, 0x32, 0x27, 0xe0,
    0x5e, 0xe8, 0x20, 0x0, 0x2, 0xff, 0xfe, 0x40,
    0x3, 0x0, 0x0, 0x0, 0x0, 0x0, 0x0, 0x0,

    /* U+9E69 "鹩" */
    0x0, 0x0, 0x14, 0x0, 0x0, 0x1, 0x70, 0x0,
    0x0, 0x0, 0x5, 0xb0, 0x0, 0x0, 0x6c, 0x0,
    0x0, 0xa, 0xee, 0xff, 0xee, 0xe7, 0xff, 0xff,
    0xfc, 0x0, 0x32, 0xd, 0x70, 0x16, 0x6b, 0x2,
    0x4, 0xc0, 0x7, 0xe9, 0xdd, 0xac, 0xb6, 0xb4,
    0xe1, 0x4c, 0x0, 0x8, 0xf3, 0x8, 0xf5, 0x6b,
    0x9, 0x94, 0xb0, 0x9, 0xfb, 0x77, 0x7a, 0xf8,
    0xb1, 0x21, 0xa9, 0x0, 0x6f, 0x88, 0x88, 0xe3,
    0x6b, 0x6f, 0xeb, 0x10, 0x0, 0xf4, 0x44, 0x4d,
    0x36, 0xb0, 0x0, 0x0, 0x0, 0xf, 0xaa, 0xaa,
    0xe3, 0x5f, 0xff, 0xff, 0xf4, 0x0, 0xf1, 0x0,
    0xc, 0x30, 0x0, 0x0, 0xd, 0x30, 0xf, 0xee,
    0xfe, 0xf4, 0x44, 0x44, 0x42, 0xd3, 0x0, 0x22,
    0x3d, 0x3, 0x2b, 0xbb, 0xbb, 0x5e, 0x20, 0xb,
    0xa3, 0xd3, 0xe2, 0x0, 0x0, 0x0, 0xf1, 0x9,
    0xd1, 0x5d, 0x6, 0xd0, 0x23, 0x33, 0x9e, 0x0,
    0x91, 0xff, 0x70, 0x1, 0x5, 0xff, 0xfd, 0x40,
    0x0, 0x0, 0x0, 0x0, 0x0, 0x0, 0x0, 0x0,
    0x0,

    /* U+9E6A "鹪" */
    0x0, 0x0, 0x1, 0x0, 0x0, 0x0, 0x0, 0x0,
    0x0, 0xe, 0x1d, 0x40, 0x0, 0x7, 0xa0, 0x0,
    0x0, 0x6c, 0x6, 0xa0, 0x4, 0x9d, 0xc9, 0x94,
    0x0, 0xdf, 0xff, 0xff, 0xe7, 0xc6, 0x66, 0xb7,
    0x7, 0xf3, 0xc, 0x40, 0x7, 0x96, 0x80, 0x87,
    0xe, 0xea, 0x9e, 0xa9, 0x67, 0x90, 0xd5, 0x87,
    0x3, 0xc7, 0x5d, 0x85, 0x47, 0x91, 0x22, 0xc5,
    0x0, 0xc4, 0x2c, 0x52, 0x17, 0x98, 0xee, 0xa0,
    0x0, 0xcf, 0xff, 0xff, 0xa7, 0x90, 0x0, 0x0,
    0x0, 0xc3, 0xc, 0x40, 0x6, 0xff, 0xff, 0xff,
    0x0, 0xc8, 0x6d, 0x86, 0x60, 0x0, 0x0, 0x2f,
    0x0, 0xcc, 0xbb, 0xbb, 0xa4, 0x44, 0x44, 0x3e,
    0x0, 0x40, 0x0, 0x20, 0x4a, 0xbb, 0xbb, 0x5e,
    0x1, 0xe3, 0xa3, 0xd0, 0xe2, 0x0, 0x0, 0x5c,
    0x7, 0x90, 0xe0, 0xe3, 0x7a, 0x23, 0x24, 0xd8,
    0xd, 0x20, 0x81, 0x52, 0x5, 0x7f, 0xff, 0xa0,
    0x1, 0x0, 0x0, 0x0, 0x0, 0x0, 0x0, 0x0,

    /* U+9E6B "鹫" */
    0x0, 0x0, 0x51, 0x0, 0x0, 0x4, 0x0, 0x0,
    0x0, 0x56, 0x6c, 0xb6, 0x66, 0x0, 0xe1, 0x89,
    0x0, 0x6, 0x77, 0x77, 0x77, 0x70, 0xe, 0x10,
    0x91, 0x0, 0x1b, 0xbb, 0xbb, 0xb1, 0xff, 0xff,
    0xff, 0xf4, 0x2, 0xd1, 0x11, 0x1d, 0x20, 0x3d,
    0x6a, 0x0, 0x0, 0x2f, 0xcc, 0xcc, 0xf2, 0xa,
    0x86, 0xa0, 0x20, 0x0, 0xa1, 0x5a, 0x28, 0x5,
    0xe1, 0x5a, 0x8, 0x70, 0x9b, 0x49, 0x93, 0xd7,
    0xe4, 0x3, 0xfb, 0xe2, 0x6, 0x9, 0x92, 0xd3,
    0x41, 0x0, 0x2, 0x31, 0x0, 0x0, 0xfc, 0xcc,
    0xcc, 0xcc, 0xcc, 0xe0, 0x0, 0x0, 0xf, 0x0,
    0xb9, 0x20, 0x32, 0x5c, 0x0, 0x0, 0x0, 0xf0,
    0x0, 0x69, 0x9, 0xaa, 0x30, 0x0, 0x0, 0xa,
    0xaa, 0xaa, 0xaa, 0xaa, 0xaa, 0xbd, 0x0, 0x6b,
    0xbb, 0xbb, 0xbb, 0xbb, 0xb8, 0x3, 0xd0, 0x0,
    0x11, 0x11, 0x11, 0x11, 0x11, 0x10, 0x7b, 0x0,
    0x0, 0x0, 0x0, 0x0, 0xb, 0xff, 0xfd, 0x30,
    0x0, 0x0, 0x0, 0x0, 0x0, 0x0, 0x0, 0x0,
    0x0,

    /* U+9E6C "鹬" */
    0x0, 0x0, 0x0, 0x0, 0x0, 0x0, 0x50, 0x0,
    0x0, 0x27, 0x77, 0x77, 0x77, 0x10, 0x3f, 0x0,
    0x0, 0x1, 0x99, 0x55, 0x7f, 0xa1, 0xff, 0xff,
    0xfb, 0x0, 0x2, 0x8c, 0xbb, 0x30, 0xf, 0x12,
    0x4, 0xc0, 0x9, 0xcc, 0xce, 0xcc, 0xc4, 0xf2,
    0xe3, 0x3b, 0x0, 0x0, 0x6c, 0x6a, 0xc, 0x3f,
    0x5, 0xc4, 0xb0, 0x6, 0xd9, 0x27, 0x91, 0xc0,
    0xf1, 0x23, 0xa9, 0x0, 0x51, 0x3c, 0xa1, 0x0,
    0xf, 0x3d, 0xda, 0x10, 0x4, 0xbb, 0xbb, 0xbb,
    0xb2, 0xf1, 0x0, 0x0, 0x0, 0x6a, 0x29, 0x39,
    0x2c, 0x3f, 0xff, 0xff, 0xf4, 0x6, 0xbd, 0x50,
    0x6c, 0xc3, 0x0, 0x0, 0xd, 0x30, 0x69, 0x8d,
    0xce, 0x4c, 0x58, 0x88, 0x84, 0xd3, 0x6, 0x97,
    0x70, 0xb3, 0xc5, 0x77, 0x77, 0x3e, 0x20, 0x69,
    0x7d, 0xcc, 0x2c, 0x20, 0x0, 0x0, 0xf1, 0x6,
    0x93, 0x31, 0x34, 0xf1, 0x23, 0x33, 0xad, 0x0,
    0x69, 0x0, 0x5c, 0xc7, 0x5, 0xff, 0xfc, 0x30,
    0x0, 0x0, 0x0, 0x0, 0x0, 0x0, 0x0, 0x0,
    0x0,

    /* U+9E6D "鹭" */
    0x0, 0x0, 0x0, 0x0, 0x2, 0x0, 0x0, 0x0,
    0x5, 0xcc, 0xcc, 0x60, 0x5f, 0x65, 0x55, 0x30,
    0x6, 0x70, 0x6, 0x85, 0xee, 0x66, 0x7f, 0x50,
    0x6, 0xdc, 0xcd, 0x9c, 0x27, 0xd9, 0xd4, 0x0,
    0x2, 0x26, 0x80, 0x18, 0xad, 0xb9, 0xdd, 0xb6,
    0x8, 0x56, 0xdb, 0x66, 0x99, 0x88, 0x89, 0x32,
    0x8, 0x56, 0xa5, 0x70, 0xb6, 0x33, 0x3e, 0x10,
    0x5e, 0xfd, 0xa8, 0x91, 0xbd, 0xcc, 0xcf, 0x10,
    0x12, 0x24, 0x44, 0xe6, 0x86, 0x44, 0x34, 0x0,
    0x0, 0x6c, 0x7b, 0xb7, 0x77, 0x79, 0xc0, 0x0,
    0x0, 0x69, 0x4, 0xbd, 0x1c, 0xbe, 0x70, 0x0,
    0x0, 0x6c, 0x77, 0x78, 0x78, 0x88, 0x77, 0x50,
    0x0, 0x26, 0x66, 0x66, 0x66, 0x66, 0x69, 0xc0,
    0x4d, 0xdd, 0xdd, 0xdd, 0xdd, 0xdb, 0x5, 0xb0,
    0x0, 0x0, 0x0, 0x0, 0x2, 0x11, 0x1a, 0x90,
    0x0, 0x0, 0x0, 0x0, 0xc, 0xff, 0xfc, 0x10,
    0x0, 0x0, 0x0, 0x0, 0x0, 0x0, 0x0, 0x0,

    /* U+9E71 "鹱" */
    0x0, 0x1, 0x0, 0x0, 0x0, 0x0, 0x0, 0x0,
    0x0, 0x3d, 0x0, 0x0, 0xe, 0x10, 0x59, 0x0,
    0x8, 0xbd, 0x88, 0x4e, 0xef, 0xee, 0xff, 0xe8,
    0x1e, 0x66, 0x6f, 0x0, 0x2c, 0x29, 0x59, 0x0,
    0x1d, 0x46, 0xf, 0x2, 0xf6, 0x6d, 0x86, 0x62,
    0x1d, 0xb, 0x2f, 0xb, 0xb5, 0x5c, 0x85, 0x52,
    0x1d, 0x12, 0x5d, 0x8f, 0xec, 0xce, 0xdc, 0xc0,
    0x1d, 0x6e, 0xd4, 0x77, 0x90, 0xa, 0x40, 0x0,
    0x1d, 0x11, 0x11, 0x6, 0xec, 0xce, 0xdc, 0xc0,
    0x1f, 0xff, 0xff, 0x76, 0xb4, 0x4c, 0x74, 0x42,
    0x0, 0x0, 0x8, 0x75, 0xb7, 0x77, 0x77, 0x73,
    0x26, 0x8b, 0xc9, 0x68, 0xbb, 0xbb, 0xbb, 0xa0,
    0x8c, 0x85, 0x2a, 0x61, 0x7c, 0x21, 0x2d, 0x80,
    0x0, 0x0, 0xb, 0x40, 0xa, 0xb4, 0xd9, 0x0,
    0x1, 0x21, 0x5f, 0x10, 0x5, 0xff, 0xd3, 0x0,
    0x2, 0xff, 0xe5, 0x5c, 0xfd, 0x73, 0x9e, 0xf7,
    0x0, 0x0, 0x0, 0x15, 0x10, 0x0, 0x0, 0x21,

    /* U+9E73 "鹳" */
    0x0, 0x2, 0x0, 0x30, 0x0, 0x1, 0x20, 0x0,
    0x0, 0x4a, 0x0, 0xe0, 0x0, 0x9, 0x90, 0x0,
    0x7e, 0xef, 0xee, 0xfe, 0xe4, 0xae, 0xca, 0xa0,
    0x0, 0x38, 0x0, 0xc0, 0x5, 0xc4, 0x44, 0xf0,
    0xd, 0xcd, 0x49, 0xcc, 0x95, 0xb6, 0x50, 0xf0,
    0xc, 0x8, 0x4a, 0x22, 0xa5, 0xb2, 0xe2, 0xf0,
    0xf, 0xce, 0x4a, 0xdd, 0xa5, 0xb0, 0x13, 0xd0,
    0x5, 0x73, 0x86, 0x11, 0x45, 0xb9, 0xff, 0x70,
    0x5, 0xd7, 0xbb, 0x77, 0x65, 0xb0, 0x0, 0x0,
    0xd, 0x85, 0x6e, 0x55, 0x55, 0xff, 0xff, 0xf5,
    0x9f, 0x97, 0x7e, 0x77, 0x40, 0x0, 0x0, 0xb5,
    0x5a, 0xa7, 0x8e, 0x77, 0x41, 0x11, 0x11, 0xb5,
    0xa, 0x85, 0x6e, 0x55, 0x3c, 0xee, 0xe8, 0xc4,
    0xa, 0x85, 0x6e, 0x55, 0x30, 0x0, 0x0, 0xd3,
    0xa, 0xdc, 0xdf, 0xcc, 0xc0, 0x11, 0x15, 0xf0,
    0xa, 0x40, 0x0, 0x0, 0x0, 0x8f, 0xfe, 0x50,
    0x0, 0x0, 0x0, 0x0, 0x0, 0x0, 0x0, 0x0,

    /* U+9ECF "黏" */
    0x0, 0x45, 0x67, 0x8a, 0x60, 0x2, 0xe0, 0x0,
    0x0, 0x2c, 0xba, 0xf7, 0x63, 0x0, 0x2e, 0x0,
    0x0, 0x0, 0x0, 0x2f, 0x0, 0x0, 0x2, 0xe1,
    0x11, 0x10, 0x9e, 0xee, 0xfe, 0xee, 0x20, 0x2f,
    0xff, 0xfa, 0x1, 0x14, 0xef, 0x61, 0x10, 0x2,
    0xe0, 0x0, 0x0, 0x4, 0xe5, 0xfa, 0xd4, 0x0,
    0x2e, 0x0, 0x0, 0x7, 0xf4, 0x3f, 0x3, 0xb1,
    0x2, 0xe0, 0x0, 0x0, 0x32, 0x2e, 0xdb, 0x10,
    0x24, 0x6f, 0x44, 0x30, 0x0, 0x2e, 0x8a, 0x8e,
    0x4a, 0xec, 0xcc, 0xce, 0x0, 0x4f, 0x72, 0xf0,
    0x6d, 0xa8, 0x0, 0x1, 0xe0, 0xb, 0x8e, 0x6f,
    0x4e, 0x2a, 0x80, 0x0, 0x1e, 0x0, 0x0, 0x44,
    0xf5, 0x30, 0xa8, 0x0, 0x1, 0xe0, 0x6, 0xce,
    0x6f, 0x6e, 0x8a, 0x81, 0x11, 0x2e, 0x0, 0x55,
    0x25, 0xe0, 0x28, 0xaf, 0xff, 0xff, 0xe0, 0x0,
    0x1f, 0xe7, 0x0, 0xa, 0x80, 0x0, 0x1e, 0x0,
    0x0, 0x0, 0x0, 0x0, 0x0, 0x0, 0x0, 0x0,

    /* U+9EF9 "黹" */
    0x0, 0x0, 0x0, 0x0, 0x0, 0x0, 0x0, 0x0,
    0x0, 0x31, 0x5, 0xd0, 0xa, 0x70, 0x4, 0x0,
    0x0, 0xac, 0x5, 0xd0, 0xa, 0x70, 0x6f, 0x20,
    0x0, 0xe, 0x85, 0xd0, 0xa, 0x73, 0xf4, 0x0,
    0x3, 0x36, 0x47, 0xd3, 0x3b, 0x94, 0x83, 0x32,
    0x2d, 0xdd, 0xdd, 0xde, 0xed, 0xdd, 0xdd, 0xd9,
    0x0, 0x7, 0xb1, 0x8, 0x90, 0xa, 0x80, 0x0,
    0x0, 0x0, 0x7c, 0x8, 0x90, 0xc7, 0x0, 0x0,
    0x4, 0xdd, 0xde, 0xde, 0xfe, 0xee, 0xee, 0x50,
    0x4, 0xd2, 0x22, 0x29, 0xa2, 0x22, 0x2c, 0x60,
    0x4, 0xd0, 0x8, 0x58, 0x92, 0xc0, 0xb, 0x60,
    0x4, 0xd0, 0x1f, 0x28, 0x90, 0xd6, 0xb, 0x60,
    0x4, 0xd0, 0x89, 0x8, 0x90, 0x5e, 0xb, 0x60,
    0x4, 0xd0, 0xd2, 0x8, 0x90, 0x8, 0x1b, 0x60,
    0x4, 0xd0, 0x0, 0x8, 0x90, 0x22, 0x3e, 0x50,
    0x4, 0xd0, 0x0, 0x8, 0x90, 0x8f, 0xfc, 0x0,
    0x0, 0x10, 0x0, 0x0, 0x0, 0x0, 0x0, 0x0,

    /* U+9EFB "黻" */
    0x0, 0x2, 0x1, 0x0, 0x0, 0x12, 0x0, 0x0,
    0x11, 0xe, 0xb, 0x40, 0x20, 0x5c, 0x3a, 0x0,
    0x6b, 0xe, 0xb, 0x47, 0xb0, 0x6b, 0x9, 0xc0,
    0xc, 0x7e, 0xb, 0x5e, 0x22, 0x8a, 0x22, 0x51,
    0x2, 0x3e, 0xb, 0x55, 0xc, 0xff, 0xee, 0xe8,
    0xaf, 0xff, 0xff, 0xff, 0xd0, 0xa6, 0x0, 0x0,
    0xa, 0x60, 0xe1, 0x3c, 0x0, 0xc4, 0x0, 0x0,
    0x1, 0xc2, 0xe2, 0xd3, 0x0, 0xfe, 0xee, 0xe0,
    0x2e, 0xee, 0xfe, 0xee, 0x43, 0xf4, 0x5, 0xb0,
    0x2d, 0x0, 0xe1, 0xa, 0x57, 0xe9, 0xa, 0x60,
    0x2d, 0x58, 0xe6, 0x8a, 0x5d, 0x5e, 0x2f, 0x10,
    0x2d, 0x76, 0xe3, 0xba, 0xad, 0xb, 0xe8, 0x0,
    0x2d, 0xa4, 0xe1, 0xda, 0xe6, 0x7, 0xf3, 0x0,
    0x2d, 0x10, 0xe1, 0xa, 0x60, 0x5f, 0xbe, 0x20,
    0x2d, 0x0, 0xe2, 0x2d, 0x59, 0xf5, 0xa, 0xf6,
    0x2d, 0x0, 0xd6, 0xdb, 0x4d, 0x30, 0x0, 0x66,
    0x0, 0x0, 0x0, 0x0, 0x0, 0x0, 0x0, 0x0,

    /* U+9EFC "黼" */
    0x0, 0x0, 0x1, 0x0, 0x0, 0x1, 0x0, 0x0,
    0x2, 0x4a, 0x3b, 0x3, 0x0, 0xe, 0x3c, 0x20,
    0x3d, 0x4a, 0x3b, 0x6a, 0x0, 0xe, 0x15, 0x80,
    0xb, 0x9a, 0x3b, 0xe3, 0xff, 0xff, 0xff, 0xf9,
    0x3, 0x5b, 0x5b, 0x41, 0x0, 0xe, 0x10, 0x0,
    0x7f, 0xff, 0xff, 0xfd, 0x11, 0x1e, 0x21, 0x10,
    0x8, 0x24, 0xa0, 0xa0, 0xbe, 0xef, 0xee, 0xf1,
    0x3, 0xd4, 0xa9, 0x70, 0xb3, 0xe, 0x10, 0xf1,
    0x9, 0x9a, 0xda, 0x93, 0xb6, 0x3e, 0x43, 0xf1,
    0xe, 0x47, 0xc4, 0xa6, 0xbc, 0xcf, 0xcc, 0xf1,
    0xe, 0x77, 0xaa, 0x76, 0xb3, 0xe, 0x10, 0xf1,
    0xe, 0xb6, 0xac, 0x86, 0xbc, 0xcf, 0xcc, 0xf1,
    0xe, 0xd4, 0xa8, 0xa6, 0xb6, 0x3e, 0x43, 0xf1,
    0xe, 0x4, 0xa0, 0x76, 0xb3, 0xe, 0x10, 0xf1,
    0xe, 0x4, 0xa2, 0xa6, 0xb3, 0xe, 0x45, 0xf0,
    0xd, 0x4, 0xaf, 0xe2, 0xb3, 0xe, 0x9c, 0x70,
    0x0, 0x0, 0x0, 0x0, 0x0, 0x0, 0x0, 0x0,

    /* U+9F51 "齑" */
    0x0, 0x0, 0x0, 0x1, 0x10, 0x0, 0x0, 0x0,
    0x0, 0x0, 0x0, 0xa, 0xa0, 0x0, 0x0, 0x0,
    0x2e, 0xef, 0xfe, 0xee, 0xee, 0xef, 0xfe, 0xe9,
    0x0, 0x1, 0xbb, 0x40, 0x4, 0xca, 0x0, 0x0,
    0x0, 0x0, 0x8, 0xfe, 0xef, 0x71, 0x0, 0x0,
    0x3b, 0xce, 0xfe, 0xa6, 0x59, 0xce, 0xff, 0xe9,
    0x1a, 0xc5, 0x10, 0x20, 0x2, 0x0, 0x6, 0x51,
    0x0, 0xc6, 0xaa, 0xe4, 0x2e, 0xaa, 0x5b, 0x50,
    0x0, 0xc3, 0x33, 0xc4, 0x2d, 0x33, 0x1b, 0x50,
    0x0, 0xc1, 0x0, 0xb4, 0x2c, 0x0, 0xb, 0x50,
    0x0, 0xd2, 0xee, 0xf4, 0x2f, 0xee, 0x3b, 0x50,
    0x0, 0xe0, 0x0, 0xb4, 0x2c, 0x0, 0xb, 0x50,
    0x2, 0xca, 0xee, 0xf4, 0x2f, 0xee, 0xbb, 0x50,
    0x7, 0x80, 0x0, 0xb4, 0x2c, 0x0, 0xb, 0x50,
    0xd, 0x10, 0x0, 0xb4, 0x2c, 0x0, 0xb, 0x50,
    0x67, 0x4f, 0xff, 0xff, 0xff, 0xff, 0xdb, 0x50,
    0x0, 0x0, 0x0, 0x0, 0x0, 0x0, 0x0, 0x0,

    /* U+9F9B "龛" */
    0x0, 0x0, 0x0, 0x2, 0x40, 0x0, 0x0, 0x0,
    0x0, 0x0, 0x0, 0x8, 0xed, 0x91, 0x0, 0x0,
    0x0, 0x0, 0x0, 0x5d, 0xb1, 0x8, 0xe7, 0x10,
    0x0, 0x0, 0x16, 0xde, 0xfa, 0xaa, 0xad, 0xdf,
    0xa5, 0x10, 0x5f, 0xc5, 0x3, 0x33, 0x33, 0x31,
    0x28, 0xda, 0x0, 0x20, 0xde, 0xee, 0xee, 0xee,
    0xee, 0x40, 0x0, 0x0, 0xe, 0x20, 0x0, 0x0,
    0x0, 0xc5, 0x0, 0x0, 0x0, 0xeb, 0xaa, 0xaa,
    0xaa, 0xae, 0x50, 0x0, 0x0, 0xa, 0x5b, 0x43,
    0x7e, 0x73, 0x93, 0x0, 0x0, 0x0, 0x1, 0xf0,
    0x0, 0x6e, 0x30, 0x0, 0x0, 0x1f, 0xff, 0xff,
    0xff, 0xff, 0xff, 0xff, 0xf8, 0x0, 0x0, 0x8,
    0xa0, 0x5d, 0x0, 0x15, 0x0, 0x0, 0x0, 0x0,
    0xe4, 0x5, 0xd0, 0x7e, 0xc1, 0x72, 0x0, 0x0,
    0xaa, 0x0, 0x5e, 0xec, 0x50, 0xd, 0x50, 0x2,
    0xcb, 0x17, 0xcf, 0xf5, 0x0, 0x4, 0xf2, 0x4,
    0xf9, 0x0, 0x96, 0x2b, 0xff, 0xff, 0xe7, 0x0,
    0x3, 0x0, 0x0, 0x0, 0x0, 0x0, 0x0, 0x0,
    0x0
};


/*---------------------
 *  GLYPH DESCRIPTION
 *--------------------*/

static const lv_font_fmt_txt_glyph_dsc_t glyph_dsc[] = {
    {.bitmap_index = 0, .adv_w = 0, .box_w = 0, .box_h = 0, .ofs_x = 0, .ofs_y = 0} /* id = 0 reserved */,
    {.bitmap_index = 0, .adv_w = 188, .box_w = 10, .box_h = 2, .ofs_x = 1, .ofs_y = 0},
    {.bitmap_index = 10, .adv_w = 221, .box_w = 12, .box_h = 13, .ofs_x = 1, .ofs_y = -1},
    {.bitmap_index = 88, .adv_w = 221, .box_w = 12, .box_h = 13, .ofs_x = 1, .ofs_y = -1},
    {.bitmap_index = 166, .adv_w = 136, .box_w = 7, .box_h = 13, .ofs_x = 1, .ofs_y = -1},
    {.bitmap_index = 212, .adv_w = 256, .box_w = 15, .box_h = 16, .ofs_x = 0, .ofs_y = -3},
    {.bitmap_index = 332, .adv_w = 256, .box_w = 16, .box_h = 17, .ofs_x = 0, .ofs_y = -3},
    {.bitmap_index = 468, .adv_w = 256, .box_w = 16, .box_h = 17, .ofs_x = 0, .ofs_y = -3},
    {.bitmap_index = 604, .adv_w = 256, .box_w = 16, .box_h = 16, .ofs_x = 0, .ofs_y = -2},
    {.bitmap_index = 732, .adv_w = 256, .box_w = 16, .box_h = 16, .ofs_x = 0, .ofs_y = -3},
    {.bitmap_index = 860, .adv_w = 256, .box_w = 16, .box_h = 17, .ofs_x = 0, .ofs_y = -3},
    {.bitmap_index = 996, .adv_w = 256, .box_w = 16, .box_h = 15, .ofs_x = 0, .ofs_y = -2},
    {.bitmap_index = 1116, .adv_w = 256, .box_w = 16, .box_h = 16, .ofs_x = 0, .ofs_y = -2},
    {.bitmap_index = 1244, .adv_w = 256, .box_w = 16, .box_h = 16, .ofs_x = 0, .ofs_y = -2},
    {.bitmap_index = 1372, .adv_w = 256, .box_w = 17, .box_h = 16, .ofs_x = 0, .ofs_y = -2},
    {.bitmap_index = 1508, .adv_w = 256, .box_w = 16, .box_h = 16, .ofs_x = 0, .ofs_y = -2},
    {.bitmap_index = 1636, .adv_w = 256, .box_w = 17, .box_h = 16, .ofs_x = 0, .ofs_y = -2},
    {.bitmap_index = 1772, .adv_w = 256, .box_w = 16, .box_h = 16, .ofs_x = 0, .ofs_y = -3},
    {.bitmap_index = 1900, .adv_w = 256, .box_w = 17, .box_h = 15, .ofs_x = 0, .ofs_y = -2},
    {.bitmap_index = 2028, .adv_w = 256, .box_w = 16, .box_h = 16, .ofs_x = 0, .ofs_y = -2},
    {.bitmap_index = 2156, .adv_w = 256, .box_w = 17, .box_h = 16, .ofs_x = 0, .ofs_y = -2},
    {.bitmap_index = 2292, .adv_w = 256, .box_w = 16, .box_h = 15, .ofs_x = 0, .ofs_y = -2},
    {.bitmap_index = 2412, .adv_w = 256, .box_w = 17, .box_h = 15, .ofs_x = 0, .ofs_y = -2},
    {.bitmap_index = 2540, .adv_w = 256, .box_w = 16, .box_h = 16, .ofs_x = 0, .ofs_y = -2},
    {.bitmap_index = 2668, .adv_w = 256, .box_w = 16, .box_h = 16, .ofs_x = 0, .ofs_y = -2},
    {.bitmap_index = 2796, .adv_w = 256, .box_w = 16, .box_h = 15, .ofs_x = 0, .ofs_y = -2},
    {.bitmap_index = 2916, .adv_w = 256, .box_w = 16, .box_h = 16, .ofs_x = 0, .ofs_y = -2},
    {.bitmap_index = 3044, .adv_w = 256, .box_w = 16, .box_h = 16, .ofs_x = 0, .ofs_y = -2},
    {.bitmap_index = 3172, .adv_w = 256, .box_w = 16, .box_h = 16, .ofs_x = 0, .ofs_y = -2},
    {.bitmap_index = 3300, .adv_w = 256, .box_w = 16, .box_h = 16, .ofs_x = 0, .ofs_y = -2},
    {.bitmap_index = 3428, .adv_w = 256, .box_w = 16, .box_h = 16, .ofs_x = 0, .ofs_y = -3},
    {.bitmap_index = 3556, .adv_w = 256, .box_w = 16, .box_h = 15, .ofs_x = 0, .ofs_y = -2},
    {.bitmap_index = 3676, .adv_w = 256, .box_w = 16, .box_h = 16, .ofs_x = 0, .ofs_y = -2},
    {.bitmap_index = 3804, .adv_w = 256, .box_w = 16, .box_h = 16, .ofs_x = 0, .ofs_y = -2},
    {.bitmap_index = 3932, .adv_w = 256, .box_w = 17, .box_h = 15, .ofs_x = -1, .ofs_y = -2},
    {.bitmap_index = 4060, .adv_w = 256, .box_w = 16, .box_h = 16, .ofs_x = 0, .ofs_y = -2},
    {.bitmap_index = 4188, .adv_w = 256, .box_w = 16, .box_h = 16, .ofs_x = 0, .ofs_y = -3},
    {.bitmap_index = 4316, .adv_w = 256, .box_w = 16, .box_h = 17, .ofs_x = 0, .ofs_y = -3},
    {.bitmap_index = 4452, .adv_w = 256, .box_w = 16, .box_h = 16, .ofs_x = 0, .ofs_y = -2},
    {.bitmap_index = 4580, .adv_w = 256, .box_w = 16, .box_h = 16, .ofs_x = 0, .ofs_y = -2},
    {.bitmap_index = 4708, .adv_w = 256, .box_w = 16, .box_h = 17, .ofs_x = 0, .ofs_y = -3},
    {.bitmap_index = 4844, .adv_w = 256, .box_w = 16, .box_h = 16, .ofs_x = 0, .ofs_y = -2},
    {.bitmap_index = 4972, .adv_w = 256, .box_w = 16, .box_h = 17, .ofs_x = 0, .ofs_y = -3},
    {.bitmap_index = 5108, .adv_w = 256, .box_w = 16, .box_h = 17, .ofs_x = 0, .ofs_y = -3},
    {.bitmap_index = 5244, .adv_w = 256, .box_w = 16, .box_h = 16, .ofs_x = 0, .ofs_y = -3},
    {.bitmap_index = 5372, .adv_w = 256, .box_w = 16, .box_h = 17, .ofs_x = 0, .ofs_y = -3},
    {.bitmap_index = 5508, .adv_w = 256, .box_w = 16, .box_h = 16, .ofs_x = 0, .ofs_y = -2},
    {.bitmap_index = 5636, .adv_w = 256, .box_w = 16, .box_h = 17, .ofs_x = 0, .ofs_y = -3},
    {.bitmap_index = 5772, .adv_w = 256, .box_w = 16, .box_h = 16, .ofs_x = 0, .ofs_y = -3},
    {.bitmap_index = 5900, .adv_w = 256, .box_w = 17, .box_h = 17, .ofs_x = -1, .ofs_y = -3},
    {.bitmap_index = 6045, .adv_w = 256, .box_w = 17, .box_h = 17, .ofs_x = -1, .ofs_y = -3},
    {.bitmap_index = 6190, .adv_w = 256, .box_w = 17, .box_h = 17, .ofs_x = -1, .ofs_y = -3},
    {.bitmap_index = 6335, .adv_w = 256, .box_w = 16, .box_h = 16, .ofs_x = 0, .ofs_y = -3},
    {.bitmap_index = 6463, .adv_w = 256, .box_w = 16, .box_h = 16, .ofs_x = 0, .ofs_y = -3},
    {.bitmap_index = 6591, .adv_w = 256, .box_w = 16, .box_h = 17, .ofs_x = 0, .ofs_y = -3},
    {.bitmap_index = 6727, .adv_w = 256, .box_w = 17, .box_h = 17, .ofs_x = -1, .ofs_y = -3},
    {.bitmap_index = 6872, .adv_w = 256, .box_w = 17, .box_h = 17, .ofs_x = 0, .ofs_y = -3},
    {.bitmap_index = 7017, .adv_w = 256, .box_w = 17, .box_h = 17, .ofs_x = -1, .ofs_y = -3},
    {.bitmap_index = 7162, .adv_w = 256, .box_w = 17, .box_h = 17, .ofs_x = -1, .ofs_y = -3},
    {.bitmap_index = 7307, .adv_w = 256, .box_w = 17, .box_h = 17, .ofs_x = -1, .ofs_y = -3},
    {.bitmap_index = 7452, .adv_w = 256, .box_w = 16, .box_h = 17, .ofs_x = 0, .ofs_y = -3},
    {.bitmap_index = 7588, .adv_w = 256, .box_w = 17, .box_h = 17, .ofs_x = -1, .ofs_y = -3},
    {.bitmap_index = 7733, .adv_w = 256, .box_w = 17, .box_h = 17, .ofs_x = 0, .ofs_y = -3},
    {.bitmap_index = 7878, .adv_w = 256, .box_w = 16, .box_h = 16, .ofs_x = 0, .ofs_y = -3},
    {.bitmap_index = 8006, .adv_w = 256, .box_w = 16, .box_h = 15, .ofs_x = 0, .ofs_y = -2},
    {.bitmap_index = 8126, .adv_w = 256, .box_w = 15, .box_h = 17, .ofs_x = 1, .ofs_y = -3},
    {.bitmap_index = 8254, .adv_w = 256, .box_w = 16, .box_h = 15, .ofs_x = 0, .ofs_y = -2},
    {.bitmap_index = 8374, .adv_w = 256, .box_w = 16, .box_h = 16, .ofs_x = 0, .ofs_y = -3},
    {.bitmap_index = 8502, .adv_w = 256, .box_w = 15, .box_h = 15, .ofs_x = 1, .ofs_y = -2},
    {.bitmap_index = 8615, .adv_w = 256, .box_w = 16, .box_h = 15, .ofs_x = 0, .ofs_y = -2},
    {.bitmap_index = 8735, .adv_w = 256, .box_w = 17, .box_h = 17, .ofs_x = 0, .ofs_y = -3},
    {.bitmap_index = 8880, .adv_w = 256, .box_w = 16, .box_h = 15, .ofs_x = 0, .ofs_y = -2},
    {.bitmap_index = 9000, .adv_w = 256, .box_w = 15, .box_h = 16, .ofs_x = 0, .ofs_y = -3},
    {.bitmap_index = 9120, .adv_w = 256, .box_w = 15, .box_h = 16, .ofs_x = 1, .ofs_y = -3},
    {.bitmap_index = 9240, .adv_w = 256, .box_w = 17, .box_h = 17, .ofs_x = 0, .ofs_y = -3},
    {.bitmap_index = 9385, .adv_w = 256, .box_w = 16, .box_h = 16, .ofs_x = 0, .ofs_y = -3},
    {.bitmap_index = 9513, .adv_w = 256, .box_w = 16, .box_h = 16, .ofs_x = 0, .ofs_y = -3},
    {.bitmap_index = 9641, .adv_w = 256, .box_w = 16, .box_h = 16, .ofs_x = 0, .ofs_y = -2},
    {.bitmap_index = 9769, .adv_w = 256, .box_w = 15, .box_h = 15, .ofs_x = 1, .ofs_y = -2},
    {.bitmap_index = 9882, .adv_w = 256, .box_w = 16, .box_h = 16, .ofs_x = 0, .ofs_y = -2},
    {.bitmap_index = 10010, .adv_w = 256, .box_w = 16, .box_h = 16, .ofs_x = 0, .ofs_y = -3},
    {.bitmap_index = 10138, .adv_w = 256, .box_w = 16, .box_h = 17, .ofs_x = 0, .ofs_y = -3},
    {.bitmap_index = 10274, .adv_w = 256, .box_w = 16, .box_h = 15, .ofs_x = 0, .ofs_y = -2},
    {.bitmap_index = 10394, .adv_w = 256, .box_w = 16, .box_h = 16, .ofs_x = 0, .ofs_y = -2},
    {.bitmap_index = 10522, .adv_w = 256, .box_w = 15, .box_h = 17, .ofs_x = 1, .ofs_y = -3},
    {.bitmap_index = 10650, .adv_w = 256, .box_w = 17, .box_h = 16, .ofs_x = 0, .ofs_y = -3},
    {.bitmap_index = 10786, .adv_w = 256, .box_w = 16, .box_h = 15, .ofs_x = 0, .ofs_y = -2},
    {.bitmap_index = 10906, .adv_w = 256, .box_w = 16, .box_h = 17, .ofs_x = 0, .ofs_y = -3},
    {.bitmap_index = 11042, .adv_w = 256, .box_w = 16, .box_h = 16, .ofs_x = 0, .ofs_y = -3},
    {.bitmap_index = 11170, .adv_w = 256, .box_w = 16, .box_h = 15, .ofs_x = 0, .ofs_y = -2},
    {.bitmap_index = 11290, .adv_w = 256, .box_w = 16, .box_h = 17, .ofs_x = 0, .ofs_y = -3},
    {.bitmap_index = 11426, .adv_w = 256, .box_w = 17, .box_h = 16, .ofs_x = 0, .ofs_y = -3},
    {.bitmap_index = 11562, .adv_w = 256, .box_w = 15, .box_h = 16, .ofs_x = 0, .ofs_y = -3},
    {.bitmap_index = 11682, .adv_w = 256, .box_w = 16, .box_h = 16, .ofs_x = 0, .ofs_y = -3},
    {.bitmap_index = 11810, .adv_w = 256, .box_w = 17, .box_h = 17, .ofs_x = -1, .ofs_y = -3},
    {.bitmap_index = 11955, .adv_w = 256, .box_w = 17, .box_h = 17, .ofs_x = -1, .ofs_y = -3},
    {.bitmap_index = 12100, .adv_w = 256, .box_w = 16, .box_h = 17, .ofs_x = 0, .ofs_y = -3},
    {.bitmap_index = 12236, .adv_w = 256, .box_w = 16, .box_h = 15, .ofs_x = 0, .ofs_y = -2},
    {.bitmap_index = 12356, .adv_w = 256, .box_w = 17, .box_h = 16, .ofs_x = -1, .ofs_y = -2},
    {.bitmap_index = 12492, .adv_w = 256, .box_w = 17, .box_h = 17, .ofs_x = -1, .ofs_y = -3},
    {.bitmap_index = 12637, .adv_w = 256, .box_w = 16, .box_h = 17, .ofs_x = 0, .ofs_y = -3},
    {.bitmap_index = 12773, .adv_w = 256, .box_w = 16, .box_h = 17, .ofs_x = 0, .ofs_y = -3},
    {.bitmap_index = 12909, .adv_w = 256, .box_w = 16, .box_h = 16, .ofs_x = 0, .ofs_y = -2},
    {.bitmap_index = 13037, .adv_w = 256, .box_w = 17, .box_h = 16, .ofs_x = -1, .ofs_y = -2},
    {.bitmap_index = 13173, .adv_w = 256, .box_w = 17, .box_h = 17, .ofs_x = 0, .ofs_y = -3},
    {.bitmap_index = 13318, .adv_w = 256, .box_w = 16, .box_h = 16, .ofs_x = 0, .ofs_y = -2},
    {.bitmap_index = 13446, .adv_w = 256, .box_w = 16, .box_h = 17, .ofs_x = 0, .ofs_y = -3},
    {.bitmap_index = 13582, .adv_w = 256, .box_w = 17, .box_h = 17, .ofs_x = 0, .ofs_y = -3},
    {.bitmap_index = 13727, .adv_w = 256, .box_w = 16, .box_h = 17, .ofs_x = 0, .ofs_y = -3},
    {.bitmap_index = 13863, .adv_w = 256, .box_w = 16, .box_h = 17, .ofs_x = 0, .ofs_y = -3},
    {.bitmap_index = 13999, .adv_w = 256, .box_w = 16, .box_h = 16, .ofs_x = 0, .ofs_y = -2},
    {.bitmap_index = 14127, .adv_w = 256, .box_w = 16, .box_h = 16, .ofs_x = 0, .ofs_y = -2},
    {.bitmap_index = 14255, .adv_w = 256, .box_w = 16, .box_h = 17, .ofs_x = 0, .ofs_y = -3},
    {.bitmap_index = 14391, .adv_w = 256, .box_w = 16, .box_h = 17, .ofs_x = 0, .ofs_y = -3},
    {.bitmap_index = 14527, .adv_w = 256, .box_w = 16, .box_h = 17, .ofs_x = 0, .ofs_y = -3},
    {.bitmap_index = 14663, .adv_w = 256, .box_w = 17, .box_h = 17, .ofs_x = -1, .ofs_y = -3},
    {.bitmap_index = 14808, .adv_w = 256, .box_w = 16, .box_h = 17, .ofs_x = 0, .ofs_y = -3},
    {.bitmap_index = 14944, .adv_w = 256, .box_w = 16, .box_h = 17, .ofs_x = 0, .ofs_y = -3},
    {.bitmap_index = 15080, .adv_w = 256, .box_w = 16, .box_h = 17, .ofs_x = 0, .ofs_y = -3},
    {.bitmap_index = 15216, .adv_w = 256, .box_w = 17, .box_h = 17, .ofs_x = -1, .ofs_y = -3},
    {.bitmap_index = 15361, .adv_w = 256, .box_w = 16, .box_h = 16, .ofs_x = 0, .ofs_y = -3},
    {.bitmap_index = 15489, .adv_w = 256, .box_w = 17, .box_h = 15, .ofs_x = -1, .ofs_y = -2},
    {.bitmap_index = 15617, .adv_w = 256, .box_w = 16, .box_h = 16, .ofs_x = 0, .ofs_y = -2},
    {.bitmap_index = 15745, .adv_w = 256, .box_w = 16, .box_h = 17, .ofs_x = 0, .ofs_y = -3},
    {.bitmap_index = 15881, .adv_w = 256, .box_w = 16, .box_h = 16, .ofs_x = 0, .ofs_y = -3},
    {.bitmap_index = 16009, .adv_w = 256, .box_w = 17, .box_h = 16, .ofs_x = 0, .ofs_y = -3},
    {.bitmap_index = 16145, .adv_w = 256, .box_w = 16, .box_h = 15, .ofs_x = 0, .ofs_y = -2},
    {.bitmap_index = 16265, .adv_w = 256, .box_w = 16, .box_h = 17, .ofs_x = 0, .ofs_y = -3},
    {.bitmap_index = 16401, .adv_w = 256, .box_w = 16, .box_h = 15, .ofs_x = 0, .ofs_y = -2},
    {.bitmap_index = 16521, .adv_w = 256, .box_w = 17, .box_h = 16, .ofs_x = 0, .ofs_y = -2},
    {.bitmap_index = 16657, .adv_w = 256, .box_w = 17, .box_h = 17, .ofs_x = -1, .ofs_y = -3},
    {.bitmap_index = 16802, .adv_w = 256, .box_w = 16, .box_h = 16, .ofs_x = 0, .ofs_y = -3},
    {.bitmap_index = 16930, .adv_w = 256, .box_w = 16, .box_h = 17, .ofs_x = 0, .ofs_y = -3},
    {.bitmap_index = 17066, .adv_w = 256, .box_w = 16, .box_h = 16, .ofs_x = 0, .ofs_y = -2},
    {.bitmap_index = 17194, .adv_w = 256, .box_w = 16, .box_h = 16, .ofs_x = 0, .ofs_y = -3},
    {.bitmap_index = 17322, .adv_w = 256, .box_w = 16, .box_h = 17, .ofs_x = 0, .ofs_y = -3},
    {.bitmap_index = 17458, .adv_w = 256, .box_w = 16, .box_h = 17, .ofs_x = 0, .ofs_y = -3},
    {.bitmap_index = 17594, .adv_w = 256, .box_w = 16, .box_h = 15, .ofs_x = 0, .ofs_y = -2},
    {.bitmap_index = 17714, .adv_w = 256, .box_w = 16, .box_h = 16, .ofs_x = 0, .ofs_y = -2},
    {.bitmap_index = 17842, .adv_w = 256, .box_w = 16, .box_h = 16, .ofs_x = 0, .ofs_y = -2},
    {.bitmap_index = 17970, .adv_w = 256, .box_w = 16, .box_h = 16, .ofs_x = 0, .ofs_y = -2},
    {.bitmap_index = 18098, .adv_w = 256, .box_w = 16, .box_h = 15, .ofs_x = 0, .ofs_y = -2},
    {.bitmap_index = 18218, .adv_w = 256, .box_w = 16, .box_h = 17, .ofs_x = 0, .ofs_y = -3},
    {.bitmap_index = 18354, .adv_w = 256, .box_w = 16, .box_h = 17, .ofs_x = 0, .ofs_y = -3},
    {.bitmap_index = 18490, .adv_w = 256, .box_w = 16, .box_h = 17, .ofs_x = 0, .ofs_y = -3},
    {.bitmap_index = 18626, .adv_w = 256, .box_w = 16, .box_h = 17, .ofs_x = 0, .ofs_y = -3},
    {.bitmap_index = 18762, .adv_w = 256, .box_w = 16, .box_h = 17, .ofs_x = 0, .ofs_y = -3},
    {.bitmap_index = 18898, .adv_w = 256, .box_w = 16, .box_h = 16, .ofs_x = 0, .ofs_y = -2},
    {.bitmap_index = 19026, .adv_w = 256, .box_w = 16, .box_h = 16, .ofs_x = 0, .ofs_y = -2},
    {.bitmap_index = 19154, .adv_w = 256, .box_w = 17, .box_h = 17, .ofs_x = 0, .ofs_y = -3},
    {.bitmap_index = 19299, .adv_w = 256, .box_w = 16, .box_h = 16, .ofs_x = 0, .ofs_y = -2},
    {.bitmap_index = 19427, .adv_w = 256, .box_w = 16, .box_h = 16, .ofs_x = 0, .ofs_y = -2},
    {.bitmap_index = 19555, .adv_w = 256, .box_w = 16, .box_h = 16, .ofs_x = 0, .ofs_y = -2},
    {.bitmap_index = 19683, .adv_w = 256, .box_w = 16, .box_h = 17, .ofs_x = 0, .ofs_y = -3},
    {.bitmap_index = 19819, .adv_w = 256, .box_w = 16, .box_h = 17, .ofs_x = 0, .ofs_y = -3},
    {.bitmap_index = 19955, .adv_w = 256, .box_w = 16, .box_h = 6, .ofs_x = 0, .ofs_y = -2},
    {.bitmap_index = 20003, .adv_w = 256, .box_w = 16, .box_h = 16, .ofs_x = 0, .ofs_y = -3},
    {.bitmap_index = 20131, .adv_w = 256, .box_w = 16, .box_h = 16, .ofs_x = 0, .ofs_y = -3},
    {.bitmap_index = 20259, .adv_w = 256, .box_w = 17, .box_h = 16, .ofs_x = 0, .ofs_y = -3},
    {.bitmap_index = 20395, .adv_w = 256, .box_w = 16, .box_h = 16, .ofs_x = 0, .ofs_y = -2},
    {.bitmap_index = 20523, .adv_w = 256, .box_w = 16, .box_h = 17, .ofs_x = 0, .ofs_y = -3},
    {.bitmap_index = 20659, .adv_w = 256, .box_w = 16, .box_h = 17, .ofs_x = 0, .ofs_y = -3},
    {.bitmap_index = 20795, .adv_w = 256, .box_w = 16, .box_h = 17, .ofs_x = 0, .ofs_y = -3},
    {.bitmap_index = 20931, .adv_w = 256, .box_w = 16, .box_h = 16, .ofs_x = 0, .ofs_y = -2},
    {.bitmap_index = 21059, .adv_w = 256, .box_w = 16, .box_h = 16, .ofs_x = 0, .ofs_y = -2},
    {.bitmap_index = 21187, .adv_w = 256, .box_w = 16, .box_h = 17, .ofs_x = 0, .ofs_y = -3},
    {.bitmap_index = 21323, .adv_w = 256, .box_w = 16, .box_h = 17, .ofs_x = 0, .ofs_y = -3},
    {.bitmap_index = 21459, .adv_w = 256, .box_w = 17, .box_h = 16, .ofs_x = -1, .ofs_y = -2},
    {.bitmap_index = 21595, .adv_w = 256, .box_w = 16, .box_h = 15, .ofs_x = 0, .ofs_y = -2},
    {.bitmap_index = 21715, .adv_w = 256, .box_w = 16, .box_h = 16, .ofs_x = 0, .ofs_y = -2},
    {.bitmap_index = 21843, .adv_w = 256, .box_w = 16, .box_h = 17, .ofs_x = 0, .ofs_y = -3},
    {.bitmap_index = 21979, .adv_w = 256, .box_w = 17, .box_h = 17, .ofs_x = -1, .ofs_y = -3},
    {.bitmap_index = 22124, .adv_w = 256, .box_w = 17, .box_h = 16, .ofs_x = -1, .ofs_y = -2},
    {.bitmap_index = 22260, .adv_w = 256, .box_w = 16, .box_h = 17, .ofs_x = 0, .ofs_y = -3},
    {.bitmap_index = 22396, .adv_w = 256, .box_w = 16, .box_h = 16, .ofs_x = 0, .ofs_y = -3},
    {.bitmap_index = 22524, .adv_w = 256, .box_w = 17, .box_h = 16, .ofs_x = -1, .ofs_y = -2},
    {.bitmap_index = 22660, .adv_w = 256, .box_w = 16, .box_h = 16, .ofs_x = 0, .ofs_y = -2},
    {.bitmap_index = 22788, .adv_w = 256, .box_w = 16, .box_h = 17, .ofs_x = 0, .ofs_y = -3},
    {.bitmap_index = 22924, .adv_w = 256, .box_w = 17, .box_h = 17, .ofs_x = -1, .ofs_y = -3},
    {.bitmap_index = 23069, .adv_w = 256, .box_w = 16, .box_h = 17, .ofs_x = 0, .ofs_y = -3},
    {.bitmap_index = 23205, .adv_w = 256, .box_w = 16, .box_h = 17, .ofs_x = 0, .ofs_y = -3},
    {.bitmap_index = 23341, .adv_w = 256, .box_w = 16, .box_h = 17, .ofs_x = 0, .ofs_y = -3},
    {.bitmap_index = 23477, .adv_w = 256, .box_w = 16, .box_h = 16, .ofs_x = 0, .ofs_y = -3},
    {.bitmap_index = 23605, .adv_w = 256, .box_w = 16, .box_h = 15, .ofs_x = 0, .ofs_y = -2},
    {.bitmap_index = 23725, .adv_w = 256, .box_w = 15, .box_h = 16, .ofs_x = 0, .ofs_y = -2},
    {.bitmap_index = 23845, .adv_w = 256, .box_w = 16, .box_h = 17, .ofs_x = 0, .ofs_y = -3},
    {.bitmap_index = 23981, .adv_w = 256, .box_w = 17, .box_h = 17, .ofs_x = -1, .ofs_y = -3},
    {.bitmap_index = 24126, .adv_w = 256, .box_w = 17, .box_h = 16, .ofs_x = -1, .ofs_y = -2},
    {.bitmap_index = 24262, .adv_w = 256, .box_w = 16, .box_h = 17, .ofs_x = 0, .ofs_y = -3},
    {.bitmap_index = 24398, .adv_w = 256, .box_w = 16, .box_h = 16, .ofs_x = 0, .ofs_y = -2},
    {.bitmap_index = 24526, .adv_w = 256, .box_w = 16, .box_h = 17, .ofs_x = 0, .ofs_y = -3},
    {.bitmap_index = 24662, .adv_w = 256, .box_w = 16, .box_h = 16, .ofs_x = 0, .ofs_y = -3},
    {.bitmap_index = 24790, .adv_w = 256, .box_w = 16, .box_h = 16, .ofs_x = 0, .ofs_y = -3},
    {.bitmap_index = 24918, .adv_w = 256, .box_w = 16, .box_h = 17, .ofs_x = 0, .ofs_y = -3},
    {.bitmap_index = 25054, .adv_w = 256, .box_w = 17, .box_h = 16, .ofs_x = 0, .ofs_y = -3},
    {.bitmap_index = 25190, .adv_w = 256, .box_w = 16, .box_h = 17, .ofs_x = 0, .ofs_y = -3},
    {.bitmap_index = 25326, .adv_w = 256, .box_w = 16, .box_h = 17, .ofs_x = 0, .ofs_y = -3},
    {.bitmap_index = 25462, .adv_w = 256, .box_w = 16, .box_h = 17, .ofs_x = 0, .ofs_y = -3},
    {.bitmap_index = 25598, .adv_w = 256, .box_w = 16, .box_h = 17, .ofs_x = 0, .ofs_y = -3},
    {.bitmap_index = 25734, .adv_w = 256, .box_w = 16, .box_h = 16, .ofs_x = 0, .ofs_y = -2},
    {.bitmap_index = 25862, .adv_w = 256, .box_w = 16, .box_h = 16, .ofs_x = 0, .ofs_y = -2},
    {.bitmap_index = 25990, .adv_w = 256, .box_w = 16, .box_h = 16, .ofs_x = 0, .ofs_y = -2},
    {.bitmap_index = 26118, .adv_w = 256, .box_w = 17, .box_h = 16, .ofs_x = -1, .ofs_y = -2},
    {.bitmap_index = 26254, .adv_w = 256, .box_w = 16, .box_h = 16, .ofs_x = 0, .ofs_y = -2},
    {.bitmap_index = 26382, .adv_w = 256, .box_w = 16, .box_h = 17, .ofs_x = 0, .ofs_y = -3},
    {.bitmap_index = 26518, .adv_w = 256, .box_w = 16, .box_h = 17, .ofs_x = 0, .ofs_y = -3},
    {.bitmap_index = 26654, .adv_w = 256, .box_w = 16, .box_h = 17, .ofs_x = 0, .ofs_y = -3},
    {.bitmap_index = 26790, .adv_w = 256, .box_w = 17, .box_h = 17, .ofs_x = 0, .ofs_y = -3},
    {.bitmap_index = 26935, .adv_w = 256, .box_w = 16, .box_h = 16, .ofs_x = 0, .ofs_y = -2},
    {.bitmap_index = 27063, .adv_w = 256, .box_w = 16, .box_h = 16, .ofs_x = 0, .ofs_y = -2},
    {.bitmap_index = 27191, .adv_w = 256, .box_w = 16, .box_h = 15, .ofs_x = 0, .ofs_y = -2},
    {.bitmap_index = 27311, .adv_w = 256, .box_w = 16, .box_h = 17, .ofs_x = 0, .ofs_y = -3},
    {.bitmap_index = 27447, .adv_w = 256, .box_w = 16, .box_h = 16, .ofs_x = 0, .ofs_y = -2},
    {.bitmap_index = 27575, .adv_w = 256, .box_w = 16, .box_h = 17, .ofs_x = 0, .ofs_y = -3},
    {.bitmap_index = 27711, .adv_w = 256, .box_w = 17, .box_h = 16, .ofs_x = -1, .ofs_y = -3},
    {.bitmap_index = 27847, .adv_w = 256, .box_w = 15, .box_h = 16, .ofs_x = 1, .ofs_y = -3},
    {.bitmap_index = 27967, .adv_w = 256, .box_w = 17, .box_h = 17, .ofs_x = 0, .ofs_y = -3},
    {.bitmap_index = 28112, .adv_w = 256, .box_w = 16, .box_h = 17, .ofs_x = 0, .ofs_y = -3},
    {.bitmap_index = 28248, .adv_w = 256, .box_w = 16, .box_h = 17, .ofs_x = 0, .ofs_y = -3},
    {.bitmap_index = 28384, .adv_w = 256, .box_w = 16, .box_h = 16, .ofs_x = 0, .ofs_y = -2},
    {.bitmap_index = 28512, .adv_w = 256, .box_w = 17, .box_h = 17, .ofs_x = 0, .ofs_y = -3},
    {.bitmap_index = 28657, .adv_w = 256, .box_w = 14, .box_h = 15, .ofs_x = 1, .ofs_y = -2},
    {.bitmap_index = 28762, .adv_w = 256, .box_w = 17, .box_h = 15, .ofs_x = 0, .ofs_y = -2},
    {.bitmap_index = 28890, .adv_w = 256, .box_w = 16, .box_h = 16, .ofs_x = 0, .ofs_y = -3},
    {.bitmap_index = 29018, .adv_w = 256, .box_w = 15, .box_h = 16, .ofs_x = 1, .ofs_y = -3},
    {.bitmap_index = 29138, .adv_w = 256, .box_w = 16, .box_h = 17, .ofs_x = 0, .ofs_y = -3},
    {.bitmap_index = 29274, .adv_w = 256, .box_w = 16, .box_h = 17, .ofs_x = 0, .ofs_y = -3},
    {.bitmap_index = 29410, .adv_w = 256, .box_w = 16, .box_h = 16, .ofs_x = 0, .ofs_y = -2},
    {.bitmap_index = 29538, .adv_w = 256, .box_w = 16, .box_h = 16, .ofs_x = 0, .ofs_y = -2},
    {.bitmap_index = 29666, .adv_w = 256, .box_w = 15, .box_h = 17, .ofs_x = 1, .ofs_y = -3},
    {.bitmap_index = 29794, .adv_w = 256, .box_w = 15, .box_h = 16, .ofs_x = 1, .ofs_y = -2},
    {.bitmap_index = 29914, .adv_w = 256, .box_w = 16, .box_h = 15, .ofs_x = 0, .ofs_y = -3},
    {.bitmap_index = 30034, .adv_w = 256, .box_w = 16, .box_h = 17, .ofs_x = 0, .ofs_y = -3},
    {.bitmap_index = 30170, .adv_w = 256, .box_w = 16, .box_h = 17, .ofs_x = 0, .ofs_y = -3},
    {.bitmap_index = 30306, .adv_w = 256, .box_w = 16, .box_h = 17, .ofs_x = 0, .ofs_y = -3},
    {.bitmap_index = 30442, .adv_w = 256, .box_w = 16, .box_h = 17, .ofs_x = 0, .ofs_y = -3},
    {.bitmap_index = 30578, .adv_w = 256, .box_w = 16, .box_h = 17, .ofs_x = 0, .ofs_y = -3},
    {.bitmap_index = 30714, .adv_w = 256, .box_w = 16, .box_h = 17, .ofs_x = 0, .ofs_y = -3},
    {.bitmap_index = 30850, .adv_w = 256, .box_w = 16, .box_h = 17, .ofs_x = 0, .ofs_y = -3},
    {.bitmap_index = 30986, .adv_w = 256, .box_w = 16, .box_h = 17, .ofs_x = 0, .ofs_y = -3},
    {.bitmap_index = 31122, .adv_w = 256, .box_w = 17, .box_h = 17, .ofs_x = -1, .ofs_y = -3},
    {.bitmap_index = 31267, .adv_w = 256, .box_w = 16, .box_h = 17, .ofs_x = 0, .ofs_y = -3},
    {.bitmap_index = 31403, .adv_w = 256, .box_w = 16, .box_h = 17, .ofs_x = 0, .ofs_y = -3},
    {.bitmap_index = 31539, .adv_w = 256, .box_w = 16, .box_h = 16, .ofs_x = 0, .ofs_y = -2},
    {.bitmap_index = 31667, .adv_w = 256, .box_w = 17, .box_h = 17, .ofs_x = -1, .ofs_y = -3},
    {.bitmap_index = 31812, .adv_w = 256, .box_w = 16, .box_h = 17, .ofs_x = 0, .ofs_y = -3},
    {.bitmap_index = 31948, .adv_w = 256, .box_w = 16, .box_h = 17, .ofs_x = 0, .ofs_y = -3},
    {.bitmap_index = 32084, .adv_w = 256, .box_w = 17, .box_h = 17, .ofs_x = 0, .ofs_y = -3},
    {.bitmap_index = 32229, .adv_w = 256, .box_w = 16, .box_h = 16, .ofs_x = 0, .ofs_y = -2},
    {.bitmap_index = 32357, .adv_w = 256, .box_w = 16, .box_h = 17, .ofs_x = 0, .ofs_y = -3},
    {.bitmap_index = 32493, .adv_w = 256, .box_w = 17, .box_h = 16, .ofs_x = 0, .ofs_y = -2},
    {.bitmap_index = 32629, .adv_w = 256, .box_w = 16, .box_h = 17, .ofs_x = 0, .ofs_y = -3},
    {.bitmap_index = 32765, .adv_w = 256, .box_w = 16, .box_h = 17, .ofs_x = 0, .ofs_y = -3},
    {.bitmap_index = 32901, .adv_w = 256, .box_w = 16, .box_h = 17, .ofs_x = 0, .ofs_y = -3},
    {.bitmap_index = 33037, .adv_w = 256, .box_w = 16, .box_h = 17, .ofs_x = 0, .ofs_y = -3},
    {.bitmap_index = 33173, .adv_w = 256, .box_w = 16, .box_h = 16, .ofs_x = 0, .ofs_y = -2},
    {.bitmap_index = 33301, .adv_w = 256, .box_w = 17, .box_h = 17, .ofs_x = -1, .ofs_y = -3},
    {.bitmap_index = 33446, .adv_w = 256, .box_w = 17, .box_h = 17, .ofs_x = -1, .ofs_y = -3},
    {.bitmap_index = 33591, .adv_w = 256, .box_w = 16, .box_h = 17, .ofs_x = 0, .ofs_y = -3},
    {.bitmap_index = 33727, .adv_w = 256, .box_w = 17, .box_h = 17, .ofs_x = 0, .ofs_y = -3},
    {.bitmap_index = 33872, .adv_w = 256, .box_w = 16, .box_h = 17, .ofs_x = 0, .ofs_y = -3},
    {.bitmap_index = 34008, .adv_w = 256, .box_w = 16, .box_h = 17, .ofs_x = 0, .ofs_y = -3},
    {.bitmap_index = 34144, .adv_w = 256, .box_w = 16, .box_h = 17, .ofs_x = 0, .ofs_y = -3},
    {.bitmap_index = 34280, .adv_w = 256, .box_w = 16, .box_h = 17, .ofs_x = 0, .ofs_y = -3},
    {.bitmap_index = 34416, .adv_w = 256, .box_w = 17, .box_h = 17, .ofs_x = 0, .ofs_y = -3},
    {.bitmap_index = 34561, .adv_w = 256, .box_w = 16, .box_h = 17, .ofs_x = 0, .ofs_y = -3},
    {.bitmap_index = 34697, .adv_w = 256, .box_w = 16, .box_h = 17, .ofs_x = 0, .ofs_y = -3},
    {.bitmap_index = 34833, .adv_w = 256, .box_w = 17, .box_h = 17, .ofs_x = 0, .ofs_y = -3},
    {.bitmap_index = 34978, .adv_w = 256, .box_w = 16, .box_h = 17, .ofs_x = 0, .ofs_y = -3},
    {.bitmap_index = 35114, .adv_w = 256, .box_w = 17, .box_h = 17, .ofs_x = 0, .ofs_y = -3},
    {.bitmap_index = 35259, .adv_w = 256, .box_w = 16, .box_h = 17, .ofs_x = 0, .ofs_y = -3},
    {.bitmap_index = 35395, .adv_w = 256, .box_w = 16, .box_h = 17, .ofs_x = 0, .ofs_y = -3},
    {.bitmap_index = 35531, .adv_w = 256, .box_w = 16, .box_h = 17, .ofs_x = 0, .ofs_y = -3},
    {.bitmap_index = 35667, .adv_w = 256, .box_w = 17, .box_h = 17, .ofs_x = -1, .ofs_y = -3},
    {.bitmap_index = 35812, .adv_w = 256, .box_w = 17, .box_h = 17, .ofs_x = -1, .ofs_y = -3},
    {.bitmap_index = 35957, .adv_w = 256, .box_w = 16, .box_h = 17, .ofs_x = 0, .ofs_y = -3},
    {.bitmap_index = 36093, .adv_w = 256, .box_w = 16, .box_h = 17, .ofs_x = 0, .ofs_y = -3},
    {.bitmap_index = 36229, .adv_w = 256, .box_w = 16, .box_h = 17, .ofs_x = 0, .ofs_y = -3},
    {.bitmap_index = 36365, .adv_w = 256, .box_w = 17, .box_h = 17, .ofs_x = -1, .ofs_y = -3},
    {.bitmap_index = 36510, .adv_w = 256, .box_w = 16, .box_h = 17, .ofs_x = 0, .ofs_y = -3},
    {.bitmap_index = 36646, .adv_w = 256, .box_w = 16, .box_h = 17, .ofs_x = 0, .ofs_y = -3},
    {.bitmap_index = 36782, .adv_w = 256, .box_w = 17, .box_h = 16, .ofs_x = -1, .ofs_y = -2},
    {.bitmap_index = 36918, .adv_w = 256, .box_w = 16, .box_h = 17, .ofs_x = 0, .ofs_y = -3},
    {.bitmap_index = 37054, .adv_w = 256, .box_w = 16, .box_h = 17, .ofs_x = 0, .ofs_y = -3},
    {.bitmap_index = 37190, .adv_w = 256, .box_w = 16, .box_h = 17, .ofs_x = 0, .ofs_y = -3},
    {.bitmap_index = 37326, .adv_w = 256, .box_w = 17, .box_h = 17, .ofs_x = -1, .ofs_y = -3},
    {.bitmap_index = 37471, .adv_w = 256, .box_w = 16, .box_h = 17, .ofs_x = 0, .ofs_y = -3},
    {.bitmap_index = 37607, .adv_w = 256, .box_w = 17, .box_h = 16, .ofs_x = -1, .ofs_y = -2},
    {.bitmap_index = 37743, .adv_w = 256, .box_w = 16, .box_h = 16, .ofs_x = 0, .ofs_y = -2},
    {.bitmap_index = 37871, .adv_w = 256, .box_w = 16, .box_h = 17, .ofs_x = 0, .ofs_y = -3},
    {.bitmap_index = 38007, .adv_w = 256, .box_w = 16, .box_h = 16, .ofs_x = 0, .ofs_y = -2},
    {.bitmap_index = 38135, .adv_w = 256, .box_w = 16, .box_h = 17, .ofs_x = 0, .ofs_y = -3},
    {.bitmap_index = 38271, .adv_w = 256, .box_w = 17, .box_h = 15, .ofs_x = 0, .ofs_y = -2},
    {.bitmap_index = 38399, .adv_w = 256, .box_w = 16, .box_h = 17, .ofs_x = 0, .ofs_y = -3},
    {.bitmap_index = 38535, .adv_w = 256, .box_w = 16, .box_h = 17, .ofs_x = 0, .ofs_y = -3},
    {.bitmap_index = 38671, .adv_w = 256, .box_w = 16, .box_h = 16, .ofs_x = 0, .ofs_y = -2},
    {.bitmap_index = 38799, .adv_w = 256, .box_w = 16, .box_h = 16, .ofs_x = 0, .ofs_y = -2},
    {.bitmap_index = 38927, .adv_w = 256, .box_w = 16, .box_h = 16, .ofs_x = 0, .ofs_y = -3},
    {.bitmap_index = 39055, .adv_w = 256, .box_w = 16, .box_h = 15, .ofs_x = 1, .ofs_y = -2},
    {.bitmap_index = 39175, .adv_w = 256, .box_w = 15, .box_h = 16, .ofs_x = 1, .ofs_y = -3},
    {.bitmap_index = 39295, .adv_w = 256, .box_w = 15, .box_h = 17, .ofs_x = 1, .ofs_y = -3},
    {.bitmap_index = 39423, .adv_w = 256, .box_w = 15, .box_h = 17, .ofs_x = 1, .ofs_y = -3},
    {.bitmap_index = 39551, .adv_w = 256, .box_w = 15, .box_h = 15, .ofs_x = 1, .ofs_y = -2},
    {.bitmap_index = 39664, .adv_w = 256, .box_w = 16, .box_h = 17, .ofs_x = 1, .ofs_y = -3},
    {.bitmap_index = 39800, .adv_w = 256, .box_w = 16, .box_h = 17, .ofs_x = 0, .ofs_y = -3},
    {.bitmap_index = 39936, .adv_w = 256, .box_w = 16, .box_h = 16, .ofs_x = 0, .ofs_y = -2},
    {.bitmap_index = 40064, .adv_w = 256, .box_w = 16, .box_h = 15, .ofs_x = 0, .ofs_y = -2},
    {.bitmap_index = 40184, .adv_w = 256, .box_w = 15, .box_h = 16, .ofs_x = 1, .ofs_y = -2},
    {.bitmap_index = 40304, .adv_w = 256, .box_w = 16, .box_h = 17, .ofs_x = 0, .ofs_y = -3},
    {.bitmap_index = 40440, .adv_w = 256, .box_w = 15, .box_h = 16, .ofs_x = 1, .ofs_y = -2},
    {.bitmap_index = 40560, .adv_w = 256, .box_w = 15, .box_h = 17, .ofs_x = 1, .ofs_y = -3},
    {.bitmap_index = 40688, .adv_w = 256, .box_w = 16, .box_h = 16, .ofs_x = 0, .ofs_y = -2},
    {.bitmap_index = 40816, .adv_w = 256, .box_w = 16, .box_h = 16, .ofs_x = 0, .ofs_y = -2},
    {.bitmap_index = 40944, .adv_w = 256, .box_w = 17, .box_h = 16, .ofs_x = 0, .ofs_y = -2},
    {.bitmap_index = 41080, .adv_w = 256, .box_w = 15, .box_h = 15, .ofs_x = 1, .ofs_y = -2},
    {.bitmap_index = 41193, .adv_w = 256, .box_w = 16, .box_h = 16, .ofs_x = 0, .ofs_y = -2},
    {.bitmap_index = 41321, .adv_w = 256, .box_w = 16, .box_h = 16, .ofs_x = 0, .ofs_y = -2},
    {.bitmap_index = 41449, .adv_w = 256, .box_w = 16, .box_h = 16, .ofs_x = 0, .ofs_y = -3},
    {.bitmap_index = 41577, .adv_w = 256, .box_w = 16, .box_h = 17, .ofs_x = 0, .ofs_y = -3},
    {.bitmap_index = 41713, .adv_w = 256, .box_w = 16, .box_h = 17, .ofs_x = 0, .ofs_y = -3},
    {.bitmap_index = 41849, .adv_w = 256, .box_w = 16, .box_h = 17, .ofs_x = 0, .ofs_y = -3},
    {.bitmap_index = 41985, .adv_w = 256, .box_w = 16, .box_h = 16, .ofs_x = 0, .ofs_y = -2},
    {.bitmap_index = 42113, .adv_w = 256, .box_w = 16, .box_h = 17, .ofs_x = 0, .ofs_y = -3},
    {.bitmap_index = 42249, .adv_w = 256, .box_w = 17, .box_h = 16, .ofs_x = 0, .ofs_y = -3},
    {.bitmap_index = 42385, .adv_w = 256, .box_w = 17, .box_h = 16, .ofs_x = 0, .ofs_y = -3},
    {.bitmap_index = 42521, .adv_w = 256, .box_w = 16, .box_h = 16, .ofs_x = 0, .ofs_y = -2},
    {.bitmap_index = 42649, .adv_w = 256, .box_w = 17, .box_h = 16, .ofs_x = 0, .ofs_y = -2},
    {.bitmap_index = 42785, .adv_w = 256, .box_w = 17, .box_h = 17, .ofs_x = 0, .ofs_y = -3},
    {.bitmap_index = 42930, .adv_w = 256, .box_w = 16, .box_h = 16, .ofs_x = 0, .ofs_y = -2},
    {.bitmap_index = 43058, .adv_w = 256, .box_w = 17, .box_h = 17, .ofs_x = 0, .ofs_y = -3},
    {.bitmap_index = 43203, .adv_w = 256, .box_w = 15, .box_h = 17, .ofs_x = 0, .ofs_y = -3},
    {.bitmap_index = 43331, .adv_w = 256, .box_w = 17, .box_h = 16, .ofs_x = -1, .ofs_y = -2},
    {.bitmap_index = 43467, .adv_w = 256, .box_w = 16, .box_h = 16, .ofs_x = 0, .ofs_y = -3},
    {.bitmap_index = 43595, .adv_w = 256, .box_w = 16, .box_h = 15, .ofs_x = 0, .ofs_y = -2},
    {.bitmap_index = 43715, .adv_w = 256, .box_w = 16, .box_h = 16, .ofs_x = 0, .ofs_y = -3},
    {.bitmap_index = 43843, .adv_w = 256, .box_w = 16, .box_h = 16, .ofs_x = 0, .ofs_y = -2},
    {.bitmap_index = 43971, .adv_w = 256, .box_w = 17, .box_h = 16, .ofs_x = -1, .ofs_y = -3},
    {.bitmap_index = 44107, .adv_w = 256, .box_w = 16, .box_h = 16, .ofs_x = 0, .ofs_y = -2},
    {.bitmap_index = 44235, .adv_w = 256, .box_w = 17, .box_h = 15, .ofs_x = 0, .ofs_y = -2},
    {.bitmap_index = 44363, .adv_w = 256, .box_w = 16, .box_h = 16, .ofs_x = 0, .ofs_y = -3},
    {.bitmap_index = 44491, .adv_w = 256, .box_w = 16, .box_h = 17, .ofs_x = 0, .ofs_y = -3},
    {.bitmap_index = 44627, .adv_w = 256, .box_w = 16, .box_h = 16, .ofs_x = 0, .ofs_y = -2},
    {.bitmap_index = 44755, .adv_w = 256, .box_w = 16, .box_h = 16, .ofs_x = 0, .ofs_y = -2},
    {.bitmap_index = 44883, .adv_w = 256, .box_w = 16, .box_h = 16, .ofs_x = 0, .ofs_y = -3},
    {.bitmap_index = 45011, .adv_w = 256, .box_w = 16, .box_h = 15, .ofs_x = 0, .ofs_y = -2},
    {.bitmap_index = 45131, .adv_w = 256, .box_w = 16, .box_h = 17, .ofs_x = 0, .ofs_y = -3},
    {.bitmap_index = 45267, .adv_w = 256, .box_w = 16, .box_h = 16, .ofs_x = 0, .ofs_y = -2},
    {.bitmap_index = 45395, .adv_w = 256, .box_w = 16, .box_h = 16, .ofs_x = 0, .ofs_y = -3},
    {.bitmap_index = 45523, .adv_w = 256, .box_w = 16, .box_h = 17, .ofs_x = 0, .ofs_y = -3},
    {.bitmap_index = 45659, .adv_w = 256, .box_w = 16, .box_h = 16, .ofs_x = 0, .ofs_y = -3},
    {.bitmap_index = 45787, .adv_w = 256, .box_w = 16, .box_h = 17, .ofs_x = 0, .ofs_y = -3},
    {.bitmap_index = 45923, .adv_w = 256, .box_w = 17, .box_h = 15, .ofs_x = 0, .ofs_y = -2},
    {.bitmap_index = 46051, .adv_w = 256, .box_w = 15, .box_h = 16, .ofs_x = 0, .ofs_y = -2},
    {.bitmap_index = 46171, .adv_w = 256, .box_w = 17, .box_h = 16, .ofs_x = -1, .ofs_y = -2},
    {.bitmap_index = 46307, .adv_w = 256, .box_w = 16, .box_h = 17, .ofs_x = 0, .ofs_y = -3},
    {.bitmap_index = 46443, .adv_w = 256, .box_w = 15, .box_h = 15, .ofs_x = 0, .ofs_y = -2},
    {.bitmap_index = 46556, .adv_w = 256, .box_w = 16, .box_h = 17, .ofs_x = 0, .ofs_y = -3},
    {.bitmap_index = 46692, .adv_w = 256, .box_w = 17, .box_h = 17, .ofs_x = -1, .ofs_y = -3},
    {.bitmap_index = 46837, .adv_w = 256, .box_w = 17, .box_h = 17, .ofs_x = -1, .ofs_y = -3},
    {.bitmap_index = 46982, .adv_w = 256, .box_w = 17, .box_h = 17, .ofs_x = -1, .ofs_y = -3},
    {.bitmap_index = 47127, .adv_w = 256, .box_w = 16, .box_h = 17, .ofs_x = 0, .ofs_y = -3},
    {.bitmap_index = 47263, .adv_w = 256, .box_w = 16, .box_h = 16, .ofs_x = 0, .ofs_y = -2},
    {.bitmap_index = 47391, .adv_w = 256, .box_w = 16, .box_h = 17, .ofs_x = 0, .ofs_y = -3},
    {.bitmap_index = 47527, .adv_w = 256, .box_w = 16, .box_h = 17, .ofs_x = 0, .ofs_y = -3},
    {.bitmap_index = 47663, .adv_w = 256, .box_w = 16, .box_h = 17, .ofs_x = 0, .ofs_y = -3},
    {.bitmap_index = 47799, .adv_w = 256, .box_w = 16, .box_h = 17, .ofs_x = 0, .ofs_y = -3},
    {.bitmap_index = 47935, .adv_w = 256, .box_w = 15, .box_h = 16, .ofs_x = 0, .ofs_y = -3},
    {.bitmap_index = 48055, .adv_w = 256, .box_w = 16, .box_h = 17, .ofs_x = 0, .ofs_y = -3},
    {.bitmap_index = 48191, .adv_w = 256, .box_w = 16, .box_h = 16, .ofs_x = 0, .ofs_y = -2},
    {.bitmap_index = 48319, .adv_w = 256, .box_w = 17, .box_h = 16, .ofs_x = -1, .ofs_y = -2},
    {.bitmap_index = 48455, .adv_w = 256, .box_w = 17, .box_h = 15, .ofs_x = 0, .ofs_y = -2},
    {.bitmap_index = 48583, .adv_w = 256, .box_w = 17, .box_h = 16, .ofs_x = -1, .ofs_y = -2},
    {.bitmap_index = 48719, .adv_w = 256, .box_w = 16, .box_h = 17, .ofs_x = 0, .ofs_y = -3},
    {.bitmap_index = 48855, .adv_w = 256, .box_w = 17, .box_h = 17, .ofs_x = 0, .ofs_y = -3},
    {.bitmap_index = 49000, .adv_w = 256, .box_w = 17, .box_h = 16, .ofs_x = -1, .ofs_y = -2},
    {.bitmap_index = 49136, .adv_w = 256, .box_w = 16, .box_h = 16, .ofs_x = 0, .ofs_y = -2},
    {.bitmap_index = 49264, .adv_w = 256, .box_w = 16, .box_h = 17, .ofs_x = 0, .ofs_y = -3},
    {.bitmap_index = 49400, .adv_w = 256, .box_w = 17, .box_h = 15, .ofs_x = -1, .ofs_y = -2},
    {.bitmap_index = 49528, .adv_w = 256, .box_w = 16, .box_h = 16, .ofs_x = 0, .ofs_y = -2},
    {.bitmap_index = 49656, .adv_w = 256, .box_w = 17, .box_h = 17, .ofs_x = -1, .ofs_y = -3},
    {.bitmap_index = 49801, .adv_w = 256, .box_w = 17, .box_h = 17, .ofs_x = -1, .ofs_y = -3},
    {.bitmap_index = 49946, .adv_w = 256, .box_w = 10, .box_h = 16, .ofs_x = 0, .ofs_y = -2},
    {.bitmap_index = 50026, .adv_w = 256, .box_w = 16, .box_h = 16, .ofs_x = 0, .ofs_y = -2},
    {.bitmap_index = 50154, .adv_w = 256, .box_w = 17, .box_h = 17, .ofs_x = -1, .ofs_y = -3},
    {.bitmap_index = 50299, .adv_w = 256, .box_w = 17, .box_h = 16, .ofs_x = -1, .ofs_y = -2},
    {.bitmap_index = 50435, .adv_w = 256, .box_w = 16, .box_h = 16, .ofs_x = 0, .ofs_y = -2},
    {.bitmap_index = 50563, .adv_w = 256, .box_w = 17, .box_h = 17, .ofs_x = -1, .ofs_y = -3},
    {.bitmap_index = 50708, .adv_w = 256, .box_w = 16, .box_h = 17, .ofs_x = 0, .ofs_y = -3},
    {.bitmap_index = 50844, .adv_w = 256, .box_w = 17, .box_h = 17, .ofs_x = -1, .ofs_y = -3},
    {.bitmap_index = 50989, .adv_w = 256, .box_w = 16, .box_h = 16, .ofs_x = 0, .ofs_y = -2},
    {.bitmap_index = 51117, .adv_w = 256, .box_w = 16, .box_h = 17, .ofs_x = -1, .ofs_y = -3},
    {.bitmap_index = 51253, .adv_w = 256, .box_w = 17, .box_h = 17, .ofs_x = -1, .ofs_y = -3},
    {.bitmap_index = 51398, .adv_w = 256, .box_w = 17, .box_h = 17, .ofs_x = -1, .ofs_y = -3},
    {.bitmap_index = 51543, .adv_w = 256, .box_w = 16, .box_h = 17, .ofs_x = 0, .ofs_y = -3},
    {.bitmap_index = 51679, .adv_w = 256, .box_w = 16, .box_h = 17, .ofs_x = 0, .ofs_y = -3},
    {.bitmap_index = 51815, .adv_w = 256, .box_w = 16, .box_h = 17, .ofs_x = 0, .ofs_y = -3},
    {.bitmap_index = 51951, .adv_w = 256, .box_w = 16, .box_h = 17, .ofs_x = 0, .ofs_y = -3},
    {.bitmap_index = 52087, .adv_w = 256, .box_w = 16, .box_h = 16, .ofs_x = 0, .ofs_y = -2},
    {.bitmap_index = 52215, .adv_w = 256, .box_w = 17, .box_h = 16, .ofs_x = -1, .ofs_y = -2},
    {.bitmap_index = 52351, .adv_w = 256, .box_w = 16, .box_h = 17, .ofs_x = 0, .ofs_y = -3},
    {.bitmap_index = 52487, .adv_w = 256, .box_w = 17, .box_h = 15, .ofs_x = 0, .ofs_y = -2},
    {.bitmap_index = 52615, .adv_w = 256, .box_w = 17, .box_h = 17, .ofs_x = -1, .ofs_y = -3},
    {.bitmap_index = 52760, .adv_w = 256, .box_w = 16, .box_h = 17, .ofs_x = 0, .ofs_y = -3},
    {.bitmap_index = 52896, .adv_w = 256, .box_w = 16, .box_h = 16, .ofs_x = 0, .ofs_y = -2},
    {.bitmap_index = 53024, .adv_w = 256, .box_w = 16, .box_h = 17, .ofs_x = 0, .ofs_y = -3},
    {.bitmap_index = 53160, .adv_w = 256, .box_w = 17, .box_h = 16, .ofs_x = 0, .ofs_y = -3},
    {.bitmap_index = 53296, .adv_w = 256, .box_w = 16, .box_h = 16, .ofs_x = -1, .ofs_y = -3},
    {.bitmap_index = 53424, .adv_w = 256, .box_w = 17, .box_h = 16, .ofs_x = -1, .ofs_y = -2},
    {.bitmap_index = 53560, .adv_w = 256, .box_w = 17, .box_h = 16, .ofs_x = 0, .ofs_y = -3},
    {.bitmap_index = 53696, .adv_w = 256, .box_w = 16, .box_h = 16, .ofs_x = 0, .ofs_y = -3},
    {.bitmap_index = 53824, .adv_w = 256, .box_w = 16, .box_h = 17, .ofs_x = 0, .ofs_y = -3},
    {.bitmap_index = 53960, .adv_w = 256, .box_w = 16, .box_h = 17, .ofs_x = 0, .ofs_y = -3},
    {.bitmap_index = 54096, .adv_w = 256, .box_w = 17, .box_h = 17, .ofs_x = -1, .ofs_y = -3},
    {.bitmap_index = 54241, .adv_w = 256, .box_w = 16, .box_h = 17, .ofs_x = 0, .ofs_y = -3},
    {.bitmap_index = 54377, .adv_w = 256, .box_w = 16, .box_h = 17, .ofs_x = 0, .ofs_y = -3},
    {.bitmap_index = 54513, .adv_w = 256, .box_w = 16, .box_h = 16, .ofs_x = 0, .ofs_y = -2},
    {.bitmap_index = 54641, .adv_w = 256, .box_w = 16, .box_h = 16, .ofs_x = 0, .ofs_y = -2},
    {.bitmap_index = 54769, .adv_w = 256, .box_w = 15, .box_h = 17, .ofs_x = 0, .ofs_y = -3},
    {.bitmap_index = 54897, .adv_w = 256, .box_w = 16, .box_h = 17, .ofs_x = 0, .ofs_y = -3},
    {.bitmap_index = 55033, .adv_w = 256, .box_w = 16, .box_h = 16, .ofs_x = 0, .ofs_y = -2},
    {.bitmap_index = 55161, .adv_w = 256, .box_w = 16, .box_h = 17, .ofs_x = 0, .ofs_y = -3},
    {.bitmap_index = 55297, .adv_w = 256, .box_w = 17, .box_h = 16, .ofs_x = -1, .ofs_y = -2},
    {.bitmap_index = 55433, .adv_w = 256, .box_w = 16, .box_h = 17, .ofs_x = 0, .ofs_y = -3},
    {.bitmap_index = 55569, .adv_w = 256, .box_w = 16, .box_h = 17, .ofs_x = 0, .ofs_y = -3},
    {.bitmap_index = 55705, .adv_w = 256, .box_w = 16, .box_h = 17, .ofs_x = 0, .ofs_y = -3},
    {.bitmap_index = 55841, .adv_w = 256, .box_w = 17, .box_h = 16, .ofs_x = 0, .ofs_y = -2},
    {.bitmap_index = 55977, .adv_w = 256, .box_w = 16, .box_h = 15, .ofs_x = 0, .ofs_y = -2},
    {.bitmap_index = 56097, .adv_w = 256, .box_w = 16, .box_h = 15, .ofs_x = 0, .ofs_y = -2},
    {.bitmap_index = 56217, .adv_w = 256, .box_w = 16, .box_h = 15, .ofs_x = 0, .ofs_y = -2},
    {.bitmap_index = 56337, .adv_w = 256, .box_w = 16, .box_h = 15, .ofs_x = 0, .ofs_y = -2},
    {.bitmap_index = 56457, .adv_w = 256, .box_w = 16, .box_h = 15, .ofs_x = 0, .ofs_y = -2},
    {.bitmap_index = 56577, .adv_w = 256, .box_w = 16, .box_h = 15, .ofs_x = 0, .ofs_y = -2},
    {.bitmap_index = 56697, .adv_w = 256, .box_w = 16, .box_h = 15, .ofs_x = 0, .ofs_y = -2},
    {.bitmap_index = 56817, .adv_w = 256, .box_w = 14, .box_h = 16, .ofs_x = 1, .ofs_y = -3},
    {.bitmap_index = 56929, .adv_w = 256, .box_w = 15, .box_h = 16, .ofs_x = 0, .ofs_y = -3},
    {.bitmap_index = 57049, .adv_w = 256, .box_w = 16, .box_h = 17, .ofs_x = 0, .ofs_y = -3},
    {.bitmap_index = 57185, .adv_w = 256, .box_w = 17, .box_h = 15, .ofs_x = 0, .ofs_y = -2},
    {.bitmap_index = 57313, .adv_w = 256, .box_w = 16, .box_h = 16, .ofs_x = 0, .ofs_y = -2},
    {.bitmap_index = 57441, .adv_w = 256, .box_w = 16, .box_h = 15, .ofs_x = 0, .ofs_y = -2},
    {.bitmap_index = 57561, .adv_w = 256, .box_w = 17, .box_h = 16, .ofs_x = -1, .ofs_y = -2},
    {.bitmap_index = 57697, .adv_w = 256, .box_w = 16, .box_h = 17, .ofs_x = 0, .ofs_y = -3},
    {.bitmap_index = 57833, .adv_w = 256, .box_w = 16, .box_h = 17, .ofs_x = 0, .ofs_y = -3},
    {.bitmap_index = 57969, .adv_w = 256, .box_w = 15, .box_h = 17, .ofs_x = 0, .ofs_y = -3},
    {.bitmap_index = 58097, .adv_w = 256, .box_w = 16, .box_h = 16, .ofs_x = 0, .ofs_y = -2},
    {.bitmap_index = 58225, .adv_w = 256, .box_w = 16, .box_h = 17, .ofs_x = 0, .ofs_y = -3},
    {.bitmap_index = 58361, .adv_w = 256, .box_w = 16, .box_h = 17, .ofs_x = 0, .ofs_y = -3},
    {.bitmap_index = 58497, .adv_w = 256, .box_w = 16, .box_h = 16, .ofs_x = 0, .ofs_y = -2},
    {.bitmap_index = 58625, .adv_w = 256, .box_w = 16, .box_h = 17, .ofs_x = 0, .ofs_y = -3},
    {.bitmap_index = 58761, .adv_w = 256, .box_w = 17, .box_h = 17, .ofs_x = -1, .ofs_y = -3},
    {.bitmap_index = 58906, .adv_w = 256, .box_w = 17, .box_h = 16, .ofs_x = -1, .ofs_y = -2},
    {.bitmap_index = 59042, .adv_w = 256, .box_w = 17, .box_h = 17, .ofs_x = -1, .ofs_y = -3},
    {.bitmap_index = 59187, .adv_w = 256, .box_w = 16, .box_h = 15, .ofs_x = 0, .ofs_y = -2},
    {.bitmap_index = 59307, .adv_w = 256, .box_w = 17, .box_h = 16, .ofs_x = -1, .ofs_y = -2},
    {.bitmap_index = 59443, .adv_w = 256, .box_w = 16, .box_h = 17, .ofs_x = 0, .ofs_y = -3},
    {.bitmap_index = 59579, .adv_w = 256, .box_w = 16, .box_h = 16, .ofs_x = 0, .ofs_y = -2},
    {.bitmap_index = 59707, .adv_w = 256, .box_w = 16, .box_h = 16, .ofs_x = 0, .ofs_y = -3},
    {.bitmap_index = 59835, .adv_w = 256, .box_w = 16, .box_h = 17, .ofs_x = 0, .ofs_y = -3},
    {.bitmap_index = 59971, .adv_w = 256, .box_w = 16, .box_h = 16, .ofs_x = 0, .ofs_y = -2},
    {.bitmap_index = 60099, .adv_w = 256, .box_w = 16, .box_h = 16, .ofs_x = 0, .ofs_y = -2},
    {.bitmap_index = 60227, .adv_w = 256, .box_w = 16, .box_h = 16, .ofs_x = 0, .ofs_y = -2},
    {.bitmap_index = 60355, .adv_w = 256, .box_w = 16, .box_h = 17, .ofs_x = 0, .ofs_y = -3},
    {.bitmap_index = 60491, .adv_w = 256, .box_w = 16, .box_h = 16, .ofs_x = 0, .ofs_y = -3},
    {.bitmap_index = 60619, .adv_w = 256, .box_w = 17, .box_h = 16, .ofs_x = -1, .ofs_y = -3},
    {.bitmap_index = 60755, .adv_w = 256, .box_w = 16, .box_h = 16, .ofs_x = 0, .ofs_y = -3},
    {.bitmap_index = 60883, .adv_w = 256, .box_w = 15, .box_h = 17, .ofs_x = 0, .ofs_y = -3},
    {.bitmap_index = 61011, .adv_w = 256, .box_w = 17, .box_h = 16, .ofs_x = -1, .ofs_y = -3},
    {.bitmap_index = 61147, .adv_w = 256, .box_w = 17, .box_h = 17, .ofs_x = -1, .ofs_y = -3},
    {.bitmap_index = 61292, .adv_w = 256, .box_w = 17, .box_h = 17, .ofs_x = -1, .ofs_y = -3},
    {.bitmap_index = 61437, .adv_w = 256, .box_w = 16, .box_h = 17, .ofs_x = 0, .ofs_y = -3},
    {.bitmap_index = 61573, .adv_w = 256, .box_w = 17, .box_h = 16, .ofs_x = -1, .ofs_y = -3},
    {.bitmap_index = 61709, .adv_w = 256, .box_w = 15, .box_h = 17, .ofs_x = 0, .ofs_y = -3},
    {.bitmap_index = 61837, .adv_w = 256, .box_w = 13, .box_h = 17, .ofs_x = 1, .ofs_y = -3},
    {.bitmap_index = 61948, .adv_w = 256, .box_w = 16, .box_h = 16, .ofs_x = 0, .ofs_y = -3},
    {.bitmap_index = 62076, .adv_w = 256, .box_w = 17, .box_h = 16, .ofs_x = -1, .ofs_y = -3},
    {.bitmap_index = 62212, .adv_w = 256, .box_w = 17, .box_h = 17, .ofs_x = -1, .ofs_y = -3},
    {.bitmap_index = 62357, .adv_w = 256, .box_w = 15, .box_h = 15, .ofs_x = 0, .ofs_y = -2},
    {.bitmap_index = 62470, .adv_w = 256, .box_w = 17, .box_h = 16, .ofs_x = -1, .ofs_y = -3},
    {.bitmap_index = 62606, .adv_w = 256, .box_w = 16, .box_h = 15, .ofs_x = 0, .ofs_y = -2},
    {.bitmap_index = 62726, .adv_w = 256, .box_w = 17, .box_h = 17, .ofs_x = -1, .ofs_y = -3},
    {.bitmap_index = 62871, .adv_w = 256, .box_w = 16, .box_h = 17, .ofs_x = 0, .ofs_y = -3},
    {.bitmap_index = 63007, .adv_w = 256, .box_w = 17, .box_h = 17, .ofs_x = -1, .ofs_y = -3},
    {.bitmap_index = 63152, .adv_w = 256, .box_w = 16, .box_h = 17, .ofs_x = 0, .ofs_y = -3},
    {.bitmap_index = 63288, .adv_w = 256, .box_w = 17, .box_h = 16, .ofs_x = -1, .ofs_y = -3},
    {.bitmap_index = 63424, .adv_w = 256, .box_w = 15, .box_h = 16, .ofs_x = 0, .ofs_y = -3},
    {.bitmap_index = 63544, .adv_w = 256, .box_w = 16, .box_h = 17, .ofs_x = 0, .ofs_y = -3},
    {.bitmap_index = 63680, .adv_w = 256, .box_w = 16, .box_h = 17, .ofs_x = 0, .ofs_y = -3},
    {.bitmap_index = 63816, .adv_w = 256, .box_w = 15, .box_h = 16, .ofs_x = 0, .ofs_y = -3},
    {.bitmap_index = 63936, .adv_w = 256, .box_w = 16, .box_h = 17, .ofs_x = 0, .ofs_y = -3},
    {.bitmap_index = 64072, .adv_w = 256, .box_w = 17, .box_h = 16, .ofs_x = -1, .ofs_y = -3},
    {.bitmap_index = 64208, .adv_w = 256, .box_w = 16, .box_h = 16, .ofs_x = 0, .ofs_y = -3},
    {.bitmap_index = 64336, .adv_w = 256, .box_w = 16, .box_h = 17, .ofs_x = 0, .ofs_y = -3},
    {.bitmap_index = 64472, .adv_w = 256, .box_w = 16, .box_h = 17, .ofs_x = 0, .ofs_y = -3},
    {.bitmap_index = 64608, .adv_w = 256, .box_w = 16, .box_h = 17, .ofs_x = 0, .ofs_y = -3},
    {.bitmap_index = 64744, .adv_w = 256, .box_w = 16, .box_h = 16, .ofs_x = 0, .ofs_y = -3},
    {.bitmap_index = 64872, .adv_w = 256, .box_w = 16, .box_h = 16, .ofs_x = 0, .ofs_y = -3},
    {.bitmap_index = 65000, .adv_w = 256, .box_w = 16, .box_h = 16, .ofs_x = 0, .ofs_y = -3},
    {.bitmap_index = 65128, .adv_w = 256, .box_w = 17, .box_h = 17, .ofs_x = -1, .ofs_y = -3},
    {.bitmap_index = 65273, .adv_w = 256, .box_w = 16, .box_h = 17, .ofs_x = 0, .ofs_y = -3},
    {.bitmap_index = 65409, .adv_w = 256, .box_w = 17, .box_h = 17, .ofs_x = -1, .ofs_y = -3},
    {.bitmap_index = 65554, .adv_w = 256, .box_w = 17, .box_h = 17, .ofs_x = -1, .ofs_y = -3},
    {.bitmap_index = 65699, .adv_w = 256, .box_w = 17, .box_h = 17, .ofs_x = -1, .ofs_y = -3},
    {.bitmap_index = 65844, .adv_w = 256, .box_w = 16, .box_h = 17, .ofs_x = 0, .ofs_y = -3},
    {.bitmap_index = 65980, .adv_w = 256, .box_w = 16, .box_h = 16, .ofs_x = 0, .ofs_y = -3},
    {.bitmap_index = 66108, .adv_w = 256, .box_w = 16, .box_h = 17, .ofs_x = 0, .ofs_y = -3},
    {.bitmap_index = 66244, .adv_w = 256, .box_w = 16, .box_h = 16, .ofs_x = 0, .ofs_y = -3},
    {.bitmap_index = 66372, .adv_w = 256, .box_w = 16, .box_h = 17, .ofs_x = 0, .ofs_y = -3},
    {.bitmap_index = 66508, .adv_w = 256, .box_w = 16, .box_h = 17, .ofs_x = 0, .ofs_y = -3},
    {.bitmap_index = 66644, .adv_w = 256, .box_w = 16, .box_h = 16, .ofs_x = 0, .ofs_y = -3},
    {.bitmap_index = 66772, .adv_w = 256, .box_w = 17, .box_h = 16, .ofs_x = -1, .ofs_y = -3},
    {.bitmap_index = 66908, .adv_w = 256, .box_w = 16, .box_h = 16, .ofs_x = 0, .ofs_y = -2},
    {.bitmap_index = 67036, .adv_w = 256, .box_w = 17, .box_h = 16, .ofs_x = -1, .ofs_y = -3},
    {.bitmap_index = 67172, .adv_w = 256, .box_w = 16, .box_h = 16, .ofs_x = 0, .ofs_y = -2},
    {.bitmap_index = 67300, .adv_w = 256, .box_w = 16, .box_h = 17, .ofs_x = 0, .ofs_y = -3},
    {.bitmap_index = 67436, .adv_w = 256, .box_w = 16, .box_h = 17, .ofs_x = 0, .ofs_y = -3},
    {.bitmap_index = 67572, .adv_w = 256, .box_w = 16, .box_h = 17, .ofs_x = 0, .ofs_y = -3},
    {.bitmap_index = 67708, .adv_w = 256, .box_w = 16, .box_h = 17, .ofs_x = 0, .ofs_y = -3},
    {.bitmap_index = 67844, .adv_w = 256, .box_w = 16, .box_h = 17, .ofs_x = 0, .ofs_y = -3},
    {.bitmap_index = 67980, .adv_w = 256, .box_w = 17, .box_h = 16, .ofs_x = 0, .ofs_y = -3},
    {.bitmap_index = 68116, .adv_w = 256, .box_w = 16, .box_h = 17, .ofs_x = 0, .ofs_y = -3},
    {.bitmap_index = 68252, .adv_w = 256, .box_w = 16, .box_h = 17, .ofs_x = 0, .ofs_y = -3},
    {.bitmap_index = 68388, .adv_w = 256, .box_w = 16, .box_h = 17, .ofs_x = 0, .ofs_y = -3},
    {.bitmap_index = 68524, .adv_w = 256, .box_w = 16, .box_h = 17, .ofs_x = 0, .ofs_y = -3},
    {.bitmap_index = 68660, .adv_w = 256, .box_w = 16, .box_h = 17, .ofs_x = 0, .ofs_y = -3},
    {.bitmap_index = 68796, .adv_w = 256, .box_w = 16, .box_h = 15, .ofs_x = 0, .ofs_y = -2},
    {.bitmap_index = 68916, .adv_w = 256, .box_w = 16, .box_h = 16, .ofs_x = 0, .ofs_y = -3},
    {.bitmap_index = 69044, .adv_w = 256, .box_w = 17, .box_h = 16, .ofs_x = -1, .ofs_y = -3},
    {.bitmap_index = 69180, .adv_w = 256, .box_w = 16, .box_h = 16, .ofs_x = 0, .ofs_y = -2},
    {.bitmap_index = 69308, .adv_w = 256, .box_w = 16, .box_h = 17, .ofs_x = 0, .ofs_y = -3},
    {.bitmap_index = 69444, .adv_w = 256, .box_w = 16, .box_h = 15, .ofs_x = 0, .ofs_y = -2},
    {.bitmap_index = 69564, .adv_w = 256, .box_w = 16, .box_h = 16, .ofs_x = 0, .ofs_y = -2},
    {.bitmap_index = 69692, .adv_w = 256, .box_w = 17, .box_h = 16, .ofs_x = 0, .ofs_y = -3},
    {.bitmap_index = 69828, .adv_w = 256, .box_w = 15, .box_h = 17, .ofs_x = 0, .ofs_y = -3},
    {.bitmap_index = 69956, .adv_w = 256, .box_w = 16, .box_h = 16, .ofs_x = 0, .ofs_y = -2},
    {.bitmap_index = 70084, .adv_w = 256, .box_w = 16, .box_h = 17, .ofs_x = 0, .ofs_y = -3},
    {.bitmap_index = 70220, .adv_w = 256, .box_w = 16, .box_h = 16, .ofs_x = 0, .ofs_y = -3},
    {.bitmap_index = 70348, .adv_w = 256, .box_w = 16, .box_h = 16, .ofs_x = 0, .ofs_y = -3},
    {.bitmap_index = 70476, .adv_w = 256, .box_w = 16, .box_h = 17, .ofs_x = 0, .ofs_y = -3},
    {.bitmap_index = 70612, .adv_w = 256, .box_w = 16, .box_h = 16, .ofs_x = 0, .ofs_y = -2},
    {.bitmap_index = 70740, .adv_w = 256, .box_w = 17, .box_h = 16, .ofs_x = 0, .ofs_y = -3},
    {.bitmap_index = 70876, .adv_w = 256, .box_w = 16, .box_h = 16, .ofs_x = 0, .ofs_y = -2},
    {.bitmap_index = 71004, .adv_w = 256, .box_w = 16, .box_h = 16, .ofs_x = 0, .ofs_y = -2},
    {.bitmap_index = 71132, .adv_w = 256, .box_w = 16, .box_h = 16, .ofs_x = 0, .ofs_y = -2},
    {.bitmap_index = 71260, .adv_w = 256, .box_w = 16, .box_h = 17, .ofs_x = 0, .ofs_y = -3},
    {.bitmap_index = 71396, .adv_w = 256, .box_w = 16, .box_h = 17, .ofs_x = 0, .ofs_y = -3},
    {.bitmap_index = 71532, .adv_w = 256, .box_w = 16, .box_h = 16, .ofs_x = 0, .ofs_y = -2},
    {.bitmap_index = 71660, .adv_w = 256, .box_w = 16, .box_h = 17, .ofs_x = 0, .ofs_y = -3},
    {.bitmap_index = 71796, .adv_w = 256, .box_w = 16, .box_h = 16, .ofs_x = 0, .ofs_y = -2},
    {.bitmap_index = 71924, .adv_w = 256, .box_w = 16, .box_h = 17, .ofs_x = 0, .ofs_y = -3},
    {.bitmap_index = 72060, .adv_w = 256, .box_w = 16, .box_h = 17, .ofs_x = 0, .ofs_y = -3},
    {.bitmap_index = 72196, .adv_w = 256, .box_w = 16, .box_h = 15, .ofs_x = 0, .ofs_y = -2},
    {.bitmap_index = 72316, .adv_w = 256, .box_w = 16, .box_h = 16, .ofs_x = 0, .ofs_y = -2},
    {.bitmap_index = 72444, .adv_w = 256, .box_w = 16, .box_h = 16, .ofs_x = 0, .ofs_y = -2},
    {.bitmap_index = 72572, .adv_w = 256, .box_w = 16, .box_h = 16, .ofs_x = 0, .ofs_y = -2},
    {.bitmap_index = 72700, .adv_w = 256, .box_w = 16, .box_h = 17, .ofs_x = 0, .ofs_y = -3},
    {.bitmap_index = 72836, .adv_w = 256, .box_w = 16, .box_h = 17, .ofs_x = 0, .ofs_y = -3},
    {.bitmap_index = 72972, .adv_w = 256, .box_w = 16, .box_h = 16, .ofs_x = 0, .ofs_y = -3},
    {.bitmap_index = 73100, .adv_w = 256, .box_w = 16, .box_h = 15, .ofs_x = 0, .ofs_y = -2},
    {.bitmap_index = 73220, .adv_w = 256, .box_w = 16, .box_h = 16, .ofs_x = 0, .ofs_y = -3},
    {.bitmap_index = 73348, .adv_w = 256, .box_w = 17, .box_h = 17, .ofs_x = 0, .ofs_y = -3},
    {.bitmap_index = 73493, .adv_w = 256, .box_w = 16, .box_h = 17, .ofs_x = 0, .ofs_y = -3},
    {.bitmap_index = 73629, .adv_w = 256, .box_w = 17, .box_h = 17, .ofs_x = 0, .ofs_y = -3},
    {.bitmap_index = 73774, .adv_w = 256, .box_w = 16, .box_h = 17, .ofs_x = 0, .ofs_y = -3},
    {.bitmap_index = 73910, .adv_w = 256, .box_w = 16, .box_h = 16, .ofs_x = 0, .ofs_y = -3},
    {.bitmap_index = 74038, .adv_w = 256, .box_w = 16, .box_h = 17, .ofs_x = 0, .ofs_y = -3},
    {.bitmap_index = 74174, .adv_w = 256, .box_w = 17, .box_h = 17, .ofs_x = 0, .ofs_y = -3},
    {.bitmap_index = 74319, .adv_w = 256, .box_w = 16, .box_h = 16, .ofs_x = 0, .ofs_y = -3},
    {.bitmap_index = 74447, .adv_w = 256, .box_w = 16, .box_h = 16, .ofs_x = 0, .ofs_y = -2},
    {.bitmap_index = 74575, .adv_w = 256, .box_w = 16, .box_h = 17, .ofs_x = 0, .ofs_y = -3},
    {.bitmap_index = 74711, .adv_w = 256, .box_w = 16, .box_h = 17, .ofs_x = 0, .ofs_y = -3},
    {.bitmap_index = 74847, .adv_w = 256, .box_w = 16, .box_h = 17, .ofs_x = 0, .ofs_y = -3},
    {.bitmap_index = 74983, .adv_w = 256, .box_w = 16, .box_h = 17, .ofs_x = 0, .ofs_y = -3},
    {.bitmap_index = 75119, .adv_w = 256, .box_w = 17, .box_h = 15, .ofs_x = 0, .ofs_y = -2},
    {.bitmap_index = 75247, .adv_w = 256, .box_w = 16, .box_h = 17, .ofs_x = 0, .ofs_y = -3},
    {.bitmap_index = 75383, .adv_w = 256, .box_w = 16, .box_h = 16, .ofs_x = 0, .ofs_y = -2},
    {.bitmap_index = 75511, .adv_w = 256, .box_w = 16, .box_h = 16, .ofs_x = 0, .ofs_y = -3},
    {.bitmap_index = 75639, .adv_w = 256, .box_w = 16, .box_h = 16, .ofs_x = 0, .ofs_y = -3},
    {.bitmap_index = 75767, .adv_w = 256, .box_w = 16, .box_h = 16, .ofs_x = 0, .ofs_y = -2},
    {.bitmap_index = 75895, .adv_w = 256, .box_w = 16, .box_h = 17, .ofs_x = 0, .ofs_y = -3},
    {.bitmap_index = 76031, .adv_w = 256, .box_w = 16, .box_h = 17, .ofs_x = 0, .ofs_y = -3},
    {.bitmap_index = 76167, .adv_w = 256, .box_w = 16, .box_h = 16, .ofs_x = 0, .ofs_y = -2},
    {.bitmap_index = 76295, .adv_w = 256, .box_w = 17, .box_h = 15, .ofs_x = 0, .ofs_y = -2},
    {.bitmap_index = 76423, .adv_w = 256, .box_w = 16, .box_h = 17, .ofs_x = 0, .ofs_y = -3},
    {.bitmap_index = 76559, .adv_w = 256, .box_w = 16, .box_h = 15, .ofs_x = 0, .ofs_y = -2},
    {.bitmap_index = 76679, .adv_w = 256, .box_w = 16, .box_h = 16, .ofs_x = 0, .ofs_y = -2},
    {.bitmap_index = 76807, .adv_w = 256, .box_w = 16, .box_h = 15, .ofs_x = 0, .ofs_y = -2},
    {.bitmap_index = 76927, .adv_w = 256, .box_w = 15, .box_h = 17, .ofs_x = 0, .ofs_y = -3},
    {.bitmap_index = 77055, .adv_w = 256, .box_w = 16, .box_h = 16, .ofs_x = 0, .ofs_y = -2},
    {.bitmap_index = 77183, .adv_w = 256, .box_w = 16, .box_h = 17, .ofs_x = 0, .ofs_y = -3},
    {.bitmap_index = 77319, .adv_w = 256, .box_w = 16, .box_h = 16, .ofs_x = 0, .ofs_y = -2},
    {.bitmap_index = 77447, .adv_w = 256, .box_w = 16, .box_h = 17, .ofs_x = 0, .ofs_y = -3},
    {.bitmap_index = 77583, .adv_w = 256, .box_w = 16, .box_h = 16, .ofs_x = 0, .ofs_y = -2},
    {.bitmap_index = 77711, .adv_w = 256, .box_w = 16, .box_h = 16, .ofs_x = 0, .ofs_y = -2},
    {.bitmap_index = 77839, .adv_w = 256, .box_w = 16, .box_h = 17, .ofs_x = 0, .ofs_y = -3},
    {.bitmap_index = 77975, .adv_w = 256, .box_w = 16, .box_h = 17, .ofs_x = 0, .ofs_y = -3},
    {.bitmap_index = 78111, .adv_w = 256, .box_w = 17, .box_h = 17, .ofs_x = 0, .ofs_y = -3},
    {.bitmap_index = 78256, .adv_w = 256, .box_w = 16, .box_h = 16, .ofs_x = 0, .ofs_y = -2},
    {.bitmap_index = 78384, .adv_w = 256, .box_w = 16, .box_h = 16, .ofs_x = 0, .ofs_y = -2},
    {.bitmap_index = 78512, .adv_w = 256, .box_w = 16, .box_h = 17, .ofs_x = 0, .ofs_y = -3},
    {.bitmap_index = 78648, .adv_w = 256, .box_w = 17, .box_h = 16, .ofs_x = 0, .ofs_y = -2},
    {.bitmap_index = 78784, .adv_w = 256, .box_w = 16, .box_h = 17, .ofs_x = 0, .ofs_y = -3},
    {.bitmap_index = 78920, .adv_w = 256, .box_w = 16, .box_h = 17, .ofs_x = 0, .ofs_y = -3},
    {.bitmap_index = 79056, .adv_w = 256, .box_w = 16, .box_h = 16, .ofs_x = 0, .ofs_y = -2},
    {.bitmap_index = 79184, .adv_w = 256, .box_w = 16, .box_h = 17, .ofs_x = 0, .ofs_y = -3},
    {.bitmap_index = 79320, .adv_w = 256, .box_w = 16, .box_h = 16, .ofs_x = 0, .ofs_y = -3},
    {.bitmap_index = 79448, .adv_w = 256, .box_w = 16, .box_h = 17, .ofs_x = 0, .ofs_y = -3},
    {.bitmap_index = 79584, .adv_w = 256, .box_w = 16, .box_h = 16, .ofs_x = 0, .ofs_y = -2},
    {.bitmap_index = 79712, .adv_w = 256, .box_w = 16, .box_h = 17, .ofs_x = 0, .ofs_y = -3},
    {.bitmap_index = 79848, .adv_w = 256, .box_w = 16, .box_h = 16, .ofs_x = 0, .ofs_y = -3},
    {.bitmap_index = 79976, .adv_w = 256, .box_w = 16, .box_h = 16, .ofs_x = 0, .ofs_y = -3},
    {.bitmap_index = 80104, .adv_w = 256, .box_w = 16, .box_h = 16, .ofs_x = 0, .ofs_y = -2},
    {.bitmap_index = 80232, .adv_w = 256, .box_w = 10, .box_h = 16, .ofs_x = 0, .ofs_y = -2},
    {.bitmap_index = 80312, .adv_w = 256, .box_w = 16, .box_h = 17, .ofs_x = 0, .ofs_y = -3},
    {.bitmap_index = 80448, .adv_w = 256, .box_w = 15, .box_h = 17, .ofs_x = 0, .ofs_y = -3},
    {.bitmap_index = 80576, .adv_w = 256, .box_w = 17, .box_h = 16, .ofs_x = -1, .ofs_y = -2},
    {.bitmap_index = 80712, .adv_w = 256, .box_w = 17, .box_h = 17, .ofs_x = 0, .ofs_y = -3},
    {.bitmap_index = 80857, .adv_w = 256, .box_w = 17, .box_h = 17, .ofs_x = -1, .ofs_y = -3},
    {.bitmap_index = 81002, .adv_w = 256, .box_w = 17, .box_h = 16, .ofs_x = -1, .ofs_y = -2},
    {.bitmap_index = 81138, .adv_w = 256, .box_w = 16, .box_h = 16, .ofs_x = 0, .ofs_y = -2},
    {.bitmap_index = 81266, .adv_w = 256, .box_w = 16, .box_h = 16, .ofs_x = 0, .ofs_y = -2},
    {.bitmap_index = 81394, .adv_w = 256, .box_w = 16, .box_h = 17, .ofs_x = 0, .ofs_y = -3},
    {.bitmap_index = 81530, .adv_w = 256, .box_w = 17, .box_h = 17, .ofs_x = -1, .ofs_y = -3},
    {.bitmap_index = 81675, .adv_w = 256, .box_w = 16, .box_h = 16, .ofs_x = 0, .ofs_y = -2},
    {.bitmap_index = 81803, .adv_w = 256, .box_w = 16, .box_h = 17, .ofs_x = 0, .ofs_y = -3},
    {.bitmap_index = 81939, .adv_w = 256, .box_w = 16, .box_h = 16, .ofs_x = 0, .ofs_y = -2},
    {.bitmap_index = 82067, .adv_w = 256, .box_w = 16, .box_h = 16, .ofs_x = 0, .ofs_y = -2},
    {.bitmap_index = 82195, .adv_w = 256, .box_w = 16, .box_h = 16, .ofs_x = 0, .ofs_y = -2},
    {.bitmap_index = 82323, .adv_w = 256, .box_w = 16, .box_h = 17, .ofs_x = 0, .ofs_y = -3},
    {.bitmap_index = 82459, .adv_w = 256, .box_w = 16, .box_h = 17, .ofs_x = 0, .ofs_y = -3},
    {.bitmap_index = 82595, .adv_w = 256, .box_w = 16, .box_h = 17, .ofs_x = 0, .ofs_y = -3},
    {.bitmap_index = 82731, .adv_w = 256, .box_w = 16, .box_h = 17, .ofs_x = 0, .ofs_y = -3},
    {.bitmap_index = 82867, .adv_w = 256, .box_w = 16, .box_h = 17, .ofs_x = 0, .ofs_y = -3},
    {.bitmap_index = 83003, .adv_w = 256, .box_w = 16, .box_h = 17, .ofs_x = 0, .ofs_y = -3},
    {.bitmap_index = 83139, .adv_w = 256, .box_w = 16, .box_h = 17, .ofs_x = 0, .ofs_y = -3},
    {.bitmap_index = 83275, .adv_w = 256, .box_w = 16, .box_h = 17, .ofs_x = 0, .ofs_y = -3},
    {.bitmap_index = 83411, .adv_w = 256, .box_w = 16, .box_h = 17, .ofs_x = 0, .ofs_y = -3},
    {.bitmap_index = 83547, .adv_w = 256, .box_w = 16, .box_h = 17, .ofs_x = 0, .ofs_y = -3},
    {.bitmap_index = 83683, .adv_w = 256, .box_w = 16, .box_h = 17, .ofs_x = 0, .ofs_y = -3},
    {.bitmap_index = 83819, .adv_w = 256, .box_w = 16, .box_h = 16, .ofs_x = 0, .ofs_y = -2},
    {.bitmap_index = 83947, .adv_w = 256, .box_w = 15, .box_h = 17, .ofs_x = 0, .ofs_y = -3},
    {.bitmap_index = 84075, .adv_w = 256, .box_w = 16, .box_h = 17, .ofs_x = 0, .ofs_y = -3},
    {.bitmap_index = 84211, .adv_w = 256, .box_w = 16, .box_h = 16, .ofs_x = 0, .ofs_y = -2},
    {.bitmap_index = 84339, .adv_w = 256, .box_w = 16, .box_h = 17, .ofs_x = 0, .ofs_y = -3},
    {.bitmap_index = 84475, .adv_w = 256, .box_w = 16, .box_h = 15, .ofs_x = 0, .ofs_y = -2},
    {.bitmap_index = 84595, .adv_w = 256, .box_w = 16, .box_h = 16, .ofs_x = 0, .ofs_y = -3},
    {.bitmap_index = 84723, .adv_w = 256, .box_w = 17, .box_h = 17, .ofs_x = 0, .ofs_y = -3},
    {.bitmap_index = 84868, .adv_w = 256, .box_w = 17, .box_h = 16, .ofs_x = 0, .ofs_y = -3},
    {.bitmap_index = 85004, .adv_w = 256, .box_w = 16, .box_h = 17, .ofs_x = 0, .ofs_y = -3},
    {.bitmap_index = 85140, .adv_w = 256, .box_w = 16, .box_h = 17, .ofs_x = 0, .ofs_y = -3},
    {.bitmap_index = 85276, .adv_w = 256, .box_w = 16, .box_h = 17, .ofs_x = 0, .ofs_y = -3},
    {.bitmap_index = 85412, .adv_w = 256, .box_w = 16, .box_h = 17, .ofs_x = 0, .ofs_y = -3},
    {.bitmap_index = 85548, .adv_w = 256, .box_w = 16, .box_h = 17, .ofs_x = 0, .ofs_y = -3},
    {.bitmap_index = 85684, .adv_w = 256, .box_w = 16, .box_h = 17, .ofs_x = 0, .ofs_y = -3},
    {.bitmap_index = 85820, .adv_w = 256, .box_w = 16, .box_h = 15, .ofs_x = 0, .ofs_y = -2},
    {.bitmap_index = 85940, .adv_w = 256, .box_w = 16, .box_h = 16, .ofs_x = 0, .ofs_y = -3},
    {.bitmap_index = 86068, .adv_w = 256, .box_w = 16, .box_h = 16, .ofs_x = 0, .ofs_y = -2},
    {.bitmap_index = 86196, .adv_w = 256, .box_w = 16, .box_h = 17, .ofs_x = 0, .ofs_y = -3},
    {.bitmap_index = 86332, .adv_w = 256, .box_w = 16, .box_h = 16, .ofs_x = 0, .ofs_y = -3},
    {.bitmap_index = 86460, .adv_w = 256, .box_w = 16, .box_h = 17, .ofs_x = 0, .ofs_y = -3},
    {.bitmap_index = 86596, .adv_w = 256, .box_w = 16, .box_h = 16, .ofs_x = 0, .ofs_y = -2},
    {.bitmap_index = 86724, .adv_w = 256, .box_w = 16, .box_h = 16, .ofs_x = 0, .ofs_y = -3},
    {.bitmap_index = 86852, .adv_w = 256, .box_w = 17, .box_h = 17, .ofs_x = 0, .ofs_y = -3},
    {.bitmap_index = 86997, .adv_w = 256, .box_w = 16, .box_h = 16, .ofs_x = 0, .ofs_y = -3},
    {.bitmap_index = 87125, .adv_w = 256, .box_w = 17, .box_h = 16, .ofs_x = 0, .ofs_y = -3},
    {.bitmap_index = 87261, .adv_w = 256, .box_w = 16, .box_h = 16, .ofs_x = 0, .ofs_y = -3},
    {.bitmap_index = 87389, .adv_w = 256, .box_w = 16, .box_h = 16, .ofs_x = 0, .ofs_y = -2},
    {.bitmap_index = 87517, .adv_w = 256, .box_w = 16, .box_h = 16, .ofs_x = 0, .ofs_y = -2},
    {.bitmap_index = 87645, .adv_w = 256, .box_w = 17, .box_h = 17, .ofs_x = 0, .ofs_y = -3},
    {.bitmap_index = 87790, .adv_w = 256, .box_w = 17, .box_h = 17, .ofs_x = 0, .ofs_y = -3},
    {.bitmap_index = 87935, .adv_w = 256, .box_w = 16, .box_h = 16, .ofs_x = 0, .ofs_y = -2},
    {.bitmap_index = 88063, .adv_w = 256, .box_w = 16, .box_h = 17, .ofs_x = 0, .ofs_y = -3},
    {.bitmap_index = 88199, .adv_w = 256, .box_w = 16, .box_h = 16, .ofs_x = 0, .ofs_y = -2},
    {.bitmap_index = 88327, .adv_w = 256, .box_w = 16, .box_h = 16, .ofs_x = 0, .ofs_y = -2},
    {.bitmap_index = 88455, .adv_w = 256, .box_w = 16, .box_h = 17, .ofs_x = 0, .ofs_y = -3},
    {.bitmap_index = 88591, .adv_w = 256, .box_w = 16, .box_h = 17, .ofs_x = 0, .ofs_y = -3},
    {.bitmap_index = 88727, .adv_w = 256, .box_w = 16, .box_h = 17, .ofs_x = 0, .ofs_y = -3},
    {.bitmap_index = 88863, .adv_w = 256, .box_w = 17, .box_h = 17, .ofs_x = -1, .ofs_y = -3},
    {.bitmap_index = 89008, .adv_w = 256, .box_w = 16, .box_h = 17, .ofs_x = 0, .ofs_y = -3},
    {.bitmap_index = 89144, .adv_w = 256, .box_w = 16, .box_h = 16, .ofs_x = 0, .ofs_y = -2},
    {.bitmap_index = 89272, .adv_w = 256, .box_w = 16, .box_h = 17, .ofs_x = 0, .ofs_y = -3},
    {.bitmap_index = 89408, .adv_w = 256, .box_w = 16, .box_h = 16, .ofs_x = 0, .ofs_y = -2},
    {.bitmap_index = 89536, .adv_w = 256, .box_w = 17, .box_h = 16, .ofs_x = -1, .ofs_y = -2},
    {.bitmap_index = 89672, .adv_w = 256, .box_w = 16, .box_h = 16, .ofs_x = 0, .ofs_y = -2},
    {.bitmap_index = 89800, .adv_w = 256, .box_w = 17, .box_h = 16, .ofs_x = 0, .ofs_y = -2},
    {.bitmap_index = 89936, .adv_w = 256, .box_w = 16, .box_h = 16, .ofs_x = 0, .ofs_y = -2},
    {.bitmap_index = 90064, .adv_w = 256, .box_w = 16, .box_h = 16, .ofs_x = 0, .ofs_y = -2},
    {.bitmap_index = 90192, .adv_w = 256, .box_w = 16, .box_h = 16, .ofs_x = 0, .ofs_y = -2},
    {.bitmap_index = 90320, .adv_w = 256, .box_w = 16, .box_h = 16, .ofs_x = 0, .ofs_y = -2},
    {.bitmap_index = 90448, .adv_w = 256, .box_w = 16, .box_h = 17, .ofs_x = 0, .ofs_y = -3},
    {.bitmap_index = 90584, .adv_w = 256, .box_w = 16, .box_h = 17, .ofs_x = 0, .ofs_y = -3},
    {.bitmap_index = 90720, .adv_w = 256, .box_w = 17, .box_h = 17, .ofs_x = -1, .ofs_y = -3},
    {.bitmap_index = 90865, .adv_w = 256, .box_w = 16, .box_h = 16, .ofs_x = 0, .ofs_y = -2},
    {.bitmap_index = 90993, .adv_w = 256, .box_w = 17, .box_h = 17, .ofs_x = -1, .ofs_y = -3},
    {.bitmap_index = 91138, .adv_w = 256, .box_w = 9, .box_h = 17, .ofs_x = 0, .ofs_y = -3},
    {.bitmap_index = 91215, .adv_w = 256, .box_w = 17, .box_h = 16, .ofs_x = -1, .ofs_y = -3},
    {.bitmap_index = 91351, .adv_w = 256, .box_w = 17, .box_h = 16, .ofs_x = -1, .ofs_y = -2},
    {.bitmap_index = 91487, .adv_w = 256, .box_w = 16, .box_h = 17, .ofs_x = -1, .ofs_y = -3},
    {.bitmap_index = 91623, .adv_w = 256, .box_w = 17, .box_h = 16, .ofs_x = -1, .ofs_y = -2},
    {.bitmap_index = 91759, .adv_w = 256, .box_w = 16, .box_h = 17, .ofs_x = 0, .ofs_y = -3},
    {.bitmap_index = 91895, .adv_w = 256, .box_w = 17, .box_h = 16, .ofs_x = 0, .ofs_y = -2},
    {.bitmap_index = 92031, .adv_w = 256, .box_w = 16, .box_h = 17, .ofs_x = 0, .ofs_y = -3},
    {.bitmap_index = 92167, .adv_w = 256, .box_w = 16, .box_h = 17, .ofs_x = 0, .ofs_y = -3},
    {.bitmap_index = 92303, .adv_w = 256, .box_w = 16, .box_h = 17, .ofs_x = -1, .ofs_y = -3},
    {.bitmap_index = 92439, .adv_w = 256, .box_w = 16, .box_h = 16, .ofs_x = 0, .ofs_y = -2},
    {.bitmap_index = 92567, .adv_w = 256, .box_w = 16, .box_h = 17, .ofs_x = 0, .ofs_y = -3},
    {.bitmap_index = 92703, .adv_w = 256, .box_w = 16, .box_h = 16, .ofs_x = 0, .ofs_y = -2},
    {.bitmap_index = 92831, .adv_w = 256, .box_w = 16, .box_h = 16, .ofs_x = 0, .ofs_y = -2},
    {.bitmap_index = 92959, .adv_w = 256, .box_w = 16, .box_h = 16, .ofs_x = 0, .ofs_y = -2},
    {.bitmap_index = 93087, .adv_w = 256, .box_w = 16, .box_h = 17, .ofs_x = 0, .ofs_y = -3},
    {.bitmap_index = 93223, .adv_w = 256, .box_w = 16, .box_h = 17, .ofs_x = 0, .ofs_y = -3},
    {.bitmap_index = 93359, .adv_w = 256, .box_w = 16, .box_h = 17, .ofs_x = 0, .ofs_y = -3},
    {.bitmap_index = 93495, .adv_w = 256, .box_w = 16, .box_h = 17, .ofs_x = 0, .ofs_y = -3},
    {.bitmap_index = 93631, .adv_w = 256, .box_w = 16, .box_h = 16, .ofs_x = 0, .ofs_y = -2},
    {.bitmap_index = 93759, .adv_w = 256, .box_w = 16, .box_h = 16, .ofs_x = 0, .ofs_y = -2},
    {.bitmap_index = 93887, .adv_w = 256, .box_w = 17, .box_h = 17, .ofs_x = 0, .ofs_y = -3},
    {.bitmap_index = 94032, .adv_w = 256, .box_w = 16, .box_h = 16, .ofs_x = 0, .ofs_y = -2},
    {.bitmap_index = 94160, .adv_w = 256, .box_w = 16, .box_h = 16, .ofs_x = 0, .ofs_y = -2},
    {.bitmap_index = 94288, .adv_w = 256, .box_w = 16, .box_h = 16, .ofs_x = 0, .ofs_y = -2},
    {.bitmap_index = 94416, .adv_w = 256, .box_w = 16, .box_h = 17, .ofs_x = 0, .ofs_y = -3},
    {.bitmap_index = 94552, .adv_w = 256, .box_w = 16, .box_h = 16, .ofs_x = 0, .ofs_y = -2},
    {.bitmap_index = 94680, .adv_w = 256, .box_w = 16, .box_h = 16, .ofs_x = 0, .ofs_y = -2},
    {.bitmap_index = 94808, .adv_w = 256, .box_w = 17, .box_h = 17, .ofs_x = 0, .ofs_y = -3},
    {.bitmap_index = 94953, .adv_w = 256, .box_w = 16, .box_h = 17, .ofs_x = 0, .ofs_y = -3},
    {.bitmap_index = 95089, .adv_w = 256, .box_w = 16, .box_h = 16, .ofs_x = 0, .ofs_y = -2},
    {.bitmap_index = 95217, .adv_w = 256, .box_w = 17, .box_h = 16, .ofs_x = 0, .ofs_y = -2},
    {.bitmap_index = 95353, .adv_w = 256, .box_w = 16, .box_h = 17, .ofs_x = 0, .ofs_y = -3},
    {.bitmap_index = 95489, .adv_w = 256, .box_w = 17, .box_h = 17, .ofs_x = 0, .ofs_y = -3},
    {.bitmap_index = 95634, .adv_w = 256, .box_w = 16, .box_h = 16, .ofs_x = 0, .ofs_y = -2},
    {.bitmap_index = 95762, .adv_w = 256, .box_w = 16, .box_h = 17, .ofs_x = 0, .ofs_y = -3},
    {.bitmap_index = 95898, .adv_w = 256, .box_w = 16, .box_h = 17, .ofs_x = 0, .ofs_y = -3},
    {.bitmap_index = 96034, .adv_w = 256, .box_w = 17, .box_h = 17, .ofs_x = 0, .ofs_y = -3},
    {.bitmap_index = 96179, .adv_w = 256, .box_w = 16, .box_h = 17, .ofs_x = 0, .ofs_y = -3},
    {.bitmap_index = 96315, .adv_w = 256, .box_w = 16, .box_h = 17, .ofs_x = 0, .ofs_y = -3},
    {.bitmap_index = 96451, .adv_w = 256, .box_w = 17, .box_h = 16, .ofs_x = 0, .ofs_y = -2},
    {.bitmap_index = 96587, .adv_w = 256, .box_w = 16, .box_h = 17, .ofs_x = 0, .ofs_y = -3},
    {.bitmap_index = 96723, .adv_w = 256, .box_w = 17, .box_h = 17, .ofs_x = 0, .ofs_y = -3},
    {.bitmap_index = 96868, .adv_w = 256, .box_w = 16, .box_h = 16, .ofs_x = 0, .ofs_y = -2},
    {.bitmap_index = 96996, .adv_w = 256, .box_w = 16, .box_h = 16, .ofs_x = 0, .ofs_y = -2},
    {.bitmap_index = 97124, .adv_w = 256, .box_w = 17, .box_h = 17, .ofs_x = -1, .ofs_y = -3},
    {.bitmap_index = 97269, .adv_w = 256, .box_w = 17, .box_h = 17, .ofs_x = -1, .ofs_y = -3},
    {.bitmap_index = 97414, .adv_w = 256, .box_w = 16, .box_h = 17, .ofs_x = 0, .ofs_y = -3},
    {.bitmap_index = 97550, .adv_w = 256, .box_w = 16, .box_h = 17, .ofs_x = 0, .ofs_y = -3},
    {.bitmap_index = 97686, .adv_w = 256, .box_w = 16, .box_h = 16, .ofs_x = 0, .ofs_y = -2},
    {.bitmap_index = 97814, .adv_w = 256, .box_w = 15, .box_h = 16, .ofs_x = 0, .ofs_y = -2},
    {.bitmap_index = 97934, .adv_w = 256, .box_w = 16, .box_h = 16, .ofs_x = -1, .ofs_y = -2},
    {.bitmap_index = 98062, .adv_w = 256, .box_w = 17, .box_h = 17, .ofs_x = 0, .ofs_y = -3},
    {.bitmap_index = 98207, .adv_w = 256, .box_w = 16, .box_h = 16, .ofs_x = 0, .ofs_y = -2},
    {.bitmap_index = 98335, .adv_w = 256, .box_w = 16, .box_h = 17, .ofs_x = 0, .ofs_y = -3},
    {.bitmap_index = 98471, .adv_w = 256, .box_w = 16, .box_h = 17, .ofs_x = 0, .ofs_y = -3},
    {.bitmap_index = 98607, .adv_w = 256, .box_w = 16, .box_h = 16, .ofs_x = 0, .ofs_y = -2},
    {.bitmap_index = 98735, .adv_w = 256, .box_w = 16, .box_h = 16, .ofs_x = 0, .ofs_y = -2},
    {.bitmap_index = 98863, .adv_w = 256, .box_w = 16, .box_h = 16, .ofs_x = 0, .ofs_y = -2},
    {.bitmap_index = 98991, .adv_w = 256, .box_w = 17, .box_h = 16, .ofs_x = 0, .ofs_y = -2},
    {.bitmap_index = 99127, .adv_w = 256, .box_w = 16, .box_h = 17, .ofs_x = 0, .ofs_y = -3},
    {.bitmap_index = 99263, .adv_w = 256, .box_w = 16, .box_h = 16, .ofs_x = 0, .ofs_y = -2},
    {.bitmap_index = 99391, .adv_w = 256, .box_w = 16, .box_h = 17, .ofs_x = 0, .ofs_y = -3},
    {.bitmap_index = 99527, .adv_w = 256, .box_w = 16, .box_h = 17, .ofs_x = 0, .ofs_y = -3},
    {.bitmap_index = 99663, .adv_w = 256, .box_w = 15, .box_h = 17, .ofs_x = 0, .ofs_y = -3},
    {.bitmap_index = 99791, .adv_w = 256, .box_w = 16, .box_h = 17, .ofs_x = 0, .ofs_y = -3},
    {.bitmap_index = 99927, .adv_w = 256, .box_w = 16, .box_h = 17, .ofs_x = 0, .ofs_y = -3},
    {.bitmap_index = 100063, .adv_w = 256, .box_w = 16, .box_h = 17, .ofs_x = 0, .ofs_y = -3},
    {.bitmap_index = 100199, .adv_w = 256, .box_w = 17, .box_h = 16, .ofs_x = -1, .ofs_y = -2},
    {.bitmap_index = 100335, .adv_w = 256, .box_w = 17, .box_h = 17, .ofs_x = 0, .ofs_y = -3},
    {.bitmap_index = 100480, .adv_w = 256, .box_w = 16, .box_h = 16, .ofs_x = 0, .ofs_y = -2},
    {.bitmap_index = 100608, .adv_w = 256, .box_w = 16, .box_h = 16, .ofs_x = 0, .ofs_y = -2},
    {.bitmap_index = 100736, .adv_w = 256, .box_w = 17, .box_h = 16, .ofs_x = 0, .ofs_y = -2},
    {.bitmap_index = 100872, .adv_w = 256, .box_w = 17, .box_h = 16, .ofs_x = -1, .ofs_y = -2},
    {.bitmap_index = 101008, .adv_w = 256, .box_w = 16, .box_h = 17, .ofs_x = 0, .ofs_y = -3},
    {.bitmap_index = 101144, .adv_w = 256, .box_w = 17, .box_h = 16, .ofs_x = -1, .ofs_y = -2},
    {.bitmap_index = 101280, .adv_w = 256, .box_w = 16, .box_h = 17, .ofs_x = 0, .ofs_y = -3},
    {.bitmap_index = 101416, .adv_w = 256, .box_w = 16, .box_h = 17, .ofs_x = 0, .ofs_y = -3},
    {.bitmap_index = 101552, .adv_w = 256, .box_w = 15, .box_h = 17, .ofs_x = 0, .ofs_y = -3},
    {.bitmap_index = 101680, .adv_w = 256, .box_w = 16, .box_h = 17, .ofs_x = 0, .ofs_y = -3},
    {.bitmap_index = 101816, .adv_w = 256, .box_w = 17, .box_h = 16, .ofs_x = 0, .ofs_y = -2},
    {.bitmap_index = 101952, .adv_w = 256, .box_w = 17, .box_h = 16, .ofs_x = -1, .ofs_y = -3},
    {.bitmap_index = 102088, .adv_w = 256, .box_w = 16, .box_h = 16, .ofs_x = -1, .ofs_y = -3},
    {.bitmap_index = 102216, .adv_w = 256, .box_w = 16, .box_h = 17, .ofs_x = 0, .ofs_y = -3},
    {.bitmap_index = 102352, .adv_w = 256, .box_w = 16, .box_h = 16, .ofs_x = 0, .ofs_y = -2},
    {.bitmap_index = 102480, .adv_w = 256, .box_w = 17, .box_h = 16, .ofs_x = -1, .ofs_y = -2},
    {.bitmap_index = 102616, .adv_w = 256, .box_w = 16, .box_h = 17, .ofs_x = 0, .ofs_y = -3},
    {.bitmap_index = 102752, .adv_w = 256, .box_w = 16, .box_h = 17, .ofs_x = 0, .ofs_y = -3},
    {.bitmap_index = 102888, .adv_w = 256, .box_w = 17, .box_h = 16, .ofs_x = -1, .ofs_y = -2},
    {.bitmap_index = 103024, .adv_w = 256, .box_w = 17, .box_h = 17, .ofs_x = 0, .ofs_y = -3},
    {.bitmap_index = 103169, .adv_w = 256, .box_w = 15, .box_h = 15, .ofs_x = 0, .ofs_y = -2},
    {.bitmap_index = 103282, .adv_w = 256, .box_w = 17, .box_h = 17, .ofs_x = 0, .ofs_y = -3},
    {.bitmap_index = 103427, .adv_w = 256, .box_w = 17, .box_h = 16, .ofs_x = -1, .ofs_y = -2},
    {.bitmap_index = 103563, .adv_w = 256, .box_w = 17, .box_h = 17, .ofs_x = -1, .ofs_y = -3},
    {.bitmap_index = 103708, .adv_w = 256, .box_w = 16, .box_h = 17, .ofs_x = 0, .ofs_y = -3},
    {.bitmap_index = 103844, .adv_w = 256, .box_w = 17, .box_h = 16, .ofs_x = -1, .ofs_y = -2},
    {.bitmap_index = 103980, .adv_w = 256, .box_w = 16, .box_h = 17, .ofs_x = 0, .ofs_y = -3},
    {.bitmap_index = 104116, .adv_w = 256, .box_w = 17, .box_h = 16, .ofs_x = -1, .ofs_y = -2},
    {.bitmap_index = 104252, .adv_w = 256, .box_w = 16, .box_h = 17, .ofs_x = 0, .ofs_y = -3},
    {.bitmap_index = 104388, .adv_w = 256, .box_w = 17, .box_h = 16, .ofs_x = -1, .ofs_y = -2},
    {.bitmap_index = 104524, .adv_w = 256, .box_w = 16, .box_h = 17, .ofs_x = 0, .ofs_y = -3},
    {.bitmap_index = 104660, .adv_w = 256, .box_w = 16, .box_h = 17, .ofs_x = 0, .ofs_y = -3},
    {.bitmap_index = 104796, .adv_w = 256, .box_w = 17, .box_h = 16, .ofs_x = -1, .ofs_y = -2},
    {.bitmap_index = 104932, .adv_w = 256, .box_w = 16, .box_h = 17, .ofs_x = 0, .ofs_y = -3},
    {.bitmap_index = 105068, .adv_w = 256, .box_w = 17, .box_h = 17, .ofs_x = -1, .ofs_y = -3},
    {.bitmap_index = 105213, .adv_w = 256, .box_w = 17, .box_h = 17, .ofs_x = -1, .ofs_y = -3},
    {.bitmap_index = 105358, .adv_w = 256, .box_w = 16, .box_h = 17, .ofs_x = 0, .ofs_y = -3},
    {.bitmap_index = 105494, .adv_w = 256, .box_w = 16, .box_h = 17, .ofs_x = 0, .ofs_y = -3},
    {.bitmap_index = 105630, .adv_w = 256, .box_w = 15, .box_h = 16, .ofs_x = 0, .ofs_y = -3},
    {.bitmap_index = 105750, .adv_w = 256, .box_w = 16, .box_h = 17, .ofs_x = 0, .ofs_y = -3},
    {.bitmap_index = 105886, .adv_w = 256, .box_w = 16, .box_h = 16, .ofs_x = 0, .ofs_y = -2},
    {.bitmap_index = 106014, .adv_w = 256, .box_w = 16, .box_h = 17, .ofs_x = 0, .ofs_y = -3},
    {.bitmap_index = 106150, .adv_w = 256, .box_w = 16, .box_h = 17, .ofs_x = 0, .ofs_y = -3},
    {.bitmap_index = 106286, .adv_w = 256, .box_w = 16, .box_h = 16, .ofs_x = 0, .ofs_y = -2},
    {.bitmap_index = 106414, .adv_w = 256, .box_w = 16, .box_h = 16, .ofs_x = 0, .ofs_y = -2},
    {.bitmap_index = 106542, .adv_w = 256, .box_w = 16, .box_h = 17, .ofs_x = 0, .ofs_y = -3},
    {.bitmap_index = 106678, .adv_w = 256, .box_w = 17, .box_h = 16, .ofs_x = 0, .ofs_y = -2},
    {.bitmap_index = 106814, .adv_w = 256, .box_w = 17, .box_h = 16, .ofs_x = -1, .ofs_y = -3},
    {.bitmap_index = 106950, .adv_w = 256, .box_w = 16, .box_h = 16, .ofs_x = 0, .ofs_y = -2},
    {.bitmap_index = 107078, .adv_w = 256, .box_w = 16, .box_h = 17, .ofs_x = 0, .ofs_y = -3},
    {.bitmap_index = 107214, .adv_w = 256, .box_w = 16, .box_h = 17, .ofs_x = 0, .ofs_y = -3},
    {.bitmap_index = 107350, .adv_w = 256, .box_w = 16, .box_h = 17, .ofs_x = 0, .ofs_y = -3},
    {.bitmap_index = 107486, .adv_w = 256, .box_w = 16, .box_h = 17, .ofs_x = 0, .ofs_y = -3},
    {.bitmap_index = 107622, .adv_w = 256, .box_w = 16, .box_h = 17, .ofs_x = 0, .ofs_y = -3},
    {.bitmap_index = 107758, .adv_w = 256, .box_w = 17, .box_h = 17, .ofs_x = 0, .ofs_y = -3},
    {.bitmap_index = 107903, .adv_w = 256, .box_w = 16, .box_h = 16, .ofs_x = 0, .ofs_y = -2},
    {.bitmap_index = 108031, .adv_w = 256, .box_w = 17, .box_h = 17, .ofs_x = -1, .ofs_y = -3},
    {.bitmap_index = 108176, .adv_w = 256, .box_w = 16, .box_h = 17, .ofs_x = 0, .ofs_y = -3},
    {.bitmap_index = 108312, .adv_w = 256, .box_w = 16, .box_h = 16, .ofs_x = 0, .ofs_y = -2},
    {.bitmap_index = 108440, .adv_w = 256, .box_w = 16, .box_h = 17, .ofs_x = 0, .ofs_y = -3},
    {.bitmap_index = 108576, .adv_w = 256, .box_w = 16, .box_h = 17, .ofs_x = 0, .ofs_y = -3},
    {.bitmap_index = 108712, .adv_w = 256, .box_w = 16, .box_h = 16, .ofs_x = 0, .ofs_y = -2},
    {.bitmap_index = 108840, .adv_w = 256, .box_w = 17, .box_h = 16, .ofs_x = -1, .ofs_y = -2},
    {.bitmap_index = 108976, .adv_w = 256, .box_w = 16, .box_h = 17, .ofs_x = 0, .ofs_y = -3},
    {.bitmap_index = 109112, .adv_w = 256, .box_w = 16, .box_h = 17, .ofs_x = 0, .ofs_y = -3},
    {.bitmap_index = 109248, .adv_w = 256, .box_w = 16, .box_h = 16, .ofs_x = 0, .ofs_y = -2},
    {.bitmap_index = 109376, .adv_w = 256, .box_w = 16, .box_h = 16, .ofs_x = 0, .ofs_y = -2},
    {.bitmap_index = 109504, .adv_w = 256, .box_w = 17, .box_h = 16, .ofs_x = -1, .ofs_y = -2},
    {.bitmap_index = 109640, .adv_w = 256, .box_w = 16, .box_h = 17, .ofs_x = 0, .ofs_y = -3},
    {.bitmap_index = 109776, .adv_w = 256, .box_w = 16, .box_h = 17, .ofs_x = 0, .ofs_y = -3},
    {.bitmap_index = 109912, .adv_w = 256, .box_w = 16, .box_h = 16, .ofs_x = 0, .ofs_y = -2},
    {.bitmap_index = 110040, .adv_w = 256, .box_w = 16, .box_h = 16, .ofs_x = 0, .ofs_y = -3},
    {.bitmap_index = 110168, .adv_w = 256, .box_w = 17, .box_h = 16, .ofs_x = -1, .ofs_y = -3},
    {.bitmap_index = 110304, .adv_w = 256, .box_w = 16, .box_h = 17, .ofs_x = 0, .ofs_y = -3},
    {.bitmap_index = 110440, .adv_w = 256, .box_w = 16, .box_h = 17, .ofs_x = 0, .ofs_y = -3},
    {.bitmap_index = 110576, .adv_w = 256, .box_w = 16, .box_h = 17, .ofs_x = 0, .ofs_y = -3},
    {.bitmap_index = 110712, .adv_w = 256, .box_w = 17, .box_h = 17, .ofs_x = -1, .ofs_y = -3},
    {.bitmap_index = 110857, .adv_w = 256, .box_w = 16, .box_h = 17, .ofs_x = 0, .ofs_y = -3},
    {.bitmap_index = 110993, .adv_w = 256, .box_w = 16, .box_h = 16, .ofs_x = 0, .ofs_y = -3},
    {.bitmap_index = 111121, .adv_w = 256, .box_w = 16, .box_h = 16, .ofs_x = 0, .ofs_y = -3},
    {.bitmap_index = 111249, .adv_w = 256, .box_w = 16, .box_h = 17, .ofs_x = 0, .ofs_y = -3},
    {.bitmap_index = 111385, .adv_w = 256, .box_w = 17, .box_h = 16, .ofs_x = -1, .ofs_y = -3},
    {.bitmap_index = 111521, .adv_w = 256, .box_w = 16, .box_h = 17, .ofs_x = 0, .ofs_y = -3},
    {.bitmap_index = 111657, .adv_w = 256, .box_w = 16, .box_h = 16, .ofs_x = 0, .ofs_y = -3},
    {.bitmap_index = 111785, .adv_w = 256, .box_w = 16, .box_h = 16, .ofs_x = 0, .ofs_y = -3},
    {.bitmap_index = 111913, .adv_w = 256, .box_w = 16, .box_h = 16, .ofs_x = 0, .ofs_y = -3},
    {.bitmap_index = 112041, .adv_w = 256, .box_w = 16, .box_h = 16, .ofs_x = 0, .ofs_y = -2},
    {.bitmap_index = 112169, .adv_w = 256, .box_w = 17, .box_h = 17, .ofs_x = 0, .ofs_y = -3},
    {.bitmap_index = 112314, .adv_w = 256, .box_w = 16, .box_h = 16, .ofs_x = 0, .ofs_y = -3},
    {.bitmap_index = 112442, .adv_w = 256, .box_w = 16, .box_h = 16, .ofs_x = 0, .ofs_y = -3},
    {.bitmap_index = 112570, .adv_w = 256, .box_w = 16, .box_h = 17, .ofs_x = 0, .ofs_y = -3},
    {.bitmap_index = 112706, .adv_w = 256, .box_w = 16, .box_h = 17, .ofs_x = 0, .ofs_y = -3},
    {.bitmap_index = 112842, .adv_w = 256, .box_w = 16, .box_h = 16, .ofs_x = 0, .ofs_y = -3},
    {.bitmap_index = 112970, .adv_w = 256, .box_w = 16, .box_h = 17, .ofs_x = 0, .ofs_y = -3},
    {.bitmap_index = 113106, .adv_w = 256, .box_w = 16, .box_h = 17, .ofs_x = 0, .ofs_y = -3},
    {.bitmap_index = 113242, .adv_w = 256, .box_w = 16, .box_h = 17, .ofs_x = 0, .ofs_y = -3},
    {.bitmap_index = 113378, .adv_w = 256, .box_w = 15, .box_h = 17, .ofs_x = 0, .ofs_y = -3},
    {.bitmap_index = 113506, .adv_w = 256, .box_w = 16, .box_h = 17, .ofs_x = 0, .ofs_y = -3},
    {.bitmap_index = 113642, .adv_w = 256, .box_w = 15, .box_h = 17, .ofs_x = 0, .ofs_y = -3},
    {.bitmap_index = 113770, .adv_w = 256, .box_w = 16, .box_h = 17, .ofs_x = 0, .ofs_y = -3},
    {.bitmap_index = 113906, .adv_w = 256, .box_w = 17, .box_h = 17, .ofs_x = -1, .ofs_y = -3},
    {.bitmap_index = 114051, .adv_w = 256, .box_w = 16, .box_h = 17, .ofs_x = 0, .ofs_y = -3},
    {.bitmap_index = 114187, .adv_w = 256, .box_w = 15, .box_h = 17, .ofs_x = 0, .ofs_y = -3},
    {.bitmap_index = 114315, .adv_w = 256, .box_w = 16, .box_h = 17, .ofs_x = 0, .ofs_y = -3},
    {.bitmap_index = 114451, .adv_w = 256, .box_w = 16, .box_h = 17, .ofs_x = 0, .ofs_y = -3},
    {.bitmap_index = 114587, .adv_w = 256, .box_w = 16, .box_h = 17, .ofs_x = 0, .ofs_y = -3},
    {.bitmap_index = 114723, .adv_w = 256, .box_w = 16, .box_h = 17, .ofs_x = 0, .ofs_y = -3},
    {.bitmap_index = 114859, .adv_w = 256, .box_w = 16, .box_h = 17, .ofs_x = 0, .ofs_y = -3},
    {.bitmap_index = 114995, .adv_w = 256, .box_w = 16, .box_h = 17, .ofs_x = 0, .ofs_y = -3},
    {.bitmap_index = 115131, .adv_w = 256, .box_w = 16, .box_h = 17, .ofs_x = 0, .ofs_y = -3},
    {.bitmap_index = 115267, .adv_w = 256, .box_w = 16, .box_h = 17, .ofs_x = 0, .ofs_y = -3},
    {.bitmap_index = 115403, .adv_w = 256, .box_w = 16, .box_h = 17, .ofs_x = 0, .ofs_y = -3},
    {.bitmap_index = 115539, .adv_w = 256, .box_w = 16, .box_h = 16, .ofs_x = 0, .ofs_y = -2},
    {.bitmap_index = 115667, .adv_w = 256, .box_w = 16, .box_h = 17, .ofs_x = 0, .ofs_y = -3},
    {.bitmap_index = 115803, .adv_w = 256, .box_w = 16, .box_h = 17, .ofs_x = 0, .ofs_y = -3},
    {.bitmap_index = 115939, .adv_w = 256, .box_w = 17, .box_h = 17, .ofs_x = -1, .ofs_y = -3},
    {.bitmap_index = 116084, .adv_w = 256, .box_w = 16, .box_h = 17, .ofs_x = 0, .ofs_y = -3},
    {.bitmap_index = 116220, .adv_w = 256, .box_w = 16, .box_h = 17, .ofs_x = 0, .ofs_y = -3},
    {.bitmap_index = 116356, .adv_w = 256, .box_w = 15, .box_h = 17, .ofs_x = 0, .ofs_y = -3},
    {.bitmap_index = 116484, .adv_w = 256, .box_w = 16, .box_h = 17, .ofs_x = 0, .ofs_y = -3},
    {.bitmap_index = 116620, .adv_w = 256, .box_w = 16, .box_h = 17, .ofs_x = 0, .ofs_y = -3},
    {.bitmap_index = 116756, .adv_w = 256, .box_w = 16, .box_h = 17, .ofs_x = 0, .ofs_y = -3},
    {.bitmap_index = 116892, .adv_w = 256, .box_w = 17, .box_h = 17, .ofs_x = -1, .ofs_y = -3},
    {.bitmap_index = 117037, .adv_w = 256, .box_w = 17, .box_h = 16, .ofs_x = -1, .ofs_y = -2},
    {.bitmap_index = 117173, .adv_w = 256, .box_w = 16, .box_h = 17, .ofs_x = 0, .ofs_y = -3},
    {.bitmap_index = 117309, .adv_w = 256, .box_w = 16, .box_h = 17, .ofs_x = 0, .ofs_y = -3},
    {.bitmap_index = 117445, .adv_w = 256, .box_w = 16, .box_h = 16, .ofs_x = 0, .ofs_y = -2},
    {.bitmap_index = 117573, .adv_w = 256, .box_w = 16, .box_h = 17, .ofs_x = 0, .ofs_y = -3},
    {.bitmap_index = 117709, .adv_w = 256, .box_w = 16, .box_h = 17, .ofs_x = 0, .ofs_y = -3},
    {.bitmap_index = 117845, .adv_w = 256, .box_w = 16, .box_h = 17, .ofs_x = 0, .ofs_y = -3},
    {.bitmap_index = 117981, .adv_w = 256, .box_w = 17, .box_h = 17, .ofs_x = -1, .ofs_y = -3},
    {.bitmap_index = 118126, .adv_w = 256, .box_w = 16, .box_h = 17, .ofs_x = -1, .ofs_y = -3},
    {.bitmap_index = 118262, .adv_w = 256, .box_w = 17, .box_h = 17, .ofs_x = -1, .ofs_y = -3},
    {.bitmap_index = 118407, .adv_w = 256, .box_w = 17, .box_h = 17, .ofs_x = -1, .ofs_y = -3},
    {.bitmap_index = 118552, .adv_w = 256, .box_w = 16, .box_h = 17, .ofs_x = 0, .ofs_y = -3},
    {.bitmap_index = 118688, .adv_w = 256, .box_w = 16, .box_h = 17, .ofs_x = 0, .ofs_y = -3},
    {.bitmap_index = 118824, .adv_w = 256, .box_w = 16, .box_h = 17, .ofs_x = 0, .ofs_y = -3},
    {.bitmap_index = 118960, .adv_w = 256, .box_w = 17, .box_h = 16, .ofs_x = -1, .ofs_y = -3},
    {.bitmap_index = 119096, .adv_w = 256, .box_w = 16, .box_h = 17, .ofs_x = 0, .ofs_y = -3},
    {.bitmap_index = 119232, .adv_w = 256, .box_w = 16, .box_h = 17, .ofs_x = 0, .ofs_y = -3},
    {.bitmap_index = 119368, .adv_w = 256, .box_w = 16, .box_h = 17, .ofs_x = 0, .ofs_y = -3},
    {.bitmap_index = 119504, .adv_w = 256, .box_w = 16, .box_h = 17, .ofs_x = 0, .ofs_y = -3},
    {.bitmap_index = 119640, .adv_w = 256, .box_w = 17, .box_h = 17, .ofs_x = 0, .ofs_y = -3}
};

/*---------------------
 *  CHARACTER MAPPING
 *--------------------*/

static const uint16_t unicode_list_0[] = {
    0x0, 0x590, 0x59a, 0x644, 0x31f0, 0x3827, 0x3a8f, 0x3d21,
    0x3f1a, 0x3faa, 0x3fab, 0x4016, 0x401b, 0x4033, 0x4034, 0x4037,
    0x403d, 0x4041, 0x4085, 0x40e0, 0x40e7, 0x4137, 0x4177, 0x4183,
    0x41a5, 0x41ab, 0x41e0, 0x41e5, 0x41f1, 0x41f5, 0x41f9, 0x41fb,
    0x41fc, 0x41fe, 0x41ff, 0x4206, 0x4217, 0x4218, 0x421d, 0x4222,
    0x4223, 0x42e2, 0x430c, 0x438a, 0x4419, 0x44b2, 0x450e, 0x450f,
    0x452f, 0x4545, 0x456a, 0x456d, 0x4585, 0x4596, 0x459d, 0x459e,
    0x45a0, 0x45a6, 0x45a8, 0x45ac, 0x45b0, 0x45c8, 0x45c9, 0x45ca,
    0x45da, 0x45dd, 0x45e4, 0x45ef, 0x45f3, 0x45f7, 0x460b, 0x460e,
    0x460f, 0x4610, 0x461b, 0x4629, 0x462e, 0x4630, 0x4631, 0x4639,
    0x463b, 0x4651, 0x465e, 0x4666, 0x4677, 0x4681, 0x4698, 0x46b5,
    0x46b6, 0x46c0, 0x46c3, 0x46d1, 0x46e4, 0x46ea, 0x46ef, 0x4700,
    0x474c, 0x4a02, 0x4a0f, 0x4a17, 0x4a18, 0x4a2a, 0x4a32, 0x4a35,
    0x4a53, 0x4a56, 0x4a68, 0x4a6a, 0x4a6b, 0x4a71, 0x4a7a, 0x4a83,
    0x4a85, 0x4afe, 0x4b11, 0x4b13, 0x4b1d, 0x4b20, 0x4b33, 0x4b5b,
    0x4b5c, 0x4b5e, 0x4b61, 0x4b67, 0x4b6c, 0x4b6d, 0x4b74, 0x4b75,
    0x4b7b, 0x4b84, 0x4b8d, 0x4b9c, 0x4bc4, 0x4bcd, 0x4bcf, 0x4bd3,
    0x4bd7, 0x4bdf, 0x4be0, 0x4be1, 0x4be7, 0x4bef, 0x4bf2, 0x4bf3,
    0x4bf4, 0x4bfb, 0x4bfe, 0x4c03, 0x4c04, 0x4c0c, 0x4c6d, 0x4cd0,
    0x4dd6, 0x4eaf, 0x5046, 0x505a, 0x505f, 0x5070, 0x5076, 0x5077,
    0x5085, 0x508b, 0x5091, 0x5095, 0x509a, 0x50a4, 0x50c2, 0x50ea,
    0x50ed, 0x50f0, 0x50f2, 0x5109, 0x510b, 0x511f, 0x5124, 0x5136,
    0x5140, 0x5142, 0x514c, 0x514d, 0x5152, 0x5154, 0x5172, 0x517a,
    0x5182, 0x518d, 0x518f, 0x5193, 0x51ae, 0x51ba, 0x51c1, 0x51d3,
    0x51f7, 0x5202, 0x520a, 0x5227, 0x522c, 0x5230, 0x5237, 0x5240,
    0x5248, 0x5249, 0x5258, 0x5259, 0x525e, 0x5265, 0x5267, 0x5269,
    0x526c, 0x5279, 0x5311, 0x532c, 0x54b8, 0x54ba, 0x54c9, 0x54ce,
    0x54d9, 0x54e9, 0x54eb, 0x54ed, 0x5506, 0x5514, 0x551a, 0x5522,
    0x5525, 0x5528, 0x5535, 0x554c, 0x5553, 0x555d, 0x5565, 0x556c,
    0x556e, 0x5570, 0x5577, 0x557a, 0x557d, 0x5586, 0x558a, 0x558b,
    0x558d, 0x558e, 0x5592, 0x559c, 0x559d, 0x559e, 0x55a7, 0x55b0,
    0x55bd, 0x55be, 0x55c0, 0x55c1, 0x55c2, 0x55c5, 0x55cb, 0x55d6,
    0x55d9, 0x55da, 0x55dd, 0x55df, 0x55e4, 0x55e6, 0x55ea, 0x55ef,
    0x55f1, 0x55f2, 0x55f3, 0x55f5, 0x55fa, 0x55fc, 0x55ff, 0x5607,
    0x560a, 0x560d, 0x560f, 0x5616, 0x5618, 0x5619, 0x561a, 0x561d,
    0x5627, 0x562e, 0x5630, 0x5636, 0x5638, 0x5645, 0x5649, 0x5662,
    0x5668, 0x566d, 0x5673, 0x567e, 0x568c, 0x568e, 0x56a7, 0x56bf,
    0x56cb, 0x56d3, 0x56de, 0x56e1, 0x56e2, 0x56e7, 0x56f3, 0x56f4,
    0x56fc, 0x5700, 0x5707, 0x570f, 0x5712, 0x571d, 0x5721, 0x572a,
    0x572b, 0x5734, 0x573c, 0x573f, 0x5742, 0x5757, 0x5759, 0x575a,
    0x5766, 0x5767, 0x576b, 0x5779, 0x577a, 0x578a, 0x578f, 0x5797,
    0x57b6, 0x57c1, 0x57c6, 0x57d0, 0x57d2, 0x57da, 0x57e3, 0x57eb,
    0x57f1, 0x57f2, 0x57f6, 0x57f7, 0x57f9, 0x57fd, 0x57ff, 0x5800,
    0x5803, 0x5806, 0x5807, 0x5813, 0x5814, 0x5815, 0x5816, 0x5821,
    0x5826, 0x5828, 0x582a, 0x5830, 0x5831, 0x5844, 0x5847, 0x5861,
    0x586d, 0x5874, 0x5875, 0x5876, 0x587b, 0x587d, 0x587f, 0x588c,
    0x5893, 0x58a3, 0x58ae, 0x58b3, 0x58c6, 0x58cc, 0x58ce, 0x58df,
    0x58ed, 0x58f8, 0x58fe, 0x590e, 0x5915, 0x591a, 0x5920, 0x5923,
    0x592d, 0x5931, 0x5934, 0x5935, 0x5936, 0x593a, 0x593c, 0x5941,
    0x5949, 0x5954, 0x595f, 0x5964, 0x5974, 0x5981, 0x598d, 0x59af,
    0x59bd, 0x59c5, 0x59c7, 0x59dc, 0x59dd, 0x59e0, 0x59ee, 0x59f8,
    0x5a11, 0x5a13, 0x5a2b, 0x5a4a, 0x5a52, 0x5a53, 0x5a5a, 0x5a60,
    0x5a62, 0x5a6f, 0x5a7a, 0x5a80, 0x5a82, 0x5a86, 0x5a87, 0x5a8d,
    0x5ac0, 0x5f32, 0x5f39, 0x5f3b, 0x5f42, 0x5f4b, 0x5f4e, 0x5f53,
    0x5f58, 0x5f5b, 0x5fa4, 0x5fde, 0x5fe0, 0x5fe5, 0x5fec, 0x5fee,
    0x5ff0, 0x5ff6, 0x5ffa, 0x5ffc, 0x5fff, 0x6000, 0x6001, 0x6002,
    0x6003, 0x600b, 0x600f, 0x601d, 0x6020, 0x6027, 0x602c, 0x6043,
    0x604b, 0x6059, 0x605a, 0x606d, 0x6076, 0x6079, 0x6085, 0x6087,
    0x608b, 0x608e, 0x6091, 0x6096, 0x6097, 0x609c, 0x609e, 0x60a7,
    0x60b1, 0x60b3, 0x60b5, 0x60b7, 0x60bf, 0x60c1, 0x60c2, 0x60c3,
    0x60c4, 0x60c5, 0x60c7, 0x60cb, 0x60cc, 0x60ce, 0x60d6, 0x60e7,
    0x60e8, 0x60ec, 0x60f2, 0x60f8, 0x6106, 0x610c, 0x6110, 0x6122,
    0x6126, 0x612d, 0x6133, 0x6134, 0x613a, 0x6141, 0x6143, 0x6147,
    0x614b, 0x614e, 0x6156, 0x6157, 0x615c, 0x6162, 0x616b, 0x617d,
    0x6180, 0x6184, 0x6195, 0x619b, 0x61a4, 0x61a6, 0x61c1, 0x6627,
    0x662e, 0x663c, 0x6646, 0x6648, 0x6654, 0x6655, 0x6656, 0x6659,
    0x6665, 0x6667, 0x666d, 0x6677, 0x667d, 0x6681, 0x6682, 0x6683,
    0x6684, 0x6686, 0x6689, 0x668a, 0x668b, 0x668e, 0x668f, 0x6690,
    0x6694, 0x669e, 0x66a3, 0x66a8, 0x66a9, 0x66aa, 0x66ab, 0x66b2,
    0x66b8, 0x66b9, 0x66c3, 0x66c7, 0x66cb, 0x66cc, 0x66cd, 0x66ce,
    0x66d2, 0x66dd, 0x66e1, 0x66e2, 0x66e3, 0x66e4, 0x66e7, 0x66ed,
    0x66f4, 0x66f8, 0x66fc, 0x66fd, 0x66ff, 0x6703, 0x6708, 0x670b,
    0x670e, 0x6711, 0x6715, 0x6718, 0x6719, 0x6722, 0x6726, 0x672d,
    0x6733, 0x673a, 0x673d, 0x673e, 0x673f, 0x6748, 0x674a, 0x6755,
    0x6756, 0x6757, 0x6758, 0x675c, 0x675d, 0x675f, 0x6762, 0x6765,
    0x676d, 0x6771, 0x6782, 0x6785, 0x6787, 0x6789, 0x67a0, 0x67ac,
    0x680c, 0x683e, 0x6843, 0x684c, 0x6857, 0x6859, 0x685c, 0x687c,
    0x6891, 0x6896, 0x68a0, 0x68a3, 0x68a8, 0x68bc, 0x68bd, 0x68bf,
    0x68c2, 0x68ca, 0x68cb, 0x68d6, 0x68d8, 0x68e4, 0x68ed, 0x68f3,
    0x68f4, 0x68f5, 0x68fb, 0x6905, 0x690e, 0x6910, 0x691b, 0x6940,
    0x6955, 0x695d, 0x69a1, 0x69a4, 0x69a5, 0x69a6, 0x69a8, 0x69a9,
    0x69aa, 0x69ab, 0x69cd, 0x6a22, 0x6c34, 0x6d0c, 0x6d0d, 0x6d10,
    0x6d15, 0x6d17, 0x6d1a, 0x6d1f, 0x6d20, 0x6d21, 0x6d22, 0x6d23,
    0x6d27, 0x6d2f, 0x6d33, 0x6ea8, 0x6f45, 0x6f47, 0x6f4b, 0x6f4c,
    0x6f4d, 0x6f4f, 0x6f50, 0x6f51, 0x6f52, 0x6f53, 0x6f54, 0x6f56,
    0x6f58, 0x6f5b, 0x6f5c, 0x6f5e, 0x6f61, 0x6f65, 0x6f67, 0x6f68,
    0x6f69, 0x6f72, 0x6f74, 0x745f, 0x7460, 0x7461, 0x7464, 0x7465,
    0x7466, 0x7467, 0x7469, 0x746a, 0x746e, 0x746f, 0x7471, 0x7474,
    0x7475, 0x7476, 0x747d, 0x747e
};

static const uint8_t glyph_id_ofs_list_1[] = {
    0, 1, 2, 3, 0, 4, 5, 0,
    6, 0, 7, 0, 8, 9, 10, 11,
    12, 0, 13, 14, 0, 15, 0, 0,
    0, 0, 16, 0, 0, 0, 17, 18,
    19, 20, 21, 22, 23, 0, 24, 25,
    26, 0, 0, 27, 28, 29, 30, 31,
    0, 32, 0, 0, 33, 34, 35, 0,
    36, 0, 37, 38, 0, 39, 40, 41,
    42, 43, 0, 0, 44, 45, 0, 0,
    0, 46, 47, 48, 0, 49, 0, 50,
    0, 0, 51, 52, 0, 53, 0, 0,
    54, 55, 0, 0, 56, 57, 0, 58,
    59, 0, 0, 60, 61, 62, 0, 0,
    63, 64, 65, 66, 67, 0, 68, 0,
    0, 69, 0, 70, 71, 72, 0, 0,
    73, 0, 0, 0, 0, 0, 0, 74,
    75, 76, 77, 0, 0, 0, 0, 78,
    79, 0, 80, 81, 82, 83, 84, 0,
    85, 0, 86, 0, 87, 88, 0, 0,
    89, 0, 90, 91, 92, 0, 0, 93,
    0, 0, 94, 0, 95, 96, 0, 0,
    97, 98, 99, 0, 100, 101, 102, 103,
    0, 104, 0, 105, 106, 107, 0, 108,
    109, 0, 110, 111, 112, 113, 114, 115,
    116, 117, 118, 0, 0, 119, 0, 120,
    121, 122
};

static const uint16_t unicode_list_2[] = {
    0x0, 0x1af, 0x1b7, 0x1ba, 0x1c0, 0x1c3, 0x1c4, 0x1c6,
    0x1cb, 0x1d1, 0x1d2, 0x1d5, 0x1d6, 0x1d8, 0x1d9, 0x1dc,
    0x1dd, 0x208, 0x209, 0x20a, 0x20c, 0x210, 0x211, 0x2dc,
    0x757, 0x759, 0x75f, 0x760, 0x761, 0x762, 0x763, 0x768,
    0x769, 0x76d, 0x76e, 0x76f, 0x770, 0x771, 0x775, 0x778,
    0x779, 0x77b, 0x77d, 0x77e, 0x77f, 0x780, 0x782, 0x783,
    0x785, 0x788, 0x78c, 0x78e, 0x791, 0x792, 0x793, 0x795,
    0x79a, 0x79d, 0x79e, 0x79f, 0x7a0, 0x7a1, 0x7a2, 0x7a3,
    0x7a4, 0x7a8, 0x7aa, 0x806, 0x830, 0x832, 0x833, 0x888,
    0x8d2
};

/*Collect the unicode lists and glyph_id offsets*/
static const lv_font_fmt_txt_cmap_t cmaps[] =
{
    {
        .range_start = 8230, .range_length = 29823, .glyph_id_start = 1,
        .unicode_list = unicode_list_0, .glyph_id_ofs_list = NULL, .list_length = 708, .type = LV_FONT_FMT_TXT_CMAP_SPARSE_TINY
    },
    {
        .range_start = 38058, .range_length = 202, .glyph_id_start = 709,
        .unicode_list = NULL, .glyph_id_ofs_list = glyph_id_ofs_list_1, .list_length = 202, .type = LV_FONT_FMT_TXT_CMAP_FORMAT0_FULL
    },
    {
        .range_start = 38601, .range_length = 2259, .glyph_id_start = 832,
        .unicode_list = unicode_list_2, .glyph_id_ofs_list = NULL, .list_length = 73, .type = LV_FONT_FMT_TXT_CMAP_SPARSE_TINY
    }
};



/*--------------------
 *  ALL CUSTOM DATA
 *--------------------*/

#if LVGL_VERSION_MAJOR == 8
/*Store all the custom data of the font*/
static  lv_font_fmt_txt_glyph_cache_t cache;
#endif

#if LVGL_VERSION_MAJOR >= 8
static const lv_font_fmt_txt_dsc_t font_dsc = {
#else
static lv_font_fmt_txt_dsc_t font_dsc = {
#endif
    .glyph_bitmap = glyph_bitmap,
    .glyph_dsc = glyph_dsc,
    .cmaps = cmaps,
    .kern_dsc = NULL,
    .kern_scale = 0,
    .cmap_num = 3,
    .bpp = 4,
    .kern_classes = 0,
    .bitmap_format = 0,
#if LVGL_VERSION_MAJOR == 8
    .cache = &cache
#endif
};



/*-----------------
 *  PUBLIC FONT
 *----------------*/

/*Initialize a public general font descriptor*/
#if LVGL_VERSION_MAJOR >= 8
const lv_font_t lv_font_cn_gb2312_16_6 = {
#else
lv_font_t lv_font_cn_gb2312_16_6 = {
#endif
    .get_glyph_dsc = lv_font_get_glyph_dsc_fmt_txt,    /*Function pointer to get glyph's data*/
    .get_glyph_bitmap = lv_font_get_bitmap_fmt_txt,    /*Function pointer to get glyph's bitmap*/
    .line_height = 17,          /*The maximum line height required by the font*/
    .base_line = 3,             /*Baseline measured from the bottom of the line*/
#if !(LVGL_VERSION_MAJOR == 6 && LVGL_VERSION_MINOR == 0)
    .subpx = LV_FONT_SUBPX_NONE,
#endif
#if LV_VERSION_CHECK(7, 4, 0) || LVGL_VERSION_MAJOR >= 8
    .underline_position = -1,
    .underline_thickness = 1,
#endif
    .dsc = &font_dsc,          /*The custom font data. Will be accessed by `get_glyph_bitmap/dsc` */
#if LV_VERSION_CHECK(8, 2, 0) || LVGL_VERSION_MAJOR >= 9
    .fallback = &lv_font_cn_gb2312_16_7,
#endif
    .user_data = NULL,
};



#endif /*#if LV_FONT_CN_GB2312_16_6*/

