/*******************************************************************************
 * Size: 16 px
 * Bpp: 4
 * Opts: --font G:\projects\ai_project\ai_manager\firmware\esp32_s3_sub_display\fonts\msyh.ttf --symbols 啉啭啁啕唿啐唼唷啖啵啶啷唳唰啜喋嗒喃喱喹喈喁喟啾嗖喑啻嗟喽喾喔喙嗪嗷嗉嘟嗑嗫嗬嗔嗦嗝嗄嗯嗥嗲嗳嗌嗍嗨嗵嗤辔嘞嘈嘌嘁嘤嘣嗾嘀嘧嘭噘嘹噗嘬噍噢噙噜噌噔嚆噤噱噫噻噼嚅嚓嚯囔囗囝囡囵囫囹囿圄圊圉圜帏帙帔帑帱帻帼帷幄幔幛幞幡岌屺岍岐岖岈岘岙岑岚岜岵岢岽岬岫岱岣峁岷峄峒峤峋峥崂崃崧崦崮崤崞崆崛嵘崾崴崽嵬嵛嵯嵝嵫嵋嵊嵩嵴嶂嶙嶝豳嶷巅彳彷徂徇徉後徕徙徜徨徭徵徼衢彡犭犰犴犷犸狃狁狎狍狒狨狯狩狲狴狷猁狳猃狺狻猗猓猡猊猞猝猕猢猹猥猬猸猱獐獍獗獠獬獯獾舛夥飧夤夂饣饧饨饩饪饫饬饴饷饽馀馄馇馊馍馐馑馓馔馕庀庑庋庖庥庠庹庵庾庳赓廒廑廛廨廪膺忄忉忖忏怃忮怄忡忤忾怅怆忪忭忸怙怵怦怛怏怍怩怫怊怿怡恸恹恻恺恂恪恽悖悚悭悝悃悒悌悛惬悻悱惝惘惆惚悴愠愦愕愣惴愀愎愫慊慵憬憔憧憷懔懵忝隳闩闫闱闳闵闶闼闾阃阄阆阈阊阋阌阍阏阒阕阖阗阙阚丬爿戕氵汔汜汊沣沅沐沔沌汨汩汴汶沆沩泐泔沭泷泸泱泗沲泠泖泺泫泮沱泓泯泾洹洧洌浃浈洇洄洙洎洫浍洮洵洚浏浒浔洳涑浯涞涠浞涓涔浜浠浼浣渚淇淅淞渎涿淠渑淦淝淙渖涫渌涮渫湮湎湫溲湟溆湓湔渲渥湄滟溱溘滠漭滢溥溧溽溻溷滗溴滏溏滂溟潢潆潇漤漕滹漯漶潋潴漪漉漩澉澍澌潸潲潼潺濑濉澧澹澶濂濡濮濞濠濯瀚瀣瀛瀹瀵灏灞宀宄宕宓宥宸甯骞搴寤寮褰寰蹇謇辶迓迕迥迮迤迩迦迳迨逅逄逋逦逑逍逖逡逵逶逭逯遄遑遒遐遨遘遢遛暹遴遽邂邈邃邋彐彗彖彘尻咫屐屙孱屣屦羼弪弩弭艴弼鬻屮妁妃妍妩妪妣妗姊妫妞妤姒妲妯姗妾娅娆姝娈姣姘姹娌娉娲娴娑娣娓婀婧婊婕娼婢婵胬媪媛婷婺媾嫫媲嫒嫔媸嫠嫣嫱嫖嫦嫘嫜嬉嬗嬖嬲嬷孀尕尜孚孥孳孑孓孢驵驷驸驺驿驽骀骁骅骈骊骐骒骓骖骘骛骜骝骟骠骢骣骥骧纟纡纣纥纨纩纭纰纾绀绁绂绉绋绌绐绔绗绛绠绡绨绫绮绯绱绲缍绶绺绻绾缁缂缃缇缈缋缌缏缑缒缗缙缜缛缟缡缢缣缤缥缦缧缪缫缬缭缯缰缱缲缳缵幺畿巛甾邕玎玑玮玢玟珏珂珑玷玳珀珉珈珥珙顼琊珩珧珞玺珲琏琪瑛琦琥琨琰琮琬琛琚瑁瑜瑗瑕瑙瑷瑭瑾璜璎璀璁璇璋璞璨璩璐璧瓒璺韪韫韬杌杓杞杈杩枥枇杪杳枘枧杵枨枞枭枋杷杼柰栉柘栊柩枰栌柙枵柚枳柝栀柃枸柢栎柁柽栲栳桠桡桎桢桄桤梃栝桕桦桁桧桀栾桊桉栩梵梏桴桷梓桫棂楮棼椟椠棹椤棰椋椁楗棣椐楱椹楠楂楝榄楫榀榘楸椴槌榇榈槎榉楦楣楹榛榧榻榫榭槔榱槁槊槟榕槠榍槿樯槭樗樘橥槲橄 --size 16 --bpp 4 --format lvgl --no-compress --no-prefilter --force-fast-kern-format --lv-font-name lv_font_cn_gb2312_16_5 -o G:\projects\ai_project\ai_manager\firmware\esp32_s3_sub_display\main\fonts\lv_font_cn_gb2312_16_5.c --font C:\Windows\Fonts\seguisym.ttf -r 0x25B6,0x25C0,0x266A,0x2026
 ******************************************************************************/

#ifdef LV_LVGL_H_INCLUDE_SIMPLE
#include "lvgl.h"
#else
#include "lvgl/lvgl.h"
#endif

#include "lv_font_cn_gb2312.h"

#ifndef LV_FONT_CN_GB2312_16_5
#define LV_FONT_CN_GB2312_16_5 1
#endif

#if LV_FONT_CN_GB2312_16_5

/*-----------------
 *    BITMAPS
 *----------------*/

/*Store the image of the glyphs*/
static LV_ATTRIBUTE_LARGE_CONST const uint8_t glyph_bitmap[] = {
    /* U+2026 "…" */
    0x75, 0x0, 0x85, 0x0, 0x84, 0xb9, 0x0, 0xc8,
    0x0, 0xd7,

    /* U+25B6 "▶" */
    0x73, 0x0, 0x0, 0x0, 0x0, 0x0, 0xbf, 0xa1,
    0x0, 0x0, 0x0, 0x0, 0xbf, 0xff, 0x80, 0x0,
    0x0, 0x0, 0xbf, 0xff, 0xfe, 0x60, 0x0, 0x0,
    0xbf, 0xff, 0xff, 0xfd, 0x40, 0x0, 0xbf, 0xff,
    0xff, 0xff, 0xfb, 0x20, 0xbf, 0xff, 0xff, 0xff,
    0xff, 0xe2, 0xbf, 0xff, 0xff, 0xff, 0xf8, 0x0,
    0xbf, 0xff, 0xff, 0xfa, 0x10, 0x0, 0xbf, 0xff,
    0xfc, 0x30, 0x0, 0x0, 0xbf, 0xfd, 0x50, 0x0,
    0x0, 0x0, 0xbe, 0x70, 0x0, 0x0, 0x0, 0x0,
    0x51, 0x0, 0x0, 0x0, 0x0, 0x0,

    /* U+25C0 "◀" */
    0x0, 0x0, 0x0, 0x0, 0x0, 0x55, 0x0, 0x0,
    0x0, 0x0, 0x3c, 0xf8, 0x0, 0x0, 0x0, 0x1a,
    0xff, 0xf8, 0x0, 0x0, 0x8, 0xff, 0xff, 0xf8,
    0x0, 0x6, 0xef, 0xff, 0xff, 0xf8, 0x4, 0xdf,
    0xff, 0xff, 0xff, 0xf8, 0x4f, 0xff, 0xff, 0xff,
    0xff, 0xf8, 0x1, 0xaf, 0xff, 0xff, 0xff, 0xf8,
    0x0, 0x3, 0xbf, 0xff, 0xff, 0xf8, 0x0, 0x0,
    0x4, 0xdf, 0xff, 0xf8, 0x0, 0x0, 0x0, 0x6,
    0xef, 0xf8, 0x0, 0x0, 0x0, 0x0, 0x18, 0xf8,
    0x0, 0x0, 0x0, 0x0, 0x0, 0x24,

    /* U+266A "♪" */
    0x0, 0x3, 0x0, 0x0, 0x0, 0xf1, 0x0, 0x0,
    0xf, 0xe3, 0x0, 0x0, 0xd5, 0xe0, 0x0, 0xd,
    0xc, 0x30, 0x0, 0xd0, 0xb1, 0x0, 0xd, 0x1,
    0x0, 0x0, 0xd0, 0x0, 0x3, 0x6d, 0x0, 0x7,
    0xff, 0xc0, 0x0, 0xdf, 0xfa, 0x0, 0x9, 0xfe,
    0x20, 0x0, 0x1, 0x0, 0x0, 0x0,

    /* U+4E2C "丬" */
    0x0, 0x0, 0x0, 0x13, 0x0, 0x0, 0x0, 0x7e,
    0x0, 0x70, 0x0, 0x7e, 0x3, 0xf7, 0x0, 0x7e,
    0x0, 0x8f, 0x40, 0x7e, 0x0, 0xc, 0xe1, 0x7e,
    0x0, 0x2, 0x80, 0x7e, 0x0, 0x0, 0x0, 0x7e,
    0x0, 0x0, 0x7, 0xfe, 0x0, 0x2, 0xcf, 0xee,
    0x0, 0x8f, 0xf6, 0x7e, 0x1e, 0xfb, 0x10, 0x7e,
    0x9, 0x60, 0x0, 0x7e, 0x0, 0x0, 0x0, 0x7e,
    0x0, 0x0, 0x0, 0x7e, 0x0, 0x0, 0x0, 0x7e,

    /* U+54AB "咫" */
    0x0, 0x22, 0x22, 0x20, 0x2, 0x22, 0x22, 0x20,
    0x0, 0xf, 0xee, 0xef, 0x52, 0xfe, 0xee, 0xed,
    0x0, 0x0, 0xf2, 0x0, 0xc5, 0x2e, 0x0, 0x4,
    0xd0, 0x0, 0xf, 0x20, 0xc, 0x52, 0xe0, 0x0,
    0x4d, 0x0, 0x0, 0xf2, 0x0, 0xc5, 0x2e, 0x0,
    0x4, 0xd0, 0x0, 0xf, 0x76, 0x6d, 0x52, 0xe3,
    0x33, 0x6d, 0x0, 0x0, 0xfb, 0xec, 0xe5, 0x2f,
    0xee, 0xee, 0xd0, 0x0, 0xf, 0x19, 0x75, 0x21,
    0x90, 0x0, 0x28, 0x0, 0x1, 0xf1, 0x6a, 0x0,
    0x3, 0xb0, 0x1c, 0x0, 0x0, 0x2f, 0x1, 0xf1,
    0x0, 0xc9, 0x0, 0xc8, 0x0, 0x4, 0xe0, 0xa,
    0x90, 0x7e, 0x0, 0x4, 0xf2, 0x0, 0x7b, 0x0,
    0x1e, 0x7c, 0x40, 0x0, 0xb, 0x80, 0xd, 0x60,
    0x0, 0x3e, 0xc4, 0x0, 0x0, 0x10, 0x6, 0xf1,
    0x0, 0x0, 0x19, 0xfe, 0xb8, 0x65, 0x30, 0x87,
    0x0, 0x0, 0x0, 0x1, 0x6a, 0xdf, 0xf9, 0x0,
    0x0, 0x0, 0x0, 0x0, 0x0, 0x0, 0x0, 0x0,

    /* U+5530 "唰" */
    0x0, 0x0, 0x6, 0x66, 0x66, 0x60, 0x0, 0xe0,
    0x1d, 0xdd, 0x1f, 0x66, 0x66, 0xe0, 0xb0, 0xf1,
    0x1f, 0x3f, 0x1f, 0x0, 0x1, 0xe0, 0xf0, 0xf1,
    0x1e, 0xe, 0x1f, 0x22, 0x23, 0xe0, 0xf0, 0xf1,
    0x1e, 0xe, 0x1f, 0xee, 0xee, 0xe0, 0xf0, 0xf1,
    0x1e, 0xe, 0x1e, 0x0, 0xc0, 0x20, 0xf0, 0xf1,
    0x1e, 0xe, 0x2e, 0x1, 0xf1, 0x0, 0xf0, 0xf1,
    0x1e, 0xe, 0x2d, 0xee, 0xfe, 0xf0, 0xf0, 0xf1,
    0x1e, 0xe, 0x3c, 0xe0, 0xf0, 0xe0, 0xf0, 0xf1,
    0x1e, 0xe, 0x5b, 0xe0, 0xf0, 0xe0, 0xf0, 0xf1,
    0x1f, 0x4f, 0x89, 0xe0, 0xf0, 0xe0, 0xf0, 0xf1,
    0x1f, 0xcc, 0xb5, 0xe0, 0xf0, 0xe0, 0x40, 0xf1,
    0x7, 0x0, 0xe1, 0xe0, 0xfb, 0xe0, 0x0, 0xf1,
    0x0, 0x6, 0xb0, 0x70, 0xf2, 0x11, 0x35, 0xf0,
    0x0, 0x4, 0x40, 0x0, 0xf0, 0x5, 0xff, 0x90,

    /* U+5533 "唳" */
    0x0, 0x0, 0x0, 0x0, 0x1, 0x40, 0x0, 0x0,
    0x0, 0x0, 0x0, 0x0, 0x7, 0xe1, 0x0, 0x0,
    0x1c, 0xcc, 0x91, 0xdd, 0xdd, 0xfe, 0xdd, 0xd1,
    0x2f, 0x58, 0xd1, 0xf4, 0x33, 0x33, 0x34, 0xf1,
    0x2f, 0x4, 0xd1, 0xf0, 0x0, 0x0, 0x0, 0xf1,
    0x2f, 0x4, 0xd1, 0xf5, 0x44, 0x44, 0x45, 0xf1,
    0x2f, 0x4, 0xd1, 0xfc, 0xcc, 0xcc, 0xcc, 0xf1,
    0x2f, 0x4, 0xd2, 0xf0, 0x0, 0x63, 0x23, 0x40,
    0x2f, 0x4, 0xd3, 0xf0, 0x0, 0xd5, 0x3e, 0x60,
    0x2f, 0x4, 0xd4, 0xe4, 0x88, 0xea, 0x8a, 0xa4,
    0x2f, 0x26, 0xd7, 0xc4, 0x89, 0xfe, 0x88, 0x84,
    0x2f, 0xff, 0xcb, 0x90, 0x5, 0xee, 0x20, 0x0,
    0x2f, 0x0, 0x1f, 0x50, 0x1e, 0x77, 0xc0, 0x0,
    0x0, 0x0, 0x9d, 0x1, 0xcc, 0x0, 0xcb, 0x0,
    0x0, 0x5, 0xf5, 0x6e, 0xc1, 0x0, 0x1d, 0xd4,
    0x0, 0x2, 0x70, 0xa7, 0x0, 0x0, 0x0, 0x94,

    /* U+5537 "唷" */
    0x0, 0x0, 0x0, 0x0, 0x3, 0x20, 0x0, 0x0,
    0x0, 0x0, 0x0, 0x0, 0x9, 0xb0, 0x0, 0x0,
    0x2e, 0xee, 0xd6, 0xee, 0xee, 0xfe, 0xee, 0xe3,
    0x3f, 0x35, 0xe1, 0x22, 0xdb, 0x23, 0x72, 0x20,
    0x3e, 0x3, 0xe0, 0x9, 0xc0, 0x3, 0xf6, 0x0,
    0x3e, 0x3, 0xe1, 0xae, 0x43, 0x44, 0xaf, 0x50,
    0x3e, 0x3, 0xe5, 0xfe, 0xdc, 0xbb, 0xaa, 0xf1,
    0x3e, 0x3, 0xe0, 0x44, 0x44, 0x44, 0x44, 0x30,
    0x3e, 0x3, 0xe0, 0xed, 0xdd, 0xdd, 0xdf, 0x50,
    0x3e, 0x3, 0xe0, 0xe5, 0x11, 0x11, 0x1d, 0x50,
    0x3e, 0x3, 0xe0, 0xef, 0xff, 0xff, 0xff, 0x50,
    0x3f, 0xcd, 0xe0, 0xe4, 0x0, 0x0, 0xd, 0x50,
    0x3f, 0x46, 0xe0, 0xef, 0xff, 0xff, 0xff, 0x50,
    0x4, 0x0, 0x20, 0xe4, 0x0, 0x0, 0xd, 0x50,
    0x0, 0x0, 0x0, 0xe4, 0x0, 0x33, 0x5f, 0x40,
    0x0, 0x0, 0x0, 0xe4, 0x0, 0xef, 0xea, 0x0,

    /* U+553C "唼" */
    0x0, 0x0, 0x0, 0x0, 0x0, 0x0, 0x0, 0x0,
    0x0, 0x0, 0x0, 0x5, 0xd0, 0x0, 0x0, 0x44,
    0x44, 0x3, 0x33, 0x4f, 0x73, 0x33, 0x1f, 0xcd,
    0xe1, 0xdd, 0xdd, 0xdd, 0xdd, 0xd3, 0xf1, 0x2e,
    0x0, 0x79, 0x0, 0x6, 0xc0, 0xf, 0x12, 0xe0,
    0x0, 0xd3, 0x3, 0xe3, 0x0, 0xf1, 0x2e, 0x8e,
    0xee, 0xee, 0xff, 0xee, 0x9f, 0x12, 0xe1, 0x22,
    0x28, 0x42, 0x22, 0x21, 0xf1, 0x2e, 0x0, 0x2,
    0xf3, 0x0, 0x0, 0xf, 0x12, 0xe8, 0xee, 0xff,
    0xee, 0xee, 0xe9, 0xf1, 0x2e, 0x12, 0x8e, 0x22,
    0x2d, 0x82, 0x1f, 0x12, 0xe0, 0x1e, 0x70, 0x4,
    0xf1, 0x0, 0xff, 0xfe, 0x1, 0x8e, 0xc6, 0xf6,
    0x0, 0xf, 0x32, 0x10, 0x0, 0x1c, 0xff, 0x60,
    0x0, 0xd1, 0x0, 0x4, 0x9e, 0xe6, 0x7f, 0xe6,
    0x0, 0x0, 0x2f, 0xfc, 0x60, 0x0, 0x18, 0xf7,
    0x0, 0x0, 0x41, 0x0, 0x0, 0x0, 0x1, 0x0,

    /* U+553F "唿" */
    0x0, 0x0, 0x0, 0x0, 0x0, 0x0, 0x0, 0x0,
    0x0, 0x0, 0x0, 0xb, 0x50, 0x0, 0x0, 0x0,
    0x17, 0x77, 0x60, 0x3f, 0x33, 0x33, 0x33, 0x30,
    0x2f, 0xab, 0xe0, 0xcd, 0xef, 0xde, 0xed, 0xf1,
    0x2e, 0x2, 0xe7, 0xb0, 0x98, 0xc, 0x50, 0xf0,
    0x2e, 0x2, 0xe7, 0x23, 0xe1, 0x3e, 0x1, 0xf0,
    0x2e, 0x2, 0xe0, 0x2e, 0x50, 0xd6, 0x2, 0xf0,
    0x2e, 0x2, 0xe4, 0xe7, 0xa, 0xc0, 0x3, 0xe0,
    0x2e, 0x2, 0xe4, 0x50, 0xad, 0x24, 0x3a, 0xb0,
    0x2e, 0x2, 0xe0, 0x5, 0xc2, 0x1f, 0xfd, 0x20,
    0x2e, 0x2, 0xe0, 0x0, 0xd, 0x40, 0x0, 0x0,
    0x2f, 0x46, 0xe6, 0x5e, 0x35, 0xe1, 0x9, 0x60,
    0x2f, 0xdd, 0xbc, 0x4e, 0x30, 0x93, 0x68, 0xe0,
    0x2b, 0x0, 0x2f, 0xe, 0x30, 0x0, 0xd5, 0xe6,
    0x0, 0x0, 0x6a, 0xd, 0x81, 0x15, 0xf1, 0x66,
    0x0, 0x0, 0x0, 0x5, 0xef, 0xfe, 0x70, 0x0,

    /* U+5541 "啁" */
    0x0, 0x0, 0x2, 0x22, 0x22, 0x22, 0x21, 0x33,
    0x33, 0x2f, 0xee, 0xee, 0xee, 0xec, 0xfe, 0xee,
    0x2c, 0x0, 0x4a, 0x0, 0x5c, 0xf2, 0x2e, 0x2c,
    0x13, 0x7c, 0x32, 0x5c, 0xf2, 0x2e, 0x2c, 0x5c,
    0xdf, 0xc9, 0x5c, 0xf2, 0x2e, 0x2c, 0x0, 0x5c,
    0x0, 0x5c, 0xf2, 0x2e, 0x2c, 0xdf, 0xff, 0xff,
    0x8c, 0xf2, 0x2e, 0x2c, 0x0, 0x0, 0x0, 0x5c,
    0xf2, 0x2e, 0x2c, 0x1f, 0xff, 0xf6, 0x5c, 0xf5,
    0x5e, 0x3b, 0x1f, 0x0, 0xa7, 0x5c, 0xff, 0xfd,
    0x5a, 0x1f, 0x0, 0xa7, 0x5c, 0xf2, 0x0, 0x97,
    0x1f, 0xee, 0xf7, 0x5c, 0x0, 0x0, 0xe3, 0x1b,
    0x11, 0x10, 0x5c, 0x0, 0x8, 0xd0, 0x0, 0x1,
    0x22, 0x9b, 0x0, 0xc, 0x40, 0x0, 0x2, 0xff,
    0xe4, 0x0, 0x0, 0x0, 0x0, 0x0, 0x0, 0x0,

    /* U+5549 "啉" */
    0x0, 0x0, 0x0, 0x4, 0x0, 0x1, 0x30, 0x0,
    0x0, 0x0, 0x0, 0xe, 0x20, 0x4, 0xc0, 0x0,
    0x1a, 0xaa, 0x80, 0xe, 0x20, 0x4, 0xc0, 0x0,
    0x2f, 0x69, 0xc0, 0xe, 0x20, 0x4, 0xc0, 0x0,
    0x2e, 0x4, 0xcd, 0xff, 0xf6, 0xff, 0xff, 0xf0,
    0x2e, 0x4, 0xc0, 0x4f, 0x20, 0xb, 0xf2, 0x0,
    0x2e, 0x4, 0xc0, 0x8f, 0x90, 0x1d, 0xe7, 0x0,
    0x2e, 0x4, 0xc0, 0xbe, 0xc8, 0x6a, 0xca, 0x0,
    0x2e, 0x4, 0xc1, 0xae, 0x37, 0xc5, 0xca, 0x20,
    0x2e, 0x4, 0xc7, 0x6e, 0x24, 0xb4, 0xc5, 0xa0,
    0x2e, 0x4, 0xce, 0x2e, 0x2c, 0x54, 0xc0, 0xf3,
    0x2e, 0x15, 0xda, 0xe, 0x8e, 0x4, 0xc0, 0x99,
    0x2f, 0xff, 0xc0, 0xe, 0x45, 0x4, 0xc0, 0x10,
    0x2e, 0x2, 0x60, 0xe, 0x20, 0x4, 0xc0, 0x0,
    0x0, 0x0, 0x0, 0xe, 0x20, 0x4, 0xc0, 0x0,
    0x0, 0x0, 0x0, 0xe, 0x20, 0x4, 0xc0, 0x0,

    /* U+5550 "啐" */
    0x0, 0x0, 0x0, 0x0, 0x0, 0x20, 0x0, 0x0,
    0x0, 0x0, 0x0, 0x0, 0x5, 0xe1, 0x0, 0x0,
    0x2b, 0xbb, 0xa0, 0x22, 0x22, 0xd6, 0x22, 0x20,
    0x3f, 0x68, 0xe0, 0xff, 0xff, 0xff, 0xff, 0xf6,
    0x3e, 0x3, 0xe0, 0x4, 0x50, 0x0, 0x27, 0x0,
    0x3e, 0x3, 0xe0, 0xc, 0x70, 0x0, 0x8a, 0x0,
    0x3e, 0x3, 0xe0, 0x3f, 0xd1, 0x0, 0xea, 0x0,
    0x3e, 0x3, 0xe0, 0xc8, 0x9d, 0x19, 0xbc, 0xa0,
    0x3e, 0x3, 0xe8, 0xe1, 0x9, 0x7f, 0x21, 0xd8,
    0x3e, 0x3, 0xe3, 0x30, 0x0, 0x54, 0x0, 0x11,
    0x3e, 0x3, 0xe0, 0x0, 0x1, 0xf2, 0x0, 0x0,
    0x3f, 0xde, 0xe8, 0xff, 0xff, 0xff, 0xff, 0xfb,
    0x3f, 0x46, 0xe0, 0x11, 0x13, 0xf3, 0x11, 0x11,
    0x17, 0x1, 0x50, 0x0, 0x1, 0xf2, 0x0, 0x0,
    0x0, 0x0, 0x0, 0x0, 0x1, 0xf2, 0x0, 0x0,
    0x0, 0x0, 0x0, 0x0, 0x1, 0xf2, 0x0, 0x0,

    /* U+5555 "啕" */
    0x0, 0x0, 0x0, 0x0, 0x0, 0x0, 0x0, 0x0,
    0x0, 0x0, 0x0, 0xd, 0x60, 0x0, 0x0, 0x0,
    0x7, 0x77, 0x60, 0x5f, 0x42, 0x22, 0x22, 0x20,
    0x1f, 0x9a, 0xe0, 0xdf, 0xff, 0xff, 0xff, 0xf0,
    0x1f, 0x2, 0xe8, 0xc6, 0x20, 0x0, 0x2, 0xf0,
    0x1f, 0x2, 0xec, 0x3f, 0xdc, 0xcc, 0x2, 0xf0,
    0x1f, 0x2, 0xe0, 0xa8, 0x5f, 0x44, 0x3, 0xe0,
    0x1f, 0x2, 0xe2, 0xe0, 0x2e, 0x0, 0x3, 0xe0,
    0x1f, 0x2, 0xe2, 0x54, 0x5f, 0x44, 0x44, 0xd0,
    0x1f, 0x2, 0xe7, 0xcc, 0xdf, 0xcc, 0xc4, 0xd0,
    0x1f, 0x2, 0xe0, 0xb1, 0x2e, 0xb, 0x14, 0xc0,
    0x1f, 0xee, 0xe0, 0xe1, 0x2e, 0xe, 0x25, 0xc0,
    0x1f, 0x24, 0xe0, 0xee, 0xef, 0xef, 0x26, 0xb0,
    0x9, 0x0, 0x10, 0x22, 0x22, 0x22, 0x7, 0x90,
    0x0, 0x0, 0x0, 0x0, 0x5, 0x32, 0x3d, 0x50,
    0x0, 0x0, 0x0, 0x0, 0xd, 0xff, 0xf9, 0x0,
    0x0, 0x0, 0x0, 0x0, 0x0, 0x0, 0x0, 0x0,

    /* U+5556 "啖" */
    0x0, 0x0, 0x0, 0x0, 0x0, 0x61, 0x0, 0x0,
    0x0, 0x0, 0x0, 0x61, 0x0, 0xf2, 0x1, 0x70,
    0x1e, 0xee, 0xc0, 0xbc, 0x1, 0xf1, 0x1d, 0xc0,
    0x2f, 0x35, 0xe0, 0xd, 0x54, 0xf0, 0x9c, 0x10,
    0x2f, 0x3, 0xe0, 0x1, 0xa, 0xe3, 0x1, 0x0,
    0x2f, 0x3, 0xe0, 0x0, 0x5f, 0xaf, 0x90, 0x0,
    0x2f, 0x3, 0xe0, 0x19, 0xf7, 0x3, 0xde, 0x50,
    0x2f, 0x3, 0xe7, 0xfe, 0x50, 0x70, 0x8, 0xf5,
    0x2f, 0x3, 0xe2, 0x70, 0x2, 0xf0, 0x0, 0x40,
    0x2f, 0x3, 0xe1, 0xd2, 0x3, 0xf0, 0x5, 0xc0,
    0x2f, 0x3, 0xe0, 0x9d, 0x6, 0xf0, 0x4f, 0x60,
    0x2f, 0x36, 0xe0, 0xb, 0x2b, 0xf7, 0x87, 0x0,
    0x2f, 0xdd, 0xc0, 0x0, 0x5f, 0x9f, 0x40, 0x0,
    0x1a, 0x0, 0x0, 0x7, 0xf9, 0x8, 0xf7, 0x0,
    0x0, 0x0, 0x6, 0xdf, 0x80, 0x0, 0x7f, 0xe6,
    0x0, 0x0, 0xa, 0xa2, 0x0, 0x0, 0x2, 0xa3,

    /* U+555C "啜" */
    0x0, 0x0, 0x1, 0x44, 0x43, 0x24, 0x44, 0x40,
    0x4, 0x44, 0x34, 0xcc, 0xde, 0x7c, 0xcc, 0xf3,
    0xf, 0xcc, 0xe0, 0x40, 0x6a, 0x31, 0x4, 0xe0,
    0xf, 0x2, 0xe1, 0xd7, 0xe3, 0x6e, 0x5d, 0x60,
    0xf, 0x2, 0xe0, 0x1f, 0xd0, 0x3, 0xfe, 0x0,
    0xf, 0x2, 0xe2, 0xca, 0xc9, 0x2c, 0xbc, 0xb1,
    0xf, 0x2, 0xe9, 0x70, 0x3, 0xc7, 0x0, 0x92,
    0xf, 0x2, 0xe5, 0xcc, 0xc7, 0xcc, 0xcc, 0xc1,
    0xf, 0x2, 0xe1, 0x44, 0xa8, 0xa9, 0x45, 0xf0,
    0xf, 0x2, 0xe3, 0x70, 0xd4, 0x5b, 0x6, 0xb0,
    0xf, 0xff, 0xe1, 0xdb, 0xe0, 0x1f, 0x2d, 0x60,
    0xf, 0x13, 0xe0, 0x1f, 0xa0, 0x9, 0xed, 0x0,
    0xe, 0x1, 0x80, 0x7e, 0xf6, 0x5, 0xf8, 0x0,
    0x0, 0x0, 0x5, 0xf4, 0x57, 0x6f, 0x9f, 0x80,
    0x0, 0x0, 0x4f, 0x50, 0xa, 0xe4, 0x3, 0xd9,
    0x0, 0x0, 0x2, 0x0, 0x2, 0x0, 0x0, 0x1,

    /* U+556D "啭" */
    0x0, 0x0, 0x0, 0x42, 0x0, 0x1, 0x40, 0x0,
    0x0, 0x0, 0x0, 0xd4, 0x0, 0x5, 0xb0, 0x0,
    0x1b, 0xbb, 0x34, 0xf5, 0x40, 0x8, 0x90, 0x0,
    0x2f, 0x5e, 0x8d, 0xfc, 0xc9, 0xff, 0xff, 0xf0,
    0x2f, 0xe, 0x27, 0xa4, 0x0, 0x1e, 0x41, 0x10,
    0x2f, 0xe, 0x2b, 0x6e, 0x20, 0x1f, 0x0, 0x0,
    0x2f, 0xe, 0x2f, 0x2e, 0x29, 0xbf, 0xaa, 0xa6,
    0x2f, 0xe, 0x5f, 0x1e, 0x38, 0xcd, 0x88, 0x85,
    0x2f, 0xe, 0x6f, 0xff, 0xf3, 0xb6, 0x0, 0x0,
    0x2f, 0xe, 0x20, 0xe, 0x20, 0xe9, 0x77, 0x60,
    0x2f, 0xe, 0x20, 0xe, 0x83, 0x56, 0x6c, 0xc0,
    0x2f, 0xff, 0x7c, 0xff, 0xa2, 0x20, 0x1f, 0x30,
    0x2f, 0x2e, 0x79, 0x3e, 0x21, 0xe6, 0xa9, 0x0,
    0x19, 0x3, 0x0, 0xe, 0x20, 0x2e, 0xe0, 0x0,
    0x0, 0x0, 0x0, 0xe, 0x20, 0x1, 0xd8, 0x0,
    0x0, 0x0, 0x0, 0xe, 0x20, 0x0, 0x1d, 0x20,
    0x0, 0x0, 0x0, 0x0, 0x0, 0x0, 0x0, 0x0,

    /* U+5575 "啵" */
    0x0, 0x0, 0x0, 0x0, 0x0, 0x4, 0x0, 0x0,
    0x0, 0x0, 0x1c, 0x20, 0x0, 0xd, 0x20, 0x0,
    0x1b, 0xbb, 0x28, 0xf3, 0x0, 0xd, 0x20, 0x0,
    0x1f, 0x5d, 0x40, 0x50, 0xef, 0xff, 0xff, 0xf5,
    0x1e, 0xc, 0x40, 0x0, 0xe2, 0x1d, 0x31, 0xe3,
    0x1e, 0xc, 0xaa, 0x0, 0xe1, 0xd, 0x23, 0xc0,
    0x1e, 0xc, 0x5c, 0xd1, 0xe1, 0xd, 0x20, 0x0,
    0x1e, 0xc, 0x40, 0x60, 0xef, 0xff, 0xff, 0xa0,
    0x1e, 0xc, 0x40, 0x0, 0xe9, 0x81, 0x19, 0x80,
    0x1e, 0xc, 0x42, 0x40, 0xf4, 0xb0, 0xd, 0x40,
    0x1e, 0xc, 0x47, 0xc0, 0xf0, 0xf1, 0x3f, 0x0,
    0x1e, 0x1c, 0x4b, 0x83, 0xd0, 0x98, 0xb8, 0x0,
    0x1f, 0xff, 0x3e, 0x47, 0xa0, 0x2f, 0xe0, 0x0,
    0x1e, 0x0, 0x3f, 0x1d, 0x50, 0x6f, 0xd2, 0x0,
    0x1, 0x0, 0x7d, 0x6e, 0x3a, 0xe3, 0x8f, 0x92,
    0x0, 0x0, 0x68, 0x95, 0xda, 0x10, 0x5, 0xd3,
    0x0, 0x0, 0x0, 0x0, 0x0, 0x0, 0x0, 0x0,

    /* U+5576 "啶" */
    0x0, 0x0, 0x0, 0x0, 0x1, 0x0, 0x0, 0x0,
    0x0, 0x0, 0x0, 0x2, 0xf2, 0x0, 0x0, 0x34,
    0x44, 0x2, 0x33, 0x3c, 0x73, 0x33, 0xf, 0xdd,
    0xf0, 0xef, 0xff, 0xff, 0xff, 0xf4, 0xf2, 0x1f,
    0xe, 0x40, 0x0, 0x0, 0xe, 0x4f, 0x21, 0xf0,
    0x92, 0x0, 0x0, 0x0, 0x93, 0xf2, 0x1f, 0x4f,
    0xff, 0xff, 0xff, 0xff, 0x7f, 0x21, 0xf1, 0x33,
    0x33, 0xe6, 0x33, 0x31, 0xf2, 0x1f, 0x2, 0x40,
    0xe, 0x40, 0x0, 0xf, 0x21, 0xf0, 0x7b, 0x0,
    0xe9, 0x77, 0x70, 0xf2, 0x1f, 0x8, 0x90, 0xe,
    0xca, 0xaa, 0xf, 0xdd, 0xf0, 0xc8, 0x0, 0xe4,
    0x0, 0x0, 0xf5, 0x33, 0xf, 0xe0, 0xe, 0x40,
    0x0, 0xf, 0x20, 0x6, 0xd9, 0xb0, 0xe4, 0x0,
    0x0, 0x0, 0x1, 0xe6, 0x1d, 0xdf, 0x52, 0x22,
    0x20, 0x0, 0x7d, 0x0, 0x19, 0xef, 0xff, 0xf9,
    0x0, 0x1, 0x30, 0x0, 0x0, 0x1, 0x11, 0x0,

    /* U+5577 "啷" */
    0x0, 0x0, 0x0, 0x5, 0x0, 0x0, 0x0, 0x0,
    0x0, 0x0, 0x0, 0xb, 0x90, 0x6, 0x66, 0x62,
    0x1e, 0xee, 0x41, 0xbc, 0xda, 0xf, 0xaa, 0xe5,
    0x1f, 0x3d, 0x42, 0xf4, 0x5e, 0xf, 0x10, 0xd1,
    0x1f, 0xc, 0x42, 0xe0, 0x1e, 0xf, 0x12, 0xd0,
    0x1f, 0xc, 0x42, 0xe1, 0x2e, 0xf, 0x16, 0x80,
    0x1f, 0xc, 0x42, 0xfe, 0xee, 0xf, 0x1b, 0x40,
    0x1f, 0xc, 0x42, 0xe0, 0x1e, 0xf, 0x1e, 0x50,
    0x1f, 0xc, 0x42, 0xe0, 0x2e, 0xf, 0x16, 0xe1,
    0x1f, 0xc, 0x42, 0xfe, 0xee, 0xf, 0x10, 0xd7,
    0x1f, 0xc, 0x42, 0xe0, 0x6, 0xf, 0x10, 0x8a,
    0x1f, 0xef, 0x42, 0xe0, 0xa4, 0xf, 0x10, 0x7b,
    0x1f, 0x4c, 0x42, 0xe0, 0x7d, 0xf, 0x66, 0xd8,
    0x1d, 0x0, 0x3, 0xe8, 0xdd, 0x5f, 0x8c, 0x91,
    0x0, 0x0, 0x8, 0xf9, 0x3, 0x2f, 0x10, 0x0,
    0x0, 0x0, 0x1, 0x50, 0x0, 0xf, 0x10, 0x0,

    /* U+557B "啻" */
    0x0, 0x0, 0x0, 0x3, 0x0, 0x0, 0x0, 0x0,
    0x0, 0x0, 0x2, 0xf3, 0x0, 0x0, 0x0, 0xb,
    0xff, 0xff, 0xff, 0xff, 0xff, 0xff, 0x70, 0x0,
    0xd, 0x30, 0x0, 0xa, 0x70, 0x0, 0x2, 0x22,
    0x9b, 0x22, 0x24, 0xf4, 0x22, 0x13, 0xfd, 0xdd,
    0xdd, 0xfe, 0xdd, 0xdd, 0xdf, 0x3f, 0x0, 0x0,
    0xd, 0x60, 0x0, 0x3, 0xf0, 0x27, 0xee, 0xee,
    0xff, 0xee, 0xee, 0x52, 0x0, 0x7a, 0x0, 0xd,
    0x60, 0x0, 0xd5, 0x0, 0x7, 0xa0, 0x0, 0xd6,
    0x1, 0x2e, 0x50, 0x0, 0x7a, 0x0, 0xd, 0x60,
    0xef, 0xc1, 0x0, 0x2, 0x22, 0x22, 0x84, 0x22,
    0x22, 0x10, 0x0, 0xdd, 0xdd, 0xdd, 0xdd, 0xdd,
    0xec, 0x0, 0xd, 0x40, 0x0, 0x0, 0x0, 0x6,
    0xc0, 0x0, 0xdc, 0xbb, 0xbb, 0xbb, 0xbb, 0xdc,
    0x0, 0xd, 0x63, 0x33, 0x33, 0x33, 0x38, 0xc0,

    /* U+557E "啾" */
    0x0, 0x0, 0x0, 0x0, 0x0, 0x0, 0x30, 0x0,
    0x0, 0x0, 0x15, 0x67, 0xa3, 0x1, 0xe0, 0x0,
    0x1e, 0xee, 0x4b, 0xaf, 0x62, 0x1, 0xe0, 0x0,
    0x1f, 0x2d, 0x30, 0x1e, 0x2, 0x32, 0xe0, 0x32,
    0x1f, 0xd, 0x30, 0x1e, 0x5, 0xa2, 0xe0, 0x95,
    0x1f, 0xd, 0x6e, 0xef, 0xe9, 0xd2, 0xe0, 0xd1,
    0x1f, 0xd, 0x31, 0x9e, 0x10, 0xf4, 0xf2, 0xd0,
    0x1f, 0xd, 0x30, 0xef, 0x50, 0xc8, 0xf9, 0x80,
    0x1f, 0xd, 0x34, 0xbf, 0xd3, 0x16, 0xf6, 0x10,
    0x1f, 0xd, 0x3c, 0x6e, 0x6c, 0x9, 0xb7, 0x0,
    0x1f, 0xd, 0x7e, 0x1e, 0x6, 0xd, 0x5b, 0x0,
    0x1f, 0x1d, 0xf6, 0x1e, 0x0, 0x2e, 0xe, 0x10,
    0x1f, 0xef, 0x90, 0x1e, 0x0, 0x99, 0xa, 0x70,
    0x1a, 0x4, 0x10, 0x1e, 0x3, 0xf2, 0x4, 0xe0,
    0x0, 0x0, 0x0, 0x1e, 0xd, 0x90, 0x0, 0xd8,
    0x0, 0x0, 0x0, 0x1e, 0x1c, 0x0, 0x0, 0x55,
    0x0, 0x0, 0x0, 0x0, 0x0, 0x0, 0x0, 0x0,

    /* U+5581 "喁" */
    0x0, 0x0, 0x0, 0x23, 0x33, 0x33, 0x33, 0x30,
    0x4, 0x44, 0x30, 0xdd, 0xcc, 0xfc, 0xcc, 0xe0,
    0xf, 0xab, 0xe0, 0xd3, 0x0, 0xf1, 0x1, 0xe0,
    0xf, 0x2, 0xe0, 0xdf, 0xff, 0xff, 0xff, 0xe0,
    0xf, 0x2, 0xe0, 0xd3, 0x0, 0xf1, 0x2, 0xe0,
    0xf, 0x2, 0xe0, 0xd6, 0x33, 0xf4, 0x35, 0xe0,
    0xf, 0x2, 0xe0, 0xdc, 0xcc, 0xfc, 0xcc, 0xe0,
    0xf, 0x2, 0xe0, 0x40, 0x0, 0xf1, 0x0, 0x40,
    0xf, 0x2, 0xe3, 0xff, 0xff, 0xff, 0xff, 0xf6,
    0xf, 0x2, 0xe4, 0xb0, 0x0, 0xf2, 0x50, 0xa7,
    0xf, 0xee, 0xe4, 0xb0, 0x0, 0xf1, 0xe3, 0xa7,
    0xf, 0x13, 0xe4, 0xba, 0xde, 0xff, 0xf9, 0xa7,
    0xa, 0x0, 0x54, 0xb4, 0x43, 0x10, 0x2b, 0xa7,
    0x0, 0x0, 0x4, 0xb0, 0x0, 0x3, 0x44, 0xd5,
    0x0, 0x0, 0x4, 0xb0, 0x0, 0x6, 0xcc, 0x90,

    /* U+5583 "喃" */
    0x0, 0x0, 0x0, 0x0, 0x0, 0x61, 0x0, 0x0,
    0x0, 0x0, 0x0, 0x0, 0x0, 0xe2, 0x0, 0x0,
    0x6, 0x66, 0x51, 0x44, 0x44, 0xf6, 0x44, 0x41,
    0xf, 0xab, 0xe4, 0xcc, 0xcc, 0xfd, 0xcc, 0xc6,
    0xf, 0x12, 0xe0, 0x0, 0x0, 0xe2, 0x0, 0x0,
    0xf, 0x12, 0xe0, 0xde, 0xee, 0xfe, 0xee, 0xe2,
    0xf, 0x12, 0xe0, 0xe3, 0x52, 0x11, 0x71, 0xe2,
    0xf, 0x12, 0xe0, 0xe2, 0x8b, 0x6, 0xc0, 0xe2,
    0xf, 0x12, 0xe0, 0xe2, 0x1c, 0x2e, 0x30, 0xe2,
    0xf, 0x12, 0xe0, 0xe6, 0xff, 0xff, 0xf7, 0xe2,
    0xf, 0x12, 0xe0, 0xe2, 0x0, 0xe2, 0x0, 0xe2,
    0xf, 0x12, 0xe0, 0xe5, 0x66, 0xf8, 0x64, 0xe2,
    0xf, 0xff, 0xe0, 0xe6, 0x99, 0xfa, 0x96, 0xe2,
    0xf, 0x23, 0xe0, 0xe2, 0x0, 0xe2, 0x0, 0xe2,
    0x7, 0x0, 0x20, 0xe2, 0x0, 0xe3, 0x13, 0xf1,
    0x0, 0x0, 0x0, 0xe2, 0x0, 0xc6, 0xff, 0xb0,
    0x0, 0x0, 0x0, 0x20, 0x0, 0x0, 0x0, 0x0,

    /* U+5588 "喈" */
    0x0, 0x0, 0x1e, 0x0, 0x5, 0xc0, 0x0, 0x8,
    0x99, 0x91, 0xf1, 0x0, 0x5c, 0x7, 0xc0, 0xe8,
    0x8f, 0x1f, 0xff, 0x95, 0xec, 0xc2, 0xe, 0x32,
    0xf1, 0xf0, 0x0, 0x5f, 0x60, 0x52, 0xe3, 0x2f,
    0x1f, 0x2, 0x55, 0xc0, 0xb, 0x6e, 0x32, 0xf1,
    0xfa, 0xf6, 0x4f, 0x33, 0xe2, 0xe3, 0x2f, 0x3f,
    0x82, 0x83, 0xae, 0xe9, 0xe, 0x32, 0xf0, 0x21,
    0x7d, 0x21, 0x11, 0x0, 0xe3, 0x2f, 0xe, 0xff,
    0xff, 0xff, 0xf5, 0xe, 0x32, 0xf0, 0xe4, 0x0,
    0x0, 0xd, 0x50, 0xe4, 0x4f, 0xe, 0x96, 0x66,
    0x66, 0xe5, 0xe, 0xff, 0xf0, 0xeb, 0x99, 0x99,
    0x9e, 0x50, 0xe3, 0x1b, 0xe, 0x40, 0x0, 0x0,
    0xd5, 0x0, 0x0, 0x0, 0xef, 0xff, 0xff, 0xff,
    0x50, 0x0, 0x0, 0xe, 0x51, 0x11, 0x11, 0xd5,
    0x0,

    /* U+558B "喋" */
    0x0, 0x0, 0x0, 0x0, 0x20, 0x0, 0x10, 0x0,
    0x0, 0x0, 0xb1, 0xe, 0x10, 0x4c, 0x0, 0x88,
    0x88, 0xe, 0x20, 0xe2, 0x4, 0xc0, 0xf, 0x88,
    0xea, 0xff, 0xff, 0xff, 0xff, 0xf5, 0xf1, 0x2e,
    0xe, 0x20, 0xe1, 0x4, 0xc0, 0xf, 0x12, 0xe0,
    0xe2, 0xe, 0xbb, 0xcc, 0x0, 0xf1, 0x2e, 0xe,
    0x20, 0xc5, 0x46, 0xa0, 0xf, 0x12, 0xe0, 0xe2,
    0x0, 0x0, 0x0, 0x0, 0xf1, 0x2e, 0xe, 0xff,
    0xff, 0xff, 0xfd, 0xf, 0x12, 0xe0, 0x0, 0x5,
    0xc0, 0x0, 0x0, 0xf1, 0x2e, 0x8c, 0xcc, 0xdf,
    0xcc, 0xcc, 0x4f, 0xcc, 0xe1, 0x23, 0xeb, 0xde,
    0x52, 0x20, 0xf4, 0x43, 0x1, 0xc9, 0x5c, 0x5e,
    0x20, 0x7, 0x0, 0x3, 0xe9, 0x5, 0xc0, 0x8e,
    0x50, 0x0, 0x6, 0xf7, 0x0, 0x5c, 0x0, 0x7f,
    0x50, 0x0, 0x13, 0x0, 0x5, 0xc0, 0x0, 0x30,

    /* U+5591 "喑" */
    0x0, 0x0, 0x0, 0x0, 0x0, 0x0, 0x0, 0x0,
    0x0, 0x0, 0x0, 0x0, 0x2, 0xe1, 0x0, 0x0,
    0x4, 0x44, 0x30, 0x34, 0x44, 0xc8, 0x44, 0x40,
    0xf, 0xcc, 0xe0, 0xbc, 0xcc, 0xcc, 0xcc, 0xc0,
    0xf, 0x2, 0xe0, 0x4, 0xb0, 0x0, 0xa8, 0x0,
    0xf, 0x2, 0xe0, 0x0, 0xc5, 0x7, 0xd1, 0x0,
    0xf, 0x2, 0xe8, 0xff, 0xff, 0xff, 0xff, 0xfb,
    0xf, 0x2, 0xe0, 0x11, 0x11, 0x11, 0x11, 0x11,
    0xf, 0x2, 0xe0, 0x1, 0x11, 0x11, 0x11, 0x0,
    0xf, 0x2, 0xe0, 0x7f, 0xee, 0xee, 0xef, 0x80,
    0xf, 0x2, 0xe0, 0x7b, 0x0, 0x0, 0xa, 0x80,
    0xf, 0xff, 0xe0, 0x7e, 0xbb, 0xbb, 0xbe, 0x80,
    0xf, 0x2, 0xe0, 0x7c, 0x44, 0x44, 0x4b, 0x80,
    0xa, 0x0, 0x20, 0x7b, 0x0, 0x0, 0xa, 0x80,
    0x0, 0x0, 0x0, 0x7f, 0xff, 0xff, 0xff, 0x80,
    0x0, 0x0, 0x0, 0x7b, 0x11, 0x11, 0x1b, 0x80,

    /* U+5594 "喔" */
    0x0, 0x0, 0x0, 0xbb, 0xbb, 0xbb, 0xbb, 0xb3,
    0x2f, 0xff, 0xd0, 0xf5, 0x44, 0x44, 0x44, 0xd4,
    0x2f, 0x26, 0xd0, 0xf1, 0x0, 0x0, 0x0, 0xc4,
    0x2f, 0x4, 0xd0, 0xfe, 0xee, 0xee, 0xee, 0xf4,
    0x2f, 0x4, 0xd0, 0xf2, 0x0, 0x0, 0x0, 0x31,
    0x2f, 0x4, 0xd0, 0xfa, 0xee, 0xee, 0xee, 0xe8,
    0x2f, 0x4, 0xd0, 0xf1, 0x6, 0xd2, 0x24, 0x0,
    0x2f, 0x4, 0xd0, 0xf0, 0x6d, 0x10, 0x4e, 0x40,
    0x2f, 0x4, 0xd1, 0xf2, 0xfe, 0xde, 0xef, 0xf3,
    0x2f, 0x4, 0xd3, 0xe0, 0x21, 0x39, 0x0, 0x61,
    0x2f, 0x37, 0xd5, 0xc0, 0x0, 0x3d, 0x0, 0x0,
    0x2f, 0xdd, 0xaa, 0x86, 0xff, 0xff, 0xff, 0xf1,
    0x17, 0x0, 0xe, 0x30, 0x0, 0x3d, 0x0, 0x0,
    0x0, 0x0, 0x7d, 0x4c, 0xcc, 0xdf, 0xcc, 0xcb,
    0x0, 0x0, 0x55, 0x2, 0x22, 0x22, 0x22, 0x22,

    /* U+5599 "喙" */
    0x0, 0x0, 0x0, 0x6, 0x80, 0x0, 0x0, 0x0,
    0x4, 0x44, 0x30, 0xa, 0xed, 0xdd, 0xda, 0x0,
    0x1f, 0xcd, 0xe0, 0xd, 0x62, 0x22, 0x8a, 0x0,
    0x1f, 0x3, 0xe0, 0xf, 0xcb, 0xbb, 0xe7, 0x0,
    0x1f, 0x3, 0xe0, 0x1, 0x11, 0x11, 0xd4, 0x0,
    0x1f, 0x3, 0xe6, 0xff, 0xff, 0xff, 0xff, 0xf7,
    0x1f, 0x3, 0xe0, 0x12, 0x9f, 0x71, 0x12, 0x20,
    0x1f, 0x3, 0xe2, 0xae, 0x99, 0xb0, 0x4e, 0x60,
    0x1f, 0x3, 0xe1, 0x81, 0x6e, 0xeb, 0xf6, 0x0,
    0x1f, 0x3, 0xe0, 0x4b, 0xd2, 0xad, 0x96, 0x0,
    0x1f, 0x3, 0xea, 0xf7, 0x7, 0xee, 0x3d, 0x0,
    0x1f, 0xff, 0xe2, 0x10, 0x8d, 0x2f, 0xb, 0x60,
    0x1f, 0x11, 0x10, 0x3c, 0xb0, 0xf, 0x13, 0xf3,
    0x7, 0x0, 0x7, 0xe5, 0x22, 0x7e, 0x0, 0x77,
    0x0, 0x0, 0x1, 0x0, 0xbf, 0xe5, 0x0, 0x0,
    0x0, 0x0, 0x0, 0x0, 0x0, 0x0, 0x0, 0x0,

    /* U+559F "喟" */
    0x0, 0x0, 0x0, 0xee, 0xee, 0xee, 0xee, 0xb0,
    0xaa, 0xa9, 0xf, 0x22, 0x2f, 0x22, 0x5d, 0xf,
    0xbc, 0xe0, 0xf2, 0x11, 0xf2, 0x14, 0xd0, 0xf0,
    0x2e, 0xf, 0xee, 0xef, 0xee, 0xed, 0xf, 0x2,
    0xe0, 0xf0, 0x0, 0xf0, 0x3, 0xd0, 0xf0, 0x2e,
    0xf, 0xff, 0xff, 0xff, 0xfd, 0xf, 0x2, 0xe0,
    0x40, 0x0, 0x0, 0x0, 0x30, 0xf0, 0x2e, 0x5,
    0xff, 0xff, 0xff, 0xf2, 0xf, 0x2, 0xe0, 0x6b,
    0x0, 0x0, 0xe, 0x20, 0xf1, 0x3e, 0x6, 0xfe,
    0xee, 0xee, 0xf2, 0xf, 0xff, 0xe0, 0x6b, 0x0,
    0x0, 0xe, 0x20, 0xf0, 0x2e, 0x6, 0xfe, 0xee,
    0xee, 0xf2, 0xa, 0x0, 0x10, 0x6b, 0x0, 0x0,
    0xe, 0x20, 0x0, 0x0, 0x6, 0xb0, 0x3, 0x45,
    0xf2, 0x0, 0x0, 0x0, 0x6b, 0x0, 0x8d, 0xd9,
    0x0,

    /* U+55B1 "喱" */
    0x0, 0x0, 0x0, 0x55, 0x55, 0x55, 0x55, 0x53,
    0x1a, 0xaa, 0x90, 0xfc, 0xcc, 0xcc, 0xcc, 0xc8,
    0x2f, 0x68, 0xd0, 0xf0, 0x0, 0x0, 0x0, 0x0,
    0x2e, 0x3, 0xd0, 0xf0, 0xef, 0xff, 0xff, 0xf1,
    0x2e, 0x3, 0xd0, 0xf0, 0xe2, 0xf, 0x20, 0xf1,
    0x2e, 0x3, 0xd0, 0xf0, 0xec, 0xcf, 0xcc, 0xf1,
    0x2e, 0x3, 0xd0, 0xf0, 0xe5, 0x4f, 0x54, 0xf1,
    0x2e, 0x3, 0xd0, 0xf0, 0xe2, 0xf, 0x20, 0xf1,
    0x2e, 0x3, 0xd1, 0xf0, 0xef, 0xff, 0xff, 0xf1,
    0x2e, 0x3, 0xd2, 0xe0, 0xe2, 0xf, 0x30, 0xe1,
    0x2f, 0xbc, 0xd4, 0xd0, 0x0, 0xf, 0x30, 0x0,
    0x2f, 0x55, 0x48, 0xa5, 0xff, 0xff, 0xff, 0xf8,
    0x2, 0x0, 0xd, 0x60, 0x0, 0xf, 0x20, 0x0,
    0x0, 0x0, 0x4f, 0x10, 0x0, 0xf, 0x20, 0x0,
    0x0, 0x0, 0xd8, 0x3f, 0xff, 0xff, 0xff, 0xfe,
    0x0, 0x0, 0x30, 0x0, 0x0, 0x0, 0x0, 0x0,

    /* U+55B9 "喹" */
    0x0, 0x0, 0x0, 0x0, 0x0, 0x0, 0x0, 0x0,
    0x0, 0x0, 0x0, 0xa, 0x80, 0x0, 0x0, 0x22,
    0x21, 0x12, 0x23, 0xf5, 0x22, 0x22, 0xf, 0xee,
    0xe7, 0xee, 0xff, 0xef, 0xee, 0xe3, 0xf1, 0x2e,
    0x0, 0x7d, 0x22, 0x6c, 0x10, 0xf, 0x12, 0xe0,
    0x8d, 0x24, 0xe0, 0x7d, 0x40, 0xf1, 0x2f, 0xdc,
    0xde, 0xef, 0xee, 0xaf, 0x8f, 0x12, 0xe6, 0x2,
    0x26, 0xe2, 0x21, 0x21, 0xf1, 0x2e, 0x0, 0x0,
    0x4e, 0x0, 0x0, 0xf, 0x12, 0xe6, 0xff, 0xff,
    0xff, 0xff, 0xf0, 0xf1, 0x2e, 0x0, 0x0, 0x3b,
    0x0, 0x0, 0xf, 0x23, 0xe0, 0x11, 0x15, 0xe1,
    0x11, 0x0, 0xfe, 0xee, 0xe, 0xee, 0xff, 0xee,
    0xe5, 0xc, 0x1, 0x80, 0x0, 0x4, 0xe0, 0x0,
    0x0, 0x0, 0x0, 0xee, 0xee, 0xef, 0xee, 0xee,
    0x70, 0x0, 0x2, 0x22, 0x22, 0x22, 0x22, 0x21,

    /* U+55BD "喽" */
    0x0, 0x0, 0x0, 0x0, 0x0, 0x30, 0x0, 0x0,
    0x0, 0x0, 0x0, 0x12, 0x1, 0xf0, 0x2, 0x10,
    0x7, 0x77, 0x60, 0x4e, 0x31, 0xf0, 0x2e, 0x60,
    0xf, 0x9a, 0xe0, 0x6, 0xc1, 0xf0, 0xd8, 0x0,
    0xf, 0x12, 0xe2, 0x66, 0x77, 0xf7, 0x86, 0x62,
    0xf, 0x12, 0xe2, 0x99, 0xaf, 0xff, 0x99, 0x92,
    0xf, 0x12, 0xe0, 0x1, 0xc7, 0xf7, 0xb0, 0x0,
    0xf, 0x12, 0xe0, 0x3d, 0x71, 0xf0, 0x8d, 0x50,
    0xf, 0x12, 0xe6, 0xf5, 0x2, 0xf0, 0x5, 0xf5,
    0xf, 0x12, 0xe2, 0x30, 0x4e, 0x10, 0x0, 0x20,
    0xf, 0x12, 0xec, 0xff, 0xff, 0xff, 0xff, 0xf9,
    0xf, 0x12, 0xe0, 0x9, 0xb0, 0x3, 0xf1, 0x0,
    0xf, 0x35, 0xe0, 0x2f, 0xb4, 0xc, 0x80, 0x0,
    0xf, 0xdd, 0xc0, 0x1, 0x7e, 0xff, 0x20, 0x0,
    0xc, 0x0, 0x0, 0x15, 0xaf, 0x8a, 0xfb, 0x50,
    0x0, 0x0, 0xd, 0xfb, 0x61, 0x0, 0x18, 0xe4,
    0x0, 0x0, 0x1, 0x0, 0x0, 0x0, 0x0, 0x0,

    /* U+55BE "喾" */
    0x0, 0x0, 0x0, 0x0, 0x0, 0x0, 0x0, 0x0,
    0x0, 0x82, 0x0, 0x99, 0x0, 0x0, 0xb3, 0x0,
    0x0, 0x9d, 0x10, 0x2f, 0x50, 0xb, 0xd1, 0x0,
    0x1, 0x2c, 0x51, 0x16, 0x41, 0x3d, 0x31, 0x10,
    0x5f, 0xee, 0xee, 0xee, 0xee, 0xee, 0xef, 0xe0,
    0x5d, 0x4, 0xb0, 0x6, 0xb0, 0x0, 0x3, 0xe0,
    0x14, 0x2e, 0xec, 0xce, 0xfc, 0xcc, 0xc4, 0x50,
    0x3, 0xe8, 0x33, 0x38, 0xd3, 0x33, 0x30, 0x0,
    0x2, 0x70, 0x0, 0x6, 0xc0, 0x0, 0x0, 0x0,
    0xcf, 0xff, 0xff, 0xff, 0xff, 0xff, 0xff, 0xf5,
    0x0, 0x0, 0x0, 0x0, 0x0, 0x0, 0x0, 0x0,
    0x0, 0x6d, 0xdd, 0xdd, 0xdd, 0xdd, 0xd4, 0x0,
    0x0, 0x7c, 0x33, 0x33, 0x33, 0x33, 0xe4, 0x0,
    0x0, 0x7b, 0x0, 0x0, 0x0, 0x0, 0xe4, 0x0,
    0x0, 0x7f, 0xdd, 0xdd, 0xdd, 0xdd, 0xf4, 0x0,
    0x0, 0x7c, 0x22, 0x22, 0x22, 0x22, 0xe4, 0x0,

    /* U+55C4 "嗄" */
    0x0, 0x0, 0x8, 0xbb, 0xbb, 0xbb, 0xbb, 0xb4,
    0x1c, 0xcc, 0x92, 0x33, 0x4f, 0x43, 0x33, 0x31,
    0x2f, 0x47, 0xd0, 0xbb, 0xcf, 0xbb, 0xbb, 0x20,
    0x2f, 0x4, 0xd0, 0xf3, 0x22, 0x22, 0x2e, 0x20,
    0x2f, 0x4, 0xd0, 0xfd, 0xdd, 0xdd, 0xdf, 0x20,
    0x2f, 0x4, 0xd0, 0xf1, 0x0, 0x0, 0xe, 0x20,
    0x2f, 0x4, 0xd0, 0xff, 0xff, 0xff, 0xff, 0x20,
    0x2f, 0x4, 0xd0, 0xf1, 0x0, 0x0, 0xe, 0x20,
    0x2f, 0x4, 0xd0, 0xfe, 0xee, 0xee, 0xef, 0x20,
    0x2f, 0x4, 0xd0, 0xb, 0x92, 0x22, 0x27, 0x10,
    0x2f, 0xff, 0xd0, 0x9d, 0xaa, 0xaa, 0xdf, 0x20,
    0x2f, 0x0, 0x1b, 0xbd, 0x40, 0x5, 0xe4, 0x0,
    0x5, 0x0, 0x68, 0x2, 0xda, 0xcd, 0x20, 0x0,
    0x0, 0x0, 0x0, 0x38, 0xde, 0xfc, 0x73, 0x20,
    0x0, 0x0, 0x6f, 0xda, 0x50, 0x17, 0xbe, 0xf3,
    0x0, 0x0, 0x1, 0x0, 0x0, 0x0, 0x0, 0x0,

    /* U+55C9 "嗉" */
    0x0, 0x0, 0x0, 0x0, 0x2, 0x40, 0x0, 0x0,
    0x0, 0x0, 0x0, 0x0, 0x7, 0xb0, 0x0, 0x0,
    0x1c, 0xcc, 0xa5, 0xff, 0xff, 0xff, 0xff, 0xf3,
    0x2f, 0x57, 0xd0, 0x0, 0x6, 0xb0, 0x0, 0x0,
    0x2f, 0x4, 0xd0, 0xef, 0xff, 0xff, 0xff, 0x70,
    0x2f, 0x4, 0xd0, 0x0, 0x6, 0xb0, 0x0, 0x0,
    0x2f, 0x4, 0xda, 0xff, 0xff, 0xff, 0xff, 0xf9,
    0x2f, 0x4, 0xd0, 0x7, 0xc3, 0x0, 0x87, 0x0,
    0x2f, 0x4, 0xd1, 0xcd, 0x89, 0xad, 0xb2, 0x0,
    0x2f, 0x4, 0xd0, 0xb9, 0x8e, 0xe5, 0x63, 0x0,
    0x2f, 0x4, 0xd0, 0x6, 0xd7, 0x0, 0x6e, 0x20,
    0x2f, 0x36, 0xd3, 0xef, 0xaa, 0xbc, 0xcd, 0xe1,
    0x2f, 0xee, 0xc1, 0x86, 0x47, 0xc0, 0x0, 0x81,
    0x17, 0x0, 0x0, 0x8c, 0x5, 0xc1, 0xe8, 0x10,
    0x0, 0x0, 0x3d, 0xb4, 0x29, 0xc0, 0x2c, 0xf5,
    0x0, 0x0, 0x25, 0xf, 0xff, 0x50, 0x0, 0x51,
    0x0, 0x0, 0x0, 0x0, 0x0, 0x0, 0x0, 0x0,

    /* U+55CC "嗌" */
    0x0, 0x0, 0x0, 0x0, 0x0, 0x0, 0x10, 0x0,
    0x0, 0x0, 0x0, 0x8b, 0x0, 0x0, 0xc8, 0x0,
    0x18, 0x88, 0x20, 0xd, 0x80, 0x6, 0xe1, 0x0,
    0x3f, 0x9e, 0x40, 0x4, 0x60, 0x2e, 0x50, 0x0,
    0x3e, 0xd, 0x4e, 0xff, 0xff, 0xff, 0xff, 0xf2,
    0x3e, 0xd, 0x40, 0x1, 0x50, 0x4, 0x0, 0x0,
    0x3e, 0xd, 0x40, 0x2e, 0xa0, 0x3e, 0xa1, 0x0,
    0x3e, 0xd, 0x46, 0xe8, 0x0, 0x1, 0x9f, 0x60,
    0x3e, 0xd, 0xae, 0x40, 0x0, 0x0, 0x4, 0xe3,
    0x3e, 0xd, 0x46, 0xdd, 0xdd, 0xdd, 0xdd, 0x20,
    0x3e, 0xd, 0x46, 0xb3, 0xe5, 0x8b, 0x3e, 0x20,
    0x3e, 0x1d, 0x46, 0xa0, 0xe2, 0x6a, 0xe, 0x20,
    0x3f, 0xff, 0x46, 0xa0, 0xe2, 0x6a, 0xe, 0x20,
    0x3e, 0x0, 0x6, 0xa0, 0xe2, 0x6a, 0xe, 0x20,
    0x2, 0x0, 0xbd, 0xeb, 0xfc, 0xde, 0xbf, 0xc6,
    0x0, 0x0, 0x44, 0x44, 0x44, 0x44, 0x44, 0x42,

    /* U+55CD "嗍" */
    0x0, 0x0, 0x9, 0x30, 0x1c, 0x1, 0x11, 0x10,
    0x6, 0x66, 0x5, 0xd0, 0x89, 0xe, 0xff, 0xf1,
    0x1f, 0x8f, 0x21, 0x72, 0xe2, 0xe, 0x10, 0xe1,
    0x1f, 0xe, 0x7f, 0xff, 0xff, 0x9e, 0x10, 0xe1,
    0x1f, 0xe, 0x10, 0xd, 0x20, 0xe, 0x21, 0xe1,
    0x1f, 0xe, 0x1d, 0x1d, 0x2d, 0x1e, 0xff, 0xf1,
    0x1f, 0xe, 0x1e, 0x1d, 0x2e, 0x1e, 0x10, 0xe1,
    0x1f, 0xe, 0x1e, 0x1d, 0x2e, 0x1e, 0x10, 0xe1,
    0x1f, 0xe, 0x1e, 0x1e, 0x2e, 0x1f, 0x54, 0xf1,
    0x1f, 0xe, 0x1d, 0xef, 0xef, 0x1f, 0xaa, 0xf1,
    0x1f, 0xdf, 0x10, 0x1f, 0x8, 0x2f, 0x0, 0xe1,
    0x1f, 0x22, 0x0, 0x5c, 0x0, 0x4c, 0x0, 0xe1,
    0x4, 0x0, 0x0, 0xd7, 0x0, 0xa8, 0x0, 0xe1,
    0x0, 0x0, 0x9, 0xe0, 0x3, 0xf1, 0x12, 0xf1,
    0x0, 0x0, 0x3f, 0x30, 0xa, 0x80, 0xef, 0xa0,
    0x0, 0x0, 0x1, 0x0, 0x1, 0x0, 0x0, 0x0,

    /* U+55D1 "嗑" */
    0x0, 0x0, 0x0, 0x0, 0x1, 0x30, 0x0, 0x0,
    0x0, 0x0, 0x0, 0x0, 0x6, 0xb0, 0x0, 0x0,
    0x4, 0x44, 0x40, 0x8b, 0xbc, 0xeb, 0xbb, 0x0,
    0x2f, 0xcc, 0xe0, 0x46, 0x69, 0xd6, 0x66, 0x0,
    0x2f, 0x2, 0xe0, 0x0, 0x6, 0xb0, 0x0, 0x0,
    0x2f, 0x2, 0xec, 0xff, 0xff, 0xff, 0xff, 0xf5,
    0x2f, 0x2, 0xe0, 0x3, 0xe5, 0x4, 0x50, 0x0,
    0x2f, 0x2, 0xe0, 0x4e, 0x40, 0x2, 0xe6, 0x0,
    0x2f, 0x2, 0xe3, 0xff, 0xff, 0xfe, 0xef, 0x50,
    0x2f, 0x2, 0xe0, 0x41, 0x0, 0x0, 0x4, 0x80,
    0x2f, 0x2, 0xe2, 0xdd, 0xdd, 0xdd, 0xdd, 0x70,
    0x2f, 0x13, 0xe2, 0xd3, 0xb8, 0x3f, 0x39, 0x90,
    0x2f, 0xff, 0xe2, 0xd0, 0xa6, 0x1f, 0x8, 0x90,
    0x2f, 0x0, 0x2, 0xd0, 0xa6, 0x1f, 0x8, 0x90,
    0x6, 0x0, 0x3, 0xd1, 0xa7, 0x1f, 0x18, 0x90,
    0x0, 0x0, 0x3f, 0xff, 0xff, 0xff, 0xff, 0xfb,

    /* U+55D2 "嗒" */
    0x0, 0x0, 0x0, 0x15, 0x0, 0x5, 0x10, 0x0,
    0x0, 0x0, 0x3, 0xd0, 0x0, 0xe3, 0x0, 0xdd,
    0xdd, 0x7e, 0xef, 0xee, 0xef, 0xee, 0x4f, 0x54,
    0xf3, 0x35, 0xe3, 0x33, 0xe5, 0x30, 0xf2, 0xf,
    0x20, 0x19, 0x4d, 0x49, 0x20, 0xf, 0x20, 0xf2,
    0x0, 0x3e, 0x7e, 0x20, 0x0, 0xf2, 0xf, 0x20,
    0x4f, 0x50, 0x6e, 0x40, 0xf, 0x20, 0xf3, 0x9f,
    0x60, 0x0, 0x5f, 0xa2, 0xf2, 0xf, 0x9d, 0x7f,
    0xff, 0xff, 0x5c, 0x4f, 0x20, 0xf2, 0x0, 0x22,
    0x22, 0x20, 0x0, 0xf2, 0xf, 0x22, 0xbb, 0xbb,
    0xbb, 0xb2, 0xf, 0xff, 0xf2, 0x3f, 0x55, 0x55,
    0x5f, 0x30, 0xf4, 0x2f, 0x23, 0xe0, 0x0, 0x0,
    0xf3, 0x8, 0x10, 0x50, 0x3e, 0x0, 0x0, 0xf,
    0x30, 0x0, 0x0, 0x3, 0xff, 0xff, 0xff, 0xf3,
    0x0, 0x0, 0x0, 0x3e, 0x22, 0x22, 0x2f, 0x30,

    /* U+55D4 "嗔" */
    0x0, 0x0, 0x0, 0x0, 0x0, 0x40, 0x0, 0x0,
    0x0, 0x0, 0x0, 0x0, 0x3, 0xf0, 0x0, 0x0,
    0x5, 0x55, 0x42, 0xcc, 0xcd, 0xfc, 0xcc, 0xc3,
    0x1f, 0xcd, 0xe0, 0x44, 0x46, 0xf4, 0x44, 0x41,
    0x1f, 0x13, 0xe0, 0x2a, 0xab, 0xfa, 0xaa, 0x20,
    0x1f, 0x13, 0xe0, 0x3e, 0x22, 0x22, 0x2e, 0x30,
    0x1f, 0x13, 0xe0, 0x3f, 0xee, 0xee, 0xef, 0x30,
    0x1f, 0x13, 0xe0, 0x3e, 0x0, 0x0, 0xe, 0x30,
    0x1f, 0x13, 0xe0, 0x3f, 0xee, 0xee, 0xef, 0x30,
    0x1f, 0x13, 0xe0, 0x3e, 0x0, 0x0, 0xe, 0x30,
    0x1f, 0x13, 0xe0, 0x3f, 0xee, 0xee, 0xef, 0x30,
    0x1f, 0x35, 0xe0, 0x3e, 0x0, 0x0, 0xe, 0x30,
    0x1f, 0xee, 0xdc, 0xff, 0xff, 0xff, 0xff, 0xf9,
    0x1f, 0x10, 0x0, 0x0, 0x82, 0x4, 0x60, 0x0,
    0x5, 0x0, 0x0, 0x4d, 0xe4, 0x4, 0xed, 0x40,
    0x0, 0x0, 0xb, 0xf8, 0x0, 0x0, 0x8, 0xf7,
    0x0, 0x0, 0x3, 0x10, 0x0, 0x0, 0x0, 0x21,

    /* U+55D6 "嗖" */
    0x0, 0x0, 0x0, 0x0, 0x0, 0x50, 0x0, 0x0,
    0x0, 0x0, 0x0, 0x15, 0x93, 0xf2, 0x44, 0x40,
    0xd, 0xdd, 0xb0, 0xfb, 0x63, 0xf5, 0xab, 0xf0,
    0xf, 0x45, 0xe0, 0xf1, 0x1, 0xf0, 0x1, 0xf0,
    0xf, 0x12, 0xe0, 0xf2, 0x22, 0xf0, 0x23, 0xf0,
    0xf, 0x12, 0xe0, 0xfe, 0xe5, 0xf3, 0xee, 0xf0,
    0xf, 0x12, 0xe0, 0xf1, 0x1, 0xf0, 0x1, 0xf0,
    0xf, 0x12, 0xe0, 0xfc, 0xcc, 0xfc, 0xcc, 0xf0,
    0xf, 0x12, 0xe0, 0xd4, 0x34, 0xf4, 0x34, 0xd0,
    0xf, 0x12, 0xe0, 0x0, 0x1, 0xf0, 0x0, 0x0,
    0xf, 0x12, 0xe2, 0xff, 0xff, 0xff, 0xff, 0x50,
    0xf, 0x12, 0xe0, 0xa, 0xa0, 0x0, 0x9d, 0x10,
    0xf, 0xff, 0xe0, 0x1, 0xd9, 0x1a, 0xd2, 0x0,
    0xf, 0x21, 0x10, 0x0, 0x3f, 0xfe, 0x10, 0x0,
    0x0, 0x0, 0x15, 0x8c, 0xfa, 0x7e, 0xfc, 0x94,
    0x0, 0x0, 0x5e, 0xa6, 0x10, 0x0, 0x38, 0xb4,
    0x0, 0x0, 0x0, 0x0, 0x0, 0x0, 0x0, 0x0,

    /* U+55DD "嗝" */
    0x0, 0x0, 0x3c, 0xcc, 0xcc, 0xcc, 0xcc, 0x5d,
    0xdd, 0xc1, 0x33, 0x33, 0x33, 0x33, 0x31, 0xf4,
    0x5e, 0x2, 0xbb, 0xbb, 0xbb, 0xb2, 0xf, 0x22,
    0xe0, 0x3f, 0x33, 0x33, 0x3f, 0x30, 0xf2, 0x2e,
    0x3, 0xe0, 0x0, 0x0, 0xe3, 0xf, 0x22, 0xe0,
    0x3f, 0xff, 0xff, 0xff, 0x30, 0xf2, 0x2e, 0x0,
    0x20, 0x0, 0x0, 0x20, 0xf, 0x22, 0xe2, 0xff,
    0xff, 0xff, 0xff, 0xf2, 0xf2, 0x2e, 0x3f, 0x8,
    0x10, 0x37, 0xf, 0x2f, 0x22, 0xe3, 0xf0, 0x99,
    0xb, 0x80, 0xf2, 0xfa, 0xbe, 0x3f, 0x14, 0x94,
    0xf4, 0x1f, 0x2f, 0x88, 0xe3, 0xf4, 0xbc, 0xfb,
    0xb4, 0xf2, 0x91, 0x17, 0x3f, 0x0, 0x1f, 0x0,
    0xf, 0x20, 0x0, 0x3, 0xf0, 0x1, 0xf0, 0x35,
    0xf1, 0x0, 0x0, 0x3f, 0x0, 0x1f, 0x1e, 0xe9,
    0x0,

    /* U+55DF "嗟" */
    0x0, 0x0, 0x0, 0x0, 0x10, 0x0, 0x1, 0x0,
    0x0, 0x0, 0x0, 0x8, 0xc0, 0x0, 0x8d, 0x0,
    0x18, 0x88, 0x80, 0x0, 0xc4, 0x4, 0xf2, 0x0,
    0x2f, 0x9a, 0xe5, 0xff, 0xff, 0xff, 0xff, 0xf3,
    0x2f, 0x2, 0xe0, 0x11, 0x4f, 0x11, 0x11, 0x10,
    0x2f, 0x2, 0xe0, 0x34, 0x7e, 0x44, 0x44, 0x20,
    0x2f, 0x2, 0xe0, 0xbc, 0xee, 0xcc, 0xcc, 0x90,
    0x2f, 0x2, 0xe0, 0x0, 0xd6, 0x0, 0x0, 0x0,
    0x2f, 0x2, 0xe9, 0xff, 0xff, 0xff, 0xff, 0xf9,
    0x2f, 0x2, 0xe0, 0x1b, 0xa1, 0x11, 0x11, 0x10,
    0x2f, 0x24, 0xe0, 0x4f, 0x74, 0x44, 0x44, 0x20,
    0x2f, 0xff, 0xe1, 0xeb, 0xbb, 0xed, 0xbb, 0x60,
    0x2f, 0x0, 0xb, 0xc0, 0x0, 0xa7, 0x0, 0x0,
    0x3, 0x0, 0xae, 0x10, 0x0, 0xa7, 0x0, 0x0,
    0x0, 0x1, 0xc2, 0xbc, 0xcc, 0xed, 0xcc, 0xc6,
    0x0, 0x0, 0x0, 0x34, 0x44, 0x44, 0x44, 0x42,

    /* U+55E4 "嗤" */
    0x0, 0x0, 0x0, 0x0, 0x0, 0x40, 0x0, 0x0,
    0x0, 0x0, 0x0, 0x40, 0x2, 0xe0, 0x4, 0x10,
    0x7, 0x77, 0x60, 0xf2, 0x2, 0xe0, 0xd, 0x40,
    0xf, 0x99, 0xe0, 0xf8, 0x78, 0xf7, 0x7e, 0x40,
    0xf, 0x2, 0xe0, 0x88, 0x89, 0xf8, 0x8e, 0x40,
    0xf, 0x2, 0xe0, 0x0, 0x2, 0xe0, 0x1, 0x0,
    0xf, 0x2, 0xeb, 0xff, 0xff, 0xff, 0xff, 0xf4,
    0xf, 0x2, 0xe0, 0x11, 0x13, 0xf1, 0x11, 0x10,
    0xf, 0x2, 0xe0, 0x44, 0x46, 0xf4, 0x44, 0x10,
    0xf, 0x2, 0xe0, 0xfb, 0xbc, 0xfb, 0xbf, 0x40,
    0xf, 0x12, 0xe0, 0xf1, 0x2, 0xe0, 0xc, 0x40,
    0xf, 0xee, 0xe0, 0xfd, 0xdd, 0xfd, 0xdf, 0x40,
    0xf, 0x2, 0xe0, 0xf3, 0x24, 0xe2, 0x2c, 0x20,
    0xa, 0x0, 0x50, 0x0, 0x2, 0xe0, 0x1c, 0x90,
    0x0, 0x0, 0xc, 0xde, 0xef, 0xff, 0xfe, 0xf2,
    0x0, 0x0, 0x6, 0x54, 0x32, 0x10, 0x0, 0xb4,

    /* U+55E5 "嗥" */
    0x0, 0x0, 0x0, 0x0, 0x63, 0x0, 0x0, 0x0,
    0x0, 0x0, 0x0, 0x1f, 0x40, 0x0, 0x0, 0xcd,
    0xdb, 0xe, 0xee, 0xfe, 0xee, 0xe2, 0xf, 0x55,
    0xe0, 0xf2, 0x11, 0x11, 0x1e, 0x20, 0xf2, 0x2e,
    0xf, 0x43, 0x33, 0x33, 0xe2, 0xf, 0x22, 0xe0,
    0xfc, 0xcc, 0xcc, 0xcf, 0x20, 0xf2, 0x2e, 0xf,
    0x20, 0x0, 0x0, 0xe2, 0xf, 0x22, 0xe0, 0xfe,
    0xee, 0xee, 0xef, 0x20, 0xf2, 0x2e, 0x4, 0x10,
    0xc6, 0x0, 0x41, 0xf, 0x22, 0xe7, 0xff, 0xff,
    0xff, 0xff, 0x80, 0xf3, 0x4e, 0x0, 0x7f, 0x33,
    0x6b, 0x0, 0xf, 0xff, 0xe0, 0x8f, 0x42, 0xe0,
    0x7c, 0x30, 0xf2, 0x14, 0xdf, 0x52, 0x4e, 0x22,
    0x5d, 0x50, 0x0, 0x39, 0x6d, 0xdd, 0xfd, 0xd7,
    0x0, 0x0, 0x0, 0x0, 0x0, 0x2e, 0x0, 0x0,
    0x0, 0x0, 0x0, 0x0, 0x2, 0xe0, 0x0, 0x0,

    /* U+55E6 "嗦" */
    0x0, 0x0, 0x0, 0x0, 0x4, 0xc0, 0x0, 0x0,
    0x2f, 0xff, 0xc0, 0xcd, 0xde, 0xfd, 0xdd, 0x90,
    0x2f, 0x26, 0xd0, 0x22, 0x26, 0xe2, 0x22, 0x20,
    0x2f, 0x4, 0xd1, 0x22, 0x26, 0xe2, 0x22, 0x20,
    0x2f, 0x4, 0xd7, 0xfe, 0xee, 0xee, 0xee, 0xf3,
    0x2f, 0x4, 0xd7, 0x90, 0x5d, 0x10, 0x0, 0xf3,
    0x2f, 0x4, 0xd3, 0x59, 0xb3, 0x24, 0xc9, 0x61,
    0x2f, 0x4, 0xd0, 0x9f, 0xff, 0xff, 0x70, 0x0,
    0x2f, 0x4, 0xd0, 0x12, 0x5e, 0xb2, 0x94, 0x0,
    0x2f, 0x4, 0xd0, 0x3b, 0xc3, 0x1, 0x7f, 0x30,
    0x2f, 0x4, 0xd2, 0xff, 0xdd, 0xfe, 0xdd, 0xe1,
    0x2f, 0xff, 0xd0, 0x17, 0x3, 0xf0, 0x62, 0x30,
    0x2f, 0x22, 0x23, 0xdc, 0x3, 0xf0, 0xaf, 0x80,
    0x5, 0x0, 0x5f, 0x83, 0x27, 0xe0, 0x5, 0xe9,
    0x0, 0x0, 0x13, 0xd, 0xff, 0x70, 0x0, 0x11,
    0x0, 0x0, 0x0, 0x0, 0x0, 0x0, 0x0, 0x0,

    /* U+55E8 "嗨" */
    0x0, 0x0, 0x0, 0x0, 0x4, 0x30, 0x0, 0x0,
    0x0, 0x0, 0xd, 0x50, 0xe, 0x40, 0x0, 0x0,
    0x1c, 0xcc, 0x15, 0xf6, 0x7f, 0xff, 0xff, 0xf7,
    0x1f, 0x4f, 0x10, 0x23, 0xf4, 0x0, 0x0, 0x0,
    0x1e, 0xe, 0x20, 0xd, 0xdb, 0xbb, 0xbb, 0x80,
    0x1e, 0xe, 0xbb, 0x14, 0x8c, 0x57, 0x4a, 0xa0,
    0x1e, 0xe, 0x2c, 0xe1, 0x99, 0x3e, 0x19, 0x90,
    0x1e, 0xe, 0x10, 0x50, 0xa8, 0x8, 0x39, 0x90,
    0x1e, 0xe, 0x10, 0xd, 0xfe, 0xdd, 0xde, 0xea,
    0x1e, 0xe, 0x12, 0x83, 0xd7, 0x65, 0x2b, 0x92,
    0x1e, 0xe, 0x16, 0xe0, 0xe4, 0x7c, 0xb, 0x70,
    0x1e, 0x1e, 0x1a, 0xb0, 0xf2, 0xb, 0x1b, 0x60,
    0x1f, 0xff, 0x1d, 0x70, 0xfe, 0xdd, 0xdf, 0xe8,
    0x1e, 0x0, 0x1f, 0x30, 0x22, 0x22, 0x2e, 0x61,
    0x2, 0x0, 0x6f, 0x0, 0x0, 0x42, 0x5f, 0x20,
    0x0, 0x0, 0x9c, 0x0, 0x0, 0xff, 0xf8, 0x0,
    0x0, 0x0, 0x1, 0x0, 0x0, 0x0, 0x0, 0x0,

    /* U+55EA "嗪" */
    0x0, 0x0, 0x0, 0x0, 0x3, 0x40, 0x0, 0x0,
    0x0, 0x0, 0x0, 0x0, 0x8, 0x90, 0x0, 0x0,
    0x1c, 0xcc, 0x36, 0xee, 0xef, 0xfe, 0xee, 0xe0,
    0x1f, 0x4c, 0x40, 0x11, 0x1b, 0x61, 0x11, 0x10,
    0x1e, 0xb, 0x40, 0x33, 0x3d, 0x63, 0x33, 0x10,
    0x1e, 0xb, 0x40, 0xcc, 0xcf, 0xcc, 0xcc, 0x70,
    0x1e, 0xb, 0x40, 0x0, 0x7c, 0x0, 0x0, 0x0,
    0x1e, 0xb, 0x6e, 0xef, 0xfe, 0xef, 0xfe, 0xe8,
    0x1e, 0xb, 0x40, 0xb, 0x90, 0x3, 0xe2, 0x0,
    0x1e, 0xb, 0x42, 0xcd, 0xee, 0xff, 0xbe, 0x50,
    0x1e, 0xb, 0x7f, 0x80, 0x15, 0xb0, 0x4, 0xd8,
    0x1f, 0xce, 0x42, 0xbb, 0xbd, 0xeb, 0xbb, 0x60,
    0x1f, 0x4c, 0x40, 0x33, 0xaf, 0xd5, 0x33, 0x10,
    0x6, 0x2, 0x0, 0x4c, 0xa6, 0xee, 0xc7, 0x10,
    0x0, 0x0, 0x3d, 0xd5, 0x5, 0xb0, 0x5b, 0xf4,
    0x0, 0x0, 0x5, 0x0, 0x5, 0xb0, 0x0, 0x10,

    /* U+55EB "嗫" */
    0x0, 0x0, 0x7, 0xcc, 0xcc, 0xcc, 0xcc, 0xc4,
    0xc, 0xcc, 0xa1, 0x4e, 0x22, 0x22, 0x5d, 0x20,
    0xf, 0x9b, 0xd0, 0x2e, 0x33, 0x33, 0x6d, 0x0,
    0xf, 0x3, 0xd0, 0x2f, 0xbb, 0xbb, 0xcd, 0x0,
    0xf, 0x3, 0xd0, 0x2e, 0x22, 0x22, 0x4d, 0x0,
    0xf, 0x3, 0xd0, 0x2f, 0xcc, 0xcc, 0xdd, 0x0,
    0xf, 0x3, 0xd0, 0x2e, 0x0, 0x1, 0x4d, 0x43,
    0xf, 0x3, 0xd7, 0xef, 0xdd, 0xed, 0xdf, 0xa5,
    0xf, 0x3, 0xd0, 0x0, 0x0, 0x0, 0x14, 0x0,
    0xf, 0x3, 0xdb, 0xee, 0xfa, 0xfe, 0xee, 0xf2,
    0xf, 0x3, 0xd5, 0x40, 0x95, 0x88, 0x3, 0xe0,
    0xf, 0xff, 0xd4, 0xeb, 0xd0, 0x2e, 0x3c, 0x60,
    0xf, 0x11, 0x10, 0x4f, 0xc1, 0x8, 0xfb, 0x0,
    0x7, 0x0, 0x7, 0xf6, 0xb6, 0x5d, 0xee, 0x71,
    0x0, 0x0, 0xac, 0x30, 0x8, 0xe6, 0x5, 0xca,
    0x0, 0x0, 0x0, 0x0, 0x0, 0x0, 0x0, 0x0,

    /* U+55EC "嗬" */
    0x0, 0x0, 0x0, 0x1, 0x60, 0x2, 0x40, 0x0,
    0x0, 0x0, 0x0, 0x3, 0xd0, 0x6, 0xa0, 0x0,
    0x1e, 0xee, 0x4f, 0xff, 0xff, 0xff, 0xff, 0xf8,
    0x1f, 0x2d, 0x31, 0x14, 0xd1, 0x17, 0xb1, 0x11,
    0x1f, 0xd, 0x30, 0x4a, 0x30, 0x1, 0x20, 0x0,
    0x1f, 0xd, 0x30, 0xb8, 0xee, 0xee, 0xee, 0xe5,
    0x1f, 0xd, 0x33, 0xf1, 0x22, 0x22, 0x2f, 0x41,
    0x1f, 0xd, 0x4d, 0xf0, 0x0, 0x0, 0xf, 0x20,
    0x1f, 0xd, 0xcf, 0xf0, 0xcf, 0xfd, 0xf, 0x20,
    0x1f, 0xd, 0xa4, 0xf0, 0xc4, 0x3d, 0xf, 0x20,
    0x1f, 0xd, 0x31, 0xf0, 0xc4, 0x2d, 0xf, 0x20,
    0x1f, 0x7e, 0x31, 0xf0, 0xc5, 0x4d, 0xf, 0x20,
    0x1f, 0x9e, 0x31, 0xf0, 0xce, 0xec, 0xf, 0x20,
    0x7, 0x4, 0x11, 0xf0, 0x62, 0x0, 0xf, 0x20,
    0x0, 0x0, 0x1, 0xf0, 0x1, 0x54, 0x7f, 0x0,
    0x0, 0x0, 0x1, 0xf0, 0x0, 0xdd, 0xc5, 0x0,

    /* U+55EF "嗯" */
    0x0, 0x0, 0x0, 0x44, 0x44, 0x44, 0x44, 0x40,
    0x7, 0x77, 0x61, 0xfc, 0xcc, 0xcc, 0xcc, 0xe0,
    0xf, 0x56, 0xe1, 0xf0, 0x1, 0xe0, 0x2, 0xe0,
    0xf, 0x2, 0xe1, 0xf6, 0xdd, 0xfd, 0xd7, 0xe0,
    0xf, 0x2, 0xe1, 0xf1, 0x25, 0xd2, 0x23, 0xe0,
    0xf, 0x2, 0xe1, 0xf0, 0x1d, 0xfb, 0x32, 0xe0,
    0xf, 0x2, 0xe1, 0xf5, 0xfa, 0x7, 0xf6, 0xe0,
    0xf, 0x2, 0xe1, 0xf2, 0x51, 0x11, 0x33, 0xe0,
    0xf, 0x2, 0xe1, 0xff, 0xff, 0xff, 0xff, 0xe0,
    0xf, 0x2, 0xe0, 0xc0, 0xa, 0x40, 0x1, 0xb0,
    0xf, 0xee, 0xe3, 0xb9, 0x84, 0xf4, 0x5, 0x90,
    0xf, 0x22, 0x27, 0x89, 0x80, 0x75, 0x5c, 0xf2,
    0xd, 0x0, 0xc, 0x49, 0x80, 0x0, 0x7a, 0xb9,
    0x0, 0x0, 0x1e, 0x8, 0xb1, 0x12, 0xd6, 0x49,
    0x0, 0x0, 0x2, 0x1, 0xdf, 0xff, 0xa0, 0x0,

    /* U+55F2 "嗲" */
    0x0, 0x0, 0x0, 0x0, 0x0, 0x0, 0x0, 0x0,
    0x0, 0x0, 0x0, 0x0, 0x6d, 0x70, 0x5e, 0x82,
    0x0, 0x2f, 0xff, 0xb5, 0xea, 0x91, 0x2, 0x98,
    0xe8, 0x2, 0xe2, 0x6c, 0x12, 0x7, 0xea, 0xe7,
    0x0, 0x20, 0x2e, 0x4, 0xc0, 0x25, 0xbe, 0xae,
    0xc7, 0x41, 0x2, 0xe0, 0x4c, 0xde, 0xa6, 0x94,
    0x4, 0x8c, 0xe0, 0x2e, 0x4, 0xc1, 0x3, 0xdf,
    0xff, 0xff, 0x80, 0x2, 0xe0, 0x4c, 0xa, 0xe6,
    0x0, 0x3d, 0xa0, 0x0, 0x2e, 0x4, 0xc0, 0x71,
    0xc9, 0x9f, 0x70, 0x0, 0x2, 0xe0, 0x4c, 0x0,
    0x3a, 0xfd, 0x70, 0x0, 0x0, 0x2e, 0x4, 0xc9,
    0xef, 0x97, 0xfb, 0x55, 0x50, 0x2, 0xf3, 0x7c,
    0x45, 0x17, 0xfc, 0xcc, 0xef, 0x10, 0x2f, 0xee,
    0xa0, 0x5e, 0xa6, 0x10, 0x6e, 0x40, 0x0, 0x50,
    0x0, 0x3, 0x20, 0x7e, 0xdc, 0x30, 0x0, 0x0,
    0x0, 0x1, 0x47, 0xbf, 0xc5, 0x0, 0x0, 0x0,
    0x0, 0x0, 0xee, 0xb7, 0x20, 0x0, 0x0, 0x0,
    0x0, 0x0, 0x0, 0x0, 0x0, 0x0, 0x0, 0x0,
    0x0,

    /* U+55F3 "嗳" */
    0x0, 0x0, 0x16, 0x78, 0x99, 0xbc, 0xdd, 0xc,
    0xdd, 0xd1, 0xab, 0x9a, 0xa6, 0x5a, 0x40, 0xf5,
    0x3f, 0x15, 0xc0, 0x4c, 0x3, 0xf2, 0xf, 0x20,
    0xf1, 0xc, 0x20, 0xb1, 0xb7, 0x0, 0xf2, 0xf,
    0x4f, 0xff, 0xff, 0xff, 0xff, 0x2f, 0x20, 0xf4,
    0xe0, 0x24, 0x0, 0x0, 0xe3, 0xf2, 0xf, 0x39,
    0x18, 0xa1, 0x11, 0x19, 0x2f, 0x20, 0xf7, 0xff,
    0xff, 0xff, 0xff, 0xf5, 0xf2, 0xf, 0x10, 0x3e,
    0x0, 0x0, 0x0, 0xf, 0x20, 0xf1, 0xa, 0xff,
    0xff, 0xff, 0x50, 0xf2, 0xf, 0x14, 0xfe, 0x20,
    0x7, 0xd0, 0xf, 0xff, 0xf2, 0xe6, 0x5e, 0x36,
    0xe2, 0x0, 0xf3, 0x11, 0xcb, 0x0, 0x7f, 0xf4,
    0x0, 0x0, 0x0, 0x4d, 0x36, 0xce, 0x79, 0xfc,
    0x83, 0x0, 0x0, 0x17, 0xc6, 0x0, 0x1, 0x6a,
    0x20,

    /* U+55F5 "嗵" */
    0x0, 0x0, 0x27, 0x0, 0x44, 0x44, 0x44, 0x40,
    0x5, 0x55, 0x2f, 0x41, 0xcc, 0xcc, 0xce, 0xf1,
    0x1f, 0xcf, 0x16, 0xe1, 0x6, 0x60, 0x9d, 0x30,
    0x1e, 0xe, 0x10, 0x92, 0x4, 0xbf, 0xd1, 0x0,
    0x1e, 0xe, 0x10, 0x0, 0xef, 0xff, 0xff, 0xf1,
    0x1e, 0xe, 0xbb, 0xa0, 0xe1, 0xe, 0x10, 0xf1,
    0x1e, 0xe, 0x46, 0xe0, 0xed, 0xdf, 0xdd, 0xf1,
    0x1e, 0xe, 0x13, 0xe0, 0xe4, 0x3e, 0x43, 0xf1,
    0x1e, 0xe, 0x13, 0xe0, 0xe2, 0xe, 0x20, 0xf1,
    0x1e, 0xe, 0x13, 0xe0, 0xef, 0xff, 0xff, 0xf1,
    0x1f, 0xff, 0x13, 0xe0, 0xe1, 0xe, 0x10, 0xf1,
    0x1f, 0x33, 0x3, 0xe0, 0xe1, 0xe, 0x44, 0xf0,
    0x5, 0x0, 0x1d, 0xf1, 0xc1, 0x6, 0x8e, 0x90,
    0x0, 0x1, 0xda, 0x9d, 0x52, 0x22, 0x22, 0x22,
    0x0, 0x5, 0xb0, 0x7, 0xdf, 0xff, 0xff, 0xf8,
    0x0, 0x0, 0x0, 0x0, 0x0, 0x0, 0x0, 0x0,

    /* U+55F7 "嗷" */
    0x0, 0x0, 0x0, 0x5, 0x0, 0x0, 0x40, 0x0,
    0x0, 0x0, 0x0, 0xe, 0x20, 0x4, 0xc0, 0x0,
    0x9, 0x99, 0x21, 0x1e, 0x21, 0x8, 0x80, 0x0,
    0x1f, 0x9e, 0x9e, 0xef, 0xee, 0x6c, 0x73, 0x32,
    0x1e, 0xb, 0x40, 0xe, 0x20, 0x1f, 0xaa, 0xf8,
    0x1e, 0xb, 0x4b, 0xff, 0xfe, 0x7d, 0x0, 0xf0,
    0x1e, 0xb, 0x40, 0xe, 0x20, 0xde, 0x0, 0xf0,
    0x1e, 0xb, 0x6c, 0xcf, 0xcc, 0x7c, 0x12, 0xd0,
    0x1e, 0xb, 0x55, 0xe3, 0x33, 0xa, 0x35, 0xb0,
    0x1e, 0xb, 0x43, 0xd0, 0x0, 0x7, 0x78, 0x70,
    0x1e, 0xb, 0x45, 0xfe, 0xef, 0x3, 0xdd, 0x30,
    0x1e, 0xb, 0x48, 0xa0, 0xf, 0x0, 0xde, 0x0,
    0x1f, 0xff, 0x4c, 0x60, 0x1e, 0x0, 0xde, 0x10,
    0x1e, 0x0, 0x3f, 0x10, 0x3d, 0xa, 0xcb, 0xb0,
    0x3, 0x0, 0xda, 0x2d, 0xf8, 0xae, 0x11, 0xe9,
    0x0, 0x0, 0xa1, 0x4, 0x30, 0xa2, 0x0, 0x25,

    /* U+55FE "嗾" */
    0x0, 0x0, 0x0, 0x0, 0x0, 0x0, 0x0, 0x0,
    0x0, 0x0, 0x0, 0xc1, 0x0, 0x96, 0x0, 0x0,
    0x5, 0x55, 0x0, 0x98, 0x0, 0xe4, 0x11, 0x10,
    0x2f, 0xbf, 0x22, 0x36, 0x14, 0xff, 0xff, 0xf3,
    0x2e, 0xe, 0x6f, 0xff, 0xcb, 0x60, 0x0, 0x0,
    0x2e, 0xe, 0x24, 0xc0, 0x4d, 0x3e, 0x0, 0x0,
    0x2e, 0xe, 0x24, 0xc0, 0x2, 0xbf, 0xdd, 0xd1,
    0x2e, 0xe, 0x25, 0xff, 0x96, 0xd5, 0xe1, 0x10,
    0x2e, 0xe, 0x25, 0xb5, 0x9a, 0x34, 0xd0, 0x0,
    0x2e, 0xe, 0x26, 0xa5, 0x86, 0x69, 0xe6, 0x61,
    0x2e, 0xe, 0x28, 0x85, 0x88, 0x9c, 0xf9, 0x91,
    0x2f, 0xdf, 0x2a, 0x66, 0x70, 0x9, 0xf2, 0x0,
    0x2f, 0x33, 0xe, 0x46, 0x70, 0xe, 0x98, 0x0,
    0x18, 0x0, 0x4f, 0x7, 0x60, 0x8a, 0x2e, 0x10,
    0x0, 0x0, 0xcc, 0x2b, 0x46, 0xf2, 0x9, 0xa0,
    0x0, 0x5, 0xf6, 0xfc, 0x6f, 0x50, 0x0, 0xd6,
    0x0, 0x0, 0x30, 0x0, 0x3, 0x0, 0x0, 0x11,

    /* U+5600 "嘀" */
    0x0, 0x0, 0x0, 0x0, 0x0, 0x0, 0x0, 0x0,
    0x0, 0x0, 0x0, 0x0, 0xb, 0x70, 0x0, 0x0,
    0x5, 0x55, 0x42, 0x44, 0x48, 0xd4, 0x44, 0x41,
    0x2f, 0xbd, 0xd8, 0xcd, 0xcc, 0xcc, 0xdc, 0xc5,
    0x2f, 0x5, 0xd0, 0xb, 0x80, 0x5, 0xe0, 0x0,
    0x2f, 0x5, 0xd0, 0x24, 0xe2, 0x2e, 0x62, 0x10,
    0x2f, 0x5, 0xd5, 0xed, 0xdd, 0xed, 0xdd, 0xe0,
    0x2f, 0x5, 0xd5, 0xa0, 0x6, 0xa0, 0x3, 0xe0,
    0x2f, 0x5, 0xd5, 0xab, 0xef, 0xfe, 0xe4, 0xe0,
    0x2f, 0x5, 0xd5, 0xa0, 0x6, 0xa0, 0x3, 0xe0,
    0x2f, 0x5, 0xd5, 0xa4, 0xef, 0xfe, 0x83, 0xe0,
    0x2f, 0x8a, 0xd5, 0xa4, 0xc0, 0x7, 0x93, 0xe0,
    0x2f, 0xcd, 0xd5, 0xa4, 0xc1, 0x18, 0x93, 0xe0,
    0x2f, 0x4, 0xb5, 0xa4, 0xfd, 0xdd, 0x73, 0xe0,
    0x0, 0x0, 0x5, 0xa0, 0x0, 0x3, 0x27, 0xd0,
    0x0, 0x0, 0x5, 0xa0, 0x0, 0xa, 0xff, 0x60,
    0x0, 0x0, 0x1, 0x10, 0x0, 0x0, 0x0, 0x0,

    /* U+5601 "嘁" */
    0x0, 0x0, 0x0, 0x0, 0x0, 0x2, 0x30, 0x0,
    0x0, 0x0, 0x0, 0x0, 0x0, 0x0, 0x5b, 0xa9,
    0x0, 0x19, 0x99, 0x20, 0x0, 0x0, 0x5, 0xb1,
    0xc2, 0x1, 0xf7, 0xe3, 0x4f, 0xff, 0xff, 0xff,
    0xff, 0xc0, 0x1e, 0xd, 0x34, 0xc1, 0x11, 0x15,
    0xc1, 0x11, 0x1, 0xe0, 0xd3, 0x4c, 0xd, 0x10,
    0x4c, 0x5, 0x30, 0x1e, 0xd, 0x34, 0xc0, 0xef,
    0xc3, 0xd0, 0xc5, 0x1, 0xe0, 0xd3, 0x4c, 0xe,
    0x10, 0x2d, 0xf, 0x30, 0x1e, 0xd, 0x35, 0xd3,
    0xe4, 0x34, 0xe2, 0xe0, 0x1, 0xe0, 0xd3, 0x5f,
    0xcd, 0xdc, 0x8f, 0x8a, 0x0, 0x1e, 0xd, 0x37,
    0xa4, 0x89, 0x60, 0xee, 0x40, 0x1, 0xff, 0xf3,
    0x99, 0xd8, 0x9d, 0x4c, 0xd0, 0x30, 0x1e, 0x11,
    0xd, 0x8c, 0x78, 0x59, 0xd7, 0x2f, 0x0, 0x70,
    0x2, 0xf9, 0x67, 0x80, 0x9f, 0xb3, 0xe0, 0x0,
    0x0, 0xbb, 0x4, 0xa8, 0x7e, 0x3f, 0xbc, 0x0,
    0x0, 0xa, 0x30, 0xdc, 0x23, 0x30, 0x6f, 0x60,
    0x0, 0x0, 0x0, 0x0, 0x0, 0x0, 0x0, 0x0,
    0x0,

    /* U+5608 "嘈" */
    0x0, 0x0, 0x0, 0x0, 0x41, 0x5, 0x0, 0x0,
    0x0, 0x0, 0x0, 0x0, 0xc4, 0xe, 0x10, 0x0,
    0xb, 0xbb, 0xab, 0xff, 0xff, 0xff, 0xff, 0xf6,
    0xf, 0x56, 0xe0, 0x0, 0xc4, 0xe, 0x10, 0x0,
    0xf, 0x2, 0xe4, 0xdd, 0xfe, 0xdf, 0xdd, 0xa0,
    0xf, 0x2, 0xe5, 0x90, 0xc4, 0xe, 0x13, 0xc0,
    0xf, 0x2, 0xe5, 0xec, 0xfd, 0xcf, 0xcd, 0xc0,
    0xf, 0x2, 0xe5, 0x90, 0xc4, 0xe, 0x13, 0xc0,
    0xf, 0x2, 0xe5, 0xed, 0xfd, 0xdf, 0xdd, 0xc0,
    0xf, 0x2, 0xe2, 0x40, 0x0, 0x0, 0x1, 0x60,
    0xf, 0x35, 0xe0, 0xbc, 0xcc, 0xcc, 0xcc, 0x30,
    0xf, 0xdd, 0xe0, 0xe4, 0x22, 0x22, 0x2d, 0x40,
    0xf, 0x2, 0xe0, 0xec, 0xbb, 0xbb, 0xbf, 0x40,
    0x9, 0x0, 0x0, 0xe4, 0x22, 0x22, 0x2d, 0x40,
    0x0, 0x0, 0x0, 0xe5, 0x33, 0x33, 0x3d, 0x40,
    0x0, 0x0, 0x0, 0xec, 0xbb, 0xbb, 0xbf, 0x40,

    /* U+560C "嘌" */
    0x0, 0x0, 0x8, 0xcc, 0xcc, 0xcc, 0xcc, 0xc4,
    0x1e, 0xee, 0xb2, 0x33, 0xd6, 0x3f, 0x43, 0x31,
    0x1f, 0x57, 0xc0, 0x0, 0xd3, 0xf, 0x10, 0x0,
    0x1f, 0x4, 0xc8, 0xfe, 0xff, 0xef, 0xee, 0xf0,
    0x1f, 0x4, 0xc8, 0x50, 0xd3, 0xf, 0x11, 0xf0,
    0x1f, 0x4, 0xc8, 0x61, 0xd4, 0x1f, 0x22, 0xf0,
    0x1f, 0x4, 0xc8, 0xed, 0xdd, 0xdd, 0xdd, 0xf0,
    0x1f, 0x4, 0xc1, 0x10, 0x0, 0x0, 0x0, 0x10,
    0x1f, 0x4, 0xc0, 0x9f, 0xff, 0xff, 0xff, 0x10,
    0x1f, 0x4, 0xc0, 0x0, 0x0, 0x0, 0x0, 0x0,
    0x1f, 0x15, 0xca, 0xbb, 0xbb, 0xbb, 0xbb, 0xb4,
    0x1f, 0xee, 0xb4, 0x55, 0x58, 0xe5, 0x55, 0x52,
    0x1f, 0x0, 0x0, 0x9c, 0x4, 0xd0, 0xca, 0x20,
    0x1, 0x0, 0x5e, 0x92, 0x18, 0xc0, 0x1a, 0xf6,
    0x0, 0x0, 0x34, 0x8, 0xff, 0x60, 0x0, 0x42,
    0x0, 0x0, 0x0, 0x0, 0x0, 0x0, 0x0, 0x0,

    /* U+561E "嘞" */
    0x0, 0x0, 0x3, 0x40, 0x6, 0x20, 0x60, 0x0,
    0x0, 0x0, 0x6, 0x80, 0xd, 0x50, 0xf1, 0x0,
    0xc, 0xcc, 0x6e, 0xec, 0xcf, 0xd0, 0xf0, 0x0,
    0xf, 0x4f, 0x27, 0x92, 0x2d, 0x60, 0xf0, 0x0,
    0xf, 0xe, 0x16, 0x92, 0x2d, 0xae, 0xfe, 0xe4,
    0xf, 0xe, 0x16, 0xdf, 0xcf, 0x76, 0xf6, 0xd4,
    0xf, 0xe, 0x11, 0x1d, 0x23, 0x10, 0xf0, 0xc4,
    0xf, 0xe, 0x1e, 0xef, 0xee, 0xd0, 0xf0, 0xc3,
    0xf, 0xe, 0x1e, 0x1d, 0x22, 0xd1, 0xf0, 0xd3,
    0xf, 0xe, 0x1e, 0x3d, 0x43, 0xd2, 0xd0, 0xd2,
    0xf, 0xe, 0x1e, 0xcf, 0xcc, 0xd4, 0xb0, 0xe2,
    0xf, 0x7f, 0x14, 0xd, 0x20, 0x47, 0x90, 0xe1,
    0xf, 0x8f, 0x5f, 0xff, 0xff, 0xeb, 0x50, 0xf1,
    0xc, 0x2, 0x0, 0xd, 0x20, 0xe, 0x10, 0xf0,
    0x0, 0x0, 0x0, 0xd, 0x20, 0x7b, 0x37, 0xe0,
    0x0, 0x0, 0x0, 0xd, 0x20, 0xb5, 0xff, 0x60,
    0x0, 0x0, 0x0, 0x0, 0x0, 0x0, 0x0, 0x0,

    /* U+561F "嘟" */
    0x0, 0x0, 0x0, 0x2, 0x0, 0x0, 0x0, 0x0,
    0x0, 0x0, 0x0, 0xd, 0x0, 0x0, 0x33, 0x31,
    0x5, 0x55, 0x1, 0x1d, 0x10, 0x66, 0xfd, 0xe8,
    0x1f, 0xbf, 0x1e, 0xff, 0xf9, 0xf8, 0xc0, 0xb5,
    0x1e, 0xe, 0x10, 0xd, 0xb, 0x83, 0xc0, 0xe0,
    0x1e, 0xe, 0x10, 0xd, 0x5c, 0x3, 0xc4, 0xa0,
    0x1e, 0xe, 0xaf, 0xff, 0xff, 0xf7, 0xc9, 0x40,
    0x1e, 0xe, 0x10, 0x1c, 0x60, 0x3, 0xcc, 0x40,
    0x1e, 0xe, 0x10, 0xcc, 0x11, 0x3, 0xc3, 0xe0,
    0x1e, 0xe, 0x4d, 0xfe, 0xef, 0x13, 0xc0, 0xb6,
    0x1e, 0xe, 0xdd, 0xd0, 0xd, 0x13, 0xc0, 0x6a,
    0x1e, 0x1e, 0x22, 0xe5, 0x5e, 0x13, 0xc0, 0x4b,
    0x1f, 0xff, 0x12, 0xe9, 0x9f, 0x13, 0xc0, 0x5a,
    0x1c, 0x8, 0x2, 0xd0, 0xd, 0x13, 0xdc, 0xe4,
    0x0, 0x0, 0x2, 0xff, 0xff, 0x13, 0xc1, 0x0,
    0x0, 0x0, 0x2, 0xd0, 0xd, 0x13, 0xc0, 0x0,
    0x0, 0x0, 0x0, 0x0, 0x0, 0x0, 0x10, 0x0,

    /* U+5623 "嘣" */
    0x0, 0x0, 0x0, 0x30, 0x7, 0xd0, 0x0, 0x20,
    0x7, 0x77, 0x2, 0xe0, 0x8, 0xe0, 0x2, 0xe0,
    0x2f, 0xaf, 0x22, 0xf6, 0x6b, 0xe6, 0x67, 0xe0,
    0x2e, 0xe, 0x21, 0xaa, 0xaa, 0xaa, 0xab, 0xe0,
    0x2e, 0xe, 0x20, 0x22, 0x20, 0x2, 0x22, 0x40,
    0x2e, 0xe, 0x25, 0xfd, 0xf4, 0x2f, 0xdd, 0xf4,
    0x2e, 0xe, 0x25, 0xb0, 0xc4, 0x2f, 0x0, 0xc4,
    0x2e, 0xe, 0x25, 0xfd, 0xf4, 0x2f, 0xdd, 0xf4,
    0x2e, 0xe, 0x26, 0xb2, 0xd4, 0x2f, 0x33, 0xd4,
    0x2e, 0xe, 0x26, 0xa0, 0xc4, 0x2e, 0x0, 0xc4,
    0x2f, 0xef, 0x28, 0xff, 0xf4, 0x3f, 0xff, 0xf4,
    0x2e, 0x33, 0xb, 0x60, 0xc4, 0x6b, 0x0, 0xc4,
    0x17, 0x0, 0x1f, 0x20, 0xc4, 0xa8, 0x0, 0xc4,
    0x0, 0x0, 0x7d, 0x13, 0xe5, 0xf4, 0x22, 0xe4,
    0x0, 0x0, 0xe5, 0x5e, 0xb8, 0xc0, 0xcf, 0xd0,
    0x0, 0x0, 0x10, 0x0, 0x0, 0x20, 0x0, 0x0,

    /* U+5624 "嘤" */
    0x0, 0x0, 0x2, 0x33, 0x32, 0x3, 0x33, 0x31,
    0x0, 0x44, 0x40, 0xcc, 0xbb, 0xe1, 0xfb, 0xbd,
    0x80, 0x1f, 0xcf, 0x1c, 0x2d, 0x1e, 0x1e, 0x3b,
    0x78, 0x1, 0xe0, 0xe1, 0xc2, 0xe1, 0xe1, 0xe3,
    0xb7, 0x80, 0x1e, 0xe, 0x1c, 0x3f, 0xe, 0x1e,
    0x4a, 0x78, 0x1, 0xe0, 0xe1, 0x76, 0xf5, 0x81,
    0x89, 0xb4, 0x40, 0x1e, 0xe, 0x10, 0xc8, 0xe5,
    0x2, 0xeb, 0xa0, 0x1, 0xe0, 0xe2, 0xbb, 0x2,
    0x94, 0xe6, 0xb, 0xa0, 0x1e, 0xe, 0x18, 0x0,
    0x4d, 0x55, 0x0, 0x6, 0x1, 0xe0, 0xe2, 0xaa,
    0xae, 0xda, 0xaa, 0xaa, 0x90, 0x1e, 0xe, 0x14,
    0x5e, 0xa4, 0x45, 0xe9, 0x44, 0x1, 0xff, 0xf1,
    0x7, 0xf8, 0x20, 0x9e, 0x0, 0x0, 0x1e, 0x11,
    0x0, 0x2, 0x9f, 0xef, 0x30, 0x0, 0x0, 0x60,
    0x0, 0x1, 0x6b, 0xfb, 0xdf, 0xa4, 0x0, 0x0,
    0x0, 0x5e, 0xfd, 0x82, 0x0, 0x3a, 0xf9, 0x0,
    0x0, 0x0, 0x41, 0x0, 0x0, 0x0, 0x1, 0x10,

    /* U+5627 "嘧" */
    0x0, 0x0, 0x0, 0x0, 0x0, 0x0, 0x0, 0x0,
    0x0, 0x0, 0x0, 0x0, 0x8, 0xa0, 0x0, 0x0,
    0x3, 0x33, 0x32, 0x77, 0x79, 0xf8, 0x77, 0x73,
    0x2f, 0xee, 0xe5, 0xe9, 0x99, 0xa9, 0x99, 0xd7,
    0x2e, 0x2, 0xe4, 0x90, 0x5, 0xb0, 0x15, 0x86,
    0x2e, 0x2, 0xe0, 0x43, 0xf0, 0x93, 0xd5, 0x0,
    0x2e, 0x2, 0xe0, 0xe3, 0xf0, 0x4e, 0x52, 0xc0,
    0x2e, 0x2, 0xe7, 0x83, 0xf9, 0xd3, 0x11, 0xd5,
    0x2e, 0x2, 0xe5, 0x28, 0xf9, 0x0, 0x6b, 0x69,
    0x2e, 0x2, 0xe9, 0xfb, 0xf8, 0x67, 0xd7, 0x0,
    0x2e, 0x2, 0xe4, 0x30, 0x59, 0xfa, 0x70, 0x0,
    0x2f, 0xde, 0xe0, 0xb1, 0x0, 0xf2, 0x0, 0xc0,
    0x2f, 0x35, 0xe0, 0xe2, 0x0, 0xf2, 0x0, 0xf0,
    0x2e, 0x2, 0xe0, 0xe2, 0x0, 0xf2, 0x0, 0xf0,
    0x2, 0x0, 0x0, 0xed, 0xdd, 0xfd, 0xdd, 0xf0,
    0x0, 0x0, 0x0, 0x33, 0x33, 0x33, 0x34, 0xf0,

    /* U+562C "嘬" */
    0x0, 0x0, 0x6, 0xcc, 0xcc, 0xcc, 0xc3, 0xb,
    0xcc, 0xb0, 0x89, 0x22, 0x22, 0x2c, 0x40, 0xf5,
    0x5e, 0x8, 0xfe, 0xee, 0xee, 0xf4, 0xf, 0x12,
    0xe0, 0x88, 0x0, 0x0, 0xb, 0x40, 0xf1, 0x2e,
    0x8, 0xfe, 0xee, 0xee, 0xf4, 0xf, 0x12, 0xe0,
    0x33, 0x0, 0x0, 0x5, 0x20, 0xf1, 0x2e, 0x8e,
    0xee, 0xee, 0xee, 0xee, 0x7f, 0x12, 0xe0, 0xf0,
    0xe, 0x10, 0x0, 0x0, 0xf1, 0x2e, 0xf, 0xbb,
    0xf4, 0xee, 0xee, 0x1f, 0x12, 0xe0, 0xf2, 0x2e,
    0x1c, 0x11, 0xe0, 0xf1, 0x2e, 0xf, 0x77, 0xf1,
    0x86, 0x69, 0xf, 0x56, 0xe0, 0xf8, 0x8f, 0x13,
    0xcd, 0x30, 0xfc, 0xba, 0xf, 0x24, 0xfb, 0x1d,
    0xc0, 0x6, 0x0, 0xc, 0xc9, 0x6f, 0x4b, 0xab,
    0xb3, 0x0, 0x0, 0x0, 0x0, 0xe6, 0x80, 0x8,
    0x30,

    /* U+562D "嘭" */
    0x0, 0x0, 0x0, 0x3, 0x0, 0x0, 0x0, 0x0,
    0x0, 0x0, 0x0, 0xd, 0x20, 0x0, 0x7, 0x50,
    0x1e, 0xee, 0x5b, 0xbf, 0xbb, 0x70, 0x3e, 0x10,
    0x1e, 0x2e, 0x35, 0x5e, 0x65, 0x32, 0xe5, 0x0,
    0x1e, 0xe, 0x20, 0xd, 0x20, 0x2e, 0x70, 0x0,
    0x1e, 0xe, 0x2e, 0xff, 0xff, 0x67, 0x0, 0xa1,
    0x1e, 0xe, 0x20, 0x0, 0x0, 0x0, 0xa, 0xb0,
    0x1e, 0xe, 0x2c, 0xee, 0xee, 0x0, 0x6e, 0x10,
    0x1e, 0xe, 0x2d, 0x10, 0xe, 0x16, 0xf3, 0x0,
    0x1e, 0xe, 0x2d, 0x10, 0xe, 0x6f, 0x40, 0x0,
    0x1e, 0xe, 0x2d, 0xee, 0xef, 0x14, 0x0, 0xa5,
    0x1e, 0x1e, 0x24, 0x30, 0x13, 0x0, 0x5, 0xe1,
    0x1f, 0xff, 0x14, 0xc0, 0x98, 0x0, 0x2f, 0x40,
    0x1c, 0x0, 0x0, 0x92, 0xf6, 0x52, 0xe7, 0x0,
    0x0, 0x0, 0x9c, 0xee, 0xca, 0xae, 0x70, 0x0,
    0x0, 0x0, 0x44, 0x10, 0x0, 0xa5, 0x0, 0x0,

    /* U+5639 "嘹" */
    0x0, 0x0, 0x0, 0x0, 0x0, 0x30, 0x0, 0x0,
    0x0, 0x0, 0x0, 0x0, 0x4, 0xc0, 0x0, 0x0,
    0x4, 0x44, 0x35, 0xaa, 0xac, 0xea, 0xaa, 0xa3,
    0x1f, 0xcc, 0xe3, 0x76, 0x6e, 0xbc, 0x66, 0x62,
    0x1e, 0x2, 0xe2, 0xe6, 0x7c, 0xc, 0x29, 0xb0,
    0x1e, 0x2, 0xe0, 0x2f, 0xd1, 0x3, 0xfa, 0x0,
    0x1e, 0x2, 0xe4, 0xdf, 0xcb, 0xbb, 0xef, 0xa4,
    0x1e, 0x2, 0xeb, 0xf5, 0x33, 0x33, 0x3f, 0xa8,
    0x1e, 0x2, 0xe0, 0xe4, 0x11, 0x11, 0x2f, 0x10,
    0x1e, 0x2, 0xe0, 0xed, 0xcc, 0xcc, 0xcf, 0x10,
    0x1e, 0x2, 0xe0, 0xe4, 0x22, 0x22, 0x2f, 0x10,
    0x1e, 0x2, 0xe0, 0xeb, 0xab, 0xfa, 0xaf, 0x10,
    0x1f, 0xff, 0xe0, 0x78, 0x3, 0xe0, 0x68, 0x0,
    0x1e, 0x11, 0x12, 0xe5, 0x3, 0xe0, 0x6f, 0x40,
    0x1b, 0x0, 0x2e, 0x71, 0x28, 0xe0, 0x5, 0xf4,
    0x0, 0x0, 0x6, 0x9, 0xff, 0x70, 0x0, 0x51,
    0x0, 0x0, 0x0, 0x0, 0x0, 0x0, 0x0, 0x0,

    /* U+564C "噌" */
    0x0, 0x0, 0x0, 0x1, 0x0, 0x0, 0x1, 0x0,
    0x0, 0x0, 0x0, 0xc, 0x80, 0x0, 0x8d, 0x0,
    0x5, 0x55, 0x40, 0x3, 0xe2, 0x4, 0xf3, 0x0,
    0x2f, 0xbc, 0xe3, 0xff, 0xff, 0xff, 0xff, 0xf6,
    0x2e, 0x2, 0xe3, 0xb2, 0x10, 0xf0, 0x22, 0xb6,
    0x2e, 0x2, 0xe3, 0xb6, 0xc1, 0xf1, 0xd5, 0xb6,
    0x2e, 0x2, 0xe3, 0xb0, 0x61, 0xf2, 0x60, 0xb6,
    0x2e, 0x2, 0xe3, 0xfe, 0xee, 0xfe, 0xee, 0xf6,
    0x2e, 0x2, 0xe3, 0x90, 0x0, 0x0, 0x0, 0x95,
    0x2e, 0x2, 0xe0, 0x9b, 0xbb, 0xbb, 0xbb, 0x90,
    0x2e, 0x2, 0xe0, 0xd7, 0x44, 0x44, 0x47, 0xd0,
    0x2f, 0xff, 0xe0, 0xd3, 0x0, 0x0, 0x3, 0xd0,
    0x2e, 0x25, 0xe0, 0xdf, 0xff, 0xff, 0xff, 0xd0,
    0x1c, 0x1, 0x50, 0xd3, 0x0, 0x0, 0x3, 0xd0,
    0x0, 0x0, 0x0, 0xdc, 0xcc, 0xcc, 0xcc, 0xd0,
    0x0, 0x0, 0x0, 0xd6, 0x33, 0x33, 0x36, 0xd0,

    /* U+564D "噍" */
    0x0, 0x0, 0x0, 0x2, 0x0, 0x2, 0x0, 0x0,
    0x0, 0x0, 0x0, 0xd, 0x70, 0x4e, 0x0, 0x0,
    0x17, 0x77, 0x60, 0x3e, 0x10, 0xa, 0x40, 0x0,
    0x2f, 0x9a, 0xe0, 0xaf, 0xff, 0xff, 0xff, 0xf4,
    0x2e, 0x2, 0xe2, 0xf3, 0x0, 0x2e, 0x0, 0x0,
    0x2e, 0x2, 0xea, 0xf5, 0x33, 0x5e, 0x33, 0x20,
    0x2e, 0x2, 0xe9, 0xed, 0xdd, 0xdf, 0xdd, 0x90,
    0x2e, 0x2, 0xe0, 0xe3, 0x0, 0x2e, 0x0, 0x0,
    0x2e, 0x2, 0xe0, 0xef, 0xff, 0xff, 0xff, 0xb0,
    0x2e, 0x2, 0xe0, 0xe4, 0x0, 0x3e, 0x0, 0x0,
    0x2e, 0x2, 0xe0, 0xe6, 0x44, 0x6f, 0x44, 0x41,
    0x2e, 0x2, 0xe0, 0xec, 0xcc, 0xcc, 0xcc, 0xc3,
    0x2f, 0xff, 0xe0, 0x60, 0x11, 0x4, 0x3, 0x40,
    0x2e, 0x11, 0x11, 0xd0, 0xc8, 0xd, 0x34, 0xd0,
    0x18, 0x0, 0x7, 0x80, 0x7d, 0x8, 0x80, 0xe3,
    0x0, 0x0, 0xc, 0x20, 0x3a, 0x3, 0x70, 0x85,
    0x0, 0x0, 0x0, 0x0, 0x0, 0x0, 0x0, 0x0,

    /* U+5654 "噔" */
    0x0, 0x0, 0x0, 0x0, 0x0, 0x1, 0x0, 0x0,
    0x0, 0x0, 0x1, 0x88, 0x88, 0x97, 0x3d, 0x20,
    0xd, 0xdd, 0xb1, 0x88, 0xaf, 0x5e, 0xe6, 0x0,
    0xf, 0x45, 0xe0, 0xa0, 0xa9, 0xe, 0x61, 0xd3,
    0xf, 0x12, 0xe0, 0xbb, 0xf1, 0x6, 0xed, 0xa0,
    0xf, 0x12, 0xe0, 0x3f, 0x71, 0x11, 0xdd, 0x0,
    0xf, 0x12, 0xe2, 0xd9, 0xee, 0xee, 0xbc, 0xd3,
    0xf, 0x12, 0xfd, 0x70, 0x0, 0x0, 0x0, 0x75,
    0xf, 0x12, 0xe0, 0x9f, 0xff, 0xff, 0xff, 0x20,
    0xf, 0x12, 0xe0, 0x98, 0x0, 0x0, 0xf, 0x20,
    0xf, 0x12, 0xe0, 0x9a, 0x44, 0x44, 0x4f, 0x20,
    0xf, 0x12, 0xe0, 0x9e, 0xcc, 0xcc, 0xcf, 0x20,
    0xf, 0x56, 0xe0, 0x17, 0x70, 0x1, 0xb3, 0x0,
    0xf, 0xcb, 0xa0, 0x4, 0xf1, 0x8, 0xc0, 0x0,
    0x6, 0x0, 0x0, 0x11, 0xb4, 0x1e, 0x51, 0x10,
    0x0, 0x0, 0xe, 0xff, 0xff, 0xff, 0xff, 0xf8,

    /* U+5657 "噗" */
    0x0, 0x0, 0x0, 0x0, 0x43, 0x5, 0x20, 0x0,
    0x0, 0x0, 0x2, 0xa0, 0x88, 0xb, 0x51, 0xa0,
    0x1f, 0xff, 0xd0, 0xc7, 0x88, 0xb, 0x5a, 0x90,
    0x1e, 0x23, 0xe0, 0x25, 0x88, 0xb, 0x67, 0x0,
    0x1e, 0x2, 0xe8, 0xdd, 0xee, 0xdf, 0xed, 0xd8,
    0x1e, 0x2, 0xe1, 0x28, 0x72, 0x22, 0x87, 0x21,
    0x1e, 0x2, 0xe0, 0x3, 0xe1, 0x2, 0xe3, 0x0,
    0x1e, 0x2, 0xe5, 0xff, 0xff, 0xff, 0xff, 0xf5,
    0x1e, 0x2, 0xe0, 0x0, 0x2, 0xe0, 0x0, 0x0,
    0x1e, 0x2, 0xe0, 0xcd, 0xde, 0xfd, 0xdd, 0xa0,
    0x1e, 0x2, 0xe0, 0x22, 0x25, 0xe2, 0x22, 0x10,
    0x1e, 0x2, 0xe5, 0x66, 0x69, 0xe6, 0x66, 0x64,
    0x1f, 0xff, 0xe8, 0xaa, 0xaf, 0xfc, 0xaa, 0xa7,
    0x1e, 0x0, 0x0, 0x0, 0x6e, 0x5e, 0x30, 0x0,
    0x3, 0x0, 0x0, 0x4b, 0xe3, 0x5, 0xf9, 0x30,
    0x0, 0x0, 0xd, 0xe8, 0x10, 0x0, 0x29, 0xe8,
    0x0, 0x0, 0x1, 0x0, 0x0, 0x0, 0x0, 0x0,

    /* U+5658 "噘" */
    0x0, 0x0, 0x8, 0x88, 0x88, 0x88, 0x88, 0x85,
    0x1d, 0xdd, 0xf, 0x77, 0x77, 0x87, 0x97, 0x74,
    0x1e, 0x2f, 0xf, 0x2b, 0x3, 0xd0, 0xd2, 0x0,
    0x1e, 0xf, 0xf, 0xb, 0x2a, 0x61, 0xe0, 0x0,
    0x1e, 0xf, 0xf, 0x9f, 0xff, 0xfb, 0xff, 0xf8,
    0x1e, 0xf, 0xf, 0x0, 0xb4, 0xd, 0x30, 0xb5,
    0x1e, 0xf, 0xf, 0x57, 0xb3, 0xd6, 0x63, 0xe0,
    0x1e, 0xf, 0xf, 0x57, 0xb3, 0xd0, 0xc5, 0x50,
    0x1e, 0xf, 0x1e, 0x57, 0xb3, 0xd0, 0xd2, 0x0,
    0x1e, 0xf, 0x2d, 0x5b, 0xd9, 0xe0, 0xf3, 0x0,
    0x1e, 0x4f, 0x5a, 0x39, 0xf9, 0xf3, 0xf8, 0x0,
    0x1f, 0xba, 0x97, 0x1, 0xe0, 0x48, 0xde, 0x0,
    0x3, 0x0, 0xd3, 0x8, 0x90, 0x2f, 0x3c, 0x70,
    0x0, 0x5, 0xd0, 0x4e, 0x13, 0xe9, 0x4, 0xf5,
    0x0, 0x3, 0x50, 0x84, 0x7, 0x80, 0x0, 0x55,

    /* U+5659 "噙" */
    0x0, 0x0, 0x0, 0x0, 0x2, 0x50, 0x0, 0x0,
    0x0, 0x0, 0x0, 0x0, 0x2, 0xef, 0x80, 0x0,
    0x0, 0x4, 0x44, 0x10, 0x4, 0xe9, 0x1c, 0xa0,
    0x0, 0x2, 0xfc, 0xf3, 0x1a, 0xf6, 0x3c, 0xa,
    0xe5, 0x0, 0x2e, 0xd, 0x8f, 0xce, 0xcc, 0xfd,
    0xcf, 0xdb, 0x2, 0xe0, 0xd3, 0x48, 0xc, 0x61,
    0x7b, 0x29, 0x10, 0x2e, 0xd, 0x32, 0xe0, 0x1b,
    0xed, 0x12, 0xe0, 0x2, 0xe0, 0xd3, 0x2e, 0x1a,
    0xd7, 0xda, 0x2e, 0x0, 0x2e, 0xd, 0x32, 0xf7,
    0xc7, 0x77, 0xb8, 0xe0, 0x2, 0xe0, 0xd3, 0x18,
    0x88, 0xbe, 0x88, 0x9e, 0x0, 0x2e, 0xd, 0x34,
    0x55, 0x5c, 0xb5, 0x55, 0x52, 0x2, 0xfe, 0xf3,
    0xda, 0x7b, 0xd7, 0xc8, 0x7d, 0x60, 0x2e, 0x2d,
    0x3d, 0x60, 0xc5, 0x1c, 0x80, 0xa6, 0x2, 0xe0,
    0xb3, 0xd6, 0x7f, 0xff, 0xff, 0x3a, 0x60, 0x0,
    0x0, 0xd, 0x61, 0x42, 0x11, 0x75, 0xd5, 0x0,
    0x0, 0x0, 0xd6, 0x0, 0x0, 0x3f, 0xfd, 0x10,
    0x0, 0x0, 0x1, 0x0, 0x0, 0x0, 0x0, 0x0,
    0x0,

    /* U+565C "噜" */
    0x0, 0x0, 0x0, 0x0, 0x41, 0x0, 0x0, 0x0,
    0x0, 0x0, 0x0, 0x7, 0xf8, 0x77, 0x74, 0x0,
    0x9, 0x99, 0x80, 0x6c, 0x55, 0x58, 0xf5, 0x0,
    0x1f, 0x57, 0xe9, 0xfb, 0xaa, 0xaf, 0xda, 0xa1,
    0x1f, 0x2, 0xe7, 0xf3, 0x34, 0xf3, 0x33, 0xd3,
    0x1f, 0x2, 0xe1, 0xfb, 0xbc, 0xfb, 0xbb, 0xf3,
    0x1f, 0x2, 0xe1, 0xf1, 0x12, 0xf1, 0x11, 0xd3,
    0x1f, 0x2, 0xe1, 0xfd, 0xdd, 0xfd, 0xdd, 0xf3,
    0x1f, 0x2, 0xe0, 0x20, 0x0, 0x0, 0x0, 0x20,
    0x1f, 0x2, 0xe8, 0xee, 0xee, 0xee, 0xee, 0xec,
    0x1f, 0x2, 0xe0, 0x0, 0x0, 0x0, 0x0, 0x0,
    0x1f, 0x24, 0xe0, 0xce, 0xdd, 0xdd, 0xde, 0xd0,
    0x1f, 0xee, 0xe0, 0xc5, 0x0, 0x0, 0x4, 0xd0,
    0xd, 0x1, 0xb0, 0xce, 0xdd, 0xdd, 0xdd, 0xd0,
    0x0, 0x0, 0x0, 0xc5, 0x0, 0x0, 0x4, 0xd0,
    0x0, 0x0, 0x0, 0xce, 0xdd, 0xdd, 0xde, 0xd0,

    /* U+5662 "噢" */
    0x0, 0x0, 0x0, 0x0, 0x0, 0x0, 0x0, 0x0,
    0x0, 0x0, 0x0, 0x0, 0x1f, 0x20, 0x0, 0x0,
    0x2, 0x22, 0x20, 0x88, 0xae, 0x88, 0x88, 0x70,
    0x1f, 0xee, 0xe1, 0xf7, 0x77, 0xa7, 0x78, 0xf0,
    0x1f, 0x2, 0xe1, 0xf3, 0x90, 0xf0, 0xb3, 0xf0,
    0x1f, 0x2, 0xe1, 0xf0, 0x93, 0xf5, 0x71, 0xf0,
    0x1f, 0x2, 0xe1, 0xf8, 0xdd, 0xfd, 0xd8, 0xf0,
    0x1f, 0x2, 0xe1, 0xf1, 0x2d, 0xf3, 0x22, 0xf0,
    0x1f, 0x2, 0xe1, 0xf0, 0xb7, 0xfd, 0x81, 0xf0,
    0x1f, 0x2, 0xe1, 0xfa, 0x70, 0xe0, 0x96, 0xf0,
    0x1f, 0x2, 0xe0, 0x90, 0x3, 0xb0, 0x0, 0x90,
    0x1f, 0x2, 0xe8, 0xee, 0xee, 0xfe, 0xee, 0xe8,
    0x1f, 0xff, 0xe1, 0x22, 0x4f, 0x8d, 0x22, 0x21,
    0x1f, 0x11, 0x10, 0x1, 0xd9, 0xb, 0xa0, 0x0,
    0x3, 0x0, 0x1, 0x8f, 0x90, 0x0, 0xce, 0x72,
    0x0, 0x0, 0xd, 0xc4, 0x0, 0x0, 0x7, 0xe5,
    0x0, 0x0, 0x1, 0x0, 0x0, 0x0, 0x0, 0x0,

    /* U+5664 "噤" */
    0x0, 0x0, 0x0, 0xc, 0x30, 0x1, 0xd0, 0x0,
    0x9, 0x99, 0x11, 0x1d, 0x41, 0x13, 0xe1, 0x10,
    0x1f, 0x8e, 0x3e, 0xef, 0xeb, 0xae, 0xfe, 0xe5,
    0x1e, 0xd, 0x20, 0x8f, 0xa2, 0xb, 0xf8, 0x0,
    0x1e, 0xd, 0x27, 0xbd, 0x59, 0xa8, 0xea, 0x80,
    0x1e, 0xd, 0x7c, 0x1d, 0x3c, 0x82, 0xe0, 0xb9,
    0x1e, 0xd, 0x20, 0x8, 0x22, 0x1, 0x90, 0x1,
    0x1e, 0xd, 0x20, 0x9c, 0xcc, 0xcc, 0xcc, 0x0,
    0x1e, 0xd, 0x20, 0x23, 0x33, 0x33, 0x33, 0x0,
    0x1e, 0xd, 0x22, 0x22, 0x22, 0x22, 0x22, 0x20,
    0x1e, 0x2e, 0x2f, 0xff, 0xff, 0xff, 0xff, 0xf2,
    0x1f, 0xff, 0x20, 0x24, 0x5, 0xc0, 0x20, 0x0,
    0x1c, 0x0, 0x4, 0xea, 0x5, 0xc0, 0xad, 0x30,
    0x0, 0x0, 0x9f, 0x71, 0x19, 0xb0, 0x8, 0xf6,
    0x0, 0x0, 0x82, 0x7, 0xfe, 0x50, 0x0, 0x41,
    0x0, 0x0, 0x0, 0x0, 0x0, 0x0, 0x0, 0x0,

    /* U+566B "噫" */
    0x0, 0x0, 0x0, 0x0, 0x2, 0x30, 0x0, 0x0,
    0x0, 0x0, 0x0, 0x0, 0x7, 0xc0, 0x0, 0x0,
    0x1b, 0xbb, 0x34, 0xff, 0xff, 0xff, 0xff, 0xf0,
    0x2f, 0x4d, 0x40, 0x9, 0x80, 0x0, 0xe5, 0x0,
    0x2e, 0xc, 0x40, 0x14, 0xf1, 0x17, 0xd1, 0x10,
    0x2e, 0xc, 0x4c, 0xee, 0xee, 0xee, 0xee, 0xe8,
    0x2e, 0xc, 0x40, 0x56, 0x66, 0x66, 0x66, 0x30,
    0x2e, 0xc, 0x40, 0xf8, 0x66, 0x66, 0x6b, 0x80,
    0x2e, 0xc, 0x40, 0xfb, 0xaa, 0xaa, 0xad, 0x80,
    0x2e, 0xc, 0x40, 0xf5, 0x33, 0x33, 0x3a, 0x80,
    0x2e, 0xc, 0x40, 0xf8, 0x77, 0x77, 0x7c, 0x80,
    0x2f, 0x4d, 0x40, 0xda, 0xac, 0xba, 0xaa, 0x50,
    0x2f, 0xbb, 0x35, 0x38, 0x35, 0xd1, 0x1, 0x70,
    0x6, 0x0, 0x1f, 0x4c, 0x50, 0x52, 0x79, 0xe3,
    0x0, 0x0, 0x9c, 0xb, 0x70, 0x0, 0xc6, 0x7c,
    0x0, 0x0, 0x33, 0x4, 0xef, 0xff, 0xc0, 0x1,

    /* U+5671 "噱" */
    0x0, 0x0, 0x0, 0x0, 0x26, 0x0, 0x0, 0x0,
    0x0, 0x0, 0x0, 0x0, 0x4, 0xea, 0xaa, 0xa9,
    0x0, 0xc, 0xcc, 0x20, 0x0, 0x4d, 0x44, 0x44,
    0x40, 0x0, 0xf4, 0xe2, 0xbd, 0xde, 0xfd, 0xdd,
    0xdd, 0x40, 0xf, 0xd, 0x2e, 0x31, 0x27, 0x11,
    0x11, 0xe4, 0x0, 0xf0, 0xd2, 0xea, 0xac, 0xfd,
    0xd8, 0x58, 0x10, 0xf, 0xd, 0x2e, 0x52, 0x3f,
    0x43, 0x3c, 0x70, 0x0, 0xf0, 0xd2, 0xe2, 0x0,
    0x58, 0x98, 0x60, 0x0, 0xf, 0xd, 0x2e, 0x6e,
    0xee, 0xee, 0xee, 0xe4, 0x0, 0xf0, 0xd2, 0xf1,
    0x5, 0xcd, 0x0, 0x17, 0x0, 0xf, 0x1d, 0x3f,
    0x7e, 0xa4, 0xe4, 0x4e, 0x80, 0x0, 0xff, 0xf5,
    0xd1, 0x28, 0xd7, 0xfd, 0xb0, 0x0, 0xf, 0x0,
    0x6c, 0xae, 0x83, 0xcf, 0x1d, 0x40, 0x0, 0x30,
    0xb, 0x65, 0x28, 0xd3, 0xc3, 0x4e, 0x40, 0x0,
    0x2, 0xf4, 0xae, 0x81, 0xe, 0x20, 0x6c, 0x0,
    0x0, 0x69, 0x17, 0x10, 0xff, 0xa0, 0x0, 0x0,
    0x0, 0x0, 0x0, 0x0, 0x0, 0x0, 0x0, 0x0,
    0x0,

    /* U+567B "噻" */
    0x0, 0x0, 0x0, 0x0, 0x0, 0x0, 0x0, 0x0,
    0x0, 0x0, 0x0, 0x7, 0xb0, 0x0, 0x0, 0x22,
    0x21, 0x49, 0x99, 0xaf, 0x99, 0x99, 0x2f, 0xee,
    0xe8, 0xa4, 0xa5, 0x47, 0x84, 0xe5, 0xf0, 0x2e,
    0x44, 0xe, 0x20, 0x79, 0x7, 0x2f, 0x2, 0xe4,
    0xee, 0xfe, 0xef, 0xfe, 0xe0, 0xf0, 0x2e, 0x0,
    0xe, 0x10, 0x79, 0x0, 0xf, 0x2, 0xe0, 0xdf,
    0xff, 0xff, 0xff, 0x80, 0xf0, 0x2e, 0x0, 0xe,
    0x20, 0x79, 0x0, 0xf, 0x2, 0xe8, 0xee, 0xfe,
    0xef, 0xfe, 0xe6, 0xf0, 0x2e, 0x0, 0x8a, 0x2a,
    0x2d, 0x20, 0xf, 0x46, 0xe0, 0x8c, 0x13, 0xd0,
    0x5e, 0x50, 0xfc, 0xce, 0xbc, 0xcf, 0xff, 0xff,
    0xae, 0x8f, 0x2, 0xb6, 0x0, 0x3, 0xd0, 0x0,
    0x22, 0x10, 0x0, 0x1c, 0xcc, 0xdf, 0xcc, 0xcb,
    0x0, 0x0, 0x0, 0x33, 0x33, 0x33, 0x33, 0x30,

    /* U+567C "噼" */
    0x0, 0x0, 0x0, 0x0, 0x0, 0x0, 0x0, 0x0,
    0x0, 0x0, 0x1, 0x22, 0x22, 0x1, 0xd0, 0x0,
    0x9, 0x99, 0xa, 0xee, 0xee, 0x12, 0xe5, 0x20,
    0x1e, 0x6e, 0x1a, 0x50, 0x1e, 0x9e, 0xee, 0xe4,
    0x1e, 0xe, 0x1a, 0x50, 0x1e, 0x35, 0x2, 0x70,
    0x1e, 0xe, 0x1a, 0x85, 0x6e, 0x2d, 0x8, 0xa0,
    0x1e, 0xe, 0x1b, 0xca, 0xbe, 0xa, 0x3e, 0x20,
    0x1e, 0xe, 0x1b, 0x30, 0x1, 0xad, 0xdf, 0xd6,
    0x1e, 0xe, 0x1d, 0x31, 0x11, 0x34, 0xd7, 0x42,
    0x1e, 0xe, 0x1f, 0xef, 0xff, 0x0, 0xc4, 0x0,
    0x1e, 0xe, 0x3e, 0xd2, 0xf, 0x23, 0xc6, 0x31,
    0x1f, 0xff, 0x7a, 0xd2, 0xf, 0x7d, 0xfe, 0xd4,
    0x1e, 0x11, 0xb5, 0xd2, 0xf, 0x0, 0xc4, 0x0,
    0x3, 0x3, 0xf1, 0xd4, 0x2f, 0x0, 0xc4, 0x0,
    0x0, 0x2, 0x70, 0xdf, 0xff, 0x0, 0xc4, 0x0,
    0x0, 0x0, 0x0, 0xd2, 0xf, 0x0, 0xc4, 0x0,

    /* U+5685 "嚅" */
    0x0, 0x0, 0x0, 0x44, 0x44, 0x44, 0x44, 0x20,
    0x4, 0x44, 0x11, 0xaa, 0xad, 0xda, 0xaa, 0x60,
    0xf, 0xcf, 0x45, 0x66, 0x6b, 0xc6, 0x66, 0x62,
    0xf, 0xc, 0x4e, 0x96, 0x6b, 0xc6, 0x66, 0xc5,
    0xf, 0xc, 0x4e, 0x7d, 0xd8, 0xab, 0xdb, 0xa5,
    0xf, 0xc, 0x40, 0x34, 0x48, 0xa4, 0x44, 0x20,
    0xf, 0xc, 0x40, 0x69, 0x96, 0x88, 0x99, 0x30,
    0xf, 0xc, 0x4b, 0xbb, 0xbb, 0xbb, 0xbb, 0xb6,
    0xf, 0xc, 0x42, 0x33, 0x4f, 0x33, 0x33, 0x31,
    0xf, 0xc, 0x41, 0x88, 0xaf, 0x88, 0x88, 0x80,
    0xf, 0xff, 0x43, 0xe6, 0xe7, 0x6f, 0x77, 0xf0,
    0xf, 0x1c, 0x43, 0xd0, 0xd2, 0xe, 0x11, 0xf0,
    0xd, 0x7, 0x23, 0xd0, 0xd2, 0xe, 0x11, 0xf0,
    0x0, 0x0, 0x3, 0xd0, 0xd2, 0xe, 0x24, 0xe0,
    0x0, 0x0, 0x3, 0xd0, 0xd2, 0xe, 0x8d, 0x70,

    /* U+5686 "嚆" */
    0x0, 0x0, 0x0, 0x0, 0x20, 0x0, 0x20, 0x0,
    0x0, 0x0, 0x0, 0x1, 0xf0, 0x0, 0xe2, 0x0,
    0x4, 0x44, 0x38, 0xab, 0xfa, 0xaa, 0xfb, 0xa7,
    0xf, 0xdd, 0xd3, 0x55, 0xf5, 0x75, 0xe6, 0x53,
    0xf, 0x4, 0xd0, 0x12, 0x53, 0xf3, 0x42, 0x10,
    0xf, 0x4, 0xd6, 0xcc, 0xcc, 0xcc, 0xcc, 0xc7,
    0xf, 0x4, 0xd0, 0x18, 0x88, 0x88, 0x88, 0x10,
    0xf, 0x4, 0xd0, 0x2e, 0x44, 0x44, 0x4d, 0x20,
    0xf, 0x4, 0xd0, 0x2f, 0xdd, 0xdd, 0xdf, 0x20,
    0xf, 0x4, 0xd0, 0x24, 0x11, 0x11, 0x13, 0x10,
    0xf, 0x4, 0xd4, 0xfd, 0xdd, 0xdd, 0xdd, 0xf2,
    0xf, 0xbc, 0xd4, 0xd0, 0x67, 0x77, 0x60, 0xe2,
    0xf, 0x47, 0xd4, 0xd0, 0xd5, 0x45, 0xe0, 0xe2,
    0xd, 0x2, 0x84, 0xd0, 0xdd, 0xdd, 0xe0, 0xe2,
    0x0, 0x0, 0x4, 0xd0, 0x50, 0x1, 0x24, 0xf1,
    0x0, 0x0, 0x4, 0xd0, 0x0, 0x6, 0xee, 0x90,

    /* U+5693 "嚓" */
    0x0, 0x0, 0x0, 0x0, 0x0, 0x0, 0x0, 0x0,
    0x0, 0x0, 0x0, 0x0, 0xc, 0x80, 0x0, 0x0,
    0x3, 0x33, 0x24, 0x77, 0x7a, 0xe7, 0x77, 0x70,
    0xf, 0xdd, 0xd9, 0xa8, 0x77, 0x77, 0x77, 0xf1,
    0xf, 0x2, 0xd5, 0x5f, 0x21, 0x49, 0x0, 0x80,
    0xf, 0x2, 0xd0, 0xad, 0xdf, 0x4f, 0xee, 0xe0,
    0xf, 0x2, 0xd3, 0xd4, 0x3e, 0xd, 0x29, 0x80,
    0xf, 0x2, 0xdc, 0x3a, 0xf7, 0x6, 0xcc, 0x0,
    0xf, 0x2, 0xd3, 0xb8, 0xd1, 0x11, 0xf5, 0x0,
    0xf, 0x2, 0xd0, 0xae, 0x9e, 0xee, 0x8e, 0x40,
    0xf, 0x2, 0xd9, 0xd3, 0x11, 0x11, 0x15, 0xe6,
    0xf, 0x2, 0xd4, 0x8b, 0xbb, 0xfb, 0xbb, 0x20,
    0xf, 0xee, 0xd0, 0x8, 0x0, 0xf0, 0x62, 0x0,
    0xf, 0x22, 0x10, 0xb9, 0x0, 0xf0, 0x8e, 0x20,
    0xa, 0x0, 0xb, 0x90, 0x12, 0xf0, 0x9, 0xd1,
    0x0, 0x0, 0x5, 0x2, 0xff, 0x90, 0x0, 0x60,
    0x0, 0x0, 0x0, 0x0, 0x0, 0x0, 0x0, 0x0,

    /* U+56AF "嚯" */
    0x0, 0x0, 0x0, 0x4c, 0xcc, 0xcc, 0xcc, 0xb0,
    0x1f, 0xff, 0xc0, 0x12, 0x22, 0xd6, 0x22, 0x20,
    0x1f, 0x25, 0xd4, 0xee, 0xee, 0xfe, 0xee, 0xea,
    0x1f, 0x3, 0xd5, 0xb1, 0x11, 0xc4, 0x11, 0x5b,
    0x1f, 0x3, 0xd5, 0xba, 0xfb, 0xc8, 0xff, 0x7b,
    0x1f, 0x3, 0xd0, 0x1, 0x10, 0xc4, 0x11, 0x10,
    0x1f, 0x3, 0xd0, 0x4d, 0xc8, 0xb7, 0xcc, 0x90,
    0x1f, 0x3, 0xd0, 0xc, 0x60, 0x6d, 0x0, 0x0,
    0x1f, 0x3, 0xd0, 0x8f, 0xdd, 0xef, 0xdd, 0xd6,
    0x1f, 0x3, 0xd8, 0xfd, 0x55, 0x8d, 0x55, 0x51,
    0x1f, 0xdd, 0xd6, 0x6d, 0x44, 0x8d, 0x44, 0x40,
    0x1f, 0x47, 0xd0, 0x5e, 0xaa, 0xbe, 0xaa, 0xa2,
    0x1a, 0x1, 0x40, 0x5d, 0x55, 0x8d, 0x55, 0x51,
    0x0, 0x0, 0x0, 0x5e, 0xbb, 0xce, 0xbb, 0xb7,
    0x0, 0x0, 0x0, 0x5c, 0x11, 0x11, 0x11, 0x11,

    /* U+56D4 "囔" */
    0x0, 0x0, 0x0, 0x0, 0x1, 0x10, 0x0, 0x0,
    0x0, 0x0, 0x2b, 0xbb, 0xbd, 0xeb, 0xbb, 0xb5,
    0x1f, 0xff, 0x1, 0x55, 0x59, 0xb5, 0x55, 0x30,
    0x1e, 0x2e, 0x5, 0xb5, 0x59, 0xb5, 0x58, 0x90,
    0x1d, 0xe, 0x5, 0xc9, 0x9c, 0xd9, 0x9b, 0x90,
    0x1d, 0xe, 0x2a, 0xaa, 0xac, 0xda, 0xaa, 0xa5,
    0x1d, 0xe, 0x4d, 0x66, 0x64, 0x36, 0x66, 0xa8,
    0x1d, 0xe, 0x9, 0x95, 0x8b, 0x7b, 0x57, 0xd0,
    0x1d, 0xe, 0x6, 0x8b, 0xc7, 0x5a, 0xd7, 0x90,
    0x1d, 0xe, 0x1a, 0xac, 0xca, 0xab, 0xea, 0xa3,
    0x1d, 0xe, 0x5, 0x6a, 0xa6, 0x68, 0xd6, 0x60,
    0x1d, 0xe, 0x4, 0x59, 0x95, 0x57, 0xc5, 0x50,
    0x1f, 0xff, 0x5a, 0xaa, 0xff, 0xea, 0xaa, 0xc8,
    0x1d, 0x0, 0x3, 0x8e, 0x81, 0xab, 0x5c, 0xb0,
    0x3, 0x0, 0xdc, 0x8d, 0x14, 0x77, 0xed, 0x51,
    0x0, 0x0, 0x0, 0x5f, 0xc9, 0x60, 0x5, 0xb8,
    0x0, 0x0, 0x0, 0x1, 0x0, 0x0, 0x0, 0x0,

    /* U+56D7 "囗" */
    0x33, 0x33, 0x33, 0x33, 0x33, 0x33, 0x31, 0xef,
    0xff, 0xff, 0xff, 0xff, 0xff, 0xf7, 0xe7, 0x0,
    0x0, 0x0, 0x0, 0x0, 0xe7, 0xe7, 0x0, 0x0,
    0x0, 0x0, 0x0, 0xe7, 0xe7, 0x0, 0x0, 0x0,
    0x0, 0x0, 0xe7, 0xe7, 0x0, 0x0, 0x0, 0x0,
    0x0, 0xe7, 0xe7, 0x0, 0x0, 0x0, 0x0, 0x0,
    0xe7, 0xe7, 0x0, 0x0, 0x0, 0x0, 0x0, 0xe7,
    0xe7, 0x0, 0x0, 0x0, 0x0, 0x0, 0xe7, 0xe7,
    0x0, 0x0, 0x0, 0x0, 0x0, 0xe7, 0xe7, 0x0,
    0x0, 0x0, 0x0, 0x0, 0xe7, 0xe7, 0x0, 0x0,
    0x0, 0x0, 0x0, 0xe7, 0xe9, 0x44, 0x44, 0x44,
    0x44, 0x44, 0xf7, 0xef, 0xff, 0xff, 0xff, 0xff,
    0xff, 0xf7, 0xe7, 0x0, 0x0, 0x0, 0x0, 0x0,
    0xe7,

    /* U+56DD "囝" */
    0x34, 0x44, 0x44, 0x44, 0x44, 0x44, 0x43, 0xee,
    0xee, 0xee, 0xee, 0xee, 0xee, 0xee, 0xe4, 0x0,
    0x0, 0x0, 0x0, 0x0, 0x4e, 0xe4, 0xe, 0xff,
    0xff, 0xff, 0x70, 0x4e, 0xe4, 0x2, 0x22, 0x23,
    0xce, 0x30, 0x4e, 0xe4, 0x0, 0x0, 0x3e, 0xb1,
    0x0, 0x4e, 0xe4, 0x0, 0x0, 0x8b, 0x0, 0x0,
    0x4e, 0xe6, 0xff, 0xff, 0xff, 0xff, 0xff, 0x5e,
    0xe5, 0x22, 0x22, 0x9b, 0x22, 0x22, 0x4e, 0xe4,
    0x0, 0x0, 0x8a, 0x0, 0x0, 0x4e, 0xe4, 0x0,
    0x0, 0x9a, 0x0, 0x0, 0x4e, 0xe4, 0x4, 0xed,
    0xf6, 0x0, 0x0, 0x4e, 0xe4, 0x0, 0x44, 0x30,
    0x0, 0x0, 0x4e, 0xef, 0xee, 0xee, 0xee, 0xee,
    0xee, 0xfe, 0xe7, 0x33, 0x33, 0x33, 0x33, 0x33,
    0x7e, 0x0, 0x0, 0x0, 0x0, 0x0, 0x0, 0x0,

    /* U+56E1 "囡" */
    0x34, 0x44, 0x44, 0x44, 0x44, 0x44, 0x43, 0xee,
    0xdd, 0xdd, 0xdd, 0xdd, 0xdd, 0xee, 0xe4, 0x0,
    0x0, 0x83, 0x0, 0x0, 0x4e, 0xe4, 0x0, 0x3,
    0xf2, 0x0, 0x0, 0x4e, 0xe4, 0x44, 0x4b, 0xc4,
    0x44, 0x44, 0x5e, 0xe5, 0xcc, 0xdf, 0xcc, 0xcf,
    0xdc, 0x7e, 0xe4, 0x0, 0xb9, 0x0, 0x2f, 0x10,
    0x4e, 0xe4, 0x5, 0xf2, 0x0, 0xba, 0x0, 0x4e,
    0xe4, 0x2, 0x9f, 0x99, 0xe1, 0x0, 0x4e, 0xe4,
    0x0, 0x5, 0xff, 0xc3, 0x0, 0x4e, 0xe4, 0x47,
    0xcf, 0x82, 0x9f, 0xb3, 0x4e, 0xe4, 0xda, 0x60,
    0x0, 0x1, 0x9d, 0x4e, 0xe4, 0x0, 0x0, 0x0,
    0x0, 0x0, 0x4e, 0xef, 0xff, 0xff, 0xff, 0xff,
    0xff, 0xfe, 0xe6, 0x22, 0x22, 0x22, 0x22, 0x22,
    0x6e, 0x0, 0x0, 0x0, 0x0, 0x0, 0x0, 0x0,

    /* U+56EB "囫" */
    0x34, 0x44, 0x44, 0x44, 0x44, 0x44, 0x43, 0xee,
    0xdd, 0xdd, 0xdd, 0xdd, 0xdd, 0xee, 0xe4, 0x0,
    0xb3, 0x0, 0x0, 0x0, 0x4e, 0xe4, 0x4, 0xf2,
    0x11, 0x11, 0x10, 0x4e, 0xe4, 0xc, 0xff, 0xff,
    0xff, 0xf4, 0x4e, 0xe4, 0x7c, 0x9, 0x82, 0xe0,
    0xe3, 0x4e, 0xe4, 0xd2, 0x1e, 0x26, 0xa0, 0xf2,
    0x4e, 0xe4, 0x0, 0xb8, 0xd, 0x50, 0xf1, 0x4e,
    0xe4, 0xa, 0xc0, 0x6d, 0x1, 0xf0, 0x4e, 0xe4,
    0xcb, 0x13, 0xf4, 0x2, 0xf0, 0x4e, 0xe4, 0x30,
    0x5e, 0x62, 0x19, 0xc0, 0x4e, 0xe4, 0x2, 0xe4,
    0xf, 0xfd, 0x30, 0x4e, 0xe4, 0x0, 0x0, 0x0,
    0x0, 0x0, 0x4e, 0xef, 0xff, 0xff, 0xff, 0xff,
    0xff, 0xfe, 0xe5, 0x22, 0x22, 0x22, 0x22, 0x22,
    0x5e, 0x0, 0x0, 0x0, 0x0, 0x0, 0x0, 0x0,

    /* U+56F5 "囵" */
    0xbd, 0xdd, 0xdd, 0xdd, 0xdd, 0xdd, 0xdb, 0xe7,
    0x44, 0x44, 0x55, 0x44, 0x44, 0x7e, 0xe4, 0x0,
    0x1, 0xee, 0x10, 0x0, 0x4e, 0xe4, 0x0, 0x1d,
    0x9b, 0xd1, 0x0, 0x4e, 0xe4, 0x4, 0xe9, 0x0,
    0xae, 0x50, 0x4e, 0xe6, 0xbf, 0x50, 0x0, 0x5,
    0xed, 0x7e, 0xe7, 0x93, 0xd0, 0x0, 0x7b, 0x28,
    0x4e, 0xe4, 0x2, 0xf3, 0x9e, 0xc4, 0x0, 0x4e,
    0xe4, 0x2, 0xfe, 0x82, 0x0, 0x60, 0x4e, 0xe4,
    0x2, 0xf0, 0x0, 0x0, 0xf2, 0x4e, 0xe4, 0x1,
    0xf2, 0x0, 0x5, 0xf0, 0x4e, 0xe4, 0x0, 0x9f,
    0xff, 0xff, 0x60, 0x4e, 0xe4, 0x0, 0x0, 0x11,
    0x10, 0x0, 0x4e, 0xef, 0xff, 0xff, 0xff, 0xff,
    0xff, 0xfe, 0xe5, 0x22, 0x22, 0x22, 0x22, 0x22,
    0x5e, 0x0, 0x0, 0x0, 0x0, 0x0, 0x0, 0x0,

    /* U+56F9 "囹" */
    0x34, 0x44, 0x44, 0x44, 0x44, 0x44, 0x43, 0xee,
    0xdd, 0xdd, 0xff, 0xdd, 0xdd, 0xee, 0xe4, 0x0,
    0x1, 0xed, 0x0, 0x0, 0x4e, 0xe4, 0x0, 0xc,
    0x8a, 0xa0, 0x0, 0x4e, 0xe4, 0x1, 0xca, 0x40,
    0xbb, 0x10, 0x4e, 0xe4, 0x5e, 0x80, 0xd5, 0x9,
    0xe7, 0x4e, 0xe8, 0xd4, 0x0, 0x37, 0x0, 0x4c,
    0x6e, 0xe4, 0xc, 0xdd, 0xdd, 0xdd, 0xa0, 0x4e,
    0xe4, 0x3, 0x33, 0x33, 0x6f, 0x60, 0x4e, 0xe4,
    0x0, 0xb5, 0x4, 0xe4, 0x0, 0x4e, 0xe4, 0x0,
    0x4d, 0xce, 0x30, 0x0, 0x4e, 0xe4, 0x0, 0x0,
    0x7f, 0x80, 0x0, 0x4e, 0xe4, 0x0, 0x0, 0x2,
    0xb1, 0x0, 0x4e, 0xef, 0xff, 0xff, 0xff, 0xff,
    0xff, 0xfe, 0xe5, 0x22, 0x22, 0x22, 0x22, 0x22,
    0x5e, 0x0, 0x0, 0x0, 0x0, 0x0, 0x0, 0x0,

    /* U+56FF "囿" */
    0x34, 0x44, 0x44, 0x44, 0x44, 0x44, 0x43, 0xee,
    0xdd, 0xdd, 0xdd, 0xdd, 0xdd, 0xee, 0xe4, 0x0,
    0x7, 0x70, 0x0, 0x0, 0x4e, 0xe4, 0xde, 0xef,
    0xee, 0xee, 0xed, 0x4e, 0xe4, 0x11, 0xaa, 0x11,
    0x11, 0x11, 0x4e, 0xe4, 0x4, 0xff, 0xee, 0xee,
    0xd0, 0x4e, 0xe4, 0x3e, 0xd0, 0x0, 0x3, 0xe0,
    0x4e, 0xe6, 0xec, 0xfd, 0xdd, 0xde, 0xe0, 0x4e,
    0xe4, 0x65, 0xd1, 0x11, 0x14, 0xe0, 0x4e, 0xe4,
    0x5, 0xfd, 0xdd, 0xdd, 0xe0, 0x4e, 0xe4, 0x5,
    0xd2, 0x22, 0x25, 0xe0, 0x4e, 0xe4, 0x5, 0xd0,
    0x2, 0xbd, 0xc0, 0x4e, 0xe4, 0x2, 0x50, 0x0,
    0x76, 0x10, 0x4e, 0xef, 0xff, 0xff, 0xff, 0xff,
    0xff, 0xfe, 0xe6, 0x22, 0x22, 0x22, 0x22, 0x22,
    0x6e,

    /* U+5704 "圄" */
    0xab, 0xbb, 0xbb, 0xbb, 0xbb, 0xbb, 0xba, 0xe8,
    0x66, 0x66, 0x66, 0x66, 0x66, 0x8e, 0xe4, 0x9b,
    0xbb, 0xbb, 0xbb, 0xb1, 0x4e, 0xe4, 0x34, 0x4c,
    0x84, 0x44, 0x40, 0x4e, 0xe4, 0x3, 0x3e, 0x63,
    0x33, 0x0, 0x4e, 0xe4, 0x1b, 0xcf, 0xbb, 0xbf,
    0x0, 0x4e, 0xe4, 0x0, 0x5c, 0x0, 0x1f, 0x0,
    0x4e, 0xe5, 0xee, 0xee, 0xee, 0xee, 0xe8, 0x4e,
    0xe4, 0x1, 0x33, 0x33, 0x33, 0x10, 0x4e, 0xe4,
    0x9, 0xec, 0xcc, 0xce, 0x60, 0x4e, 0xe4, 0x9,
    0x70, 0x0, 0xa, 0x60, 0x4e, 0xe4, 0x9, 0xff,
    0xff, 0xff, 0x60, 0x4e, 0xe4, 0x8, 0x70, 0x0,
    0xa, 0x60, 0x4e, 0xef, 0xee, 0xee, 0xee, 0xee,
    0xee, 0xfe, 0xe6, 0x22, 0x22, 0x22, 0x22, 0x22,
    0x6e, 0x0, 0x0, 0x0, 0x0, 0x0, 0x0, 0x0,

    /* U+5709 "圉" */
    0xce, 0xee, 0xee, 0xee, 0xee, 0xee, 0xec, 0xe5,
    0x22, 0x22, 0x23, 0x22, 0x22, 0x5e, 0xe4, 0x0,
    0x0, 0x5c, 0x0, 0x0, 0x4e, 0xe4, 0xb, 0xff,
    0xff, 0xff, 0xf3, 0x4e, 0xe4, 0x0, 0x0, 0x5c,
    0x0, 0x0, 0x4e, 0xe4, 0xce, 0xee, 0xff, 0xee,
    0xee, 0x5e, 0xe4, 0x0, 0x86, 0x0, 0x2d, 0x10,
    0x4e, 0xe4, 0x0, 0x2d, 0x0, 0xb8, 0x0, 0x4e,
    0xe4, 0x2e, 0xee, 0xff, 0xee, 0xe8, 0x4e, 0xe4,
    0x0, 0x0, 0x5c, 0x0, 0x0, 0x4e, 0xe4, 0xff,
    0xff, 0xff, 0xff, 0xff, 0x9e, 0xe4, 0x0, 0x0,
    0x5c, 0x0, 0x0, 0x4e, 0xe4, 0x0, 0x0, 0x5c,
    0x0, 0x0, 0x4e, 0xee, 0xee, 0xee, 0xef, 0xee,
    0xee, 0xee, 0xe5, 0x22, 0x22, 0x22, 0x22, 0x22,
    0x5e,

    /* U+570A "圊" */
    0xce, 0xee, 0xee, 0xee, 0xee, 0xee, 0xec, 0xe5,
    0x22, 0x22, 0x55, 0x22, 0x22, 0x5e, 0xe4, 0x68,
    0x88, 0xdc, 0x88, 0x86, 0x4e, 0xe4, 0x45, 0x55,
    0xbb, 0x55, 0x54, 0x4e, 0xe4, 0x1d, 0xdd, 0xee,
    0xdd, 0xd0, 0x4e, 0xe6, 0x77, 0x77, 0xcc, 0x77,
    0x77, 0x6e, 0xe5, 0x55, 0x55, 0x55, 0x55, 0x55,
    0x5e, 0xe4, 0xb, 0xdd, 0xdd, 0xdd, 0xa0, 0x4e,
    0xe4, 0xd, 0x75, 0x55, 0x58, 0xc0, 0x4e, 0xe4,
    0xd, 0x97, 0x77, 0x7a, 0xc0, 0x4e, 0xe4, 0xd,
    0xdd, 0xdd, 0xdd, 0xc0, 0x4e, 0xe4, 0xd, 0x40,
    0x3, 0x4a, 0xb0, 0x4e, 0xe4, 0xa, 0x30, 0x4,
    0x99, 0x20, 0x4e, 0xee, 0xee, 0xee, 0xee, 0xee,
    0xee, 0xee, 0xe5, 0x22, 0x22, 0x22, 0x22, 0x22,
    0x5e,

    /* U+571C "圜" */
    0xab, 0xbb, 0xbb, 0xbb, 0xbb, 0xbb, 0xba, 0xe5,
    0x44, 0x44, 0x44, 0x44, 0x44, 0x5e, 0xe1, 0x3c,
    0xcc, 0xcc, 0xcc, 0xc5, 0x1e, 0xe1, 0x4c, 0xd,
    0x11, 0xd0, 0xa6, 0x1e, 0xe1, 0x4f, 0xce, 0xcc,
    0xec, 0xe6, 0x1e, 0xe2, 0x24, 0x22, 0x22, 0x22,
    0x43, 0x2e, 0xe5, 0xdd, 0xdd, 0xdd, 0xdd, 0xdd,
    0x4e, 0xe1, 0x8, 0x88, 0x88, 0x88, 0x80, 0x1e,
    0xe1, 0x1f, 0x33, 0x33, 0x33, 0xf1, 0x1e, 0xe1,
    0x1e, 0xcf, 0xed, 0xcc, 0xd0, 0x1e, 0xe1, 0x16,
    0xda, 0x1c, 0xa8, 0xc1, 0x1e, 0xe6, 0xe7, 0x7a,
    0x67, 0x4c, 0xc5, 0x1e, 0xe1, 0x0, 0x7b, 0x74,
    0x0, 0x48, 0x1e, 0xee, 0xee, 0xee, 0xee, 0xee,
    0xee, 0xee, 0xe3, 0x11, 0x11, 0x11, 0x11, 0x11,
    0x3e,

    /* U+5902 "夂" */
    0x0, 0x0, 0x5, 0x10, 0x0, 0x0, 0x0, 0x0,
    0x0, 0x0, 0x1f, 0x40, 0x0, 0x0, 0x0, 0x0,
    0x0, 0x0, 0x8d, 0x0, 0x0, 0x0, 0x0, 0x0,
    0x0, 0x2, 0xff, 0xee, 0xee, 0xee, 0xe6, 0x0,
    0x0, 0xb, 0xe5, 0x55, 0x55, 0x55, 0xf5, 0x0,
    0x0, 0x8f, 0xf3, 0x0, 0x0, 0x6, 0xe0, 0x0,
    0x6, 0xf4, 0xa9, 0x0, 0x0, 0xd, 0x80, 0x0,
    0x6, 0x70, 0x3f, 0x20, 0x0, 0x7e, 0x0, 0x0,
    0x0, 0x0, 0xb, 0xb0, 0x2, 0xf6, 0x0, 0x0,
    0x0, 0x0, 0x2, 0xf7, 0x1d, 0xb0, 0x0, 0x0,
    0x0, 0x0, 0x0, 0x5f, 0xdd, 0x0, 0x0, 0x0,
    0x0, 0x0, 0x0, 0x3e, 0xf9, 0x0, 0x0, 0x0,
    0x0, 0x0, 0x8, 0xfa, 0x6f, 0xc3, 0x0, 0x0,
    0x0, 0x6, 0xee, 0x60, 0x2, 0xcf, 0xb3, 0x0,
    0x6, 0xef, 0x91, 0x0, 0x0, 0x5, 0xdf, 0xd2,
    0x7, 0x91, 0x0, 0x0, 0x0, 0x0, 0x4, 0x70,

    /* U+5924 "夤" */
    0x0, 0x0, 0x0, 0x0, 0x0, 0x0, 0x0, 0x0,
    0x0, 0x0, 0x18, 0xe7, 0x22, 0x22, 0x21, 0x0,
    0x0, 0x49, 0xdb, 0xbb, 0xbb, 0xcf, 0xf5, 0x0,
    0x5, 0xb5, 0x2b, 0x84, 0x6a, 0xd8, 0x10, 0x0,
    0x0, 0x25, 0x8b, 0xfd, 0xb3, 0x0, 0x0, 0x0,
    0x5, 0x7d, 0xb8, 0x68, 0xf6, 0x55, 0x55, 0x51,
    0x2f, 0x77, 0x77, 0x77, 0x77, 0x77, 0x77, 0xe5,
    0x1d, 0x1d, 0xdd, 0xdd, 0xdd, 0xdd, 0xa0, 0xa4,
    0x0, 0x1, 0x11, 0x1c, 0x51, 0x11, 0x0, 0x0,
    0x0, 0xce, 0xee, 0xef, 0xee, 0xee, 0xee, 0x0,
    0x0, 0xc4, 0x0, 0xc, 0x40, 0x0, 0x2e, 0x0,
    0x0, 0xcd, 0xdd, 0xdf, 0xdd, 0xdd, 0xde, 0x0,
    0x0, 0xc4, 0x0, 0xc, 0x40, 0x0, 0x2e, 0x0,
    0x0, 0xce, 0xdd, 0xdd, 0xdd, 0xdd, 0xde, 0x0,
    0x0, 0x25, 0x8c, 0x40, 0xc, 0xb8, 0x42, 0x0,
    0x5e, 0xeb, 0x72, 0x0, 0x0, 0x37, 0xae, 0xe2,
    0x2, 0x0, 0x0, 0x0, 0x0, 0x0, 0x0, 0x20,

    /* U+5925 "夥" */
    0x0, 0x0, 0x0, 0x0, 0x0, 0x12, 0x0, 0x0,
    0x1c, 0xcc, 0xcc, 0xc6, 0x0, 0xba, 0x0, 0x0,
    0x2e, 0x37, 0xc3, 0x98, 0x6, 0xfd, 0xcc, 0xc0,
    0x2e, 0x5, 0xb0, 0x88, 0x4e, 0x54, 0x49, 0xd0,
    0x2f, 0xef, 0xfe, 0xfc, 0xf6, 0x50, 0x3e, 0x30,
    0x2e, 0x5, 0xb0, 0x89, 0x53, 0xe8, 0xe4, 0x0,
    0x2e, 0x5, 0xb0, 0x88, 0x0, 0x9f, 0x40, 0x0,
    0x2f, 0xef, 0xfe, 0xf8, 0x4c, 0xe7, 0x30, 0x0,
    0x2, 0x5, 0xb0, 0x12, 0xea, 0x4f, 0x62, 0x21,
    0x23, 0x37, 0xc3, 0x33, 0x21, 0xef, 0xff, 0xfa,
    0x9d, 0xdf, 0xfd, 0xdd, 0x3e, 0x92, 0x24, 0xf5,
    0x0, 0x4f, 0xc3, 0x2, 0xe8, 0x50, 0x1d, 0x80,
    0x2, 0xd7, 0xdd, 0x91, 0x50, 0xac, 0xd9, 0x0,
    0x4e, 0x45, 0xb0, 0x97, 0x0, 0x6f, 0x80, 0x0,
    0xa5, 0x5, 0xb0, 0x0, 0x4c, 0xe4, 0x0, 0x0,
    0x0, 0x5, 0xb0, 0xa, 0xe7, 0x0, 0x0, 0x0,
    0x0, 0x0, 0x0, 0x1, 0x0, 0x0, 0x0, 0x0,

    /* U+5981 "妁" */
    0x0, 0x22, 0x0, 0x0, 0x12, 0x0, 0x0, 0x0,
    0x0, 0xab, 0x0, 0x0, 0x9c, 0x0, 0x0, 0x0,
    0x0, 0xc8, 0x0, 0x0, 0xe6, 0x0, 0x0, 0x0,
    0x0, 0xe5, 0x0, 0x4, 0xfb, 0xbb, 0xbb, 0xb1,
    0xef, 0xff, 0xff, 0x1c, 0xb7, 0x77, 0x78, 0xf1,
    0x26, 0xf3, 0x3f, 0x4f, 0x20, 0x0, 0x2, 0xf0,
    0x7, 0xc0, 0x1f, 0xba, 0x0, 0x0, 0x3, 0xf0,
    0xa, 0x80, 0x3d, 0x13, 0xb1, 0x0, 0x3, 0xf0,
    0xe, 0x50, 0x6a, 0x0, 0xcc, 0x0, 0x4, 0xf0,
    0x2f, 0x20, 0xb7, 0x0, 0x1e, 0xa0, 0x4, 0xe0,
    0xa, 0xe5, 0xf2, 0x0, 0x3, 0xf4, 0x5, 0xe0,
    0x0, 0x7f, 0xd0, 0x0, 0x0, 0x20, 0x6, 0xd0,
    0x0, 0x3f, 0xf8, 0x0, 0x0, 0x0, 0x7, 0xc0,
    0x1, 0xe9, 0x4f, 0x80, 0x0, 0x0, 0x8, 0xb0,
    0x3e, 0xb0, 0x4, 0x20, 0x25, 0x43, 0x5e, 0x70,
    0xba, 0x0, 0x0, 0x0, 0x3f, 0xff, 0xfa, 0x0,
    0x0, 0x0, 0x0, 0x0, 0x0, 0x0, 0x0, 0x0,

    /* U+5983 "妃" */
    0x0, 0x21, 0x0, 0x0, 0x0, 0x0, 0x0, 0x0,
    0x0, 0xb8, 0x0, 0x2, 0x22, 0x22, 0x22, 0x0,
    0x0, 0xe5, 0x0, 0x6f, 0xff, 0xff, 0xff, 0x40,
    0x0, 0xf2, 0x0, 0x0, 0x0, 0x0, 0xe, 0x40,
    0xef, 0xff, 0xff, 0x30, 0x0, 0x0, 0xe, 0x40,
    0x27, 0xd2, 0x2f, 0x30, 0x0, 0x0, 0xe, 0x40,
    0x9, 0x90, 0x1f, 0x10, 0x0, 0x0, 0xe, 0x40,
    0xc, 0x60, 0x4e, 0xe, 0xff, 0xff, 0xff, 0x40,
    0xf, 0x20, 0x7a, 0xe, 0x62, 0x22, 0x2b, 0x30,
    0x3f, 0x10, 0xc6, 0xe, 0x40, 0x0, 0x0, 0x0,
    0xa, 0xe5, 0xf1, 0xe, 0x40, 0x0, 0x0, 0x0,
    0x0, 0x8f, 0xb0, 0xe, 0x40, 0x0, 0x0, 0x82,
    0x0, 0x8e, 0xf7, 0xe, 0x40, 0x0, 0x0, 0xe4,
    0x7, 0xf3, 0x5e, 0x2e, 0x60, 0x0, 0x3, 0xf1,
    0xaf, 0x40, 0x0, 0x9, 0xfe, 0xee, 0xef, 0xa0,
    0x62, 0x0, 0x0, 0x0, 0x24, 0x44, 0x32, 0x0,

    /* U+598D "妍" */
    0x0, 0x0, 0x0, 0x0, 0x0, 0x0, 0x0, 0x0,
    0x0, 0xb8, 0x0, 0x2, 0x22, 0x22, 0x22, 0x20,
    0x0, 0xd5, 0x0, 0x4f, 0xff, 0xff, 0xff, 0xe0,
    0x23, 0xf6, 0x33, 0x0, 0xc6, 0x0, 0xd5, 0x0,
    0xaf, 0xff, 0xff, 0x0, 0xc6, 0x0, 0xd5, 0x0,
    0x5, 0xd0, 0x3f, 0x0, 0xc6, 0x0, 0xd5, 0x0,
    0x8, 0xa0, 0x5d, 0x0, 0xc6, 0x0, 0xd5, 0x0,
    0xb, 0x70, 0x8a, 0x12, 0xc8, 0x22, 0xd7, 0x21,
    0xe, 0x30, 0xb7, 0xdf, 0xff, 0xff, 0xff, 0xf7,
    0x2f, 0x10, 0xf3, 0x0, 0xd5, 0x0, 0xd5, 0x0,
    0x9, 0xe8, 0xe0, 0x0, 0xf3, 0x0, 0xd5, 0x0,
    0x0, 0x7f, 0x90, 0x3, 0xf0, 0x0, 0xd5, 0x0,
    0x0, 0x6e, 0xf9, 0x9, 0xb0, 0x0, 0xd5, 0x0,
    0x3, 0xf3, 0x4a, 0x3f, 0x40, 0x0, 0xd5, 0x0,
    0x4f, 0x60, 0x1, 0xdb, 0x0, 0x0, 0xd5, 0x0,
    0x56, 0x0, 0x4, 0xd1, 0x0, 0x0, 0xd5, 0x0,
    0x0, 0x0, 0x0, 0x0, 0x0, 0x0, 0x0, 0x0,

    /* U+5997 "妗" */
    0x0, 0x0, 0x0, 0x0, 0x0, 0x20, 0x0, 0x0,
    0x0, 0x9b, 0x0, 0x0, 0x2, 0xf7, 0x0, 0x0,
    0x0, 0xb8, 0x0, 0x0, 0xa, 0xcf, 0x20, 0x0,
    0x0, 0xd6, 0x0, 0x0, 0x4f, 0x29, 0xd0, 0x0,
    0xbf, 0xff, 0xff, 0x1, 0xe7, 0x0, 0xdb, 0x0,
    0x25, 0xf3, 0x6e, 0xc, 0xb3, 0xa0, 0x2e, 0xa0,
    0x6, 0xc0, 0x5c, 0xcd, 0x11, 0xf5, 0x3, 0xf9,
    0xa, 0x90, 0x7a, 0x81, 0x0, 0x7d, 0x0, 0x42,
    0xd, 0x50, 0xb7, 0x0, 0x0, 0x0, 0x0, 0x0,
    0x1f, 0x30, 0xf3, 0xf, 0xff, 0xff, 0xff, 0x70,
    0x8, 0xe8, 0xe0, 0x2, 0x22, 0x22, 0x5f, 0x40,
    0x0, 0x6f, 0xa0, 0x0, 0x0, 0x0, 0xbc, 0x0,
    0x0, 0x7e, 0xf8, 0x0, 0x0, 0x3, 0xf3, 0x0,
    0x5, 0xf3, 0x4f, 0xa0, 0x0, 0xc, 0xa0, 0x0,
    0x6f, 0x60, 0x3, 0x50, 0x0, 0x6f, 0x10, 0x0,
    0x65, 0x0, 0x0, 0x0, 0x0, 0xd7, 0x0, 0x0,
    0x0, 0x0, 0x0, 0x0, 0x0, 0x0, 0x0, 0x0,

    /* U+599E "妞" */
    0x0, 0x11, 0x0, 0x0, 0x0, 0x0, 0x0, 0x0,
    0x0, 0x9a, 0x0, 0x12, 0x22, 0x22, 0x22, 0x10,
    0x0, 0xc7, 0x0, 0x9f, 0xff, 0xff, 0xff, 0x80,
    0x0, 0xe4, 0x0, 0x0, 0x2f, 0x0, 0xb, 0x70,
    0xcf, 0xff, 0xff, 0x10, 0x3f, 0x0, 0xb, 0x70,
    0x5, 0xe1, 0x1f, 0x0, 0x4e, 0x0, 0xc, 0x60,
    0x8, 0xa0, 0x2e, 0x0, 0x5d, 0x0, 0xd, 0x50,
    0xc, 0x70, 0x4c, 0x12, 0x8d, 0x22, 0x2e, 0x40,
    0xf, 0x30, 0x79, 0x9e, 0xff, 0xee, 0xef, 0x40,
    0x3f, 0x30, 0xd6, 0x0, 0xea, 0x0, 0xf, 0x30,
    0x7, 0xf8, 0xf1, 0x0, 0xf9, 0x0, 0xf, 0x20,
    0x0, 0x4f, 0xd0, 0x1, 0xf7, 0x0, 0xf, 0x20,
    0x0, 0x6e, 0xec, 0x2, 0xf6, 0x0, 0x1f, 0x10,
    0x5, 0xf4, 0x28, 0x3, 0xf5, 0x0, 0x2f, 0x0,
    0x8f, 0x50, 0x2, 0xff, 0xff, 0xff, 0xff, 0xf5,
    0x53, 0x0, 0x0, 0x22, 0x22, 0x22, 0x22, 0x20,

    /* U+59A3 "妣" */
    0x0, 0xa3, 0x0, 0xa4, 0x0, 0xa4, 0x0, 0x0,
    0x0, 0xf3, 0x0, 0xd5, 0x0, 0xd6, 0x0, 0x0,
    0x2, 0xf0, 0x0, 0xd5, 0x0, 0xd6, 0x0, 0x0,
    0x6b, 0xfa, 0xa2, 0xd5, 0x0, 0xd6, 0x5, 0xe2,
    0x4b, 0xd7, 0xe4, 0xd7, 0x22, 0xd6, 0x5f, 0x70,
    0xa, 0x80, 0xf3, 0xdf, 0xfb, 0xdb, 0xf7, 0x0,
    0xd, 0x50, 0xf1, 0xd5, 0x0, 0xdf, 0x50, 0x0,
    0xf, 0x23, 0xf0, 0xd5, 0x0, 0xd7, 0x0, 0x0,
    0x3e, 0x6, 0xc0, 0xd5, 0x0, 0xd6, 0x0, 0x0,
    0x3f, 0x7a, 0x80, 0xd5, 0x0, 0xd6, 0x0, 0x0,
    0x3, 0xef, 0x30, 0xd5, 0x0, 0xd6, 0x0, 0x53,
    0x0, 0x8f, 0xb0, 0xd5, 0x1, 0xd6, 0x0, 0xa7,
    0x2, 0xf6, 0xea, 0xd6, 0x9c, 0xd6, 0x0, 0xc5,
    0x1d, 0x90, 0x21, 0xef, 0xc3, 0xb9, 0x24, 0xf3,
    0xab, 0x0, 0x1, 0xe7, 0x0, 0x4e, 0xff, 0xa0,
    0x10, 0x0, 0x0, 0x10, 0x0, 0x0, 0x0, 0x0,

    /* U+59A4 "妤" */
    0x0, 0x0, 0x0, 0x0, 0x0, 0x0, 0x0, 0x0,
    0x0, 0x0, 0xf3, 0x0, 0x22, 0x22, 0x22, 0x22,
    0x10, 0x0, 0x1f, 0x10, 0xd, 0xff, 0xff, 0xff,
    0xfa, 0x0, 0x3, 0xe0, 0x0, 0x3, 0x10, 0x0,
    0xae, 0x20, 0xd, 0xff, 0xff, 0x60, 0xae, 0x30,
    0xbd, 0x10, 0x0, 0x2a, 0xa2, 0xd5, 0x0, 0x8f,
    0xdc, 0x10, 0x0, 0x0, 0xb6, 0xe, 0x40, 0x0,
    0x5f, 0x40, 0x0, 0x0, 0xf, 0x30, 0xf7, 0xff,
    0xff, 0xff, 0xff, 0xf4, 0x2, 0xf0, 0x3f, 0x13,
    0x33, 0x5f, 0x33, 0x4f, 0x20, 0x6d, 0x7, 0xb0,
    0x0, 0x3, 0xf0, 0x6, 0xd0, 0x1, 0xcd, 0xd6,
    0x0, 0x0, 0x3f, 0x0, 0xb8, 0x0, 0x0, 0xaf,
    0x50, 0x0, 0x3, 0xf0, 0x2, 0x10, 0x0, 0xd,
    0xbf, 0x70, 0x0, 0x3f, 0x0, 0x0, 0x0, 0xa,
    0xc0, 0x5f, 0x30, 0x3, 0xf0, 0x0, 0x0, 0xa,
    0xd1, 0x0, 0x12, 0x33, 0xad, 0x0, 0x0, 0x0,
    0x71, 0x0, 0x0, 0x5f, 0xfe, 0x40, 0x0, 0x0,
    0x0, 0x0, 0x0, 0x0, 0x0, 0x0, 0x0, 0x0,
    0x0,

    /* U+59A9 "妩" */
    0x0, 0x11, 0x0, 0x0, 0x0, 0x0, 0x0, 0x0,
    0x0, 0x9a, 0x0, 0x2, 0x22, 0x22, 0x22, 0x10,
    0x0, 0xb8, 0x0, 0x1f, 0xff, 0xff, 0xff, 0xa0,
    0x0, 0xe5, 0x0, 0x0, 0x6, 0xd0, 0x0, 0x0,
    0x8f, 0xff, 0xfe, 0x0, 0x6, 0xd0, 0x0, 0x0,
    0x15, 0xf3, 0x7d, 0x0, 0x7, 0xc0, 0x0, 0x0,
    0x6, 0xc0, 0x6c, 0x1, 0x19, 0xb1, 0x11, 0x10,
    0x9, 0x90, 0x8a, 0x9f, 0xff, 0xff, 0xff, 0xf8,
    0xc, 0x60, 0xa8, 0x0, 0xd, 0x70, 0x0, 0x0,
    0xf, 0x20, 0xe4, 0x0, 0x1f, 0x7b, 0x0, 0x0,
    0xb, 0xc5, 0xf0, 0x0, 0x5f, 0x5e, 0x0, 0x0,
    0x0, 0xaf, 0xb0, 0x0, 0xc9, 0x5e, 0x0, 0x0,
    0x0, 0x2f, 0xf5, 0x4, 0xf2, 0x5e, 0x0, 0x67,
    0x0, 0xca, 0x8d, 0x1e, 0x90, 0x5e, 0x0, 0x9a,
    0xa, 0xe1, 0x2, 0xcd, 0x0, 0x4f, 0x53, 0xd7,
    0x8e, 0x20, 0xa, 0xd1, 0x0, 0xc, 0xff, 0xd1,
    0x11, 0x0, 0x1, 0x10, 0x0, 0x0, 0x0, 0x0,

    /* U+59AA "妪" */
    0x0, 0x20, 0x0, 0x0, 0x0, 0x0, 0x0, 0x0,
    0x0, 0xd4, 0x0, 0x12, 0x22, 0x22, 0x22, 0x20,
    0x0, 0xf2, 0x0, 0xdf, 0xff, 0xff, 0xff, 0xf3,
    0x2, 0xf0, 0x0, 0xd4, 0x10, 0x0, 0x6, 0x10,
    0xcf, 0xff, 0xf6, 0xd4, 0xd6, 0x0, 0x4f, 0x10,
    0x28, 0xb2, 0xc6, 0xd4, 0x4f, 0x10, 0xb8, 0x0,
    0xa, 0x80, 0xc5, 0xd4, 0xa, 0xb3, 0xf1, 0x0,
    0xd, 0x50, 0xe3, 0xd4, 0x1, 0xfe, 0x80, 0x0,
    0xf, 0x20, 0xf1, 0xd4, 0x0, 0x8f, 0x20, 0x0,
    0x3e, 0x3, 0xe0, 0xd4, 0x0, 0xdf, 0x80, 0x0,
    0x5f, 0x37, 0xb0, 0xd4, 0x8, 0xd5, 0xf2, 0x0,
    0x7, 0xfe, 0x60, 0xd4, 0x2f, 0x40, 0xcb, 0x0,
    0x0, 0x9f, 0x50, 0xd4, 0xca, 0x0, 0x3f, 0x40,
    0x0, 0xec, 0xf5, 0xd6, 0xd1, 0x0, 0x8, 0x30,
    0xb, 0xc0, 0x87, 0xd5, 0x11, 0x11, 0x11, 0x10,
    0xad, 0x10, 0x0, 0xdf, 0xff, 0xff, 0xff, 0xf4,
    0x41, 0x0, 0x0, 0x0, 0x0, 0x0, 0x0, 0x0,

    /* U+59AB "妫" */
    0x0, 0x2, 0x0, 0x0, 0x0, 0x30, 0x0, 0x0,
    0x0, 0xf, 0x30, 0x3, 0x0, 0xf3, 0x0, 0x0,
    0x0, 0x1f, 0x0, 0xd, 0x70, 0xf2, 0x0, 0x0,
    0x0, 0x3e, 0x0, 0x3, 0xf1, 0xf2, 0x0, 0x0,
    0xd, 0xff, 0xff, 0x61, 0x31, 0xf2, 0x11, 0x10,
    0x2, 0xaa, 0x2d, 0x6f, 0xff, 0xff, 0xff, 0xff,
    0x0, 0xb6, 0xe, 0x41, 0x13, 0xf1, 0x11, 0x4e,
    0x0, 0xe3, 0xf, 0x10, 0x4, 0xd0, 0x0, 0x3e,
    0x2, 0xf0, 0x2f, 0x0, 0x7, 0xc6, 0x90, 0x4e,
    0x6, 0xd0, 0x6b, 0x0, 0xb, 0x92, 0xf3, 0x4d,
    0x2, 0xea, 0xc7, 0x0, 0xf, 0x40, 0x9b, 0x5d,
    0x0, 0x1c, 0xf3, 0x0, 0x6f, 0x0, 0x23, 0x5c,
    0x0, 0xb, 0xee, 0x30, 0xe8, 0x0, 0x0, 0x6c,
    0x0, 0x7e, 0x1a, 0xa7, 0xe0, 0x0, 0x0, 0x8a,
    0x6, 0xf4, 0x0, 0x5f, 0x60, 0x6, 0x55, 0xe7,
    0xc, 0x40, 0x0, 0xe8, 0x0, 0xd, 0xff, 0xb0,
    0x0, 0x0, 0x0, 0x20, 0x0, 0x0, 0x0, 0x0,

    /* U+59AF "妯" */
    0x0, 0x11, 0x0, 0x0, 0x0, 0x1, 0x0, 0x0,
    0x0, 0x8a, 0x0, 0x0, 0x0, 0x4d, 0x0, 0x0,
    0x0, 0xb7, 0x0, 0x0, 0x0, 0x4d, 0x0, 0x0,
    0x0, 0xd5, 0x0, 0x3, 0x33, 0x6d, 0x33, 0x30,
    0x8f, 0xff, 0xfe, 0xf, 0xee, 0xef, 0xee, 0xf1,
    0x15, 0xf2, 0x6e, 0xf, 0x20, 0x4d, 0x0, 0xf1,
    0x6, 0xc0, 0x5c, 0xf, 0x20, 0x4d, 0x0, 0xf1,
    0x9, 0x90, 0x7a, 0xf, 0x20, 0x4d, 0x0, 0xf1,
    0xc, 0x50, 0xa7, 0xf, 0x31, 0x5d, 0x12, 0xf1,
    0xf, 0x30, 0xd4, 0xf, 0xff, 0xff, 0xff, 0xf1,
    0x8, 0xe5, 0xf0, 0xf, 0x20, 0x4d, 0x0, 0xf1,
    0x0, 0x7f, 0xa0, 0xf, 0x20, 0x4d, 0x0, 0xf1,
    0x0, 0x5f, 0xf5, 0xf, 0x20, 0x4d, 0x0, 0xf1,
    0x2, 0xf5, 0x6f, 0x5f, 0x31, 0x5d, 0x12, 0xf1,
    0x4f, 0x80, 0x5, 0x2f, 0xff, 0xff, 0xff, 0xf1,
    0x57, 0x0, 0x0, 0xf, 0x20, 0x0, 0x0, 0xf1,

    /* U+59B2 "妲" */
    0x0, 0x10, 0x0, 0x0, 0x0, 0x0, 0x0, 0x0,
    0x0, 0xd4, 0x0, 0x1, 0x11, 0x11, 0x11, 0x0,
    0x0, 0xf2, 0x0, 0x5f, 0xff, 0xff, 0xff, 0x40,
    0x2, 0xf0, 0x0, 0x5d, 0x0, 0x0, 0xe, 0x40,
    0xbe, 0xfe, 0xe6, 0x5d, 0x0, 0x0, 0xe, 0x40,
    0x18, 0xb2, 0xc6, 0x5d, 0x0, 0x0, 0xe, 0x40,
    0xa, 0x80, 0xc5, 0x5f, 0xff, 0xff, 0xff, 0x40,
    0xc, 0x50, 0xe3, 0x5d, 0x11, 0x11, 0x1e, 0x40,
    0xf, 0x10, 0xf1, 0x5d, 0x0, 0x0, 0xe, 0x40,
    0x3e, 0x4, 0xe0, 0x5d, 0x0, 0x0, 0xe, 0x40,
    0x4f, 0x58, 0xa0, 0x5e, 0x55, 0x55, 0x5f, 0x40,
    0x4, 0xff, 0x50, 0x5f, 0xcc, 0xcc, 0xcf, 0x40,
    0x0, 0x9f, 0x90, 0x38, 0x0, 0x0, 0x9, 0x20,
    0x5, 0xf4, 0xd8, 0x0, 0x0, 0x0, 0x0, 0x0,
    0x7f, 0x50, 0x9, 0xff, 0xff, 0xff, 0xff, 0xf5,
    0x64, 0x0, 0x1, 0x22, 0x22, 0x22, 0x22, 0x21,

    /* U+59BE "妾" */
    0x0, 0x0, 0x0, 0x16, 0x0, 0x0, 0x0, 0x0,
    0x0, 0x0, 0x0, 0x2f, 0x50, 0x0, 0x0, 0x0,
    0xd, 0xdd, 0xdd, 0xdf, 0xfd, 0xdd, 0xdd, 0x80,
    0x5, 0x55, 0x85, 0x55, 0x55, 0x6a, 0x55, 0x30,
    0x0, 0x5, 0xf2, 0x0, 0x0, 0x9e, 0x0, 0x0,
    0x0, 0x0, 0xb8, 0x0, 0x3, 0xf4, 0x0, 0x0,
    0xae, 0xee, 0xee, 0xee, 0xef, 0xfe, 0xee, 0xe4,
    0x34, 0x44, 0x46, 0xb4, 0x44, 0x44, 0x44, 0x41,
    0x0, 0x0, 0xb, 0xc0, 0x0, 0x0, 0x0, 0x0,
    0x6d, 0xdd, 0xdf, 0xed, 0xdd, 0xdd, 0xdd, 0xd1,
    0x24, 0x47, 0xf7, 0x44, 0x44, 0x7f, 0x74, 0x40,
    0x0, 0x1e, 0xc1, 0x0, 0x2, 0xe9, 0x0, 0x0,
    0x0, 0x16, 0xbf, 0xc7, 0x6f, 0x90, 0x0, 0x0,
    0x0, 0x0, 0x3, 0xcf, 0xff, 0x83, 0x0, 0x0,
    0x25, 0x7a, 0xdf, 0xb5, 0x15, 0xbf, 0xe9, 0x20,
    0x3d, 0xb8, 0x40, 0x0, 0x0, 0x1, 0x6c, 0x10,

    /* U+59CA "姊" */
    0x0, 0x4, 0x0, 0x0, 0x0, 0x15, 0x0, 0x0,
    0x0, 0x1, 0xf2, 0x0, 0x0, 0x3, 0xe0, 0x0,
    0x0, 0x0, 0x3f, 0x0, 0x0, 0x0, 0x3e, 0x14,
    0x65, 0x0, 0x5, 0xd0, 0x0, 0x8b, 0xce, 0xff,
    0xfd, 0x90, 0xe, 0xff, 0xff, 0x5d, 0x85, 0x6e,
    0x10, 0x0, 0x0, 0x2b, 0x93, 0xf4, 0xe3, 0x3,
    0xe0, 0x0, 0x0, 0x0, 0xd4, 0x1f, 0x2f, 0x20,
    0x3e, 0x0, 0x0, 0x0, 0xf, 0x13, 0xf0, 0xf1,
    0x3, 0xe0, 0x0, 0x0, 0x4, 0xe0, 0x6c, 0xf,
    0xff, 0xff, 0xff, 0xff, 0x20, 0x7c, 0xa, 0x80,
    0x22, 0x2d, 0xe2, 0x23, 0xf1, 0x0, 0x9e, 0xf3,
    0x0, 0x8, 0xce, 0x0, 0x2f, 0x0, 0x0, 0x9f,
    0xa1, 0x5, 0xd3, 0xe0, 0x3, 0xf0, 0x0, 0x1e,
    0x6b, 0x96, 0xe2, 0x3e, 0x22, 0x8d, 0x0, 0xc,
    0x90, 0x1a, 0xe3, 0x3, 0xec, 0xff, 0x60, 0xc,
    0xc0, 0x1, 0xb2, 0x0, 0x3e, 0x0, 0x0, 0x0,
    0x70, 0x0, 0x0, 0x0, 0x3, 0xe0, 0x0, 0x0,

    /* U+59D2 "姒" */
    0x0, 0x31, 0x0, 0x0, 0x2, 0x0, 0x0, 0x0,
    0x0, 0xe4, 0x0, 0x0, 0x4e, 0x0, 0x3f, 0x0,
    0x0, 0xf2, 0x0, 0x4e, 0xc, 0x70, 0x3f, 0x0,
    0x2, 0xf0, 0x0, 0x4e, 0x4, 0xe0, 0x3f, 0x0,
    0xcf, 0xff, 0xf6, 0x4e, 0x0, 0xc3, 0x4e, 0x0,
    0x28, 0xb2, 0xc6, 0x4e, 0x0, 0x0, 0x4e, 0x0,
    0xa, 0x70, 0xc4, 0x4e, 0x0, 0x0, 0x5d, 0x0,
    0xd, 0x40, 0xe3, 0x4e, 0x0, 0x0, 0x6c, 0x0,
    0x1f, 0x10, 0xf0, 0x4e, 0x0, 0x0, 0x7b, 0x0,
    0x4d, 0x4, 0xd0, 0x4e, 0x1, 0x30, 0xa8, 0x0,
    0x3e, 0x79, 0x90, 0x4e, 0x2d, 0x70, 0xe5, 0x0,
    0x2, 0xef, 0x40, 0x4f, 0xe8, 0x5, 0xf2, 0x0,
    0x0, 0x9f, 0xa0, 0x8f, 0x80, 0xd, 0xed, 0x0,
    0x4, 0xf5, 0xe9, 0x78, 0x0, 0xbd, 0x1d, 0xa0,
    0x4f, 0x60, 0x21, 0x0, 0x2c, 0xe2, 0x3, 0xf7,
    0xa7, 0x0, 0x0, 0x0, 0xac, 0x10, 0x0, 0x65,
    0x0, 0x0, 0x0, 0x0, 0x0, 0x0, 0x0, 0x0,

    /* U+59D7 "姗" */
    0x0, 0xc2, 0x0, 0x44, 0x44, 0x4, 0x55, 0x40,
    0x0, 0xf1, 0x0, 0xfc, 0xce, 0xf, 0xbc, 0xe0,
    0x2, 0xf0, 0x0, 0xf1, 0x2e, 0xf, 0x12, 0xe0,
    0xaf, 0xff, 0xf0, 0xf1, 0x2e, 0xf, 0x12, 0xe0,
    0x7, 0xa2, 0xe0, 0xf1, 0x2e, 0xf, 0x12, 0xe0,
    0x9, 0x72, 0xd0, 0xf1, 0x2e, 0xf, 0x12, 0xe0,
    0xc, 0x54, 0xcd, 0xff, 0xff, 0xff, 0xff, 0xfd,
    0xf, 0x17, 0xa1, 0xf2, 0x3e, 0x1f, 0x33, 0xe1,
    0x2f, 0x2a, 0x70, 0xf0, 0x2e, 0xf, 0x12, 0xe0,
    0x6, 0xef, 0x31, 0xf0, 0x2e, 0xf, 0x2, 0xe0,
    0x0, 0x8f, 0x53, 0xd0, 0x2e, 0x2f, 0x2, 0xe0,
    0x0, 0xda, 0xf9, 0xb0, 0x2e, 0x3d, 0x2, 0xe0,
    0x8, 0xd0, 0x3a, 0x80, 0x2e, 0x6a, 0x2, 0xe0,
    0x6f, 0x30, 0x1f, 0x32, 0x5e, 0xb8, 0x14, 0xe0,
    0x65, 0x0, 0x4c, 0xc, 0xe6, 0xd3, 0xff, 0x80,
    0x0, 0x0, 0x0, 0x0, 0x0, 0x10, 0x0, 0x0,

    /* U+59D8 "姘" */
    0x0, 0x22, 0x0, 0x0, 0x10, 0x0, 0x1, 0x0,
    0x0, 0x8b, 0x0, 0x9, 0xc0, 0x0, 0x4f, 0x40,
    0x0, 0xa9, 0x0, 0x1, 0xea, 0x0, 0xdb, 0x0,
    0x0, 0xc6, 0x0, 0x2, 0x54, 0x29, 0xe2, 0x20,
    0x9f, 0xff, 0xfe, 0x4f, 0xff, 0xff, 0xff, 0xf4,
    0x14, 0xf2, 0x6d, 0x0, 0xe5, 0x0, 0xe4, 0x0,
    0x5, 0xd0, 0x7b, 0x0, 0xe5, 0x0, 0xe4, 0x0,
    0x8, 0x90, 0x99, 0x0, 0xe5, 0x0, 0xe4, 0x0,
    0xc, 0x50, 0xc6, 0x0, 0xe4, 0x0, 0xe4, 0x0,
    0xf, 0x61, 0xf2, 0xef, 0xff, 0xff, 0xff, 0xfb,
    0x5, 0xfb, 0xd0, 0x24, 0xf4, 0x22, 0xe6, 0x22,
    0x0, 0x4f, 0xa0, 0x4, 0xf0, 0x0, 0xe4, 0x0,
    0x0, 0x7e, 0xf9, 0xa, 0xa0, 0x0, 0xe4, 0x0,
    0x4, 0xf3, 0x4e, 0x4f, 0x40, 0x0, 0xe4, 0x0,
    0x5f, 0x60, 0x1, 0xcc, 0x0, 0x0, 0xe4, 0x0,
    0x35, 0x0, 0x3, 0xe2, 0x0, 0x0, 0xe4, 0x0,
    0x0, 0x0, 0x0, 0x0, 0x0, 0x0, 0x0, 0x0,

    /* U+59DD "姝" */
    0x0, 0x3, 0x0, 0x0, 0x0, 0x15, 0x0, 0x0,
    0x0, 0x0, 0xf3, 0x0, 0x5, 0x13, 0xf0, 0x0,
    0x0, 0x0, 0x1f, 0x0, 0x1, 0xf2, 0x3f, 0x0,
    0x0, 0x0, 0x4, 0xe0, 0x0, 0x5f, 0x68, 0xf6,
    0x66, 0x30, 0xe, 0xff, 0xff, 0x3a, 0xdb, 0xcf,
    0xbb, 0xb6, 0x0, 0x1a, 0x92, 0xf3, 0xf4, 0x3,
    0xf0, 0x0, 0x0, 0x0, 0xc5, 0xf, 0x3b, 0x0,
    0x3f, 0x0, 0x0, 0x0, 0xf, 0x22, 0xf0, 0x22,
    0x25, 0xf2, 0x22, 0x20, 0x3, 0xe0, 0x5c, 0x3f,
    0xff, 0xff, 0xff, 0xff, 0x0, 0x6b, 0x8, 0x80,
    0x0, 0x2e, 0xfc, 0x0, 0x0, 0x2, 0xd9, 0xd4,
    0x0, 0xb, 0x8f, 0xa5, 0x0, 0x0, 0x1, 0xcf,
    0x10, 0x8, 0xb3, 0xf2, 0xe1, 0x0, 0x0, 0x1e,
    0xde, 0x26, 0xe1, 0x3f, 0x8, 0xd1, 0x0, 0xb,
    0xb0, 0x78, 0xf3, 0x3, 0xf0, 0xb, 0xd2, 0xb,
    0xd1, 0x3, 0xe4, 0x0, 0x3f, 0x0, 0xb, 0x40,
    0x71, 0x0, 0x0, 0x0, 0x3, 0xf0, 0x0, 0x0,

    /* U+59E3 "姣" */
    0x0, 0x22, 0x0, 0x0, 0x0, 0x30, 0x0, 0x0,
    0x0, 0x9a, 0x0, 0x0, 0x1, 0xf3, 0x0, 0x0,
    0x0, 0xb8, 0x0, 0x0, 0x0, 0xa9, 0x0, 0x0,
    0x0, 0xd5, 0x0, 0x9e, 0xee, 0xee, 0xee, 0xe7,
    0x8f, 0xff, 0xfd, 0x13, 0x64, 0x33, 0x53, 0x31,
    0x15, 0xf2, 0x6d, 0x0, 0xe7, 0x2, 0xf4, 0x0,
    0x5, 0xc0, 0x5c, 0x8, 0xc0, 0x0, 0x5f, 0x30,
    0x8, 0x90, 0x7a, 0x4f, 0x30, 0x0, 0x17, 0xe1,
    0xc, 0x50, 0xa7, 0xd9, 0xe1, 0x0, 0xb8, 0xb6,
    0xf, 0x20, 0xe4, 0x20, 0xc7, 0x1, 0xf2, 0x0,
    0xc, 0xb3, 0xf0, 0x0, 0x5e, 0x1a, 0xb0, 0x0,
    0x0, 0xbf, 0xa0, 0x0, 0xb, 0xcf, 0x20, 0x0,
    0x0, 0x2f, 0xe3, 0x0, 0x5, 0xfc, 0x0, 0x0,
    0x0, 0xd9, 0x9f, 0x20, 0x8f, 0x9e, 0xd4, 0x0,
    0x1c, 0xd0, 0x5, 0x7e, 0xe5, 0x1, 0x9f, 0xd6,
    0x4c, 0x10, 0x5, 0xf8, 0x10, 0x0, 0x2, 0x95,
    0x0, 0x0, 0x0, 0x0, 0x0, 0x0, 0x0, 0x0,

    /* U+59F9 "姹" */
    0x0, 0x21, 0x0, 0x0, 0x0, 0x30, 0x0, 0x0,
    0x0, 0xd, 0x60, 0x0, 0x0, 0xf, 0x50, 0x0,
    0x0, 0x0, 0xf3, 0x0, 0x49, 0x99, 0xdd, 0x99,
    0x96, 0x0, 0xf, 0x10, 0x7, 0xe8, 0x88, 0x88,
    0x8b, 0xc0, 0x5f, 0xff, 0xfc, 0x7b, 0x0, 0x0,
    0x0, 0x6c, 0x0, 0x6c, 0x2a, 0xc3, 0x40, 0x0,
    0x0, 0x34, 0x40, 0x7, 0xa0, 0xaa, 0x6, 0x8a,
    0xbd, 0xff, 0x60, 0x0, 0xa7, 0xc, 0x80, 0x99,
    0xaf, 0x54, 0x20, 0x0, 0xd, 0x40, 0xf5, 0x0,
    0x4, 0xe0, 0x0, 0x0, 0x0, 0xf1, 0x2f, 0x10,
    0x0, 0x4e, 0x1, 0x24, 0x40, 0x1e, 0x77, 0xc0,
    0x59, 0xbd, 0xff, 0xff, 0xda, 0x0, 0x3e, 0xf6,
    0x5, 0x87, 0x8f, 0x21, 0x0, 0x0, 0x0, 0x6f,
    0xa0, 0x0, 0x4, 0xe0, 0x0, 0x2e, 0x0, 0x1e,
    0x8e, 0xc1, 0x0, 0x3e, 0x0, 0x4, 0xe0, 0xc,
    0xb0, 0x2d, 0x40, 0x2, 0xf4, 0x22, 0xaa, 0x6,
    0xd1, 0x0, 0x0, 0x0, 0xa, 0xff, 0xfd, 0x20,
    0x1, 0x0, 0x0, 0x0, 0x0, 0x0, 0x0, 0x0,
    0x0,

    /* U+5A05 "娅" */
    0x0, 0x10, 0x0, 0x0, 0x0, 0x0, 0x0, 0x0,
    0x2, 0xd0, 0x0, 0x22, 0x22, 0x22, 0x22, 0x20,
    0x4, 0xb0, 0x6, 0xff, 0xff, 0xff, 0xff, 0xf0,
    0x6, 0xa0, 0x0, 0x0, 0xd4, 0xe, 0x30, 0x0,
    0xdf, 0xff, 0xf1, 0x10, 0xd4, 0xe, 0x30, 0x0,
    0x1c, 0x65, 0xf6, 0xa0, 0xd4, 0xe, 0x31, 0xf0,
    0xe, 0x25, 0xe3, 0xd0, 0xd4, 0xe, 0x34, 0xd0,
    0x2f, 0x7, 0xc0, 0xf0, 0xd4, 0xe, 0x37, 0xa0,
    0x5c, 0xa, 0x90, 0xd3, 0xd4, 0xe, 0x3b, 0x60,
    0x8a, 0xd, 0x40, 0xa6, 0xd4, 0xe, 0x3f, 0x20,
    0x1d, 0xae, 0x0, 0x79, 0xd4, 0xe, 0x7e, 0x0,
    0x1, 0xeb, 0x0, 0x11, 0xd4, 0xe, 0x43, 0x0,
    0x2, 0xee, 0xa0, 0x0, 0xd4, 0xe, 0x30, 0x0,
    0xc, 0x72, 0x60, 0x0, 0xd4, 0xe, 0x30, 0x0,
    0xbb, 0x0, 0xc, 0xff, 0xff, 0xff, 0xff, 0xf5,
    0x50, 0x0, 0x1, 0x22, 0x22, 0x22, 0x22, 0x20,

    /* U+5A06 "娆" */
    0x0, 0x1, 0x0, 0x0, 0x12, 0x0, 0x0, 0x0,
    0x0, 0x0, 0xf3, 0x0, 0x8, 0xa0, 0x0, 0x0,
    0x0, 0x0, 0x1f, 0x10, 0x0, 0x3e, 0x47, 0x9c,
    0xf6, 0x0, 0x3, 0xe0, 0x3, 0xcf, 0xfe, 0xa7,
    0x52, 0x0, 0xc, 0xff, 0xff, 0x65, 0x27, 0xd0,
    0x1b, 0x90, 0x0, 0x29, 0xa2, 0xe4, 0x0, 0xd,
    0xae, 0xa0, 0x83, 0x0, 0xb6, 0xf, 0x20, 0x3,
    0xcf, 0xb0, 0xd, 0x50, 0xe, 0x31, 0xf2, 0x6c,
    0xf9, 0x7f, 0xa5, 0xf1, 0x1, 0xf0, 0x3e, 0x3d,
    0x71, 0x0, 0x2b, 0xe7, 0x0, 0x5c, 0x7, 0xa1,
    0x22, 0x22, 0x22, 0x22, 0x20, 0x3, 0xf7, 0xc6,
    0x8e, 0xff, 0xee, 0xfe, 0xee, 0x0, 0x3, 0xef,
    0x10, 0x5, 0xd0, 0x2f, 0x0, 0x0, 0x0, 0xb,
    0xfb, 0x0, 0x8b, 0x2, 0xf0, 0x7, 0x30, 0x7,
    0xe3, 0xd3, 0x1e, 0x50, 0x2f, 0x0, 0xb6, 0x6,
    0xf3, 0x0, 0x2d, 0xc0, 0x1, 0xf3, 0x1e, 0x40,
    0xb4, 0x0, 0x8f, 0xa0, 0x0, 0xb, 0xff, 0xc0,
    0x0, 0x0, 0x1, 0x30, 0x0, 0x0, 0x0, 0x0,
    0x0,

    /* U+5A08 "娈" */
    0x0, 0x0, 0x0, 0x0, 0x0, 0x0, 0x0, 0x0,
    0x0, 0x0, 0x0, 0xc, 0x80, 0x0, 0x0, 0x0,
    0x2, 0x22, 0x22, 0x27, 0xe3, 0x22, 0x22, 0x21,
    0x3f, 0xff, 0xff, 0xff, 0xff, 0xff, 0xff, 0xfa,
    0x0, 0x0, 0x4, 0xe0, 0x9, 0xa0, 0x0, 0x0,
    0x0, 0x2e, 0x44, 0xe0, 0x9, 0xa1, 0xe3, 0x0,
    0x2, 0xe9, 0x4, 0xe0, 0x9, 0xa0, 0x6f, 0x40,
    0x1e, 0x80, 0x4, 0xe0, 0x9, 0xa0, 0x6, 0xf3,
    0x4, 0x0, 0x2, 0xb1, 0x1, 0x10, 0x0, 0x30,
    0x7d, 0xdd, 0xde, 0xfd, 0xdd, 0xdd, 0xdd, 0xdb,
    0x24, 0x44, 0xcc, 0x44, 0x44, 0x7f, 0x64, 0x44,
    0x0, 0x6, 0xf4, 0x0, 0x1, 0xda, 0x0, 0x0,
    0x0, 0x3, 0x9e, 0xe9, 0x6e, 0xa0, 0x0, 0x0,
    0x0, 0x0, 0x1, 0xaf, 0xff, 0xb6, 0x10, 0x0,
    0x5, 0x7a, 0xdf, 0xd7, 0x14, 0x9e, 0xfc, 0x60,
    0xa, 0xc9, 0x62, 0x0, 0x0, 0x0, 0x49, 0x50,

    /* U+5A09 "娉" */
    0x0, 0x10, 0x0, 0x0, 0x0, 0x20, 0x0, 0x0,
    0x0, 0xf5, 0x0, 0x0, 0x0, 0xe3, 0x0, 0x0,
    0x0, 0xf3, 0x0, 0x4e, 0xee, 0xff, 0xee, 0xd0,
    0x2, 0xf0, 0x0, 0x4d, 0x0, 0xe3, 0x3, 0xe0,
    0x7d, 0xfd, 0xd6, 0x4e, 0x33, 0xf6, 0x36, 0xe0,
    0x3b, 0xd6, 0xd7, 0x4f, 0xbb, 0xfc, 0xbc, 0xe0,
    0xa, 0x80, 0xc6, 0x4d, 0x0, 0xe3, 0x3, 0xe0,
    0xd, 0x50, 0xe4, 0x4f, 0xee, 0xee, 0xef, 0xe0,
    0xf, 0x21, 0xf1, 0x2, 0x0, 0x0, 0x0, 0x20,
    0x4f, 0x5, 0xd4, 0xff, 0xff, 0xff, 0xff, 0xfd,
    0xb, 0xdc, 0x80, 0x3, 0xc0, 0x0, 0x0, 0x0,
    0x0, 0xaf, 0x60, 0x7, 0xfd, 0xdd, 0xdd, 0x50,
    0x0, 0xbe, 0xf4, 0x1, 0x22, 0x22, 0x2d, 0x50,
    0x5, 0xf1, 0x9f, 0x20, 0x0, 0x0, 0xe, 0x40,
    0x3f, 0x50, 0x5, 0x0, 0x3, 0x32, 0x6f, 0x20,
    0x77, 0x0, 0x0, 0x0, 0xb, 0xff, 0xf7, 0x0,
    0x0, 0x0, 0x0, 0x0, 0x0, 0x0, 0x0, 0x0,

    /* U+5A0C "娌" */
    0x0, 0xd4, 0x0, 0x23, 0x33, 0x33, 0x33, 0x30,
    0x0, 0xf2, 0x0, 0xde, 0xdd, 0xfd, 0xde, 0xe0,
    0x2, 0xf0, 0x0, 0xd5, 0x1, 0xf2, 0x3, 0xe0,
    0x9d, 0xfc, 0xc5, 0xd6, 0x12, 0xf3, 0x14, 0xe0,
    0x4a, 0xc5, 0xd6, 0xdf, 0xff, 0xff, 0xff, 0xe0,
    0xa, 0x70, 0xd5, 0xd5, 0x1, 0xf2, 0x3, 0xe0,
    0xd, 0x40, 0xf3, 0xd5, 0x1, 0xf2, 0x3, 0xe0,
    0xf, 0x2, 0xf0, 0xdf, 0xff, 0xff, 0xff, 0xe0,
    0x4d, 0x6, 0xc0, 0xa5, 0x1, 0xf2, 0x3, 0xc0,
    0x2d, 0xac, 0x70, 0x0, 0x1, 0xf2, 0x0, 0x0,
    0x1, 0xcf, 0x20, 0xef, 0xff, 0xff, 0xff, 0xf2,
    0x0, 0xcf, 0xd2, 0x22, 0x23, 0xf3, 0x22, 0x20,
    0x9, 0xd1, 0xa3, 0x0, 0x1, 0xf2, 0x0, 0x0,
    0x8e, 0x20, 0xa, 0xdd, 0xdd, 0xfd, 0xdd, 0xda,
    0x42, 0x0, 0x3, 0x44, 0x44, 0x44, 0x44, 0x43,

    /* U+5A11 "娑" */
    0x0, 0x0, 0x0, 0x0, 0x0, 0x40, 0x0, 0x0,
    0x0, 0x9d, 0x50, 0x0, 0x3, 0xf0, 0x10, 0x0,
    0x0, 0x7, 0xf5, 0x9, 0x63, 0xf0, 0xc8, 0x0,
    0x9, 0x30, 0x10, 0x2f, 0x33, 0xf0, 0x2e, 0x90,
    0x9, 0xfa, 0x0, 0xc9, 0x3, 0xf0, 0x4, 0xe8,
    0x0, 0x25, 0x53, 0xb1, 0x2, 0xe2, 0xbe, 0x43,
    0x0, 0x5, 0xf4, 0x0, 0x15, 0xaf, 0xa1, 0x0,
    0x0, 0x7f, 0x56, 0x9c, 0xfd, 0x82, 0x0, 0x0,
    0x5, 0xf4, 0x6, 0xb5, 0x20, 0x0, 0x0, 0x0,
    0x13, 0x53, 0x35, 0xf5, 0x33, 0x33, 0x33, 0x32,
    0x5f, 0xff, 0xff, 0xff, 0xff, 0xff, 0xff, 0xfd,
    0x0, 0x0, 0xa9, 0x0, 0x0, 0x4f, 0x30, 0x0,
    0x0, 0x2, 0xdf, 0xb6, 0x26, 0xf5, 0x0, 0x0,
    0x0, 0x0, 0x1, 0x7e, 0xff, 0xb3, 0x0, 0x0,
    0x1, 0x35, 0x8b, 0xfd, 0x66, 0xcf, 0xe9, 0x30,
    0xb, 0xfd, 0xa6, 0x20, 0x0, 0x1, 0x7d, 0xa0,
    0x1, 0x0, 0x0, 0x0, 0x0, 0x0, 0x0, 0x0,

    /* U+5A13 "娓" */
    0x0, 0xc4, 0x0, 0x34, 0x44, 0x44, 0x44, 0x40,
    0x0, 0xf2, 0x0, 0xfd, 0xdd, 0xdd, 0xdd, 0xf1,
    0x2, 0xf0, 0x0, 0xf2, 0x0, 0x0, 0x0, 0xf1,
    0xbf, 0xff, 0xf4, 0xfd, 0xcc, 0xcc, 0xcc, 0xf1,
    0x28, 0xb2, 0xe4, 0xf6, 0x44, 0x44, 0x44, 0xf1,
    0xa, 0x70, 0xe2, 0xf2, 0x1, 0x35, 0x7a, 0x50,
    0xc, 0x40, 0xf1, 0xf8, 0xff, 0xfd, 0xa7, 0x20,
    0xf, 0x13, 0xe0, 0xf2, 0x20, 0xd4, 0x0, 0x20,
    0x3e, 0x6, 0xb0, 0xf4, 0x79, 0xfe, 0xff, 0xd0,
    0x2e, 0x7b, 0x70, 0xf6, 0xa8, 0xe7, 0x21, 0x0,
    0x3, 0xef, 0x21, 0xf0, 0x1, 0xd8, 0x68, 0xa5,
    0x0, 0xaf, 0xa3, 0xda, 0xff, 0xfd, 0xa9, 0x73,
    0x4, 0xf5, 0xea, 0xb2, 0x20, 0xd4, 0x0, 0x69,
    0x2e, 0x70, 0x1a, 0x80, 0x0, 0xd7, 0x11, 0xa9,
    0x89, 0x0, 0xf, 0x30, 0x0, 0x6f, 0xff, 0xe3,
    0x0, 0x0, 0x3, 0x0, 0x0, 0x0, 0x0, 0x0,

    /* U+5A23 "娣" */
    0x0, 0x2, 0x10, 0x0, 0x30, 0x0, 0x2, 0x0,
    0x0, 0x0, 0xe6, 0x0, 0xe, 0x80, 0x3, 0xe0,
    0x0, 0x0, 0xf, 0x40, 0x0, 0x4d, 0x10, 0xc6,
    0x0, 0x0, 0x3, 0xf1, 0x5, 0xff, 0xff, 0xff,
    0xff, 0x30, 0xe, 0xff, 0xff, 0x51, 0x11, 0x4e,
    0x11, 0xe4, 0x0, 0x19, 0xb2, 0xb4, 0x0, 0x4,
    0xe0, 0xe, 0x40, 0x0, 0xb8, 0xc, 0x3e, 0xff,
    0xff, 0xff, 0xf4, 0x0, 0xe, 0x40, 0xe2, 0xf4,
    0x14, 0xe1, 0x17, 0x20, 0x2, 0xf0, 0x1e, 0x2f,
    0x0, 0x4e, 0x0, 0x0, 0x0, 0x7e, 0x5, 0xb5,
    0xff, 0xff, 0xff, 0xff, 0xf0, 0x1, 0xbd, 0xc7,
    0x1, 0x14, 0xfe, 0x11, 0x3f, 0x0, 0x0, 0x9f,
    0x90, 0x1, 0xd7, 0xe0, 0x4, 0xd0, 0x0, 0xd,
    0xbe, 0x82, 0xd6, 0x4e, 0x20, 0x8b, 0x0, 0xa,
    0xc0, 0x27, 0xe6, 0x4, 0xec, 0xff, 0x60, 0xb,
    0xd1, 0x0, 0xc4, 0x0, 0x4e, 0x2, 0x10, 0x0,
    0x71, 0x0, 0x0, 0x0, 0x4, 0xe0, 0x0, 0x0,

    /* U+5A32 "娲" */
    0x0, 0x52, 0x0, 0x0, 0x0, 0x0, 0x0, 0x0,
    0x0, 0xe4, 0x0, 0x2c, 0xcc, 0xcc, 0xcc, 0x10,
    0x0, 0xf1, 0x0, 0x3f, 0x44, 0x44, 0x4f, 0x20,
    0x3, 0xf1, 0x10, 0x3e, 0x0, 0x0, 0xf, 0x20,
    0xcf, 0xff, 0xf6, 0x3e, 0x0, 0x0, 0xf, 0x20,
    0x8, 0xa0, 0xb6, 0x3f, 0xff, 0xff, 0xff, 0x20,
    0xa, 0x70, 0xc4, 0x3d, 0x11, 0xf2, 0x1e, 0x20,
    0xd, 0x40, 0xe2, 0x0, 0x0, 0xf0, 0x0, 0x0,
    0x1f, 0x10, 0xf2, 0xff, 0xff, 0xff, 0xff, 0xf1,
    0x4d, 0x4, 0xd2, 0xf1, 0x17, 0xd1, 0x11, 0xf1,
    0x3f, 0x79, 0x92, 0xf0, 0xc, 0xf7, 0x0, 0xf1,
    0x3, 0xef, 0x42, 0xf0, 0x7e, 0x3e, 0xa0, 0xf1,
    0x0, 0x8f, 0xa2, 0xf7, 0xf4, 0x2, 0xe9, 0xf1,
    0x3, 0xf6, 0xeb, 0xf9, 0x40, 0x0, 0x12, 0xf1,
    0x3e, 0x70, 0x34, 0xf0, 0x0, 0x2, 0x15, 0xf0,
    0xa8, 0x0, 0x2, 0xf0, 0x0, 0xf, 0xff, 0x90,
    0x0, 0x0, 0x0, 0x20, 0x0, 0x0, 0x0, 0x0,

    /* U+5A34 "娴" */
    0x0, 0x0, 0x0, 0x0, 0x0, 0x0, 0x0, 0x0,
    0x0, 0xc6, 0x0, 0x6b, 0x1, 0x33, 0x33, 0x31,
    0x0, 0xe4, 0x0, 0x1d, 0x87, 0xff, 0xff, 0xf5,
    0x1, 0xf1, 0x0, 0x3, 0xa0, 0x0, 0x0, 0xd5,
    0x9f, 0xff, 0xf4, 0xc7, 0x0, 0xd4, 0x0, 0xd5,
    0x18, 0xb2, 0xe4, 0xc7, 0x0, 0xe4, 0x0, 0xd5,
    0xa, 0x80, 0xf2, 0xc8, 0xff, 0xff, 0xfc, 0xd5,
    0xd, 0x51, 0xf0, 0xc7, 0x2, 0xf4, 0x0, 0xd5,
    0x1f, 0x13, 0xe0, 0xc7, 0x9, 0xf9, 0x0, 0xd5,
    0x4e, 0x7, 0xa0, 0xc7, 0x1e, 0xee, 0xa0, 0xd5,
    0xb, 0xcd, 0x60, 0xc7, 0xc7, 0xe4, 0xba, 0xd5,
    0x0, 0xbf, 0x40, 0xcc, 0xd0, 0xe4, 0x3, 0xd5,
    0x0, 0xbe, 0xe3, 0xc7, 0x30, 0xe4, 0x0, 0xd5,
    0x5, 0xe1, 0xa3, 0xc7, 0x0, 0xa3, 0x0, 0xd4,
    0x3f, 0x50, 0x0, 0xc7, 0x0, 0x13, 0x25, 0xf2,
    0x97, 0x0, 0x0, 0xc7, 0x0, 0x2f, 0xff, 0x80,
    0x0, 0x0, 0x0, 0x0, 0x0, 0x0, 0x0, 0x0,

    /* U+5A3C "娼" */
    0x0, 0x52, 0x0, 0x0, 0x0, 0x0, 0x0, 0x0,
    0xe, 0x40, 0x3, 0xdd, 0xdd, 0xdd, 0xd1, 0x0,
    0xf1, 0x0, 0x3e, 0x22, 0x22, 0x2f, 0x10, 0x2f,
    0x0, 0x3, 0xe2, 0x22, 0x22, 0xf1, 0xcf, 0xff,
    0xf6, 0x3f, 0xdd, 0xdd, 0xdf, 0x12, 0x8b, 0x2c,
    0x63, 0xe0, 0x0, 0x0, 0xf1, 0xa, 0x70, 0xc5,
    0x3f, 0x44, 0x44, 0x4f, 0x10, 0xd4, 0xe, 0x33,
    0xec, 0xcc, 0xcc, 0xe1, 0xf, 0x10, 0xf1, 0x0,
    0x0, 0x0, 0x0, 0x4, 0xd0, 0x3e, 0xd, 0xff,
    0xff, 0xff, 0xfc, 0x4f, 0x47, 0xa0, 0xd6, 0x0,
    0x0, 0x6, 0xc0, 0x5f, 0xe5, 0xd, 0x72, 0x22,
    0x22, 0x7c, 0x0, 0x8f, 0x80, 0xde, 0xcc, 0xcc,
    0xce, 0xc0, 0x3f, 0x7e, 0x8d, 0x60, 0x0, 0x0,
    0x6c, 0x5f, 0x70, 0x10, 0xdf, 0xee, 0xee, 0xef,
    0xc9, 0x70, 0x0, 0xd, 0x71, 0x11, 0x11, 0x7c,
    0x0, 0x0, 0x0, 0x0, 0x0, 0x0, 0x0, 0x0,

    /* U+5A40 "婀" */
    0x0, 0x0, 0x0, 0x0, 0x0, 0x0, 0x0, 0x0,
    0x5, 0xb0, 0x1, 0x11, 0x1, 0x11, 0x11, 0x10,
    0x6, 0x90, 0xf, 0xff, 0xcd, 0xee, 0xef, 0xf4,
    0x8, 0x70, 0xf, 0x7, 0x90, 0x0, 0xa, 0x60,
    0xcf, 0xff, 0x4f, 0xb, 0x50, 0x0, 0xa, 0x60,
    0xc, 0x3b, 0x3f, 0xe, 0x1b, 0xff, 0x6a, 0x60,
    0xe, 0x1c, 0x3f, 0x3c, 0xc, 0x38, 0x7a, 0x60,
    0xe, 0xd, 0x1f, 0x4d, 0xc, 0x38, 0x7a, 0x60,
    0x3c, 0xf, 0xf, 0xc, 0x4c, 0x38, 0x7a, 0x60,
    0x69, 0x2d, 0xf, 0x7, 0x9c, 0x38, 0x7a, 0x60,
    0x4e, 0x8a, 0xf, 0x3, 0xcc, 0x48, 0x7a, 0x60,
    0x5, 0xf6, 0xf, 0x3, 0xcc, 0xff, 0x6a, 0x60,
    0x3, 0xee, 0x2f, 0x7c, 0x98, 0x20, 0xa, 0x60,
    0xd, 0x56, 0x4f, 0x56, 0x0, 0x0, 0xa, 0x50,
    0xba, 0x0, 0xf, 0x0, 0x0, 0x16, 0x5e, 0x40,
    0x50, 0x0, 0xf, 0x0, 0x0, 0x1c, 0xc9, 0x0,

    /* U+5A4A "婊" */
    0x0, 0x0, 0x0, 0x0, 0x0, 0x10, 0x0, 0x0,
    0x0, 0xd6, 0x0, 0x0, 0x0, 0xf3, 0x0, 0x0,
    0x0, 0xf3, 0x0, 0xcc, 0xcc, 0xfd, 0xcc, 0xc8,
    0x2, 0xf0, 0x0, 0x33, 0x33, 0xf5, 0x33, 0x32,
    0xcf, 0xff, 0xf7, 0x0, 0x0, 0xf3, 0x0, 0x0,
    0x39, 0xc4, 0xc7, 0xaf, 0xff, 0xff, 0xff, 0xf6,
    0xa, 0x80, 0xc5, 0x0, 0x0, 0xf3, 0x0, 0x0,
    0xd, 0x50, 0xe4, 0x11, 0x11, 0xf4, 0x11, 0x11,
    0xf, 0x10, 0xf5, 0xee, 0xef, 0xfe, 0xee, 0xec,
    0x4e, 0x3, 0xe0, 0x0, 0x1e, 0xe5, 0x0, 0x30,
    0x2d, 0xb8, 0xb0, 0x0, 0xc9, 0x7c, 0x7, 0xf4,
    0x0, 0xaf, 0x80, 0xa, 0xf1, 0x1f, 0xdc, 0x20,
    0x0, 0x6f, 0xf5, 0xbf, 0xe0, 0x6, 0xf4, 0x0,
    0x2, 0xf5, 0x6d, 0xd5, 0xe0, 0x2, 0xaf, 0x60,
    0x2d, 0xa0, 0x2b, 0x13, 0xf7, 0xcf, 0x8, 0xfb,
    0xca, 0x0, 0x0, 0x6, 0xfc, 0x61, 0x0, 0x22,
    0x20, 0x0, 0x0, 0x0, 0x30, 0x0, 0x0, 0x0,

    /* U+5A55 "婕" */
    0x0, 0xc2, 0x0, 0x0, 0x3, 0xd0, 0x0, 0x0,
    0x1, 0xf1, 0x6, 0xff, 0xff, 0xff, 0xff, 0xe0,
    0x15, 0xe2, 0x20, 0x0, 0x4, 0xe0, 0x0, 0x0,
    0x9f, 0xff, 0xf2, 0xdd, 0xdd, 0xfd, 0xdd, 0x30,
    0x8, 0x81, 0xf0, 0x33, 0x35, 0xe3, 0x3d, 0x40,
    0xb, 0x52, 0xf1, 0x11, 0x14, 0xe1, 0x1d, 0x50,
    0xe, 0x24, 0xda, 0xee, 0xee, 0xfe, 0xef, 0xe7,
    0x1f, 0x6, 0xb0, 0x0, 0x3, 0xe0, 0xc, 0x40,
    0x5d, 0xa, 0x81, 0xff, 0xff, 0xff, 0xff, 0x40,
    0x1d, 0xcf, 0x40, 0x11, 0x3, 0xe0, 0x2, 0x0,
    0x1, 0xcf, 0x20, 0x99, 0x3, 0xf3, 0x33, 0x10,
    0x0, 0xbe, 0xe3, 0xc7, 0x3, 0xfc, 0xcc, 0x60,
    0x5, 0xe1, 0xa6, 0xff, 0x23, 0xe0, 0x0, 0x0,
    0x3f, 0x50, 0xb, 0x99, 0xfa, 0xe1, 0x11, 0x11,
    0x97, 0x0, 0x7e, 0x10, 0x6d, 0xff, 0xff, 0xf6,
    0x0, 0x0, 0x22, 0x0, 0x0, 0x0, 0x0, 0x0,

    /* U+5A62 "婢" */
    0x0, 0x42, 0x0, 0x0, 0x4, 0x30, 0x0, 0x0,
    0x0, 0xd5, 0x0, 0x0, 0xd, 0x60, 0x0, 0x0,
    0x0, 0xf2, 0x0, 0xee, 0xef, 0xee, 0xee, 0x30,
    0x13, 0xf2, 0x20, 0xf3, 0x23, 0xf2, 0x2d, 0x40,
    0xbf, 0xff, 0xf3, 0xf2, 0x2, 0xf0, 0xd, 0x40,
    0x7, 0xa0, 0xc2, 0xfe, 0xee, 0xfe, 0xef, 0x40,
    0xb, 0x70, 0xd1, 0xf3, 0x15, 0xe1, 0x1d, 0x40,
    0xe, 0x30, 0xe0, 0xf2, 0x7, 0xb0, 0xd, 0x40,
    0x2f, 0x2, 0xc0, 0xff, 0xff, 0xff, 0xff, 0x40,
    0x5e, 0x7, 0x90, 0x11, 0xcc, 0x25, 0x18, 0x20,
    0xb, 0xcd, 0x50, 0x3c, 0xd1, 0x3c, 0x0, 0x0,
    0x0, 0xbf, 0x20, 0xab, 0x10, 0x3c, 0x0, 0x0,
    0x0, 0xce, 0xcb, 0xff, 0xff, 0xff, 0xff, 0xf4,
    0x9, 0xc0, 0xbc, 0x11, 0x11, 0x4c, 0x11, 0x10,
    0xae, 0x20, 0x3, 0x0, 0x0, 0x3c, 0x0, 0x0,
    0x61, 0x0, 0x0, 0x0, 0x0, 0x3c, 0x0, 0x0,

    /* U+5A67 "婧" */
    0x0, 0x20, 0x0, 0x0, 0x0, 0x41, 0x0, 0x0,
    0x0, 0xd4, 0x0, 0x0, 0x0, 0xe3, 0x0, 0x0,
    0x0, 0xf2, 0x0, 0xff, 0xff, 0xff, 0xff, 0xf5,
    0x2, 0xf0, 0x0, 0x0, 0x0, 0xe3, 0x0, 0x0,
    0xcf, 0xff, 0xf6, 0x8f, 0xff, 0xff, 0xff, 0xe0,
    0x28, 0xb2, 0xc6, 0x0, 0x0, 0xe3, 0x0, 0x0,
    0xa, 0x70, 0xc8, 0xee, 0xee, 0xfe, 0xee, 0xe8,
    0xd, 0x40, 0xe3, 0x11, 0x11, 0x11, 0x11, 0x10,
    0x1f, 0x10, 0xf0, 0x5f, 0xff, 0xff, 0xff, 0xa0,
    0x4d, 0x4, 0xd0, 0x5c, 0x0, 0x0, 0x7, 0xb0,
    0x2e, 0x89, 0x90, 0x5f, 0xee, 0xee, 0xef, 0xb0,
    0x2, 0xdf, 0x30, 0x5c, 0x0, 0x0, 0x7, 0xb0,
    0x0, 0x9f, 0xb0, 0x5f, 0xee, 0xee, 0xef, 0xb0,
    0x5, 0xf3, 0xdc, 0x5c, 0x0, 0x0, 0x7, 0xb0,
    0x4f, 0x60, 0x27, 0x5c, 0x0, 0x34, 0x3b, 0xa0,
    0xa7, 0x0, 0x0, 0x5c, 0x0, 0x6e, 0xec, 0x30,
    0x0, 0x0, 0x0, 0x0, 0x0, 0x0, 0x0, 0x0,

    /* U+5A75 "婵" */
    0x0, 0x41, 0x0, 0x1, 0x10, 0x0, 0x11, 0x0,
    0x0, 0xd3, 0x0, 0x9, 0xc0, 0x0, 0x9b, 0x0,
    0x0, 0xf1, 0x0, 0x0, 0xd5, 0x2, 0xf2, 0x0,
    0x3, 0xf1, 0x10, 0xef, 0xff, 0xff, 0xff, 0xf0,
    0xaf, 0xff, 0xf3, 0xe4, 0x11, 0xf3, 0x13, 0xf0,
    0x8, 0xa0, 0xe3, 0xe2, 0x0, 0xf2, 0x1, 0xf0,
    0xa, 0x70, 0xf2, 0xef, 0xff, 0xff, 0xff, 0xf0,
    0xd, 0x40, 0xf0, 0xe3, 0x11, 0xf3, 0x12, 0xf0,
    0xf, 0x13, 0xe0, 0xe2, 0x0, 0xf2, 0x1, 0xf0,
    0x3e, 0x6, 0xa0, 0xef, 0xff, 0xff, 0xff, 0xf0,
    0x1d, 0x9c, 0x60, 0x72, 0x11, 0xf3, 0x11, 0x80,
    0x1, 0xdf, 0x10, 0x0, 0x0, 0xf2, 0x0, 0x0,
    0x0, 0xbf, 0xa7, 0xff, 0xff, 0xff, 0xff, 0xfb,
    0x7, 0xe3, 0xe9, 0x11, 0x11, 0xf3, 0x11, 0x11,
    0x7f, 0x30, 0x21, 0x0, 0x0, 0xf2, 0x0, 0x0,
    0x64, 0x0, 0x0, 0x0, 0x0, 0xf2, 0x0, 0x0,

    /* U+5A77 "婷" */
    0x0, 0x5, 0x10, 0x0, 0x0, 0x51, 0x0, 0x0,
    0x0, 0x0, 0xf2, 0x0, 0x0, 0xb, 0x80, 0x0,
    0x0, 0x0, 0x1f, 0x0, 0xad, 0xdd, 0xef, 0xdd,
    0xdd, 0x60, 0x25, 0xe2, 0x22, 0x22, 0x22, 0x22,
    0x22, 0x21, 0xc, 0xff, 0xff, 0x12, 0xee, 0xee,
    0xee, 0xd0, 0x0, 0x9, 0x80, 0xe0, 0x2e, 0x0,
    0x0, 0x2f, 0x0, 0x0, 0xc6, 0xe, 0x2, 0xfc,
    0xcc, 0xcd, 0xf0, 0x0, 0xe, 0x22, 0xd0, 0x18,
    0x22, 0x22, 0x38, 0x0, 0x2, 0xf0, 0x4b, 0xad,
    0xdd, 0xdd, 0xdd, 0xdd, 0x80, 0x6d, 0x8, 0x8c,
    0x72, 0x22, 0x22, 0x22, 0x89, 0x1, 0xdc, 0xe5,
    0x73, 0x11, 0x11, 0x11, 0x14, 0x50, 0x1, 0xdf,
    0x10, 0xe, 0xee, 0xfe, 0xee, 0x0, 0x0, 0xc,
    0xfa, 0x0, 0x0, 0xf, 0x10, 0x0, 0x0, 0x7,
    0xd2, 0xe7, 0x0, 0x0, 0xf1, 0x0, 0x0, 0x7,
    0xf3, 0x2, 0x0, 0x11, 0x5f, 0x0, 0x0, 0x0,
    0xa3, 0x0, 0x0, 0x8, 0xff, 0x90, 0x0, 0x0,
    0x0, 0x0, 0x0, 0x0, 0x0, 0x0, 0x0, 0x0,
    0x0,

    /* U+5A7A "婺" */
    0x0, 0x0, 0x0, 0x0, 0x0, 0x41, 0x0, 0x0,
    0x3, 0xcc, 0xcc, 0xcc, 0x10, 0xf2, 0x0, 0x0,
    0x0, 0x57, 0x24, 0xda, 0x6, 0xfc, 0xcc, 0xc6,
    0x0, 0x3d, 0xde, 0x70, 0xd, 0xb3, 0x3e, 0x42,
    0x2, 0x33, 0xbf, 0x33, 0x8d, 0xf1, 0x3d, 0x0,
    0xb, 0xbd, 0xef, 0xbf, 0x73, 0xab, 0xc8, 0x0,
    0x0, 0x5c, 0x3d, 0x2e, 0x0, 0x1f, 0xe0, 0x0,
    0x2b, 0xc1, 0x3d, 0x24, 0x2, 0xae, 0xe9, 0x10,
    0x16, 0x1d, 0xf8, 0x43, 0x8e, 0x80, 0x19, 0xf5,
    0x0, 0x1, 0x2, 0xe4, 0x10, 0x0, 0x0, 0x10,
    0x6f, 0xff, 0xff, 0xff, 0xff, 0xff, 0xff, 0xfd,
    0x0, 0x0, 0xc7, 0x0, 0x0, 0x6e, 0x20, 0x0,
    0x0, 0x6, 0xee, 0x94, 0x18, 0xe3, 0x0, 0x0,
    0x0, 0x0, 0x3, 0x9f, 0xff, 0x81, 0x0, 0x0,
    0x1, 0x35, 0x8c, 0xfb, 0x58, 0xdf, 0xb6, 0x10,
    0xb, 0xfd, 0xa6, 0x10, 0x0, 0x3, 0x9e, 0x60,
    0x0, 0x0, 0x0, 0x0, 0x0, 0x0, 0x0, 0x0,

    /* U+5A9B "媛" */
    0x0, 0x20, 0x0, 0x0, 0x0, 0x0, 0x0, 0x0,
    0x0, 0xd4, 0x0, 0x23, 0x34, 0x56, 0x89, 0xa0,
    0x0, 0xf2, 0x1, 0xfe, 0xdd, 0xcb, 0xa9, 0x71,
    0x1, 0xf0, 0x0, 0x4a, 0x4, 0xd0, 0xd, 0x50,
    0xbf, 0xff, 0xf6, 0xd, 0x20, 0xc2, 0x8b, 0x0,
    0x7, 0xa0, 0xb6, 0xee, 0xee, 0xee, 0xfe, 0xe5,
    0xa, 0x70, 0xc4, 0x22, 0xc7, 0x22, 0x22, 0x20,
    0xc, 0x40, 0xe4, 0x33, 0xe6, 0x33, 0x33, 0x31,
    0xf, 0x10, 0xf5, 0xdd, 0xfd, 0xdd, 0xdd, 0xd7,
    0x3e, 0x3, 0xd0, 0x7, 0xb0, 0x0, 0x0, 0x0,
    0x2e, 0x78, 0xa0, 0xc, 0xff, 0xff, 0xff, 0xa0,
    0x2, 0xef, 0x50, 0x4e, 0xe4, 0x0, 0x3f, 0x40,
    0x0, 0x7f, 0xa0, 0xc7, 0x4e, 0x42, 0xe8, 0x0,
    0x2, 0xf7, 0xe9, 0xe0, 0x6, 0xff, 0x80, 0x0,
    0x1d, 0x90, 0x1f, 0x51, 0x6d, 0xed, 0xe9, 0x41,
    0xab, 0x0, 0x3, 0x6f, 0xd7, 0x0, 0x5b, 0xf8,
    0x10, 0x0, 0x0, 0x2, 0x0, 0x0, 0x0, 0x0,

    /* U+5AAA "媪" */
    0x0, 0x0, 0x0, 0x0, 0x0, 0x0, 0x0, 0x0,
    0x0, 0xd4, 0x0, 0x23, 0x33, 0x33, 0x33, 0x0,
    0x0, 0xf2, 0x0, 0xcd, 0xdd, 0xdd, 0xdf, 0x20,
    0x1, 0xf0, 0x0, 0xc4, 0x0, 0x0, 0xe, 0x20,
    0x9f, 0xff, 0xf3, 0xce, 0xdd, 0xdd, 0xdf, 0x20,
    0x18, 0xb2, 0xe2, 0xc5, 0x11, 0x11, 0x1e, 0x20,
    0xa, 0x70, 0xf1, 0xc5, 0x11, 0x11, 0x1e, 0x20,
    0xd, 0x41, 0xf0, 0xce, 0xee, 0xee, 0xef, 0x20,
    0x1f, 0x3, 0xd0, 0x52, 0x0, 0x0, 0x6, 0x10,
    0x3f, 0x17, 0x93, 0xff, 0xff, 0xff, 0xff, 0x90,
    0x9, 0xdd, 0x53, 0xb1, 0x4c, 0x1e, 0x26, 0xa0,
    0x0, 0x9f, 0x33, 0xb0, 0x4c, 0xe, 0x16, 0xa0,
    0x0, 0xdd, 0xe6, 0xb0, 0x4c, 0xe, 0x16, 0xa0,
    0x9, 0xc0, 0x85, 0xb0, 0x4c, 0xe, 0x16, 0xa0,
    0x7e, 0x20, 0x3d, 0xec, 0xdf, 0xcf, 0xcd, 0xe8,
    0x43, 0x0, 0x14, 0x44, 0x44, 0x44, 0x44, 0x42,

    /* U+5AB2 "媲" */
    0x0, 0x2, 0x0, 0x0, 0x0, 0x30, 0x0, 0x0,
    0x0, 0x0, 0xf5, 0x0, 0x0, 0xf, 0x0, 0x0,
    0x0, 0x0, 0x1f, 0x30, 0x2c, 0xcd, 0xfc, 0xcc,
    0xc2, 0x0, 0x3, 0xf0, 0x3, 0xe4, 0x74, 0x49,
    0x5e, 0x30, 0xe, 0xff, 0xff, 0x7e, 0x1b, 0x99,
    0xd2, 0xd3, 0x0, 0x2a, 0xb2, 0xd6, 0xe0, 0x1d,
    0xf5, 0xd, 0x30, 0x0, 0xb7, 0xd, 0x5e, 0x5e,
    0x86, 0xf6, 0xd3, 0x0, 0xe, 0x40, 0xf3, 0xe5,
    0x62, 0x25, 0x4d, 0x30, 0x2, 0xf0, 0x2d, 0x3e,
    0xee, 0xee, 0xee, 0xf3, 0x0, 0x6d, 0x6, 0xa1,
    0x80, 0x0, 0xb1, 0x0, 0x10, 0x4, 0xf7, 0xb6,
    0x2f, 0x44, 0x4f, 0x22, 0xcc, 0x0, 0x3, 0xef,
    0x22, 0xfc, 0xcc, 0xf9, 0xf8, 0x0, 0x0, 0xb,
    0xfb, 0x2f, 0x0, 0xe, 0xb2, 0x9, 0x10, 0x7,
    0xe3, 0xd5, 0xf0, 0x5, 0xe2, 0x0, 0xf1, 0x7,
    0xf3, 0x0, 0x2f, 0x9f, 0xbe, 0x72, 0x6d, 0x0,
    0xc4, 0x0, 0x4, 0xf9, 0x20, 0x7f, 0xff, 0x60,
    0x0, 0x0, 0x0, 0x1, 0x0, 0x0, 0x0, 0x0,
    0x0,

    /* U+5AB8 "媸" */
    0x0, 0x10, 0x0, 0x0, 0x0, 0x40, 0x0, 0x0,
    0x0, 0xd5, 0x0, 0x40, 0x1, 0xf0, 0x3, 0x10,
    0x0, 0xf3, 0x0, 0xe3, 0x1, 0xf0, 0xc, 0x50,
    0x1, 0xf0, 0x0, 0xe8, 0x78, 0xf7, 0x7d, 0x50,
    0x9f, 0xff, 0xf6, 0x78, 0x89, 0xf8, 0x8e, 0x50,
    0x18, 0xb3, 0xc6, 0x0, 0x1, 0xf0, 0x1, 0x0,
    0x9, 0x80, 0xca, 0xff, 0xff, 0xff, 0xff, 0xf4,
    0xd, 0x40, 0xe3, 0x0, 0x1, 0xd0, 0x0, 0x0,
    0xf, 0x11, 0xf0, 0x34, 0x45, 0xf4, 0x44, 0x10,
    0x3e, 0x5, 0xc0, 0xdc, 0xbb, 0xfb, 0xbf, 0x40,
    0x1c, 0x9b, 0x70, 0xd4, 0x1, 0xf0, 0xd, 0x40,
    0x0, 0xaf, 0x40, 0xde, 0xdd, 0xfd, 0xdf, 0x40,
    0x0, 0xcf, 0xf4, 0xd5, 0x23, 0xf2, 0x2a, 0x10,
    0x9, 0xf4, 0xaa, 0x0, 0x1, 0xf1, 0x2c, 0x80,
    0x7f, 0x50, 0x6, 0xde, 0xff, 0xff, 0xed, 0xf1,
    0x43, 0x0, 0x2, 0x54, 0x31, 0x0, 0x0, 0xa3,

    /* U+5ABE "媾" */
    0x0, 0x0, 0x0, 0x0, 0x0, 0x0, 0x0, 0x0,
    0x2, 0xe0, 0x0, 0x2, 0xd0, 0x0, 0xf0, 0x0,
    0x3, 0xc0, 0x4, 0xee, 0xfe, 0xee, 0xfe, 0xe1,
    0x5, 0xa0, 0x0, 0x2, 0xd0, 0x0, 0xf0, 0x0,
    0xaf, 0xff, 0xc0, 0xdd, 0xfd, 0xdd, 0xfd, 0xa0,
    0xa, 0x64, 0xc0, 0x2, 0xd0, 0x0, 0xf0, 0x0,
    0xc, 0x34, 0xba, 0xdd, 0xfd, 0xdd, 0xfd, 0xd8,
    0xf, 0x6, 0xa0, 0x0, 0x1, 0xf0, 0x0, 0x0,
    0x2e, 0x9, 0x70, 0xae, 0xee, 0xfe, 0xee, 0x90,
    0x4d, 0x1c, 0x40, 0xb4, 0x1, 0xf0, 0x5, 0xa0,
    0x7, 0xef, 0x0, 0xbe, 0xdd, 0xfd, 0xde, 0xa0,
    0x0, 0xaf, 0x40, 0xb4, 0x1, 0xf0, 0x5, 0xa0,
    0x1, 0xf9, 0xdb, 0xfe, 0xdd, 0xfd, 0xde, 0xf9,
    0xa, 0xa0, 0x10, 0xb4, 0x0, 0x0, 0x6, 0xa0,
    0x7e, 0x10, 0x0, 0xb4, 0x0, 0x1, 0x1a, 0x90,
    0x44, 0x0, 0x0, 0xb4, 0x0, 0x4f, 0xfe, 0x20,
    0x0, 0x0, 0x0, 0x10, 0x0, 0x0, 0x0, 0x0,

    /* U+5AD2 "嫒" */
    0x0, 0x20, 0x0, 0x0, 0x0, 0x0, 0x0, 0x0,
    0x0, 0xd4, 0x0, 0x23, 0x44, 0x57, 0x89, 0x90,
    0x0, 0xf2, 0x0, 0xde, 0xdc, 0xca, 0x9b, 0x70,
    0x1, 0xf0, 0x0, 0x1c, 0x3, 0xd0, 0x1f, 0x30,
    0xaf, 0xff, 0xf6, 0xb, 0x40, 0xb2, 0x98, 0x0,
    0x18, 0xb1, 0xc6, 0xff, 0xff, 0xff, 0xff, 0xf2,
    0x9, 0x70, 0xc4, 0xf2, 0x14, 0x0, 0x0, 0xe2,
    0xc, 0x40, 0xe2, 0xa1, 0x6c, 0x0, 0x0, 0x91,
    0xf, 0x10, 0xf2, 0xff, 0xff, 0xff, 0xff, 0xf5,
    0x4e, 0x4, 0xd0, 0x0, 0xe1, 0x0, 0x0, 0x0,
    0x2e, 0x98, 0x90, 0x7, 0xff, 0xff, 0xff, 0x40,
    0x1, 0xdf, 0x40, 0xe, 0xe4, 0x0, 0x6d, 0x0,
    0x0, 0x7f, 0xc1, 0xa9, 0x3e, 0x44, 0xe3, 0x0,
    0x3, 0xf5, 0xc8, 0xe1, 0x5, 0xff, 0x40, 0x0,
    0x2e, 0x80, 0x1f, 0x42, 0x8e, 0xbc, 0xf9, 0x51,
    0x99, 0x0, 0x3, 0x6f, 0xa4, 0x0, 0x49, 0xe3,
    0x0, 0x0, 0x0, 0x1, 0x0, 0x0, 0x0, 0x0,

    /* U+5AD4 "嫔" */
    0x0, 0x51, 0x0, 0x0, 0x2, 0x60, 0x0, 0x0,
    0x0, 0xf3, 0x0, 0x0, 0x3, 0xf3, 0x0, 0x0,
    0x1, 0xf1, 0x1, 0xdd, 0xdd, 0xfe, 0xdd, 0xd3,
    0x15, 0xf3, 0x32, 0xf3, 0x33, 0x33, 0x33, 0xe4,
    0x9f, 0xff, 0xf3, 0xa0, 0x0, 0x14, 0x76, 0x92,
    0x19, 0xb2, 0xf1, 0xe, 0xff, 0xfe, 0xc9, 0x0,
    0xa, 0x80, 0xf0, 0xf, 0x31, 0x0, 0x0, 0x0,
    0xd, 0x52, 0xe0, 0xf, 0x21, 0x11, 0x11, 0x10,
    0xf, 0x14, 0xc0, 0xf, 0xff, 0xff, 0xff, 0xf0,
    0x2f, 0x17, 0x90, 0xf, 0x10, 0x3, 0xe0, 0x0,
    0xa, 0xdd, 0x50, 0xf, 0x10, 0x3, 0xe0, 0x0,
    0x0, 0x9f, 0x59, 0xdf, 0xdd, 0xdd, 0xfd, 0xd7,
    0x0, 0xcc, 0xf6, 0x33, 0x53, 0x33, 0x43, 0x31,
    0x9, 0xd0, 0x60, 0x8, 0xf5, 0x4, 0xf7, 0x0,
    0x8e, 0x20, 0x8, 0xec, 0x40, 0x0, 0x5e, 0xd3,
    0x43, 0x0, 0x9, 0x50, 0x0, 0x0, 0x0, 0x82,

    /* U+5AD6 "嫖" */
    0x0, 0x51, 0x0, 0x0, 0x0, 0x0, 0x0, 0x0,
    0x0, 0xf3, 0x9, 0xcc, 0xcc, 0xcc, 0xcc, 0xc4,
    0x1, 0xf0, 0x3, 0x44, 0xc7, 0x4f, 0x54, 0x41,
    0x3, 0xe0, 0x0, 0x11, 0xc5, 0x1f, 0x21, 0x10,
    0xcf, 0xff, 0xf7, 0xfe, 0xfe, 0xef, 0xee, 0xe0,
    0x19, 0xa2, 0xe7, 0x80, 0xb4, 0xf, 0x12, 0xe0,
    0xb, 0x60, 0xe6, 0x81, 0xc5, 0x1f, 0x23, 0xe0,
    0xe, 0x32, 0xd6, 0xfe, 0xee, 0xee, 0xee, 0xe0,
    0x1f, 0x4, 0xb1, 0x20, 0x0, 0x0, 0x1, 0x30,
    0x5d, 0x8, 0x80, 0xaf, 0xff, 0xff, 0xff, 0x10,
    0x1d, 0xad, 0x40, 0x0, 0x0, 0x0, 0x0, 0x0,
    0x0, 0xbf, 0x1b, 0xff, 0xff, 0xff, 0xff, 0xf5,
    0x0, 0xde, 0xd1, 0x3, 0x3, 0xe0, 0x20, 0x0,
    0x8, 0xc0, 0xc5, 0x9f, 0x23, 0xe0, 0xdb, 0x10,
    0x7f, 0x20, 0x3e, 0xc3, 0x16, 0xd0, 0x1a, 0xf4,
    0xa3, 0x0, 0x6, 0x7, 0xff, 0x60, 0x0, 0x50,
    0x0, 0x0, 0x0, 0x0, 0x0, 0x0, 0x0, 0x0,

    /* U+5AD8 "嫘" */
    0x0, 0x5, 0x10, 0x0, 0x0, 0x0, 0x0, 0x0,
    0x0, 0x0, 0xf2, 0x4, 0xcc, 0xcc, 0xcc, 0xcc,
    0xb0, 0x0, 0x1f, 0x0, 0x6c, 0x22, 0x6d, 0x22,
    0x5e, 0x0, 0x3, 0xe0, 0x6, 0xb0, 0x5, 0xc0,
    0x2, 0xe0, 0xa, 0xcf, 0xbb, 0x6f, 0xee, 0xef,
    0xee, 0xee, 0x0, 0x4b, 0xb5, 0xf6, 0xb0, 0x5,
    0xc0, 0x2, 0xe0, 0x0, 0xb6, 0xf, 0x6f, 0xff,
    0xff, 0xff, 0xfe, 0x0, 0xe, 0x32, 0xd1, 0x31,
    0xab, 0x10, 0x45, 0x40, 0x2, 0xf0, 0x5a, 0x6,
    0xd7, 0x23, 0x7e, 0x60, 0x0, 0x6c, 0x8, 0x70,
    0xcd, 0xcf, 0xf7, 0x40, 0x0, 0x3, 0xe8, 0xe3,
    0x0, 0x6b, 0x70, 0x9, 0xb0, 0x0, 0x2, 0xdf,
    0x5, 0xff, 0xbc, 0xde, 0xff, 0xb0, 0x0, 0x1e,
    0xec, 0x26, 0x63, 0x5e, 0x3, 0x7, 0x0, 0xa,
    0xb1, 0xa1, 0x9e, 0x13, 0xe0, 0xdd, 0x40, 0xa,
    0xd1, 0x5, 0xec, 0x52, 0x8d, 0x0, 0x8f, 0x80,
    0x81, 0x0, 0x35, 0xd, 0xfe, 0x50, 0x0, 0x22,
    0x0, 0x0, 0x0, 0x0, 0x0, 0x0, 0x0, 0x0,
    0x0,

    /* U+5ADC "嫜" */
    0x0, 0x41, 0x0, 0x0, 0x2, 0x40, 0x0, 0x0,
    0x0, 0xf3, 0x0, 0x0, 0x3, 0xe1, 0x0, 0x0,
    0x1, 0xf1, 0x0, 0xff, 0xff, 0xff, 0xff, 0xe0,
    0x3, 0xe0, 0x0, 0x7, 0x60, 0x0, 0x67, 0x0,
    0xdf, 0xff, 0xf2, 0x3, 0xf1, 0x1, 0xe4, 0x0,
    0x29, 0xa2, 0xc8, 0xff, 0xff, 0xff, 0xff, 0xf5,
    0xb, 0x60, 0xc1, 0x0, 0x0, 0x0, 0x0, 0x0,
    0xe, 0x30, 0xe0, 0x9f, 0xee, 0xee, 0xef, 0x70,
    0x1f, 0x1, 0xd0, 0x97, 0x0, 0x0, 0x8, 0x70,
    0x5c, 0x4, 0xa0, 0x9e, 0xee, 0xee, 0xef, 0x70,
    0x3e, 0x79, 0x70, 0x97, 0x0, 0x0, 0x8, 0x70,
    0x2, 0xef, 0x30, 0x9f, 0xee, 0xfe, 0xef, 0x70,
    0x0, 0xaf, 0xa0, 0x32, 0x1, 0xf0, 0x3, 0x20,
    0x6, 0xe2, 0xdb, 0xff, 0xff, 0xff, 0xff, 0xf7,
    0x7e, 0x30, 0x0, 0x0, 0x1, 0xf0, 0x0, 0x0,
    0x52, 0x0, 0x0, 0x0, 0x1, 0xf0, 0x0, 0x0,

    /* U+5AE0 "嫠" */
    0x0, 0x0, 0x13, 0x0, 0x0, 0x3, 0x0, 0x0,
    0x0, 0x0, 0x4, 0xc0, 0x0, 0x3, 0xf0, 0x0,
    0x0, 0x5, 0xff, 0xff, 0xff, 0xc0, 0xaf, 0xcc,
    0xcc, 0x80, 0x0, 0x4, 0xc0, 0x0, 0x3f, 0xc2,
    0x2e, 0x61, 0xb, 0xff, 0xff, 0xff, 0xfd, 0x7c,
    0x67, 0xc0, 0x0, 0x0, 0x4e, 0xda, 0x30, 0x0,
    0x2f, 0xf2, 0x0, 0x0, 0x8d, 0x6c, 0x5d, 0xa0,
    0x5d, 0xcb, 0xe8, 0x30, 0xca, 0x4, 0xa0, 0x3,
    0x7d, 0x50, 0x4, 0xb5, 0x0, 0x3f, 0xff, 0xff,
    0xff, 0xff, 0xff, 0xff, 0x0, 0x4, 0xd0, 0x0,
    0x2e, 0x40, 0x0, 0x0, 0x0, 0x0, 0x4f, 0xcc,
    0xce, 0xfc, 0xcc, 0xcc, 0xcc, 0x60, 0x6, 0xc3,
    0x3b, 0xc3, 0x33, 0x5f, 0x53, 0x31, 0x0, 0xa8,
    0x4, 0xfb, 0x61, 0x3e, 0x80, 0x0, 0x0, 0x1f,
    0x30, 0x1, 0x6d, 0xff, 0xd4, 0x0, 0x0, 0x9,
    0xc1, 0x47, 0x9d, 0xe8, 0x49, 0xef, 0xb6, 0x0,
    0x82, 0x2d, 0xa7, 0x30, 0x0, 0x0, 0x39, 0x80,

    /* U+5AE3 "嫣" */
    0x0, 0xd1, 0x0, 0x44, 0x44, 0x44, 0x44, 0x40,
    0x1, 0xf0, 0x0, 0xcc, 0xcc, 0xfc, 0xcc, 0xc0,
    0x2, 0xe0, 0x0, 0x35, 0x1, 0xf2, 0x22, 0x0,
    0x8d, 0xfd, 0xa0, 0x79, 0x1, 0xfd, 0xdd, 0x30,
    0x29, 0xb7, 0xc0, 0x7a, 0x2, 0xf0, 0x0, 0x0,
    0x9, 0x75, 0xac, 0xff, 0xff, 0xff, 0xff, 0xf7,
    0xc, 0x46, 0x90, 0x96, 0x0, 0x0, 0x0, 0x0,
    0xf, 0x19, 0x70, 0xbf, 0xff, 0xff, 0xff, 0xd0,
    0x2f, 0x1d, 0x40, 0xd3, 0x0, 0x0, 0x0, 0x0,
    0x7, 0xef, 0x0, 0xff, 0xff, 0xff, 0xff, 0xf3,
    0x0, 0x9f, 0x40, 0x10, 0x12, 0x24, 0x41, 0xf2,
    0x1, 0xea, 0xf5, 0xc6, 0x87, 0x95, 0xc1, 0xf1,
    0x9, 0xb0, 0x49, 0x83, 0xd2, 0xe0, 0xb4, 0xf0,
    0x6f, 0x20, 0xe, 0x20, 0x92, 0x41, 0x2a, 0xc0,
    0x54, 0x0, 0x0, 0x0, 0x7, 0xff, 0xfc, 0x20,
    0x0, 0x0, 0x0, 0x0, 0x0, 0x0, 0x0, 0x0,

    /* U+5AE6 "嫦" */
    0x0, 0xd3, 0x0, 0x34, 0x0, 0xf2, 0x1, 0x50,
    0x0, 0xf2, 0x0, 0x5f, 0x70, 0xf2, 0x3e, 0xa0,
    0x2, 0xf0, 0x0, 0x27, 0xb2, 0xf4, 0xaa, 0x21,
    0x8c, 0xfb, 0xb7, 0xfd, 0xdd, 0xdd, 0xdd, 0xf6,
    0x4a, 0xc5, 0xe8, 0xd1, 0x11, 0x11, 0x11, 0xb6,
    0xa, 0x70, 0xe5, 0x8f, 0xff, 0xff, 0xff, 0x84,
    0xd, 0x40, 0xf1, 0xf, 0x20, 0x0, 0xf, 0x10,
    0x1f, 0x13, 0xe0, 0xf, 0xff, 0xff, 0xff, 0x10,
    0x4e, 0x6, 0xb0, 0xf, 0x31, 0xf3, 0x1f, 0x10,
    0x2e, 0xab, 0x70, 0x12, 0x22, 0xf3, 0x22, 0x20,
    0x1, 0xdf, 0x20, 0xde, 0xee, 0xfe, 0xee, 0xf1,
    0x0, 0xbf, 0xc1, 0xd4, 0x0, 0xf2, 0x0, 0xf1,
    0x7, 0xd1, 0xa3, 0xd4, 0x0, 0xf2, 0x3, 0xf1,
    0x8e, 0x20, 0x0, 0xd4, 0x0, 0xf9, 0xff, 0xb0,
    0x62, 0x0, 0x0, 0x10, 0x0, 0xf2, 0x21, 0x0,

    /* U+5AEB "嫫" */
    0x0, 0x0, 0x0, 0x0, 0x0, 0x0, 0x0, 0x0,
    0x0, 0xe3, 0x0, 0x3, 0xf0, 0x2, 0xe0, 0x0,
    0x0, 0xf1, 0x4, 0x89, 0xf8, 0x89, 0xf8, 0x85,
    0x2, 0xf0, 0x4, 0x79, 0xf7, 0x79, 0xf7, 0x74,
    0x8f, 0xfe, 0xe3, 0x3, 0xc0, 0x2, 0xb0, 0x0,
    0x18, 0xb2, 0xe3, 0xef, 0xff, 0xff, 0xff, 0xa0,
    0x9, 0x80, 0xe2, 0xe3, 0x0, 0x0, 0x6, 0xa0,
    0xc, 0x50, 0xf1, 0xef, 0xff, 0xff, 0xff, 0xa0,
    0xe, 0x22, 0xe0, 0xe3, 0x0, 0x0, 0x6, 0xa0,
    0x1f, 0x5, 0xb0, 0xef, 0xff, 0xff, 0xff, 0xa0,
    0x1d, 0xaa, 0x70, 0xa2, 0x5, 0xb0, 0x4, 0x70,
    0x0, 0xaf, 0x59, 0xee, 0xee, 0xfe, 0xee, 0xe9,
    0x0, 0xae, 0xf5, 0x22, 0x3f, 0xcb, 0x22, 0x21,
    0x6, 0xe1, 0x8a, 0x2, 0xda, 0xb, 0xb1, 0x0,
    0x6f, 0x50, 0x6, 0xaf, 0x80, 0x0, 0x9f, 0xa4,
    0x55, 0x0, 0x1d, 0x82, 0x0, 0x0, 0x3, 0xa4,

    /* U+5AF1 "嫱" */
    0x0, 0x30, 0x0, 0x0, 0x0, 0x30, 0x0, 0x0,
    0x0, 0xf2, 0x0, 0x0, 0x0, 0xe2, 0x0, 0x0,
    0x2, 0xf0, 0x0, 0xef, 0xff, 0xff, 0xff, 0xf0,
    0x5, 0xd1, 0x10, 0x18, 0x0, 0xe3, 0x5, 0x50,
    0xaf, 0xff, 0xf0, 0x1d, 0x90, 0xe2, 0x7f, 0x50,
    0x1a, 0x92, 0xf0, 0x2, 0x60, 0xe2, 0x83, 0x0,
    0xb, 0x51, 0xe8, 0xff, 0xff, 0xff, 0xff, 0xfa,
    0xe, 0x33, 0xd0, 0x0, 0x0, 0x0, 0x0, 0x0,
    0x1f, 0x5, 0xb0, 0xef, 0xff, 0xff, 0xff, 0xf2,
    0x4d, 0x8, 0x80, 0xe2, 0x0, 0x0, 0x0, 0xe2,
    0x5e, 0x3c, 0x40, 0xe2, 0xdf, 0xff, 0xd0, 0xe2,
    0x7, 0xef, 0x0, 0xe2, 0xd1, 0x1, 0xd0, 0xe2,
    0x0, 0xcf, 0x40, 0xe2, 0xdf, 0xff, 0xd0, 0xe2,
    0x8, 0xe8, 0xf3, 0xe2, 0x70, 0x0, 0x70, 0xe2,
    0x7f, 0x40, 0x40, 0xef, 0xff, 0xff, 0xff, 0xf2,
    0x65, 0x0, 0x0, 0xe2, 0x0, 0x0, 0x0, 0xe2,

    /* U+5B09 "嬉" */
    0x0, 0x21, 0x0, 0x0, 0x0, 0x50, 0x0, 0x0,
    0x0, 0xc6, 0x0, 0x0, 0x0, 0xf1, 0x0, 0x0,
    0x0, 0xe3, 0x7, 0xff, 0xff, 0xff, 0xff, 0xfa,
    0x0, 0xf1, 0x0, 0x0, 0x0, 0xf1, 0x0, 0x0,
    0xaf, 0xff, 0xf5, 0xee, 0xee, 0xfe, 0xee, 0xe1,
    0x17, 0xc2, 0xd5, 0x11, 0x11, 0x11, 0x11, 0x10,
    0x8, 0x90, 0xe3, 0xce, 0xee, 0xee, 0xee, 0xd0,
    0xb, 0x60, 0xf1, 0xc5, 0x0, 0x0, 0x3, 0xd0,
    0xe, 0x23, 0xe0, 0xce, 0xee, 0xee, 0xee, 0xd0,
    0x2f, 0x7, 0xa0, 0x35, 0xc0, 0x0, 0xb6, 0x30,
    0xa, 0xcd, 0x59, 0xcc, 0xfd, 0xcd, 0xfc, 0xc9,
    0x0, 0x9f, 0x30, 0x11, 0x11, 0x11, 0x11, 0x10,
    0x0, 0xdb, 0xf3, 0xbe, 0xee, 0xee, 0xee, 0xd0,
    0xa, 0xb0, 0x7d, 0xd4, 0x0, 0x0, 0x3, 0xe0,
    0x9e, 0x10, 0x1, 0xdc, 0xaa, 0xaa, 0xab, 0xe0,
    0x42, 0x0, 0x0, 0xd7, 0x33, 0x33, 0x36, 0xe0,

    /* U+5B16 "嬖" */
    0x0, 0x0, 0x0, 0x0, 0x0, 0x6, 0x0, 0x0,
    0x3, 0xcc, 0xcc, 0xc9, 0x1, 0x1c, 0x61, 0x10,
    0x4, 0xb2, 0x22, 0x5c, 0xaf, 0xff, 0xff, 0xf8,
    0x5, 0xb3, 0x33, 0x5c, 0x5, 0x61, 0x19, 0x40,
    0x6, 0xeb, 0xbb, 0xb7, 0x35, 0xd3, 0x7d, 0x32,
    0x9, 0x71, 0x11, 0x10, 0xff, 0xff, 0xff, 0xfd,
    0xe, 0xae, 0xcc, 0xdc, 0x11, 0x1b, 0x61, 0x11,
    0x5c, 0x78, 0x0, 0x3c, 0x6a, 0xae, 0xca, 0xa3,
    0x13, 0x7e, 0xdd, 0xda, 0x23, 0x3c, 0x73, 0x31,
    0x0, 0x11, 0x1, 0xb5, 0x0, 0x2, 0x10, 0x0,
    0x5e, 0xee, 0xef, 0xfe, 0xee, 0xee, 0xee, 0xec,
    0x0, 0x1, 0xc9, 0x0, 0x0, 0x6e, 0x20, 0x0,
    0x0, 0x5, 0xde, 0x95, 0x29, 0xe3, 0x0, 0x0,
    0x0, 0x0, 0x2, 0x9f, 0xff, 0x93, 0x0, 0x0,
    0x3, 0x57, 0xae, 0xe9, 0x35, 0xae, 0xea, 0x40,
    0xb, 0xca, 0x63, 0x0, 0x0, 0x0, 0x49, 0x70,

    /* U+5B17 "嬗" */
    0x0, 0x10, 0x0, 0x0, 0x0, 0x20, 0x0, 0x0,
    0x0, 0xf0, 0x0, 0x0, 0x8, 0xd0, 0x0, 0x0,
    0x2, 0xe0, 0xe, 0xee, 0xee, 0xee, 0xee, 0xe9,
    0x4, 0xc0, 0x1, 0x55, 0x55, 0x55, 0x55, 0x50,
    0x8f, 0xfe, 0xb6, 0xd7, 0x77, 0x77, 0x77, 0xf2,
    0x1a, 0x85, 0xc6, 0xa0, 0xdb, 0xbb, 0xc0, 0xf2,
    0xb, 0x54, 0xb6, 0xa0, 0xf5, 0x56, 0xe0, 0xf2,
    0xe, 0x25, 0xa6, 0xa0, 0xb6, 0x66, 0xa0, 0xf2,
    0xf, 0x7, 0x86, 0xfd, 0xdd, 0xdd, 0xdd, 0xf2,
    0x3d, 0xa, 0x61, 0x20, 0x0, 0x0, 0x0, 0x20,
    0x2e, 0x7d, 0x30, 0xec, 0xcc, 0xcc, 0xcd, 0xa0,
    0x1, 0xdf, 0x0, 0xe8, 0x77, 0x77, 0x7a, 0xa0,
    0x0, 0xbf, 0xa0, 0xe5, 0x33, 0x33, 0x37, 0xa0,
    0x4, 0xe2, 0xa0, 0xec, 0xcc, 0xcc, 0xcd, 0xa0,
    0x1e, 0x50, 0x0, 0x40, 0x0, 0x0, 0x1, 0x30,
    0x99, 0x0, 0x4e, 0xee, 0xee, 0xee, 0xee, 0xed,
    0x10, 0x0, 0x0, 0x0, 0x0, 0x0, 0x0, 0x0,

    /* U+5B32 "嬲" */
    0x0, 0x0, 0x0, 0x0, 0x0, 0x0, 0x0, 0x0,
    0xd, 0xdd, 0xdb, 0xb, 0x40, 0x9d, 0xdd, 0xd0,
    0xd, 0xc, 0xd, 0xc, 0x20, 0xa4, 0x84, 0xd0,
    0xd, 0xc, 0xd, 0x2e, 0x31, 0xa3, 0x73, 0xd0,
    0xf, 0xdf, 0xdd, 0xbf, 0xd9, 0xad, 0xed, 0xf0,
    0xd, 0x1c, 0x1d, 0x2c, 0x49, 0xa5, 0x84, 0xd0,
    0xd, 0xc, 0xd, 0x4a, 0x48, 0xa3, 0x73, 0xd0,
    0xf, 0xcf, 0xcd, 0x68, 0x67, 0xac, 0xdc, 0xf0,
    0x9, 0x32, 0x28, 0x86, 0x76, 0x75, 0x42, 0x90,
    0x0, 0xb3, 0x0, 0xa4, 0xa3, 0x2, 0xc0, 0x0,
    0x4f, 0xff, 0xfb, 0x9a, 0xe0, 0xdf, 0xfe, 0xe0,
    0x0, 0xe1, 0x3c, 0xb, 0xd0, 0x7, 0x90, 0xe0,
    0x1, 0xe0, 0x3b, 0xa, 0xf7, 0xb, 0x50, 0xe0,
    0x8, 0x90, 0x3a, 0x2e, 0x3c, 0x3e, 0x0, 0xe0,
    0x3e, 0x31, 0x89, 0xc6, 0x4, 0xe5, 0x13, 0xd0,
    0x96, 0x3f, 0xe4, 0xa0, 0xb, 0x60, 0xbf, 0x70,
    0x0, 0x0, 0x0, 0x0, 0x0, 0x0, 0x0, 0x0,

    /* U+5B37 "嬷" */
    0x0, 0x30, 0x0, 0x0, 0x0, 0x20, 0x0, 0x0,
    0x0, 0x2e, 0x0, 0x0, 0x0, 0x1f, 0x30, 0x0,
    0x0, 0x3, 0xd0, 0x1, 0x88, 0x88, 0xdb, 0x88,
    0x86, 0x1, 0x6c, 0x21, 0x3e, 0x78, 0x97, 0x77,
    0xa7, 0x50, 0x8f, 0xff, 0xc3, 0xc0, 0x3a, 0x0,
    0xe, 0x0, 0x0, 0x88, 0x4c, 0x3c, 0xbd, 0xec,
    0x8c, 0xfc, 0x80, 0xa, 0x65, 0xb3, 0xc0, 0xcc,
    0x40, 0xaf, 0x80, 0x0, 0xc4, 0x6a, 0x3c, 0x6b,
    0xbb, 0x6a, 0xeb, 0x30, 0xe, 0x18, 0x83, 0xed,
    0x4a, 0x2e, 0x1e, 0x3d, 0x1, 0xf0, 0xb5, 0x4b,
    0x23, 0xa0, 0x30, 0xe0, 0x20, 0x1d, 0x9f, 0x25,
    0xa0, 0x1d, 0x24, 0x70, 0x0, 0x0, 0xc, 0xf1,
    0x79, 0x1d, 0x72, 0xe6, 0x0, 0x0, 0x0, 0xdd,
    0xdb, 0x7d, 0x81, 0xd7, 0x59, 0x0, 0x0, 0x6d,
    0x6, 0xf2, 0x41, 0xd7, 0x0, 0xc9, 0x0, 0x4f,
    0x40, 0x8c, 0x1, 0xef, 0xcd, 0xef, 0xf8, 0x4,
    0x60, 0x7, 0x40, 0x6, 0x53, 0x20, 0x2, 0x60,
    0x0, 0x0, 0x0, 0x0, 0x0, 0x0, 0x0, 0x0,
    0x0,

    /* U+5B40 "孀" */
    0x0, 0x30, 0x0, 0x0, 0x0, 0x0, 0x0, 0x0,
    0x0, 0xf1, 0x0, 0xcd, 0xdd, 0xdd, 0xdd, 0x80,
    0x0, 0xf0, 0x0, 0x0, 0x1, 0xf0, 0x0, 0x0,
    0x1, 0xe0, 0x8, 0xee, 0xee, 0xfe, 0xee, 0xe6,
    0x8f, 0xff, 0xc9, 0x60, 0x1, 0xf0, 0x0, 0x87,
    0x17, 0xb5, 0xc9, 0x6d, 0xd4, 0xf5, 0xdc, 0x77,
    0x7, 0x85, 0xb2, 0x27, 0x73, 0xf3, 0x77, 0x22,
    0xa, 0x66, 0x90, 0x18, 0x41, 0x61, 0x44, 0x0,
    0xc, 0x38, 0x70, 0x3c, 0x5, 0xdd, 0xdd, 0xd0,
    0xf, 0x2c, 0x4c, 0xef, 0xe9, 0x90, 0x0, 0xf0,
    0x6, 0xef, 0x10, 0xac, 0x6, 0xed, 0xdd, 0xf0,
    0x0, 0x8f, 0x82, 0xee, 0xd8, 0x90, 0x0, 0xf0,
    0x0, 0xe6, 0xbd, 0x7c, 0x59, 0xed, 0xdd, 0xf0,
    0xa, 0xb0, 0x7a, 0x3c, 0x6, 0x90, 0x0, 0xf0,
    0x7e, 0x20, 0x31, 0x3c, 0x6, 0xec, 0xcc, 0xf0,
    0x23, 0x0, 0x0, 0x3c, 0x6, 0xa1, 0x11, 0xf0,
    0x0, 0x0, 0x0, 0x0, 0x0, 0x0, 0x0, 0x0,

    /* U+5B51 "孑" */
    0x0, 0x33, 0x33, 0x33, 0x33, 0x33, 0x33, 0x20,
    0x1, 0xff, 0xff, 0xff, 0xff, 0xff, 0xff, 0xb0,
    0x0, 0x0, 0x0, 0x0, 0x0, 0x8, 0xfb, 0x20,
    0x0, 0x0, 0x0, 0x0, 0x4, 0xde, 0x60, 0x0,
    0x0, 0x0, 0x0, 0x1, 0xaf, 0x91, 0x0, 0x0,
    0x0, 0x0, 0x0, 0x8, 0xe3, 0x0, 0x0, 0x0,
    0x0, 0x0, 0x0, 0x8, 0xd0, 0x24, 0x69, 0xb7,
    0x0, 0x2, 0x47, 0x9d, 0xff, 0xff, 0xda, 0x83,
    0x3e, 0xff, 0xfd, 0xbc, 0xd4, 0x10, 0x0, 0x0,
    0x6, 0x42, 0x0, 0x8, 0xd0, 0x0, 0x0, 0x0,
    0x0, 0x0, 0x0, 0x8, 0xd0, 0x0, 0x0, 0x0,
    0x0, 0x0, 0x0, 0x8, 0xd0, 0x0, 0x0, 0x0,
    0x0, 0x0, 0x0, 0x8, 0xc0, 0x0, 0x0, 0x0,
    0x0, 0x0, 0x65, 0x5d, 0xb0, 0x0, 0x0, 0x0,
    0x0, 0x0, 0xef, 0xfd, 0x30, 0x0, 0x0, 0x0,
    0x0, 0x0, 0x0, 0x0, 0x0, 0x0, 0x0, 0x0,

    /* U+5B53 "孓" */
    0x2, 0x33, 0x33, 0x33, 0x33, 0x33, 0x33, 0x0,
    0xa, 0xff, 0xff, 0xff, 0xff, 0xff, 0xff, 0x10,
    0x0, 0x0, 0x0, 0x0, 0x0, 0x1b, 0xf6, 0x0,
    0x1, 0x0, 0x0, 0x0, 0x6, 0xfb, 0x10, 0x0,
    0x1f, 0x40, 0x0, 0x1, 0xbf, 0x60, 0x0, 0x0,
    0x7, 0xe3, 0x0, 0xe, 0xc1, 0x0, 0x0, 0x0,
    0x0, 0x9f, 0x40, 0xe, 0x60, 0x0, 0x0, 0x0,
    0x0, 0x8, 0xf7, 0xe, 0x60, 0x0, 0x0, 0x0,
    0x0, 0x0, 0x5e, 0xdf, 0x60, 0x0, 0x0, 0x0,
    0x0, 0x0, 0x1, 0x9f, 0xe8, 0x20, 0x0, 0x0,
    0x0, 0x0, 0x0, 0xe, 0xcd, 0xfe, 0xb8, 0x62,
    0x0, 0x0, 0x0, 0xe, 0x60, 0x16, 0x9c, 0xe2,
    0x0, 0x0, 0x0, 0xe, 0x60, 0x0, 0x0, 0x0,
    0x0, 0x2, 0x54, 0x7f, 0x50, 0x0, 0x0, 0x0,
    0x0, 0x4, 0xff, 0xfb, 0x0, 0x0, 0x0, 0x0,
    0x0, 0x0, 0x0, 0x0, 0x0, 0x0, 0x0, 0x0,

    /* U+5B5A "孚" */
    0x0, 0x1, 0x11, 0x11, 0x23, 0x45, 0x67, 0x50,
    0x2, 0xff, 0xff, 0xff, 0xff, 0xed, 0xcb, 0x90,
    0x0, 0x35, 0x11, 0x9, 0x40, 0x0, 0x3c, 0x10,
    0x0, 0x6e, 0x10, 0x9, 0xc0, 0x0, 0xca, 0x0,
    0x0, 0xd, 0xa0, 0x1, 0xd2, 0x7, 0xe1, 0x0,
    0x0, 0x38, 0x65, 0x55, 0x55, 0x58, 0xa5, 0x10,
    0x0, 0x8c, 0xcc, 0xcc, 0xcc, 0xcf, 0xff, 0x40,
    0x0, 0x0, 0x0, 0x0, 0x49, 0xec, 0x71, 0x0,
    0x0, 0x0, 0x0, 0x1, 0xf8, 0x20, 0x0, 0x0,
    0x6f, 0xff, 0xff, 0xff, 0xff, 0xff, 0xff, 0xfd,
    0x13, 0x33, 0x33, 0x34, 0xf5, 0x33, 0x33, 0x32,
    0x0, 0x0, 0x0, 0x1, 0xf2, 0x0, 0x0, 0x0,
    0x0, 0x0, 0x0, 0x1, 0xf2, 0x0, 0x0, 0x0,
    0x0, 0x0, 0x14, 0x37, 0xf1, 0x0, 0x0, 0x0,
    0x0, 0x0, 0x2f, 0xff, 0x90, 0x0, 0x0, 0x0,
    0x0, 0x0, 0x0, 0x0, 0x0, 0x0, 0x0, 0x0,

    /* U+5B62 "孢" */
    0x0, 0x0, 0x0, 0x0, 0x0, 0x0, 0x0, 0x0,
    0x0, 0x0, 0x0, 0x0, 0xf, 0x30, 0x0, 0x0,
    0x0, 0xc, 0xff, 0xff, 0x16, 0xe2, 0x22, 0x22,
    0x20, 0x0, 0x11, 0x17, 0xd0, 0xcf, 0xff, 0xff,
    0xff, 0x50, 0x0, 0x0, 0xe5, 0x4e, 0x10, 0x0,
    0x0, 0xd5, 0x0, 0x0, 0x8c, 0xd, 0x92, 0x22,
    0x20, 0xe, 0x40, 0x0, 0xc, 0x53, 0xdf, 0xff,
    0xff, 0x40, 0xe4, 0x0, 0x0, 0xc5, 0x41, 0xe3,
    0x0, 0xd4, 0xe, 0x40, 0x0, 0x3e, 0xfd, 0x2e,
    0x30, 0xd, 0x40, 0xe4, 0x0, 0xcf, 0xf7, 0x0,
    0xef, 0xff, 0xf4, 0xf, 0x30, 0x6, 0x1c, 0x50,
    0xe, 0x41, 0x11, 0x1, 0xf2, 0x0, 0x0, 0xc5,
    0x0, 0xe3, 0x6, 0x55, 0xbd, 0x0, 0x0, 0xc,
    0x50, 0xe, 0x30, 0xad, 0xca, 0x29, 0x40, 0x0,
    0xc5, 0x0, 0xe3, 0x0, 0x0, 0x0, 0xe5, 0x0,
    0xd, 0x50, 0xd, 0x81, 0x11, 0x12, 0x8f, 0x10,
    0xbf, 0xf1, 0x0, 0x4e, 0xff, 0xff, 0xfe, 0x50,
    0x1, 0x20, 0x0, 0x0, 0x0, 0x0, 0x0, 0x0,
    0x0,

    /* U+5B65 "孥" */
    0x0, 0x8, 0x0, 0x0, 0x0, 0x0, 0x0, 0x0,
    0x0, 0x5d, 0x0, 0x0, 0x79, 0x99, 0x99, 0x30,
    0xaf, 0xff, 0xff, 0xf2, 0x89, 0x77, 0x7e, 0x50,
    0x14, 0xf2, 0x14, 0xf0, 0x8b, 0x0, 0x4e, 0x0,
    0x9, 0xb0, 0x8, 0xb0, 0xd, 0x81, 0xe6, 0x0,
    0x5, 0xce, 0xaf, 0x20, 0x2, 0xee, 0x90, 0x0,
    0x0, 0x1a, 0xff, 0xc3, 0x18, 0xfe, 0xe6, 0x10,
    0x5a, 0xfc, 0x31, 0x76, 0xfc, 0x30, 0x6e, 0xf5,
    0x59, 0x51, 0x11, 0x11, 0x41, 0x11, 0x10, 0x30,
    0x2, 0xff, 0xff, 0xff, 0xff, 0xff, 0xf7, 0x0,
    0x0, 0x0, 0x0, 0x0, 0x5a, 0xea, 0x40, 0x0,
    0x11, 0x11, 0x11, 0x1b, 0xe7, 0x21, 0x11, 0x10,
    0xef, 0xff, 0xff, 0xff, 0xff, 0xff, 0xff, 0xf7,
    0x0, 0x0, 0x0, 0xb, 0x80, 0x0, 0x0, 0x0,
    0x0, 0x0, 0x33, 0x3d, 0x70, 0x0, 0x0, 0x0,
    0x0, 0x0, 0xcf, 0xfd, 0x20, 0x0, 0x0, 0x0,
    0x0, 0x0, 0x0, 0x0, 0x0, 0x0, 0x0, 0x0,

    /* U+5B71 "孱" */
    0x2, 0xcc, 0xcc, 0xcc, 0xcc, 0xcc, 0xcc, 0x90,
    0x2, 0xf2, 0x22, 0x22, 0x22, 0x22, 0x24, 0xc0,
    0x2, 0xfb, 0xbb, 0xbb, 0xbb, 0xbb, 0xbb, 0xc0,
    0x2, 0xf3, 0x33, 0x33, 0x33, 0x33, 0x34, 0x70,
    0x2, 0xf0, 0x1d, 0xdd, 0xdd, 0xdd, 0xda, 0x0,
    0x2, 0xe0, 0x0, 0x0, 0x8, 0xca, 0x51, 0x0,
    0x3, 0xe7, 0xdd, 0xdd, 0xdf, 0xdd, 0xdd, 0xd0,
    0x3, 0xd0, 0x0, 0x25, 0x8d, 0x0, 0x0, 0x0,
    0x5, 0xc0, 0x0, 0x39, 0x83, 0x0, 0x0, 0x0,
    0x7, 0xa8, 0xdd, 0xdd, 0x6a, 0xdd, 0xdd, 0xa0,
    0x9, 0x80, 0x0, 0x5d, 0x10, 0x0, 0x4d, 0x40,
    0xd, 0x50, 0x4, 0xe6, 0x22, 0x24, 0xf4, 0x20,
    0x2f, 0x5f, 0xee, 0xea, 0x6a, 0xab, 0xea, 0xa3,
    0x7c, 0x0, 0x3, 0xb0, 0x0, 0x3, 0xc0, 0x0,
    0x86, 0xc, 0xde, 0x60, 0xe, 0xff, 0x70, 0x0,
    0x0, 0x0, 0x10, 0x0, 0x0, 0x0, 0x0, 0x0,

    /* U+5B73 "孳" */
    0x0, 0x0, 0x0, 0x0, 0x0, 0x0, 0x0, 0x0,
    0x0, 0x0, 0x4d, 0x0, 0x0, 0x7c, 0x0, 0x0,
    0x13, 0x33, 0x3d, 0x63, 0x34, 0xf7, 0x33, 0x32,
    0x4c, 0xcd, 0xfd, 0xcc, 0xcc, 0xfe, 0xcc, 0xca,
    0x0, 0x3c, 0x60, 0x76, 0x9, 0xb1, 0x2b, 0x20,
    0x7, 0xfd, 0xcd, 0xc1, 0xcf, 0xdd, 0xf8, 0x0,
    0x2, 0x44, 0xd9, 0x10, 0x11, 0x4e, 0x85, 0x0,
    0x0, 0x3d, 0x60, 0xe4, 0x5, 0xe4, 0x2f, 0x50,
    0x3, 0xfe, 0xcd, 0xee, 0x4f, 0xed, 0xcc, 0xe1,
    0x0, 0x33, 0x33, 0x36, 0x33, 0x33, 0x10, 0x72,
    0x0, 0x4, 0xcc, 0xcc, 0xcc, 0xff, 0x60, 0x0,
    0x0, 0x0, 0x0, 0x0, 0x8b, 0x82, 0x0, 0x0,
    0x7f, 0xff, 0xff, 0xff, 0xff, 0xff, 0xff, 0xff,
    0x0, 0x0, 0x0, 0x0, 0xf3, 0x0, 0x0, 0x0,
    0x0, 0x0, 0x13, 0x25, 0xf2, 0x0, 0x0, 0x0,
    0x0, 0x0, 0x4f, 0xff, 0xa0, 0x0, 0x0, 0x0,
    0x0, 0x0, 0x0, 0x0, 0x0, 0x0, 0x0, 0x0,

    /* U+5B80 "宀" */
    0x0, 0x0, 0x0, 0x30, 0x0, 0x0, 0x0, 0x0,
    0x0, 0x0, 0x4f, 0x30, 0x0, 0x0, 0x0, 0x0,
    0x0, 0x0, 0xbd, 0x0, 0x0, 0x0, 0x0, 0x0,
    0x0, 0x2, 0x90, 0x0, 0x0, 0x0, 0xff, 0xff,
    0xff, 0xff, 0xff, 0xff, 0xff, 0x1f, 0x73, 0x33,
    0x33, 0x33, 0x33, 0x37, 0xf1, 0xf5, 0x0, 0x0,
    0x0, 0x0, 0x0, 0x4f, 0x1e, 0x40, 0x0, 0x0,
    0x0, 0x0, 0x3, 0xe0,

    /* U+5B84 "宄" */
    0x0, 0x0, 0x0, 0x0, 0x0, 0x0, 0x0, 0x0,
    0x0, 0x0, 0x0, 0x3e, 0x10, 0x0, 0x0, 0x0,
    0x3, 0x33, 0x33, 0x3e, 0x93, 0x33, 0x33, 0x30,
    0x1f, 0xff, 0xff, 0xff, 0xff, 0xff, 0xff, 0xf1,
    0x1f, 0x20, 0x6, 0x20, 0x0, 0x0, 0x3, 0xf1,
    0x1f, 0x20, 0xe, 0x50, 0x0, 0x0, 0x3, 0xf1,
    0x2, 0x0, 0xf, 0x50, 0x0, 0x0, 0x0, 0x20,
    0xd, 0xdd, 0xdf, 0xed, 0xdd, 0xd5, 0x0, 0x0,
    0x5, 0x55, 0x5f, 0x65, 0x55, 0xe6, 0x0, 0x0,
    0x0, 0x0, 0x2f, 0x10, 0x0, 0xe6, 0x0, 0x0,
    0x0, 0x0, 0x5e, 0x0, 0x0, 0xe6, 0x0, 0x0,
    0x0, 0x0, 0xba, 0x0, 0x0, 0xe6, 0x0, 0x31,
    0x0, 0x3, 0xf3, 0x0, 0x0, 0xe6, 0x0, 0x9b,
    0x0, 0x1e, 0xa0, 0x0, 0x0, 0xe6, 0x0, 0xb9,
    0x3, 0xed, 0x10, 0x0, 0x0, 0xca, 0x35, 0xf6,
    0x5f, 0xb1, 0x0, 0x0, 0x0, 0x4e, 0xff, 0xb0,
    0x4, 0x0, 0x0, 0x0, 0x0, 0x0, 0x0, 0x0,

    /* U+5B93 "宓" */
    0x0, 0x0, 0x0, 0x2, 0x0, 0x0, 0x0, 0x0,
    0x0, 0x0, 0x0, 0x1f, 0x70, 0x0, 0x0, 0x0,
    0x1, 0x11, 0x11, 0x18, 0xd1, 0x11, 0x11, 0x10,
    0x2f, 0xff, 0xff, 0xff, 0xff, 0xff, 0xff, 0xf2,
    0x2f, 0x21, 0x11, 0x73, 0x11, 0x11, 0x12, 0xf2,
    0x1b, 0x0, 0x0, 0x9e, 0x30, 0x1, 0x92, 0xb1,
    0x0, 0x0, 0xd6, 0x9, 0xf4, 0xb, 0xd0, 0x0,
    0x3, 0xc0, 0xd6, 0x0, 0x61, 0x7f, 0x32, 0x0,
    0x7, 0xc0, 0xd6, 0x0, 0x6, 0xf6, 0x5f, 0x10,
    0xc, 0x80, 0xd6, 0x0, 0x6f, 0x70, 0xd, 0x90,
    0x1f, 0x30, 0xd6, 0x9, 0xf7, 0x0, 0x5, 0xf2,
    0x4c, 0x0, 0xd9, 0xdf, 0x40, 0x1, 0xb2, 0xe6,
    0x0, 0x2, 0xef, 0xa1, 0x0, 0x3, 0xf1, 0x10,
    0x3, 0xaf, 0xfb, 0x0, 0x0, 0x7, 0xe0, 0x0,
    0x6f, 0xb3, 0x8f, 0xed, 0xdd, 0xef, 0x60, 0x0,
    0x2, 0x0, 0x3, 0x44, 0x44, 0x42, 0x0, 0x0,

    /* U+5B95 "宕" */
    0x0, 0x0, 0x0, 0x0, 0x0, 0x0, 0x0, 0x0,
    0x0, 0x0, 0x0, 0x9, 0xa0, 0x0, 0x0, 0x0,
    0x1, 0x22, 0x22, 0x24, 0xe4, 0x22, 0x22, 0x20,
    0xa, 0xff, 0xff, 0xff, 0xff, 0xff, 0xff, 0xf2,
    0xa, 0x80, 0x0, 0x0, 0x0, 0x0, 0x0, 0xf2,
    0x8, 0x60, 0x0, 0x0, 0x0, 0x0, 0x0, 0xc2,
    0x3f, 0xff, 0xff, 0xff, 0xff, 0xff, 0xff, 0xf9,
    0x3, 0x33, 0x3c, 0xc3, 0x33, 0x33, 0x33, 0x32,
    0x0, 0x0, 0x9f, 0x20, 0x0, 0x0, 0x0, 0x0,
    0x0, 0x7, 0xf7, 0x22, 0x22, 0x22, 0x22, 0x0,
    0x0, 0xaf, 0xff, 0xff, 0xff, 0xff, 0xff, 0x50,
    0x2d, 0xfe, 0x80, 0x0, 0x0, 0x0, 0xe, 0x50,
    0x2b, 0x2b, 0x80, 0x0, 0x0, 0x0, 0xe, 0x50,
    0x0, 0xb, 0x80, 0x0, 0x0, 0x0, 0xe, 0x50,
    0x0, 0xb, 0xff, 0xff, 0xff, 0xff, 0xff, 0x50,
    0x0, 0xb, 0x81, 0x11, 0x11, 0x11, 0x1e, 0x50,

    /* U+5BA5 "宥" */
    0x0, 0x0, 0x0, 0x4, 0x30, 0x0, 0x0, 0x0,
    0x0, 0x0, 0x0, 0xb, 0xc0, 0x0, 0x0, 0x0,
    0xb, 0xdd, 0xdd, 0xde, 0xfd, 0xdd, 0xdd, 0xd3,
    0xd, 0x94, 0x44, 0x78, 0x44, 0x44, 0x44, 0xf4,
    0x9, 0x40, 0x1, 0xe6, 0x0, 0x0, 0x0, 0xb3,
    0x2f, 0xff, 0xff, 0xff, 0xff, 0xff, 0xff, 0xfb,
    0x2, 0x22, 0xaf, 0x32, 0x22, 0x22, 0x22, 0x21,
    0x0, 0x6, 0xf8, 0x11, 0x11, 0x11, 0x11, 0x0,
    0x0, 0x6f, 0xff, 0xff, 0xff, 0xff, 0xfe, 0x0,
    0x9, 0xfd, 0xc0, 0x0, 0x0, 0x0, 0x5e, 0x0,
    0x6f, 0x66, 0xff, 0xff, 0xff, 0xff, 0xfe, 0x0,
    0x3, 0x6, 0xc0, 0x0, 0x0, 0x0, 0x4e, 0x0,
    0x0, 0x6, 0xff, 0xff, 0xff, 0xff, 0xfe, 0x0,
    0x0, 0x6, 0xc1, 0x11, 0x11, 0x11, 0x5e, 0x0,
    0x0, 0x6, 0xc0, 0x0, 0x2, 0x32, 0x9d, 0x0,
    0x0, 0x6, 0xc0, 0x0, 0x7, 0xff, 0xf6, 0x0,
    0x0, 0x1, 0x10, 0x0, 0x0, 0x0, 0x0, 0x0,

    /* U+5BB8 "宸" */
    0x0, 0x0, 0x0, 0x2, 0x10, 0x0, 0x0, 0x0,
    0x0, 0x0, 0x0, 0xa, 0x90, 0x0, 0x0, 0x0,
    0x3f, 0xff, 0xff, 0xff, 0xff, 0xff, 0xff, 0xf6,
    0x3e, 0x11, 0x11, 0x11, 0x11, 0x11, 0x11, 0xa6,
    0x3c, 0x4d, 0xdd, 0xdd, 0xdd, 0xdd, 0xdd, 0x95,
    0x0, 0x5d, 0x22, 0x22, 0x22, 0x22, 0x22, 0x0,
    0x0, 0x5d, 0x0, 0x0, 0x0, 0x0, 0x0, 0x0,
    0x0, 0x5d, 0x5f, 0xff, 0xff, 0xff, 0xfc, 0x0,
    0x0, 0x5d, 0x0, 0x0, 0x0, 0x0, 0x0, 0x0,
    0x0, 0x6f, 0xff, 0xff, 0xff, 0xff, 0xff, 0xc0,
    0x0, 0x8b, 0x1f, 0x31, 0xb7, 0x11, 0x15, 0x40,
    0x0, 0xb8, 0xf, 0x20, 0x2f, 0x33, 0xcf, 0x60,
    0x1, 0xf3, 0xf, 0x20, 0x6, 0xff, 0x71, 0x0,
    0x9, 0xd0, 0xf, 0x35, 0xb1, 0x7f, 0xa2, 0x0,
    0x4f, 0x40, 0x2f, 0xfe, 0x90, 0x3, 0xcf, 0xd5,
    0x16, 0x0, 0x1b, 0x50, 0x0, 0x0, 0x3, 0x82,

    /* U+5BE4 "寤" */
    0x0, 0x0, 0x0, 0x2, 0x0, 0x0, 0x0, 0x0,
    0x0, 0x0, 0x0, 0xc, 0x70, 0x0, 0x0, 0x0,
    0x2c, 0xcc, 0xcc, 0xce, 0xfc, 0xcc, 0xcc, 0xc7,
    0x3f, 0x44, 0x44, 0x44, 0x44, 0x44, 0x44, 0xa9,
    0x3e, 0x0, 0x4e, 0x3c, 0xcc, 0xcc, 0xcc, 0xa8,
    0x5, 0xc0, 0x4e, 0x13, 0x7f, 0x33, 0x33, 0x0,
    0x5, 0xc0, 0x4e, 0x9, 0xbe, 0x99, 0x98, 0x0,
    0x5, 0xfc, 0xde, 0x5, 0xcb, 0x66, 0x7e, 0x0,
    0x1, 0x44, 0x7e, 0x1, 0xd6, 0x11, 0x3e, 0x10,
    0x0, 0x0, 0x4e, 0x8f, 0xff, 0xff, 0xff, 0xf5,
    0x4f, 0xff, 0xfe, 0x0, 0x0, 0x0, 0x0, 0x0,
    0x1, 0xb7, 0x4e, 0xe, 0xff, 0xff, 0xff, 0x40,
    0x0, 0xe4, 0x4e, 0xe, 0x30, 0x0, 0xc, 0x50,
    0x5, 0xf0, 0x4e, 0xe, 0x20, 0x0, 0xc, 0x50,
    0x4e, 0x70, 0x4e, 0xe, 0xff, 0xff, 0xff, 0x50,
    0x67, 0x0, 0x4e, 0xe, 0x30, 0x0, 0xc, 0x50,
    0x0, 0x0, 0x0, 0x0, 0x0, 0x0, 0x0, 0x0,

    /* U+5BEE "寮" */
    0x0, 0x0, 0x0, 0x1, 0x20, 0x0, 0x0, 0x0,
    0x0, 0x0, 0x0, 0x8, 0xc0, 0x0, 0x0, 0x0,
    0x2f, 0xff, 0xff, 0xff, 0xff, 0xff, 0xff, 0xf2,
    0x2f, 0x10, 0x0, 0x6, 0x80, 0x0, 0x0, 0xf3,
    0x4, 0xcc, 0xcc, 0xce, 0xec, 0xcc, 0xcc, 0x60,
    0x1, 0xa3, 0x35, 0xe9, 0x3d, 0x83, 0x3a, 0x20,
    0x2, 0xcd, 0x8e, 0x70, 0x1, 0xcb, 0xea, 0x20,
    0x5, 0xbf, 0xff, 0xdd, 0xdd, 0xef, 0xfe, 0xb5,
    0x7c, 0x8f, 0x11, 0x11, 0x11, 0x11, 0xf4, 0x62,
    0x0, 0x2f, 0xdd, 0xdd, 0xdd, 0xdd, 0xf1, 0x0,
    0x0, 0x2f, 0x11, 0x11, 0x11, 0x11, 0xf1, 0x0,
    0x0, 0x2f, 0xdd, 0xdd, 0xdd, 0xdd, 0xf1, 0x0,
    0x0, 0x18, 0x23, 0x14, 0xe1, 0x34, 0x80, 0x0,
    0x0, 0x7, 0xea, 0x3, 0xe0, 0x8f, 0xa3, 0x0,
    0x17, 0xed, 0x62, 0x29, 0xe0, 0x4, 0xbf, 0xb2,
    0x2c, 0x50, 0xa, 0xff, 0x60, 0x0, 0x3, 0xa0,
    0x0, 0x0, 0x0, 0x0, 0x0, 0x0, 0x0, 0x0,

    /* U+5BF0 "寰" */
    0x0, 0x0, 0x0, 0x0, 0x0, 0x0, 0x0, 0x0,
    0x0, 0x0, 0x0, 0xc, 0x70, 0x0, 0x0, 0x0,
    0x1b, 0xbb, 0xbb, 0xbd, 0xfb, 0xbb, 0xbb, 0xb1,
    0x2f, 0x33, 0x33, 0x33, 0x33, 0x33, 0x33, 0xf2,
    0x19, 0x4f, 0xdd, 0xfd, 0xdf, 0xdd, 0xf5, 0x91,
    0x0, 0x4d, 0x0, 0xf0, 0xe, 0x10, 0xb5, 0x0,
    0x0, 0x4f, 0xdd, 0xdd, 0xdd, 0xdd, 0xf5, 0x0,
    0x2, 0x36, 0x22, 0x22, 0x22, 0x22, 0x63, 0x20,
    0x2c, 0xcc, 0xcc, 0xcc, 0xcc, 0xcc, 0xcc, 0xc2,
    0x0, 0x28, 0x88, 0x88, 0x88, 0x88, 0x82, 0x0,
    0x0, 0x4d, 0x33, 0x33, 0x33, 0x33, 0xd4, 0x0,
    0x0, 0x4f, 0xdd, 0xdf, 0xed, 0xdd, 0xd7, 0x0,
    0x0, 0x14, 0x39, 0xd6, 0xc6, 0x3, 0xbd, 0x30,
    0x5, 0x9e, 0xf8, 0x0, 0x1b, 0xde, 0x50, 0x0,
    0x2d, 0x83, 0xc8, 0x7a, 0xc0, 0x6d, 0xeb, 0x80,
    0x0, 0x0, 0xfd, 0x96, 0x30, 0x0, 0x48, 0x70,
    0x0, 0x0, 0x0, 0x0, 0x0, 0x0, 0x0, 0x0,

    /* U+5C15 "尕" */
    0x2, 0x22, 0x22, 0x22, 0x22, 0x22, 0x0, 0x0,
    0xd, 0xff, 0xff, 0xff, 0xff, 0xff, 0x30, 0x0,
    0x0, 0x0, 0xe, 0x50, 0x0, 0xab, 0x0, 0x0,
    0x0, 0x0, 0x2f, 0x20, 0x2, 0xff, 0xff, 0xd0,
    0x0, 0x0, 0x9d, 0x0, 0x0, 0x11, 0x17, 0xc0,
    0x0, 0x7, 0xf5, 0x0, 0x0, 0x0, 0x7, 0xb0,
    0x4, 0xcf, 0x70, 0x5, 0x50, 0x3, 0x3c, 0x90,
    0x7f, 0xc3, 0x0, 0x9, 0xa0, 0x2f, 0xfc, 0x10,
    0x3, 0x0, 0x40, 0x9, 0xa0, 0x3, 0x0, 0x0,
    0x0, 0x8, 0xe1, 0x9, 0xa0, 0x4f, 0x60, 0x0,
    0x0, 0x6f, 0x30, 0x9, 0xa0, 0x6, 0xf7, 0x0,
    0x7, 0xf5, 0x0, 0x9, 0xa0, 0x0, 0x4f, 0x80,
    0x7f, 0x50, 0x0, 0x9, 0xa0, 0x0, 0x4, 0xf6,
    0x35, 0x0, 0x35, 0x4d, 0x90, 0x0, 0x0, 0x30,
    0x0, 0x0, 0x8f, 0xfd, 0x20, 0x0, 0x0, 0x0,
    0x0, 0x0, 0x0, 0x0, 0x0, 0x0, 0x0, 0x0,

    /* U+5C1C "尜" */
    0x0, 0x0, 0x0, 0x1, 0x20, 0x0, 0x0, 0x0,
    0x0, 0x0, 0x0, 0x0, 0x5d, 0x0, 0x0, 0x0,
    0x0, 0x0, 0x0, 0x8d, 0x5, 0xd0, 0x3f, 0x70,
    0x0, 0x0, 0x2, 0xcd, 0x20, 0x5d, 0x0, 0x5e,
    0xd5, 0x0, 0x4, 0xfa, 0x0, 0x5, 0xd0, 0x0,
    0x9, 0xf2, 0x0, 0x6, 0x0, 0x0, 0x53, 0x0,
    0x0, 0x2, 0x0, 0x2, 0x22, 0x22, 0x2e, 0x82,
    0x22, 0x22, 0x21, 0x2, 0xff, 0xff, 0xff, 0xff,
    0xff, 0xff, 0xff, 0x80, 0x0, 0x0, 0xa, 0xd1,
    0x5, 0xe6, 0x0, 0x0, 0x0, 0x0, 0x5e, 0xb1,
    0x37, 0x3, 0xec, 0x50, 0x0, 0x28, 0xee, 0x50,
    0x5, 0xd0, 0x0, 0x8f, 0xe9, 0x3, 0xc6, 0x9,
    0x80, 0x5d, 0x2, 0xd3, 0x17, 0x70, 0x0, 0x9,
    0xe2, 0x5, 0xd0, 0x8, 0xf6, 0x0, 0x0, 0x1c,
    0xd1, 0x0, 0x5d, 0x0, 0x5, 0xf8, 0x0, 0xa,
    0xb1, 0x3, 0x3a, 0xc0, 0x0, 0x3, 0xd2, 0x0,
    0x0, 0x0, 0xcf, 0xf5, 0x0, 0x0, 0x0, 0x0,

    /* U+5C3B "尻" */
    0x0, 0x33, 0x33, 0x33, 0x33, 0x33, 0x33, 0x0,
    0x0, 0xfe, 0xee, 0xee, 0xee, 0xee, 0xef, 0x10,
    0x0, 0xf3, 0x0, 0x0, 0x0, 0x0, 0x2f, 0x10,
    0x0, 0xf3, 0x0, 0x0, 0x0, 0x0, 0x2f, 0x10,
    0x0, 0xff, 0xff, 0xff, 0xff, 0xff, 0xff, 0x10,
    0x0, 0xf5, 0x22, 0x26, 0x32, 0x22, 0x4f, 0x10,
    0x0, 0xf3, 0x0, 0xf, 0x20, 0x0, 0x1, 0x0,
    0x0, 0xf4, 0x22, 0x4f, 0x42, 0x22, 0x0, 0x0,
    0x1, 0xf9, 0xff, 0xff, 0xff, 0xff, 0x50, 0x0,
    0x3, 0xf0, 0x0, 0x5d, 0x0, 0xd, 0x50, 0x0,
    0x5, 0xe0, 0x0, 0x9a, 0x0, 0xd, 0x50, 0x0,
    0x9, 0xb0, 0x1, 0xf4, 0x0, 0xd, 0x50, 0x97,
    0xe, 0x60, 0xb, 0xc0, 0x0, 0xd, 0x50, 0xa8,
    0x6f, 0x12, 0xcd, 0x10, 0x0, 0xd, 0x93, 0xe5,
    0x89, 0x1f, 0xb1, 0x0, 0x0, 0x6, 0xff, 0xd1,
    0x0, 0x2, 0x0, 0x0, 0x0, 0x0, 0x0, 0x0,

    /* U+5C50 "屐" */
    0x0, 0x22, 0x22, 0x22, 0x22, 0x22, 0x22, 0x20,
    0x3, 0xfe, 0xee, 0xee, 0xee, 0xee, 0xef, 0xd0,
    0x3, 0xe0, 0x0, 0x0, 0x0, 0x0, 0x5, 0xd0,
    0x3, 0xff, 0xff, 0xff, 0xff, 0xff, 0xff, 0xd0,
    0x3, 0xe2, 0x25, 0x82, 0x22, 0x5d, 0x26, 0xd0,
    0x3, 0xe0, 0x5f, 0x91, 0x22, 0x5d, 0x22, 0x20,
    0x3, 0xe9, 0xf7, 0xa, 0xff, 0xff, 0xff, 0xf5,
    0x3, 0xe4, 0x22, 0xe2, 0x0, 0x4d, 0x0, 0x0,
    0x4, 0xd0, 0x1e, 0x6c, 0xdd, 0xef, 0xdd, 0xd1,
    0x5, 0xc4, 0xef, 0x3, 0xd9, 0x44, 0x4a, 0xc0,
    0x7, 0xbd, 0x8f, 0x0, 0x3e, 0x20, 0x4f, 0x20,
    0xa, 0x80, 0x2f, 0x0, 0x8, 0xd7, 0xe3, 0x0,
    0xe, 0x40, 0x2f, 0x0, 0x1, 0xef, 0x80, 0x0,
    0x6f, 0x0, 0x2f, 0x3, 0x9f, 0xa7, 0xfc, 0x62,
    0x58, 0x0, 0x2f, 0x4f, 0xa3, 0x0, 0x18, 0xe5,
    0x0, 0x0, 0x0, 0x1, 0x0, 0x0, 0x0, 0x0,

    /* U+5C59 "屙" */
    0x1, 0xee, 0xee, 0xee, 0xee, 0xee, 0xee, 0xe3,
    0x2, 0xf1, 0x11, 0x11, 0x11, 0x11, 0x11, 0xd4,
    0x2, 0xf2, 0x22, 0x22, 0x22, 0x22, 0x22, 0xd4,
    0x2, 0xfd, 0xdd, 0xdd, 0xdd, 0xdd, 0xdd, 0xe3,
    0x2, 0xf0, 0x0, 0x0, 0x0, 0x0, 0x0, 0x0,
    0x2, 0xf0, 0xff, 0xff, 0x3f, 0xff, 0xff, 0xfb,
    0x2, 0xf0, 0xf1, 0x3e, 0x0, 0x0, 0x2, 0xe0,
    0x2, 0xf0, 0xf1, 0xa7, 0x3, 0x33, 0x22, 0xe0,
    0x3, 0xe0, 0xf2, 0xf2, 0xd, 0xbc, 0xa2, 0xe0,
    0x5, 0xc0, 0xf1, 0x89, 0xd, 0x25, 0xa2, 0xe0,
    0x8, 0xa0, 0xf1, 0xf, 0xd, 0x25, 0xa2, 0xe0,
    0xc, 0x60, 0xf3, 0x3f, 0x2d, 0xff, 0x92, 0xe0,
    0x2f, 0x10, 0xf9, 0xfb, 0xc, 0x20, 0x2, 0xe0,
    0x99, 0x0, 0xf2, 0x0, 0x0, 0x3, 0x38, 0xc0,
    0x11, 0x0, 0xf1, 0x0, 0x0, 0x1d, 0xdc, 0x40,

    /* U+5C63 "屣" */
    0x1, 0xee, 0xee, 0xee, 0xee, 0xee, 0xee, 0xe3,
    0x0, 0x2f, 0x0, 0x0, 0x0, 0x0, 0x0, 0xc,
    0x40, 0x2, 0xfb, 0xbb, 0xbb, 0xbb, 0xbb, 0xbb,
    0xe4, 0x0, 0x2f, 0x44, 0x97, 0x44, 0x44, 0x74,
    0x49, 0x20, 0x2, 0xf0, 0x2f, 0x60, 0x0, 0xf,
    0x10, 0x0, 0x0, 0x2f, 0x1d, 0x90, 0xb, 0x50,
    0xff, 0xff, 0x20, 0x2, 0xfb, 0xb1, 0x0, 0xb5,
    0xf, 0x21, 0x10, 0x0, 0x2f, 0x51, 0xe8, 0x1c,
    0x51, 0xf2, 0x11, 0x0, 0x2, 0xe0, 0x8d, 0x5f,
    0xff, 0xff, 0xff, 0xfd, 0x0, 0x3d, 0x4f, 0x40,
    0x0, 0x0, 0x60, 0x0, 0x0, 0x6, 0xbe, 0xf4,
    0x0, 0xc2, 0xf, 0x32, 0x20, 0x0, 0x99, 0x7c,
    0x40, 0x1f, 0x0, 0xfe, 0xee, 0x20, 0xd, 0x40,
    0xc4, 0x7, 0xd0, 0xf, 0x10, 0x0, 0x4, 0xf0,
    0xc, 0x42, 0xfe, 0xb4, 0xf2, 0x12, 0x20, 0x57,
    0x0, 0xc5, 0xe9, 0x9, 0xef, 0xff, 0xfd, 0x0,
    0x0, 0x0, 0x0, 0x0, 0x0, 0x0, 0x0, 0x0,

    /* U+5C66 "屦" */
    0x1, 0xee, 0xee, 0xee, 0xee, 0xee, 0xee, 0xb0,
    0x2, 0xf0, 0x0, 0x0, 0x0, 0x0, 0x3, 0xd0,
    0x2, 0xfc, 0xcc, 0xcc, 0xcc, 0xcc, 0xcc, 0xd0,
    0x2, 0xf2, 0x26, 0x24, 0x22, 0x84, 0x24, 0x60,
    0x2, 0xf0, 0x3e, 0x29, 0xa0, 0xb4, 0x3d, 0x20,
    0x2, 0xf1, 0xd6, 0x0, 0x82, 0xb4, 0x83, 0x0,
    0x2, 0xfb, 0x92, 0x6e, 0xee, 0xfe, 0xee, 0xe0,
    0x2, 0xf5, 0x1e, 0x20, 0x5c, 0xda, 0xa1, 0x0,
    0x2, 0xe0, 0xa8, 0x3b, 0xc1, 0xb4, 0x4d, 0xa2,
    0x3, 0xd6, 0xf4, 0x56, 0xc, 0x40, 0x0, 0x60,
    0x5, 0xbc, 0xd4, 0xbe, 0xef, 0xee, 0xee, 0xe4,
    0x8, 0x91, 0xb4, 0x3, 0xe1, 0x1, 0xe3, 0x0,
    0xd, 0x50, 0xb4, 0x3, 0xad, 0x9d, 0x70, 0x0,
    0x4f, 0x0, 0xb4, 0x14, 0x8d, 0xdc, 0xe8, 0x20,
    0x47, 0x0, 0xb4, 0xbc, 0x84, 0x0, 0x29, 0xd0,
    0x0, 0x0, 0x0, 0x0, 0x0, 0x0, 0x0, 0x0,

    /* U+5C6E "屮" */
    0x0, 0x0, 0x0, 0x31, 0x0, 0x0, 0x0, 0x0,
    0x0, 0xd, 0x60, 0x0, 0x0, 0x0, 0x0, 0x0,
    0xd6, 0x0, 0x0, 0x0, 0xf2, 0x0, 0xd, 0x60,
    0x0, 0x99, 0x1f, 0x20, 0x0, 0xd6, 0x0, 0xa,
    0x91, 0xf2, 0x0, 0xd, 0x60, 0x0, 0xa9, 0x1f,
    0x20, 0x0, 0xd6, 0x0, 0xa, 0x91, 0xf2, 0x0,
    0xd, 0x60, 0x0, 0xa9, 0x1f, 0x20, 0x0, 0xd6,
    0x0, 0xa, 0x91, 0xfc, 0xbb, 0xbf, 0xdb, 0xbb,
    0xe9, 0x6, 0x66, 0x66, 0xea, 0x66, 0x6c, 0x90,
    0x0, 0x0, 0xd, 0x60, 0x0, 0x22, 0x0, 0x0,
    0x0, 0xd6, 0x0, 0x0, 0x0, 0x0, 0x0, 0xd,
    0x60, 0x0, 0x0, 0x0, 0x0, 0x0, 0xd6, 0x0,
    0x0, 0x0, 0x0, 0x0, 0xd, 0x60, 0x0, 0x0,

    /* U+5C7A "屺" */
    0x0, 0x2, 0x0, 0x0, 0x0, 0x0, 0x0, 0x0,
    0x0, 0x0, 0xe2, 0x0, 0x2, 0x22, 0x22, 0x21,
    0x0, 0x0, 0xe, 0x20, 0x5, 0xff, 0xff, 0xff,
    0xe0, 0x1, 0x70, 0xe2, 0x17, 0x0, 0x0, 0x0,
    0x4e, 0x0, 0x2e, 0xe, 0x23, 0xd0, 0x0, 0x0,
    0x4, 0xe0, 0x2, 0xe0, 0xe2, 0x3d, 0x0, 0x0,
    0x0, 0x4e, 0x0, 0x2e, 0xe, 0x23, 0xd0, 0x0,
    0x0, 0x4, 0xe0, 0x2, 0xe0, 0xe2, 0x3d, 0x2f,
    0xff, 0xff, 0xfe, 0x0, 0x2e, 0xe, 0x23, 0xd2,
    0xf3, 0x22, 0x25, 0xb0, 0x2, 0xe0, 0xe2, 0x3d,
    0x2f, 0x0, 0x0, 0x0, 0x0, 0x2e, 0xe, 0x23,
    0xd2, 0xf0, 0x0, 0x0, 0x0, 0x2, 0xe0, 0xe2,
    0x3d, 0x2f, 0x0, 0x0, 0x2, 0x80, 0x2f, 0xbf,
    0xde, 0xd2, 0xf0, 0x0, 0x0, 0x4e, 0x1, 0x54,
    0x32, 0x3a, 0x1f, 0x30, 0x0, 0x9, 0xa0, 0x0,
    0x0, 0x0, 0x0, 0xbf, 0xff, 0xff, 0xf3, 0x0,
    0x0, 0x0, 0x0, 0x0, 0x23, 0x33, 0x30, 0x0,

    /* U+5C88 "岈" */
    0x0, 0xd, 0x10, 0x1, 0x11, 0x11, 0x11, 0x10,
    0x0, 0xf, 0x10, 0x1f, 0xff, 0xff, 0xff, 0xf6,
    0x3, 0xf, 0x12, 0x1, 0x21, 0x11, 0xa8, 0x10,
    0x2e, 0xf, 0x1e, 0x23, 0xe0, 0x0, 0xa7, 0x0,
    0x2e, 0xf, 0x1e, 0x27, 0xa0, 0x0, 0xa7, 0x0,
    0x2e, 0xf, 0x1e, 0x2b, 0x60, 0x0, 0xa7, 0x0,
    0x2e, 0xf, 0x1e, 0x2e, 0xcb, 0xbb, 0xed, 0xb6,
    0x2e, 0xf, 0x1e, 0x26, 0x77, 0x7f, 0xdb, 0x73,
    0x2e, 0xf, 0x1e, 0x20, 0x0, 0x8b, 0xa7, 0x0,
    0x2e, 0xf, 0x1e, 0x20, 0x3, 0xe2, 0xa7, 0x0,
    0x2e, 0xf, 0x1e, 0x20, 0x2e, 0x50, 0xa7, 0x0,
    0x2e, 0x1f, 0x4f, 0x22, 0xe7, 0x0, 0xa7, 0x0,
    0x2f, 0xed, 0xcf, 0x6e, 0x80, 0x0, 0xa7, 0x0,
    0x0, 0x0, 0xd, 0x65, 0x1, 0x33, 0xd6, 0x0,
    0x0, 0x0, 0x0, 0x0, 0x5, 0xff, 0xc1, 0x0,
    0x0, 0x0, 0x0, 0x0, 0x0, 0x0, 0x0, 0x0,

    /* U+5C8C "岌" */
    0x0, 0x0, 0x0, 0x4, 0x20, 0x0, 0x0, 0x0,
    0x5, 0x70, 0x0, 0xc, 0x60, 0x0, 0x29, 0x0,
    0x8, 0xb0, 0x0, 0xc, 0x60, 0x0, 0x4e, 0x0,
    0x8, 0xfe, 0xee, 0xef, 0xfe, 0xee, 0xfe, 0x0,
    0x0, 0x0, 0x0, 0x0, 0x0, 0x0, 0x27, 0x0,
    0x2, 0x22, 0x22, 0x22, 0x22, 0x22, 0x0, 0x0,
    0xd, 0xff, 0xff, 0xff, 0xff, 0xff, 0x50, 0x0,
    0x0, 0x0, 0xb7, 0x0, 0x0, 0x8c, 0x0, 0x0,
    0x0, 0x0, 0xdb, 0x0, 0x5, 0xf4, 0x32, 0x0,
    0x0, 0x0, 0xff, 0x50, 0x9, 0xee, 0xfb, 0x0,
    0x0, 0x5, 0xc6, 0xe1, 0x0, 0x2, 0xf5, 0x0,
    0x0, 0xc, 0x70, 0xbd, 0x10, 0xc, 0xa0, 0x0,
    0x0, 0x6f, 0x10, 0xc, 0xd4, 0xdc, 0x0, 0x0,
    0x2, 0xf6, 0x0, 0x1, 0xef, 0xf2, 0x0, 0x0,
    0x4f, 0x90, 0x4, 0x9f, 0xe7, 0xdf, 0xb6, 0x30,
    0x89, 0x2, 0xff, 0xb5, 0x0, 0x4, 0xae, 0xf5,
    0x0, 0x0, 0x30, 0x0, 0x0, 0x0, 0x0, 0x20,

    /* U+5C8D "岍" */
    0x0, 0x0, 0x0, 0x0, 0x0, 0x0, 0x0, 0x0,
    0x0, 0xf, 0x20, 0x2, 0x22, 0x22, 0x22, 0x21,
    0x0, 0xf, 0x20, 0xe, 0xff, 0xff, 0xff, 0xf7,
    0x17, 0xf, 0x27, 0x10, 0x4f, 0x0, 0x4e, 0x0,
    0x2e, 0xf, 0x2e, 0x20, 0x4f, 0x0, 0x4e, 0x0,
    0x2e, 0xf, 0x2e, 0x20, 0x4f, 0x0, 0x4e, 0x0,
    0x2e, 0xf, 0x2e, 0x20, 0x4f, 0x0, 0x4e, 0x0,
    0x2e, 0xf, 0x2e, 0x32, 0x6f, 0x22, 0x6e, 0x22,
    0x2e, 0xf, 0x2e, 0x8e, 0xff, 0xee, 0xff, 0xed,
    0x2e, 0xf, 0x2e, 0x20, 0x5d, 0x0, 0x4e, 0x0,
    0x2e, 0xf, 0x2e, 0x20, 0x7b, 0x0, 0x4e, 0x0,
    0x2e, 0xf, 0x2e, 0x20, 0xc8, 0x0, 0x4e, 0x0,
    0x2f, 0x8f, 0xcf, 0x22, 0xf3, 0x0, 0x4e, 0x0,
    0x19, 0x86, 0x5e, 0x2b, 0xb0, 0x0, 0x4e, 0x0,
    0x0, 0x0, 0x0, 0x7f, 0x20, 0x0, 0x4e, 0x0,
    0x0, 0x0, 0x1, 0xd5, 0x0, 0x0, 0x4e, 0x0,
    0x0, 0x0, 0x0, 0x0, 0x0, 0x0, 0x0, 0x0,

    /* U+5C90 "岐" */
    0x0, 0x2, 0x0, 0x0, 0x0, 0x2, 0x0, 0x0,
    0x0, 0xf, 0x0, 0x0, 0x0, 0x2f, 0x0, 0x0,
    0x0, 0xf, 0x0, 0x0, 0x0, 0x2f, 0x0, 0x0,
    0x18, 0xf, 0x7, 0x4f, 0xff, 0xff, 0xff, 0xf8,
    0x2e, 0xf, 0xe, 0x21, 0x11, 0x3f, 0x21, 0x10,
    0x2e, 0xf, 0xe, 0x20, 0x0, 0x2f, 0x0, 0x0,
    0x2e, 0xf, 0xe, 0x26, 0x66, 0x7f, 0x66, 0x60,
    0x2e, 0xf, 0xe, 0x2c, 0xfb, 0xbb, 0xbc, 0xf1,
    0x2e, 0xf, 0xe, 0x20, 0xd5, 0x0, 0x9, 0xa0,
    0x2e, 0xf, 0xe, 0x20, 0x7c, 0x0, 0x1f, 0x30,
    0x2e, 0xf, 0xe, 0x20, 0x1e, 0x50, 0xbb, 0x0,
    0x2e, 0xf, 0xe, 0x20, 0x5, 0xe9, 0xe1, 0x0,
    0x2f, 0x9f, 0xbf, 0x20, 0x0, 0xdf, 0x50, 0x0,
    0x17, 0x65, 0x4f, 0x20, 0x3d, 0xeb, 0xf6, 0x0,
    0x0, 0x0, 0x0, 0x6c, 0xfa, 0x10, 0x7f, 0xe6,
    0x0, 0x0, 0x0, 0x8a, 0x20, 0x0, 0x1, 0x93,

    /* U+5C91 "岑" */
    0x0, 0x30, 0x0, 0xa, 0x40, 0x0, 0x4, 0x0,
    0x3, 0xf0, 0x0, 0xc, 0x50, 0x0, 0xf, 0x30,
    0x3, 0xf2, 0x22, 0x2d, 0x72, 0x22, 0x2f, 0x30,
    0x2, 0xff, 0xff, 0xff, 0xff, 0xff, 0xff, 0x30,
    0x0, 0x0, 0x0, 0x5f, 0xd1, 0x0, 0x8, 0x10,
    0x0, 0x0, 0x6, 0xf4, 0x9d, 0x30, 0x0, 0x0,
    0x0, 0x1, 0xae, 0x42, 0x8, 0xf8, 0x10, 0x0,
    0x1, 0x8f, 0xc2, 0x4f, 0x30, 0x3d, 0xfa, 0x51,
    0x8f, 0xd5, 0x0, 0x8, 0xd0, 0x0, 0x5b, 0xf8,
    0x25, 0x12, 0x22, 0x22, 0x32, 0x22, 0x20, 0x10,
    0x0, 0xbf, 0xff, 0xff, 0xff, 0xff, 0xe0, 0x0,
    0x0, 0x0, 0x0, 0x0, 0x0, 0x4f, 0x70, 0x0,
    0x0, 0x0, 0x0, 0x0, 0x4, 0xf8, 0x0, 0x0,
    0x0, 0x0, 0x0, 0x0, 0x5f, 0x80, 0x0, 0x0,
    0x0, 0x0, 0x0, 0x2, 0xf8, 0x0, 0x0, 0x0,
    0x0, 0x0, 0x0, 0x0, 0x20, 0x0, 0x0, 0x0,

    /* U+5C96 "岖" */
    0x0, 0x2, 0x0, 0x0, 0x0, 0x0, 0x0, 0x0,
    0x0, 0x1f, 0x0, 0x2, 0x22, 0x22, 0x22, 0x21,
    0x0, 0x1f, 0x0, 0xe, 0xee, 0xee, 0xee, 0xe6,
    0x2, 0x1f, 0x3, 0xe, 0x21, 0x0, 0x2, 0x40,
    0x2e, 0x1f, 0xf, 0xe, 0x3e, 0x30, 0x9, 0xa0,
    0x2e, 0x1f, 0xf, 0xe, 0x27, 0xc0, 0x1f, 0x20,
    0x2e, 0x1f, 0xf, 0xe, 0x20, 0xd6, 0x9a, 0x0,
    0x2e, 0x1f, 0xf, 0xe, 0x20, 0x4f, 0xf2, 0x0,
    0x2e, 0x1f, 0xf, 0xe, 0x20, 0xc, 0xc0, 0x0,
    0x2e, 0x1f, 0xf, 0xe, 0x20, 0x3f, 0xf4, 0x0,
    0x2e, 0x1f, 0xf, 0xe, 0x20, 0xd7, 0x8d, 0x0,
    0x2e, 0x1f, 0xf, 0xe, 0x28, 0xd0, 0xe, 0x70,
    0x2f, 0xaf, 0xcf, 0xe, 0x5f, 0x30, 0x6, 0xe0,
    0x7, 0x54, 0x3f, 0xe, 0x36, 0x0, 0x0, 0x30,
    0x0, 0x0, 0x0, 0xe, 0x31, 0x11, 0x11, 0x10,
    0x0, 0x0, 0x0, 0xe, 0xff, 0xff, 0xff, 0xfa,

    /* U+5C98 "岘" */
    0x0, 0x1f, 0x0, 0x3, 0x44, 0x44, 0x44, 0x30,
    0x0, 0x1, 0xf0, 0x0, 0xde, 0xee, 0xee, 0xec,
    0x0, 0x2, 0x1f, 0x3, 0xd, 0x40, 0x31, 0x5,
    0xc0, 0x2, 0xe1, 0xf0, 0xf1, 0xd4, 0xc, 0x50,
    0x5c, 0x0, 0x2e, 0x1f, 0xf, 0x1d, 0x40, 0xc5,
    0x5, 0xc0, 0x2, 0xe1, 0xf0, 0xf1, 0xd4, 0xd,
    0x40, 0x5c, 0x0, 0x2e, 0x1f, 0xf, 0x1d, 0x40,
    0xd4, 0x5, 0xc0, 0x2, 0xe1, 0xf0, 0xf1, 0xd4,
    0xf, 0x20, 0x5c, 0x0, 0x2e, 0x1f, 0xf, 0x1d,
    0x42, 0xf0, 0x5, 0xc0, 0x2, 0xe1, 0xf0, 0xf1,
    0xd4, 0x7e, 0xd1, 0x5c, 0x0, 0x2e, 0x1f, 0xf,
    0x13, 0x1d, 0x8f, 0x10, 0x0, 0x2, 0xf9, 0xfb,
    0xf1, 0x8, 0xe2, 0xf1, 0x3, 0xd0, 0x17, 0x65,
    0x4f, 0x6, 0xf4, 0x2f, 0x10, 0x4e, 0x0, 0x0,
    0x0, 0x8, 0xf5, 0x1, 0xf5, 0x19, 0xb0, 0x0,
    0x0, 0x8, 0xe4, 0x0, 0x9, 0xff, 0xe4, 0x0,
    0x0, 0x0, 0x11, 0x0, 0x0, 0x0, 0x0, 0x0,

    /* U+5C99 "岙" */
    0x0, 0x12, 0x22, 0x33, 0x34, 0x56, 0x67, 0x40,
    0x0, 0x4f, 0xff, 0xee, 0xef, 0xdc, 0xbb, 0xa6,
    0x0, 0x0, 0x0, 0x0, 0x9, 0xb0, 0x0, 0x0,
    0x0, 0x0, 0x0, 0x0, 0x0, 0xd6, 0x0, 0x0,
    0x0, 0x0, 0x5, 0x55, 0x55, 0x7f, 0x65, 0x55,
    0x55, 0x53, 0x2, 0xcc, 0xcc, 0xdf, 0xdc, 0xef,
    0xcc, 0xcc, 0x80, 0x0, 0x0, 0x3e, 0xb0, 0x2,
    0xe9, 0x0, 0x0, 0x0, 0x2, 0xaf, 0x90, 0x25,
    0x2, 0xdd, 0x60, 0x0, 0x3c, 0xfc, 0x30, 0x5,
    0xc0, 0x1, 0x8f, 0xfa, 0x1, 0xa6, 0x70, 0x0,
    0x5c, 0x0, 0x3, 0x86, 0x40, 0x0, 0x4d, 0x0,
    0x5, 0xc0, 0x0, 0x6b, 0x0, 0x0, 0x4, 0xd0,
    0x0, 0x5c, 0x0, 0x6, 0xb0, 0x0, 0x0, 0x4d,
    0x0, 0x5, 0xc0, 0x0, 0x6b, 0x0, 0x0, 0x4,
    0xff, 0xff, 0xff, 0xff, 0xff, 0xb0, 0x0, 0x0,
    0x1, 0x11, 0x11, 0x11, 0x11, 0x7b, 0x0, 0x0,

    /* U+5C9A "岚" */
    0x0, 0x0, 0x0, 0x7, 0x20, 0x0, 0x0, 0x0,
    0x2, 0xa0, 0x0, 0xd, 0x50, 0x0, 0xb, 0x10,
    0x3, 0xe0, 0x0, 0xd, 0x50, 0x0, 0xf, 0x20,
    0x3, 0xfd, 0xdd, 0xdf, 0xed, 0xdd, 0xdf, 0x20,
    0x0, 0x33, 0x33, 0x33, 0x33, 0x33, 0x3c, 0x10,
    0x0, 0x11, 0x11, 0x11, 0x11, 0x11, 0x10, 0x0,
    0x2, 0xff, 0xff, 0xff, 0xff, 0xff, 0xf4, 0x0,
    0x2, 0xf1, 0x21, 0x0, 0x4, 0x30, 0xe4, 0x0,
    0x2, 0xf1, 0xac, 0x0, 0x3f, 0x70, 0xe4, 0x0,
    0x2, 0xf0, 0xb, 0xc2, 0xea, 0x0, 0xe4, 0x0,
    0x2, 0xf0, 0x0, 0xcf, 0xc0, 0x0, 0xe4, 0x0,
    0x3, 0xf0, 0x0, 0xbf, 0xb0, 0x0, 0xe4, 0x0,
    0x6, 0xc0, 0xa, 0xd2, 0xdc, 0x0, 0xd5, 0x44,
    0xb, 0x80, 0xae, 0x20, 0x1d, 0xc0, 0xb7, 0x89,
    0x3f, 0x25, 0xd2, 0x0, 0x1, 0xa1, 0x7c, 0xc6,
    0x89, 0x0, 0x0, 0x0, 0x0, 0x0, 0x1c, 0xd1,
    0x0, 0x0, 0x0, 0x0, 0x0, 0x0, 0x0, 0x0,

    /* U+5C9C "岜" */
    0x0, 0x0, 0x0, 0x0, 0x0, 0x0, 0x0, 0x0,
    0x30, 0x0, 0xd, 0x60, 0x0, 0x2, 0x0, 0x4f,
    0x0, 0x0, 0xd6, 0x0, 0x0, 0xf4, 0x4, 0xf2,
    0x22, 0x2d, 0x72, 0x22, 0x2f, 0x40, 0x4f, 0xff,
    0xff, 0xff, 0xff, 0xff, 0xf4, 0x0, 0x0, 0x0,
    0x0, 0x0, 0x0, 0x5, 0x10, 0x3f, 0xff, 0xff,
    0xff, 0xff, 0xff, 0xf0, 0x3, 0xf2, 0x22, 0x2e,
    0x52, 0x22, 0x4f, 0x0, 0x3f, 0x0, 0x0, 0xe4,
    0x0, 0x3, 0xf0, 0x3, 0xf1, 0x11, 0x1e, 0x51,
    0x11, 0x4f, 0x0, 0x3f, 0xff, 0xff, 0xff, 0xff,
    0xff, 0xf0, 0x3, 0xf0, 0x0, 0x0, 0x0, 0x0,
    0x18, 0x20, 0x3f, 0x0, 0x0, 0x0, 0x0, 0x0,
    0xa, 0xa3, 0xf0, 0x0, 0x0, 0x0, 0x0, 0x0,
    0xd8, 0x1f, 0x63, 0x33, 0x33, 0x33, 0x33, 0x5f,
    0x40, 0x8f, 0xff, 0xff, 0xff, 0xff, 0xfe, 0x90,

    /* U+5CA2 "岢" */
    0x0, 0x0, 0x0, 0x6, 0x20, 0x0, 0x0, 0x0,
    0x4, 0xe0, 0x0, 0xd, 0x50, 0x0, 0x5c, 0x0,
    0x4, 0xe0, 0x0, 0xd, 0x50, 0x0, 0x5d, 0x0,
    0x4, 0xfc, 0xcc, 0xcf, 0xdc, 0xcc, 0xdd, 0x0,
    0x1, 0x44, 0x44, 0x44, 0x44, 0x44, 0x7a, 0x0,
    0x0, 0x0, 0x0, 0x0, 0x0, 0x0, 0x0, 0x0,
    0xef, 0xff, 0xff, 0xff, 0xff, 0xff, 0xff, 0xf6,
    0x11, 0x11, 0x11, 0x11, 0x11, 0x11, 0xe6, 0x10,
    0x0, 0x22, 0x22, 0x22, 0x20, 0x0, 0xe5, 0x0,
    0x0, 0xdf, 0xee, 0xee, 0xf2, 0x0, 0xe5, 0x0,
    0x0, 0xd5, 0x0, 0x0, 0xf2, 0x0, 0xe5, 0x0,
    0x0, 0xd5, 0x0, 0x0, 0xf2, 0x0, 0xe5, 0x0,
    0x0, 0xdf, 0xff, 0xff, 0xf2, 0x0, 0xe5, 0x0,
    0x0, 0xd6, 0x11, 0x11, 0x10, 0x0, 0xe5, 0x0,
    0x0, 0x83, 0x0, 0x0, 0x35, 0x47, 0xf3, 0x0,
    0x0, 0x0, 0x0, 0x0, 0x8f, 0xff, 0x90, 0x0,
    0x0, 0x0, 0x0, 0x0, 0x0, 0x0, 0x0, 0x0,

    /* U+5CA3 "岣" */
    0x0, 0x0, 0x0, 0x0, 0x20, 0x0, 0x0, 0x0,
    0x0, 0x1c, 0x0, 0x0, 0xd8, 0x0, 0x0, 0x0,
    0x0, 0x2f, 0x0, 0x4, 0xf5, 0x44, 0x44, 0x41,
    0x18, 0x2f, 0x8, 0xa, 0xed, 0xdd, 0xdd, 0xf3,
    0x2e, 0x2f, 0x1f, 0x3e, 0x0, 0x0, 0x0, 0xe3,
    0x2e, 0x2f, 0x1f, 0xb6, 0x0, 0x0, 0x0, 0xe3,
    0x2e, 0x2f, 0x1f, 0x9d, 0xee, 0xee, 0x0, 0xf2,
    0x2e, 0x2f, 0x1f, 0xe, 0x53, 0x4f, 0x0, 0xf2,
    0x2e, 0x2f, 0x1f, 0xe, 0x20, 0x1f, 0x0, 0xf1,
    0x2e, 0x2f, 0x1f, 0xe, 0x20, 0x1f, 0x0, 0xf1,
    0x2e, 0x2f, 0x1f, 0xe, 0x31, 0x2f, 0x1, 0xf0,
    0x2e, 0x2f, 0x1f, 0xe, 0xff, 0xff, 0x1, 0xf0,
    0x2f, 0x8f, 0x9f, 0xe, 0x20, 0x0, 0x2, 0xf0,
    0x19, 0x87, 0x6f, 0x1, 0x0, 0x0, 0x4, 0xe0,
    0x0, 0x0, 0x0, 0x0, 0x7, 0x53, 0x5d, 0x90,
    0x0, 0x0, 0x0, 0x0, 0xe, 0xff, 0xfa, 0x10,
    0x0, 0x0, 0x0, 0x0, 0x0, 0x0, 0x0, 0x0,

    /* U+5CAB "岫" */
    0x0, 0x3, 0x0, 0x0, 0x0, 0x3, 0x0, 0x0,
    0x0, 0x1f, 0x0, 0x0, 0x0, 0x2e, 0x0, 0x0,
    0x0, 0x1f, 0x0, 0x0, 0x0, 0x2e, 0x0, 0x0,
    0x2, 0x1f, 0x3, 0x2, 0x22, 0x4e, 0x22, 0x20,
    0x2e, 0x1f, 0xf, 0xe, 0xff, 0xff, 0xff, 0xf0,
    0x2e, 0x1f, 0xf, 0xe, 0x20, 0x2e, 0x0, 0xf0,
    0x2e, 0x1f, 0xf, 0xe, 0x20, 0x2e, 0x0, 0xf0,
    0x2e, 0x1f, 0xf, 0xe, 0x20, 0x2e, 0x0, 0xf0,
    0x2e, 0x1f, 0xf, 0xe, 0x41, 0x4e, 0x12, 0xf0,
    0x2e, 0x1f, 0xf, 0xe, 0xff, 0xff, 0xff, 0xf0,
    0x2e, 0x1f, 0xf, 0xe, 0x20, 0x2e, 0x0, 0xf0,
    0x2e, 0x1f, 0xf, 0xe, 0x20, 0x2e, 0x0, 0xf0,
    0x2e, 0x1f, 0x2f, 0xe, 0x20, 0x2e, 0x0, 0xf0,
    0x2f, 0xfe, 0xdf, 0xe, 0x41, 0x4e, 0x12, 0xf0,
    0x1, 0x0, 0x9, 0xe, 0xff, 0xff, 0xff, 0xf0,
    0x0, 0x0, 0x0, 0xe, 0x20, 0x0, 0x0, 0xf0,

    /* U+5CAC "岬" */
    0x0, 0x3, 0x0, 0x0, 0x0, 0x0, 0x0, 0x0,
    0x1, 0xf0, 0x0, 0x23, 0x33, 0x33, 0x33, 0x0,
    0x1f, 0x0, 0xe, 0xee, 0xef, 0xee, 0xf0, 0x21,
    0xf0, 0x30, 0xe2, 0x4, 0xd0, 0x1f, 0x2e, 0x1f,
    0xf, 0xe, 0x20, 0x4d, 0x1, 0xf2, 0xe1, 0xf0,
    0xf0, 0xe3, 0x14, 0xd1, 0x2f, 0x2e, 0x1f, 0xf,
    0xe, 0xff, 0xff, 0xff, 0xf2, 0xe1, 0xf0, 0xf0,
    0xe2, 0x4, 0xd0, 0x1f, 0x2e, 0x1f, 0xf, 0xe,
    0x20, 0x4d, 0x1, 0xf2, 0xe1, 0xf0, 0xf0, 0xe2,
    0x4, 0xd0, 0x1f, 0x2e, 0x1f, 0xf, 0xe, 0xff,
    0xff, 0xff, 0xf2, 0xe1, 0xf0, 0xf0, 0xe4, 0x25,
    0xe2, 0x3f, 0x2f, 0x7f, 0x8f, 0x0, 0x0, 0x4d,
    0x0, 0x11, 0xba, 0x87, 0xf0, 0x0, 0x4, 0xd0,
    0x0, 0x0, 0x0, 0x3, 0x0, 0x0, 0x4d, 0x0,
    0x0, 0x0, 0x0, 0x0, 0x0, 0x4, 0xd0, 0x0,

    /* U+5CB1 "岱" */
    0x0, 0x3, 0x10, 0x4, 0x0, 0x2, 0x0, 0x0,
    0x0, 0xe, 0x50, 0x1f, 0x10, 0x1e, 0xa1, 0x0,
    0x0, 0x6d, 0x0, 0xe, 0x40, 0x1, 0xab, 0x0,
    0x0, 0xe7, 0x0, 0xb, 0x80, 0x2, 0x35, 0x62,
    0x9, 0xf7, 0x59, 0xbe, 0xff, 0xff, 0xec, 0xb3,
    0x4f, 0xd7, 0x47, 0x65, 0xf6, 0x0, 0x0, 0x72,
    0xb7, 0xa7, 0x0, 0x0, 0x8e, 0x10, 0x0, 0xe3,
    0x10, 0xa7, 0x0, 0x0, 0xb, 0xe5, 0x5, 0xf0,
    0x0, 0xa7, 0x0, 0x1, 0x0, 0x8f, 0xff, 0x70,
    0x0, 0x53, 0x0, 0xd, 0x50, 0x1, 0x43, 0x0,
    0x0, 0x40, 0x0, 0xd, 0x50, 0x0, 0x14, 0x0,
    0x0, 0xe3, 0x0, 0xd, 0x50, 0x0, 0x3e, 0x0,
    0x0, 0xe3, 0x0, 0xd, 0x50, 0x0, 0x3e, 0x0,
    0x0, 0xe3, 0x0, 0xd, 0x50, 0x0, 0x3e, 0x0,
    0x0, 0xef, 0xff, 0xff, 0xff, 0xff, 0xfe, 0x0,
    0x0, 0x11, 0x11, 0x11, 0x11, 0x11, 0x4e, 0x0,

    /* U+5CB5 "岵" */
    0x0, 0x0, 0x0, 0x0, 0x0, 0x0, 0x0, 0x0,
    0x0, 0xe, 0x20, 0x0, 0x0, 0xd, 0x40, 0x0,
    0x0, 0xe, 0x20, 0x0, 0x0, 0xd, 0x40, 0x0,
    0x2, 0xe, 0x22, 0x1, 0x22, 0x2e, 0x62, 0x22,
    0x2e, 0xe, 0x2d, 0x47, 0xff, 0xff, 0xff, 0xfe,
    0x2e, 0xe, 0x2d, 0x40, 0x0, 0xd, 0x40, 0x0,
    0x2e, 0xe, 0x2d, 0x40, 0x0, 0xd, 0x40, 0x0,
    0x2e, 0xe, 0x2d, 0x40, 0x0, 0xd, 0x40, 0x0,
    0x2e, 0xe, 0x2d, 0x40, 0x34, 0x4e, 0x74, 0x41,
    0x2e, 0xe, 0x2d, 0x40, 0xde, 0xdd, 0xdd, 0xf5,
    0x2e, 0xe, 0x2d, 0x40, 0xd4, 0x0, 0x0, 0xd5,
    0x2e, 0xe, 0x2d, 0x40, 0xd4, 0x0, 0x0, 0xd5,
    0x2e, 0xe, 0x4d, 0x40, 0xd4, 0x0, 0x0, 0xd5,
    0x2f, 0xff, 0xdf, 0x40, 0xd6, 0x22, 0x22, 0xd5,
    0x2, 0x0, 0x4, 0x10, 0xdf, 0xff, 0xff, 0xf5,
    0x0, 0x0, 0x0, 0x0, 0xd4, 0x0, 0x0, 0xd5,

    /* U+5CB7 "岷" */
    0x0, 0x1c, 0x0, 0x7, 0x88, 0x88, 0x88, 0x81,
    0x0, 0x2f, 0x0, 0xf, 0x87, 0x77, 0x77, 0xf2,
    0x18, 0x2f, 0x8, 0xf, 0x20, 0x0, 0x0, 0xf2,
    0x2e, 0x2f, 0x1f, 0xf, 0x20, 0x0, 0x0, 0xf2,
    0x2e, 0x2f, 0x1f, 0xf, 0xee, 0xee, 0xee, 0xf2,
    0x2e, 0x2f, 0x1f, 0xf, 0x53, 0x3f, 0x63, 0xe2,
    0x2e, 0x2f, 0x1f, 0xf, 0x20, 0xe, 0x30, 0x0,
    0x2e, 0x2f, 0x1f, 0xf, 0x53, 0x3e, 0x63, 0x32,
    0x2e, 0x2f, 0x1f, 0xf, 0xdd, 0xdf, 0xed, 0xd8,
    0x2e, 0x2f, 0x1f, 0xf, 0x20, 0xc, 0x50, 0x0,
    0x2e, 0x2f, 0x1f, 0xf, 0x20, 0xa, 0x70, 0x0,
    0x2f, 0x9f, 0xbf, 0xf, 0x20, 0x37, 0xb0, 0x2a,
    0x17, 0x65, 0x5f, 0xf, 0x7d, 0xb3, 0xf1, 0x4b,
    0x0, 0x0, 0x0, 0x1f, 0xf9, 0x0, 0xbd, 0xb9,
    0x0, 0x0, 0x0, 0x2e, 0x40, 0x0, 0x1b, 0xf3,
    0x0, 0x0, 0x0, 0x0, 0x0, 0x0, 0x0, 0x0,

    /* U+5CBD "岽" */
    0x0, 0x0, 0x0, 0x3, 0x30, 0x0, 0x0, 0x0,
    0x4, 0xb0, 0x0, 0x9, 0x80, 0x0, 0xc, 0x30,
    0x4, 0xd0, 0x0, 0x9, 0x80, 0x0, 0xe, 0x30,
    0x4, 0xff, 0xff, 0xff, 0xff, 0xff, 0xff, 0x30,
    0x0, 0x11, 0x48, 0x11, 0x11, 0x11, 0x19, 0x20,
    0x0, 0x0, 0xc9, 0x0, 0x0, 0x0, 0x0, 0x0,
    0xbf, 0xff, 0xff, 0xff, 0xff, 0xff, 0xff, 0xf4,
    0x12, 0x3f, 0x62, 0x22, 0x22, 0x22, 0x22, 0x20,
    0x0, 0x9c, 0x0, 0x4, 0xf0, 0x0, 0x0, 0x0,
    0x2, 0xf4, 0x11, 0x14, 0xf1, 0x11, 0x11, 0x0,
    0x6, 0xff, 0xff, 0xff, 0xff, 0xff, 0xff, 0x80,
    0x0, 0x0, 0x20, 0x4, 0xf0, 0x2, 0x0, 0x0,
    0x0, 0x8, 0xe1, 0x4, 0xf0, 0x1f, 0x80, 0x0,
    0x0, 0x9e, 0x30, 0x4, 0xf0, 0x3, 0xeb, 0x0,
    0x2c, 0xd2, 0x12, 0x28, 0xe0, 0x0, 0x1c, 0xd2,
    0x29, 0x0, 0x7f, 0xff, 0x70, 0x0, 0x0, 0x80,
    0x0, 0x0, 0x0, 0x0, 0x0, 0x0, 0x0, 0x0,

    /* U+5CC1 "峁" */
    0x0, 0x0, 0x0, 0x2, 0x30, 0x0, 0x0, 0x0,
    0x36, 0x0, 0x0, 0x88, 0x0, 0x0, 0x82, 0x7,
    0xb0, 0x0, 0x8, 0x80, 0x0, 0xe, 0x30, 0x7f,
    0xdd, 0xdd, 0xee, 0xdd, 0xdd, 0xf3, 0x1, 0x33,
    0x33, 0x33, 0x33, 0x33, 0x3b, 0x20, 0x1, 0x48,
    0xdf, 0x10, 0x0, 0x0, 0x0, 0xb, 0xfd, 0xa7,
    0x30, 0x1f, 0xff, 0xff, 0x70, 0xd5, 0x0, 0x28,
    0x2, 0xf2, 0x22, 0xb7, 0xd, 0x50, 0x4, 0xe0,
    0x2f, 0x0, 0xb, 0x70, 0xd5, 0x0, 0x6e, 0x2,
    0xf0, 0x0, 0xb7, 0xd, 0x89, 0xef, 0xc0, 0x2f,
    0x0, 0xb, 0x71, 0xff, 0x93, 0xc8, 0x2, 0xf0,
    0x0, 0xe6, 0x5, 0x0, 0x6f, 0x10, 0x2f, 0x7f,
    0xfe, 0x10, 0x0, 0x7f, 0x60, 0x2, 0xf1, 0x32,
    0x0, 0x5, 0xdf, 0x60, 0x0, 0x2f, 0x0, 0x0,
    0x1, 0xeb, 0x20, 0x0, 0x2, 0xf0, 0x0, 0x0,
    0x0, 0x0, 0x0, 0x0, 0x0, 0x0, 0x0, 0x0,

    /* U+5CC4 "峄" */
    0x0, 0x1f, 0x0, 0x14, 0x44, 0x44, 0x44, 0x20,
    0x0, 0x1f, 0x0, 0x3e, 0xec, 0xcc, 0xcf, 0xa0,
    0x2, 0x1f, 0x3, 0x2, 0xe1, 0x0, 0x4e, 0x20,
    0x2e, 0x1f, 0xf, 0x0, 0x7d, 0x26, 0xe5, 0x0,
    0x2e, 0x1f, 0xf, 0x0, 0xa, 0xff, 0x40, 0x0,
    0x2e, 0x1f, 0xf, 0x26, 0xcf, 0x9c, 0xfb, 0x73,
    0x2e, 0x1f, 0xf, 0x9d, 0x71, 0x72, 0x38, 0xc3,
    0x2e, 0x1f, 0xf, 0x10, 0x0, 0xd5, 0x0, 0x0,
    0x2e, 0x1f, 0xf, 0x3c, 0xcc, 0xfd, 0xcc, 0xb0,
    0x2e, 0x1f, 0xf, 0x16, 0x66, 0xe9, 0x66, 0x50,
    0x2e, 0x1f, 0xf, 0x0, 0x0, 0xd5, 0x0, 0x0,
    0x2f, 0x7f, 0x8f, 0x8c, 0xcc, 0xfd, 0xcc, 0xc5,
    0x1b, 0x98, 0x7f, 0x35, 0x55, 0xd8, 0x55, 0x52,
    0x0, 0x0, 0x3, 0x0, 0x0, 0xd5, 0x0, 0x0,
    0x0, 0x0, 0x0, 0x0, 0x0, 0xd5, 0x0, 0x0,

    /* U+5CCB "峋" */
    0x0, 0x0, 0x0, 0x0, 0x20, 0x0, 0x0, 0x0,
    0x0, 0x1c, 0x0, 0x0, 0xd7, 0x0, 0x0, 0x0,
    0x0, 0x2f, 0x0, 0x5, 0xf7, 0x77, 0x77, 0x71,
    0x18, 0x2f, 0x8, 0xe, 0xa9, 0x99, 0x99, 0xf3,
    0x2e, 0x2f, 0x1f, 0xaa, 0x0, 0x0, 0x0, 0xe3,
    0x2e, 0x2f, 0x1f, 0xc9, 0x99, 0x99, 0x10, 0xf2,
    0x2e, 0x2f, 0x1f, 0xe, 0x98, 0x8f, 0x20, 0xf2,
    0x2e, 0x2f, 0x1f, 0xe, 0x20, 0xe, 0x20, 0xf2,
    0x2e, 0x2f, 0x1f, 0xe, 0x98, 0x8f, 0x20, 0xf1,
    0x2e, 0x2f, 0x1f, 0xe, 0x98, 0x8f, 0x21, 0xf1,
    0x2e, 0x2f, 0x1f, 0xe, 0x20, 0xe, 0x21, 0xf0,
    0x2e, 0x2f, 0x1f, 0xe, 0x87, 0x7f, 0x22, 0xf0,
    0x2f, 0xaf, 0xcf, 0xe, 0xa9, 0x99, 0x12, 0xf0,
    0x17, 0x65, 0x5f, 0x7, 0x10, 0x0, 0x4, 0xe0,
    0x0, 0x0, 0x0, 0x0, 0x2, 0x43, 0x4c, 0xa0,
    0x0, 0x0, 0x0, 0x0, 0x4, 0xff, 0xfb, 0x10,
    0x0, 0x0, 0x0, 0x0, 0x0, 0x0, 0x0, 0x0,

    /* U+5CD2 "峒" */
    0x0, 0x19, 0x0, 0x2, 0x22, 0x22, 0x22, 0x20,
    0x0, 0x2f, 0x0, 0x3f, 0xdd, 0xdd, 0xdd, 0xf0,
    0x4, 0x2f, 0x4, 0x3b, 0x0, 0x0, 0x1, 0xf0,
    0x1e, 0x2f, 0x1e, 0x3b, 0x68, 0x88, 0x83, 0xf0,
    0x1e, 0x2f, 0x1e, 0x3b, 0x57, 0x77, 0x73, 0xf0,
    0x1e, 0x2f, 0x1e, 0x3b, 0x0, 0x0, 0x1, 0xf0,
    0x1e, 0x2f, 0x1e, 0x3b, 0x2b, 0xbb, 0x81, 0xf0,
    0x1e, 0x2f, 0x1e, 0x3b, 0x3d, 0x37, 0xb1, 0xf0,
    0x1e, 0x2f, 0x1e, 0x3b, 0x3d, 0x4, 0xb1, 0xf0,
    0x1e, 0x2f, 0x1e, 0x3b, 0x3d, 0x4, 0xb1, 0xf0,
    0x1e, 0x2f, 0x1e, 0x3b, 0x3e, 0xac, 0xb1, 0xf0,
    0x1f, 0x9f, 0xce, 0x3b, 0x3d, 0x55, 0x31, 0xf0,
    0x9, 0x75, 0x5e, 0x3b, 0x1, 0x0, 0x1, 0xf0,
    0x0, 0x0, 0x1, 0x3b, 0x0, 0x15, 0x48, 0xf0,
    0x0, 0x0, 0x0, 0x3b, 0x0, 0xc, 0xcc, 0x50,

    /* U+5CE4 "峤" */
    0x0, 0x0, 0x0, 0x0, 0x0, 0x0, 0x0, 0x0,
    0x0, 0x0, 0xf1, 0x0, 0x12, 0x34, 0x56, 0x77,
    0x0, 0x0, 0xf, 0x10, 0xf, 0xff, 0xfe, 0xcb,
    0xa1, 0x0, 0x70, 0xf1, 0x70, 0x0, 0xe, 0x60,
    0x0, 0x0, 0x1e, 0xf, 0x1e, 0x10, 0x0, 0xf4,
    0x0, 0x0, 0x1, 0xe0, 0xf1, 0xe5, 0xaa, 0xaf,
    0xba, 0xaa, 0x80, 0x1e, 0xf, 0x1e, 0x36, 0x6d,
    0xdb, 0xd6, 0x64, 0x1, 0xe0, 0xf1, 0xe1, 0x3,
    0xf4, 0x2f, 0x50, 0x0, 0x1e, 0xf, 0x1e, 0x13,
    0xe8, 0x0, 0x6f, 0x60, 0x1, 0xe0, 0xf1, 0xe7,
    0xfb, 0x10, 0x1, 0x9f, 0xc0, 0x1e, 0xf, 0x1e,
    0x65, 0xc5, 0x0, 0x5c, 0x15, 0x1, 0xe0, 0xf1,
    0xe1, 0xd, 0x40, 0x5, 0xc0, 0x0, 0x1f, 0xaf,
    0xdf, 0x10, 0xe3, 0x0, 0x5c, 0x0, 0x1, 0x97,
    0x64, 0xe1, 0x3f, 0x0, 0x5, 0xc0, 0x0, 0x0,
    0x0, 0x0, 0x2e, 0x80, 0x0, 0x5c, 0x0, 0x0,
    0x0, 0x0, 0xd, 0x90, 0x0, 0x5, 0xc0, 0x0,
    0x0, 0x0, 0x0, 0x0, 0x0, 0x0, 0x0, 0x0,
    0x0,

    /* U+5CE5 "峥" */
    0x0, 0x0, 0x0, 0x0, 0x3, 0x0, 0x0, 0x0,
    0x0, 0x1c, 0x0, 0x0, 0x5d, 0x0, 0x0, 0x0,
    0x0, 0x2f, 0x0, 0x1, 0xef, 0xee, 0xe6, 0x0,
    0x8, 0x2f, 0x8, 0xb, 0x90, 0x3, 0xe2, 0x0,
    0x1e, 0x2f, 0x1e, 0x9c, 0x0, 0x1e, 0x40, 0x0,
    0x1e, 0x2f, 0x1e, 0x7e, 0xff, 0xff, 0xff, 0xe0,
    0x1e, 0x2f, 0x1e, 0x0, 0x0, 0xf3, 0x2, 0xe0,
    0x1e, 0x2f, 0x1e, 0x11, 0x11, 0xf3, 0x13, 0xe1,
    0x1e, 0x2f, 0x1e, 0xbf, 0xff, 0xff, 0xff, 0xfe,
    0x1e, 0x2f, 0x1e, 0x0, 0x0, 0xf2, 0x2, 0xe0,
    0x1e, 0x2f, 0x1e, 0x3, 0x33, 0xf5, 0x35, 0xe0,
    0x1e, 0x2f, 0x1e, 0x2d, 0xdd, 0xfd, 0xdd, 0xe0,
    0x1f, 0x7f, 0x9e, 0x0, 0x0, 0xf2, 0x1, 0x80,
    0x8, 0x76, 0x6e, 0x0, 0x0, 0xf2, 0x0, 0x0,
    0x0, 0x0, 0x0, 0x2, 0x45, 0xf1, 0x0, 0x0,
    0x0, 0x0, 0x0, 0x4, 0xff, 0x90, 0x0, 0x0,

    /* U+5D02 "崂" */
    0x0, 0x1a, 0x0, 0x0, 0x3d, 0x0, 0xd3, 0x0,
    0x0, 0x1, 0xf0, 0x4, 0x68, 0xe6, 0x6e, 0x86,
    0x60, 0x3, 0x1f, 0x3, 0x8a, 0xbf, 0xaa, 0xfb,
    0xaa, 0x1, 0xe1, 0xf1, 0xe0, 0x3, 0xd0, 0xd,
    0x30, 0x0, 0x1e, 0x1f, 0x1e, 0x35, 0x56, 0x55,
    0x65, 0x54, 0x1, 0xe1, 0xf1, 0xe9, 0xdb, 0xbb,
    0xbb, 0xbc, 0xe0, 0x1e, 0x1f, 0x1e, 0x99, 0x1,
    0x60, 0x0, 0x3e, 0x1, 0xe1, 0xf1, 0xe2, 0x20,
    0x3c, 0x0, 0x0, 0x30, 0x1e, 0x1f, 0x1e, 0x3b,
    0xbc, 0xeb, 0xbb, 0xb1, 0x1, 0xe1, 0xf1, 0xe2,
    0x66, 0xbc, 0x66, 0xaf, 0x10, 0x1e, 0x1f, 0x1e,
    0x0, 0xb, 0x60, 0x8, 0xf1, 0x1, 0xf9, 0xfc,
    0xe0, 0x2, 0xf1, 0x0, 0x9f, 0x0, 0x9, 0x76,
    0x5e, 0x1, 0xd8, 0x0, 0xb, 0xe0, 0x0, 0x0,
    0x0, 0x5, 0xea, 0x4, 0x36, 0xf9, 0x0, 0x0,
    0x0, 0x7, 0xf7, 0x0, 0xff, 0xfb, 0x10, 0x0,
    0x0, 0x0, 0x1, 0x0, 0x0, 0x0, 0x0, 0x0,

    /* U+5D03 "崃" */
    0x0, 0x0, 0x0, 0x0, 0x0, 0x51, 0x0, 0x0,
    0x0, 0x1e, 0x0, 0x0, 0x0, 0xe3, 0x0, 0x0,
    0x0, 0x1f, 0x0, 0x4, 0x44, 0xf7, 0x44, 0x30,
    0x3, 0x1f, 0x3, 0x3e, 0xee, 0xfe, 0xee, 0xb0,
    0x1e, 0x1f, 0x1e, 0x2, 0x0, 0xe3, 0x1, 0x0,
    0x1e, 0x1f, 0x1e, 0x1e, 0x40, 0xe3, 0xd, 0x80,
    0x1e, 0x1f, 0x1e, 0x5, 0xe1, 0xe3, 0xbc, 0x0,
    0x1e, 0x1f, 0x1e, 0x0, 0x71, 0xe4, 0x91, 0x0,
    0x1e, 0x1f, 0x1e, 0x6a, 0xaa, 0xfb, 0xaa, 0xa1,
    0x1e, 0x1f, 0x1e, 0x46, 0x6e, 0xff, 0x86, 0x61,
    0x1e, 0x1f, 0x1e, 0x0, 0x4b, 0xea, 0x90, 0x0,
    0x1e, 0x1f, 0x1e, 0x0, 0xd3, 0xe4, 0xe4, 0x0,
    0x1f, 0x8f, 0xbe, 0x9, 0xa0, 0xe3, 0x5e, 0x20,
    0x9, 0x76, 0x5e, 0x8d, 0x0, 0xe3, 0x8, 0xe4,
    0x0, 0x0, 0x2, 0xd2, 0x0, 0xe3, 0x0, 0x85,
    0x0, 0x0, 0x0, 0x0, 0x0, 0xe3, 0x0, 0x0,

    /* U+5D06 "崆" */
    0x0, 0x0, 0x0, 0x0, 0x0, 0x11, 0x0, 0x0,
    0x0, 0x1c, 0x0, 0x0, 0x0, 0xab, 0x0, 0x0,
    0x0, 0x1f, 0x0, 0x2, 0x22, 0x3d, 0x32, 0x21,
    0x5, 0x1f, 0x5, 0xe, 0xff, 0xff, 0xff, 0xf8,
    0x2e, 0x1f, 0x1f, 0xe, 0x40, 0x0, 0x0, 0xa8,
    0x2e, 0x1f, 0x1f, 0x9, 0x3a, 0x60, 0xc5, 0x65,
    0x2e, 0x1f, 0x1f, 0x2, 0xcd, 0x20, 0x5f, 0x80,
    0x2e, 0x1f, 0x1f, 0x4f, 0xa0, 0x0, 0x3, 0xe9,
    0x2e, 0x1f, 0x1f, 0x16, 0x0, 0x0, 0x0, 0x24,
    0x2e, 0x1f, 0x1f, 0x6, 0xff, 0xff, 0xff, 0xe0,
    0x2e, 0x1f, 0x1f, 0x0, 0x22, 0x7c, 0x22, 0x20,
    0x2e, 0x1f, 0x1f, 0x0, 0x0, 0x6c, 0x0, 0x0,
    0x2f, 0x6f, 0x7f, 0x0, 0x0, 0x6c, 0x0, 0x0,
    0x1b, 0xa9, 0x8f, 0x0, 0x0, 0x6c, 0x0, 0x0,
    0x0, 0x0, 0x3, 0x5e, 0xee, 0xef, 0xee, 0xea,
    0x0, 0x0, 0x0, 0x13, 0x33, 0x33, 0x33, 0x32,

    /* U+5D1B "崛" */
    0x0, 0x2b, 0x0, 0x4, 0x44, 0x44, 0x44, 0x41,
    0x0, 0x2e, 0x0, 0x2f, 0xbb, 0xbb, 0xbb, 0xe5,
    0x6, 0x2e, 0x5, 0x2c, 0x0, 0x0, 0x0, 0xa5,
    0x1e, 0x2e, 0x2d, 0x2f, 0xdd, 0xdd, 0xdd, 0xf5,
    0x1e, 0x2e, 0x2d, 0x2d, 0x22, 0x28, 0x32, 0xb5,
    0x1e, 0x2e, 0x2d, 0x2c, 0x12, 0xe, 0x10, 0x20,
    0x1e, 0x2e, 0x2d, 0x2c, 0x5a, 0xe, 0x11, 0xe0,
    0x1e, 0x2e, 0x2d, 0x2c, 0x5a, 0xe, 0x11, 0xe0,
    0x1e, 0x2e, 0x2d, 0x3b, 0x5e, 0xbf, 0xbb, 0xe0,
    0x1e, 0x2e, 0x2d, 0x4b, 0x14, 0x4f, 0x55, 0xe0,
    0x1e, 0x2e, 0x2d, 0x59, 0xb0, 0xe, 0x10, 0x65,
    0x1f, 0xaf, 0xbd, 0x87, 0xe1, 0xe, 0x10, 0x88,
    0x7, 0x65, 0x6d, 0xd3, 0xe1, 0xe, 0x10, 0x88,
    0x0, 0x0, 0x4, 0xe0, 0xef, 0xff, 0xff, 0xf8,
    0x0, 0x0, 0x3, 0x70, 0x0, 0x0, 0x0, 0x88,
    0x0, 0x0, 0x0, 0x0, 0x0, 0x0, 0x0, 0x0,

    /* U+5D1E "崞" */
    0x0, 0x1, 0x0, 0x0, 0x0, 0x12, 0x0, 0x0,
    0x0, 0x0, 0xf1, 0x0, 0x0, 0x8, 0xc0, 0x0,
    0x0, 0x0, 0xf, 0x10, 0x2d, 0xdd, 0xef, 0xdd,
    0xdb, 0x1, 0x80, 0xf1, 0x81, 0x22, 0x22, 0x22,
    0x22, 0x10, 0x2e, 0xf, 0x1e, 0x21, 0xcc, 0xcc,
    0xcc, 0xa0, 0x2, 0xe0, 0xf1, 0xe2, 0x2f, 0x44,
    0x44, 0x6e, 0x0, 0x2e, 0xf, 0x1e, 0x22, 0xf3,
    0x33, 0x35, 0xe0, 0x2, 0xe0, 0xf1, 0xe2, 0x2f,
    0xdd, 0xdd, 0xde, 0x0, 0x2e, 0xf, 0x1e, 0x21,
    0x60, 0x0, 0x1, 0x60, 0x2, 0xe0, 0xf1, 0xe2,
    0x4e, 0xee, 0xee, 0xeb, 0x0, 0x2e, 0xf, 0x1e,
    0x20, 0x11, 0x13, 0xbd, 0x40, 0x2, 0xe0, 0xf1,
    0xe2, 0x11, 0x14, 0xf8, 0x11, 0x10, 0x2f, 0x9f,
    0xbf, 0x6e, 0xee, 0xef, 0xee, 0xee, 0x1, 0x76,
    0x54, 0xf2, 0x0, 0x4, 0xe0, 0x0, 0x0, 0x0,
    0x0, 0x0, 0x0, 0x22, 0x8d, 0x0, 0x0, 0x0,
    0x0, 0x0, 0x0, 0xb, 0xff, 0x60, 0x0, 0x0,
    0x0, 0x0, 0x0, 0x0, 0x0, 0x0, 0x0, 0x0,
    0x0,

    /* U+5D24 "崤" */
    0x0, 0x3, 0x0, 0x0, 0x0, 0x0, 0x0, 0x10,
    0x0, 0x2f, 0x0, 0x4, 0xe7, 0x10, 0x5d, 0x90,
    0x0, 0x2f, 0x0, 0x0, 0x4b, 0xfd, 0xe4, 0x0,
    0x1a, 0x2f, 0xb, 0x2, 0x9e, 0xc9, 0xfb, 0x30,
    0x2e, 0x2f, 0x1f, 0x1f, 0xb4, 0x71, 0x19, 0xf2,
    0x2e, 0x2f, 0x1f, 0x25, 0x47, 0xf4, 0x44, 0x52,
    0x2e, 0x2f, 0x1f, 0x6c, 0xcf, 0xcc, 0xcc, 0xc7,
    0x2e, 0x2f, 0x1f, 0x0, 0xab, 0x11, 0x11, 0x0,
    0x2e, 0x2f, 0x1f, 0x6, 0xfe, 0xee, 0xee, 0xe0,
    0x2e, 0x2f, 0x1f, 0x6f, 0xe0, 0x0, 0x2, 0xe0,
    0x2e, 0x2f, 0x1f, 0xd7, 0xfe, 0xee, 0xee, 0xe0,
    0x2e, 0x2f, 0x1f, 0x2, 0xe0, 0x0, 0x2, 0xe0,
    0x2f, 0x6f, 0x8f, 0x2, 0xfd, 0xdd, 0xdd, 0xe0,
    0x1c, 0xa8, 0x8f, 0x2, 0xe1, 0x11, 0x13, 0xe0,
    0x0, 0x0, 0x4, 0x2, 0xe0, 0x13, 0x27, 0xe0,
    0x0, 0x0, 0x0, 0x2, 0xe0, 0x2f, 0xff, 0x70,
    0x0, 0x0, 0x0, 0x0, 0x10, 0x0, 0x0, 0x0,

    /* U+5D26 "崦" */
    0x0, 0x0, 0x0, 0x0, 0x0, 0x50, 0x0, 0x0,
    0x0, 0x2f, 0x0, 0x0, 0x4, 0xe0, 0x0, 0x0,
    0x0, 0x2f, 0x0, 0x59, 0x9d, 0xe9, 0x99, 0x92,
    0x7, 0x2f, 0x7, 0x47, 0xaf, 0x7d, 0xa7, 0x71,
    0x1e, 0x2f, 0x1e, 0x1, 0xe6, 0x3, 0xd1, 0x0,
    0x1e, 0x2f, 0x1e, 0xb, 0xb0, 0x80, 0x9d, 0x20,
    0x1e, 0x2f, 0x1f, 0xcc, 0x0, 0xf1, 0x9, 0xf6,
    0x1e, 0x2f, 0x1f, 0x9e, 0xee, 0xfe, 0xee, 0x62,
    0x1e, 0x2f, 0x1e, 0xf, 0x10, 0xf2, 0xe, 0x10,
    0x1e, 0x2f, 0x1e, 0xf, 0xaa, 0xfa, 0xaf, 0x10,
    0x1e, 0x2f, 0x1e, 0xf, 0x55, 0xf6, 0x5f, 0x10,
    0x1e, 0x2f, 0x1e, 0xf, 0x55, 0xf6, 0x5f, 0x10,
    0x1f, 0x9f, 0xbe, 0xf, 0xaa, 0xfa, 0xaa, 0x46,
    0x8, 0x65, 0x5e, 0x3, 0x0, 0xf1, 0x0, 0x5b,
    0x0, 0x0, 0x0, 0x0, 0x0, 0xe5, 0x12, 0xb8,
    0x0, 0x0, 0x0, 0x0, 0x0, 0x8f, 0xff, 0xc1,

    /* U+5D27 "崧" */
    0x0, 0x0, 0x0, 0x2, 0x50, 0x0, 0x0, 0x0,
    0x0, 0x2c, 0x0, 0x0, 0x5d, 0x0, 0x0, 0x4a,
    0x0, 0x2, 0xf0, 0x0, 0x5, 0xd0, 0x0, 0x5,
    0xd0, 0x0, 0x2f, 0xee, 0xee, 0xff, 0xee, 0xee,
    0xfd, 0x0, 0x0, 0x22, 0x22, 0x22, 0x22, 0x22,
    0x25, 0x90, 0x0, 0x0, 0x96, 0x0, 0x2, 0x70,
    0x3d, 0x0, 0x0, 0x1, 0x1b, 0x71, 0x10, 0xa9,
    0x0, 0xe5, 0x0, 0x3, 0xff, 0xff, 0xfa, 0x3f,
    0x20, 0x6, 0xe0, 0x0, 0x0, 0x1f, 0x70, 0xd,
    0x80, 0x10, 0xb, 0xb0, 0x0, 0x7, 0xf7, 0x1b,
    0xc0, 0x2f, 0x20, 0x1d, 0xc0, 0x0, 0xec, 0xdc,
    0x41, 0x9, 0xb0, 0x0, 0x4, 0x0, 0x99, 0xa7,
    0xb9, 0x2, 0xf2, 0xc, 0x30, 0x0, 0x4f, 0x1a,
    0x71, 0x10, 0xaa, 0x0, 0x8c, 0x0, 0x3, 0x60,
    0xa7, 0x0, 0x5f, 0x10, 0x13, 0xf5, 0x0, 0x0,
    0xa, 0x70, 0x1f, 0xff, 0xff, 0xee, 0xd0, 0x0,
    0x0, 0xa7, 0x0, 0x53, 0x20, 0x0, 0x1b, 0x10,

    /* U+5D2E "崮" */
    0x0, 0x0, 0x0, 0x14, 0x0, 0x0, 0x0, 0x17,
    0x0, 0x0, 0x3e, 0x0, 0x0, 0x35, 0x2f, 0x0,
    0x0, 0x3e, 0x0, 0x0, 0x7a, 0x2f, 0xdd, 0xdd,
    0xef, 0xdd, 0xdd, 0xea, 0x2, 0x22, 0x22, 0x22,
    0x22, 0x22, 0x78, 0x3e, 0xee, 0xee, 0xee, 0xee,
    0xee, 0xeb, 0x3e, 0x0, 0x0, 0x14, 0x0, 0x0,
    0x5d, 0x3e, 0x1, 0x11, 0x4e, 0x11, 0x11, 0x5d,
    0x3e, 0x5d, 0xdd, 0xef, 0xdd, 0xda, 0x5d, 0x3e,
    0x0, 0x0, 0x3e, 0x0, 0x0, 0x5d, 0x3e, 0x2,
    0xfe, 0xee, 0xef, 0x40, 0x5d, 0x3e, 0x2, 0xf0,
    0x0, 0xd, 0x40, 0x5d, 0x3e, 0x2, 0xfe, 0xee,
    0xef, 0x40, 0x5d, 0x3e, 0x2, 0xe0, 0x0, 0xc,
    0x40, 0x5d, 0x3f, 0xdd, 0xdd, 0xdd, 0xdd, 0xdd,
    0xed, 0x3e, 0x11, 0x11, 0x11, 0x11, 0x11, 0x6d,
    0x0, 0x0, 0x0, 0x0, 0x0, 0x0, 0x0,

    /* U+5D34 "崴" */
    0x0, 0x0, 0x0, 0x1, 0x50, 0x0, 0x0, 0x0,
    0x0, 0xb1, 0x0, 0x3, 0xe0, 0x0, 0x2, 0xa0,
    0x0, 0xf1, 0x0, 0x3, 0xe0, 0x0, 0x3, 0xe0,
    0x0, 0xff, 0xff, 0xff, 0xff, 0xff, 0xff, 0xe0,
    0x0, 0x11, 0x11, 0x11, 0x11, 0x52, 0x87, 0x0,
    0x0, 0x11, 0x11, 0x11, 0x11, 0xe4, 0x4e, 0x50,
    0x0, 0xff, 0xff, 0xff, 0xff, 0xff, 0xff, 0xf4,
    0x0, 0xf2, 0x0, 0x0, 0x0, 0xc5, 0x1, 0x10,
    0x0, 0xf6, 0xef, 0xee, 0xe7, 0xa7, 0x9, 0x90,
    0x0, 0xf1, 0x9, 0x70, 0x0, 0x89, 0x1f, 0x20,
    0x0, 0xf7, 0xef, 0xfe, 0xe4, 0x6c, 0xa9, 0x0,
    0x2, 0xf0, 0xb7, 0x4, 0xf1, 0x2f, 0xe1, 0x0,
    0x6, 0xc0, 0x7e, 0xad, 0x60, 0x2f, 0x80, 0x39,
    0xc, 0x70, 0x7, 0xff, 0xb1, 0xdd, 0xe0, 0x49,
    0x4f, 0x1a, 0xfd, 0x41, 0x6d, 0xb0, 0xdc, 0xb7,
    0x77, 0x4, 0x30, 0x0, 0x39, 0x0, 0x1c, 0xe2,
    0x0, 0x0, 0x0, 0x0, 0x0, 0x0, 0x0, 0x0,

    /* U+5D3D "崽" */
    0x0, 0x0, 0x0, 0x1, 0x20, 0x0, 0x0, 0x0,
    0x1, 0x90, 0x0, 0x5, 0xd0, 0x0, 0x7, 0x40,
    0x3, 0xf0, 0x0, 0x5, 0xd0, 0x0, 0xb, 0x60,
    0x3, 0xff, 0xff, 0xff, 0xff, 0xff, 0xff, 0x60,
    0x0, 0x0, 0x0, 0x0, 0x0, 0x0, 0x5, 0x30,
    0x0, 0xbf, 0xff, 0xff, 0xff, 0xff, 0xfe, 0x0,
    0x0, 0xc6, 0x0, 0x6, 0xc0, 0x0, 0x4e, 0x0,
    0x0, 0xc8, 0x44, 0x48, 0xd4, 0x44, 0x6e, 0x0,
    0x0, 0xcd, 0xcc, 0xcd, 0xfc, 0xcc, 0xce, 0x0,
    0x0, 0xc6, 0x0, 0x5, 0xc0, 0x0, 0x3e, 0x0,
    0x0, 0xcf, 0xff, 0xff, 0xff, 0xff, 0xfe, 0x0,
    0x0, 0x31, 0x0, 0x8, 0x10, 0x0, 0x14, 0x0,
    0x6, 0x70, 0xe4, 0xa, 0xd1, 0x5, 0x2a, 0x40,
    0xe, 0x60, 0xe4, 0x0, 0xb4, 0xd, 0x55, 0xf3,
    0x6e, 0x0, 0xd7, 0x11, 0x11, 0x4f, 0x20, 0x9a,
    0x35, 0x0, 0x5e, 0xff, 0xff, 0xe7, 0x0, 0x0,

    /* U+5D3E "崾" */
    0x0, 0x18, 0x0, 0x2, 0x22, 0x22, 0x22, 0x20,
    0x0, 0x2e, 0x0, 0x4e, 0xef, 0xee, 0xfe, 0xe5,
    0x1, 0x2e, 0x1, 0x0, 0xc, 0x20, 0xe0, 0x0,
    0x1e, 0x2e, 0x1e, 0x9, 0x9e, 0xa9, 0xf9, 0x91,
    0x1e, 0x2e, 0x1e, 0x1d, 0x5d, 0x65, 0xf5, 0xd2,
    0x1e, 0x2e, 0x1e, 0x1c, 0xc, 0x20, 0xe0, 0xc2,
    0x1e, 0x2e, 0x1e, 0x1e, 0x8e, 0x98, 0xf8, 0xe2,
    0x1e, 0x2e, 0x1e, 0x1c, 0x79, 0x87, 0x77, 0xc1,
    0x1e, 0x2e, 0x1e, 0x1, 0x1d, 0x61, 0x11, 0x10,
    0x1e, 0x2e, 0x1e, 0x6f, 0xff, 0xff, 0xff, 0xf8,
    0x1e, 0x2e, 0x1e, 0x0, 0xd2, 0x0, 0x69, 0x0,
    0x1e, 0x2e, 0x2e, 0x5, 0xe7, 0x12, 0xe2, 0x0,
    0x1f, 0xef, 0xfe, 0x0, 0x2a, 0xfe, 0x90, 0x0,
    0x3, 0x20, 0x8, 0x1, 0x5c, 0xfa, 0xfb, 0x30,
    0x0, 0x0, 0x0, 0xaf, 0xd8, 0x10, 0x2a, 0xf1,
    0x0, 0x0, 0x0, 0x22, 0x0, 0x0, 0x0, 0x10,

    /* U+5D4A "嵊" */
    0x0, 0x19, 0x0, 0x2, 0x23, 0x34, 0x56, 0x50,
    0x0, 0x2f, 0x0, 0x6f, 0xed, 0xfc, 0xbb, 0x90,
    0x1, 0x2f, 0x1, 0x0, 0x0, 0xe2, 0x0, 0x0,
    0x1e, 0x2f, 0x1e, 0x79, 0x99, 0xfa, 0x99, 0x93,
    0x1e, 0x2f, 0x1e, 0x67, 0x77, 0xf8, 0x77, 0x72,
    0x1e, 0x2f, 0x1e, 0x0, 0xb0, 0xe2, 0xa2, 0x41,
    0x1e, 0x2f, 0x1e, 0xbf, 0xf1, 0xe2, 0xdf, 0xc3,
    0x1e, 0x2f, 0x1e, 0x0, 0xe1, 0xe2, 0xd3, 0x67,
    0x1e, 0x2f, 0x1e, 0x7c, 0xf2, 0xf3, 0xc8, 0xc6,
    0x1e, 0x2f, 0x1e, 0x54, 0xca, 0xfc, 0x5b, 0x90,
    0x1e, 0x2f, 0x1e, 0x0, 0x4b, 0xe9, 0x70, 0x0,
    0x1f, 0x7f, 0xae, 0x3, 0xe2, 0xe2, 0xc5, 0x0,
    0x1a, 0x97, 0x7c, 0x5e, 0x40, 0xe2, 0x2e, 0x60,
    0x0, 0x0, 0x5, 0xf4, 0x0, 0xe2, 0x2, 0xe4,
    0x0, 0x0, 0x0, 0x30, 0x0, 0xe2, 0x0, 0x10,

    /* U+5D4B "嵋" */
    0x0, 0x19, 0x0, 0x3, 0x33, 0x33, 0x33, 0x30,
    0x0, 0x2f, 0x0, 0x4e, 0xcc, 0xfd, 0xcc, 0xf1,
    0x2, 0x2f, 0x2, 0x49, 0x0, 0xd2, 0x0, 0xe1,
    0x1e, 0x2f, 0x2d, 0x49, 0x0, 0xd3, 0x0, 0xe1,
    0x1e, 0x2f, 0x2d, 0x4f, 0xff, 0xff, 0xff, 0xf1,
    0x1e, 0x2f, 0x2d, 0x49, 0x0, 0x0, 0x0, 0x60,
    0x1e, 0x2f, 0x2d, 0x48, 0xce, 0xee, 0xee, 0xd0,
    0x1e, 0x2f, 0x2d, 0x58, 0xe3, 0x0, 0x2, 0xf0,
    0x1e, 0x2f, 0x2d, 0x67, 0xec, 0xcc, 0xcc, 0xf0,
    0x1e, 0x2f, 0x2d, 0x76, 0xe5, 0x33, 0x34, 0xf0,
    0x1e, 0x2f, 0x2d, 0x94, 0xe2, 0x0, 0x1, 0xf0,
    0x1f, 0x9f, 0xbd, 0xc2, 0xef, 0xff, 0xff, 0xf0,
    0x7, 0x64, 0x4b, 0xe0, 0xe2, 0x0, 0x1, 0xf0,
    0x0, 0x0, 0x7, 0xa0, 0xee, 0xee, 0xee, 0xf0,
    0x0, 0x0, 0x8, 0x30, 0xe3, 0x0, 0x2, 0xf0,
    0x0, 0x0, 0x0, 0x0, 0x0, 0x0, 0x0, 0x0,

    /* U+5D58 "嵘" */
    0x0, 0x0, 0x0, 0x0, 0x2, 0x0, 0x20, 0x0,
    0x0, 0x1c, 0x0, 0x0, 0x2e, 0x0, 0xe2, 0x0,
    0x0, 0x2f, 0x0, 0x28, 0x9f, 0x88, 0xf9, 0x81,
    0x5, 0x2f, 0x5, 0x2a, 0xbf, 0xaa, 0xfb, 0xa1,
    0x2e, 0x2f, 0x1f, 0x0, 0x2e, 0x0, 0xe2, 0x0,
    0x2e, 0x2f, 0x1f, 0x17, 0x79, 0x77, 0x97, 0x71,
    0x2e, 0x2f, 0x1f, 0x4f, 0x99, 0x99, 0x99, 0xf2,
    0x2e, 0x2f, 0x1f, 0x4e, 0x0, 0x57, 0x0, 0xe2,
    0x2e, 0x2f, 0x1f, 0x14, 0x0, 0x79, 0x0, 0x40,
    0x2e, 0x2f, 0x1f, 0x4c, 0xcc, 0xee, 0xcc, 0xc2,
    0x2e, 0x2f, 0x1f, 0x14, 0x48, 0xff, 0x94, 0x40,
    0x2e, 0x2f, 0x1f, 0x0, 0xd, 0x9a, 0xd1, 0x0,
    0x2f, 0xaf, 0xbf, 0x0, 0xb8, 0x79, 0x8b, 0x0,
    0x18, 0x76, 0x6f, 0xb, 0xc0, 0x79, 0xc, 0xb1,
    0x0, 0x0, 0x0, 0xdc, 0x10, 0x79, 0x1, 0xd8,
    0x0, 0x0, 0x0, 0x30, 0x0, 0x79, 0x0, 0x0,

    /* U+5D5B "嵛" */
    0x3, 0xe0, 0x0, 0x6, 0xb0, 0x0, 0x7, 0x90,
    0x3, 0xe0, 0x0, 0x6, 0xb0, 0x0, 0x8, 0xa0,
    0x3, 0xfe, 0xee, 0xef, 0xfe, 0xee, 0xef, 0xa0,
    0x0, 0x22, 0x22, 0x9f, 0xfb, 0x22, 0x28, 0x80,
    0x0, 0x0, 0x3c, 0xf7, 0x5f, 0xd4, 0x0, 0x0,
    0x0, 0x2a, 0xfe, 0x63, 0x35, 0xdf, 0xb4, 0x0,
    0x3b, 0xfa, 0x38, 0xbb, 0xbb, 0xb2, 0x8e, 0xe8,
    0x28, 0x43, 0x33, 0x33, 0x0, 0x0, 0x29, 0x32,
    0x0, 0xdd, 0xcc, 0xcf, 0x22, 0xf0, 0x3e, 0x0,
    0x0, 0xd6, 0x33, 0x3e, 0x22, 0xf0, 0x3e, 0x0,
    0x0, 0xdc, 0xbb, 0xbf, 0x22, 0xf0, 0x3e, 0x0,
    0x0, 0xd6, 0x33, 0x3e, 0x22, 0xf0, 0x3e, 0x0,
    0x0, 0xdc, 0xaa, 0xaf, 0x21, 0xa0, 0x3e, 0x0,
    0x0, 0xd4, 0x0, 0x1f, 0x20, 0x32, 0x7d, 0x0,
    0x0, 0xd4, 0x2c, 0xc8, 0x0, 0xef, 0xf7, 0x0,
    0x0, 0x0, 0x0, 0x0, 0x0, 0x0, 0x0, 0x0,

    /* U+5D5D "嵝" */
    0x0, 0x5, 0x0, 0x0, 0x0, 0x62, 0x0, 0x0,
    0x0, 0x1f, 0x0, 0x9, 0x20, 0xd4, 0x7, 0x40,
    0x0, 0x1f, 0x0, 0x6, 0xd1, 0xd4, 0x6e, 0x20,
    0x1c, 0x1f, 0xd, 0x0, 0x71, 0xd4, 0x92, 0x0,
    0x1e, 0x1f, 0xf, 0x5c, 0xcc, 0xfd, 0xcc, 0xc2,
    0x1e, 0x1f, 0xf, 0x14, 0x4d, 0xff, 0x84, 0x40,
    0x1e, 0x1f, 0xf, 0x0, 0xb7, 0xd5, 0xd6, 0x0,
    0x1e, 0x1f, 0xf, 0x4d, 0x90, 0xd4, 0x1b, 0xe3,
    0x1e, 0x1f, 0xf, 0x66, 0x4, 0x61, 0x0, 0x50,
    0x1e, 0x1f, 0xf, 0x35, 0x5f, 0x95, 0x55, 0x52,
    0x1e, 0x1f, 0xf, 0x6a, 0xfc, 0xaa, 0xed, 0xa4,
    0x1e, 0x1f, 0xf, 0x5, 0xd0, 0x2, 0xf2, 0x0,
    0x1f, 0x8f, 0xbf, 0x6, 0xec, 0x5d, 0x80, 0x0,
    0x19, 0x86, 0x5f, 0x0, 0xa, 0xff, 0x70, 0x0,
    0x0, 0x0, 0x1, 0x37, 0xde, 0x55, 0xde, 0x80,
    0x0, 0x0, 0x0, 0x9b, 0x60, 0x0, 0x6, 0xa0,

    /* U+5D69 "嵩" */
    0x0, 0x0, 0x0, 0x0, 0x0, 0x0, 0x0, 0x0,
    0x3, 0x50, 0x0, 0xc, 0x50, 0x0, 0x7, 0x0,
    0x7, 0xa0, 0x0, 0xc, 0x50, 0x0, 0x1f, 0x0,
    0x6, 0xff, 0xff, 0xff, 0xff, 0xff, 0xff, 0x0,
    0x1, 0x11, 0x11, 0x2f, 0x31, 0x11, 0x1a, 0x10,
    0x6b, 0xbb, 0xbb, 0xbb, 0xbb, 0xbb, 0xbb, 0xb1,
    0x0, 0x1b, 0xbb, 0xbb, 0xbb, 0xbb, 0x80, 0x0,
    0x0, 0x2e, 0x33, 0x33, 0x33, 0x37, 0xb0, 0x0,
    0x0, 0x2f, 0xee, 0xee, 0xee, 0xee, 0xb0, 0x0,
    0x0, 0x15, 0x0, 0x0, 0x0, 0x2, 0x40, 0x0,
    0xd, 0xff, 0xff, 0xff, 0xff, 0xff, 0xff, 0x70,
    0xd, 0x40, 0x35, 0x55, 0x55, 0x51, 0xa, 0x70,
    0xd, 0x40, 0xaa, 0x77, 0x77, 0xd5, 0xa, 0x70,
    0xd, 0x40, 0xad, 0xcc, 0xcc, 0xf5, 0xa, 0x70,
    0xd, 0x40, 0x96, 0x11, 0x11, 0x23, 0x3d, 0x60,
    0xd, 0x40, 0x0, 0x0, 0x0, 0x4d, 0xda, 0x10,

    /* U+5D6B "嵫" */
    0x0, 0x4, 0x0, 0x0, 0x10, 0x0, 0x2, 0x0,
    0x0, 0x1e, 0x0, 0x0, 0xe5, 0x0, 0xe, 0x60,
    0x0, 0x1e, 0x0, 0x0, 0x5f, 0x20, 0x8c, 0x0,
    0x7, 0x1e, 0x7, 0x48, 0x8d, 0x88, 0xfa, 0x85,
    0x1d, 0x1e, 0xe, 0x37, 0xe9, 0x77, 0xbd, 0x74,
    0x1d, 0x1e, 0xe, 0x2, 0xe0, 0x0, 0xb6, 0x0,
    0x1d, 0x1e, 0xe, 0x8, 0x82, 0x21, 0xf0, 0x30,
    0x1d, 0x1e, 0xe, 0xe, 0x1a, 0x87, 0x90, 0xf2,
    0x1d, 0x1e, 0xe, 0x8c, 0x5f, 0x3e, 0x47, 0xc0,
    0x1d, 0x1e, 0xe, 0x9c, 0xda, 0x4f, 0xdf, 0x50,
    0x1d, 0x1e, 0xe, 0x0, 0xe3, 0x0, 0x2e, 0x0,
    0x1d, 0x1e, 0xe, 0x6, 0xb0, 0x0, 0x98, 0x60,
    0x1e, 0x9f, 0xce, 0xd, 0x3d, 0x11, 0xe1, 0xe1,
    0x9, 0x76, 0x5e, 0x5b, 0xa, 0x79, 0xb6, 0xd5,
    0x0, 0x0, 0x0, 0xdf, 0xfd, 0xd9, 0xb8, 0x9a,
    0x0, 0x0, 0x0, 0x21, 0x0, 0x80, 0x0, 0x19,

    /* U+5D6C "嵬" */
    0x0, 0x0, 0x0, 0x1, 0x30, 0x0, 0x0, 0x0,
    0x1, 0x90, 0x0, 0x5, 0xc0, 0x0, 0x9, 0x20,
    0x3, 0xf0, 0x0, 0x5, 0xc0, 0x0, 0xe, 0x40,
    0x3, 0xff, 0xff, 0xff, 0xff, 0xff, 0xff, 0x40,
    0x0, 0x0, 0x0, 0x3c, 0x10, 0x0, 0x7, 0x20,
    0x0, 0xac, 0xcc, 0xdf, 0xcc, 0xcc, 0xcc, 0x0,
    0x0, 0xd6, 0x22, 0x27, 0xc2, 0x22, 0x3f, 0x0,
    0x0, 0xd5, 0x0, 0x6, 0xb0, 0x0, 0x2f, 0x0,
    0x0, 0xde, 0xee, 0xef, 0xfe, 0xee, 0xef, 0x0,
    0x0, 0xd5, 0x0, 0xc, 0x60, 0x0, 0x2f, 0x0,
    0x0, 0xdf, 0xff, 0xff, 0xff, 0xff, 0xff, 0x0,
    0x0, 0x41, 0x0, 0xc9, 0x60, 0x2a, 0x40, 0x0,
    0x0, 0x0, 0x9, 0xe1, 0xf2, 0xb3, 0xa6, 0x46,
    0x0, 0x2, 0xbe, 0x20, 0xf3, 0xed, 0xbd, 0x7a,
    0x3, 0x9f, 0xa1, 0x0, 0xe5, 0x0, 0x1, 0xb7,
    0x4f, 0xc4, 0x0, 0x0, 0x7f, 0xff, 0xff, 0xc1,
    0x2, 0x0, 0x0, 0x0, 0x0, 0x0, 0x0, 0x0,

    /* U+5D6F "嵯" */
    0x0, 0x0, 0x0, 0x0, 0x10, 0x0, 0x2, 0x0,
    0x0, 0x1f, 0x0, 0x0, 0xaa, 0x0, 0x2f, 0x40,
    0x0, 0x1f, 0x0, 0x0, 0x1c, 0x30, 0x97, 0x0,
    0x7, 0x1f, 0x7, 0x6f, 0xff, 0xff, 0xff, 0xf6,
    0x1e, 0x1f, 0x1f, 0x1, 0x11, 0xe4, 0x11, 0x10,
    0x1e, 0x1f, 0x1f, 0x3, 0x44, 0xf5, 0x44, 0x40,
    0x1e, 0x1f, 0x1f, 0xa, 0xcd, 0xfc, 0xcc, 0xc0,
    0x1e, 0x1f, 0x1f, 0x0, 0x9, 0x90, 0x0, 0x0,
    0x1e, 0x1f, 0x1f, 0xaf, 0xff, 0xff, 0xff, 0xfd,
    0x1e, 0x1f, 0x1f, 0x1, 0x7d, 0x11, 0x11, 0x11,
    0x1e, 0x1f, 0x1f, 0x0, 0xe8, 0x11, 0x11, 0x10,
    0x1e, 0x1f, 0x2f, 0x9, 0xef, 0xff, 0xff, 0xd0,
    0x1f, 0xdd, 0xcf, 0x5f, 0x40, 0xc, 0x50, 0x0,
    0x0, 0x0, 0x8, 0xf7, 0x0, 0xc, 0x50, 0x0,
    0x0, 0x0, 0xd, 0x78, 0xcc, 0xcf, 0xdc, 0xca,
    0x0, 0x0, 0x0, 0x2, 0x44, 0x44, 0x44, 0x43,

    /* U+5D74 "嵴" */
    0x0, 0x0, 0x0, 0x0, 0x0, 0x41, 0x0, 0x0,
    0x0, 0x1c, 0x0, 0x3a, 0x20, 0xd3, 0x3, 0xb2,
    0x0, 0x2f, 0x0, 0x7, 0xe3, 0xe2, 0x8e, 0x60,
    0x4, 0x2f, 0x4, 0x0, 0x56, 0xf6, 0x84, 0x0,
    0x1e, 0x2f, 0x1e, 0x6d, 0xdc, 0xcc, 0x8e, 0xd6,
    0x1e, 0x2f, 0x1e, 0x64, 0x3f, 0x35, 0xb0, 0x56,
    0x1e, 0x2f, 0x1e, 0x6, 0xf5, 0x0, 0x8d, 0x30,
    0x1e, 0x2f, 0x1e, 0xdf, 0xfd, 0xdd, 0xdf, 0xfa,
    0x1e, 0x2f, 0x1e, 0x4f, 0x42, 0x22, 0x25, 0xe3,
    0x1e, 0x2f, 0x1e, 0xf, 0x65, 0x55, 0x57, 0xe0,
    0x1e, 0x2f, 0x1e, 0xf, 0xba, 0xaa, 0xab, 0xe0,
    0x1e, 0x2f, 0x1e, 0xf, 0x20, 0x0, 0x3, 0xe0,
    0x1f, 0x9f, 0xbe, 0xf, 0xee, 0xee, 0xee, 0xe0,
    0x9, 0x76, 0x5e, 0xf, 0x31, 0x11, 0x14, 0xe0,
    0x0, 0x0, 0x1, 0xf, 0x20, 0x22, 0x18, 0xd0,
    0x0, 0x0, 0x0, 0xf, 0x20, 0xaf, 0xfe, 0x50,
    0x0, 0x0, 0x0, 0x0, 0x0, 0x0, 0x0, 0x0,

    /* U+5D82 "嶂" */
    0x0, 0x0, 0x0, 0x0, 0x0, 0x30, 0x0, 0x0,
    0x0, 0x2d, 0x0, 0x0, 0x2, 0xe2, 0x0, 0x0,
    0x0, 0x2f, 0x0, 0x4b, 0xbb, 0xec, 0xbb, 0xb4,
    0x5, 0x2f, 0x5, 0x13, 0xc3, 0x22, 0x4b, 0x31,
    0x1e, 0x2f, 0x1d, 0x0, 0xb6, 0x0, 0xbb, 0x0,
    0x1e, 0x2f, 0x1d, 0xae, 0xee, 0xee, 0xee, 0xeb,
    0x1e, 0x2f, 0x1d, 0x2, 0x22, 0x22, 0x22, 0x20,
    0x1e, 0x2f, 0x1d, 0xf, 0xbb, 0xbb, 0xbc, 0xe0,
    0x1e, 0x2f, 0x1d, 0xf, 0x22, 0x22, 0x23, 0xe0,
    0x1e, 0x2f, 0x1d, 0xf, 0xbb, 0xbb, 0xbb, 0xe0,
    0x1e, 0x2f, 0x1d, 0xf, 0x33, 0x33, 0x34, 0xe0,
    0x1e, 0x2f, 0x1d, 0xf, 0xaa, 0xfb, 0xab, 0xe0,
    0x1f, 0xaf, 0xcd, 0x2, 0x0, 0xd2, 0x0, 0x20,
    0x8, 0x64, 0x4d, 0xbe, 0xee, 0xfe, 0xee, 0xed,
    0x0, 0x0, 0x0, 0x0, 0x0, 0xd2, 0x0, 0x0,
    0x0, 0x0, 0x0, 0x0, 0x0, 0xd2, 0x0, 0x0,

    /* U+5D99 "嶙" */
    0x0, 0x0, 0x0, 0x0, 0x0, 0x20, 0x0, 0x0,
    0x0, 0x1b, 0x0, 0x5, 0x40, 0xb4, 0x3, 0x70,
    0x0, 0x1e, 0x0, 0x3, 0xe4, 0xb4, 0x2e, 0x60,
    0x4, 0x1e, 0x4, 0x0, 0x45, 0xb4, 0x57, 0x0,
    0x1e, 0x1e, 0x1e, 0x5e, 0xee, 0xff, 0xee, 0xe8,
    0x1e, 0x1e, 0x1e, 0x0, 0x8, 0xdb, 0xa0, 0x0,
    0x1e, 0x1e, 0x1e, 0x2, 0xc3, 0xb4, 0x9c, 0x30,
    0x1e, 0x1e, 0x1e, 0x8e, 0x40, 0xb4, 0x7, 0xfa,
    0x1e, 0x1e, 0x1e, 0x37, 0xa0, 0x51, 0xf, 0x23,
    0x1e, 0x1e, 0x1e, 0xb, 0xfe, 0xcc, 0xcf, 0xc9,
    0x1e, 0x1e, 0x1e, 0x4d, 0x17, 0x96, 0x2f, 0x22,
    0x1e, 0x1e, 0x1e, 0xd7, 0x2b, 0x7c, 0xf, 0x0,
    0x1f, 0x9f, 0xbe, 0x34, 0xed, 0x4d, 0x9f, 0x98,
    0x9, 0x76, 0x5e, 0x1, 0xd4, 0x16, 0x6f, 0x65,
    0x0, 0x0, 0x1, 0x2c, 0x80, 0x0, 0xf, 0x0,
    0x0, 0x0, 0x0, 0xc7, 0x0, 0x0, 0xf, 0x0,
    0x0, 0x0, 0x0, 0x0, 0x0, 0x0, 0x0, 0x0,

    /* U+5D9D "嶝" */
    0x0, 0x0, 0x0, 0x0, 0x0, 0x0, 0x0, 0x0,
    0x0, 0x2c, 0x0, 0x24, 0x44, 0x5b, 0x8, 0x40,
    0x0, 0x2f, 0x0, 0x6b, 0xbe, 0x6f, 0xbc, 0x20,
    0x4, 0x2f, 0x4, 0x24, 0x2e, 0x19, 0xc0, 0x85,
    0x1e, 0x2f, 0x1e, 0x2e, 0xc7, 0x1, 0xeb, 0xc2,
    0x1e, 0x2f, 0x1e, 0xa, 0xe4, 0x44, 0x9f, 0x40,
    0x1e, 0x2f, 0x1e, 0x8d, 0x7b, 0xbb, 0xb6, 0xf8,
    0x1e, 0x2f, 0x1f, 0xd2, 0x0, 0x0, 0x0, 0x37,
    0x1e, 0x2f, 0x1e, 0xf, 0xff, 0xff, 0xff, 0x70,
    0x1e, 0x2f, 0x1e, 0xf, 0x0, 0x0, 0xa, 0x70,
    0x1e, 0x2f, 0x1e, 0xf, 0x44, 0x44, 0x4b, 0x70,
    0x1e, 0x2f, 0x1e, 0xf, 0xcc, 0xcc, 0xce, 0x70,
    0x1f, 0x7f, 0x9e, 0x3, 0xc1, 0x0, 0xa6, 0x10,
    0xb, 0xa8, 0x8d, 0x0, 0xba, 0x2, 0xf1, 0x0,
    0x0, 0x0, 0x0, 0x11, 0x49, 0x19, 0xa1, 0x10,
    0x0, 0x0, 0x0, 0xff, 0xff, 0xff, 0xff, 0xfb,

    /* U+5DB7 "嶷" */
    0x4, 0x50, 0x0, 0xc, 0x60, 0x0, 0x8, 0x0,
    0x8, 0xa1, 0x11, 0x1c, 0x71, 0x11, 0x2f, 0x10,
    0x6, 0xdd, 0xdd, 0xdd, 0xdd, 0xdd, 0xdf, 0x10,
    0xb, 0x30, 0x27, 0x70, 0x22, 0x22, 0x27, 0x20,
    0xc, 0xbd, 0xda, 0x83, 0xdd, 0xdd, 0xdf, 0xb0,
    0xc, 0x80, 0x2, 0xf0, 0x8, 0x50, 0x9c, 0x10,
    0x5, 0xef, 0xff, 0x70, 0x3, 0xdf, 0xa0, 0x0,
    0x7, 0x70, 0x0, 0x8, 0x99, 0xaf, 0xc9, 0x92,
    0x1e, 0xff, 0xff, 0xa5, 0x66, 0x7f, 0x67, 0xf1,
    0x69, 0x9, 0x70, 0x1, 0xc0, 0x2e, 0x4, 0x60,
    0xac, 0xce, 0xdc, 0xc4, 0xf0, 0x2f, 0xee, 0xe0,
    0x23, 0x3f, 0xa3, 0x34, 0xf0, 0x2e, 0x0, 0x0,
    0x0, 0x7e, 0xea, 0x7, 0xf8, 0x2e, 0x0, 0x0,
    0x5, 0xf5, 0x2d, 0x8e, 0x7e, 0xbe, 0x0, 0x0,
    0x6f, 0x60, 0x1, 0xbc, 0x2, 0xbf, 0xff, 0xf4,
    0x3, 0x0, 0x0, 0x31, 0x0, 0x0, 0x1, 0x10,

    /* U+5DC5 "巅" */
    0x0, 0x0, 0x0, 0x0, 0x0, 0x0, 0x0, 0x0,
    0x1, 0x60, 0x0, 0x7, 0xb0, 0x0, 0x6, 0x10,
    0x4, 0xe2, 0x22, 0x28, 0xb2, 0x22, 0x2e, 0x40,
    0x3, 0xcd, 0xdc, 0xcc, 0xcc, 0xcc, 0xcf, 0x40,
    0x12, 0x27, 0xc2, 0x22, 0x12, 0x22, 0x24, 0x30,
    0x5b, 0xbc, 0xeb, 0xb8, 0x9c, 0xdf, 0xcc, 0xc2,
    0x7, 0x8a, 0xe8, 0x82, 0x0, 0x4e, 0x0, 0x0,
    0xe, 0x53, 0x33, 0xc5, 0x5e, 0xef, 0xee, 0x90,
    0xe, 0xcc, 0xcc, 0xe5, 0x6b, 0x1, 0x7, 0xa0,
    0xe, 0x87, 0x77, 0xd5, 0x6b, 0xd, 0x47, 0xa0,
    0xe, 0x54, 0x44, 0xc5, 0x6b, 0xd, 0x37, 0xa0,
    0xe, 0xcc, 0xcc, 0xe5, 0x6b, 0xd, 0x37, 0xa0,
    0x1e, 0x42, 0x22, 0xc6, 0x6b, 0xf, 0x27, 0xa0,
    0x8b, 0xbb, 0xbc, 0xbb, 0x57, 0x6f, 0xa5, 0x60,
    0x3, 0xd5, 0xd, 0x80, 0x6, 0xf5, 0xad, 0x20,
    0x8f, 0x70, 0x2, 0xb7, 0xde, 0x40, 0x7, 0xe1,
    0x22, 0x0, 0x0, 0x0, 0x30, 0x0, 0x0, 0x20,

    /* U+5DDB "巛" */
    0x0, 0x7, 0x30, 0x3, 0x60, 0x0, 0x64, 0x0,
    0x1f, 0x40, 0xa, 0xb0, 0x0, 0xe7, 0x0, 0x7d,
    0x0, 0x1f, 0x40, 0x5, 0xf1, 0x0, 0xe6, 0x0,
    0x7c, 0x0, 0xc, 0x80, 0x5, 0xe0, 0x0, 0xe4,
    0x0, 0x4f, 0x10, 0xd, 0x70, 0x7, 0xd0, 0x0,
    0xc8, 0x0, 0x5e, 0x0, 0xe, 0x50, 0x4, 0xf1,
    0x0, 0x9c, 0x0, 0x3f, 0x20, 0x7, 0xd0, 0x0,
    0x2f, 0x30, 0xc, 0x80, 0x1, 0xf4, 0x0, 0xa,
    0xb0, 0x4, 0xf1, 0x0, 0x9c, 0x0, 0x3, 0xf2,
    0x0, 0xd7, 0x0, 0x1f, 0x30, 0x0, 0xca, 0x0,
    0x6e, 0x0, 0xa, 0xb0, 0x0, 0x5f, 0x10, 0xf,
    0x60, 0x3, 0xf3, 0x0, 0xe, 0x90, 0x9, 0xe0,
    0x0, 0xcb, 0x0, 0x6, 0x40, 0x2, 0x70, 0x0,
    0x44,

    /* U+5E0F "帏" */
    0x0, 0x5, 0x0, 0x0, 0x0, 0x30, 0x0, 0x0,
    0x0, 0xf, 0x10, 0x0, 0x0, 0xf2, 0x0, 0x0,
    0x0, 0xf, 0x10, 0x24, 0x44, 0xf6, 0x44, 0x42,
    0xc, 0xcf, 0xcc, 0x8c, 0xcc, 0xfd, 0xcc, 0xc7,
    0x1f, 0x4f, 0x5f, 0x10, 0x0, 0xf2, 0x0, 0x0,
    0x1f, 0xf, 0x1e, 0x12, 0x22, 0xf4, 0x22, 0x10,
    0x1f, 0xf, 0x1e, 0x2f, 0xff, 0xff, 0xff, 0x90,
    0x1f, 0xf, 0x1e, 0x10, 0x0, 0xf2, 0x0, 0x0,
    0x1f, 0xf, 0x1e, 0x22, 0x22, 0xf4, 0x22, 0x20,
    0x1f, 0xf, 0x1e, 0x7f, 0xff, 0xff, 0xff, 0xf2,
    0x1f, 0xf, 0x1e, 0x10, 0x0, 0xf2, 0x0, 0xf0,
    0x1f, 0xf, 0xbf, 0x0, 0x0, 0xf2, 0x1, 0xf0,
    0x5, 0xf, 0x31, 0x0, 0x0, 0xf2, 0x6, 0xd0,
    0x0, 0xf, 0x10, 0x0, 0x0, 0xfa, 0xff, 0x70,
    0x0, 0xf, 0x10, 0x0, 0x0, 0xf4, 0x32, 0x0,
    0x0, 0xf, 0x10, 0x0, 0x0, 0xf2, 0x0, 0x0,

    /* U+5E11 "帑" */
    0x0, 0x8, 0x0, 0x0, 0x0, 0x0, 0x0, 0x0,
    0x0, 0x5d, 0x0, 0x0, 0x88, 0x88, 0x88, 0x30,
    0x8c, 0xee, 0xcc, 0xc1, 0xa9, 0x88, 0x8f, 0x40,
    0x27, 0xe4, 0x46, 0xf1, 0xaa, 0x0, 0x5e, 0x0,
    0x9, 0xb0, 0x7, 0xc0, 0x1e, 0x71, 0xe6, 0x0,
    0x5, 0xbf, 0xaf, 0x40, 0x3, 0xfe, 0x90, 0x0,
    0x0, 0x7, 0xfe, 0xd3, 0x18, 0xfe, 0xd5, 0x0,
    0x37, 0xdf, 0x50, 0x54, 0xfc, 0x30, 0x7e, 0xf4,
    0x9e, 0x81, 0x0, 0x6, 0x50, 0x0, 0x0, 0x40,
    0x0, 0x23, 0x33, 0x3d, 0x73, 0x33, 0x31, 0x0,
    0x0, 0xae, 0xee, 0xef, 0xee, 0xee, 0xf5, 0x0,
    0x0, 0xa7, 0x0, 0xc, 0x40, 0x0, 0xc5, 0x0,
    0x0, 0xa7, 0x0, 0xc, 0x40, 0x0, 0xc5, 0x0,
    0x0, 0xa7, 0x0, 0xc, 0x40, 0x44, 0xe5, 0x0,
    0x0, 0xa7, 0x0, 0xc, 0x40, 0xef, 0xc1, 0x0,
    0x0, 0x10, 0x0, 0xc, 0x40, 0x0, 0x0, 0x0,

    /* U+5E14 "帔" */
    0x0, 0x5, 0x0, 0x0, 0x0, 0x5, 0x10, 0x0,
    0x0, 0xf, 0x0, 0x0, 0x0, 0xe, 0x30, 0x0,
    0x0, 0xf, 0x0, 0x0, 0x0, 0xe, 0x30, 0x0,
    0x4, 0x4f, 0x44, 0xd, 0xff, 0xff, 0xff, 0xf7,
    0x1f, 0xcf, 0xcf, 0x1e, 0x53, 0x3e, 0x53, 0xc5,
    0x1e, 0xf, 0xe, 0x1e, 0x30, 0xe, 0x30, 0xa3,
    0x1e, 0xf, 0xe, 0x1e, 0x30, 0xe, 0x30, 0x0,
    0x1e, 0xf, 0xe, 0x1e, 0xff, 0xff, 0xff, 0xb0,
    0x1e, 0xf, 0xe, 0x1e, 0x3f, 0x30, 0x9, 0x90,
    0x1e, 0xf, 0xe, 0x1f, 0x2b, 0x80, 0xe, 0x40,
    0x1e, 0xf, 0xe, 0x2f, 0x16, 0xe0, 0x6e, 0x0,
    0x1e, 0xf, 0x3f, 0x4e, 0x0, 0xe9, 0xf6, 0x0,
    0x1e, 0xf, 0xaa, 0x7b, 0x0, 0x4f, 0xd0, 0x0,
    0x1, 0xf, 0x0, 0xd5, 0x2, 0xde, 0xf8, 0x0,
    0x0, 0xf, 0x7, 0xe2, 0x9f, 0xa0, 0x5f, 0xd4,
    0x0, 0xf, 0xa, 0x5a, 0xc4, 0x0, 0x2, 0xa1,
    0x0, 0x0, 0x0, 0x0, 0x0, 0x0, 0x0, 0x0,

    /* U+5E19 "帙" */
    0x0, 0x4, 0x0, 0x0, 0x0, 0x4, 0x0, 0x0,
    0x0, 0xe, 0x20, 0x0, 0x20, 0x1f, 0x0, 0x0,
    0x0, 0xe, 0x20, 0x0, 0xf4, 0x1f, 0x0, 0x0,
    0x1b, 0xbf, 0xcb, 0x13, 0xf0, 0x1f, 0x0, 0x0,
    0x2f, 0x7f, 0x8f, 0x27, 0xff, 0xff, 0xff, 0xf0,
    0x2e, 0xe, 0x2e, 0x2c, 0x71, 0x3f, 0x11, 0x10,
    0x2e, 0xe, 0x2e, 0x4f, 0x20, 0x2f, 0x0, 0x0,
    0x2e, 0xe, 0x2e, 0x22, 0x0, 0x3f, 0x0, 0x0,
    0x2e, 0xe, 0x2e, 0x8f, 0xff, 0xff, 0xff, 0xf7,
    0x2e, 0xe, 0x2e, 0x32, 0x22, 0x9f, 0x52, 0x21,
    0x2e, 0xe, 0x2e, 0x20, 0x0, 0xce, 0x70, 0x0,
    0x2e, 0xe, 0x9f, 0x10, 0x4, 0xf4, 0xe0, 0x0,
    0x1b, 0xe, 0x75, 0x0, 0x1d, 0x90, 0xd7, 0x0,
    0x0, 0xe, 0x20, 0x1, 0xdd, 0x0, 0x4f, 0x30,
    0x0, 0xe, 0x20, 0x5e, 0xc1, 0x0, 0x9, 0xe3,
    0x0, 0xe, 0x20, 0xa9, 0x0, 0x0, 0x0, 0xa3,
    0x0, 0x0, 0x0, 0x0, 0x0, 0x0, 0x0, 0x0,

    /* U+5E31 "帱" */
    0x0, 0x4, 0x0, 0x0, 0x0, 0x51, 0x0, 0x0,
    0x0, 0x1f, 0x0, 0x0, 0x0, 0xf3, 0x0, 0x0,
    0x0, 0x1f, 0x0, 0x1e, 0xee, 0xfe, 0xee, 0xe5,
    0xc, 0xcf, 0xcc, 0x2, 0x24, 0xf2, 0x22, 0x20,
    0x1f, 0x7f, 0x7f, 0x0, 0x4, 0xe0, 0x0, 0x0,
    0x1e, 0x1f, 0xf, 0xa, 0xff, 0xff, 0xff, 0xe0,
    0x1e, 0x1f, 0xf, 0x0, 0xb, 0x80, 0x0, 0x0,
    0x1e, 0x1f, 0xf, 0x7e, 0xef, 0xee, 0xee, 0xea,
    0x1e, 0x1f, 0xf, 0x12, 0x8d, 0x22, 0x24, 0x21,
    0x1e, 0x1f, 0xf, 0x0, 0xc8, 0x0, 0xf, 0x10,
    0x1e, 0x1f, 0xf, 0x4, 0xff, 0xff, 0xff, 0xfb,
    0x1e, 0x1f, 0x4f, 0xd, 0x84, 0x11, 0x1f, 0x20,
    0x1e, 0x1f, 0xc8, 0x8d, 0xa, 0xa0, 0xf, 0x10,
    0x0, 0x1f, 0x5, 0xf3, 0x0, 0xc3, 0xf, 0x0,
    0x0, 0x1f, 0x2, 0x50, 0x0, 0x21, 0x5f, 0x0,
    0x0, 0x1f, 0x0, 0x0, 0x0, 0xbf, 0xf8, 0x0,
    0x0, 0x0, 0x0, 0x0, 0x0, 0x0, 0x0, 0x0,

    /* U+5E37 "帷" */
    0x0, 0x5, 0x0, 0x0, 0x13, 0x4, 0x0, 0x0,
    0x0, 0x1, 0xf0, 0x0, 0x7, 0xa3, 0xf3, 0x0,
    0x0, 0x0, 0x1f, 0x0, 0x0, 0xd4, 0x8, 0x90,
    0x0, 0x0, 0xcc, 0xfc, 0xc0, 0x5f, 0xdd, 0xdd,
    0xdd, 0xd0, 0x1f, 0x4f, 0x4f, 0x1d, 0xe3, 0x3d,
    0x73, 0x33, 0x1, 0xe1, 0xf0, 0xf8, 0xfe, 0x0,
    0xd5, 0x0, 0x0, 0x1e, 0x1f, 0xf, 0xfb, 0xe1,
    0x1d, 0x51, 0x10, 0x1, 0xe1, 0xf0, 0xf5, 0x4f,
    0xff, 0xff, 0xff, 0x90, 0x1e, 0x1f, 0xf, 0x13,
    0xe0, 0xd, 0x50, 0x0, 0x1, 0xe1, 0xf0, 0xf1,
    0x3e, 0x0, 0xd5, 0x0, 0x0, 0x1e, 0x1f, 0xf,
    0x13, 0xfc, 0xcf, 0xdc, 0xc7, 0x1, 0xe1, 0xf2,
    0xf0, 0x3e, 0x44, 0xd7, 0x44, 0x20, 0x1e, 0x1f,
    0xa9, 0x3, 0xe0, 0xd, 0x50, 0x0, 0x0, 0x1,
    0xf0, 0x0, 0x3e, 0x22, 0xd6, 0x22, 0x20, 0x0,
    0x1f, 0x0, 0x3, 0xff, 0xff, 0xff, 0xff, 0x0,
    0x1, 0xf0, 0x0, 0x3e, 0x0, 0x0, 0x0, 0x0,

    /* U+5E3B "帻" */
    0x0, 0x6, 0x0, 0x0, 0x0, 0x41, 0x0, 0x0,
    0x0, 0x1f, 0x0, 0x0, 0x0, 0xc5, 0x0, 0x0,
    0x0, 0x1f, 0x0, 0x7f, 0xff, 0xff, 0xff, 0xf2,
    0x8, 0x8f, 0x87, 0x0, 0x0, 0xc5, 0x0, 0x0,
    0x1f, 0x9f, 0x9f, 0xd, 0xff, 0xff, 0xff, 0x60,
    0x1f, 0x1f, 0x1f, 0x0, 0x0, 0xc5, 0x0, 0x0,
    0x1f, 0x1f, 0x1f, 0xad, 0xdd, 0xfe, 0xdd, 0xd9,
    0x1f, 0x1f, 0x1f, 0x12, 0x22, 0x22, 0x22, 0x21,
    0x1f, 0x1f, 0x1f, 0xb, 0xcc, 0xcc, 0xcc, 0x30,
    0x1f, 0x1f, 0x1f, 0xe, 0x53, 0x64, 0x3d, 0x40,
    0x1f, 0x1f, 0x1e, 0xe, 0x20, 0xe2, 0xc, 0x40,
    0x1f, 0x1f, 0xbd, 0xe, 0x20, 0xf1, 0xc, 0x40,
    0x7, 0x1f, 0x53, 0xe, 0x25, 0xf2, 0xc, 0x40,
    0x0, 0x1f, 0x0, 0x1, 0x4e, 0x8d, 0xa3, 0x0,
    0x0, 0x1f, 0x0, 0x5b, 0xf5, 0x0, 0x8f, 0x91,
    0x0, 0x1f, 0x1, 0xe9, 0x10, 0x0, 0x2, 0xc3,
    0x0, 0x0, 0x0, 0x0, 0x0, 0x0, 0x0, 0x0,

    /* U+5E3C "帼" */
    0x0, 0x2, 0x0, 0x0, 0x0, 0x0, 0x0, 0x0,
    0x0, 0x3d, 0x0, 0x12, 0x22, 0x22, 0x22, 0x20,
    0x0, 0x3d, 0x0, 0x7f, 0xee, 0xee, 0xee, 0xf2,
    0x8, 0x9e, 0x86, 0x78, 0x0, 0x0, 0x0, 0xf2,
    0x1e, 0x6d, 0x6c, 0x78, 0xdf, 0xff, 0xf6, 0xf2,
    0x1d, 0x3d, 0x2c, 0x78, 0x11, 0xf2, 0x10, 0xf2,
    0x1d, 0x3d, 0x2c, 0x78, 0x0, 0xf1, 0x0, 0xf2,
    0x1d, 0x3d, 0x2c, 0x78, 0x9d, 0xfd, 0xd3, 0xf2,
    0x1d, 0x3d, 0x2c, 0x78, 0x12, 0xf3, 0x40, 0xf2,
    0x1d, 0x3d, 0x2c, 0x78, 0x0, 0xf6, 0xb0, 0xf2,
    0x1d, 0x3d, 0x2c, 0x78, 0x0, 0xf1, 0xd2, 0xf2,
    0x1d, 0x3d, 0x3b, 0x78, 0x44, 0xf5, 0x52, 0xf2,
    0x1d, 0x3e, 0xd5, 0x79, 0xcc, 0xcc, 0xc7, 0xf2,
    0x0, 0x3d, 0x0, 0x78, 0x0, 0x0, 0x0, 0xf2,
    0x0, 0x3d, 0x0, 0x7f, 0xff, 0xff, 0xff, 0xf2,
    0x0, 0x3d, 0x0, 0x79, 0x11, 0x11, 0x11, 0xf2,
    0x0, 0x1, 0x0, 0x0, 0x0, 0x0, 0x0, 0x0,

    /* U+5E44 "幄" */
    0x0, 0x4, 0x0, 0x0, 0x0, 0x0, 0x0, 0x0,
    0x0, 0xf, 0x0, 0x3, 0x33, 0x33, 0x33, 0x30,
    0x0, 0xf, 0x0, 0x1f, 0xbb, 0xbb, 0xbb, 0xe4,
    0x6, 0x6f, 0x66, 0x2f, 0x0, 0x0, 0x0, 0xc4,
    0x1f, 0x8f, 0x8f, 0x2f, 0xff, 0xff, 0xff, 0xf4,
    0x1e, 0xf, 0xf, 0x2f, 0x0, 0x0, 0x0, 0x52,
    0x1e, 0xf, 0xf, 0x2f, 0x9f, 0xff, 0xff, 0xf4,
    0x1e, 0xf, 0xf, 0x2f, 0x0, 0xd6, 0x6, 0x0,
    0x1e, 0xf, 0xf, 0x3e, 0x1c, 0x90, 0x1b, 0xb0,
    0x1e, 0xf, 0xf, 0x3d, 0x6f, 0xff, 0xed, 0xe8,
    0x1e, 0xf, 0xf, 0x5c, 0x0, 0x8, 0x60, 0x13,
    0x1e, 0xf, 0x9f, 0x7a, 0x12, 0x2b, 0x82, 0x21,
    0x1e, 0xf, 0x77, 0xa7, 0x6c, 0xce, 0xec, 0xc6,
    0x0, 0xf, 0x0, 0xf3, 0x0, 0xa, 0x70, 0x0,
    0x0, 0xf, 0x8, 0xd3, 0xdd, 0xdf, 0xed, 0xdc,
    0x0, 0xf, 0x3, 0x40, 0x11, 0x11, 0x11, 0x11,

    /* U+5E54 "幔" */
    0x0, 0x5, 0x0, 0x0, 0x0, 0x0, 0x0, 0x0,
    0x0, 0x2e, 0x0, 0xb, 0xcc, 0xcc, 0xcc, 0xb0,
    0x0, 0x2e, 0x0, 0xf, 0x22, 0x22, 0x22, 0xf0,
    0x9, 0xaf, 0x98, 0xf, 0xdd, 0xdd, 0xdd, 0xf0,
    0x1e, 0x7f, 0x7e, 0xf, 0x0, 0x0, 0x0, 0xf0,
    0x1e, 0x2e, 0x1e, 0xf, 0xdd, 0xdd, 0xdd, 0xf0,
    0x1e, 0x2e, 0x1e, 0x0, 0x0, 0x0, 0x0, 0x0,
    0x1e, 0x2e, 0x1e, 0x8e, 0xdf, 0xdd, 0xfd, 0xe8,
    0x1e, 0x2e, 0x1e, 0x86, 0xe, 0x11, 0xd0, 0x78,
    0x1e, 0x2e, 0x1e, 0x8e, 0xdf, 0xdd, 0xfd, 0xe8,
    0x1e, 0x2e, 0x1e, 0x43, 0x0, 0x0, 0x0, 0x34,
    0x1e, 0x2f, 0x4d, 0x2e, 0xed, 0xdd, 0xde, 0xd0,
    0x1e, 0x2e, 0xc7, 0x1, 0xd4, 0x0, 0x3e, 0x50,
    0x0, 0x2e, 0x0, 0x0, 0x2d, 0x89, 0xe4, 0x0,
    0x0, 0x2e, 0x0, 0x3, 0x6c, 0xee, 0xc7, 0x31,
    0x0, 0x2e, 0x0, 0xdd, 0x94, 0x0, 0x59, 0xca,
    0x0, 0x0, 0x0, 0x0, 0x0, 0x0, 0x0, 0x0,

    /* U+5E5B "幛" */
    0x0, 0x5, 0x0, 0x0, 0x1, 0x50, 0x0, 0x0,
    0x0, 0x2e, 0x0, 0x0, 0x1, 0xe3, 0x0, 0x0,
    0x0, 0x2e, 0x0, 0x4e, 0xee, 0xfe, 0xee, 0xe4,
    0xb, 0xcf, 0xba, 0x1, 0xb0, 0x0, 0x2b, 0x10,
    0x1e, 0x6e, 0x6e, 0x0, 0xb6, 0x0, 0xca, 0x0,
    0x1e, 0x2e, 0x1e, 0xae, 0xee, 0xee, 0xee, 0xeb,
    0x1e, 0x2e, 0x1e, 0x0, 0x0, 0x0, 0x0, 0x0,
    0x1e, 0x2e, 0x1e, 0xf, 0xee, 0xee, 0xee, 0xe0,
    0x1e, 0x2e, 0x1e, 0xe, 0x0, 0x0, 0x1, 0xe0,
    0x1e, 0x2e, 0x1e, 0xf, 0xdd, 0xdd, 0xdd, 0xe0,
    0x1e, 0x2e, 0x1e, 0xe, 0x0, 0x0, 0x1, 0xe0,
    0x1e, 0x2e, 0x3d, 0xf, 0xee, 0xfe, 0xee, 0xe0,
    0x1e, 0x2e, 0xc6, 0x4, 0x0, 0xe2, 0x0, 0x40,
    0x0, 0x2e, 0x0, 0xde, 0xee, 0xfe, 0xee, 0xed,
    0x0, 0x2e, 0x0, 0x0, 0x0, 0xe2, 0x0, 0x0,
    0x0, 0x2e, 0x0, 0x0, 0x0, 0xe2, 0x0, 0x0,

    /* U+5E5E "幞" */
    0x0, 0x5, 0x0, 0x0, 0x6, 0x0, 0x50, 0x0,
    0x0, 0x2, 0xe0, 0x5, 0x60, 0xf0, 0x1e, 0x6,
    0x40, 0x0, 0x2e, 0x0, 0x2e, 0x2f, 0x1, 0xe2,
    0xe1, 0x0, 0xcd, 0xfc, 0xb0, 0x51, 0xf0, 0x1e,
    0x35, 0x0, 0x1e, 0x4e, 0x3e, 0x9d, 0xdf, 0xdd,
    0xfd, 0xdc, 0x1, 0xe2, 0xe1, 0xe1, 0x2c, 0x32,
    0x22, 0xc3, 0x20, 0x1e, 0x2e, 0x1e, 0x0, 0xa8,
    0x0, 0x8b, 0x0, 0x1, 0xe2, 0xe1, 0xe8, 0xff,
    0xff, 0xff, 0xff, 0x70, 0x1e, 0x2e, 0x1e, 0x0,
    0x0, 0xa8, 0x0, 0x0, 0x1, 0xe2, 0xe1, 0xe0,
    0xdd, 0xdf, 0xed, 0xdd, 0x0, 0x1e, 0x2e, 0x1e,
    0x2, 0x22, 0xc8, 0x22, 0x20, 0x1, 0xe2, 0xe1,
    0xd1, 0x22, 0x2d, 0x72, 0x22, 0x20, 0x1e, 0x2f,
    0xfa, 0xbd, 0xde, 0xff, 0xdd, 0xdd, 0x0, 0x2,
    0xe0, 0x0, 0x0, 0xb9, 0xc8, 0x0, 0x0, 0x0,
    0x2e, 0x0, 0x15, 0xda, 0x1, 0xbd, 0x63, 0x0,
    0x2, 0xe0, 0x1e, 0xb4, 0x0, 0x0, 0x4b, 0xc0,
    0x0, 0x0, 0x0, 0x0, 0x0, 0x0, 0x0, 0x0,
    0x0,

    /* U+5E61 "幡" */
    0x0, 0x4, 0x0, 0x0, 0x0, 0x0, 0x0, 0x0,
    0x0, 0x2e, 0x0, 0x12, 0x33, 0x45, 0x78, 0xa2,
    0x0, 0x2e, 0x0, 0x6e, 0xdc, 0xfc, 0xa9, 0x82,
    0x8, 0x9f, 0x87, 0x7, 0x60, 0xc3, 0x8, 0x90,
    0x1e, 0x6e, 0x6d, 0x0, 0xa1, 0xc3, 0x59, 0x0,
    0x1e, 0x2e, 0x1d, 0xaf, 0xff, 0xff, 0xff, 0xfb,
    0x1e, 0x2e, 0x1d, 0x0, 0x1b, 0xdc, 0x80, 0x0,
    0x1e, 0x2e, 0x1d, 0x2, 0xc2, 0xc3, 0x8d, 0x50,
    0x1e, 0x2e, 0x1d, 0x8b, 0x10, 0xc3, 0x4, 0xda,
    0x1e, 0x2e, 0x1d, 0x3e, 0xee, 0xee, 0xee, 0xd0,
    0x1e, 0x2e, 0x1d, 0xf, 0x0, 0xc4, 0x1, 0xe0,
    0x1e, 0x2e, 0x4d, 0xf, 0x11, 0xc4, 0x12, 0xe0,
    0x1e, 0x2e, 0xd7, 0xf, 0xdd, 0xfd, 0xdd, 0xe0,
    0x1, 0x2e, 0x0, 0xf, 0x0, 0xc3, 0x1, 0xe0,
    0x0, 0x2e, 0x0, 0xf, 0xdd, 0xfe, 0xdd, 0xe0,
    0x0, 0x2e, 0x0, 0xf, 0x22, 0x22, 0x23, 0xe0,
    0x0, 0x0, 0x0, 0x0, 0x0, 0x0, 0x0, 0x0,

    /* U+5E7A "幺" */
    0x0, 0x0, 0x0, 0x10, 0x0, 0x0, 0x0, 0x0,
    0x0, 0x0, 0xad, 0x0, 0x0, 0x0, 0x0, 0x0,
    0x0, 0x6f, 0x50, 0x0, 0x0, 0x0, 0x0, 0x0,
    0x2f, 0x80, 0x0, 0x1, 0x0, 0x0, 0x0, 0x1d,
    0xb0, 0x0, 0x0, 0xca, 0x0, 0x0, 0xc, 0xd0,
    0x0, 0x0, 0xaf, 0x40, 0x0, 0x1b, 0xe3, 0x12,
    0x33, 0x9f, 0x50, 0x0, 0xb, 0xff, 0xff, 0xff,
    0xff, 0x70, 0x0, 0x0, 0x35, 0x32, 0x10, 0x6f,
    0x70, 0x0, 0x0, 0x0, 0x0, 0x0, 0x5f, 0x80,
    0x25, 0x0, 0x0, 0x0, 0x0, 0x5f, 0x80, 0x5,
    0xf3, 0x0, 0x0, 0x0, 0x6f, 0x80, 0x0, 0xb,
    0xd0, 0x0, 0x0, 0x6f, 0x70, 0x0, 0x0, 0x2f,
    0x80, 0x0, 0x9f, 0x70, 0x12, 0x23, 0x45, 0xcf,
    0x20, 0x8f, 0xff, 0xff, 0xff, 0xfe, 0xdc, 0xec,
    0x2, 0x86, 0x43, 0x21, 0x0, 0x0, 0x4, 0xd1,
    0x0, 0x0, 0x0, 0x0, 0x0, 0x0, 0x0, 0x0,

    /* U+5E80 "庀" */
    0x0, 0x0, 0x0, 0x0, 0x10, 0x0, 0x0, 0x0,
    0x0, 0x0, 0x0, 0x2, 0xf3, 0x0, 0x0, 0x0,
    0x0, 0x44, 0x44, 0x44, 0xcc, 0x44, 0x44, 0x42,
    0x3, 0xfd, 0xdd, 0xdd, 0xdd, 0xdd, 0xdd, 0xd8,
    0x3, 0xf0, 0x0, 0x0, 0x0, 0x0, 0x0, 0x0,
    0x3, 0xf0, 0x3, 0x80, 0x0, 0x0, 0x0, 0x0,
    0x3, 0xf0, 0x5, 0xe0, 0x0, 0x0, 0x0, 0x0,
    0x3, 0xf0, 0x5, 0xe0, 0x0, 0x0, 0x4a, 0x50,
    0x3, 0xf0, 0x5, 0xe0, 0x3, 0x8d, 0xfc, 0x40,
    0x3, 0xf0, 0x5, 0xf9, 0xef, 0xc6, 0x10, 0x0,
    0x4, 0xe0, 0x5, 0xfa, 0x51, 0x0, 0x0, 0x0,
    0x5, 0xd0, 0x5, 0xe0, 0x0, 0x0, 0x0, 0x42,
    0x8, 0xb0, 0x5, 0xe0, 0x0, 0x0, 0x0, 0xba,
    0xd, 0x70, 0x4, 0xe0, 0x0, 0x0, 0x0, 0xe6,
    0x3f, 0x20, 0x3, 0xf4, 0x22, 0x22, 0x25, 0xf2,
    0x9b, 0x0, 0x0, 0x9e, 0xff, 0xff, 0xfe, 0x70,
    0x12, 0x0, 0x0, 0x0, 0x0, 0x0, 0x0, 0x0,

    /* U+5E8B "庋" */
    0x0, 0x0, 0x0, 0x0, 0x70, 0x0, 0x0, 0x0,
    0x0, 0x0, 0x0, 0x0, 0xe7, 0x0, 0x0, 0x0,
    0x2, 0xcc, 0xcc, 0xcc, 0xef, 0xcc, 0xcc, 0xc6,
    0x3, 0xf5, 0x55, 0x55, 0x56, 0x55, 0x55, 0x52,
    0x3, 0xf0, 0x0, 0x0, 0x1f, 0x10, 0x0, 0x0,
    0x3, 0xf0, 0x11, 0x11, 0x3f, 0x21, 0x11, 0x10,
    0x3, 0xf0, 0xef, 0xff, 0xff, 0xff, 0xff, 0xb0,
    0x3, 0xf0, 0x0, 0x0, 0x1f, 0x10, 0x0, 0x0,
    0x3, 0xf0, 0x11, 0x11, 0x3f, 0x21, 0x11, 0x0,
    0x4, 0xf0, 0x9f, 0xff, 0xff, 0xff, 0xfe, 0x0,
    0x5, 0xe0, 0x3, 0xf3, 0x0, 0x2, 0xe7, 0x0,
    0x7, 0xc0, 0x0, 0x8e, 0x20, 0x2d, 0xa0, 0x0,
    0xa, 0x90, 0x0, 0x9, 0xe7, 0xf9, 0x0, 0x0,
    0xf, 0x50, 0x0, 0x5, 0xff, 0xd1, 0x0, 0x0,
    0x7f, 0x1, 0x48, 0xee, 0x84, 0xcf, 0xa6, 0x20,
    0x97, 0x4f, 0xea, 0x60, 0x0, 0x3, 0x9d, 0xf8,
    0x0, 0x2, 0x0, 0x0, 0x0, 0x0, 0x0, 0x0,

    /* U+5E91 "庑" */
    0x0, 0x0, 0x0, 0x0, 0x0, 0x0, 0x0, 0x0,
    0x0, 0x0, 0x0, 0x9, 0xb0, 0x0, 0x0, 0x0,
    0x0, 0x11, 0x11, 0x12, 0xe4, 0x11, 0x11, 0x10,
    0x2, 0xff, 0xff, 0xff, 0xff, 0xff, 0xff, 0xf3,
    0x2, 0xf0, 0x0, 0x0, 0x0, 0x0, 0x0, 0x0,
    0x2, 0xf0, 0xcd, 0xdd, 0xdd, 0xdd, 0xdd, 0x10,
    0x2, 0xf0, 0x33, 0x33, 0xe7, 0x33, 0x33, 0x0,
    0x2, 0xf0, 0x0, 0x0, 0xe4, 0x0, 0x0, 0x0,
    0x2, 0xf1, 0x11, 0x11, 0xf4, 0x11, 0x11, 0x10,
    0x3, 0xf8, 0xff, 0xff, 0xff, 0xff, 0xff, 0xf3,
    0x4, 0xe0, 0x0, 0x9, 0xe6, 0x0, 0x0, 0x0,
    0x6, 0xc0, 0x0, 0x2f, 0xaf, 0x0, 0x0, 0x0,
    0x9, 0xa0, 0x0, 0xcd, 0x4f, 0x0, 0x0, 0x94,
    0xe, 0x60, 0xb, 0xf2, 0x4f, 0x0, 0x0, 0xd6,
    0x4f, 0x12, 0xce, 0x30, 0x3f, 0x31, 0x14, 0xf3,
    0x99, 0x2f, 0xd2, 0x0, 0xb, 0xff, 0xff, 0x90,
    0x11, 0x5, 0x0, 0x0, 0x0, 0x0, 0x0, 0x0,

    /* U+5E96 "庖" */
    0x0, 0x0, 0x0, 0x0, 0x60, 0x0, 0x0, 0x0,
    0x0, 0x0, 0x0, 0x1, 0xe8, 0x0, 0x0, 0x0,
    0x3, 0xdd, 0xdd, 0xdd, 0xef, 0xdd, 0xdd, 0xd8,
    0x3, 0xf4, 0x44, 0xa6, 0x44, 0x44, 0x44, 0x42,
    0x3, 0xe0, 0x1, 0xf2, 0x0, 0x0, 0x0, 0x0,
    0x3, 0xe0, 0x9, 0xff, 0xff, 0xff, 0xff, 0x30,
    0x3, 0xe0, 0x2f, 0x41, 0x11, 0x11, 0x1e, 0x30,
    0x3, 0xe0, 0xcc, 0x33, 0x33, 0x30, 0xf, 0x20,
    0x3, 0xe8, 0xef, 0xdd, 0xdd, 0xf1, 0xf, 0x20,
    0x4, 0xd5, 0x3f, 0x10, 0x0, 0xf1, 0xf, 0x10,
    0x5, 0xc0, 0xf, 0x87, 0x77, 0xf1, 0xf, 0x10,
    0x8, 0xa0, 0xf, 0x87, 0x77, 0x70, 0x5f, 0x0,
    0xa, 0x70, 0xf, 0x10, 0x1, 0xff, 0xf8, 0x6b,
    0xf, 0x40, 0xf, 0x10, 0x0, 0x33, 0x20, 0x8a,
    0x5e, 0x0, 0xf, 0x61, 0x11, 0x11, 0x13, 0xd7,
    0xc7, 0x0, 0x7, 0xef, 0xff, 0xff, 0xff, 0xb0,
    0x30, 0x0, 0x0, 0x0, 0x0, 0x0, 0x0, 0x0,

    /* U+5EA0 "庠" */
    0x0, 0x0, 0x0, 0x0, 0x10, 0x0, 0x0, 0x0,
    0x0, 0x0, 0x0, 0x6, 0xe1, 0x0, 0x0, 0x0,
    0x0, 0x22, 0x22, 0x22, 0xd8, 0x22, 0x22, 0x20,
    0x0, 0xff, 0xff, 0xff, 0xff, 0xff, 0xff, 0xf6,
    0x0, 0xf3, 0x2, 0xc1, 0x0, 0x2, 0xc2, 0x0,
    0x0, 0xf3, 0x0, 0xaa, 0x0, 0xd, 0x90, 0x0,
    0x0, 0xf4, 0xff, 0xff, 0xff, 0xff, 0xff, 0xd0,
    0x0, 0xf3, 0x22, 0x22, 0x4f, 0x32, 0x22, 0x20,
    0x0, 0xf3, 0x1, 0x11, 0x3f, 0x21, 0x11, 0x0,
    0x0, 0xf2, 0x5f, 0xff, 0xff, 0xff, 0xfe, 0x0,
    0x2, 0xf1, 0x0, 0x0, 0x2f, 0x10, 0x0, 0x0,
    0x4, 0xf1, 0x22, 0x22, 0x4f, 0x32, 0x22, 0x20,
    0x9, 0xba, 0xff, 0xff, 0xff, 0xff, 0xff, 0xf3,
    0x1e, 0x60, 0x0, 0x0, 0x2f, 0x10, 0x0, 0x0,
    0x8e, 0x0, 0x0, 0x0, 0x2f, 0x10, 0x0, 0x0,
    0x45, 0x0, 0x0, 0x0, 0x2f, 0x10, 0x0, 0x0,

    /* U+5EA5 "庥" */
    0x0, 0x0, 0x0, 0x0, 0x10, 0x0, 0x0, 0x0,
    0x0, 0x0, 0x0, 0x6, 0xd0, 0x0, 0x0, 0x0,
    0x0, 0x22, 0x22, 0x23, 0xe6, 0x22, 0x22, 0x21,
    0x3, 0xff, 0xff, 0xff, 0xff, 0xff, 0xff, 0xf5,
    0x3, 0xf0, 0x0, 0xb1, 0x0, 0xa3, 0x0, 0x0,
    0x3, 0xf0, 0x7, 0xd0, 0x0, 0xd4, 0x0, 0x0,
    0x3, 0xf0, 0x1e, 0x51, 0x11, 0xd5, 0x11, 0x10,
    0x3, 0xf0, 0xaf, 0x2f, 0xff, 0xff, 0xff, 0xf2,
    0x4, 0xe5, 0xff, 0x0, 0xa, 0xff, 0x10, 0x0,
    0x4, 0xdd, 0x8f, 0x0, 0x1c, 0xdb, 0x80, 0x0,
    0x6, 0xc2, 0x1f, 0x0, 0x95, 0xd5, 0xe2, 0x0,
    0x8, 0xa0, 0x1f, 0x3, 0xd0, 0xd4, 0x7d, 0x0,
    0xc, 0x70, 0x1f, 0x1d, 0x40, 0xd4, 0xc, 0xb0,
    0x1f, 0x20, 0x1f, 0xa9, 0x0, 0xd4, 0x2, 0xe5,
    0x9d, 0x0, 0x1f, 0x20, 0x0, 0xd4, 0x0, 0x20,
    0x45, 0x0, 0x1f, 0x0, 0x0, 0xd4, 0x0, 0x0,

    /* U+5EB3 "庳" */
    0x0, 0x0, 0x0, 0x0, 0x50, 0x0, 0x0, 0x0,
    0x0, 0x0, 0x0, 0x1, 0xf4, 0x0, 0x0, 0x0,
    0x3, 0xff, 0xff, 0xff, 0xff, 0xff, 0xff, 0xfa,
    0x3, 0xe0, 0x0, 0x1, 0xa1, 0x0, 0x0, 0x0,
    0x3, 0xe0, 0x3, 0x36, 0xe3, 0x33, 0x33, 0x0,
    0x3, 0xe0, 0x3f, 0xcc, 0xcf, 0xcc, 0xcf, 0x30,
    0x3, 0xe0, 0x3d, 0x0, 0x2f, 0x0, 0xe, 0x30,
    0x3, 0xe0, 0x3f, 0xff, 0xff, 0xff, 0xff, 0x30,
    0x3, 0xe0, 0x3d, 0x0, 0x6b, 0x0, 0xe, 0x30,
    0x4, 0xd0, 0x3e, 0x22, 0xc8, 0x22, 0x2e, 0x30,
    0x5, 0xc0, 0x3d, 0xdf, 0xee, 0xfd, 0xdf, 0x30,
    0x7, 0x90, 0x4, 0xcb, 0x7, 0xa0, 0x5, 0x10,
    0xa, 0x71, 0x2e, 0x82, 0x28, 0xa2, 0x22, 0x21,
    0xf, 0x2a, 0xee, 0xee, 0xee, 0xfe, 0xee, 0xe8,
    0x5d, 0x0, 0x0, 0x0, 0x7, 0xa0, 0x0, 0x0,
    0x55, 0x0, 0x0, 0x0, 0x7, 0xa0, 0x0, 0x0,
    0x0, 0x0, 0x0, 0x0, 0x0, 0x0, 0x0, 0x0,

    /* U+5EB5 "庵" */
    0x0, 0x0, 0x0, 0x0, 0x52, 0x0, 0x0, 0x0,
    0x0, 0x0, 0x0, 0x0, 0xba, 0x0, 0x0, 0x0,
    0x3, 0xdd, 0xdd, 0xdd, 0xef, 0xdd, 0xdd, 0xd8,
    0x4, 0xf3, 0x33, 0x33, 0x94, 0x33, 0x33, 0x32,
    0x4, 0xe0, 0x0, 0x4, 0xf1, 0x0, 0x0, 0x0,
    0x4, 0xe8, 0xff, 0xff, 0xff, 0xff, 0xff, 0xf1,
    0x4, 0xe0, 0x1, 0xc9, 0x1, 0x2e, 0x40, 0x0,
    0x4, 0xe0, 0x2d, 0xa0, 0x5c, 0x5, 0xf7, 0x0,
    0x4, 0xe7, 0xff, 0xee, 0xef, 0xee, 0xfe, 0xe7,
    0x4, 0xe5, 0x7e, 0x0, 0x5c, 0x0, 0xe2, 0x42,
    0x5, 0xd0, 0x2f, 0xee, 0xef, 0xee, 0xf2, 0x0,
    0x6, 0xc0, 0x2e, 0x0, 0x5c, 0x0, 0xe2, 0x0,
    0x8, 0x90, 0x2f, 0xdd, 0xdf, 0xdd, 0xf2, 0x88,
    0xc, 0x60, 0x2d, 0x11, 0x6c, 0x11, 0x10, 0xb8,
    0x2f, 0x10, 0x0, 0x0, 0x4e, 0x11, 0x13, 0xf5,
    0x6a, 0x0, 0x0, 0x0, 0xc, 0xff, 0xff, 0xa0,
    0x0, 0x0, 0x0, 0x0, 0x0, 0x0, 0x0, 0x0,

    /* U+5EB9 "庹" */
    0x0, 0x0, 0x0, 0x1, 0x70, 0x0, 0x0, 0x0,
    0x0, 0x0, 0x0, 0x1, 0xf5, 0x0, 0x0, 0x0,
    0x2, 0xdd, 0xdd, 0xdd, 0xff, 0xdd, 0xdd, 0xd9,
    0x3, 0xe2, 0x24, 0x52, 0x22, 0x23, 0x72, 0x21,
    0x3, 0xe0, 0x6, 0xb0, 0x0, 0x3, 0xe0, 0x0,
    0x3, 0xe8, 0xef, 0xfe, 0xee, 0xee, 0xfe, 0xe6,
    0x3, 0xe0, 0x6, 0xb0, 0x0, 0x2, 0xe0, 0x0,
    0x3, 0xe0, 0x6, 0xff, 0xff, 0xff, 0xe0, 0x0,
    0x3, 0xe0, 0x3, 0x50, 0x0, 0x1, 0x70, 0x0,
    0x4, 0xd0, 0x2f, 0xff, 0xff, 0xff, 0xff, 0x0,
    0x5, 0xc0, 0x2e, 0x0, 0x0, 0x0, 0x1f, 0x0,
    0x8, 0xa0, 0x3f, 0xee, 0xee, 0xee, 0xef, 0x0,
    0xb, 0x70, 0x5b, 0x0, 0x8c, 0x0, 0x2e, 0x0,
    0xf, 0x30, 0xa7, 0x0, 0xd, 0xa1, 0x0, 0x0,
    0x7e, 0x4, 0xf1, 0x0, 0x0, 0xbe, 0x83, 0x10,
    0xa6, 0xd, 0x60, 0x0, 0x0, 0x3, 0xbf, 0xf6,
    0x10, 0x1, 0x0, 0x0, 0x0, 0x0, 0x0, 0x30,

    /* U+5EBE "庾" */
    0x0, 0x0, 0x0, 0x0, 0x0, 0x0, 0x0, 0x0,
    0x0, 0x0, 0x0, 0x7, 0xe2, 0x0, 0x0, 0x0,
    0x0, 0x11, 0x11, 0x12, 0xc8, 0x11, 0x11, 0x10,
    0x2, 0xff, 0xff, 0xff, 0xff, 0xff, 0xff, 0xf7,
    0x2, 0xf0, 0x0, 0x1, 0x39, 0x0, 0x0, 0x0,
    0x2, 0xf0, 0x9c, 0xfa, 0x5c, 0x8f, 0xff, 0x20,
    0x2, 0xf0, 0xe5, 0x0, 0x5c, 0x1, 0x1f, 0x20,
    0x2, 0xf0, 0xe4, 0x0, 0x6c, 0x0, 0xf, 0x20,
    0x2, 0xf0, 0xef, 0xeb, 0x6c, 0x8e, 0xef, 0x20,
    0x3, 0xf0, 0xe3, 0x0, 0x7b, 0x0, 0xf, 0x20,
    0x5, 0xe0, 0xec, 0xcc, 0xee, 0xcc, 0xcf, 0x20,
    0x7, 0xc0, 0xc6, 0x45, 0xff, 0x74, 0x4c, 0x20,
    0xb, 0x90, 0x0, 0xa, 0xd7, 0xe1, 0x0, 0x0,
    0x1f, 0x40, 0x2, 0xbe, 0x30, 0xbe, 0x30, 0x0,
    0x9d, 0x5, 0xbf, 0xc2, 0x0, 0x9, 0xfb, 0x60,
    0x44, 0xb, 0xb4, 0x0, 0x0, 0x0, 0x3a, 0xc0,
    0x0, 0x0, 0x0, 0x0, 0x0, 0x0, 0x0, 0x0,

    /* U+5ED1 "廑" */
    0x0, 0x0, 0x0, 0x0, 0x20, 0x0, 0x0, 0x0,
    0x0, 0x0, 0x0, 0x4, 0xf1, 0x0, 0x0, 0x0,
    0x1, 0xcc, 0xcc, 0xcc, 0xfd, 0xcc, 0xcc, 0xc6,
    0x2, 0xf3, 0x3a, 0x93, 0x33, 0x39, 0xa3, 0x31,
    0x2, 0xfd, 0xde, 0xed, 0xdd, 0xde, 0xed, 0xd7,
    0x2, 0xf0, 0x9, 0x70, 0x0, 0x7, 0x90, 0x0,
    0x2, 0xf0, 0x9, 0xed, 0xee, 0xde, 0x90, 0x0,
    0x2, 0xe0, 0x56, 0x65, 0xbb, 0x56, 0x65, 0x0,
    0x2, 0xe2, 0xe6, 0x66, 0xbb, 0x66, 0x6e, 0x20,
    0x3, 0xd2, 0xfb, 0xbb, 0xee, 0xbb, 0xbf, 0x20,
    0x4, 0xc1, 0x91, 0x11, 0x99, 0x11, 0x19, 0x10,
    0x6, 0xb6, 0xbb, 0xbb, 0xee, 0xbb, 0xbb, 0x70,
    0x9, 0x81, 0x22, 0x22, 0x99, 0x22, 0x22, 0x10,
    0xe, 0x30, 0xcd, 0xdd, 0xee, 0xdd, 0xdd, 0x0,
    0x5e, 0x12, 0x22, 0x22, 0x99, 0x22, 0x22, 0x21,
    0x97, 0x4b, 0xbb, 0xbb, 0xbb, 0xbb, 0xbb, 0xb6,
    0x0, 0x0, 0x0, 0x0, 0x0, 0x0, 0x0, 0x0,

    /* U+5ED2 "廒" */
    0x0, 0x0, 0x0, 0x1, 0x50, 0x0, 0x0, 0x0,
    0x0, 0x0, 0x0, 0x1, 0xf3, 0x0, 0x0, 0x0,
    0x3, 0xff, 0xff, 0xff, 0xff, 0xff, 0xff, 0xfb,
    0x3, 0xe0, 0x0, 0x52, 0x0, 0x7, 0x30, 0x0,
    0x3, 0xe0, 0x11, 0xc4, 0x11, 0x1f, 0x30, 0x0,
    0x3, 0xe4, 0xcc, 0xfd, 0xc8, 0x5e, 0x33, 0x31,
    0x3, 0xe0, 0x0, 0xc3, 0x0, 0xcd, 0xcc, 0xf6,
    0x3, 0xe0, 0xce, 0xfe, 0xe8, 0xf4, 0x1, 0xe0,
    0x3, 0xd0, 0x0, 0xc3, 0xa, 0xe7, 0x3, 0xd0,
    0x4, 0xd7, 0xef, 0xee, 0xea, 0x5b, 0x6, 0xa0,
    0x4, 0xc0, 0x2e, 0x0, 0x0, 0xf, 0x1b, 0x60,
    0x6, 0xb0, 0x4f, 0xee, 0xe4, 0xa, 0xbf, 0x10,
    0x8, 0x90, 0x89, 0x0, 0xc3, 0x2, 0xf9, 0x0,
    0xc, 0x60, 0xd4, 0x0, 0xd2, 0x8, 0xfd, 0x0,
    0x1f, 0x26, 0xd0, 0x1, 0xf0, 0x7f, 0x4c, 0xb0,
    0x6c, 0x2f, 0x40, 0xff, 0x88, 0xe4, 0x1, 0xc8,
    0x3, 0x4, 0x0, 0x0, 0x3, 0x20, 0x0, 0x1,

    /* U+5EDB "廛" */
    0x0, 0x0, 0x0, 0x0, 0x30, 0x0, 0x0, 0x0,
    0x0, 0x0, 0x0, 0x0, 0x2f, 0x30, 0x0, 0x0,
    0x0, 0x2, 0xcc, 0xcc, 0xcc, 0xfe, 0xcc, 0xcc,
    0xc9, 0x0, 0x3f, 0x33, 0x33, 0x33, 0x33, 0x33,
    0x33, 0x20, 0x3, 0xe0, 0xed, 0xcc, 0xcf, 0xcc,
    0xcd, 0xc0, 0x0, 0x3e, 0xe, 0x75, 0x56, 0xf5,
    0x55, 0x8c, 0x0, 0x3, 0xe0, 0xe7, 0x66, 0x6f,
    0x66, 0x68, 0xc0, 0x0, 0x3e, 0xe, 0xdc, 0xcc,
    0xfc, 0xcc, 0xdc, 0x0, 0x3, 0xe0, 0x84, 0x33,
    0x4f, 0x33, 0x34, 0x60, 0x0, 0x4d, 0x5, 0x99,
    0x99, 0xf9, 0x99, 0x94, 0x0, 0x5, 0xc8, 0xcc,
    0xcc, 0xcf, 0xcc, 0xcc, 0xc8, 0x0, 0x7a, 0x12,
    0xa9, 0x22, 0x22, 0x4c, 0x52, 0x10, 0xa, 0x87,
    0xee, 0x70, 0x1b, 0x3, 0xbf, 0xc6, 0x0, 0xea,
    0xd6, 0x6d, 0xdd, 0xfd, 0xdd, 0x47, 0xa0, 0x3f,
    0x0, 0x0, 0x0, 0x2f, 0x0, 0x0, 0x0, 0x8,
    0x90, 0xae, 0xee, 0xee, 0xfe, 0xee, 0xee, 0x90,
    0x1, 0x0, 0x0, 0x0, 0x0, 0x0, 0x0, 0x0,
    0x0,

    /* U+5EE8 "廨" */
    0x0, 0x0, 0x0, 0x0, 0x60, 0x0, 0x0, 0x0,
    0x0, 0x0, 0x0, 0x0, 0xd6, 0x0, 0x0, 0x0,
    0x4, 0xff, 0xff, 0xff, 0xff, 0xff, 0xff, 0xfe,
    0x4, 0xd0, 0x1b, 0x20, 0x2, 0x22, 0x22, 0x20,
    0x4, 0xd0, 0x6f, 0xbb, 0x48, 0xcf, 0xcc, 0xf0,
    0x4, 0xd1, 0xe4, 0x3f, 0x30, 0x3c, 0x0, 0xf0,
    0x4, 0xdb, 0xc6, 0xad, 0x50, 0x98, 0x14, 0xd0,
    0x4, 0xc6, 0xf8, 0xf8, 0xf8, 0xd2, 0xee, 0x60,
    0x4, 0xc0, 0xf0, 0xe0, 0xf3, 0x71, 0xb1, 0x0,
    0x5, 0xb0, 0xfd, 0xfd, 0xf0, 0xf2, 0xd2, 0x10,
    0x6, 0xa0, 0xf3, 0xe3, 0xf5, 0xfe, 0xfe, 0xe5,
    0x8, 0x90, 0xf7, 0xf7, 0xf8, 0x50, 0xd1, 0x0,
    0xb, 0x61, 0xe3, 0xf3, 0xf7, 0xcc, 0xfc, 0xcc,
    0xf, 0x33, 0xb0, 0xe0, 0xf1, 0x33, 0xe4, 0x33,
    0x6d, 0x8, 0x70, 0xc0, 0xf0, 0x0, 0xd1, 0x0,
    0x36, 0xb, 0x10, 0x7e, 0xa0, 0x0, 0xd1, 0x0,
    0x0, 0x0, 0x0, 0x0, 0x0, 0x0, 0x0, 0x0,

    /* U+5EEA "廪" */
    0x0, 0x0, 0x0, 0x0, 0x40, 0x0, 0x0, 0x0,
    0x0, 0x0, 0x0, 0x0, 0xe5, 0x0, 0x0, 0x0,
    0x4, 0xff, 0xff, 0xff, 0xff, 0xff, 0xff, 0xfe,
    0x4, 0xe0, 0x0, 0x0, 0x4c, 0x0, 0x0, 0x0,
    0x4, 0xe6, 0xdd, 0xdd, 0xde, 0xdd, 0xdd, 0xd8,
    0x4, 0xe0, 0x45, 0x55, 0x55, 0x55, 0x55, 0x50,
    0x4, 0xe0, 0xe8, 0x66, 0x66, 0x66, 0x68, 0xf0,
    0x4, 0xd0, 0xe3, 0xf, 0xaa, 0xaf, 0x22, 0xf0,
    0x4, 0xd0, 0xe3, 0xf, 0xa9, 0x9f, 0x22, 0xf0,
    0x5, 0xc0, 0xec, 0xbe, 0xbb, 0xbd, 0xbc, 0xf0,
    0x6, 0xc0, 0x83, 0x11, 0x11, 0x11, 0x13, 0x80,
    0x8, 0xa0, 0x8, 0x99, 0x99, 0x99, 0x99, 0x0,
    0xb, 0x88, 0xcc, 0xcc, 0xcc, 0xcc, 0xcc, 0xc9,
    0xf, 0x50, 0x16, 0x91, 0x1f, 0x42, 0x93, 0x10,
    0x6f, 0x16, 0xde, 0x70, 0xf, 0x21, 0x9f, 0xb4,
    0x49, 0x9, 0x50, 0xbd, 0xeb, 0x0, 0x1, 0x75,
    0x0, 0x0, 0x0, 0x0, 0x0, 0x0, 0x0, 0x0,

    /* U+5F29 "弩" */
    0x0, 0x6, 0x10, 0x0, 0x0, 0x0, 0x0, 0x0,
    0x0, 0x2f, 0x0, 0x0, 0x88, 0x88, 0x88, 0x30,
    0xaf, 0xff, 0xff, 0xf1, 0x98, 0x77, 0x7f, 0x40,
    0x1, 0xf3, 0x2, 0xf0, 0x9b, 0x0, 0x6d, 0x0,
    0x8, 0xe2, 0x9, 0xa0, 0x1d, 0x94, 0xf4, 0x0,
    0x3, 0x9e, 0xcf, 0x10, 0x2, 0xff, 0x70, 0x0,
    0x2, 0x6d, 0xdc, 0xe6, 0x8e, 0xc9, 0xfb, 0x61,
    0x9f, 0xb5, 0x0, 0x44, 0xa4, 0x0, 0x28, 0xc2,
    0x10, 0x7f, 0xff, 0xff, 0xff, 0xff, 0xf1, 0x0,
    0x0, 0x0, 0x0, 0x0, 0x0, 0x0, 0xf1, 0x0,
    0x0, 0x6e, 0xee, 0xee, 0xee, 0xee, 0xf1, 0x0,
    0x0, 0xa8, 0x11, 0x11, 0x11, 0x11, 0x80, 0x0,
    0x0, 0xce, 0xdd, 0xdd, 0xdd, 0xdd, 0xdc, 0x0,
    0x0, 0x11, 0x11, 0x11, 0x11, 0x11, 0x6e, 0x0,
    0x0, 0x0, 0x0, 0x0, 0x32, 0x22, 0xac, 0x0,
    0x0, 0x0, 0x0, 0x1, 0xff, 0xff, 0xd3, 0x0,
    0x0, 0x0, 0x0, 0x0, 0x0, 0x0, 0x0, 0x0,

    /* U+5F2A "弪" */
    0x5, 0x55, 0x54, 0x1, 0x11, 0x11, 0x11, 0x0,
    0x1b, 0xbb, 0xce, 0xe, 0xff, 0xff, 0xff, 0x20,
    0x0, 0x0, 0x4e, 0x0, 0x0, 0x0, 0xaa, 0x0,
    0x0, 0x0, 0x4e, 0x0, 0x0, 0xa, 0xb0, 0x0,
    0xb, 0xff, 0xfe, 0x0, 0x1, 0xcf, 0x80, 0x0,
    0xd, 0x61, 0x4b, 0x0, 0x7e, 0x63, 0xdd, 0x40,
    0xe, 0x30, 0x0, 0x8f, 0xa2, 0x0, 0x8, 0xf8,
    0xf, 0x42, 0x21, 0x42, 0x0, 0x0, 0x0, 0x33,
    0x1e, 0xee, 0xeb, 0xc, 0xee, 0xee, 0xee, 0x80,
    0x0, 0x0, 0x7a, 0x2, 0x22, 0xb8, 0x22, 0x10,
    0x0, 0x0, 0x89, 0x0, 0x0, 0xb7, 0x0, 0x0,
    0x0, 0x0, 0x98, 0x0, 0x0, 0xb7, 0x0, 0x0,
    0x0, 0x0, 0xb7, 0x0, 0x0, 0xb7, 0x0, 0x0,
    0x4, 0x45, 0xf4, 0xbe, 0xee, 0xff, 0xee, 0xe8,
    0xd, 0xff, 0x90, 0x12, 0x22, 0x22, 0x22, 0x21,
    0x0, 0x0, 0x0, 0x0, 0x0, 0x0, 0x0, 0x0,

    /* U+5F2D "弭" */
    0x25, 0x55, 0x52, 0x11, 0x11, 0x11, 0x11, 0x10,
    0x4b, 0xbb, 0xe7, 0xff, 0xff, 0xff, 0xff, 0xf5,
    0x0, 0x0, 0xc6, 0xe, 0x30, 0x0, 0x3f, 0x0,
    0x0, 0x0, 0xc6, 0xe, 0x30, 0x0, 0x3f, 0x0,
    0xf, 0xff, 0xf6, 0xe, 0xff, 0xff, 0xff, 0x0,
    0x2f, 0x11, 0xb5, 0xe, 0x30, 0x0, 0x3f, 0x0,
    0x3e, 0x0, 0x0, 0xe, 0x30, 0x0, 0x3f, 0x0,
    0x4d, 0x0, 0x0, 0xe, 0x75, 0x55, 0x7f, 0x0,
    0x6f, 0xff, 0xf3, 0xe, 0xba, 0xaa, 0xbf, 0x0,
    0x1, 0x11, 0xf3, 0xe, 0x30, 0x0, 0x3f, 0x0,
    0x0, 0x0, 0xf2, 0xe, 0x30, 0x0, 0x3f, 0x34,
    0x0, 0x0, 0xf3, 0x5f, 0xaa, 0xbd, 0xff, 0xe8,
    0x0, 0x1, 0xf5, 0xdb, 0x97, 0x53, 0x4f, 0x0,
    0x14, 0x39, 0xe0, 0x0, 0x0, 0x0, 0x3f, 0x0,
    0x2f, 0xfe, 0x50, 0x0, 0x0, 0x0, 0x3f, 0x0,
    0x0, 0x0, 0x0, 0x0, 0x0, 0x0, 0x0, 0x0,

    /* U+5F3C "弼" */
    0x14, 0x44, 0x31, 0x22, 0x22, 0x14, 0x44, 0x40,
    0x3d, 0xdd, 0xc9, 0xff, 0xff, 0x9c, 0xcc, 0xf2,
    0x0, 0x4, 0xc0, 0x9, 0x70, 0x0, 0x0, 0xe2,
    0x0, 0x4, 0xc0, 0x3d, 0x63, 0x0, 0x0, 0xe2,
    0xb, 0xff, 0xc4, 0xfd, 0xdf, 0x46, 0xff, 0xf2,
    0xd, 0x45, 0xc4, 0xc0, 0xc, 0x48, 0x91, 0xe2,
    0xf, 0x10, 0x4, 0xc0, 0xc, 0x49, 0x70, 0x0,
    0xf, 0x22, 0x14, 0xc0, 0xc, 0x4b, 0x72, 0x20,
    0x1e, 0xee, 0xc4, 0xfe, 0xef, 0x4a, 0xdd, 0xf1,
    0x0, 0x5, 0xb4, 0xd3, 0x3d, 0x40, 0x0, 0xf1,
    0x0, 0x6, 0xb4, 0xc0, 0xc, 0x40, 0x0, 0xf1,
    0x0, 0x6, 0xa4, 0xc0, 0xc, 0x40, 0x0, 0xf0,
    0x0, 0x7, 0x94, 0xc2, 0x2c, 0x40, 0x1, 0xf0,
    0x13, 0x2c, 0x74, 0xff, 0xff, 0x43, 0x28, 0xc0,
    0x2f, 0xfc, 0x14, 0xc0, 0xc, 0x4c, 0xfe, 0x40,
    0x0, 0x0, 0x0, 0x0, 0x0, 0x0, 0x0, 0x0,

    /* U+5F50 "彐" */
    0x7f, 0xff, 0xff, 0xff, 0xff, 0xff, 0xf5, 0x26,
    0x66, 0x66, 0x66, 0x66, 0x66, 0xf5, 0x0, 0x0,
    0x0, 0x0, 0x0, 0x0, 0xf5, 0x0, 0x0, 0x0,
    0x0, 0x0, 0x0, 0xf5, 0x0, 0x0, 0x0, 0x0,
    0x0, 0x0, 0xf5, 0x3, 0x44, 0x44, 0x44, 0x44,
    0x44, 0xf5, 0xe, 0xff, 0xff, 0xff, 0xff, 0xff,
    0xf5, 0x0, 0x0, 0x0, 0x0, 0x0, 0x0, 0xf5,
    0x0, 0x0, 0x0, 0x0, 0x0, 0x0, 0xf5, 0x0,
    0x0, 0x0, 0x0, 0x0, 0x0, 0xf5, 0x0, 0x0,
    0x0, 0x0, 0x0, 0x0, 0xf5, 0x46, 0x66, 0x66,
    0x66, 0x66, 0x66, 0xf5, 0xbf, 0xff, 0xff, 0xff,
    0xff, 0xff, 0xf5, 0x0, 0x0, 0x0, 0x0, 0x0,
    0x0, 0xf5,

    /* U+5F56 "彖" */
    0x0, 0x0, 0x0, 0x0, 0x0, 0x0, 0x0, 0x0,
    0x0, 0x0, 0x6c, 0x11, 0x11, 0x11, 0x11, 0x0,
    0x0, 0x0, 0x9, 0xff, 0xff, 0xff, 0xff, 0xf4,
    0x0, 0x0, 0x0, 0xc6, 0x0, 0x0, 0x0, 0xf,
    0x20, 0x0, 0x0, 0xf, 0xff, 0xff, 0xff, 0xff,
    0xf1, 0x0, 0x0, 0x0, 0x22, 0x22, 0x22, 0x22,
    0x5f, 0x0, 0x0, 0x15, 0x55, 0x55, 0x55, 0x55,
    0x58, 0xe5, 0x53, 0x2, 0xcc, 0xcc, 0xcf, 0xfc,
    0xcc, 0xcc, 0xcc, 0x80, 0x0, 0x0, 0x6d, 0xcf,
    0x40, 0x0, 0x3c, 0x60, 0x0, 0x7b, 0xfb, 0x35,
    0xef, 0x24, 0xcf, 0x81, 0x0, 0xa, 0x71, 0x2b,
    0xd3, 0xcf, 0xef, 0x20, 0x0, 0x0, 0x4, 0xbf,
    0x71, 0x9f, 0xf1, 0xba, 0x0, 0x0, 0xd, 0xe7,
    0x15, 0xdb, 0x2f, 0x32, 0xe9, 0x0, 0x0, 0x20,
    0x6d, 0xe6, 0x0, 0xf3, 0x3, 0xed, 0x50, 0xb,
    0xfd, 0x64, 0x33, 0x8f, 0x10, 0x1, 0xa8, 0x0,
    0x63, 0x0, 0xaf, 0xfe, 0x50, 0x0, 0x0, 0x0,
    0x0, 0x0, 0x0, 0x0, 0x0, 0x0, 0x0, 0x0,
    0x0,

    /* U+5F57 "彗" */
    0x0, 0x0, 0x62, 0x0, 0x0, 0x6, 0x10, 0x0,
    0x0, 0x0, 0xe5, 0x0, 0x0, 0xf, 0x30, 0x0,
    0x1e, 0xee, 0xff, 0xed, 0x6e, 0xef, 0xee, 0xe8,
    0x0, 0x0, 0xe5, 0x0, 0x0, 0xf, 0x30, 0x0,
    0x2, 0x33, 0xe7, 0x32, 0x3, 0x3f, 0x53, 0x30,
    0xa, 0xcc, 0xfd, 0xc8, 0x3c, 0xcf, 0xdc, 0xc2,
    0x0, 0x0, 0xe5, 0x0, 0x0, 0xf, 0x30, 0x0,
    0x4e, 0xee, 0xff, 0xed, 0x7e, 0xef, 0xee, 0xec,
    0x0, 0x0, 0xe5, 0x0, 0x0, 0xf, 0x30, 0x0,
    0x0, 0x44, 0x96, 0x44, 0x44, 0x49, 0x54, 0x10,
    0x2, 0xbb, 0xbb, 0xbb, 0xbb, 0xbb, 0xbf, 0x50,
    0x0, 0x0, 0x0, 0x0, 0x0, 0x0, 0xe, 0x50,
    0x0, 0xbf, 0xff, 0xff, 0xff, 0xff, 0xff, 0x50,
    0x0, 0x0, 0x0, 0x0, 0x0, 0x0, 0xe, 0x50,
    0x1, 0x44, 0x44, 0x44, 0x44, 0x44, 0x4e, 0x50,
    0x5, 0xbb, 0xbb, 0xbb, 0xbb, 0xbb, 0xbf, 0x50,

    /* U+5F58 "彘" */
    0x0, 0x7, 0x90, 0x0, 0x0, 0x0, 0x0, 0x0,
    0x0, 0xa, 0xff, 0xff, 0xff, 0xff, 0xf4, 0x0,
    0x0, 0xd, 0x30, 0x0, 0x0, 0x0, 0xf2, 0x0,
    0x0, 0x1f, 0xff, 0xff, 0xff, 0xff, 0xf0, 0x0,
    0x0, 0x0, 0x0, 0x0, 0x0, 0x5, 0xe0, 0x0,
    0x4f, 0xff, 0xff, 0xff, 0xff, 0xff, 0xff, 0xfd,
    0x1, 0x20, 0x1, 0x60, 0x0, 0x4, 0x0, 0x0,
    0x5, 0xa0, 0x6, 0xfc, 0xcc, 0x2f, 0x20, 0x63,
    0x5, 0xd8, 0x5e, 0x4d, 0x63, 0xf, 0x5c, 0xe5,
    0x5, 0xd9, 0x65, 0xe, 0x20, 0xf, 0xf8, 0x0,
    0x5, 0xa0, 0x6f, 0xff, 0xff, 0x8f, 0x30, 0x11,
    0x5, 0xa0, 0x0, 0x6e, 0x0, 0xf, 0x20, 0x5d,
    0x5, 0xa2, 0x80, 0xdf, 0xa0, 0xf, 0x20, 0x7b,
    0x6, 0xef, 0x99, 0xd2, 0xcc, 0x1f, 0x73, 0xc8,
    0x8, 0xb2, 0x5e, 0x20, 0xb, 0x38, 0xff, 0xd2,
    0x0, 0x0, 0x1, 0x0, 0x0, 0x0, 0x0, 0x0,

    /* U+5F61 "彡" */
    0x0, 0x0, 0x0, 0x0, 0x0, 0x0, 0x0, 0x0,
    0x0, 0x0, 0x0, 0x1a, 0xb0, 0x0, 0x0, 0x0,
    0x0, 0x7, 0xee, 0x50, 0x0, 0x0, 0x0, 0x39,
    0xfe, 0x70, 0x0, 0x0, 0x3, 0x8d, 0xfc, 0x60,
    0x0, 0x0, 0x0, 0x3f, 0xd8, 0x20, 0x0, 0x0,
    0x84, 0x0, 0x1, 0x0, 0x0, 0x0, 0x5d, 0xf7,
    0x0, 0x0, 0x0, 0x0, 0x5d, 0xfa, 0x10, 0x0,
    0x0, 0x3, 0x9f, 0xf9, 0x20, 0x0, 0x0, 0x9,
    0xef, 0xc6, 0x10, 0x0, 0x2, 0x60, 0x6, 0x72,
    0x0, 0x0, 0x0, 0x8f, 0xc1, 0x0, 0x0, 0x0,
    0x1, 0x7e, 0xe6, 0x0, 0x0, 0x0, 0x3, 0x9f,
    0xe7, 0x0, 0x0, 0x0, 0x27, 0xcf, 0xd7, 0x0,
    0x0, 0x0, 0x7d, 0xfe, 0x93, 0x0, 0x0, 0x0,
    0x0, 0x69, 0x40, 0x0, 0x0, 0x0, 0x0, 0x0,

    /* U+5F73 "彳" */
    0x0, 0x0, 0x0, 0x3, 0x0, 0x0, 0x0, 0x0,
    0x5f, 0x50, 0x0, 0x0, 0x8, 0xf7, 0x0, 0x0,
    0x2, 0xce, 0x40, 0x0, 0x0, 0x8f, 0xb1, 0x1,
    0x60, 0x2, 0xd5, 0x0, 0xc, 0xd0, 0x0, 0x0,
    0x1, 0xce, 0x10, 0x0, 0x0, 0x1d, 0xd1, 0x0,
    0x0, 0x4, 0xef, 0x60, 0x0, 0x0, 0x9f, 0x8e,
    0x60, 0x0, 0x2e, 0xe4, 0xe, 0x60, 0x0, 0x7,
    0x0, 0xe, 0x60, 0x0, 0x0, 0x0, 0xe, 0x60,
    0x0, 0x0, 0x0, 0xe, 0x60, 0x0, 0x0, 0x0,
    0xe, 0x60, 0x0, 0x0, 0x0, 0xe, 0x60, 0x0,

    /* U+5F77 "彷" */
    0x0, 0x0, 0x30, 0x0, 0x0, 0x50, 0x0, 0x0,
    0x0, 0x5, 0xf3, 0x0, 0x0, 0xe7, 0x0, 0x0,
    0x0, 0x1e, 0x80, 0x0, 0x0, 0x6b, 0x0, 0x0,
    0x1, 0xdb, 0x2, 0xdd, 0xdd, 0xdd, 0xdd, 0xdc,
    0x2e, 0xc0, 0x10, 0x45, 0xf4, 0x44, 0x44, 0x43,
    0x3b, 0x0, 0xd8, 0x2, 0xf0, 0x0, 0x0, 0x0,
    0x0, 0x8, 0xe1, 0x3, 0xf0, 0x0, 0x0, 0x0,
    0x0, 0x5f, 0x30, 0x3, 0xff, 0xff, 0xff, 0xf0,
    0x4, 0xfd, 0x0, 0x4, 0xe1, 0x11, 0x15, 0xe0,
    0x4f, 0xdd, 0x0, 0x6, 0xc0, 0x0, 0x5, 0xe0,
    0x59, 0x5d, 0x0, 0x9, 0xb0, 0x0, 0x5, 0xd0,
    0x0, 0x5d, 0x0, 0xc, 0x70, 0x0, 0x6, 0xc0,
    0x0, 0x5d, 0x0, 0x3f, 0x20, 0x0, 0x7, 0xc0,
    0x0, 0x5d, 0x0, 0xbb, 0x0, 0x0, 0x9, 0xb0,
    0x0, 0x5d, 0x7, 0xf2, 0x1, 0x43, 0x4d, 0x80,
    0x0, 0x5d, 0xd, 0x50, 0x0, 0xff, 0xfb, 0x10,
    0x0, 0x0, 0x0, 0x0, 0x0, 0x0, 0x0, 0x0,

    /* U+5F82 "徂" */
    0x0, 0x0, 0x0, 0x0, 0x0, 0x0, 0x0, 0x0,
    0x0, 0x3, 0xe2, 0x2, 0x22, 0x22, 0x22, 0x0,
    0x0, 0x1e, 0xa0, 0x4f, 0xff, 0xff, 0xff, 0x40,
    0x0, 0xbc, 0x0, 0x4e, 0x0, 0x0, 0xe, 0x40,
    0x1c, 0xc1, 0x0, 0x4e, 0x0, 0x0, 0xe, 0x40,
    0x4c, 0x11, 0xe3, 0x4e, 0x0, 0x0, 0xe, 0x40,
    0x0, 0xb, 0xb0, 0x4f, 0xff, 0xff, 0xff, 0x40,
    0x0, 0x7f, 0x10, 0x4e, 0x0, 0x0, 0xe, 0x40,
    0x5, 0xfe, 0x0, 0x4e, 0x0, 0x0, 0xe, 0x40,
    0x4f, 0xae, 0x0, 0x4e, 0x0, 0x0, 0xe, 0x40,
    0x47, 0x4e, 0x0, 0x4f, 0xff, 0xff, 0xff, 0x40,
    0x0, 0x4e, 0x0, 0x4e, 0x22, 0x22, 0x2e, 0x40,
    0x0, 0x4e, 0x0, 0x4e, 0x0, 0x0, 0xe, 0x40,
    0x0, 0x4e, 0x0, 0x4e, 0x0, 0x0, 0xe, 0x40,
    0x0, 0x4e, 0x1d, 0xef, 0xdd, 0xdd, 0xdf, 0xdb,
    0x0, 0x4e, 0x4, 0x44, 0x44, 0x44, 0x44, 0x44,

    /* U+5F87 "徇" */
    0x0, 0x0, 0x0, 0x0, 0x0, 0x0, 0x0, 0x0,
    0x0, 0x4, 0xd0, 0xb, 0x90, 0x0, 0x0, 0x0,
    0x0, 0x1e, 0x70, 0x3f, 0x52, 0x22, 0x22, 0x21,
    0x0, 0xbb, 0x0, 0xbf, 0xff, 0xff, 0xff, 0xf6,
    0xb, 0xd1, 0x6, 0xe0, 0x0, 0x0, 0x0, 0xd5,
    0x5d, 0x12, 0xce, 0x62, 0x22, 0x22, 0x0, 0xd5,
    0x1, 0xb, 0xa5, 0xef, 0xee, 0xef, 0x0, 0xe5,
    0x0, 0x6f, 0x10, 0xe3, 0x0, 0x2f, 0x0, 0xe4,
    0x2, 0xfe, 0x0, 0xe4, 0x22, 0x3f, 0x0, 0xe4,
    0x1d, 0xde, 0x0, 0xee, 0xee, 0xef, 0x0, 0xf3,
    0x6b, 0x4e, 0x0, 0xe3, 0x0, 0x2f, 0x0, 0xf3,
    0x0, 0x4e, 0x0, 0xe4, 0x11, 0x3f, 0x0, 0xf2,
    0x0, 0x4e, 0x0, 0xef, 0xff, 0xff, 0x1, 0xf2,
    0x0, 0x4e, 0x0, 0xd2, 0x0, 0x0, 0x2, 0xf0,
    0x0, 0x4e, 0x0, 0x0, 0x0, 0x43, 0x3b, 0xd0,
    0x0, 0x4e, 0x0, 0x0, 0x0, 0xff, 0xfd, 0x30,
    0x0, 0x0, 0x0, 0x0, 0x0, 0x0, 0x0, 0x0,

    /* U+5F89 "徉" */
    0x0, 0x0, 0x31, 0x3, 0x10, 0x0, 0x4, 0x0,
    0x0, 0x0, 0x1e, 0x50, 0xbd, 0x10, 0x3, 0xf5,
    0x0, 0x0, 0xb, 0xa0, 0x0, 0xd8, 0x1, 0xe8,
    0x0, 0x0, 0x8, 0xe1, 0x1c, 0xcd, 0xcc, 0xef,
    0xcc, 0xa0, 0x8, 0xf2, 0x41, 0x55, 0x55, 0xe9,
    0x55, 0x54, 0x0, 0x93, 0x1f, 0x30, 0x0, 0xe,
    0x60, 0x0, 0x0, 0x0, 0xa, 0xb0, 0x0, 0x0,
    0xe6, 0x0, 0x0, 0x0, 0x4, 0xf4, 0x9, 0xff,
    0xff, 0xff, 0xff, 0x20, 0x2, 0xef, 0x30, 0x12,
    0x22, 0xe7, 0x22, 0x20, 0x0, 0xdc, 0xe3, 0x0,
    0x0, 0xe, 0x60, 0x0, 0x0, 0x8, 0x1e, 0x30,
    0x0, 0x0, 0xe6, 0x0, 0x0, 0x0, 0x0, 0xe3,
    0xaf, 0xff, 0xff, 0xff, 0xff, 0xf2, 0x0, 0xe,
    0x31, 0x11, 0x11, 0xe7, 0x11, 0x11, 0x0, 0x0,
    0xe3, 0x0, 0x0, 0xe, 0x60, 0x0, 0x0, 0x0,
    0xe, 0x30, 0x0, 0x0, 0xe6, 0x0, 0x0, 0x0,
    0x0, 0xe3, 0x0, 0x0, 0xe, 0x60, 0x0, 0x0,

    /* U+5F8C "後" */
    0x0, 0x0, 0x0, 0x0, 0x0, 0x0, 0x0, 0x0,
    0x0, 0xc, 0x70, 0x0, 0x6e, 0x10, 0x0, 0x0,
    0x0, 0x8e, 0x10, 0x9, 0xd3, 0x0, 0x3a, 0x0,
    0x4, 0xf4, 0x4, 0xdc, 0x66, 0x8a, 0xf7, 0x0,
    0x4f, 0x60, 0x5, 0xdb, 0xad, 0xfa, 0x10, 0x0,
    0xb7, 0x8, 0x90, 0x2, 0xbd, 0x40, 0xb6, 0x0,
    0x10, 0x3f, 0x42, 0x8d, 0x60, 0x12, 0x8f, 0x40,
    0x0, 0xd9, 0xe, 0xff, 0xff, 0xed, 0xcc, 0xf2,
    0xb, 0xf5, 0x2, 0x28, 0x90, 0x0, 0x0, 0x40,
    0xad, 0xd5, 0x0, 0x4f, 0xfe, 0xee, 0xe8, 0x0,
    0x81, 0xd5, 0x4, 0xef, 0x31, 0x13, 0xf5, 0x0,
    0x0, 0xd5, 0x5f, 0x49, 0xd1, 0x1c, 0xa0, 0x0,
    0x0, 0xd5, 0x24, 0x0, 0xae, 0xdb, 0x0, 0x0,
    0x0, 0xd5, 0x0, 0x2, 0x9f, 0xfb, 0x30, 0x0,
    0x0, 0xd5, 0x38, 0xcf, 0xb3, 0x2a, 0xfd, 0x93,
    0x0, 0xd5, 0x8d, 0x82, 0x0, 0x0, 0x27, 0xc2,
    0x0, 0x0, 0x0, 0x0, 0x0, 0x0, 0x0, 0x0,

    /* U+5F95 "徕" */
    0x0, 0x0, 0x30, 0x0, 0x0, 0x51, 0x0, 0x0,
    0x0, 0x0, 0x1e, 0x50, 0x0, 0xe, 0x40, 0x0,
    0x0, 0x0, 0xa, 0xb0, 0x12, 0x22, 0xe6, 0x22,
    0x20, 0x0, 0x7, 0xe1, 0xd, 0xff, 0xff, 0xff,
    0xff, 0x50, 0x7, 0xf3, 0x10, 0x10, 0x0, 0xe4,
    0x0, 0x20, 0x0, 0xa4, 0xd, 0x4a, 0xb0, 0xe,
    0x40, 0x6e, 0x10, 0x0, 0x8, 0xc0, 0xd, 0x90,
    0xe4, 0x5f, 0x30, 0x0, 0x3, 0xf4, 0x0, 0x23,
    0xe, 0x42, 0x40, 0x0, 0x2, 0xef, 0x3a, 0xff,
    0xff, 0xff, 0xff, 0xff, 0x20, 0xd9, 0xe3, 0x12,
    0x23, 0xee, 0xe7, 0x22, 0x20, 0x6, 0xe, 0x30,
    0x0, 0xa7, 0xe7, 0xe1, 0x0, 0x0, 0x0, 0xe3,
    0x0, 0x6d, 0xe, 0x4a, 0xb0, 0x0, 0x0, 0xe,
    0x30, 0x5e, 0x20, 0xe4, 0x1e, 0xa0, 0x0, 0x0,
    0xe3, 0x7f, 0x40, 0xe, 0x40, 0x2e, 0xc1, 0x0,
    0xe, 0x5c, 0x30, 0x0, 0xe4, 0x0, 0x29, 0x0,
    0x0, 0xe3, 0x0, 0x0, 0xe, 0x40, 0x0, 0x0,
    0x0, 0x0, 0x0, 0x0, 0x0, 0x0, 0x0, 0x0,
    0x0,

    /* U+5F99 "徙" */
    0x0, 0x0, 0x10, 0x0, 0x0, 0x20, 0x0, 0x0,
    0x0, 0x5, 0xf1, 0x0, 0x0, 0xe4, 0x0, 0x0,
    0x0, 0x1e, 0x70, 0x13, 0x0, 0xe4, 0x0, 0x0,
    0x1, 0xca, 0x0, 0x4e, 0x0, 0xef, 0xff, 0xf2,
    0x1d, 0xc0, 0x10, 0x4e, 0x0, 0xe5, 0x11, 0x10,
    0x4c, 0x3, 0xf1, 0x4e, 0x0, 0xe4, 0x0, 0x0,
    0x0, 0xd, 0x91, 0x5e, 0x11, 0xe5, 0x11, 0x11,
    0x0, 0x9f, 0x1e, 0xff, 0xff, 0xff, 0xff, 0xfc,
    0x6, 0xfe, 0x0, 0x23, 0x0, 0xd3, 0x0, 0x0,
    0x4f, 0x9e, 0x0, 0x9b, 0x0, 0xe4, 0x0, 0x0,
    0x46, 0x4e, 0x0, 0xb8, 0x0, 0xee, 0xdd, 0xd4,
    0x0, 0x4e, 0x0, 0xf6, 0x0, 0xe6, 0x33, 0x30,
    0x0, 0x4e, 0x5, 0xfd, 0x10, 0xe4, 0x0, 0x0,
    0x0, 0x4e, 0xc, 0xab, 0xd4, 0xe4, 0x0, 0x0,
    0x0, 0x4e, 0x7f, 0x20, 0x8f, 0xff, 0xee, 0xfc,
    0x0, 0x4e, 0x45, 0x0, 0x0, 0x23, 0x33, 0x42,

    /* U+5F9C "徜" */
    0x0, 0x3, 0x10, 0x0, 0x3, 0x30, 0x0, 0x0,
    0x0, 0x1e, 0x65, 0x30, 0x8, 0x80, 0x3, 0x70,
    0x0, 0xab, 0x8, 0xf4, 0x8, 0x80, 0x3e, 0x90,
    0x8, 0xe1, 0x0, 0x8f, 0x48, 0x82, 0xf8, 0x0,
    0x7f, 0x34, 0x10, 0x5, 0x8, 0x80, 0x40, 0x0,
    0x84, 0x1e, 0x4e, 0xff, 0xff, 0xff, 0xff, 0xe0,
    0x0, 0x9c, 0xf, 0x42, 0x22, 0x22, 0x25, 0xe0,
    0x2, 0xf4, 0xf, 0x20, 0x0, 0x0, 0x3, 0xe0,
    0xd, 0xf2, 0xf, 0x22, 0xff, 0xff, 0x23, 0xe0,
    0xac, 0xf2, 0xf, 0x22, 0xe0, 0xe, 0x23, 0xe0,
    0xa2, 0xe2, 0xf, 0x22, 0xe0, 0xe, 0x23, 0xe0,
    0x0, 0xe2, 0xf, 0x22, 0xe2, 0x2e, 0x23, 0xe0,
    0x0, 0xe2, 0xf, 0x22, 0xfe, 0xee, 0x23, 0xe0,
    0x0, 0xe2, 0xf, 0x21, 0x60, 0x0, 0x3, 0xe0,
    0x0, 0xe2, 0xf, 0x20, 0x0, 0x12, 0x17, 0xe0,
    0x0, 0xe2, 0xf, 0x20, 0x0, 0x5f, 0xff, 0x70,
    0x0, 0x20, 0x1, 0x0, 0x0, 0x0, 0x0, 0x0,

    /* U+5FA8 "徨" */
    0x0, 0x0, 0x10, 0x0, 0x4, 0x10, 0x0, 0x0,
    0x0, 0x6, 0xe0, 0x0, 0x1f, 0x40, 0x0, 0x0,
    0x0, 0x1f, 0x50, 0xff, 0xff, 0xff, 0xff, 0x80,
    0x1, 0xc9, 0x1, 0xf1, 0x0, 0x0, 0x9, 0x90,
    0xc, 0xc0, 0x1, 0xf4, 0x33, 0x33, 0x3a, 0x90,
    0x4d, 0x2, 0xb1, 0xfc, 0xcc, 0xcc, 0xce, 0x90,
    0x1, 0xc, 0x91, 0xf0, 0x0, 0x0, 0x8, 0x90,
    0x0, 0x7f, 0x1, 0xff, 0xff, 0xff, 0xff, 0x90,
    0x4, 0xfe, 0x0, 0x70, 0x0, 0x0, 0x4, 0x40,
    0x3f, 0x9e, 0x7, 0xdd, 0xdd, 0xdd, 0xdd, 0xd1,
    0x47, 0x4e, 0x1, 0x22, 0x26, 0xd2, 0x22, 0x20,
    0x0, 0x4e, 0x0, 0x0, 0x5, 0xd0, 0x0, 0x0,
    0x0, 0x4e, 0x2, 0xee, 0xef, 0xfe, 0xee, 0x90,
    0x0, 0x4e, 0x0, 0x0, 0x5, 0xd0, 0x0, 0x0,
    0x0, 0x4e, 0x0, 0x0, 0x5, 0xd0, 0x0, 0x0,
    0x0, 0x4e, 0x3f, 0xff, 0xff, 0xff, 0xff, 0xfc,

    /* U+5FAD "徭" */
    0x0, 0x0, 0x10, 0x0, 0x0, 0x0, 0x0, 0x0,
    0x0, 0x0, 0x1e, 0x52, 0x34, 0x45, 0x67, 0x9a,
    0x50, 0x0, 0xa, 0xb5, 0xfe, 0xdc, 0xba, 0x98,
    0x84, 0x0, 0x6, 0xe1, 0x8, 0x20, 0x4a, 0x0,
    0x2e, 0x20, 0x6, 0xf3, 0x0, 0x9b, 0x1, 0xf2,
    0xa, 0xb0, 0x0, 0xb4, 0xc, 0x51, 0xb0, 0x9,
    0x33, 0xf2, 0x0, 0x0, 0x6, 0xe0, 0xe, 0x40,
    0x0, 0x14, 0x0, 0x0, 0x1, 0xe6, 0xa, 0xff,
    0xff, 0xff, 0xff, 0x90, 0x0, 0xcf, 0x57, 0xe2,
    0x0, 0xd5, 0x0, 0x0, 0x0, 0xad, 0xd5, 0x23,
    0x0, 0xd, 0x50, 0x0, 0x0, 0xb, 0x2c, 0x5e,
    0xff, 0xff, 0xff, 0xff, 0xff, 0x60, 0x0, 0xc5,
    0x4, 0x30, 0xd, 0x50, 0x6, 0x10, 0x0, 0xc,
    0x50, 0xa8, 0x0, 0xd5, 0x0, 0xf3, 0x0, 0x0,
    0xc5, 0xa, 0x80, 0xd, 0x50, 0xf, 0x30, 0x0,
    0xc, 0x50, 0xae, 0xdd, 0xfe, 0xdd, 0xf3, 0x0,
    0x0, 0xc5, 0x2, 0x33, 0x33, 0x33, 0x3f, 0x30,

    /* U+5FB5 "徵" */
    0x0, 0x0, 0x0, 0x0, 0x0, 0x0, 0x0, 0x0,
    0x0, 0x3b, 0x0, 0x5a, 0x0, 0x1, 0xe0, 0x0,
    0x0, 0xc6, 0xb4, 0x5a, 0xf, 0x4, 0xc0, 0x0,
    0x8, 0xc0, 0xb4, 0x5a, 0xf, 0x9, 0x91, 0x10,
    0x5f, 0x20, 0xbd, 0xde, 0xbf, 0xd, 0xee, 0xfb,
    0xa4, 0x1a, 0x23, 0x33, 0x3a, 0x4f, 0x0, 0xf0,
    0x0, 0x88, 0xab, 0xbb, 0xbb, 0xbf, 0x12, 0xe0,
    0x1, 0xf0, 0x11, 0x11, 0x11, 0xdc, 0x34, 0xc0,
    0xa, 0xf0, 0xde, 0xee, 0xee, 0x38, 0x56, 0x90,
    0x6d, 0xf0, 0x0, 0x7a, 0x0, 0x6, 0x9a, 0x60,
    0xb4, 0xf0, 0x12, 0x8a, 0x21, 0x1, 0xee, 0x20,
    0x11, 0xf0, 0x9d, 0xee, 0xdc, 0x0, 0xcd, 0x0,
    0x1, 0xf0, 0x0, 0x7a, 0x0, 0x1, 0xed, 0x0,
    0x1, 0xf5, 0xee, 0xff, 0xee, 0xbd, 0x9a, 0x90,
    0x1, 0xf0, 0x0, 0x0, 0x1, 0xdc, 0x1, 0xe9,
    0x1, 0xf0, 0x0, 0x0, 0x2, 0xc1, 0x0, 0x36,
    0x0, 0x0, 0x0, 0x0, 0x0, 0x0, 0x0, 0x0,

    /* U+5FBC "徼" */
    0x0, 0x2, 0x0, 0x23, 0x0, 0x3, 0x20, 0x0,
    0x0, 0x3f, 0x20, 0x86, 0x0, 0xb, 0x70, 0x0,
    0x0, 0xc9, 0x2d, 0xfd, 0xd3, 0xe, 0x30, 0x0,
    0x7, 0xe0, 0x3d, 0x11, 0xc4, 0x3f, 0x55, 0x52,
    0x4f, 0x30, 0x3d, 0x22, 0xc4, 0x8f, 0xff, 0xf6,
    0x95, 0x8, 0x4f, 0xbb, 0xf4, 0xd8, 0x3, 0xd0,
    0x0, 0x6e, 0x3d, 0x0, 0xc8, 0xf9, 0x5, 0xb0,
    0x1, 0xe4, 0x2e, 0xfe, 0xe9, 0xcb, 0x7, 0x90,
    0xb, 0xf0, 0x0, 0x77, 0x0, 0x1f, 0xa, 0x60,
    0x8c, 0xf1, 0xff, 0xff, 0xff, 0xd, 0x4e, 0x20,
    0x72, 0xf0, 0x6, 0x70, 0x0, 0x8, 0xdd, 0x0,
    0x0, 0xf0, 0x8, 0xfe, 0xe4, 0x2, 0xf7, 0x0,
    0x0, 0xf0, 0xb, 0x30, 0xc3, 0x6, 0xfa, 0x0,
    0x0, 0xf0, 0x2d, 0x0, 0xd2, 0x2f, 0x8f, 0x40,
    0x0, 0xf0, 0xa6, 0x0, 0xf2, 0xd9, 0x6, 0xe2,
    0x0, 0xf5, 0xb0, 0xbf, 0x9b, 0x80, 0x0, 0x74,
    0x0, 0x0, 0x0, 0x0, 0x0, 0x0, 0x0, 0x0,

    /* U+5FC4 "忄" */
    0x0, 0x1, 0x40, 0x0, 0x0, 0x0, 0x4f, 0x0,
    0x0, 0x0, 0x4, 0xf0, 0x0, 0x0, 0x32, 0x4f,
    0xe3, 0x0, 0xc, 0x84, 0xf8, 0xe1, 0x0, 0xe5,
    0x4f, 0xc, 0xa0, 0x1f, 0x24, 0xf0, 0x2a, 0x5,
    0xe0, 0x4f, 0x0, 0x0, 0x14, 0x4, 0xf0, 0x0,
    0x0, 0x0, 0x4f, 0x0, 0x0, 0x0, 0x4, 0xf0,
    0x0, 0x0, 0x0, 0x4f, 0x0, 0x0, 0x0, 0x4,
    0xf0, 0x0, 0x0, 0x0, 0x4f, 0x0, 0x0, 0x0,
    0x4, 0xf0, 0x0, 0x0, 0x0, 0x4f, 0x0, 0x0,

    /* U+5FC9 "忉" */
    0x0, 0x14, 0x0, 0x0, 0x0, 0x0, 0x0, 0x0,
    0x0, 0x4e, 0x0, 0x33, 0x33, 0x33, 0x33, 0x30,
    0x0, 0x4e, 0x3, 0xff, 0xff, 0xff, 0xff, 0xf2,
    0x0, 0x4e, 0x0, 0x0, 0x2f, 0x0, 0x1, 0xf1,
    0x7, 0x5f, 0xd2, 0x0, 0x3f, 0x0, 0x1, 0xf1,
    0xf, 0x4e, 0x8d, 0x0, 0x3f, 0x0, 0x2, 0xf1,
    0x3d, 0x4e, 0x9, 0x10, 0x4e, 0x0, 0x2, 0xf0,
    0x6a, 0x4e, 0x0, 0x0, 0x5d, 0x0, 0x3, 0xf0,
    0x45, 0x4e, 0x0, 0x0, 0x6c, 0x0, 0x3, 0xf0,
    0x0, 0x4e, 0x0, 0x0, 0x8a, 0x0, 0x4, 0xe0,
    0x0, 0x4e, 0x0, 0x0, 0xb7, 0x0, 0x5, 0xe0,
    0x0, 0x4e, 0x0, 0x0, 0xf3, 0x0, 0x5, 0xd0,
    0x0, 0x4e, 0x0, 0x7, 0xc0, 0x0, 0x6, 0xc0,
    0x0, 0x4e, 0x0, 0x3f, 0x30, 0x0, 0x8, 0xb0,
    0x0, 0x4e, 0x3, 0xe6, 0x2, 0x43, 0x5e, 0x70,
    0x0, 0x4e, 0x1e, 0x50, 0x3, 0xff, 0xfb, 0x10,
    0x0, 0x0, 0x0, 0x0, 0x0, 0x0, 0x0, 0x0,

    /* U+5FCF "忏" */
    0x0, 0x14, 0x0, 0x0, 0x0, 0x0, 0x0, 0x0,
    0x0, 0x4e, 0x0, 0x0, 0x0, 0x13, 0x46, 0x72,
    0x0, 0x4e, 0x0, 0x8f, 0xff, 0xff, 0xec, 0xb4,
    0x0, 0x4e, 0x20, 0x13, 0x21, 0xaa, 0x0, 0x0,
    0x9, 0x5f, 0xe5, 0x0, 0x0, 0xaa, 0x0, 0x0,
    0x1f, 0x4e, 0x4f, 0x30, 0x0, 0xaa, 0x0, 0x0,
    0x4d, 0x4e, 0x7, 0x30, 0x0, 0xaa, 0x0, 0x0,
    0x7a, 0x4e, 0x0, 0x22, 0x22, 0xbb, 0x22, 0x22,
    0x55, 0x4e, 0x2, 0xff, 0xff, 0xff, 0xff, 0xfe,
    0x0, 0x4e, 0x0, 0x0, 0x0, 0xaa, 0x0, 0x0,
    0x0, 0x4e, 0x0, 0x0, 0x0, 0xaa, 0x0, 0x0,
    0x0, 0x4e, 0x0, 0x0, 0x0, 0xaa, 0x0, 0x0,
    0x0, 0x4e, 0x0, 0x0, 0x0, 0xaa, 0x0, 0x0,
    0x0, 0x4e, 0x0, 0x0, 0x0, 0xaa, 0x0, 0x0,
    0x0, 0x4e, 0x0, 0x0, 0x0, 0xaa, 0x0, 0x0,
    0x0, 0x4e, 0x0, 0x0, 0x0, 0xaa, 0x0, 0x0,

    /* U+5FD6 "忖" */
    0x0, 0x14, 0x0, 0x0, 0x0, 0x0, 0x34, 0x0,
    0x0, 0x4f, 0x0, 0x0, 0x0, 0x0, 0x9a, 0x0,
    0x0, 0x4f, 0x0, 0x0, 0x0, 0x0, 0x9a, 0x0,
    0x0, 0x4f, 0x20, 0x0, 0x0, 0x0, 0x9a, 0x0,
    0x19, 0x4f, 0xe7, 0x5f, 0xff, 0xff, 0xff, 0xfe,
    0x3e, 0x4f, 0x3f, 0x53, 0x33, 0x33, 0xbb, 0x33,
    0x6b, 0x4f, 0x6, 0x20, 0x0, 0x0, 0x9a, 0x0,
    0x98, 0x4f, 0x0, 0xe, 0x30, 0x0, 0x9a, 0x0,
    0x43, 0x4f, 0x0, 0x9, 0xc0, 0x0, 0x9a, 0x0,
    0x0, 0x4f, 0x0, 0x2, 0xf4, 0x0, 0x9a, 0x0,
    0x0, 0x4f, 0x0, 0x0, 0xa7, 0x0, 0x9a, 0x0,
    0x0, 0x4f, 0x0, 0x0, 0x0, 0x0, 0x9a, 0x0,
    0x0, 0x4f, 0x0, 0x0, 0x0, 0x0, 0x9a, 0x0,
    0x0, 0x4f, 0x0, 0x0, 0x0, 0x0, 0x9a, 0x0,
    0x0, 0x4f, 0x0, 0x0, 0x5, 0x45, 0xe8, 0x0,
    0x0, 0x4f, 0x0, 0x0, 0xe, 0xff, 0xc2, 0x0,
    0x0, 0x0, 0x0, 0x0, 0x0, 0x0, 0x0, 0x0,

    /* U+5FDD "忝" */
    0x0, 0x22, 0x22, 0x22, 0x22, 0x22, 0x22, 0x10,
    0x0, 0xf, 0xff, 0xff, 0xff, 0xff, 0xff, 0xf7,
    0x0, 0x0, 0x0, 0x0, 0xb, 0xa0, 0x0, 0x0,
    0x0, 0x0, 0x0, 0x0, 0x2, 0xf3, 0x0, 0x0,
    0x0, 0x0, 0x2f, 0xff, 0xff, 0xff, 0xff, 0xff,
    0xff, 0xf9, 0x0, 0x22, 0x22, 0x7f, 0x32, 0xbb,
    0x22, 0x22, 0x10, 0x0, 0x0, 0x5f, 0x50, 0x1,
    0xe8, 0x0, 0x0, 0x0, 0x0, 0x8f, 0x60, 0x64,
    0x2, 0xec, 0x30, 0x0, 0x6, 0xde, 0x40, 0xc,
    0x70, 0x1, 0xaf, 0xc7, 0x4, 0xf8, 0x19, 0x20,
    0xc7, 0x34, 0x2d, 0x4a, 0x70, 0x1, 0x5, 0xe1,
    0xc, 0x77, 0xc0, 0xb8, 0x0, 0x0, 0x0, 0xe7,
    0x0, 0xc7, 0x1f, 0x22, 0xf2, 0x0, 0x0, 0xbc,
    0x0, 0xc, 0x70, 0xd7, 0xa, 0xb0, 0x0, 0x2e,
    0x11, 0x23, 0xe6, 0x5, 0x30, 0x28, 0x0, 0x0,
    0x0, 0x4f, 0xfc, 0x10, 0x0, 0x0, 0x0, 0x0,
    0x0, 0x0, 0x0, 0x0, 0x0, 0x0, 0x0, 0x0,

    /* U+5FE1 "忡" */
    0x0, 0x4, 0x10, 0x0, 0x0, 0x15, 0x0, 0x0,
    0x0, 0xd, 0x50, 0x0, 0x0, 0x4e, 0x0, 0x0,
    0x0, 0xd, 0x50, 0x0, 0x0, 0x4e, 0x0, 0x0,
    0x0, 0xd, 0x50, 0x2, 0x22, 0x6e, 0x22, 0x22,
    0x3, 0x5d, 0xe9, 0x1f, 0xff, 0xff, 0xff, 0xfd,
    0x8, 0x8d, 0x6f, 0x7f, 0x0, 0x4e, 0x0, 0x5d,
    0xa, 0x6d, 0x54, 0x2f, 0x0, 0x4e, 0x0, 0x5d,
    0xd, 0x3d, 0x50, 0x1f, 0x0, 0x4e, 0x0, 0x5d,
    0x8, 0xd, 0x50, 0x1f, 0x0, 0x4e, 0x0, 0x5d,
    0x0, 0xd, 0x50, 0x1f, 0x32, 0x6e, 0x22, 0x6d,
    0x0, 0xd, 0x50, 0x1f, 0xff, 0xff, 0xff, 0xfd,
    0x0, 0xd, 0x50, 0x9, 0x0, 0x4e, 0x0, 0x27,
    0x0, 0xd, 0x50, 0x0, 0x0, 0x4e, 0x0, 0x0,
    0x0, 0xd, 0x50, 0x0, 0x0, 0x4e, 0x0, 0x0,
    0x0, 0xd, 0x50, 0x0, 0x0, 0x4e, 0x0, 0x0,
    0x0, 0xd, 0x50, 0x0, 0x0, 0x4e, 0x0, 0x0,

    /* U+5FE4 "忤" */
    0x0, 0x3, 0x10, 0x0, 0x31, 0x0, 0x0, 0x0,
    0x0, 0x0, 0xd5, 0x0, 0xe, 0x50, 0x0, 0x0,
    0x0, 0x0, 0xd, 0x50, 0x3, 0xf1, 0x0, 0x0,
    0x0, 0x0, 0x0, 0xd6, 0x0, 0x8f, 0xff, 0xff,
    0xff, 0x80, 0x5, 0x7d, 0xea, 0xd, 0x72, 0x7d,
    0x22, 0x21, 0x0, 0x98, 0xd6, 0xf8, 0xf0, 0x5,
    0xd0, 0x0, 0x0, 0xb, 0x6d, 0x52, 0xa9, 0x0,
    0x5d, 0x0, 0x0, 0x0, 0xd4, 0xd5, 0x5, 0x30,
    0x5, 0xd0, 0x0, 0x0, 0x9, 0x1d, 0x50, 0x22,
    0x22, 0x7d, 0x22, 0x22, 0x10, 0x0, 0xd5, 0x1f,
    0xff, 0xff, 0xff, 0xff, 0xf8, 0x0, 0xd, 0x50,
    0x0, 0x0, 0x5d, 0x0, 0x0, 0x0, 0x0, 0xd5,
    0x0, 0x0, 0x5, 0xd0, 0x0, 0x0, 0x0, 0xd,
    0x50, 0x0, 0x0, 0x5d, 0x0, 0x0, 0x0, 0x0,
    0xd5, 0x0, 0x0, 0x5, 0xd0, 0x0, 0x0, 0x0,
    0xd, 0x50, 0x0, 0x0, 0x5d, 0x0, 0x0, 0x0,
    0x0, 0xc4, 0x0, 0x0, 0x5, 0xd0, 0x0, 0x0,

    /* U+5FEA "忪" */
    0x0, 0x3, 0x10, 0x0, 0x0, 0x0, 0x30, 0x0,
    0x0, 0x0, 0xd6, 0x0, 0x0, 0x71, 0x2f, 0x10,
    0x0, 0x0, 0xd, 0x60, 0x0, 0x5f, 0x0, 0xe6,
    0x0, 0x0, 0x0, 0xd6, 0x0, 0xb, 0x90, 0x8,
    0xd0, 0x0, 0x5, 0x6d, 0xe9, 0x2, 0xf2, 0x0,
    0x1f, 0x50, 0x0, 0x97, 0xd7, 0xe4, 0xbb, 0x0,
    0x0, 0x8e, 0x10, 0xb, 0x5d, 0x62, 0x5f, 0x20,
    0x21, 0x0, 0xdd, 0x10, 0xe3, 0xd6, 0xe, 0x80,
    0xd, 0x90, 0x2, 0xe5, 0x7, 0x1d, 0x60, 0x30,
    0x4, 0xf2, 0x0, 0x0, 0x0, 0x0, 0xd6, 0x0,
    0x0, 0xaa, 0x0, 0x0, 0x0, 0x0, 0xd, 0x60,
    0x0, 0x2f, 0x30, 0x48, 0x0, 0x0, 0x0, 0xd6,
    0x0, 0xa, 0xb0, 0x3, 0xf3, 0x0, 0x0, 0xd,
    0x60, 0x3, 0xf2, 0x0, 0xb, 0xb0, 0x0, 0x0,
    0xd6, 0x0, 0xca, 0x1, 0x23, 0x8f, 0x30, 0x0,
    0xd, 0x60, 0x8f, 0xff, 0xff, 0xed, 0xeb, 0x0,
    0x0, 0xd6, 0x2, 0x53, 0x10, 0x0, 0x4, 0xa0,

    /* U+5FED "忭" */
    0x0, 0x3, 0x10, 0x0, 0x0, 0x20, 0x0, 0x0,
    0x0, 0x0, 0xd5, 0x0, 0x0, 0xc, 0xa0, 0x0,
    0x0, 0x0, 0xd, 0x50, 0x0, 0x0, 0x2f, 0x50,
    0x0, 0x0, 0x0, 0xd5, 0x0, 0x0, 0x0, 0x40,
    0x0, 0x0, 0x5, 0x6d, 0xc6, 0x1f, 0xff, 0xff,
    0xff, 0xff, 0xa0, 0x98, 0xd8, 0xf5, 0x22, 0x2c,
    0x92, 0x22, 0x21, 0xb, 0x6d, 0x55, 0x50, 0x0,
    0xb8, 0x0, 0x0, 0x0, 0xe3, 0xd5, 0x0, 0x0,
    0xb, 0x92, 0x0, 0x0, 0x7, 0x1d, 0x50, 0x0,
    0x0, 0xbe, 0xf9, 0x10, 0x0, 0x0, 0xd5, 0x0,
    0x0, 0xb, 0x83, 0xde, 0x70, 0x0, 0xd, 0x50,
    0x0, 0x0, 0xb8, 0x0, 0x7d, 0x10, 0x0, 0xd5,
    0x0, 0x0, 0xb, 0x80, 0x0, 0x0, 0x0, 0xd,
    0x50, 0x0, 0x0, 0xb8, 0x0, 0x0, 0x0, 0x0,
    0xd5, 0x0, 0x0, 0xb, 0x80, 0x0, 0x0, 0x0,
    0xd, 0x50, 0x0, 0x0, 0xb8, 0x0, 0x0, 0x0,
    0x0, 0xd4, 0x0, 0x0, 0xb, 0x80, 0x0, 0x0,

    /* U+5FEE "忮" */
    0x0, 0x16, 0x0, 0x0, 0x0, 0x43, 0x0, 0x0,
    0x0, 0x4e, 0x0, 0x0, 0x0, 0xc8, 0x0, 0x0,
    0x0, 0x4e, 0x0, 0x0, 0x0, 0xc8, 0x0, 0x0,
    0x0, 0x4f, 0x91, 0xff, 0xff, 0xff, 0xff, 0xf8,
    0xc, 0x5e, 0xc8, 0x33, 0x33, 0xc9, 0x33, 0x31,
    0x2e, 0x4e, 0x2e, 0x10, 0x0, 0xc8, 0x0, 0x0,
    0x5b, 0x4e, 0x1, 0x1, 0x11, 0xc8, 0x11, 0x0,
    0x88, 0x4e, 0x0, 0x9f, 0xff, 0xff, 0xff, 0xa0,
    0x43, 0x4e, 0x0, 0x9, 0xa0, 0x0, 0xe, 0x60,
    0x0, 0x4e, 0x0, 0x2, 0xf1, 0x0, 0x6e, 0x0,
    0x0, 0x4e, 0x0, 0x0, 0xb9, 0x1, 0xe7, 0x0,
    0x0, 0x4e, 0x0, 0x0, 0x1f, 0x6d, 0xc0, 0x0,
    0x0, 0x4e, 0x0, 0x0, 0x6, 0xfe, 0x10, 0x0,
    0x0, 0x4e, 0x0, 0x0, 0x7f, 0xcf, 0xa1, 0x0,
    0x0, 0x4e, 0x2, 0x8e, 0xe6, 0x3, 0xdf, 0xa4,
    0x0, 0x4e, 0x7, 0xd6, 0x0, 0x0, 0x5, 0xc5,
    0x0, 0x0, 0x0, 0x0, 0x0, 0x0, 0x0, 0x0,

    /* U+5FF8 "忸" */
    0x0, 0x14, 0x0, 0x0, 0x0, 0x0, 0x0, 0x0,
    0x0, 0x4e, 0x0, 0x12, 0x22, 0x22, 0x22, 0x20,
    0x0, 0x4e, 0x0, 0x8f, 0xff, 0xff, 0xff, 0xe0,
    0x0, 0x4e, 0x0, 0x0, 0x6c, 0x0, 0x7, 0xd0,
    0x5, 0x5f, 0xd2, 0x0, 0x8b, 0x0, 0x8, 0xd0,
    0x1f, 0x5e, 0x6c, 0x0, 0x9a, 0x0, 0x9, 0xc0,
    0x4d, 0x4e, 0x9, 0x10, 0xa9, 0x0, 0x9, 0xb0,
    0x7a, 0x4e, 0x0, 0x22, 0xc9, 0x22, 0x2b, 0xa0,
    0x55, 0x4e, 0x0, 0xbe, 0xff, 0xee, 0xef, 0xa0,
    0x0, 0x4e, 0x0, 0x0, 0xe5, 0x0, 0xc, 0x90,
    0x0, 0x4e, 0x0, 0x0, 0xf4, 0x0, 0xd, 0x80,
    0x0, 0x4e, 0x0, 0x1, 0xf3, 0x0, 0xe, 0x70,
    0x0, 0x4e, 0x0, 0x2, 0xf2, 0x0, 0xe, 0x70,
    0x0, 0x4e, 0x0, 0x3, 0xf0, 0x0, 0xf, 0x60,
    0x0, 0x4e, 0x5, 0xde, 0xfd, 0xdd, 0xdf, 0xec,
    0x0, 0x4e, 0x1, 0x33, 0x33, 0x33, 0x33, 0x33,

    /* U+5FFE "忾" */
    0x0, 0x30, 0x0, 0x2, 0x10, 0x0, 0x0, 0x0,
    0x0, 0xe4, 0x0, 0xd, 0x60, 0x0, 0x0, 0x0,
    0x0, 0xe4, 0x0, 0x3f, 0xdc, 0xcc, 0xcc, 0xc2,
    0x22, 0xee, 0x70, 0xb8, 0x44, 0x44, 0x44, 0x41,
    0x88, 0xe7, 0xe5, 0xe0, 0x0, 0x0, 0x0, 0x0,
    0xa6, 0xe4, 0x1e, 0x6e, 0xff, 0xff, 0xff, 0x10,
    0xc5, 0xe4, 0x2b, 0x1, 0x22, 0x22, 0x22, 0x0,
    0xe3, 0xe4, 0x1, 0x22, 0x22, 0x22, 0x10, 0x0,
    0x0, 0xe4, 0x7, 0xff, 0xff, 0xff, 0xf0, 0x0,
    0x0, 0xe4, 0x0, 0x0, 0x0, 0x3, 0xf0, 0x0,
    0x0, 0xe4, 0x0, 0x0, 0x0, 0x3, 0xf0, 0x0,
    0x0, 0xe4, 0x0, 0x0, 0x0, 0x2, 0xf0, 0x43,
    0x0, 0xe4, 0x0, 0x0, 0x0, 0x1, 0xf2, 0x99,
    0x0, 0xe4, 0x0, 0x0, 0x0, 0x0, 0xf4, 0xa7,
    0x0, 0xe4, 0x0, 0x0, 0x0, 0x0, 0xac, 0xe4,
    0x0, 0xe4, 0x0, 0x0, 0x0, 0x0, 0x2d, 0xc0,
    0x0, 0x10, 0x0, 0x0, 0x0, 0x0, 0x0, 0x0,

    /* U+6003 "怃" */
    0x0, 0x14, 0x0, 0x0, 0x0, 0x0, 0x0, 0x0,
    0x0, 0x4, 0xe0, 0x1, 0x22, 0x22, 0x22, 0x22,
    0x0, 0x0, 0x4e, 0x0, 0xaf, 0xff, 0xff, 0xff,
    0xf1, 0x0, 0x4, 0xe6, 0x0, 0x0, 0x9a, 0x0,
    0x0, 0x0, 0x8, 0x4f, 0xda, 0x0, 0xa, 0x90,
    0x0, 0x0, 0x2, 0xe4, 0xe1, 0xe5, 0x0, 0xa8,
    0x0, 0x0, 0x0, 0x4c, 0x4e, 0x1, 0x11, 0x1c,
    0x81, 0x11, 0x11, 0x7, 0xa4, 0xe0, 0x6f, 0xff,
    0xff, 0xff, 0xff, 0xe0, 0x45, 0x4e, 0x0, 0x0,
    0x2f, 0x30, 0x0, 0x0, 0x0, 0x4, 0xe0, 0x0,
    0x5, 0xe5, 0x90, 0x0, 0x0, 0x0, 0x4e, 0x0,
    0x0, 0xaa, 0x7c, 0x0, 0x0, 0x0, 0x4, 0xe0,
    0x0, 0x2f, 0x37, 0xc0, 0x0, 0x0, 0x0, 0x4e,
    0x0, 0xb, 0xb0, 0x7c, 0x0, 0xb, 0x10, 0x4,
    0xe0, 0x8, 0xe1, 0x7, 0xc0, 0x2, 0xf0, 0x0,
    0x4e, 0x8, 0xf4, 0x0, 0x6f, 0x43, 0x9e, 0x0,
    0x4, 0xe1, 0xc3, 0x0, 0x1, 0xcf, 0xff, 0x50,

    /* U+6004 "怄" */
    0x0, 0x4, 0x10, 0x0, 0x0, 0x0, 0x0, 0x0,
    0x0, 0x0, 0xe4, 0x0, 0x22, 0x22, 0x22, 0x22,
    0x20, 0x0, 0xe, 0x40, 0x4f, 0xff, 0xff, 0xff,
    0xff, 0x40, 0x0, 0xe5, 0x4, 0xe0, 0x0, 0x0,
    0x4, 0x0, 0x3, 0x5e, 0xf6, 0x4e, 0xe, 0x30,
    0x2, 0xf2, 0x0, 0x88, 0xe8, 0xf6, 0xe0, 0x9d,
    0x0, 0xaa, 0x0, 0xa, 0x6e, 0x46, 0x5e, 0x0,
    0xd7, 0x2f, 0x20, 0x0, 0xd3, 0xe4, 0x4, 0xe0,
    0x4, 0xfc, 0xa0, 0x0, 0x7, 0xe, 0x40, 0x4e,
    0x0, 0xa, 0xf2, 0x0, 0x0, 0x0, 0xe4, 0x4,
    0xe0, 0x0, 0xdf, 0x60, 0x0, 0x0, 0xe, 0x40,
    0x4e, 0x0, 0x8e, 0x8e, 0x10, 0x0, 0x0, 0xe4,
    0x4, 0xe0, 0x3f, 0x40, 0xda, 0x0, 0x0, 0xe,
    0x40, 0x4e, 0xd, 0xa0, 0x4, 0xf4, 0x0, 0x0,
    0xe4, 0x4, 0xe3, 0xe1, 0x0, 0x9, 0x40, 0x0,
    0xe, 0x40, 0x4e, 0x12, 0x11, 0x11, 0x11, 0x0,
    0x0, 0xe4, 0x4, 0xff, 0xff, 0xff, 0xff, 0xf5,

    /* U+6005 "怅" */
    0x0, 0x3, 0x0, 0x1, 0x30, 0x0, 0x0, 0x0,
    0x0, 0x3, 0xe0, 0x0, 0x5d, 0x0, 0x0, 0x1,
    0x0, 0x0, 0x3e, 0x0, 0x5, 0xd0, 0x0, 0x9,
    0xf1, 0x0, 0x3, 0xe2, 0x0, 0x5d, 0x0, 0x1b,
    0xe3, 0x0, 0x1c, 0x4f, 0xe6, 0x5, 0xd0, 0x5e,
    0xc1, 0x0, 0x3, 0xe3, 0xe4, 0xf3, 0x5d, 0x5f,
    0x60, 0x0, 0x0, 0x6b, 0x3e, 0x4, 0x5, 0xd0,
    0x10, 0x0, 0x0, 0x9, 0x83, 0xe0, 0x1d, 0xef,
    0xdd, 0xdd, 0xdd, 0xb0, 0x11, 0x3e, 0x0, 0x58,
    0xe5, 0xab, 0x55, 0x54, 0x0, 0x3, 0xe0, 0x0,
    0x5d, 0x3, 0xe0, 0x0, 0x0, 0x0, 0x3e, 0x0,
    0x5, 0xd0, 0xd, 0x70, 0x0, 0x0, 0x3, 0xe0,
    0x0, 0x5d, 0x0, 0x5f, 0x20, 0x0, 0x0, 0x3e,
    0x0, 0x5, 0xd0, 0x0, 0xbd, 0x10, 0x0, 0x3,
    0xe0, 0x0, 0x5d, 0x4b, 0xb0, 0xdd, 0x30, 0x0,
    0x3e, 0x0, 0xb, 0xff, 0xa3, 0x1, 0xdc, 0x0,
    0x3, 0xe0, 0x0, 0x88, 0x10, 0x0, 0x0, 0x10,

    /* U+6006 "怆" */
    0x0, 0x15, 0x0, 0x0, 0x0, 0x40, 0x0, 0x0,
    0x0, 0x4e, 0x0, 0x0, 0x8, 0xf5, 0x0, 0x0,
    0x0, 0x4e, 0x0, 0x0, 0x2f, 0xbe, 0x0, 0x0,
    0x0, 0x4f, 0xb0, 0x0, 0xda, 0xc, 0xb0, 0x0,
    0x7, 0x4e, 0xaa, 0xc, 0xd0, 0x2, 0xea, 0x0,
    0x2e, 0x4e, 0x6, 0xcd, 0x10, 0x0, 0x3f, 0xb1,
    0x5b, 0x4e, 0xd, 0xd4, 0x22, 0x22, 0x25, 0xda,
    0x88, 0x4e, 0x3, 0x5f, 0xff, 0xff, 0xfe, 0x0,
    0x54, 0x4e, 0x0, 0x5f, 0x0, 0x0, 0x6c, 0x0,
    0x0, 0x4e, 0x0, 0x5f, 0x0, 0x0, 0x8b, 0x0,
    0x0, 0x4e, 0x0, 0x5f, 0x0, 0x0, 0xb9, 0x0,
    0x0, 0x4e, 0x0, 0x5f, 0xe, 0xff, 0xf3, 0x52,
    0x0, 0x4e, 0x0, 0x5f, 0x3, 0x43, 0x10, 0xc7,
    0x0, 0x4e, 0x0, 0x4f, 0x0, 0x0, 0x0, 0xe4,
    0x0, 0x4e, 0x0, 0x2f, 0x73, 0x33, 0x37, 0xf1,
    0x0, 0x4e, 0x0, 0x8, 0xef, 0xff, 0xfe, 0x60,
    0x0, 0x0, 0x0, 0x0, 0x0, 0x0, 0x0, 0x0,

    /* U+600A "怊" */
    0x0, 0x24, 0x0, 0x0, 0x0, 0x0, 0x0, 0x0,
    0x0, 0x5d, 0x1, 0x33, 0x33, 0x33, 0x33, 0x30,
    0x0, 0x5d, 0x7, 0xee, 0xfe, 0xee, 0xee, 0xf3,
    0x0, 0x5d, 0x0, 0x0, 0xc6, 0x0, 0x0, 0xf3,
    0x6, 0x6f, 0xc0, 0x0, 0xf4, 0x0, 0x0, 0xf2,
    0xf, 0x6d, 0xba, 0x6, 0xe0, 0x0, 0x1, 0xf1,
    0x3e, 0x5d, 0x24, 0x5f, 0x50, 0x43, 0x39, 0xe0,
    0x6b, 0x5d, 0xb, 0xe5, 0x1, 0xff, 0xfc, 0x40,
    0x34, 0x5d, 0x4, 0x10, 0x0, 0x0, 0x0, 0x0,
    0x0, 0x5d, 0x0, 0xef, 0xff, 0xff, 0xff, 0xe0,
    0x0, 0x5d, 0x0, 0xe5, 0x22, 0x22, 0x25, 0xe0,
    0x0, 0x5d, 0x0, 0xe3, 0x0, 0x0, 0x3, 0xe0,
    0x0, 0x5d, 0x0, 0xe3, 0x0, 0x0, 0x3, 0xe0,
    0x0, 0x5d, 0x0, 0xe4, 0x11, 0x11, 0x14, 0xe0,
    0x0, 0x5d, 0x0, 0xef, 0xff, 0xff, 0xff, 0xe0,
    0x0, 0x4b, 0x0, 0xe4, 0x0, 0x0, 0x4, 0xe0,
    0x0, 0x0, 0x0, 0x0, 0x0, 0x0, 0x0, 0x0,

    /* U+600D "怍" */
    0x0, 0x3, 0x0, 0x0, 0x10, 0x0, 0x0, 0x0,
    0x0, 0x4e, 0x0, 0x0, 0xe6, 0x0, 0x0, 0x0,
    0x0, 0x4e, 0x0, 0x4, 0xe0, 0x0, 0x0, 0x0,
    0x0, 0x4f, 0x80, 0xb, 0xff, 0xff, 0xff, 0xfb,
    0x3c, 0x4e, 0xc8, 0x3f, 0x4f, 0x52, 0x22, 0x21,
    0x5c, 0x4e, 0x27, 0xc9, 0xf, 0x30, 0x0, 0x0,
    0x7a, 0x4e, 0x6, 0xf1, 0xf, 0x30, 0x0, 0x0,
    0xa7, 0x4e, 0x4, 0x60, 0xf, 0xff, 0xff, 0xf5,
    0x32, 0x4e, 0x0, 0x0, 0xf, 0x42, 0x22, 0x20,
    0x0, 0x4e, 0x0, 0x0, 0xf, 0x30, 0x0, 0x0,
    0x0, 0x4e, 0x0, 0x0, 0xf, 0x30, 0x0, 0x0,
    0x0, 0x4e, 0x0, 0x0, 0xf, 0xff, 0xff, 0xf8,
    0x0, 0x4e, 0x0, 0x0, 0xf, 0x42, 0x22, 0x21,
    0x0, 0x4e, 0x0, 0x0, 0xf, 0x30, 0x0, 0x0,
    0x0, 0x4e, 0x0, 0x0, 0xf, 0x30, 0x0, 0x0,
    0x0, 0x4e, 0x0, 0x0, 0xf, 0x30, 0x0, 0x0,

    /* U+600F "怏" */
    0x0, 0x4, 0x10, 0x0, 0x0, 0x14, 0x0, 0x0,
    0x0, 0x0, 0xd5, 0x0, 0x0, 0x5, 0xd0, 0x0,
    0x0, 0x0, 0xd, 0x50, 0x0, 0x0, 0x5d, 0x0,
    0x0, 0x0, 0x0, 0xd6, 0x10, 0x33, 0x37, 0xe3,
    0x33, 0x10, 0x2, 0x3d, 0xdb, 0xf, 0xee, 0xef,
    0xee, 0xf6, 0x0, 0x79, 0xd6, 0xd6, 0xf3, 0x5,
    0xd0, 0xc, 0x60, 0xa, 0x6d, 0x53, 0x1f, 0x30,
    0x5d, 0x0, 0xc6, 0x0, 0xd3, 0xd5, 0x0, 0xf3,
    0x6, 0xc0, 0xc, 0x60, 0x6, 0xd, 0x50, 0xf,
    0x30, 0x8b, 0x0, 0xc6, 0x0, 0x0, 0xd5, 0x3f,
    0xff, 0xff, 0xff, 0xff, 0xfa, 0x0, 0xd, 0x50,
    0x22, 0x23, 0xff, 0x42, 0x22, 0x10, 0x0, 0xd5,
    0x0, 0x0, 0x8c, 0x8b, 0x0, 0x0, 0x0, 0xd,
    0x50, 0x0, 0x5f, 0x31, 0xe7, 0x0, 0x0, 0x0,
    0xd5, 0x0, 0x6f, 0x70, 0x4, 0xf9, 0x0, 0x0,
    0xd, 0x51, 0xaf, 0x80, 0x0, 0x5, 0xfd, 0x30,
    0x0, 0xd5, 0x3d, 0x50, 0x0, 0x0, 0x3, 0xb1,
    0x0, 0x0, 0x0, 0x0, 0x0, 0x0, 0x0, 0x0,
    0x0,

    /* U+6019 "怙" */
    0x0, 0x2, 0x0, 0x0, 0x0, 0x12, 0x0, 0x0,
    0x0, 0x4e, 0x0, 0x0, 0x0, 0x8b, 0x0, 0x0,
    0x0, 0x4e, 0x0, 0x0, 0x0, 0x8b, 0x0, 0x0,
    0x0, 0x4e, 0x10, 0x12, 0x22, 0x9b, 0x22, 0x22,
    0x19, 0x4f, 0xe3, 0xaf, 0xff, 0xff, 0xff, 0xfe,
    0x3d, 0x4e, 0x7d, 0x10, 0x0, 0x8b, 0x0, 0x0,
    0x5b, 0x4e, 0x7, 0x0, 0x0, 0x8b, 0x0, 0x0,
    0x89, 0x4e, 0x0, 0x0, 0x0, 0x8b, 0x0, 0x0,
    0x65, 0x4e, 0x0, 0x4, 0x44, 0xac, 0x44, 0x40,
    0x0, 0x4e, 0x0, 0xf, 0xdd, 0xdd, 0xdd, 0xf3,
    0x0, 0x4e, 0x0, 0xf, 0x30, 0x0, 0x0, 0xf3,
    0x0, 0x4e, 0x0, 0xf, 0x30, 0x0, 0x0, 0xf3,
    0x0, 0x4e, 0x0, 0xf, 0x30, 0x0, 0x0, 0xf3,
    0x0, 0x4e, 0x0, 0xf, 0x52, 0x22, 0x22, 0xf3,
    0x0, 0x4e, 0x0, 0xf, 0xff, 0xff, 0xff, 0xf3,
    0x0, 0x4e, 0x0, 0xf, 0x30, 0x0, 0x0, 0xf3,

    /* U+601B "怛" */
    0x0, 0x14, 0x0, 0x0, 0x0, 0x0, 0x0, 0x0,
    0x0, 0x4e, 0x0, 0x1, 0x11, 0x11, 0x11, 0x10,
    0x0, 0x4e, 0x0, 0x6f, 0xff, 0xff, 0xff, 0xb0,
    0x0, 0x4e, 0x0, 0x6d, 0x0, 0x0, 0x8, 0xb0,
    0x7, 0x4f, 0xe2, 0x6d, 0x0, 0x0, 0x8, 0xb0,
    0x1f, 0x4e, 0x6e, 0x7d, 0x0, 0x0, 0x8, 0xb0,
    0x3c, 0x4e, 0x4, 0x6f, 0xff, 0xff, 0xff, 0xb0,
    0x79, 0x4e, 0x0, 0x6d, 0x11, 0x11, 0x18, 0xb0,
    0x34, 0x4e, 0x0, 0x6d, 0x0, 0x0, 0x8, 0xb0,
    0x0, 0x4e, 0x0, 0x6d, 0x0, 0x0, 0x8, 0xb0,
    0x0, 0x4e, 0x0, 0x6d, 0x55, 0x55, 0x5a, 0xb0,
    0x0, 0x4e, 0x0, 0x6f, 0xcc, 0xcc, 0xce, 0xb0,
    0x0, 0x4e, 0x0, 0x48, 0x0, 0x0, 0x5, 0x70,
    0x0, 0x4e, 0x0, 0x0, 0x0, 0x0, 0x0, 0x0,
    0x0, 0x4e, 0xb, 0xee, 0xee, 0xee, 0xee, 0xee,
    0x0, 0x4e, 0x2, 0x33, 0x33, 0x33, 0x33, 0x33,

    /* U+6021 "怡" */
    0x0, 0x14, 0x0, 0x0, 0x3, 0x10, 0x0, 0x0,
    0x0, 0x3, 0xe0, 0x0, 0x0, 0xea, 0x0, 0x0,
    0x0, 0x0, 0x3e, 0x0, 0x0, 0x8e, 0x10, 0x10,
    0x0, 0x0, 0x3, 0xe4, 0x0, 0x2f, 0x50, 0xe,
    0x60, 0x0, 0x8, 0x4e, 0xc9, 0xc, 0xa0, 0x0,
    0x5f, 0x20, 0x1, 0xf3, 0xe0, 0x6a, 0xd0, 0x0,
    0x1, 0xbd, 0x0, 0x3c, 0x3e, 0x9, 0xfe, 0xef,
    0xff, 0xff, 0xf8, 0x7, 0xa3, 0xe0, 0x27, 0x54,
    0x32, 0x10, 0x5, 0xd0, 0x22, 0x3e, 0x0, 0x0,
    0x0, 0x0, 0x0, 0x0, 0x0, 0x3, 0xe0, 0xd,
    0xee, 0xee, 0xee, 0xed, 0x0, 0x0, 0x3e, 0x0,
    0xe6, 0x22, 0x22, 0x26, 0xe0, 0x0, 0x3, 0xe0,
    0xe, 0x40, 0x0, 0x0, 0x4e, 0x0, 0x0, 0x3e,
    0x0, 0xe4, 0x0, 0x0, 0x4, 0xe0, 0x0, 0x3,
    0xe0, 0xe, 0x40, 0x0, 0x0, 0x4e, 0x0, 0x0,
    0x3e, 0x0, 0xef, 0xff, 0xff, 0xff, 0xe0, 0x0,
    0x3, 0xe0, 0xe, 0x51, 0x11, 0x11, 0x5e, 0x0,
    0x0, 0x0, 0x0, 0x0, 0x0, 0x0, 0x0, 0x0,
    0x0,

    /* U+6026 "怦" */
    0x0, 0x4, 0x10, 0x0, 0x0, 0x0, 0x0, 0x0,
    0x0, 0x0, 0xe4, 0x1, 0x33, 0x33, 0x33, 0x33,
    0x30, 0x0, 0xe, 0x40, 0x5f, 0xff, 0xff, 0xff,
    0xfe, 0x0, 0x0, 0xe5, 0x0, 0x0, 0x5, 0xd0,
    0x0, 0x0, 0x3, 0x5e, 0xe9, 0x2b, 0x0, 0x5d,
    0x0, 0x69, 0x0, 0x88, 0xe6, 0xe5, 0xd7, 0x5,
    0xd0, 0xe, 0x70, 0xa, 0x6e, 0x43, 0x15, 0xf1,
    0x5d, 0x9, 0xd0, 0x0, 0xd3, 0xe4, 0x0, 0xa,
    0x35, 0xd0, 0xb3, 0x0, 0x6, 0xe, 0x40, 0x0,
    0x0, 0x5d, 0x0, 0x0, 0x0, 0x0, 0xe4, 0x1f,
    0xff, 0xff, 0xff, 0xff, 0xf9, 0x0, 0xe, 0x40,
    0x22, 0x22, 0x7d, 0x22, 0x22, 0x10, 0x0, 0xe4,
    0x0, 0x0, 0x5, 0xd0, 0x0, 0x0, 0x0, 0xe,
    0x40, 0x0, 0x0, 0x5d, 0x0, 0x0, 0x0, 0x0,
    0xe4, 0x0, 0x0, 0x5, 0xd0, 0x0, 0x0, 0x0,
    0xe, 0x40, 0x0, 0x0, 0x5d, 0x0, 0x0, 0x0,
    0x0, 0xe4, 0x0, 0x0, 0x5, 0xd0, 0x0, 0x0,
    0x0, 0x0, 0x0, 0x0, 0x0, 0x0, 0x0, 0x0,
    0x0,

    /* U+6029 "怩" */
    0x0, 0x14, 0x0, 0x0, 0x0, 0x0, 0x0, 0x0,
    0x0, 0x5d, 0x0, 0x14, 0x44, 0x44, 0x44, 0x30,
    0x0, 0x5d, 0x0, 0x5f, 0xdd, 0xdd, 0xde, 0xf0,
    0x0, 0x5d, 0x0, 0x5d, 0x0, 0x0, 0x3, 0xf0,
    0x4, 0x5e, 0xc1, 0x5d, 0x0, 0x0, 0x3, 0xf0,
    0xf, 0x5d, 0xbb, 0x5e, 0x55, 0x55, 0x57, 0xf0,
    0x2d, 0x5d, 0x1a, 0x6f, 0xcc, 0xcc, 0xcd, 0xf0,
    0x5a, 0x5d, 0x0, 0x5d, 0x2, 0x0, 0x1, 0x60,
    0x56, 0x5d, 0x0, 0x5c, 0xe, 0x30, 0x0, 0x40,
    0x0, 0x5d, 0x0, 0x6b, 0xe, 0x30, 0x2d, 0xd0,
    0x0, 0x5d, 0x0, 0x89, 0xe, 0x48, 0xf8, 0x0,
    0x0, 0x5d, 0x0, 0xb6, 0xe, 0xfb, 0x20, 0x0,
    0x0, 0x5d, 0x0, 0xf2, 0xe, 0x60, 0x0, 0x59,
    0x0, 0x5d, 0x6, 0xc0, 0xe, 0x30, 0x0, 0x7a,
    0x0, 0x5d, 0xd, 0x50, 0xd, 0x70, 0x2, 0xd7,
    0x0, 0x5d, 0x3b, 0x0, 0x6, 0xff, 0xff, 0xc1,
    0x0, 0x0, 0x0, 0x0, 0x0, 0x0, 0x0, 0x0,

    /* U+602B "怫" */
    0x0, 0x20, 0x0, 0x0, 0x20, 0x1, 0x0, 0x0,
    0x0, 0xe2, 0x0, 0x2, 0xe0, 0x2e, 0x0, 0x0,
    0x0, 0xe2, 0x0, 0x2, 0xe0, 0x3e, 0x0, 0x0,
    0x0, 0xe6, 0xe, 0xff, 0xff, 0xff, 0xff, 0xc0,
    0x34, 0xeb, 0xc0, 0x2, 0xe0, 0x2e, 0x3, 0xc0,
    0x88, 0xe2, 0x93, 0x2, 0xe0, 0x2e, 0x3, 0xc0,
    0xa6, 0xe2, 0xc, 0xff, 0xff, 0xff, 0xff, 0xc0,
    0xd3, 0xe2, 0xe, 0x23, 0xe0, 0x3e, 0x3, 0xb0,
    0x81, 0xe2, 0xf, 0x2, 0xd0, 0x2e, 0x0, 0x0,
    0x0, 0xe2, 0x2e, 0x14, 0xd1, 0x3e, 0x11, 0x10,
    0x0, 0xe2, 0x4e, 0xef, 0xfe, 0xef, 0xee, 0xf7,
    0x0, 0xe2, 0x0, 0x8, 0x90, 0x2e, 0x0, 0xa6,
    0x0, 0xe2, 0x0, 0xd, 0x50, 0x2e, 0x0, 0xc5,
    0x0, 0xe2, 0x0, 0x7e, 0x0, 0x2e, 0xae, 0xf1,
    0x0, 0xe2, 0x5, 0xf4, 0x0, 0x2e, 0x24, 0x10,
    0x0, 0xe2, 0xc, 0x70, 0x0, 0x2e, 0x0, 0x0,
    0x0, 0x0, 0x0, 0x0, 0x0, 0x0, 0x0, 0x0,

    /* U+6035 "怵" */
    0x0, 0x2, 0x0, 0x0, 0x0, 0x21, 0x0, 0x0,
    0x0, 0x0, 0xe4, 0x0, 0x0, 0xb, 0x73, 0x80,
    0x0, 0x0, 0xe, 0x40, 0x0, 0x0, 0xb7, 0x1d,
    0xa0, 0x0, 0x0, 0xe6, 0x0, 0x0, 0xb, 0x70,
    0x16, 0x0, 0x7, 0x7e, 0xe8, 0xae, 0xee, 0xff,
    0xee, 0xee, 0x10, 0x97, 0xe6, 0xf5, 0x33, 0x6f,
    0xf4, 0x33, 0x30, 0xb, 0x5e, 0x44, 0x0, 0x9,
    0xff, 0x50, 0x0, 0x0, 0xe2, 0xe4, 0x0, 0x1,
    0xeb, 0xab, 0x0, 0x0, 0x3, 0xe, 0x40, 0x0,
    0x98, 0xb7, 0xc3, 0x0, 0x0, 0x0, 0xe4, 0x0,
    0x3e, 0x1b, 0x75, 0xc0, 0x0, 0x0, 0xe, 0x40,
    0x1e, 0x70, 0xb7, 0xc, 0x90, 0x0, 0x0, 0xe4,
    0xc, 0xc0, 0xb, 0x70, 0x2f, 0x70, 0x0, 0xe,
    0x4a, 0xe2, 0x0, 0xb7, 0x0, 0x6f, 0x50, 0x0,
    0xe4, 0x53, 0x0, 0xb, 0x70, 0x0, 0x50, 0x0,
    0xe, 0x40, 0x0, 0x0, 0xb7, 0x0, 0x0, 0x0,
    0x0, 0xe4, 0x0, 0x0, 0xb, 0x70, 0x0, 0x0,

    /* U+603F "怿" */
    0x0, 0x3, 0x10, 0x0, 0x0, 0x0, 0x0, 0x0,
    0x0, 0x0, 0xd5, 0x2, 0x44, 0x44, 0x44, 0x44,
    0x10, 0x0, 0xd, 0x50, 0x7e, 0xec, 0xcc, 0xcd,
    0xf4, 0x0, 0x0, 0xd5, 0x0, 0x4e, 0x10, 0x0,
    0xbc, 0x0, 0x2, 0x4d, 0xe4, 0x0, 0x8d, 0x22,
    0xcc, 0x10, 0x0, 0x88, 0xd8, 0xe1, 0x0, 0x8f,
    0xfa, 0x0, 0x0, 0xa, 0x5d, 0x54, 0x37, 0xcf,
    0x9a, 0xfd, 0x96, 0x10, 0xe2, 0xd5, 0x8f, 0xb6,
    0x5, 0x51, 0x69, 0xc0, 0x4, 0xd, 0x50, 0x0,
    0x0, 0xa9, 0x0, 0x0, 0x0, 0x0, 0xd5, 0xb,
    0xff, 0xff, 0xff, 0xff, 0x80, 0x0, 0xd, 0x50,
    0x22, 0x22, 0xba, 0x22, 0x21, 0x0, 0x0, 0xd5,
    0x0, 0x0, 0xa, 0x90, 0x0, 0x0, 0x0, 0xd,
    0x5b, 0xff, 0xff, 0xff, 0xff, 0xff, 0x40, 0x0,
    0xd5, 0x22, 0x22, 0x2b, 0xa2, 0x22, 0x20, 0x0,
    0xd, 0x50, 0x0, 0x0, 0xa9, 0x0, 0x0, 0x0,
    0x0, 0xd5, 0x0, 0x0, 0xa, 0x90, 0x0, 0x0,

    /* U+6042 "恂" */
    0x0, 0x4, 0x10, 0x0, 0x30, 0x0, 0x0, 0x0,
    0x0, 0x0, 0xe3, 0x0, 0xe, 0x50, 0x0, 0x0,
    0x0, 0x0, 0xe, 0x40, 0x7, 0xe2, 0x22, 0x22,
    0x22, 0x0, 0x0, 0xed, 0x91, 0xef, 0xff, 0xff,
    0xff, 0xf1, 0x2, 0x2e, 0x5c, 0xcc, 0x0, 0x0,
    0x0, 0x1f, 0x10, 0x97, 0xe3, 0x5f, 0x52, 0x22,
    0x20, 0x1, 0xf1, 0xb, 0x5e, 0x32, 0x8f, 0xee,
    0xef, 0x40, 0x1f, 0x0, 0xd2, 0xe3, 0x3, 0xe0,
    0x0, 0xd4, 0x2, 0xf0, 0xa, 0xe, 0x30, 0x3e,
    0x22, 0x2d, 0x40, 0x2f, 0x0, 0x0, 0xe3, 0x3,
    0xfe, 0xee, 0xf4, 0x3, 0xf0, 0x0, 0xe, 0x30,
    0x3e, 0x0, 0xd, 0x40, 0x3e, 0x0, 0x0, 0xe3,
    0x3, 0xe1, 0x11, 0xd4, 0x4, 0xe0, 0x0, 0xe,
    0x30, 0x3f, 0xff, 0xff, 0x40, 0x4d, 0x0, 0x0,
    0xe3, 0x2, 0xd0, 0x0, 0x0, 0x6, 0xc0, 0x0,
    0xe, 0x30, 0x0, 0x0, 0x33, 0x34, 0xe7, 0x0,
    0x0, 0xe3, 0x0, 0x0, 0x9, 0xff, 0xe9, 0x0,
    0x0, 0x0, 0x0, 0x0, 0x0, 0x0, 0x0, 0x0,
    0x0,

    /* U+606A "恪" */
    0x0, 0x16, 0x0, 0x0, 0x43, 0x0, 0x0, 0x0,
    0x0, 0x4, 0xe0, 0x0, 0xe, 0x70, 0x0, 0x0,
    0x0, 0x0, 0x4e, 0x0, 0x5, 0xfd, 0xdd, 0xdd,
    0xb0, 0x0, 0x4, 0xfa, 0x0, 0xec, 0x44, 0x44,
    0xcb, 0x0, 0xc, 0x6e, 0xb8, 0xad, 0xf4, 0x0,
    0x6f, 0x20, 0x1, 0xf4, 0xe3, 0xff, 0x26, 0xf3,
    0x6f, 0x40, 0x0, 0x4c, 0x4e, 0x0, 0x30, 0x8,
    0xff, 0x50, 0x0, 0x7, 0x94, 0xe0, 0x0, 0x5,
    0xde, 0xfc, 0x40, 0x0, 0x23, 0x4e, 0x2, 0x7d,
    0xf8, 0x2, 0xbf, 0xe9, 0x0, 0x4, 0xe0, 0xad,
    0x71, 0x0, 0x0, 0x39, 0x90, 0x0, 0x4e, 0x0,
    0x2f, 0xff, 0xff, 0xff, 0xc0, 0x0, 0x4, 0xe0,
    0x3, 0xf3, 0x22, 0x22, 0x7d, 0x0, 0x0, 0x4e,
    0x0, 0x3f, 0x0, 0x0, 0x6, 0xd0, 0x0, 0x4,
    0xe0, 0x3, 0xf0, 0x0, 0x0, 0x6d, 0x0, 0x0,
    0x4e, 0x0, 0x3f, 0xff, 0xff, 0xff, 0xd0, 0x0,
    0x4, 0xe0, 0x3, 0xf3, 0x22, 0x22, 0x7d, 0x0,

    /* U+6078 "恸" */
    0x0, 0x30, 0x0, 0x0, 0x0, 0x3, 0x10, 0x0,
    0x0, 0xe1, 0x0, 0x0, 0x0, 0xe, 0x30, 0x0,
    0x0, 0xe1, 0x3f, 0xff, 0xf1, 0xe, 0x30, 0x0,
    0x0, 0xe8, 0x12, 0x22, 0x20, 0xe, 0x30, 0x0,
    0x37, 0xea, 0x90, 0x0, 0x5, 0xff, 0xff, 0xf1,
    0x69, 0xe2, 0x20, 0x0, 0x0, 0xf, 0x31, 0xf0,
    0x86, 0xe1, 0xde, 0xee, 0xe8, 0xf, 0x21, 0xf0,
    0xb4, 0xe1, 0x35, 0xf4, 0x32, 0xf, 0x11, 0xf0,
    0x21, 0xe1, 0x5, 0xc0, 0x0, 0x1f, 0x1, 0xf0,
    0x0, 0xe1, 0xa, 0x76, 0x80, 0x3f, 0x2, 0xf0,
    0x0, 0xe1, 0xf, 0x23, 0xe0, 0x5c, 0x2, 0xe0,
    0x0, 0xe1, 0x5c, 0x0, 0xd4, 0x89, 0x3, 0xe0,
    0x0, 0xe2, 0xed, 0xcd, 0xfa, 0xd5, 0x3, 0xd0,
    0x0, 0xe1, 0x98, 0x53, 0x3b, 0xe0, 0x4, 0xd0,
    0x0, 0xe1, 0x0, 0x0, 0xc, 0x74, 0x4a, 0xa0,
    0x0, 0xe1, 0x0, 0x0, 0x3c, 0xf, 0xfe, 0x30,
    0x0, 0x0, 0x0, 0x0, 0x0, 0x0, 0x0, 0x0,

    /* U+6079 "恹" */
    0x0, 0x14, 0x0, 0x0, 0x0, 0x0, 0x0, 0x0,
    0x0, 0x5, 0xd0, 0x2, 0x22, 0x22, 0x22, 0x22,
    0x20, 0x0, 0x5d, 0x0, 0xff, 0xff, 0xff, 0xff,
    0xff, 0x0, 0x5, 0xd0, 0xf, 0x20, 0x2, 0x90,
    0x20, 0x0, 0x5, 0x6e, 0x90, 0xf2, 0x0, 0x4e,
    0x1e, 0x70, 0x0, 0xf6, 0xdc, 0x7f, 0x20, 0x4,
    0xe0, 0x2e, 0x30, 0x3d, 0x5d, 0x36, 0xf3, 0x22,
    0x6e, 0x22, 0x32, 0x6, 0xa5, 0xd0, 0xf, 0x7f,
    0xff, 0xff, 0xff, 0xd0, 0x45, 0x5d, 0x1, 0xf1,
    0x0, 0x7f, 0x0, 0x0, 0x0, 0x5, 0xd0, 0x2f,
    0x0, 0xa, 0xf4, 0x0, 0x0, 0x0, 0x5d, 0x4,
    0xe0, 0x0, 0xea, 0x80, 0x0, 0x0, 0x5, 0xd0,
    0x7b, 0x0, 0x6d, 0x2f, 0x10, 0x0, 0x0, 0x5d,
    0xb, 0x80, 0x1e, 0x50, 0xa9, 0x0, 0x0, 0x5,
    0xd1, 0xf3, 0x1c, 0xb0, 0x2, 0xf7, 0x0, 0x0,
    0x5d, 0x8d, 0x3d, 0xc0, 0x0, 0x4, 0xfa, 0x0,
    0x5, 0xd6, 0x45, 0xa0, 0x0, 0x0, 0x4, 0x70,

    /* U+607A "恺" */
    0x0, 0x33, 0x0, 0x0, 0x1, 0x50, 0x0, 0x0,
    0x0, 0xa8, 0x0, 0x30, 0x3, 0xe0, 0x1, 0x20,
    0x0, 0xa8, 0x2, 0xf0, 0x3, 0xe0, 0x8, 0x90,
    0x0, 0xa8, 0x2, 0xf0, 0x3, 0xe0, 0x8, 0x90,
    0x15, 0xae, 0xa2, 0xff, 0xff, 0xff, 0xff, 0x90,
    0x4c, 0xa8, 0xe5, 0x22, 0x22, 0x22, 0x27, 0x70,
    0x6b, 0xa8, 0x32, 0x55, 0x55, 0x55, 0x55, 0x10,
    0x79, 0xa8, 0x3, 0xcc, 0xcc, 0xcc, 0xcf, 0x40,
    0x12, 0xa8, 0x0, 0x0, 0x0, 0x0, 0xe, 0x40,
    0x0, 0xa8, 0x0, 0x11, 0x11, 0x11, 0x1e, 0x40,
    0x0, 0xa8, 0x1, 0xff, 0xff, 0xff, 0xff, 0x40,
    0x0, 0xa8, 0x1, 0xf2, 0x0, 0x0, 0xb, 0x30,
    0x0, 0xa8, 0x1, 0xf2, 0x0, 0x0, 0x0, 0x65,
    0x0, 0xa8, 0x1, 0xf2, 0x0, 0x0, 0x0, 0xb9,
    0x0, 0xa8, 0x0, 0xf6, 0x11, 0x11, 0x14, 0xf5,
    0x0, 0xa8, 0x0, 0x7f, 0xff, 0xff, 0xff, 0x90,

    /* U+607B "恻" */
    0x0, 0x30, 0x0, 0x0, 0x0, 0x0, 0x0, 0x50,
    0xe, 0x20, 0x66, 0x66, 0x61, 0x0, 0x1f, 0x0,
    0xe2, 0xf, 0xcb, 0xbf, 0x31, 0xd1, 0xf0, 0xe,
    0x20, 0xf1, 0x0, 0xc3, 0x1e, 0x1f, 0x25, 0xec,
    0x1f, 0x1d, 0x1c, 0x31, 0xe1, 0xf6, 0x9e, 0x8b,
    0xf1, 0xe1, 0xc3, 0x1e, 0x1f, 0x86, 0xe2, 0x5f,
    0x1e, 0x1c, 0x31, 0xe1, 0xfb, 0x3e, 0x20, 0xf1,
    0xe1, 0xc3, 0x1e, 0x1f, 0x51, 0xe2, 0xf, 0x1f,
    0x1c, 0x31, 0xe1, 0xf0, 0xe, 0x20, 0xf1, 0xf0,
    0xc3, 0x1e, 0x1f, 0x0, 0xe2, 0xf, 0x2e, 0xc,
    0x31, 0xe1, 0xf0, 0xe, 0x20, 0x75, 0xc0, 0x61,
    0x1e, 0x1f, 0x0, 0xe2, 0x0, 0xbe, 0x90, 0x0,
    0x51, 0xf0, 0xe, 0x20, 0x5c, 0x1d, 0xb0, 0x0,
    0x1f, 0x0, 0xe2, 0x4e, 0x20, 0x1d, 0xd1, 0x25,
    0xf0, 0xe, 0x4d, 0x20, 0x0, 0x26, 0x2f, 0xf8,
    0x0, 0x0, 0x0, 0x0, 0x0, 0x0, 0x0, 0x0,

    /* U+607D "恽" */
    0x0, 0x4, 0x10, 0x0, 0x0, 0x0, 0x0, 0x0,
    0x0, 0x0, 0xe4, 0x1, 0x22, 0x22, 0x22, 0x22,
    0x20, 0x0, 0xe, 0x40, 0x6f, 0xee, 0xee, 0xee,
    0xef, 0x20, 0x0, 0xe4, 0x6, 0xc0, 0x27, 0x0,
    0x0, 0xf2, 0x3, 0x3e, 0xa2, 0x37, 0xb, 0xa0,
    0x0, 0x9, 0x10, 0x88, 0xea, 0xd8, 0xff, 0xff,
    0xff, 0xff, 0xf3, 0xb, 0x5e, 0x49, 0x42, 0xc9,
    0x25, 0x32, 0x22, 0x0, 0xe3, 0xe4, 0x0, 0x4f,
    0x10, 0xe4, 0x0, 0x0, 0x5, 0xe, 0x40, 0xd,
    0x91, 0x1e, 0x51, 0x11, 0x0, 0x0, 0xe4, 0x1,
    0xff, 0xff, 0xff, 0xff, 0xd0, 0x0, 0xe, 0x40,
    0x0, 0x0, 0xe, 0x40, 0x0, 0x0, 0x0, 0xe4,
    0x1, 0x11, 0x11, 0xe4, 0x11, 0x10, 0x0, 0xe,
    0x41, 0xff, 0xff, 0xff, 0xff, 0xff, 0x90, 0x0,
    0xe4, 0x0, 0x0, 0x0, 0xe4, 0x0, 0x0, 0x0,
    0xe, 0x40, 0x0, 0x0, 0xe, 0x40, 0x0, 0x0,
    0x0, 0xe4, 0x0, 0x0, 0x0, 0xe4, 0x0, 0x0,

    /* U+6083 "悃" */
    0x0, 0x3, 0x0, 0x0, 0x0, 0x0, 0x0, 0x0,
    0x0, 0xe, 0x30, 0x22, 0x22, 0x22, 0x22, 0x21,
    0x0, 0xe, 0x30, 0xef, 0xff, 0xff, 0xff, 0xfb,
    0x0, 0xe, 0x30, 0xe3, 0x0, 0x44, 0x0, 0x6b,
    0x4, 0x5e, 0xe3, 0xe3, 0x0, 0x98, 0x0, 0x6b,
    0x8, 0x7e, 0x7c, 0xe3, 0xbd, 0xee, 0xdc, 0x6b,
    0xb, 0x5e, 0x32, 0xe3, 0x34, 0xea, 0x43, 0x6b,
    0xe, 0x2e, 0x30, 0xe3, 0x5, 0xfa, 0x0, 0x6b,
    0x4, 0xe, 0x30, 0xe3, 0xd, 0xdf, 0x90, 0x6b,
    0x0, 0xe, 0x30, 0xe3, 0x8c, 0x99, 0xda, 0x6b,
    0x0, 0xe, 0x30, 0xe7, 0xf3, 0x98, 0x1a, 0x6b,
    0x0, 0xe, 0x30, 0xe4, 0x60, 0x98, 0x0, 0x6b,
    0x0, 0xe, 0x30, 0xe3, 0x0, 0x98, 0x0, 0x6b,
    0x0, 0xe, 0x30, 0xe3, 0x0, 0x33, 0x0, 0x6b,
    0x0, 0xe, 0x30, 0xef, 0xff, 0xff, 0xff, 0xfb,
    0x0, 0xe, 0x30, 0xe5, 0x22, 0x22, 0x22, 0x7b,
    0x0, 0x1, 0x0, 0x0, 0x0, 0x0, 0x0, 0x0,

    /* U+608C "悌" */
    0x0, 0x2, 0x10, 0x0, 0x20, 0x0, 0x1, 0x0,
    0x0, 0xd, 0x50, 0x3, 0xf2, 0x0, 0x9c, 0x0,
    0x0, 0xd, 0x50, 0x0, 0x89, 0x5, 0xf2, 0x0,
    0x0, 0xd, 0x70, 0xaf, 0xff, 0xff, 0xff, 0xf3,
    0x4, 0x6d, 0xe9, 0x1, 0x11, 0xd5, 0x11, 0xe3,
    0x8, 0x8d, 0x7f, 0x20, 0x0, 0xd4, 0x0, 0xe3,
    0xb, 0x5d, 0x52, 0x6f, 0xff, 0xff, 0xff, 0xf3,
    0xe, 0x2d, 0x50, 0x89, 0x11, 0xd5, 0x11, 0x71,
    0x4, 0xd, 0x50, 0xa6, 0x0, 0xd4, 0x0, 0x0,
    0x0, 0xd, 0x50, 0xcf, 0xff, 0xff, 0xff, 0xfe,
    0x0, 0xd, 0x50, 0x11, 0x1a, 0xf5, 0x11, 0x5e,
    0x0, 0xd, 0x50, 0x0, 0x8c, 0xe4, 0x0, 0x5c,
    0x0, 0xd, 0x50, 0xa, 0xd1, 0xd6, 0x21, 0x9a,
    0x0, 0xd, 0x54, 0xdc, 0x10, 0xd8, 0xff, 0xf4,
    0x0, 0xd, 0x5c, 0x80, 0x0, 0xd4, 0x1, 0x0,
    0x0, 0xd, 0x50, 0x0, 0x0, 0xd4, 0x0, 0x0,

    /* U+6092 "悒" */
    0x0, 0x2, 0x10, 0x0, 0x0, 0x0, 0x0, 0x0,
    0x0, 0x0, 0xd5, 0x4, 0xcc, 0xcc, 0xcc, 0xcb,
    0x0, 0x0, 0xd, 0x50, 0x5e, 0x55, 0x55, 0x57,
    0xf0, 0x0, 0x0, 0xd7, 0x5, 0xd0, 0x0, 0x0,
    0x4f, 0x0, 0x5, 0x8d, 0xe7, 0x5f, 0xee, 0xee,
    0xef, 0xf0, 0x0, 0x88, 0xd8, 0xe4, 0xa2, 0x22,
    0x22, 0x4a, 0x0, 0xb, 0x5d, 0x54, 0x12, 0x22,
    0x22, 0x22, 0x21, 0x0, 0xe2, 0xd5, 0xd, 0xff,
    0xff, 0xff, 0xff, 0x80, 0x5, 0xd, 0x50, 0xd5,
    0x0, 0xd5, 0x0, 0x98, 0x0, 0x0, 0xd5, 0xd,
    0x50, 0xd, 0x50, 0x9, 0x80, 0x0, 0xd, 0x50,
    0xdf, 0xff, 0xff, 0xff, 0xf8, 0x0, 0x0, 0xd5,
    0xd, 0x62, 0x22, 0x22, 0x28, 0x60, 0x0, 0xd,
    0x50, 0xd5, 0x0, 0x0, 0x0, 0x8, 0x40, 0x0,
    0xd5, 0xd, 0x50, 0x0, 0x0, 0x0, 0xd6, 0x0,
    0xd, 0x50, 0xbb, 0x22, 0x22, 0x22, 0x6f, 0x20,
    0x0, 0xd5, 0x3, 0xdf, 0xff, 0xff, 0xfe, 0x80,
    0x0, 0x0, 0x0, 0x0, 0x0, 0x0, 0x0, 0x0,
    0x0,

    /* U+6096 "悖" */
    0x0, 0x3, 0x10, 0x0, 0x0, 0x13, 0x0, 0x0,
    0x0, 0x0, 0xd5, 0x0, 0x0, 0x4, 0xd0, 0x0,
    0x0, 0x0, 0xd, 0x50, 0xc, 0xee, 0xef, 0xee,
    0xe7, 0x0, 0x0, 0xd6, 0x0, 0x11, 0x15, 0xd1,
    0x11, 0x0, 0x4, 0x6d, 0xe8, 0x1, 0x11, 0x5d,
    0x11, 0x11, 0x0, 0x88, 0xd7, 0xf9, 0xff, 0xff,
    0xff, 0xff, 0xf0, 0xb, 0x5d, 0x54, 0x8b, 0x0,
    0x0, 0x0, 0x2f, 0x0, 0xe2, 0xd5, 0x7, 0xaa,
    0xff, 0xff, 0xf8, 0xf0, 0x3, 0xd, 0x50, 0x0,
    0x12, 0x22, 0xbe, 0x20, 0x0, 0x0, 0xd5, 0x0,
    0x0, 0x0, 0xbd, 0x20, 0x0, 0x0, 0xd, 0x50,
    0x11, 0x11, 0x4f, 0x21, 0x11, 0x0, 0x0, 0xd5,
    0xf, 0xff, 0xff, 0xff, 0xff, 0xf8, 0x0, 0xd,
    0x50, 0x0, 0x0, 0x3f, 0x0, 0x0, 0x0, 0x0,
    0xd5, 0x0, 0x0, 0x3, 0xf0, 0x0, 0x0, 0x0,
    0xd, 0x50, 0x0, 0x44, 0x8e, 0x0, 0x0, 0x0,
    0x0, 0xd5, 0x0, 0x9, 0xff, 0x70, 0x0, 0x0,
    0x0, 0x0, 0x0, 0x0, 0x0, 0x0, 0x0, 0x0,
    0x0,

    /* U+609A "悚" */
    0x0, 0x32, 0x0, 0x0, 0x2, 0x40, 0x0, 0x0,
    0x0, 0xa7, 0x0, 0x0, 0x5, 0xc0, 0x0, 0x0,
    0x0, 0xa7, 0x4, 0x55, 0x58, 0xd5, 0x55, 0x53,
    0x0, 0xa7, 0xb, 0xdd, 0xde, 0xfd, 0xdd, 0xd8,
    0x27, 0xad, 0xa0, 0x0, 0x5, 0xc0, 0x0, 0x0,
    0x4c, 0xa7, 0xd7, 0xef, 0xff, 0xff, 0xff, 0x50,
    0x6a, 0xa7, 0x20, 0xf5, 0x27, 0xd2, 0x2c, 0x60,
    0x79, 0xa7, 0x0, 0xf3, 0x5, 0xc0, 0xc, 0x60,
    0x0, 0xa7, 0x0, 0xf4, 0x16, 0xd1, 0x1c, 0x60,
    0x0, 0xa7, 0x0, 0xff, 0xff, 0xff, 0xff, 0x60,
    0x0, 0xa7, 0x0, 0x41, 0x5d, 0xea, 0x3, 0x10,
    0x0, 0xa7, 0x0, 0x4, 0xc6, 0xc7, 0x80, 0x0,
    0x0, 0xa7, 0x0, 0x6d, 0x15, 0xc0, 0xaa, 0x10,
    0x0, 0xa7, 0x2b, 0xd1, 0x5, 0xc0, 0xa, 0xe6,
    0x0, 0xa7, 0x6b, 0x10, 0x5, 0xc0, 0x0, 0x66,
    0x0, 0xa7, 0x0, 0x0, 0x5, 0xc0, 0x0, 0x0,
    0x0, 0x0, 0x0, 0x0, 0x0, 0x0, 0x0, 0x0,

    /* U+609B "悛" */
    0x0, 0x4, 0x10, 0x0, 0x1, 0x30, 0x0, 0x0,
    0x0, 0x0, 0xe3, 0x0, 0x0, 0xad, 0x0, 0x0,
    0x0, 0x0, 0xe, 0x30, 0x0, 0x7e, 0x20, 0x6b,
    0x0, 0x0, 0x0, 0xec, 0x30, 0x6e, 0x20, 0x1,
    0xcb, 0x0, 0x6, 0x6e, 0xab, 0x8f, 0xdc, 0xcd,
    0xef, 0xfb, 0x0, 0x96, 0xe4, 0x64, 0x77, 0x54,
    0x33, 0x23, 0xc1, 0xb, 0x4e, 0x30, 0x7, 0xe1,
    0x0, 0x7e, 0x50, 0x0, 0xe2, 0xe3, 0x2c, 0xe4,
    0x20, 0x0, 0x7f, 0xc2, 0x5, 0xe, 0x39, 0xb1,
    0x9d, 0x0, 0x0, 0x2a, 0x10, 0x0, 0xe3, 0x0,
    0x5f, 0xff, 0xff, 0xfb, 0x0, 0x0, 0xe, 0x30,
    0x5f, 0xf3, 0x11, 0x2e, 0x60, 0x0, 0x0, 0xe3,
    0x5f, 0x68, 0xd1, 0xc, 0xb0, 0x0, 0x0, 0xe,
    0x31, 0x40, 0xa, 0xdd, 0xc0, 0x0, 0x0, 0x0,
    0xe3, 0x0, 0x1, 0x8f, 0xfa, 0x20, 0x0, 0x0,
    0xe, 0x32, 0x6b, 0xfc, 0x33, 0xbf, 0xc8, 0x20,
    0x0, 0xe3, 0x7e, 0x93, 0x0, 0x0, 0x38, 0xd3,
    0x0, 0x0, 0x0, 0x0, 0x0, 0x0, 0x0, 0x0,
    0x0,

    /* U+609D "悝" */
    0x0, 0x14, 0x0, 0x0, 0x0, 0x0, 0x0, 0x0,
    0x0, 0x3, 0xe0, 0x2, 0x33, 0x33, 0x33, 0x33,
    0x0, 0x0, 0x3e, 0x0, 0xbe, 0xdd, 0xfe, 0xdd,
    0xf1, 0x0, 0x3, 0xe0, 0xb, 0x70, 0xe, 0x40,
    0x1f, 0x10, 0x7, 0x4f, 0xd2, 0xb7, 0x11, 0xe5,
    0x12, 0xf1, 0x0, 0xf4, 0xe8, 0xcb, 0xff, 0xff,
    0xff, 0xff, 0x10, 0x2d, 0x3e, 0x6, 0xb7, 0x0,
    0xe4, 0x1, 0xf1, 0x5, 0xb3, 0xe0, 0xb, 0x70,
    0xe, 0x40, 0x1f, 0x10, 0x24, 0x3e, 0x0, 0xbf,
    0xff, 0xff, 0xff, 0xf1, 0x0, 0x3, 0xe0, 0x9,
    0x60, 0xe, 0x50, 0x1d, 0x10, 0x0, 0x3e, 0x0,
    0x0, 0x0, 0xe4, 0x0, 0x0, 0x0, 0x3, 0xe0,
    0xd, 0xff, 0xff, 0xff, 0xff, 0x50, 0x0, 0x3e,
    0x0, 0x12, 0x22, 0xe6, 0x22, 0x20, 0x0, 0x3,
    0xe0, 0x0, 0x0, 0xe, 0x40, 0x0, 0x0, 0x0,
    0x3e, 0x9, 0xdd, 0xdd, 0xfd, 0xdd, 0xdd, 0x0,
    0x3, 0xe0, 0x34, 0x44, 0x44, 0x44, 0x44, 0x40,

    /* U+60AD "悭" */
    0x0, 0x2, 0x0, 0x0, 0x0, 0x0, 0x0, 0x0,
    0x0, 0x0, 0xe3, 0xb, 0xd, 0x66, 0x66, 0x66,
    0x30, 0x0, 0xe, 0x30, 0xf1, 0xd7, 0xeb, 0xaa,
    0xd9, 0x0, 0x0, 0xe3, 0xf, 0x1d, 0x47, 0x80,
    0xe, 0x40, 0x4, 0x6e, 0xd3, 0xf1, 0xd4, 0x1e,
    0x15, 0xe0, 0x0, 0x88, 0xe8, 0xcf, 0x1d, 0x40,
    0x8b, 0xe4, 0x0, 0xb, 0x5e, 0x32, 0xf1, 0xd4,
    0x3, 0xfd, 0x10, 0x0, 0xe2, 0xe3, 0xf, 0x1d,
    0x58, 0xf7, 0xae, 0x81, 0x3, 0xe, 0x30, 0x70,
    0xd8, 0xb2, 0x0, 0x4a, 0x0, 0x0, 0xe3, 0x0,
    0x6, 0x1e, 0x40, 0x0, 0x0, 0x0, 0xe, 0x30,
    0x12, 0x22, 0xe6, 0x22, 0x20, 0x0, 0x0, 0xe3,
    0xb, 0xff, 0xff, 0xff, 0xff, 0x40, 0x0, 0xe,
    0x30, 0x0, 0x0, 0xe4, 0x0, 0x0, 0x0, 0x0,
    0xe3, 0x0, 0x0, 0xe, 0x40, 0x0, 0x0, 0x0,
    0xe, 0x39, 0xff, 0xff, 0xff, 0xff, 0xff, 0x20,
    0x0, 0xe3, 0x12, 0x22, 0x22, 0x22, 0x22, 0x20,

    /* U+60B1 "悱" */
    0x0, 0x51, 0x0, 0x0, 0x50, 0x15, 0x0, 0x0,
    0x0, 0xe3, 0x0, 0x1, 0xf1, 0x3f, 0x0, 0x0,
    0x0, 0xe3, 0x0, 0x1, 0xf1, 0x3f, 0x0, 0x0,
    0x0, 0xe3, 0x5, 0x56, 0xf1, 0x3f, 0x55, 0x51,
    0x13, 0xee, 0x7c, 0xcc, 0xf1, 0x3f, 0xcc, 0xc4,
    0x69, 0xe7, 0xe1, 0x1, 0xf1, 0x3f, 0x0, 0x0,
    0x87, 0xe3, 0x20, 0x1, 0xf1, 0x3f, 0x0, 0x0,
    0xc4, 0xe3, 0x1f, 0xff, 0xf1, 0x3f, 0xff, 0xf2,
    0x30, 0xe3, 0x2, 0x23, 0xf1, 0x3f, 0x22, 0x20,
    0x0, 0xe3, 0x0, 0x1, 0xf1, 0x3f, 0x0, 0x0,
    0x0, 0xe3, 0x0, 0x1, 0xf1, 0x3f, 0x0, 0x0,
    0x0, 0xe3, 0x9f, 0xff, 0xf1, 0x3f, 0xff, 0xf8,
    0x0, 0xe3, 0x12, 0x23, 0xf1, 0x3f, 0x22, 0x21,
    0x0, 0xe3, 0x0, 0x1, 0xf1, 0x3f, 0x0, 0x0,
    0x0, 0xe3, 0x0, 0x1, 0xf1, 0x3f, 0x0, 0x0,
    0x0, 0xe3, 0x0, 0x1, 0xf1, 0x3f, 0x0, 0x0,

    /* U+60B4 "悴" */
    0x0, 0x20, 0x0, 0x0, 0x0, 0x10, 0x0, 0x0,
    0x0, 0xd5, 0x0, 0x0, 0x6, 0xd0, 0x0, 0x0,
    0x0, 0xd5, 0x0, 0x22, 0x22, 0xd5, 0x22, 0x21,
    0x0, 0xd5, 0x5, 0xff, 0xff, 0xff, 0xff, 0xf6,
    0x35, 0xdd, 0x70, 0x8, 0x60, 0x0, 0x69, 0x0,
    0x79, 0xd8, 0xf3, 0xe, 0x40, 0x0, 0xd6, 0x0,
    0xa6, 0xd5, 0x76, 0x5f, 0xc0, 0x3, 0xfc, 0x0,
    0xd3, 0xd5, 0x0, 0xd6, 0xbb, 0xd, 0x7a, 0xa0,
    0x70, 0xd5, 0x8, 0xc0, 0x19, 0x9d, 0x1, 0xe5,
    0x0, 0xd5, 0x2, 0x20, 0x2, 0x82, 0x0, 0x30,
    0x0, 0xd5, 0x0, 0x0, 0x4, 0xe0, 0x0, 0x0,
    0x0, 0xd5, 0x1f, 0xff, 0xff, 0xff, 0xff, 0xfd,
    0x0, 0xd5, 0x2, 0x22, 0x25, 0xe2, 0x22, 0x21,
    0x0, 0xd5, 0x0, 0x0, 0x4, 0xe0, 0x0, 0x0,
    0x0, 0xd5, 0x0, 0x0, 0x4, 0xe0, 0x0, 0x0,
    0x0, 0xd5, 0x0, 0x0, 0x4, 0xe0, 0x0, 0x0,

    /* U+60BB "悻" */
    0x0, 0x15, 0x0, 0x0, 0x0, 0x71, 0x0, 0x0,
    0x0, 0x4d, 0x0, 0x0, 0x0, 0xf2, 0x0, 0x0,
    0x0, 0x4d, 0x0, 0x22, 0x22, 0xf5, 0x22, 0x20,
    0x0, 0x4d, 0x40, 0xdd, 0xdd, 0xfd, 0xdd, 0xd3,
    0x5, 0x4e, 0xd6, 0x0, 0x0, 0xf2, 0x0, 0x0,
    0x1e, 0x4d, 0x2a, 0x33, 0x33, 0xf5, 0x33, 0x33,
    0x3c, 0x4d, 0x8, 0xcc, 0xcc, 0xcc, 0xcc, 0xcb,
    0x69, 0x4d, 0x0, 0x8, 0x70, 0x0, 0x79, 0x0,
    0x34, 0x4d, 0x0, 0x2, 0xc1, 0x5, 0xe3, 0x0,
    0x0, 0x4d, 0x8, 0xff, 0xff, 0xff, 0xff, 0xf8,
    0x0, 0x4d, 0x0, 0x0, 0x0, 0xf2, 0x0, 0x0,
    0x0, 0x4d, 0x0, 0x0, 0x0, 0xf3, 0x0, 0x0,
    0x0, 0x4d, 0x2f, 0xff, 0xff, 0xff, 0xff, 0xfe,
    0x0, 0x4d, 0x0, 0x0, 0x0, 0xf2, 0x0, 0x0,
    0x0, 0x4d, 0x0, 0x0, 0x0, 0xf2, 0x0, 0x0,
    0x0, 0x3c, 0x0, 0x0, 0x0, 0xf2, 0x0, 0x0,

    /* U+60C6 "惆" */
    0x0, 0x3, 0x10, 0x0, 0x0, 0x0, 0x0, 0x0,
    0x0, 0xd, 0x40, 0x22, 0x22, 0x22, 0x22, 0x22,
    0x0, 0xd, 0x40, 0xee, 0xee, 0xee, 0xee, 0xef,
    0x0, 0xd, 0x40, 0xe3, 0x0, 0x5b, 0x0, 0x2f,
    0x2, 0x2d, 0xb2, 0xe3, 0x13, 0x7d, 0x33, 0x2f,
    0x7, 0x8d, 0xab, 0xe3, 0x5c, 0xdf, 0xcb, 0x2f,
    0xa, 0x6d, 0x46, 0xe3, 0x0, 0x5c, 0x0, 0x2f,
    0xd, 0x3d, 0x40, 0xe5, 0xff, 0xff, 0xff, 0x8f,
    0x5, 0xd, 0x40, 0xe3, 0x0, 0x0, 0x0, 0x2f,
    0x0, 0xd, 0x40, 0xf2, 0x3f, 0xff, 0xf7, 0x2f,
    0x0, 0xd, 0x40, 0xf1, 0x3d, 0x0, 0x98, 0x2f,
    0x0, 0xd, 0x41, 0xf0, 0x3d, 0x0, 0x98, 0x2f,
    0x0, 0xd, 0x44, 0xd0, 0x3f, 0xff, 0xf8, 0x2f,
    0x0, 0xd, 0x48, 0x90, 0x2a, 0x0, 0x0, 0x2f,
    0x0, 0xd, 0x4d, 0x40, 0x0, 0x1, 0x32, 0x7e,
    0x0, 0xd, 0x5a, 0x0, 0x0, 0x2, 0xff, 0xf8,
    0x0, 0x0, 0x0, 0x0, 0x0, 0x0, 0x0, 0x0,

    /* U+60D8 "惘" */
    0x0, 0x20, 0x0, 0x0, 0x0, 0x0, 0x0, 0x0,
    0x0, 0xe2, 0x2, 0x33, 0x33, 0x33, 0x33, 0x30,
    0x0, 0xe2, 0xd, 0xff, 0xff, 0xff, 0xff, 0xf1,
    0x0, 0xe2, 0xd, 0x41, 0x70, 0x4, 0x50, 0xf1,
    0x24, 0xec, 0x1d, 0x40, 0xe3, 0xd, 0x60, 0xf1,
    0x69, 0xea, 0x9d, 0x54, 0x97, 0x7e, 0x43, 0xf1,
    0x96, 0xe3, 0x8d, 0x7b, 0xbc, 0xcb, 0xb7, 0xf1,
    0xc4, 0xe2, 0xd, 0x40, 0x8, 0x80, 0x0, 0xf1,
    0x71, 0xe2, 0xd, 0x53, 0x34, 0xb3, 0x32, 0xf1,
    0x0, 0xe2, 0xd, 0x7d, 0xfd, 0xdd, 0xd8, 0xf1,
    0x0, 0xe2, 0xd, 0x40, 0xf1, 0x0, 0x0, 0xf1,
    0x0, 0xe2, 0xd, 0x40, 0xf1, 0x0, 0x0, 0xf1,
    0x0, 0xe2, 0xd, 0x40, 0xff, 0xff, 0xf2, 0xf1,
    0x0, 0xe2, 0xd, 0x40, 0x11, 0x11, 0x10, 0xf1,
    0x0, 0xe2, 0xd, 0x40, 0x0, 0x3, 0x47, 0xf0,
    0x0, 0xe2, 0xd, 0x40, 0x0, 0x6, 0xee, 0x80,

    /* U+60DA "惚" */
    0x0, 0x3, 0x10, 0x0, 0x20, 0x0, 0x0, 0x0,
    0x0, 0x0, 0xd5, 0x0, 0x1f, 0x20, 0x0, 0x0,
    0x0, 0x0, 0xd, 0x50, 0x8, 0xd2, 0x22, 0x22,
    0x22, 0x0, 0x0, 0xd5, 0x2, 0xfd, 0xef, 0xdf,
    0xed, 0xf0, 0x2, 0x3d, 0xe5, 0xb9, 0xb, 0x70,
    0xd4, 0x2f, 0x0, 0x79, 0xd8, 0xe5, 0x5, 0xe0,
    0x3f, 0x3, 0xe0, 0xa, 0x6d, 0x53, 0x3, 0xe4,
    0xc, 0x80, 0x3d, 0x0, 0xd3, 0xd5, 0x4, 0xf6,
    0x8, 0xd0, 0x5, 0xc0, 0x9, 0xd, 0x53, 0xf6,
    0x8, 0xf4, 0x43, 0xba, 0x0, 0x0, 0xd5, 0x2,
    0x0, 0x24, 0x1f, 0xfc, 0x20, 0x0, 0xd, 0x50,
    0x0, 0x4, 0xe1, 0x0, 0x0, 0x0, 0x0, 0xd5,
    0x2d, 0x3f, 0xa, 0xb0, 0xb, 0x40, 0x0, 0xd,
    0x57, 0xa3, 0xf0, 0xa, 0x16, 0x9c, 0x0, 0x0,
    0xd5, 0xe4, 0x3f, 0x0, 0x0, 0xf5, 0xf4, 0x0,
    0xd, 0x7d, 0x1, 0xf4, 0x11, 0x6f, 0x17, 0x50,
    0x0, 0xd5, 0x0, 0x9, 0xff, 0xff, 0x70, 0x0,

    /* U+60DD "惝" */
    0x0, 0x4, 0x10, 0x0, 0x0, 0x32, 0x0, 0x0,
    0x0, 0x0, 0xe3, 0x4, 0x10, 0x9, 0x70, 0x2,
    0x60, 0x0, 0xe, 0x30, 0xae, 0x30, 0x97, 0x2,
    0xe9, 0x0, 0x0, 0xee, 0x50, 0xaf, 0x39, 0x72,
    0xe8, 0x0, 0x5, 0x6e, 0x7e, 0x0, 0x50, 0x97,
    0x4, 0x0, 0x0, 0x96, 0xe3, 0x2f, 0xff, 0xff,
    0xff, 0xff, 0xe0, 0xb, 0x4e, 0x30, 0xf3, 0x22,
    0x22, 0x22, 0x5e, 0x0, 0xe2, 0xe3, 0xf, 0x10,
    0x0, 0x0, 0x3, 0xe0, 0x6, 0xe, 0x30, 0xf1,
    0x3f, 0xff, 0xf2, 0x3e, 0x0, 0x0, 0xe3, 0xf,
    0x13, 0xd0, 0xf, 0x23, 0xe0, 0x0, 0xe, 0x30,
    0xf1, 0x3d, 0x0, 0xf2, 0x3e, 0x0, 0x0, 0xe3,
    0xf, 0x13, 0xe2, 0x2f, 0x23, 0xe0, 0x0, 0xe,
    0x30, 0xf1, 0x3f, 0xee, 0xe1, 0x3e, 0x0, 0x0,
    0xe3, 0xf, 0x11, 0x60, 0x0, 0x3, 0xe0, 0x0,
    0xe, 0x30, 0xf1, 0x0, 0x1, 0x21, 0x8d, 0x0,
    0x0, 0xe3, 0xf, 0x10, 0x0, 0x6f, 0xff, 0x60,
    0x0, 0x0, 0x0, 0x10, 0x0, 0x0, 0x0, 0x0,
    0x0,

    /* U+60EC "惬" */
    0x0, 0x40, 0x0, 0x0, 0x0, 0x0, 0x0, 0x0,
    0x0, 0xe3, 0x5, 0x55, 0x55, 0x55, 0x55, 0x51,
    0x0, 0xe3, 0xf, 0xcc, 0xcc, 0xcc, 0xcc, 0xc3,
    0x0, 0xe3, 0xf, 0x10, 0x0, 0x96, 0x0, 0x0,
    0x66, 0xee, 0x5f, 0x1c, 0xcc, 0xed, 0xcc, 0xa0,
    0x96, 0xe7, 0xdf, 0x14, 0x44, 0xc9, 0x45, 0x40,
    0xb4, 0xe3, 0x1f, 0x16, 0x90, 0xa6, 0xc, 0x50,
    0xe2, 0xe3, 0xf, 0x11, 0xe4, 0xb5, 0x9c, 0x0,
    0x50, 0xe3, 0xf, 0x10, 0x30, 0xc5, 0x32, 0x0,
    0x0, 0xe3, 0xf, 0x8f, 0xff, 0xff, 0xff, 0xf6,
    0x0, 0xe3, 0xf, 0x10, 0x4, 0xf5, 0x0, 0x0,
    0x0, 0xe3, 0xf, 0x10, 0x1d, 0xaf, 0x90, 0x0,
    0x0, 0xe3, 0xf, 0x12, 0xdc, 0x2, 0xdc, 0x10,
    0x0, 0xe3, 0xf, 0x2f, 0xb0, 0x0, 0x1c, 0x70,
    0x0, 0xe3, 0xf, 0x24, 0x11, 0x11, 0x12, 0x10,
    0x0, 0xe3, 0xf, 0xff, 0xff, 0xff, 0xff, 0xf8,

    /* U+60F4 "惴" */
    0x0, 0x40, 0x0, 0x0, 0x2, 0x40, 0x0, 0x0,
    0x0, 0xe3, 0x1, 0x40, 0x5, 0xc0, 0x1, 0x40,
    0x0, 0xe3, 0x4, 0xc0, 0x5, 0xc0, 0x5, 0xb0,
    0x0, 0xe8, 0x14, 0xc0, 0x5, 0xc0, 0x5, 0xb0,
    0x37, 0xec, 0xb4, 0xff, 0xff, 0xff, 0xff, 0xb0,
    0x69, 0xe4, 0xf4, 0x22, 0x22, 0x22, 0x22, 0x10,
    0x97, 0xe3, 0x23, 0x33, 0x33, 0x33, 0x33, 0x32,
    0xc4, 0xe3, 0x2d, 0xdd, 0xdf, 0xed, 0xdd, 0xda,
    0x71, 0xe3, 0x0, 0x0, 0x1f, 0x10, 0x0, 0x0,
    0x0, 0xe3, 0x9, 0xff, 0xff, 0xff, 0xff, 0xf1,
    0x0, 0xe3, 0xa, 0x81, 0xc6, 0x1e, 0x41, 0xf1,
    0x0, 0xe3, 0xa, 0x70, 0xb5, 0xe, 0x20, 0xf1,
    0x0, 0xe3, 0xa, 0x70, 0xb5, 0xe, 0x20, 0xf1,
    0x0, 0xe3, 0xa, 0x70, 0xb5, 0xe, 0x20, 0xf1,
    0x0, 0xe3, 0xa, 0x70, 0xb5, 0xd, 0x44, 0xf0,
    0x0, 0xe3, 0xa, 0x70, 0x10, 0x0, 0xff, 0x90,
    0x0, 0x0, 0x1, 0x10, 0x0, 0x0, 0x0, 0x0,

    /* U+6100 "愀" */
    0x0, 0x20, 0x0, 0x0, 0x0, 0x0, 0x0, 0x0,
    0x0, 0xe2, 0x16, 0x78, 0xa1, 0x4, 0xc0, 0x0,
    0x0, 0xe2, 0x1b, 0xcd, 0x51, 0x5, 0xb0, 0x0,
    0x0, 0xe6, 0x0, 0x6a, 0x4, 0x15, 0xb0, 0x41,
    0x66, 0xed, 0x30, 0x6a, 0x8, 0x65, 0xb0, 0xc3,
    0x96, 0xe7, 0xbf, 0xff, 0xf8, 0x96, 0xb0, 0xe0,
    0xb3, 0xe3, 0x0, 0xca, 0x2, 0xd7, 0xd4, 0xb0,
    0xe1, 0xe2, 0x1, 0xfc, 0x30, 0xe9, 0xf8, 0x70,
    0x30, 0xe2, 0x7, 0xbd, 0xe1, 0xa, 0xe2, 0x10,
    0x0, 0xe2, 0xd, 0x6a, 0x99, 0xd, 0x95, 0x0,
    0x0, 0xe2, 0x6a, 0x6a, 0x11, 0x1e, 0x58, 0x0,
    0x0, 0xe3, 0xf3, 0x6a, 0x0, 0x6a, 0x1d, 0x0,
    0x0, 0xe2, 0x80, 0x6a, 0x0, 0xd5, 0xd, 0x40,
    0x0, 0xe2, 0x0, 0x6a, 0x5, 0xe0, 0x7, 0xb0,
    0x0, 0xe2, 0x0, 0x6a, 0x2f, 0x60, 0x1, 0xf5,
    0x0, 0xe2, 0x0, 0x6a, 0x3b, 0x0, 0x0, 0x73,
    0x0, 0x10, 0x0, 0x0, 0x0, 0x0, 0x0, 0x0,

    /* U+610E "愎" */
    0x0, 0x2, 0x0, 0x0, 0x40, 0x0, 0x0, 0x0,
    0x0, 0x0, 0xd4, 0x0, 0x5f, 0x10, 0x0, 0x0,
    0x0, 0x0, 0xd, 0x40, 0xd, 0xff, 0xff, 0xff,
    0xff, 0x0, 0x0, 0xd4, 0x9, 0xc0, 0x0, 0x0,
    0x0, 0x0, 0x4, 0x6d, 0xe6, 0xff, 0xee, 0xee,
    0xee, 0xe1, 0x0, 0x88, 0xd8, 0xe4, 0xf0, 0x0,
    0x0, 0xf, 0x20, 0xb, 0x5d, 0x42, 0x2f, 0xee,
    0xee, 0xee, 0xf2, 0x0, 0xe2, 0xd4, 0x2, 0xf0,
    0x0, 0x0, 0xf, 0x20, 0x3, 0xd, 0x40, 0x2f,
    0xdd, 0xdd, 0xdd, 0xf2, 0x0, 0x0, 0xd4, 0x0,
    0x27, 0x62, 0x22, 0x2d, 0x10, 0x0, 0xd, 0x40,
    0x5, 0xfd, 0xcc, 0xcc, 0xc0, 0x0, 0x0, 0xd4,
    0x6, 0xef, 0x53, 0x33, 0xcb, 0x0, 0x0, 0xd,
    0x48, 0xe3, 0x5e, 0x31, 0xbb, 0x0, 0x0, 0x0,
    0xd4, 0x31, 0x0, 0x7f, 0xf9, 0x0, 0x0, 0x0,
    0xd, 0x41, 0x48, 0xce, 0x89, 0xfd, 0x97, 0x20,
    0x0, 0xd4, 0x7e, 0x95, 0x0, 0x0, 0x58, 0xc2,
    0x0, 0x0, 0x0, 0x0, 0x0, 0x0, 0x0, 0x0,
    0x0,

    /* U+6115 "愕" */
    0x0, 0x40, 0x0, 0x0, 0x0, 0x0, 0x0, 0x0,
    0x0, 0xe3, 0xc, 0xcc, 0xc1, 0x9c, 0xcc, 0x90,
    0x0, 0xe4, 0xf, 0x33, 0xe1, 0xc5, 0x35, 0xc0,
    0x0, 0xee, 0x6f, 0x0, 0xe1, 0xc3, 0x3, 0xc0,
    0x58, 0xe6, 0xdf, 0xbb, 0xf1, 0xcc, 0xbc, 0xc0,
    0x87, 0xe3, 0xe, 0x44, 0xd1, 0xb6, 0x46, 0xb0,
    0xa5, 0xe3, 0x0, 0x0, 0x0, 0x0, 0x0, 0x0,
    0xd3, 0xe3, 0x6, 0xff, 0xff, 0xff, 0xfb, 0x0,
    0x50, 0xe3, 0x0, 0x0, 0x0, 0x0, 0x0, 0x0,
    0x0, 0xe3, 0xff, 0xff, 0xff, 0xff, 0xff, 0xf7,
    0x0, 0xe3, 0x12, 0xf2, 0x11, 0x11, 0x11, 0x10,
    0x0, 0xe3, 0x4, 0xfe, 0xee, 0xee, 0xed, 0x0,
    0x0, 0xe3, 0x0, 0x11, 0x11, 0x11, 0x5d, 0x0,
    0x0, 0xe3, 0x0, 0x0, 0x0, 0x0, 0x6c, 0x0,
    0x0, 0xe3, 0x0, 0x0, 0x32, 0x22, 0xc9, 0x0,
    0x0, 0xe3, 0x0, 0x0, 0xcf, 0xff, 0xc1, 0x0,
    0x0, 0x0, 0x0, 0x0, 0x0, 0x0, 0x0, 0x0,

    /* U+6120 "愠" */
    0x0, 0x40, 0x0, 0x0, 0x0, 0x0, 0x0, 0x0,
    0x0, 0xe3, 0x1, 0x33, 0x33, 0x33, 0x33, 0x0,
    0x0, 0xe3, 0x5, 0xfd, 0xdd, 0xdd, 0xdf, 0x0,
    0x0, 0xeb, 0x25, 0xc0, 0x0, 0x0, 0x1f, 0x0,
    0x47, 0xe9, 0xc5, 0xff, 0xff, 0xff, 0xff, 0x0,
    0x78, 0xe3, 0x76, 0xc0, 0x0, 0x0, 0x2f, 0x0,
    0xa6, 0xe3, 0x5, 0xc2, 0x22, 0x22, 0x3f, 0x0,
    0xd3, 0xe3, 0x5, 0xfe, 0xee, 0xee, 0xef, 0x0,
    0x70, 0xe3, 0x3, 0x70, 0x0, 0x0, 0x19, 0x0,
    0x0, 0xe3, 0xe, 0xff, 0xff, 0xff, 0xff, 0x80,
    0x0, 0xe3, 0xe, 0x32, 0xf1, 0x3e, 0x19, 0x80,
    0x0, 0xe3, 0xe, 0x21, 0xf0, 0x2e, 0x9, 0x80,
    0x0, 0xe3, 0xe, 0x21, 0xf0, 0x2e, 0x9, 0x80,
    0x0, 0xe3, 0xe, 0x21, 0xf0, 0x2e, 0x9, 0x80,
    0x0, 0xe3, 0xcf, 0xdd, 0xfc, 0xdf, 0xce, 0xe8,
    0x0, 0xe3, 0x44, 0x44, 0x44, 0x44, 0x44, 0x42,

    /* U+6123 "愣" */
    0x0, 0x41, 0x0, 0x0, 0x0, 0x0, 0x0, 0x0,
    0x0, 0xe4, 0x5, 0xdd, 0xdd, 0xdd, 0xdd, 0xd2,
    0x0, 0xe4, 0x6, 0xb3, 0x99, 0x3c, 0x63, 0xe2,
    0x0, 0xe4, 0x6, 0xa0, 0x88, 0xb, 0x40, 0xe2,
    0x46, 0xee, 0x96, 0xa0, 0x88, 0xb, 0x40, 0xe2,
    0x88, 0xe6, 0xf9, 0xff, 0xff, 0xff, 0xff, 0xf2,
    0xa6, 0xe4, 0x43, 0x41, 0x17, 0x71, 0x11, 0x61,
    0xd3, 0xe4, 0x0, 0x0, 0x3, 0xe0, 0x0, 0x0,
    0x60, 0xe4, 0x3f, 0xff, 0xff, 0xff, 0xff, 0xfb,
    0x0, 0xe4, 0x1, 0x19, 0xa1, 0x11, 0x11, 0x10,
    0x0, 0xe4, 0x0, 0xa, 0xa3, 0x33, 0x33, 0x10,
    0x0, 0xe4, 0x0, 0xd, 0xdd, 0xdd, 0xdf, 0x60,
    0x0, 0xe4, 0x0, 0x3f, 0x10, 0x0, 0xd, 0x50,
    0x0, 0xe4, 0x1, 0xda, 0x0, 0x0, 0xe, 0x40,
    0x0, 0xe4, 0x2c, 0xd1, 0x1, 0x21, 0x4f, 0x10,
    0x0, 0xe4, 0x4b, 0x10, 0x6, 0xff, 0xf7, 0x0,
    0x0, 0x0, 0x0, 0x0, 0x0, 0x0, 0x0, 0x0,

    /* U+6126 "愦" */
    0x0, 0x30, 0x0, 0x0, 0x4, 0x10, 0x0, 0x0,
    0x0, 0xe3, 0x0, 0x0, 0xc, 0x40, 0x0, 0x0,
    0x0, 0xe3, 0xa, 0xee, 0xef, 0xfe, 0xee, 0x30,
    0x0, 0xeb, 0x2b, 0x50, 0xc, 0x50, 0xc, 0x40,
    0x32, 0xeb, 0xbb, 0x62, 0x2c, 0x52, 0x2c, 0x40,
    0x95, 0xe3, 0x8b, 0xed, 0xdf, 0xed, 0xdf, 0x40,
    0xb3, 0xe3, 0x0, 0x0, 0xc, 0x40, 0x0, 0x0,
    0xd2, 0xe3, 0xef, 0xff, 0xff, 0xff, 0xff, 0xf7,
    0x0, 0xe3, 0x0, 0x0, 0x0, 0x0, 0x0, 0x0,
    0x0, 0xe3, 0xb, 0xff, 0xff, 0xff, 0xff, 0x40,
    0x0, 0xe3, 0xc, 0x50, 0x7, 0x20, 0xd, 0x40,
    0x0, 0xe3, 0xc, 0x50, 0xf, 0x30, 0xd, 0x40,
    0x0, 0xe3, 0xc, 0x50, 0x4f, 0x30, 0xd, 0x40,
    0x0, 0xe3, 0x4, 0x13, 0xeb, 0xfc, 0x54, 0x10,
    0x0, 0xe3, 0x15, 0xbf, 0x70, 0x18, 0xfd, 0x60,
    0x0, 0xe3, 0x9e, 0x92, 0x0, 0x0, 0x18, 0xc0,
    0x0, 0x0, 0x0, 0x0, 0x0, 0x0, 0x0, 0x0,

    /* U+612B "愫" */
    0x0, 0x4, 0x10, 0x0, 0x0, 0x51, 0x0, 0x0,
    0x0, 0x0, 0xe3, 0x0, 0x0, 0xe, 0x40, 0x0,
    0x0, 0x0, 0xe, 0x35, 0xff, 0xff, 0xff, 0xff,
    0xfd, 0x0, 0x0, 0xe8, 0x0, 0x0, 0xe, 0x30,
    0x0, 0x0, 0x4, 0x4e, 0xc9, 0xbf, 0xff, 0xff,
    0xff, 0xf1, 0x0, 0x96, 0xe4, 0x70, 0x0, 0xe,
    0x30, 0x0, 0x0, 0xb, 0x4e, 0x3b, 0xff, 0xff,
    0xff, 0xff, 0xff, 0x40, 0xe2, 0xe3, 0x0, 0x6d,
    0x60, 0x3, 0xb2, 0x0, 0x6, 0xe, 0x32, 0xce,
    0x99, 0xab, 0xe7, 0x0, 0x0, 0x0, 0xe3, 0xa,
    0x87, 0xdf, 0x82, 0x90, 0x0, 0x0, 0xe, 0x30,
    0x18, 0xd7, 0x10, 0xb, 0xb0, 0x0, 0x0, 0xe3,
    0x5f, 0xfc, 0xcd, 0xef, 0xee, 0xb0, 0x0, 0xe,
    0x31, 0x66, 0x32, 0xf3, 0x11, 0x17, 0x0, 0x0,
    0xe3, 0x7, 0xf4, 0xf, 0x38, 0xe7, 0x0, 0x0,
    0xe, 0x8e, 0xd6, 0x24, 0xf2, 0x5, 0xed, 0x10,
    0x0, 0xe6, 0x60, 0xcf, 0xfa, 0x0, 0x0, 0x60,
    0x0, 0x0, 0x0, 0x0, 0x0, 0x0, 0x0, 0x0,
    0x0,

    /* U+614A "慊" */
    0x0, 0x20, 0x0, 0x3, 0x0, 0x0, 0x40, 0x0,
    0x0, 0xe2, 0x0, 0xd, 0x70, 0x6, 0xe0, 0x0,
    0x0, 0xe2, 0x0, 0x4, 0xc0, 0xd, 0x60, 0x0,
    0x0, 0xe2, 0xd, 0xee, 0xfe, 0xef, 0xee, 0xe6,
    0x24, 0xea, 0x40, 0x1, 0xe0, 0x2d, 0x0, 0x0,
    0x78, 0xe6, 0xe9, 0xee, 0xfe, 0xef, 0xee, 0xc0,
    0xa6, 0xe2, 0x30, 0x1, 0xe0, 0x2d, 0x3, 0xc0,
    0xd3, 0xe2, 0x4d, 0xdd, 0xfd, 0xef, 0xde, 0xfc,
    0x30, 0xe2, 0x1, 0x12, 0xe1, 0x3d, 0x14, 0xd1,
    0x0, 0xe2, 0x0, 0x1, 0xe0, 0x3d, 0x3, 0xc0,
    0x0, 0xe2, 0x9, 0xef, 0xfe, 0xef, 0xee, 0xc0,
    0x0, 0xe2, 0x0, 0xc, 0xe0, 0x2e, 0xb0, 0x30,
    0x0, 0xe2, 0x0, 0xa7, 0xe0, 0x2d, 0x79, 0x0,
    0x0, 0xe2, 0xa, 0xa1, 0xe0, 0x2d, 0xb, 0x90,
    0x0, 0xe2, 0xcb, 0x1, 0xe0, 0x2d, 0x0, 0xc9,
    0x0, 0xe2, 0x20, 0x1, 0xe0, 0x2d, 0x0, 0x0,
    0x0, 0x0, 0x0, 0x0, 0x0, 0x0, 0x0, 0x0,

    /* U+6175 "慵" */
    0x0, 0x10, 0x0, 0x0, 0x0, 0x10, 0x0, 0x0,
    0x0, 0xe2, 0x0, 0x0, 0x5, 0xd0, 0x0, 0x0,
    0x0, 0xe2, 0xe, 0xff, 0xff, 0xff, 0xff, 0xf5,
    0x0, 0xe3, 0xe, 0x20, 0x0, 0x61, 0x0, 0x0,
    0x35, 0xee, 0x3e, 0x26, 0xdd, 0xfd, 0xdd, 0xd0,
    0x78, 0xe8, 0xce, 0x42, 0x22, 0xd4, 0x24, 0xd0,
    0x96, 0xe2, 0x3e, 0xbb, 0xbb, 0xfb, 0xbb, 0xf2,
    0xb4, 0xe2, 0xe, 0x23, 0x66, 0xe8, 0x67, 0xd0,
    0x51, 0xe2, 0xe, 0x13, 0x66, 0xe7, 0x66, 0x90,
    0x0, 0xe2, 0xf, 0x1d, 0xdd, 0xfd, 0xdd, 0xd0,
    0x0, 0xe2, 0xf, 0xf, 0x0, 0xd2, 0x0, 0xb0,
    0x0, 0xe2, 0x2e, 0xf, 0xdd, 0xfd, 0xdd, 0xf0,
    0x0, 0xe2, 0x5b, 0xf, 0x0, 0xd2, 0x0, 0xb0,
    0x0, 0xe2, 0xa7, 0xf, 0xdd, 0xfd, 0xdd, 0xf0,
    0x0, 0xe4, 0xf1, 0xf, 0x0, 0xd2, 0x0, 0xc0,
    0x0, 0xe8, 0x90, 0xf, 0x0, 0xd3, 0xee, 0xb0,
    0x0, 0x0, 0x0, 0x1, 0x0, 0x0, 0x0, 0x0,

    /* U+6194 "憔" */
    0x0, 0x4, 0x10, 0x0, 0x30, 0x3, 0x0, 0x0,
    0x0, 0x0, 0xe3, 0x0, 0x6d, 0x2, 0xf2, 0x0,
    0x0, 0x0, 0xe, 0x60, 0xd, 0x70, 0x8, 0x60,
    0x0, 0x0, 0x0, 0xed, 0xb5, 0xff, 0xff, 0xff,
    0xff, 0xf7, 0x3, 0x4e, 0x49, 0xec, 0x0, 0xf,
    0x10, 0x0, 0x0, 0x96, 0xe3, 0x9f, 0xd3, 0x33,
    0xf3, 0x33, 0x20, 0xb, 0x4e, 0x3d, 0x9f, 0xdd,
    0xdf, 0xdd, 0xdc, 0x0, 0xe2, 0xe3, 0x5, 0xc0,
    0x0, 0xf1, 0x0, 0x0, 0x3, 0xe, 0x30, 0x5f,
    0xff, 0xff, 0xff, 0xfe, 0x0, 0x0, 0xe3, 0x5,
    0xc0, 0x1, 0xf1, 0x0, 0x0, 0x0, 0xe, 0x30,
    0x5c, 0x0, 0x1f, 0x10, 0x0, 0x0, 0x0, 0xe3,
    0x5, 0xff, 0xff, 0xff, 0xff, 0xf6, 0x0, 0xe,
    0x30, 0x35, 0x0, 0x0, 0x10, 0x23, 0x0, 0x0,
    0xe3, 0x9, 0xb0, 0xe1, 0x5d, 0x5, 0xe0, 0x0,
    0xe, 0x31, 0xf3, 0xb, 0x60, 0xf4, 0xd, 0x60,
    0x0, 0xe3, 0x6b, 0x0, 0x55, 0x6, 0x30, 0x56,
    0x0, 0x0, 0x0, 0x0, 0x0, 0x0, 0x0, 0x0,
    0x0,

    /* U+61A7 "憧" */
    0x0, 0x2, 0x0, 0x0, 0x0, 0x13, 0x0, 0x0,
    0x0, 0x0, 0xe3, 0x0, 0x0, 0x6, 0xd0, 0x0,
    0x0, 0x0, 0xe, 0x30, 0x4f, 0xff, 0xff, 0xff,
    0xff, 0x40, 0x0, 0xe3, 0x0, 0x7, 0x80, 0x0,
    0xc2, 0x0, 0x2, 0x3e, 0xb4, 0x0, 0x2e, 0x0,
    0x7d, 0x0, 0x0, 0x79, 0xe8, 0xec, 0xff, 0xff,
    0xff, 0xff, 0xf9, 0xa, 0x6e, 0x38, 0x21, 0x11,
    0x11, 0x11, 0x10, 0x0, 0xd3, 0xe3, 0x0, 0xfd,
    0xdd, 0xfd, 0xde, 0xb0, 0xa, 0x1e, 0x30, 0xf,
    0x32, 0x5e, 0x22, 0x7b, 0x0, 0x0, 0xe3, 0x0,
    0xfb, 0xbc, 0xfb, 0xbd, 0xb0, 0x0, 0xe, 0x30,
    0xf, 0x43, 0x6e, 0x33, 0x8b, 0x0, 0x0, 0xe3,
    0x0, 0xfb, 0xab, 0xfa, 0xac, 0xb0, 0x0, 0xe,
    0x30, 0x13, 0x33, 0x6e, 0x33, 0x33, 0x0, 0x0,
    0xe3, 0x3, 0xbb, 0xbc, 0xfb, 0xbb, 0xb0, 0x0,
    0xe, 0x30, 0x0, 0x0, 0x3e, 0x0, 0x0, 0x0,
    0x0, 0xe3, 0x2f, 0xff, 0xff, 0xff, 0xff, 0xfb,

    /* U+61AC "憬" */
    0x0, 0x2, 0x10, 0x0, 0x0, 0x0, 0x0, 0x0,
    0x0, 0x0, 0xc5, 0x6, 0xbb, 0xbb, 0xbb, 0xba,
    0x0, 0x0, 0xc, 0x50, 0x8a, 0x22, 0x22, 0x25,
    0xe0, 0x0, 0x0, 0xc8, 0x8, 0xed, 0xdd, 0xdd,
    0xde, 0x0, 0x3, 0x5c, 0xd9, 0x89, 0x0, 0x0,
    0x3, 0xe0, 0x0, 0x88, 0xc6, 0xda, 0xfd, 0xdd,
    0xdd, 0xee, 0x0, 0xb, 0x5c, 0x50, 0x12, 0x0,
    0xe3, 0x0, 0x30, 0x0, 0xe2, 0xc5, 0x9f, 0xff,
    0xff, 0xff, 0xff, 0xf1, 0x6, 0xc, 0x50, 0x0,
    0x0, 0x0, 0x0, 0x0, 0x0, 0x0, 0xc5, 0x9,
    0xee, 0xee, 0xee, 0xef, 0x0, 0x0, 0xc, 0x50,
    0xa7, 0x0, 0x0, 0x1, 0xf0, 0x0, 0x0, 0xc5,
    0xa, 0xee, 0xee, 0xee, 0xef, 0x0, 0x0, 0xc,
    0x50, 0x75, 0x0, 0xc5, 0x1, 0xb0, 0x0, 0x0,
    0xc5, 0x1, 0xaa, 0xc, 0x57, 0xc4, 0x0, 0x0,
    0xc, 0x58, 0xe8, 0x32, 0xe4, 0x7, 0xfc, 0x10,
    0x0, 0xc5, 0x82, 0xd, 0xfc, 0x0, 0x1, 0x60,
    0x0, 0x0, 0x0, 0x0, 0x0, 0x0, 0x0, 0x0,
    0x0,

    /* U+61B7 "憷" */
    0x0, 0x40, 0x0, 0x1, 0x0, 0x0, 0x20, 0x0,
    0x0, 0xe3, 0x0, 0x3c, 0x0, 0x0, 0xf0, 0x0,
    0x0, 0xe3, 0x4, 0x6d, 0x42, 0x34, 0xf4, 0x40,
    0x0, 0xe8, 0x2c, 0xdf, 0xc7, 0xbd, 0xfc, 0xc1,
    0x32, 0xea, 0xb0, 0xcd, 0x70, 0xa, 0xf1, 0x0,
    0x95, 0xe3, 0x6a, 0xad, 0x89, 0x98, 0xfd, 0x90,
    0xb3, 0xe3, 0xa9, 0x3c, 0xb, 0xa0, 0xf0, 0xa3,
    0xd2, 0xe3, 0x10, 0x28, 0x2, 0x0, 0xa0, 0x0,
    0x0, 0xe3, 0x5f, 0xff, 0xff, 0xff, 0xff, 0xe0,
    0x0, 0xe3, 0x2, 0x51, 0x1c, 0x61, 0x19, 0xc0,
    0x0, 0xe3, 0x4, 0xd0, 0xb, 0x50, 0x8, 0x30,
    0x0, 0xe3, 0x6, 0xb0, 0xb, 0xee, 0xee, 0xc0,
    0x0, 0xe3, 0xa, 0xf1, 0xb, 0x73, 0x33, 0x20,
    0x0, 0xe3, 0x1e, 0xac, 0xb, 0x50, 0x0, 0x0,
    0x0, 0xe3, 0x8a, 0xb, 0xde, 0x72, 0x23, 0x31,
    0x0, 0xe4, 0xc0, 0x0, 0x7d, 0xff, 0xff, 0xf5,
    0x0, 0x0, 0x0, 0x0, 0x0, 0x0, 0x0, 0x0,

    /* U+61D4 "懔" */
    0x0, 0x40, 0x0, 0x0, 0x4, 0x0, 0x0, 0x0,
    0x0, 0xe3, 0x0, 0x0, 0x2f, 0x20, 0x0, 0x0,
    0x0, 0xe3, 0x9e, 0xee, 0xef, 0xfe, 0xee, 0xe2,
    0x0, 0xe3, 0x3, 0x33, 0x33, 0x33, 0x33, 0x10,
    0x44, 0xec, 0x1f, 0x99, 0x99, 0x99, 0x9c, 0x80,
    0x86, 0xea, 0xaf, 0x7, 0xbb, 0xbb, 0x17, 0x80,
    0xa4, 0xe3, 0x1f, 0x9, 0x60, 0xd, 0x27, 0x80,
    0xd2, 0xe3, 0xf, 0x8, 0xcb, 0xbd, 0x27, 0x80,
    0x60, 0xe3, 0xf, 0xaa, 0xaa, 0xaa, 0xac, 0x80,
    0x0, 0xe3, 0x9, 0x22, 0x22, 0x22, 0x25, 0x50,
    0x0, 0xe3, 0x1, 0xdd, 0xdd, 0xdd, 0xd9, 0x0,
    0x0, 0xe3, 0x0, 0x0, 0x0, 0x0, 0x0, 0x0,
    0x0, 0xe3, 0x7d, 0xdd, 0xdf, 0xed, 0xdd, 0xd1,
    0x0, 0xe3, 0x1, 0x94, 0xb, 0x62, 0x92, 0x0,
    0x0, 0xe4, 0x8e, 0x71, 0xd, 0x50, 0x7e, 0xa1,
    0x0, 0xe3, 0x61, 0x2f, 0xfd, 0x10, 0x1, 0x70,
    0x0, 0x0, 0x0, 0x0, 0x0, 0x0, 0x0, 0x0,

    /* U+61F5 "懵" */
    0x0, 0x10, 0x0, 0x2, 0x0, 0x1, 0x10, 0x0,
    0x0, 0xe2, 0x12, 0x2d, 0x52, 0x28, 0xa2, 0x21,
    0x0, 0xe2, 0x7e, 0xef, 0xee, 0xef, 0xfe, 0xe9,
    0x0, 0xe5, 0x0, 0x8, 0x20, 0x4, 0x60, 0x0,
    0x44, 0xee, 0x3f, 0xdd, 0xfd, 0xdf, 0xdd, 0xd0,
    0x77, 0xe8, 0x9f, 0x13, 0xd1, 0x1e, 0x12, 0xd0,
    0x95, 0xe3, 0xf, 0xcc, 0xcc, 0xcc, 0xcc, 0xd0,
    0xb4, 0xe2, 0x79, 0x88, 0x88, 0x88, 0x88, 0x86,
    0x0, 0xe2, 0xe7, 0x66, 0x66, 0x66, 0x66, 0x8c,
    0x0, 0xe2, 0xd5, 0xed, 0xdd, 0xdd, 0xde, 0x5a,
    0x0, 0xe2, 0x3, 0xd0, 0x0, 0x0, 0xf, 0x10,
    0x0, 0xe2, 0x3, 0xfc, 0xcc, 0xcc, 0xcf, 0x10,
    0x0, 0xe2, 0x3, 0xd0, 0x0, 0x0, 0xf, 0x10,
    0x0, 0xe2, 0x3, 0xfc, 0xcc, 0xcc, 0xcf, 0x10,
    0x0, 0xe2, 0x3, 0xd2, 0x22, 0x22, 0x3f, 0x10,
    0x0, 0xe2, 0x3, 0xfa, 0xaa, 0xaa, 0xaf, 0x10,

    /* U+6215 "戕" */
    0x0, 0x0, 0x3, 0x0, 0x2, 0x0, 0x0, 0x0,
    0x1, 0x80, 0x1f, 0x0, 0xf, 0x38, 0x80, 0x0,
    0x2, 0xe0, 0x1f, 0x0, 0xf, 0x42, 0xdd, 0x20,
    0x2, 0xe0, 0x1f, 0x0, 0xe, 0x40, 0x8, 0x0,
    0x2, 0xe0, 0x1f, 0x0, 0xd, 0x74, 0x68, 0xa3,
    0x2, 0xfe, 0xef, 0x9d, 0xff, 0xfd, 0xb9, 0x72,
    0x0, 0x22, 0x3f, 0x65, 0x3c, 0x60, 0x0, 0x0,
    0x0, 0x0, 0x1f, 0x0, 0xa, 0x70, 0x1e, 0x20,
    0x24, 0x44, 0x5f, 0x0, 0x8, 0x90, 0x8d, 0x0,
    0x6c, 0xfd, 0xcf, 0x0, 0x6, 0xb3, 0xf4, 0x0,
    0x0, 0xc5, 0x1f, 0x0, 0x3, 0xed, 0x90, 0x0,
    0x0, 0xd4, 0x1f, 0x0, 0x0, 0xfd, 0x0, 0x10,
    0x1, 0xf1, 0x1f, 0x0, 0xb, 0xf9, 0x0, 0x9a,
    0x9, 0xc0, 0x1f, 0x1, 0xcd, 0x5f, 0x20, 0xb8,
    0x6f, 0x30, 0x1f, 0x5e, 0xc1, 0x8, 0xd3, 0xe4,
    0x14, 0x0, 0x1f, 0x37, 0x0, 0x0, 0x8f, 0xc0,
    0x0, 0x0, 0x2, 0x0, 0x0, 0x0, 0x0, 0x0,

    /* U+6434 "搴" */
    0x0, 0x0, 0x0, 0x1, 0x20, 0x0, 0x0, 0x0,
    0x0, 0x0, 0x0, 0x9, 0xd0, 0x0, 0x0, 0x0,
    0xf, 0xee, 0xee, 0xee, 0xee, 0xee, 0xee, 0xf6,
    0xf, 0x10, 0x5, 0x30, 0x0, 0x71, 0x0, 0xa6,
    0x5, 0x6d, 0xdf, 0xed, 0xdd, 0xfd, 0xdd, 0x42,
    0x0, 0x0, 0x9, 0x50, 0x0, 0xd2, 0x0, 0x0,
    0x0, 0xad, 0xdf, 0xed, 0xdd, 0xfd, 0xdd, 0x50,
    0x0, 0x0, 0x9, 0x50, 0x0, 0xd2, 0x0, 0x0,
    0x4d, 0xdd, 0xef, 0xdd, 0xdd, 0xff, 0xdd, 0xdc,
    0x0, 0x6, 0xe7, 0x0, 0x12, 0x5d, 0xa2, 0x0,
    0x18, 0xdb, 0x2c, 0xdd, 0xfb, 0xa2, 0x7e, 0xd7,
    0x18, 0x25, 0x66, 0x69, 0xe6, 0x66, 0x61, 0x53,
    0x0, 0x3, 0x55, 0x57, 0xe5, 0x55, 0x50, 0x0,
    0x9, 0xcc, 0xcc, 0xcd, 0xfc, 0xcc, 0xcc, 0xc2,
    0x0, 0x0, 0x1, 0x7, 0xc0, 0x0, 0x0, 0x0,
    0x0, 0x0, 0xd, 0xff, 0x70, 0x0, 0x0, 0x0,

    /* U+66B9 "暹" */
    0x9, 0x50, 0x6, 0x88, 0x88, 0x88, 0x88, 0x10,
    0x7, 0xf2, 0xc, 0x74, 0x44, 0x44, 0x4f, 0x20,
    0x0, 0xcc, 0xc, 0xdc, 0xcc, 0xcc, 0xcf, 0x20,
    0x0, 0x39, 0xc, 0x40, 0x0, 0x0, 0xe, 0x20,
    0x0, 0x0, 0xa, 0xcc, 0xcc, 0xdc, 0xcf, 0x20,
    0x8b, 0xb3, 0x0, 0xd2, 0x6, 0xb0, 0x2, 0x0,
    0x57, 0xf4, 0x8, 0xfc, 0xcc, 0xfc, 0xcc, 0xb0,
    0x0, 0xe4, 0x3f, 0x90, 0x0, 0xf1, 0x0, 0x0,
    0x0, 0xe5, 0xeb, 0xec, 0xcc, 0xfc, 0xcc, 0x30,
    0x0, 0xe4, 0x47, 0x90, 0x0, 0xf1, 0x0, 0x0,
    0x0, 0xe4, 0x7, 0xec, 0xcc, 0xfc, 0xcc, 0x40,
    0x0, 0xe4, 0x7, 0xa2, 0x22, 0xf3, 0x22, 0x20,
    0x7, 0xf8, 0x7, 0xda, 0xaa, 0xaa, 0xaa, 0xa1,
    0x7f, 0x5e, 0xa6, 0x51, 0x11, 0x12, 0x22, 0x22,
    0xa5, 0x2, 0xae, 0xff, 0xff, 0xff, 0xff, 0xf7,
    0x0, 0x0, 0x0, 0x0, 0x0, 0x0, 0x0, 0x0,

    /* U+6748 "杈" */
    0x0, 0x2, 0x0, 0x0, 0x0, 0x0, 0x0, 0x0,
    0x0, 0x4d, 0x0, 0x22, 0x22, 0x22, 0x22, 0x10,
    0x0, 0x4d, 0x1, 0xff, 0xff, 0xff, 0xff, 0xe0,
    0x1, 0x5d, 0x10, 0x1f, 0x10, 0x0, 0x6, 0xc0,
    0x8f, 0xff, 0xfe, 0xf, 0x35, 0xb0, 0x9, 0x90,
    0x0, 0x7d, 0x0, 0xc, 0x51, 0xf4, 0xd, 0x60,
    0x0, 0xdd, 0x10, 0x8, 0xa0, 0x7b, 0x2f, 0x10,
    0x3, 0xfe, 0xe4, 0x4, 0xe0, 0x0, 0x8c, 0x0,
    0xa, 0xcd, 0x5f, 0x40, 0xd6, 0x1, 0xf4, 0x0,
    0x3f, 0x6d, 0x6, 0x30, 0x6d, 0xa, 0xc0, 0x0,
    0xa9, 0x4d, 0x0, 0x0, 0xd, 0xcf, 0x20, 0x0,
    0x41, 0x4d, 0x0, 0x0, 0x7, 0xfa, 0x0, 0x0,
    0x0, 0x4d, 0x0, 0x0, 0x6f, 0xbf, 0x80, 0x0,
    0x0, 0x4d, 0x0, 0x19, 0xf7, 0x5, 0xfb, 0x30,
    0x0, 0x4d, 0x6, 0xee, 0x50, 0x0, 0x3d, 0xf7,
    0x0, 0x4d, 0xa, 0xa1, 0x0, 0x0, 0x0, 0x82,
    0x0, 0x0, 0x0, 0x0, 0x0, 0x0, 0x0, 0x0,

    /* U+674C "杌" */
    0x0, 0x12, 0x0, 0x0, 0x0, 0x0, 0x0, 0x0,
    0x0, 0x6b, 0x0, 0x0, 0x0, 0x0, 0x0, 0x0,
    0x0, 0x6b, 0x2, 0xdd, 0xdd, 0xdd, 0xdd, 0xd4,
    0x0, 0x6b, 0x1, 0x46, 0xf5, 0x4e, 0x84, 0x41,
    0x9f, 0xff, 0xfe, 0x2, 0xf0, 0xe, 0x40, 0x0,
    0x1, 0x9c, 0x11, 0x2, 0xf0, 0xe, 0x40, 0x0,
    0x0, 0xeb, 0x0, 0x2, 0xf0, 0xe, 0x40, 0x0,
    0x3, 0xfd, 0xd1, 0x2, 0xf0, 0xe, 0x40, 0x0,
    0x9, 0xdb, 0x9d, 0x2, 0xf0, 0xe, 0x40, 0x0,
    0x1f, 0x8b, 0xb, 0x23, 0xf0, 0xe, 0x40, 0x0,
    0x9a, 0x6b, 0x0, 0x5, 0xd0, 0xe, 0x40, 0x0,
    0x82, 0x6b, 0x0, 0x8, 0xa0, 0xe, 0x40, 0x53,
    0x0, 0x6b, 0x0, 0xd, 0x50, 0xe, 0x40, 0xa8,
    0x0, 0x6b, 0x0, 0x6e, 0x0, 0xe, 0x40, 0xb7,
    0x0, 0x6b, 0x2, 0xe4, 0x0, 0xd, 0x83, 0xe4,
    0x0, 0x6b, 0x9, 0x70, 0x0, 0x6, 0xff, 0xb0,

    /* U+6753 "杓" */
    0x0, 0x12, 0x0, 0x0, 0x10, 0x0, 0x0, 0x0,
    0x0, 0x7b, 0x0, 0x0, 0xbc, 0x0, 0x0, 0x0,
    0x0, 0x7b, 0x0, 0x1, 0xf5, 0x0, 0x0, 0x0,
    0x11, 0x7c, 0x11, 0x7, 0xfb, 0xbb, 0xbb, 0xb1,
    0xdf, 0xff, 0xff, 0x1e, 0xa7, 0x77, 0x79, 0xf1,
    0x0, 0xab, 0x0, 0x7f, 0x10, 0x0, 0x4, 0xf0,
    0x0, 0xfb, 0x0, 0xe7, 0x0, 0x0, 0x4, 0xf0,
    0x5, 0xfd, 0xa0, 0x32, 0xa0, 0x0, 0x4, 0xf0,
    0xc, 0xcc, 0xcb, 0x0, 0xdc, 0x0, 0x5, 0xf0,
    0x5e, 0x7b, 0x1e, 0x50, 0x1e, 0xb0, 0x5, 0xe0,
    0xd7, 0x7b, 0x1, 0x0, 0x4, 0xf5, 0x6, 0xe0,
    0x90, 0x7b, 0x0, 0x0, 0x0, 0x20, 0x7, 0xd0,
    0x0, 0x7b, 0x0, 0x0, 0x0, 0x0, 0x7, 0xc0,
    0x0, 0x7b, 0x0, 0x0, 0x0, 0x0, 0x9, 0xb0,
    0x0, 0x7b, 0x0, 0x0, 0x25, 0x43, 0x5e, 0x80,
    0x0, 0x7b, 0x0, 0x0, 0x3f, 0xff, 0xfa, 0x10,
    0x0, 0x0, 0x0, 0x0, 0x0, 0x0, 0x0, 0x0,

    /* U+675E "杞" */
    0x0, 0x2, 0x0, 0x0, 0x0, 0x0, 0x0, 0x0,
    0x0, 0x0, 0xe4, 0x0, 0x1, 0x11, 0x11, 0x10,
    0x0, 0x0, 0xe, 0x40, 0xc, 0xff, 0xff, 0xff,
    0xe0, 0x0, 0x11, 0xe5, 0x10, 0x1, 0x11, 0x11,
    0x5e, 0x0, 0x3f, 0xff, 0xff, 0xa0, 0x0, 0x0,
    0x4, 0xe0, 0x0, 0x12, 0xf5, 0x10, 0x0, 0x0,
    0x0, 0x4e, 0x0, 0x0, 0x7f, 0x40, 0x0, 0x0,
    0x0, 0x4, 0xe0, 0x0, 0xd, 0xfd, 0xa0, 0x8f,
    0xff, 0xff, 0xfe, 0x0, 0x5, 0xce, 0x6e, 0x78,
    0xb2, 0x22, 0x25, 0xb0, 0x0, 0xe5, 0xe4, 0x49,
    0x8b, 0x0, 0x0, 0x0, 0x0, 0x6d, 0xe, 0x40,
    0x8, 0xb0, 0x0, 0x0, 0x0, 0x2, 0x30, 0xe4,
    0x0, 0x8b, 0x0, 0x0, 0x2, 0x90, 0x0, 0xe,
    0x40, 0x8, 0xb0, 0x0, 0x0, 0x4e, 0x0, 0x0,
    0xe4, 0x0, 0x7d, 0x0, 0x0, 0x9, 0xb0, 0x0,
    0xe, 0x40, 0x2, 0xfe, 0xee, 0xee, 0xf4, 0x0,
    0x0, 0xe4, 0x0, 0x1, 0x44, 0x44, 0x41, 0x0,

    /* U+6769 "杩" */
    0x0, 0x13, 0x0, 0x0, 0x0, 0x0, 0x0, 0x0,
    0x0, 0x5d, 0x0, 0xae, 0xee, 0xee, 0xee, 0x10,
    0x0, 0x5d, 0x0, 0x24, 0x44, 0x44, 0x6f, 0x0,
    0x0, 0x5d, 0x0, 0x4, 0x50, 0x0, 0x4f, 0x0,
    0x6f, 0xff, 0xfe, 0xa, 0x80, 0x0, 0x5d, 0x0,
    0x12, 0xad, 0x22, 0xc, 0x70, 0x0, 0x7c, 0x0,
    0x0, 0xdd, 0x0, 0xd, 0x50, 0x0, 0x8a, 0x0,
    0x2, 0xfe, 0xd2, 0xf, 0x52, 0x22, 0xaa, 0x20,
    0x9, 0xdd, 0x9d, 0x1f, 0xff, 0xff, 0xff, 0xf1,
    0x1f, 0x8d, 0x8, 0x0, 0x0, 0x0, 0x2, 0xf1,
    0x9b, 0x5d, 0x0, 0x0, 0x0, 0x0, 0x2, 0xf0,
    0x83, 0x5d, 0x3, 0xff, 0xff, 0xff, 0xf3, 0xf0,
    0x0, 0x5d, 0x0, 0x22, 0x22, 0x22, 0x24, 0xe0,
    0x0, 0x5d, 0x0, 0x0, 0x0, 0x0, 0x5, 0xd0,
    0x0, 0x5d, 0x0, 0x0, 0x2, 0x54, 0x4d, 0xa0,
    0x0, 0x5d, 0x0, 0x0, 0x5, 0xff, 0xfc, 0x10,
    0x0, 0x0, 0x0, 0x0, 0x0, 0x0, 0x0, 0x0,

    /* U+676A "杪" */
    0x0, 0x3, 0x0, 0x0, 0x0, 0x0, 0x0, 0x0,
    0x0, 0x2f, 0x0, 0x0, 0x0, 0xe4, 0x0, 0x0,
    0x0, 0x2f, 0x0, 0x0, 0x0, 0xe4, 0x0, 0x0,
    0x0, 0x2f, 0x0, 0x2, 0x60, 0xe4, 0x48, 0x0,
    0x6f, 0xff, 0xfe, 0x9, 0xa0, 0xe4, 0x2f, 0x30,
    0x1, 0x6f, 0x11, 0xe, 0x50, 0xe4, 0x9, 0xb0,
    0x0, 0xbf, 0x0, 0x3f, 0x0, 0xe4, 0x1, 0xf4,
    0x0, 0xff, 0x90, 0x9b, 0x0, 0xe4, 0x0, 0x85,
    0x7, 0xcf, 0xcb, 0x54, 0x0, 0xe4, 0x1, 0x40,
    0x1f, 0x5f, 0x1c, 0x20, 0x0, 0xe4, 0xb, 0xb0,
    0x7b, 0x2f, 0x0, 0x0, 0x0, 0xc3, 0x7e, 0x10,
    0x42, 0x2f, 0x0, 0x0, 0x0, 0x8, 0xf4, 0x0,
    0x0, 0x2f, 0x0, 0x0, 0x1, 0xaf, 0x30, 0x0,
    0x0, 0x2f, 0x0, 0x0, 0x7f, 0xc2, 0x0, 0x0,
    0x0, 0x2f, 0x5, 0xaf, 0xe6, 0x0, 0x0, 0x0,
    0x0, 0x2f, 0x7, 0xa4, 0x0, 0x0, 0x0, 0x0,

    /* U+6773 "杳" */
    0x0, 0x0, 0x0, 0x0, 0x0, 0x0, 0x0, 0x0,
    0x0, 0x0, 0x0, 0x6, 0xb0, 0x0, 0x0, 0x0,
    0x2, 0x22, 0x22, 0x27, 0xc2, 0x22, 0x22, 0x21,
    0x1f, 0xff, 0xff, 0xff, 0xff, 0xff, 0xff, 0xf8,
    0x0, 0x0, 0x1, 0xdc, 0xdd, 0x50, 0x0, 0x0,
    0x0, 0x0, 0x4e, 0x56, 0xb1, 0xd9, 0x10, 0x0,
    0x0, 0x2a, 0xe3, 0x6, 0xb0, 0xa, 0xe6, 0x0,
    0x2a, 0xf8, 0x0, 0x3, 0x70, 0x0, 0x5e, 0xe7,
    0x2a, 0xac, 0xcc, 0xcc, 0xcc, 0xcc, 0xcd, 0x76,
    0x0, 0x9b, 0x55, 0x55, 0x55, 0x55, 0x6f, 0x0,
    0x0, 0x99, 0x0, 0x0, 0x0, 0x0, 0x2f, 0x0,
    0x0, 0x9f, 0xdd, 0xdd, 0xdd, 0xdd, 0xef, 0x0,
    0x0, 0x9b, 0x33, 0x33, 0x33, 0x33, 0x5f, 0x0,
    0x0, 0x99, 0x0, 0x0, 0x0, 0x0, 0x2f, 0x0,
    0x0, 0x9f, 0xee, 0xee, 0xee, 0xee, 0xef, 0x0,
    0x0, 0x9a, 0x22, 0x22, 0x22, 0x22, 0x4f, 0x0,

    /* U+6775 "杵" */
    0x0, 0x14, 0x0, 0x0, 0x30, 0x0, 0x0, 0x0,
    0x0, 0x4e, 0x0, 0x1, 0xf1, 0x0, 0x0, 0x0,
    0x0, 0x4e, 0x0, 0x7, 0xc0, 0x0, 0x0, 0x0,
    0x2, 0x5e, 0x21, 0xd, 0xff, 0xff, 0xff, 0xf2,
    0x7f, 0xff, 0xfe, 0x4e, 0x22, 0xe6, 0x22, 0x20,
    0x0, 0x8e, 0x0, 0xd8, 0x0, 0xe5, 0x0, 0x0,
    0x0, 0xde, 0x51, 0xd1, 0x0, 0xe5, 0x0, 0x0,
    0x2, 0xfe, 0xe4, 0x0, 0x0, 0xe5, 0x0, 0x0,
    0x8, 0xce, 0x6a, 0x55, 0x55, 0xe9, 0x55, 0x54,
    0x1f, 0x7e, 0x0, 0xbc, 0xcc, 0xfd, 0xcc, 0xc9,
    0x8c, 0x4e, 0x0, 0x0, 0x0, 0xe5, 0x0, 0x0,
    0x73, 0x4e, 0x0, 0x0, 0x0, 0xe5, 0x0, 0x0,
    0x0, 0x4e, 0x0, 0x0, 0x0, 0xe5, 0x0, 0x0,
    0x0, 0x4e, 0x0, 0x0, 0x0, 0xe5, 0x0, 0x0,
    0x0, 0x4e, 0x0, 0x0, 0x0, 0xe5, 0x0, 0x0,
    0x0, 0x4e, 0x0, 0x0, 0x0, 0xe5, 0x0, 0x0,
    0x0, 0x0, 0x0, 0x0, 0x0, 0x0, 0x0, 0x0,

    /* U+6777 "杷" */
    0x0, 0x2, 0x10, 0x0, 0x0, 0x0, 0x0, 0x0,
    0x0, 0x0, 0xb6, 0x0, 0x22, 0x22, 0x22, 0x22,
    0x0, 0x0, 0xb, 0x60, 0xf, 0xff, 0xff, 0xff,
    0xf4, 0x0, 0x0, 0xb6, 0x0, 0xf3, 0x4, 0xe0,
    0xf, 0x40, 0xe, 0xff, 0xff, 0x7f, 0x30, 0x4e,
    0x0, 0xf4, 0x0, 0x1, 0xf6, 0x0, 0xf3, 0x4,
    0xe0, 0xf, 0x40, 0x0, 0x5f, 0x60, 0xf, 0x30,
    0x4e, 0x0, 0xf4, 0x0, 0xa, 0xee, 0x90, 0xfd,
    0xcd, 0xfc, 0xcf, 0x40, 0x0, 0xdb, 0x7e, 0x8f,
    0x75, 0x55, 0x55, 0xf4, 0x0, 0x69, 0xb6, 0x43,
    0xf3, 0x0, 0x0, 0x7, 0x20, 0xd, 0x4b, 0x60,
    0xf, 0x30, 0x0, 0x0, 0x0, 0x0, 0x90, 0xb6,
    0x0, 0xf3, 0x0, 0x0, 0x0, 0x84, 0x0, 0xb,
    0x60, 0xf, 0x30, 0x0, 0x0, 0xd, 0x70, 0x0,
    0xb6, 0x0, 0xf3, 0x0, 0x0, 0x0, 0xf4, 0x0,
    0xb, 0x60, 0xe, 0x92, 0x22, 0x22, 0x7f, 0x0,
    0x0, 0xb6, 0x0, 0x6e, 0xff, 0xff, 0xfe, 0x50,

    /* U+677C "杼" */
    0x0, 0x13, 0x0, 0x0, 0x0, 0x0, 0x0, 0x0,
    0x0, 0x4d, 0x0, 0x12, 0x22, 0x22, 0x22, 0x20,
    0x0, 0x4d, 0x0, 0x8f, 0xff, 0xff, 0xff, 0xf0,
    0x0, 0x4d, 0x0, 0x1, 0x30, 0x0, 0x6f, 0x50,
    0x8f, 0xff, 0xfe, 0x5, 0xf6, 0x8, 0xf4, 0x0,
    0x0, 0x8d, 0x0, 0x0, 0x4f, 0xce, 0x30, 0x0,
    0x0, 0xcd, 0x0, 0x0, 0x2, 0xd9, 0x0, 0x0,
    0x2, 0xfe, 0xe6, 0xff, 0xff, 0xff, 0xff, 0xf8,
    0x9, 0xad, 0xac, 0x33, 0x33, 0xf6, 0x33, 0xd7,
    0x2e, 0x5d, 0x1a, 0x0, 0x0, 0xe4, 0x1, 0xf2,
    0xa8, 0x4d, 0x0, 0x0, 0x0, 0xe4, 0x7, 0xc0,
    0x51, 0x4d, 0x0, 0x0, 0x0, 0xe4, 0x1, 0x20,
    0x0, 0x4d, 0x0, 0x0, 0x0, 0xe4, 0x0, 0x0,
    0x0, 0x4d, 0x0, 0x0, 0x0, 0xf4, 0x0, 0x0,
    0x0, 0x4d, 0x0, 0x4, 0x36, 0xf2, 0x0, 0x0,
    0x0, 0x4d, 0x0, 0xf, 0xff, 0x80, 0x0, 0x0,
    0x0, 0x0, 0x0, 0x0, 0x0, 0x0, 0x0, 0x0,

    /* U+6787 "枇" */
    0x0, 0x15, 0x0, 0x12, 0x0, 0x13, 0x0, 0x0,
    0x0, 0x3, 0xe0, 0x7, 0xa0, 0x4, 0xe0, 0x0,
    0x0, 0x0, 0x3e, 0x0, 0x7a, 0x0, 0x4e, 0x0,
    0x0, 0x0, 0x25, 0xe2, 0x27, 0xa0, 0x4, 0xe0,
    0x1, 0x10, 0x4f, 0xff, 0xfd, 0x7a, 0x0, 0x4e,
    0x0, 0xca, 0x0, 0x5, 0xe0, 0x7, 0xb2, 0x24,
    0xe0, 0xbd, 0x10, 0x0, 0x9e, 0x0, 0x7f, 0xfe,
    0x4e, 0xbd, 0x10, 0x0, 0xe, 0xfb, 0x17, 0xa0,
    0x4, 0xfc, 0x10, 0x0, 0x5, 0xde, 0x9d, 0x8a,
    0x0, 0x4f, 0x0, 0x0, 0x0, 0xd7, 0xe0, 0x67,
    0xa0, 0x4, 0xe0, 0x0, 0x0, 0x6d, 0x3e, 0x0,
    0x7a, 0x0, 0x4e, 0x0, 0x0, 0x5, 0x53, 0xe0,
    0x7, 0xa0, 0x4, 0xe0, 0x0, 0x80, 0x0, 0x3e,
    0x0, 0x7a, 0x1, 0x4e, 0x0, 0x1f, 0x0, 0x3,
    0xe0, 0x7, 0xa6, 0xf5, 0xe0, 0x3, 0xe0, 0x0,
    0x3e, 0x0, 0x8f, 0xe5, 0x3f, 0x42, 0xac, 0x0,
    0x3, 0xe0, 0x9, 0x80, 0x0, 0xaf, 0xfe, 0x40,

    /* U+678B "枋" */
    0x0, 0x2, 0x0, 0x0, 0x0, 0x20, 0x0, 0x0,
    0x0, 0x4, 0xd0, 0x0, 0x0, 0x3f, 0x50, 0x0,
    0x0, 0x0, 0x4d, 0x0, 0x0, 0x0, 0x9e, 0x10,
    0x0, 0x0, 0x15, 0xd1, 0x17, 0xaa, 0xaa, 0xda,
    0xaa, 0xa0, 0x9f, 0xff, 0xff, 0x57, 0xfa, 0x77,
    0x77, 0x77, 0x0, 0x8, 0xd0, 0x0, 0xe, 0x40,
    0x0, 0x0, 0x0, 0x0, 0xdd, 0x40, 0x0, 0xe4,
    0x0, 0x0, 0x0, 0x0, 0x3f, 0xee, 0x50, 0xf,
    0xff, 0xff, 0xff, 0x0, 0xa, 0xbd, 0x5f, 0x10,
    0xf4, 0x22, 0x25, 0xf0, 0x3, 0xf5, 0xd0, 0x50,
    0x2f, 0x0, 0x0, 0x4f, 0x0, 0xa9, 0x4d, 0x0,
    0x5, 0xd0, 0x0, 0x4, 0xe0, 0x5, 0x14, 0xd0,
    0x0, 0x99, 0x0, 0x0, 0x5e, 0x0, 0x0, 0x4d,
    0x0, 0x1f, 0x40, 0x0, 0x5, 0xd0, 0x0, 0x4,
    0xd0, 0xa, 0xc0, 0x0, 0x0, 0x7c, 0x0, 0x0,
    0x4d, 0x7, 0xf2, 0x4, 0x44, 0x5e, 0x80, 0x0,
    0x4, 0xd0, 0xc4, 0x0, 0x8f, 0xff, 0xa1, 0x0,
    0x0, 0x0, 0x0, 0x0, 0x0, 0x0, 0x0, 0x0,
    0x0,

    /* U+6798 "枘" */
    0x0, 0x2, 0x20, 0x0, 0x0, 0x5, 0x0, 0x0,
    0x0, 0xa, 0x80, 0x0, 0x0, 0x1f, 0x0, 0x0,
    0x0, 0xa, 0x80, 0x0, 0x0, 0x1f, 0x0, 0x0,
    0x0, 0xa, 0x80, 0x7, 0x77, 0x8f, 0x77, 0x77,
    0xd, 0xff, 0xff, 0x5f, 0xbb, 0xbf, 0xbb, 0xbf,
    0x0, 0xd, 0x80, 0xf, 0x10, 0x3f, 0x0, 0x2f,
    0x0, 0x1f, 0x80, 0xf, 0x10, 0x4e, 0x0, 0x2f,
    0x0, 0x7f, 0xe7, 0xf, 0x10, 0x7e, 0x0, 0x2f,
    0x0, 0xeb, 0xaf, 0x4f, 0x10, 0xcf, 0x90, 0x2f,
    0x7, 0xaa, 0x86, 0x5f, 0x13, 0xf5, 0xf6, 0x2f,
    0xe, 0x3a, 0x80, 0xf, 0x2c, 0xa0, 0x5f, 0x6f,
    0x6, 0xa, 0x80, 0xf, 0xbd, 0x10, 0x9, 0x8f,
    0x0, 0xa, 0x80, 0xf, 0x42, 0x0, 0x0, 0x2f,
    0x0, 0xa, 0x80, 0xf, 0x10, 0x0, 0x0, 0x2f,
    0x0, 0xa, 0x80, 0xf, 0x10, 0x1, 0x55, 0xae,
    0x0, 0xa, 0x80, 0xf, 0x10, 0x0, 0xdd, 0xc6,

    /* U+679E "枞" */
    0x0, 0x25, 0x0, 0x3, 0x10, 0x1, 0x40, 0x0,
    0x0, 0x5, 0xc0, 0x0, 0xc6, 0x0, 0x5d, 0x0,
    0x0, 0x0, 0x5c, 0x0, 0xc, 0x60, 0x5, 0xd0,
    0x0, 0x1, 0x27, 0xc2, 0x20, 0xd5, 0x0, 0x5d,
    0x0, 0x0, 0x7f, 0xff, 0xfe, 0xd, 0x50, 0x6,
    0xc0, 0x0, 0x0, 0x8, 0xc0, 0x0, 0xe4, 0x0,
    0x6b, 0x0, 0x0, 0x0, 0xcc, 0x0, 0xf, 0x30,
    0x7, 0xd0, 0x0, 0x0, 0x2f, 0xd8, 0x0, 0xf3,
    0x0, 0x9f, 0x0, 0x0, 0x9, 0xcd, 0xbb, 0x2f,
    0xd1, 0xb, 0xf2, 0x0, 0x2, 0xf7, 0xc0, 0x55,
    0xec, 0xc0, 0xef, 0x50, 0x0, 0x99, 0x5c, 0x0,
    0x9b, 0x1e, 0x9f, 0xaa, 0x0, 0x4, 0x15, 0xc0,
    0xe, 0x60, 0x37, 0xe3, 0xf0, 0x0, 0x0, 0x5c,
    0x4, 0xf1, 0x0, 0xe8, 0xd, 0x60, 0x0, 0x5,
    0xc0, 0xca, 0x0, 0x7f, 0x10, 0x7e, 0x10, 0x0,
    0x5c, 0x7f, 0x20, 0x3f, 0x70, 0x0, 0xdc, 0x0,
    0x5, 0xc8, 0x60, 0x5, 0xb0, 0x0, 0x3, 0x80,
    0x0, 0x0, 0x0, 0x0, 0x0, 0x0, 0x0, 0x0,
    0x0,

    /* U+67A5 "枥" */
    0x0, 0x14, 0x0, 0x0, 0x0, 0x0, 0x0, 0x0,
    0x0, 0x4e, 0x0, 0x12, 0x22, 0x22, 0x22, 0x21,
    0x0, 0x4e, 0x0, 0x8f, 0xff, 0xff, 0xff, 0xf9,
    0x0, 0x4e, 0x0, 0x89, 0x0, 0x37, 0x0, 0x0,
    0x5f, 0xff, 0xfe, 0x89, 0x0, 0x6c, 0x0, 0x0,
    0x2, 0x8e, 0x22, 0x89, 0x0, 0x6b, 0x0, 0x0,
    0x0, 0xbe, 0x10, 0x89, 0xcf, 0xff, 0xff, 0xf5,
    0x1, 0xff, 0xe1, 0x89, 0x22, 0x9b, 0x22, 0xd5,
    0x6, 0xde, 0x8a, 0x98, 0x0, 0x89, 0x0, 0xd5,
    0xd, 0x8e, 0x2, 0xa7, 0x0, 0x98, 0x0, 0xd4,
    0x5d, 0x4e, 0x0, 0xb6, 0x0, 0xc6, 0x0, 0xd4,
    0x86, 0x4e, 0x0, 0xe3, 0x1, 0xf1, 0x0, 0xe3,
    0x10, 0x4e, 0x2, 0xf0, 0x7, 0xc0, 0x0, 0xf3,
    0x0, 0x4e, 0x8, 0xa0, 0x1e, 0x40, 0x0, 0xf2,
    0x0, 0x4e, 0x1f, 0x30, 0xca, 0x2, 0x47, 0xf0,
    0x0, 0x4e, 0x59, 0x6, 0xb0, 0x5, 0xff, 0x70,
    0x0, 0x0, 0x0, 0x0, 0x0, 0x0, 0x0, 0x0,

    /* U+67A7 "枧" */
    0x0, 0x12, 0x0, 0x0, 0x0, 0x0, 0x0, 0x0,
    0x0, 0x6b, 0x0, 0x15, 0x55, 0x55, 0x55, 0x10,
    0x0, 0x6b, 0x0, 0x4f, 0xdd, 0xdd, 0xdf, 0x40,
    0x0, 0x6b, 0x0, 0x4e, 0x0, 0x0, 0xe, 0x40,
    0xaf, 0xff, 0xff, 0x5e, 0x2, 0xf0, 0xe, 0x40,
    0x11, 0x9c, 0x11, 0x4e, 0x2, 0xf0, 0xe, 0x40,
    0x0, 0xdb, 0x0, 0x4e, 0x2, 0xf0, 0xe, 0x40,
    0x3, 0xfe, 0xc0, 0x4e, 0x3, 0xf0, 0xe, 0x40,
    0xa, 0xdc, 0xca, 0x4e, 0x4, 0xe0, 0xe, 0x40,
    0x3f, 0x7b, 0x1d, 0x6e, 0x6, 0xc0, 0xe, 0x40,
    0xc8, 0x6b, 0x0, 0x4e, 0xa, 0xe9, 0xe, 0x40,
    0xa0, 0x6b, 0x0, 0x13, 0x1f, 0xaa, 0x0, 0x0,
    0x0, 0x6b, 0x0, 0x0, 0xaa, 0x7a, 0x0, 0xa5,
    0x0, 0x6b, 0x0, 0x8, 0xd1, 0x7a, 0x0, 0xc6,
    0x0, 0x6b, 0x2, 0xbc, 0x10, 0x6d, 0x23, 0xf4,
    0x0, 0x6b, 0x1d, 0x70, 0x0, 0x1d, 0xff, 0xb0,
    0x0, 0x0, 0x0, 0x0, 0x0, 0x0, 0x0, 0x0,

    /* U+67A8 "枨" */
    0x0, 0x3, 0x0, 0x1, 0x40, 0x0, 0x0, 0x0,
    0x0, 0x1, 0xf1, 0x0, 0x3f, 0x0, 0x0, 0x1,
    0x0, 0x0, 0x1f, 0x10, 0x3, 0xf0, 0x0, 0x9,
    0xe0, 0x0, 0x1, 0xf1, 0x0, 0x3f, 0x0, 0x1b,
    0xe3, 0x0, 0x6f, 0xff, 0xfe, 0x3, 0xf0, 0x5e,
    0xc1, 0x0, 0x0, 0x6, 0xf1, 0x0, 0x3f, 0x5f,
    0x70, 0x0, 0x0, 0x0, 0xaf, 0x20, 0x3, 0xf0,
    0x20, 0x0, 0x0, 0x0, 0x1d, 0xfe, 0x4d, 0xdf,
    0xdd, 0xdd, 0xdd, 0xa0, 0x8, 0x8f, 0x8c, 0x57,
    0xf5, 0x7e, 0x55, 0x53, 0x1, 0xe2, 0xf2, 0x80,
    0x3f, 0x0, 0xf3, 0x0, 0x0, 0x89, 0x1f, 0x10,
    0x3, 0xf0, 0xa, 0xa0, 0x0, 0x3, 0x11, 0xf1,
    0x0, 0x3f, 0x0, 0x2f, 0x30, 0x0, 0x0, 0x1f,
    0x10, 0x3, 0xf0, 0x0, 0x9e, 0x10, 0x0, 0x1,
    0xf1, 0x0, 0x4f, 0x4a, 0x80, 0xdd, 0x20, 0x0,
    0x1f, 0x10, 0x9, 0xff, 0xa3, 0x1, 0xdb, 0x0,
    0x1, 0xf1, 0x0, 0x59, 0x10, 0x0, 0x1, 0x10,

    /* U+67AD "枭" */
    0x0, 0x0, 0x0, 0x7, 0x10, 0x0, 0x0, 0x0,
    0x0, 0x0, 0x0, 0x4f, 0x10, 0x0, 0x0, 0x0,
    0x0, 0xf, 0xff, 0xff, 0xff, 0xff, 0xff, 0x30,
    0x0, 0xf, 0x41, 0x31, 0x11, 0x11, 0x1f, 0x20,
    0x0, 0xf, 0x30, 0xdc, 0x30, 0x0, 0x3f, 0x10,
    0x0, 0xf, 0x30, 0xa, 0xf1, 0xbe, 0xfa, 0x0,
    0x0, 0xf, 0x30, 0x0, 0x20, 0x23, 0x20, 0x0,
    0x0, 0xf, 0xff, 0xff, 0xff, 0xff, 0xff, 0xfe,
    0x0, 0x1, 0x11, 0x15, 0x51, 0x11, 0x11, 0x5d,
    0x0, 0x66, 0x66, 0x6c, 0xb6, 0x66, 0x60, 0x5d,
    0x0, 0x89, 0x99, 0xbf, 0xfb, 0x99, 0xa0, 0x8b,
    0x0, 0x0, 0x3, 0xed, 0xce, 0x30, 0xff, 0xf5,
    0x0, 0x0, 0x7e, 0x49, 0x84, 0xe9, 0x22, 0x10,
    0x0, 0x5d, 0xc2, 0x9, 0x80, 0x1b, 0xf9, 0x30,
    0xc, 0xe7, 0x0, 0x9, 0x80, 0x0, 0x4c, 0xfa,
    0x2, 0x10, 0x0, 0x9, 0x80, 0x0, 0x0, 0x31,

    /* U+67B0 "枰" */
    0x0, 0x3, 0x20, 0x0, 0x0, 0x0, 0x0, 0x0,
    0x0, 0x0, 0xa7, 0x0, 0x33, 0x33, 0x33, 0x33,
    0x30, 0x0, 0xa, 0x70, 0x2f, 0xff, 0xff, 0xff,
    0xfe, 0x0, 0x1, 0xb7, 0x10, 0x0, 0x4, 0xf0,
    0x0, 0x0, 0xd, 0xff, 0xff, 0x6e, 0x10, 0x4f,
    0x0, 0x6b, 0x0, 0x0, 0xe7, 0x0, 0xb9, 0x4,
    0xf0, 0xe, 0x70, 0x0, 0x3f, 0xe9, 0x3, 0xf2,
    0x4f, 0x7, 0xd0, 0x0, 0x9, 0xf9, 0xe5, 0x9,
    0x34, 0xf0, 0x85, 0x0, 0x1, 0xeb, 0x75, 0x50,
    0x0, 0x4f, 0x0, 0x0, 0x0, 0x99, 0xa7, 0xc,
    0xff, 0xff, 0xff, 0xff, 0xf8, 0xf, 0x2a, 0x70,
    0x12, 0x22, 0x5f, 0x22, 0x22, 0x10, 0x50, 0xa7,
    0x0, 0x0, 0x4, 0xf0, 0x0, 0x0, 0x0, 0xa,
    0x70, 0x0, 0x0, 0x4f, 0x0, 0x0, 0x0, 0x0,
    0xa7, 0x0, 0x0, 0x4, 0xf0, 0x0, 0x0, 0x0,
    0xa, 0x70, 0x0, 0x0, 0x4f, 0x0, 0x0, 0x0,
    0x0, 0xa7, 0x0, 0x0, 0x4, 0xf0, 0x0, 0x0,

    /* U+67B3 "枳" */
    0x0, 0x1, 0x10, 0x0, 0x0, 0x0, 0x0, 0x0,
    0x0, 0x0, 0xb7, 0x0, 0x12, 0x22, 0x22, 0x22,
    0x0, 0x0, 0xb, 0x70, 0xd, 0xff, 0xff, 0xff,
    0xf4, 0x0, 0x0, 0xb7, 0x0, 0xd5, 0x0, 0x0,
    0xe, 0x40, 0xe, 0xff, 0xff, 0x6d, 0x50, 0x0,
    0x0, 0xe4, 0x0, 0x0, 0xd7, 0x0, 0xd5, 0x0,
    0x0, 0xe, 0x40, 0x0, 0x2f, 0x80, 0xd, 0x50,
    0x0, 0x0, 0xe4, 0x0, 0x7, 0xfe, 0xb0, 0xd5,
    0x0, 0x0, 0xe, 0x40, 0x0, 0xdc, 0x7b, 0xbd,
    0xff, 0xff, 0xff, 0xf4, 0x0, 0x6a, 0xb7, 0x3,
    0xd6, 0x22, 0x22, 0x2e, 0x40, 0xe, 0x4b, 0x70,
    0x4, 0x10, 0x0, 0x0, 0x41, 0x0, 0x70, 0xb7,
    0x0, 0x6, 0xd0, 0xa, 0x80, 0x0, 0x0, 0xb,
    0x70, 0x2, 0xf6, 0x0, 0x4f, 0x50, 0x0, 0x0,
    0xb7, 0x0, 0xda, 0x0, 0x0, 0x7f, 0x30, 0x0,
    0xb, 0x70, 0xbd, 0x0, 0x0, 0x0, 0xbe, 0x10,
    0x0, 0xb7, 0x4d, 0x10, 0x0, 0x0, 0x1, 0xa1,
    0x0, 0x0, 0x0, 0x0, 0x0, 0x0, 0x0, 0x0,
    0x0,

    /* U+67B5 "枵" */
    0x0, 0x13, 0x0, 0x0, 0x0, 0x0, 0x0, 0x0,
    0x0, 0x5, 0xc0, 0x0, 0xcd, 0xdd, 0xdd, 0xdb,
    0x0, 0x0, 0x5c, 0x0, 0xe, 0x63, 0x33, 0x36,
    0xd0, 0x1, 0x26, 0xc2, 0x20, 0xe4, 0x0, 0x0,
    0x4d, 0x0, 0x7f, 0xff, 0xfe, 0xe, 0x51, 0x11,
    0x15, 0xd0, 0x0, 0x8, 0xc0, 0x0, 0xef, 0xff,
    0xff, 0xfd, 0x0, 0x0, 0xdc, 0x0, 0x6, 0x20,
    0x0, 0x2, 0x60, 0x0, 0x2f, 0xd6, 0x2, 0x22,
    0x22, 0x22, 0x22, 0x20, 0xa, 0xde, 0xe6, 0xde,
    0xfe, 0xee, 0xee, 0xee, 0x22, 0xf7, 0xc3, 0x80,
    0x3f, 0x10, 0x0, 0x0, 0x0, 0x89, 0x5c, 0x0,
    0x8, 0xfc, 0xcc, 0xcc, 0xa0, 0x2, 0x15, 0xc0,
    0x0, 0x24, 0x44, 0x44, 0x9d, 0x0, 0x0, 0x5c,
    0x0, 0x0, 0x0, 0x0, 0x7, 0xc0, 0x0, 0x5,
    0xc0, 0x0, 0x0, 0x0, 0x0, 0x9a, 0x0, 0x0,
    0x5c, 0x0, 0x0, 0x14, 0x33, 0x4e, 0x70, 0x0,
    0x5, 0xc0, 0x0, 0x1, 0xff, 0xff, 0xa0, 0x0,
    0x0, 0x0, 0x0, 0x0, 0x0, 0x0, 0x0, 0x0,
    0x0,

    /* U+67B8 "枸" */
    0x0, 0x2, 0x10, 0x0, 0x30, 0x0, 0x0, 0x0,
    0x0, 0x0, 0xb6, 0x0, 0xf, 0x70, 0x0, 0x0,
    0x0, 0x0, 0xb, 0x60, 0x6, 0xf2, 0x11, 0x11,
    0x11, 0x0, 0x11, 0xb7, 0x10, 0xdf, 0xff, 0xff,
    0xff, 0xf0, 0xd, 0xff, 0xff, 0xae, 0x21, 0x11,
    0x11, 0x3f, 0x0, 0x0, 0xf6, 0x1e, 0x60, 0x0,
    0x0, 0x2, 0xf0, 0x0, 0x4f, 0x73, 0x8e, 0xff,
    0xff, 0xc0, 0x2f, 0x0, 0xa, 0xef, 0xb0, 0xe4,
    0x22, 0x6d, 0x3, 0xf0, 0x2, 0xdb, 0x7e, 0x6e,
    0x20, 0x4, 0xd0, 0x3e, 0x0, 0xa8, 0xb6, 0x55,
    0xe2, 0x0, 0x4d, 0x4, 0xe0, 0xf, 0x1b, 0x60,
    0xe, 0x31, 0x15, 0xd0, 0x4d, 0x0, 0x40, 0xb6,
    0x0, 0xef, 0xff, 0xfd, 0x5, 0xd0, 0x0, 0xb,
    0x60, 0xd, 0x20, 0x0, 0x0, 0x6c, 0x0, 0x0,
    0xb6, 0x0, 0x0, 0x0, 0x0, 0x7, 0xb0, 0x0,
    0xb, 0x60, 0x0, 0x0, 0x75, 0x46, 0xe7, 0x0,
    0x0, 0xb6, 0x0, 0x0, 0xe, 0xff, 0xe9, 0x0,
    0x0, 0x0, 0x0, 0x0, 0x0, 0x0, 0x0, 0x0,
    0x0,

    /* U+67C1 "柁" */
    0x0, 0x2, 0x0, 0x0, 0x0, 0x20, 0x0, 0x0,
    0x0, 0x4d, 0x0, 0x0, 0x0, 0xe4, 0x0, 0x0,
    0x0, 0x4d, 0x0, 0x13, 0x33, 0xab, 0x33, 0x31,
    0x0, 0x4d, 0x0, 0x8f, 0xff, 0xff, 0xff, 0xf6,
    0x8f, 0xff, 0xfe, 0x8d, 0x0, 0x0, 0x0, 0xc6,
    0x12, 0x8e, 0x22, 0x6a, 0x0, 0x0, 0x0, 0x84,
    0x0, 0xcd, 0x0, 0x2, 0x60, 0x0, 0x0, 0x0,
    0x1, 0xfe, 0xb0, 0x5, 0xe0, 0x0, 0x9, 0x20,
    0x7, 0xfd, 0xca, 0x5, 0xe0, 0x1, 0xce, 0x30,
    0xe, 0x9d, 0x2e, 0x25, 0xe0, 0x6e, 0xb1, 0x0,
    0x7e, 0x5d, 0x0, 0x5, 0xfc, 0xe6, 0x0, 0x0,
    0xb6, 0x4d, 0x0, 0x5, 0xf9, 0x10, 0x0, 0x92,
    0x30, 0x4d, 0x0, 0x5, 0xe0, 0x0, 0x0, 0xf4,
    0x0, 0x4d, 0x0, 0x5, 0xe0, 0x0, 0x1, 0xf2,
    0x0, 0x4d, 0x0, 0x4, 0xf5, 0x33, 0x3a, 0xe0,
    0x0, 0x4d, 0x0, 0x0, 0xbf, 0xff, 0xfd, 0x40,

    /* U+67C3 "柃" */
    0x0, 0x12, 0x0, 0x0, 0x0, 0x31, 0x0, 0x0,
    0x0, 0x6c, 0x0, 0x0, 0x4, 0xf6, 0x0, 0x0,
    0x0, 0x6c, 0x0, 0x0, 0xc, 0xcd, 0x0, 0x0,
    0x0, 0x6c, 0x0, 0x0, 0x6e, 0xd, 0x70, 0x0,
    0x9f, 0xff, 0xff, 0x2, 0xf5, 0x4, 0xf3, 0x0,
    0x1, 0x9c, 0x11, 0x1d, 0x91, 0x40, 0x8e, 0x20,
    0x0, 0xdc, 0x2, 0xdb, 0x6, 0xe1, 0xa, 0xf6,
    0x3, 0xff, 0xc7, 0xb0, 0x0, 0xc9, 0x0, 0x97,
    0xa, 0xdc, 0xc8, 0x12, 0x22, 0x43, 0x22, 0x10,
    0x3f, 0x7c, 0x24, 0x8f, 0xff, 0xff, 0xff, 0x80,
    0xa9, 0x6c, 0x0, 0x0, 0x0, 0x0, 0x7e, 0x20,
    0x61, 0x6c, 0x0, 0x4, 0x0, 0x5, 0xf3, 0x0,
    0x0, 0x6c, 0x0, 0xb, 0xe4, 0x5f, 0x40, 0x0,
    0x0, 0x6c, 0x0, 0x0, 0x6f, 0xf6, 0x0, 0x0,
    0x0, 0x6c, 0x0, 0x0, 0x2, 0xce, 0x50, 0x0,
    0x0, 0x6c, 0x0, 0x0, 0x0, 0x8, 0xc0, 0x0,
    0x0, 0x0, 0x0, 0x0, 0x0, 0x0, 0x0, 0x0,

    /* U+67D8 "柘" */
    0x0, 0x3d, 0x0, 0x0, 0x0, 0x0, 0x0, 0x0,
    0x0, 0x4e, 0x0, 0x9d, 0xdd, 0xdd, 0xdd, 0xd5,
    0x0, 0x4e, 0x0, 0x23, 0x3d, 0x93, 0x33, 0x31,
    0xaf, 0xff, 0xff, 0x10, 0x2f, 0x20, 0x0, 0x0,
    0x1, 0x9e, 0x11, 0x0, 0x9b, 0x0, 0x0, 0x0,
    0x0, 0xee, 0x20, 0x1, 0xf3, 0x0, 0x0, 0x0,
    0x3, 0xff, 0xf4, 0x9, 0xd4, 0x44, 0x44, 0x30,
    0xa, 0xbe, 0x5f, 0x4f, 0xed, 0xdd, 0xde, 0xe0,
    0x2f, 0x5e, 0x3, 0xdf, 0x40, 0x0, 0x4, 0xe0,
    0xaa, 0x4e, 0xb, 0xce, 0x40, 0x0, 0x4, 0xe0,
    0x71, 0x4e, 0x2d, 0x1e, 0x40, 0x0, 0x4, 0xe0,
    0x0, 0x4e, 0x0, 0xe, 0x40, 0x0, 0x4, 0xe0,
    0x0, 0x4e, 0x0, 0xe, 0x62, 0x22, 0x26, 0xe0,
    0x0, 0x4e, 0x0, 0xe, 0xff, 0xff, 0xff, 0xe0,
    0x0, 0x4e, 0x0, 0xe, 0x40, 0x0, 0x4, 0xe0,
    0x0, 0x2, 0x0, 0x0, 0x0, 0x0, 0x0, 0x0,

    /* U+67D9 "柙" */
    0x0, 0x4, 0x0, 0x0, 0x0, 0x0, 0x0, 0x0,
    0x0, 0x3f, 0x0, 0x12, 0x22, 0x22, 0x22, 0x20,
    0x0, 0x3f, 0x0, 0xbf, 0xff, 0xff, 0xff, 0xf2,
    0x0, 0x3f, 0x0, 0xb7, 0x0, 0xe4, 0x0, 0xf2,
    0x5f, 0xff, 0xfd, 0xb7, 0x0, 0xe4, 0x0, 0xf2,
    0x1, 0x6f, 0x10, 0xb7, 0x11, 0xe4, 0x11, 0xf2,
    0x0, 0xaf, 0x0, 0xbf, 0xff, 0xff, 0xff, 0xf2,
    0x1, 0xef, 0xc0, 0xb7, 0x0, 0xe4, 0x0, 0xf2,
    0x7, 0xaf, 0xaa, 0xb7, 0x0, 0xe4, 0x0, 0xf2,
    0x1e, 0x5f, 0x19, 0xb7, 0x0, 0xe4, 0x0, 0xf2,
    0x8a, 0x3f, 0x0, 0xbf, 0xff, 0xff, 0xff, 0xf2,
    0x42, 0x3f, 0x0, 0xb8, 0x22, 0xe5, 0x22, 0xf2,
    0x0, 0x3f, 0x0, 0x10, 0x0, 0xe4, 0x0, 0x10,
    0x0, 0x3f, 0x0, 0x0, 0x0, 0xe4, 0x0, 0x0,
    0x0, 0x3f, 0x0, 0x0, 0x0, 0xe4, 0x0, 0x0,
    0x0, 0x2d, 0x0, 0x0, 0x0, 0xe4, 0x0, 0x0,

    /* U+67DA "柚" */
    0x0, 0x1, 0x0, 0x0, 0x0, 0x10, 0x0, 0x0,
    0x0, 0x3f, 0x0, 0x0, 0x0, 0xe3, 0x0, 0x0,
    0x0, 0x3f, 0x0, 0x0, 0x0, 0xe3, 0x0, 0x0,
    0x0, 0x3f, 0x0, 0x12, 0x22, 0xe4, 0x22, 0x20,
    0x6f, 0xff, 0xfe, 0x8f, 0xee, 0xff, 0xee, 0xf1,
    0x0, 0x6f, 0x0, 0x88, 0x0, 0xe3, 0x0, 0xf1,
    0x0, 0xaf, 0x0, 0x88, 0x0, 0xe3, 0x0, 0xf1,
    0x1, 0xff, 0xb0, 0x88, 0x0, 0xe3, 0x0, 0xf1,
    0x7, 0xbf, 0xb9, 0x88, 0x11, 0xe4, 0x11, 0xf1,
    0x1e, 0x5f, 0x1b, 0x9f, 0xff, 0xff, 0xff, 0xf1,
    0x8a, 0x3f, 0x0, 0x88, 0x0, 0xe3, 0x0, 0xf1,
    0x42, 0x3f, 0x0, 0x88, 0x0, 0xe3, 0x0, 0xf1,
    0x0, 0x3f, 0x0, 0x88, 0x0, 0xe3, 0x0, 0xf1,
    0x0, 0x3f, 0x0, 0x88, 0x0, 0xe3, 0x0, 0xf1,
    0x0, 0x3f, 0x0, 0x8f, 0xff, 0xff, 0xff, 0xf1,
    0x0, 0x3f, 0x0, 0x89, 0x11, 0x11, 0x11, 0xf1,
    0x0, 0x1, 0x0, 0x0, 0x0, 0x0, 0x0, 0x0,

    /* U+67DD "柝" */
    0x0, 0x13, 0x0, 0x0, 0x0, 0x0, 0x0, 0x0,
    0x0, 0x4d, 0x0, 0x2, 0x33, 0x46, 0x8a, 0xb0,
    0x0, 0x4d, 0x0, 0x2f, 0xfe, 0xdc, 0xb9, 0x70,
    0x1, 0x5d, 0x11, 0x2f, 0x10, 0x0, 0x0, 0x0,
    0x9f, 0xff, 0xff, 0x2f, 0x10, 0x0, 0x0, 0x0,
    0x0, 0x8d, 0x0, 0x2f, 0x10, 0x0, 0x0, 0x0,
    0x0, 0xde, 0x50, 0x2f, 0xff, 0xff, 0xff, 0xf8,
    0x3, 0xfe, 0xe5, 0x2f, 0x32, 0x25, 0xe2, 0x21,
    0xa, 0xbd, 0x5f, 0x4f, 0x10, 0x3, 0xe0, 0x0,
    0x3f, 0x5d, 0x7, 0x4f, 0xc, 0x75, 0xe0, 0x0,
    0xa8, 0x4d, 0x0, 0x5e, 0x5, 0xdf, 0xf1, 0x0,
    0x40, 0x4d, 0x0, 0x8b, 0x0, 0x6, 0xff, 0x80,
    0x0, 0x4d, 0x0, 0xd7, 0x0, 0x3, 0xe6, 0xe5,
    0x0, 0x4d, 0x5, 0xf1, 0x0, 0x3, 0xe0, 0x10,
    0x0, 0x4d, 0x1e, 0x90, 0x0, 0x3, 0xe0, 0x0,
    0x0, 0x4c, 0x1b, 0x0, 0x0, 0x3, 0xe0, 0x0,
    0x0, 0x0, 0x0, 0x0, 0x0, 0x0, 0x0, 0x0,

    /* U+67E2 "柢" */
    0x0, 0x3, 0x10, 0x0, 0x0, 0x0, 0x0, 0x0,
    0x0, 0x0, 0xc5, 0x0, 0x1, 0x22, 0x35, 0x68,
    0x90, 0x0, 0xc, 0x50, 0x1f, 0xff, 0xff, 0xdb,
    0xa9, 0x20, 0x0, 0xc5, 0x1, 0xf0, 0x0, 0xd4,
    0x0, 0x0, 0xe, 0xff, 0xff, 0x7f, 0x0, 0xd,
    0x40, 0x0, 0x0, 0x0, 0xe5, 0x1, 0xf0, 0x0,
    0xc5, 0x0, 0x0, 0x0, 0x3f, 0x50, 0x1f, 0x22,
    0x2c, 0x72, 0x22, 0x10, 0x9, 0xfd, 0x61, 0xff,
    0xff, 0xff, 0xff, 0xf7, 0x1, 0xdc, 0x9f, 0x3f,
    0x0, 0xa, 0x90, 0x0, 0x0, 0x98, 0xc5, 0xa6,
    0xf0, 0x0, 0x8b, 0x0, 0x0, 0xf, 0x1c, 0x50,
    0x1f, 0x0, 0x5, 0xd0, 0x0, 0x0, 0x50, 0xc5,
    0x1, 0xf0, 0x0, 0x2f, 0x10, 0x0, 0x0, 0xc,
    0x50, 0x1f, 0x4, 0xb0, 0xd6, 0x7, 0xa0, 0x0,
    0xc5, 0x2, 0xfa, 0xf7, 0x7, 0xd0, 0x9a, 0x0,
    0xc, 0x50, 0x6f, 0xb2, 0xd2, 0xd, 0xbe, 0x70,
    0x0, 0xc5, 0x1, 0x60, 0x4, 0xc0, 0x2c, 0xe2,
    0x0, 0x0, 0x0, 0x0, 0x0, 0x0, 0x0, 0x0,
    0x0,

    /* U+67E9 "柩" */
    0x0, 0x2, 0x10, 0x0, 0x0, 0x0, 0x0, 0x0,
    0x0, 0x0, 0xb6, 0x0, 0x22, 0x22, 0x22, 0x22,
    0x21, 0x0, 0xb, 0x60, 0x2f, 0xff, 0xff, 0xff,
    0xff, 0x90, 0x0, 0xb6, 0x2, 0xf0, 0x0, 0x60,
    0x0, 0x0, 0xd, 0xff, 0xff, 0x8f, 0x0, 0x7d,
    0x0, 0x0, 0x0, 0x11, 0xe7, 0x13, 0xf0, 0xe,
    0xff, 0xff, 0x0, 0x0, 0x2f, 0x60, 0x2f, 0x7,
    0xc0, 0x6, 0xc0, 0x0, 0x8, 0xfc, 0x82, 0xf3,
    0xf3, 0x0, 0xd6, 0x0, 0x0, 0xec, 0x8e, 0x8f,
    0x48, 0x0, 0x7d, 0x0, 0x0, 0x7a, 0xb6, 0x34,
    0xf0, 0x0, 0x3f, 0xc0, 0x0, 0xe, 0x3b, 0x60,
    0x2f, 0x0, 0x2e, 0x8b, 0xb0, 0x0, 0x50, 0xb6,
    0x2, 0xf0, 0x3e, 0x90, 0xd, 0xa0, 0x0, 0xb,
    0x60, 0x2f, 0x6f, 0x70, 0x0, 0x2e, 0x50, 0x0,
    0xb6, 0x2, 0xf2, 0x40, 0x0, 0x0, 0x10, 0x0,
    0xb, 0x60, 0x2f, 0xcc, 0xcc, 0xcc, 0xcc, 0x80,
    0x0, 0xb6, 0x0, 0x44, 0x44, 0x44, 0x44, 0x43,

    /* U+67F0 "柰" */
    0x0, 0x0, 0x0, 0x0, 0x0, 0x0, 0x0, 0x0,
    0x0, 0x0, 0x0, 0x9, 0x80, 0x0, 0x0, 0x0,
    0x3, 0x33, 0x33, 0x3a, 0xa3, 0x33, 0x33, 0x30,
    0xd, 0xdd, 0xdd, 0xef, 0xfe, 0xdd, 0xdd, 0xd1,
    0x0, 0x0, 0x18, 0xdc, 0xdd, 0x60, 0x0, 0x0,
    0x0, 0x38, 0xe9, 0x9, 0x82, 0xbe, 0x83, 0x0,
    0x6e, 0xf9, 0x20, 0x9, 0x80, 0x3, 0x9f, 0xf7,
    0x26, 0x11, 0x11, 0x15, 0x51, 0x11, 0x11, 0x41,
    0x0, 0xbf, 0xff, 0xff, 0xff, 0xff, 0xfb, 0x0,
    0x0, 0x0, 0x0, 0x0, 0x0, 0x0, 0x0, 0x0,
    0x3f, 0xff, 0xff, 0xff, 0xff, 0xff, 0xff, 0xf3,
    0x2, 0x22, 0x22, 0x27, 0xc2, 0x22, 0x22, 0x20,
    0x0, 0x4, 0xe5, 0x6, 0xc0, 0x7d, 0x50, 0x0,
    0x1, 0xaf, 0x80, 0x6, 0xc0, 0x8, 0xfc, 0x20,
    0x5f, 0xc3, 0x13, 0x3b, 0xb0, 0x0, 0x2c, 0xf5,
    0x26, 0x0, 0x2f, 0xfe, 0x40, 0x0, 0x0, 0x61,
    0x0, 0x0, 0x0, 0x0, 0x0, 0x0, 0x0, 0x0,

    /* U+67FD "柽" */
    0x0, 0x13, 0x0, 0x0, 0x0, 0x0, 0x0, 0x0,
    0x0, 0x4d, 0x0, 0x22, 0x22, 0x22, 0x22, 0x20,
    0x0, 0x4d, 0x2, 0xef, 0xee, 0xee, 0xef, 0xe0,
    0x1, 0x5d, 0x10, 0xd, 0x50, 0x0, 0x1e, 0x60,
    0x6f, 0xff, 0xfe, 0x3, 0xf4, 0x1, 0xca, 0x0,
    0x0, 0x9d, 0x0, 0x0, 0x5f, 0x9e, 0x90, 0x0,
    0x0, 0xee, 0x90, 0x0, 0x5d, 0xff, 0x61, 0x0,
    0x3, 0xfd, 0xca, 0x9e, 0xf8, 0x16, 0xdf, 0xd8,
    0xa, 0xbd, 0x18, 0xb6, 0x0, 0xe2, 0x2, 0x64,
    0x2f, 0x5d, 0x0, 0x0, 0x0, 0xf3, 0x0, 0x0,
    0x89, 0x4d, 0x0, 0xdf, 0xff, 0xff, 0xff, 0xf0,
    0x31, 0x4d, 0x0, 0x12, 0x22, 0xf4, 0x22, 0x20,
    0x0, 0x4d, 0x0, 0x0, 0x0, 0xf3, 0x0, 0x0,
    0x0, 0x4d, 0x0, 0x0, 0x0, 0xf3, 0x0, 0x0,
    0x0, 0x4d, 0xa, 0xff, 0xff, 0xff, 0xff, 0xfe,
    0x0, 0x4d, 0x1, 0x22, 0x22, 0x22, 0x22, 0x22,

    /* U+6800 "栀" */
    0x0, 0x15, 0x0, 0x0, 0x0, 0x0, 0x0, 0x0,
    0x0, 0x4e, 0x0, 0x0, 0x1, 0x24, 0x68, 0xa1,
    0x0, 0x4e, 0x0, 0xbf, 0xff, 0xed, 0xba, 0x92,
    0x0, 0x4e, 0x0, 0xc7, 0x0, 0x0, 0x0, 0x0,
    0x4f, 0xff, 0xfc, 0xc8, 0x22, 0x22, 0x22, 0x21,
    0x2, 0x8e, 0x21, 0xcf, 0xff, 0xff, 0xff, 0xf7,
    0x0, 0xbe, 0x20, 0xc7, 0x0, 0x0, 0x0, 0x0,
    0x1, 0xfe, 0xe3, 0xc7, 0x2c, 0xcc, 0xcc, 0xb0,
    0x7, 0xbe, 0x67, 0xc7, 0x2f, 0x44, 0x47, 0xd0,
    0x1e, 0x5e, 0x0, 0xd6, 0x2e, 0x0, 0x4, 0xc0,
    0x7a, 0x4e, 0x0, 0xe5, 0x2e, 0x0, 0x6, 0xb0,
    0x32, 0x4e, 0x1, 0xf2, 0x2e, 0xc, 0xdf, 0x61,
    0x0, 0x4e, 0x5, 0xf0, 0x2e, 0x3, 0x42, 0x2a,
    0x0, 0x4e, 0xa, 0x90, 0x2e, 0x0, 0x0, 0x57,
    0x0, 0x4e, 0x3f, 0x20, 0x1f, 0x52, 0x23, 0xb3,
    0x0, 0x4e, 0x78, 0x0, 0x9, 0xff, 0xff, 0x90,
    0x0, 0x0, 0x0, 0x0, 0x0, 0x0, 0x0, 0x0,

    /* U+6809 "栉" */
    0x0, 0x3, 0x0, 0x0, 0x20, 0x0, 0x20, 0x0,
    0x0, 0xf, 0x10, 0x0, 0xe3, 0x0, 0xe4, 0x0,
    0x0, 0xf, 0x10, 0x0, 0xe3, 0x0, 0xe4, 0x0,
    0x1, 0x1f, 0x21, 0xde, 0xfe, 0xee, 0xfe, 0xea,
    0x7f, 0xff, 0xfe, 0x33, 0xf6, 0x33, 0xe7, 0x32,
    0x0, 0x3f, 0x10, 0x0, 0xe3, 0x0, 0xe4, 0x0,
    0x0, 0x9f, 0x10, 0x1, 0x42, 0x11, 0x42, 0x10,
    0x0, 0xef, 0xd2, 0xcf, 0xff, 0xff, 0xff, 0xf1,
    0x7, 0xcf, 0x8e, 0x10, 0xa9, 0x0, 0x3, 0xf0,
    0x1f, 0x5f, 0x18, 0x30, 0xa9, 0x0, 0x4, 0xf0,
    0x7c, 0xf, 0x10, 0x0, 0xa9, 0x0, 0x5, 0xe0,
    0x32, 0xf, 0x10, 0x0, 0xa9, 0x0, 0x6, 0xd0,
    0x0, 0xf, 0x10, 0x0, 0xa9, 0x34, 0x4d, 0xa0,
    0x0, 0xf, 0x10, 0x0, 0xa9, 0x6e, 0xeb, 0x20,
    0x0, 0xf, 0x10, 0x0, 0xa9, 0x0, 0x0, 0x0,
    0x0, 0xf, 0x10, 0x0, 0xa9, 0x0, 0x0, 0x0,
    0x0, 0x0, 0x0, 0x0, 0x11, 0x0, 0x0, 0x0,

    /* U+680A "栊" */
    0x0, 0x2, 0x10, 0x0, 0x31, 0x0, 0x10, 0x0,
    0x0, 0x0, 0xa7, 0x0, 0xd, 0x50, 0x2f, 0x60,
    0x0, 0x0, 0xa, 0x70, 0x0, 0xc5, 0x0, 0x4f,
    0x70, 0x0, 0x23, 0xb8, 0x31, 0x1d, 0x51, 0x11,
    0x42, 0x10, 0xb, 0xdf, 0xed, 0x9f, 0xff, 0xff,
    0xff, 0xff, 0x60, 0x0, 0xf7, 0x0, 0x1e, 0x41,
    0xf2, 0x11, 0x10, 0x0, 0x4f, 0x71, 0x0, 0xf3,
    0xf, 0x10, 0x40, 0x0, 0xa, 0xfe, 0xb0, 0xf,
    0x10, 0xf1, 0x1f, 0x50, 0x1, 0xeb, 0x8e, 0x71,
    0xf0, 0xf, 0x1a, 0xc0, 0x0, 0x99, 0xa7, 0x45,
    0x5d, 0x0, 0xf6, 0xf2, 0x0, 0xf, 0x2a, 0x70,
    0x8, 0x90, 0xf, 0xf6, 0x0, 0x0, 0x70, 0xa7,
    0x0, 0xd6, 0x1, 0xfa, 0x0, 0x41, 0x0, 0xa,
    0x70, 0x3e, 0x1, 0xdf, 0x10, 0xb, 0x70, 0x0,
    0xa7, 0xa, 0x83, 0xeb, 0xf1, 0x0, 0xd5, 0x0,
    0xa, 0x75, 0xe1, 0xe8, 0xf, 0x52, 0x4f, 0x20,
    0x0, 0xa7, 0xd4, 0x0, 0x0, 0x8f, 0xff, 0x80,
    0x0, 0x0, 0x0, 0x0, 0x0, 0x0, 0x0, 0x0,
    0x0,

    /* U+680C "栌" */
    0x0, 0x3, 0x0, 0x0, 0x1, 0x50, 0x0, 0x0,
    0x0, 0x4e, 0x0, 0x0, 0x3, 0xf0, 0x0, 0x0,
    0x0, 0x4e, 0x0, 0x0, 0x3, 0xfe, 0xee, 0xea,
    0x12, 0x5e, 0x21, 0x0, 0x3, 0xf3, 0x33, 0x32,
    0x8f, 0xff, 0xfe, 0x0, 0x3, 0xf0, 0x0, 0x0,
    0x1, 0x8e, 0x11, 0x5f, 0xff, 0xff, 0xff, 0xe0,
    0x0, 0xde, 0x0, 0x5e, 0x22, 0x22, 0x25, 0xe0,
    0x2, 0xff, 0xb0, 0x5d, 0x0, 0x0, 0x3, 0xe0,
    0xa, 0xbe, 0xbc, 0x6d, 0x0, 0x0, 0x3, 0xe0,
    0x3f, 0x5e, 0x7, 0x5f, 0xee, 0xee, 0xee, 0xe0,
    0xa8, 0x4e, 0x0, 0x7c, 0x33, 0x33, 0x36, 0xe0,
    0x51, 0x4e, 0x0, 0x9a, 0x0, 0x0, 0x1, 0x40,
    0x0, 0x4e, 0x0, 0xd6, 0x0, 0x0, 0x0, 0x0,
    0x0, 0x4e, 0x4, 0xf1, 0x0, 0x0, 0x0, 0x0,
    0x0, 0x4e, 0xd, 0x90, 0x0, 0x0, 0x0, 0x0,
    0x0, 0x4e, 0x3d, 0x0, 0x0, 0x0, 0x0, 0x0,
    0x0, 0x0, 0x0, 0x0, 0x0, 0x0, 0x0, 0x0,

    /* U+680E "栎" */
    0x0, 0x12, 0x0, 0x0, 0x0, 0x0, 0x0, 0x0,
    0x0, 0x6c, 0x0, 0x3, 0x34, 0x56, 0x79, 0x50,
    0x0, 0x6c, 0x0, 0x2f, 0xed, 0xcb, 0xa9, 0x50,
    0x0, 0x6c, 0x0, 0x4d, 0x0, 0x10, 0x0, 0x0,
    0x8f, 0xff, 0xff, 0x5b, 0x0, 0xd6, 0x0, 0x0,
    0x1, 0x9c, 0x11, 0x79, 0x0, 0xd6, 0x0, 0x0,
    0x0, 0xdc, 0x30, 0x98, 0x0, 0xd6, 0x0, 0x0,
    0x3, 0xfe, 0xf2, 0xb6, 0x0, 0xd6, 0x0, 0x0,
    0xa, 0xcc, 0x8c, 0xcf, 0xff, 0xff, 0xff, 0xf4,
    0x2f, 0x7c, 0x3, 0x0, 0x0, 0xd6, 0x0, 0x0,
    0xa9, 0x6c, 0x0, 0x7, 0x30, 0xd6, 0x27, 0x0,
    0x61, 0x6c, 0x0, 0x1f, 0x20, 0xd6, 0x2f, 0x30,
    0x0, 0x6c, 0x0, 0x9a, 0x0, 0xd6, 0x9, 0xc0,
    0x0, 0x6c, 0x3, 0xf2, 0x0, 0xd6, 0x1, 0xf5,
    0x0, 0x6c, 0x8, 0x91, 0x33, 0xf4, 0x0, 0x75,
    0x0, 0x6c, 0x0, 0x5, 0xff, 0xc0, 0x0, 0x0,
    0x0, 0x0, 0x0, 0x0, 0x0, 0x0, 0x0, 0x0,

    /* U+681D "栝" */
    0x0, 0x4, 0x0, 0x0, 0x0, 0x0, 0x0, 0x0,
    0x0, 0x2f, 0x0, 0x12, 0x23, 0x45, 0x78, 0xa2,
    0x0, 0x2f, 0x0, 0xdf, 0xff, 0xfd, 0xcb, 0x92,
    0x0, 0x2f, 0x0, 0x0, 0x0, 0xe4, 0x0, 0x0,
    0x5d, 0xdf, 0xdc, 0x0, 0x0, 0xe4, 0x0, 0x0,
    0x25, 0x9f, 0x56, 0x55, 0x55, 0xf7, 0x55, 0x53,
    0x0, 0xbf, 0x14, 0xdd, 0xdd, 0xfd, 0xdd, 0xda,
    0x1, 0xff, 0xe5, 0x0, 0x0, 0xe4, 0x0, 0x0,
    0x8, 0xcf, 0x3e, 0x30, 0x0, 0xe4, 0x0, 0x0,
    0x2f, 0x5f, 0x4, 0x7f, 0xff, 0xff, 0xff, 0xe0,
    0x8a, 0x2f, 0x0, 0x7b, 0x22, 0x22, 0x25, 0xf0,
    0x21, 0x2f, 0x0, 0x7b, 0x0, 0x0, 0x3, 0xf0,
    0x0, 0x2f, 0x0, 0x7b, 0x0, 0x0, 0x3, 0xf0,
    0x0, 0x2f, 0x0, 0x7b, 0x0, 0x0, 0x3, 0xf0,
    0x0, 0x2f, 0x0, 0x7f, 0xff, 0xff, 0xff, 0xf0,
    0x0, 0x2f, 0x0, 0x7b, 0x22, 0x22, 0x25, 0xf0,
    0x0, 0x0, 0x0, 0x0, 0x0, 0x0, 0x0, 0x0,

    /* U+6829 "栩" */
    0x0, 0x31, 0x0, 0x0, 0x0, 0x0, 0x0, 0x0,
    0xb, 0x50, 0x12, 0x22, 0x21, 0x22, 0x22, 0x0,
    0xb5, 0x5, 0xff, 0xfe, 0x9f, 0xff, 0xe0, 0x1b,
    0x61, 0x0, 0x3, 0xe0, 0x0, 0x3e, 0xdf, 0xff,
    0xf6, 0x80, 0x3e, 0xa, 0x13, 0xe0, 0xe, 0x50,
    0xf, 0x23, 0xe0, 0xc5, 0x3e, 0x4, 0xfb, 0x20,
    0xb7, 0x3e, 0x7, 0xa3, 0xe0, 0x9f, 0xcd, 0x17,
    0xa3, 0xe0, 0x3b, 0x3e, 0xe, 0xc5, 0xaa, 0x0,
    0x4e, 0x0, 0x5, 0xe6, 0xab, 0x51, 0x0, 0x8f,
    0xe0, 0x9, 0xfe, 0xd4, 0xb5, 0x4, 0xdd, 0x6e,
    0x4e, 0xc5, 0xe8, 0xb, 0x50, 0xc9, 0x3, 0xe6,
    0x80, 0x3e, 0x0, 0xb5, 0x0, 0x0, 0x3e, 0x0,
    0x3, 0xe0, 0xb, 0x50, 0x0, 0x3, 0xe0, 0x0,
    0x3e, 0x0, 0xb5, 0x0, 0x43, 0x8d, 0x3, 0x28,
    0xd0, 0xb, 0x50, 0xe, 0xff, 0x60, 0xff, 0xf6,
    0x0, 0x0, 0x0, 0x0, 0x0, 0x0, 0x0, 0x0,

    /* U+6832 "栲" */
    0x0, 0x14, 0x0, 0x0, 0x6, 0x0, 0x0, 0x0,
    0x0, 0x4e, 0x0, 0x0, 0x1f, 0x10, 0x0, 0x0,
    0x0, 0x4e, 0x0, 0x1, 0x2f, 0x21, 0x3, 0xd0,
    0x0, 0x4e, 0x0, 0x6f, 0xff, 0xff, 0x8d, 0x50,
    0x4f, 0xff, 0xfc, 0x0, 0x1f, 0x10, 0x9a, 0x0,
    0x1, 0x8e, 0x13, 0x44, 0x4f, 0x58, 0xf4, 0x43,
    0x0, 0xce, 0x36, 0xdd, 0xdd, 0xfe, 0xdd, 0xda,
    0x1, 0xfe, 0xe5, 0x0, 0x1b, 0xa1, 0x0, 0x0,
    0x8, 0xbe, 0x39, 0x6, 0xff, 0xff, 0xff, 0xf0,
    0x1f, 0x5e, 0x7, 0xeb, 0xb9, 0x11, 0x11, 0x10,
    0x7a, 0x4e, 0xb, 0x60, 0xe4, 0x0, 0x0, 0x0,
    0x32, 0x4e, 0x0, 0x1, 0xff, 0xff, 0xff, 0x70,
    0x0, 0x4e, 0x0, 0x0, 0x11, 0x11, 0x1b, 0x70,
    0x0, 0x4e, 0x0, 0x0, 0x0, 0x0, 0xc, 0x50,
    0x0, 0x4e, 0x0, 0x0, 0x3, 0x32, 0x4f, 0x20,
    0x0, 0x4e, 0x0, 0x0, 0xf, 0xff, 0xe7, 0x0,
    0x0, 0x0, 0x0, 0x0, 0x0, 0x0, 0x0, 0x0,

    /* U+6833 "栳" */
    0x0, 0x14, 0x0, 0x0, 0x3, 0x10, 0x0, 0x0,
    0x0, 0x4, 0xe0, 0x0, 0x0, 0xb7, 0x0, 0x0,
    0x0, 0x0, 0x4e, 0x0, 0x0, 0xb, 0x70, 0x0,
    0x12, 0x0, 0x25, 0xe2, 0x15, 0xff, 0xff, 0xff,
    0xa, 0xc0, 0x4f, 0xff, 0xfb, 0x1, 0x1b, 0x71,
    0x15, 0xf2, 0x0, 0x7, 0xe0, 0x0, 0x0, 0xb7,
    0x4, 0xf5, 0x0, 0x0, 0xce, 0x11, 0x44, 0x4c,
    0x95, 0xfb, 0x44, 0x0, 0x1f, 0xfe, 0x8c, 0xcc,
    0xcf, 0xfc, 0xcc, 0xc1, 0x8, 0xce, 0x6d, 0x0,
    0x1a, 0xf5, 0x0, 0x0, 0x0, 0xe7, 0xe0, 0x10,
    0x6e, 0xc2, 0x0, 0x22, 0x0, 0x7c, 0x4e, 0x6,
    0xef, 0xe0, 0x4, 0xbf, 0x80, 0x5, 0x44, 0xe0,
    0xb8, 0x4f, 0x9e, 0xd7, 0x11, 0x0, 0x0, 0x4e,
    0x0, 0x3, 0xf8, 0x30, 0x0, 0xb6, 0x0, 0x4,
    0xe0, 0x0, 0x3e, 0x0, 0x0, 0xd, 0x50, 0x0,
    0x4e, 0x0, 0x2, 0xf2, 0x11, 0x13, 0xf2, 0x0,
    0x4, 0xe0, 0x0, 0xa, 0xff, 0xff, 0xf8, 0x0,

    /* U+683E "栾" */
    0x0, 0x0, 0x0, 0x1, 0x0, 0x0, 0x0, 0x0,
    0x0, 0x0, 0x0, 0x2f, 0x30, 0x0, 0x0, 0x0,
    0x2, 0x22, 0x22, 0x2b, 0x82, 0x22, 0x22, 0x20,
    0x3f, 0xff, 0xff, 0xff, 0xff, 0xff, 0xff, 0xc0,
    0x0, 0x2, 0xa, 0x80, 0xf, 0x41, 0x0, 0x0,
    0x0, 0x4f, 0x3a, 0x80, 0xf, 0x4a, 0xc1, 0x0,
    0x3, 0xf6, 0xa, 0x80, 0xf, 0x40, 0xbd, 0x10,
    0x3f, 0x60, 0xa, 0x80, 0xf, 0x40, 0xb, 0xd0,
    0x4, 0x0, 0x5, 0x48, 0x47, 0x20, 0x0, 0x30,
    0x12, 0x22, 0x22, 0x2d, 0x82, 0x22, 0x22, 0x20,
    0x7f, 0xff, 0xff, 0xff, 0xff, 0xff, 0xff, 0xf1,
    0x0, 0x0, 0x6, 0xde, 0xcd, 0x20, 0x0, 0x0,
    0x0, 0x2, 0xbc, 0x1c, 0x66, 0xe7, 0x0, 0x0,
    0x2, 0x9f, 0x80, 0xc, 0x60, 0x3c, 0xe8, 0x30,
    0x9f, 0xb2, 0x0, 0xc, 0x60, 0x0, 0x5c, 0xf4,
    0x22, 0x0, 0x0, 0xc, 0x60, 0x0, 0x0, 0x10,

    /* U+6840 "桀" */
    0x0, 0x0, 0x0, 0x0, 0x0, 0x0, 0x0, 0x0,
    0x0, 0x1e, 0x30, 0x0, 0x0, 0x6, 0xb0, 0x0,
    0x0, 0x8f, 0xaa, 0xa8, 0x34, 0x49, 0xc4, 0x42,
    0x1, 0xe8, 0x66, 0xbb, 0x8c, 0xce, 0xfc, 0xc6,
    0xc, 0xb7, 0x0, 0xd6, 0x6a, 0x7, 0xb0, 0x0,
    0x5d, 0x3d, 0xb9, 0xe0, 0xc6, 0x7, 0xb0, 0x0,
    0x1, 0x0, 0xcf, 0x40, 0xee, 0xde, 0xfd, 0xdc,
    0x0, 0x7, 0xf6, 0x0, 0x23, 0x38, 0xc3, 0x32,
    0x1, 0xbf, 0x50, 0x2, 0x50, 0x7, 0xb0, 0x0,
    0x3, 0xb1, 0x0, 0x7, 0xc0, 0x4, 0x70, 0x0,
    0x4e, 0xee, 0xee, 0xef, 0xfe, 0xee, 0xee, 0xeb,
    0x2, 0x22, 0x23, 0xcd, 0xed, 0x42, 0x22, 0x21,
    0x0, 0x0, 0x5e, 0x67, 0xc3, 0xd7, 0x0, 0x0,
    0x0, 0x5c, 0xd3, 0x7, 0xc0, 0x1b, 0xe8, 0x20,
    0x3e, 0xf8, 0x0, 0x7, 0xc0, 0x0, 0x4c, 0xfa,
    0x6, 0x10, 0x0, 0x7, 0xc0, 0x0, 0x0, 0x31,

    /* U+6841 "桁" */
    0x0, 0x4, 0x20, 0x0, 0x2, 0x0, 0x0, 0x0,
    0x0, 0x0, 0xb6, 0x0, 0x1, 0xf6, 0x24, 0x44,
    0x41, 0x0, 0xb, 0x60, 0x0, 0xbd, 0x9, 0xff,
    0xff, 0x60, 0x11, 0xb7, 0x10, 0x7f, 0x30, 0x0,
    0x0, 0x0, 0xb, 0xff, 0xff, 0x6f, 0x60, 0x0,
    0x0, 0x0, 0x0, 0x0, 0xf6, 0xd, 0x80, 0xc8,
    0x0, 0x0, 0x0, 0x0, 0x4f, 0xa1, 0x20, 0x6f,
    0x34, 0x44, 0x44, 0x30, 0x9, 0xfd, 0xd1, 0x2f,
    0x53, 0xdd, 0xef, 0xdb, 0x0, 0xec, 0x6a, 0x6d,
    0xf0, 0x0, 0x5, 0xe0, 0x0, 0x7b, 0xb6, 0xb,
    0xef, 0x0, 0x0, 0x5e, 0x0, 0xe, 0x5b, 0x63,
    0xe4, 0xf0, 0x0, 0x5, 0xe0, 0x0, 0xa0, 0xb6,
    0x1, 0x2f, 0x0, 0x0, 0x5e, 0x0, 0x0, 0xb,
    0x60, 0x2, 0xf0, 0x0, 0x5, 0xe0, 0x0, 0x0,
    0xb6, 0x0, 0x2f, 0x0, 0x0, 0x5e, 0x0, 0x0,
    0xb, 0x60, 0x2, 0xf0, 0x15, 0x4b, 0xc0, 0x0,
    0x0, 0xb6, 0x0, 0x2e, 0x1, 0xff, 0xe5, 0x0,
    0x0, 0x0, 0x0, 0x0, 0x0, 0x0, 0x0, 0x0,
    0x0,

    /* U+6844 "桄" */
    0x0, 0x2, 0x0, 0x0, 0x0, 0x20, 0x0, 0x0,
    0x0, 0x4d, 0x0, 0x0, 0x1, 0xf0, 0x0, 0x0,
    0x0, 0x4d, 0x0, 0xb4, 0x1, 0xf0, 0x4, 0xb0,
    0x0, 0x4d, 0x0, 0x7d, 0x1, 0xf0, 0xc, 0x80,
    0x7e, 0xff, 0xed, 0xe, 0x71, 0xf0, 0x6e, 0x10,
    0x12, 0x9e, 0x22, 0x6, 0xb1, 0xf0, 0xd5, 0x0,
    0x0, 0xcd, 0x0, 0x0, 0x1, 0xf0, 0x0, 0x0,
    0x1, 0xff, 0xe3, 0xdd, 0xdd, 0xfd, 0xdd, 0xd7,
    0x8, 0xbd, 0x9c, 0x44, 0xe7, 0x4f, 0x64, 0x42,
    0x1f, 0x6d, 0x9, 0x0, 0xf3, 0xe, 0x30, 0x0,
    0x8b, 0x4d, 0x0, 0x1, 0xf1, 0xe, 0x30, 0x0,
    0x83, 0x4d, 0x0, 0x5, 0xe0, 0xe, 0x30, 0x0,
    0x0, 0x4d, 0x0, 0xb, 0x90, 0xe, 0x30, 0x69,
    0x0, 0x4d, 0x0, 0x6f, 0x10, 0xe, 0x30, 0x7a,
    0x0, 0x4d, 0x6, 0xf5, 0x0, 0xd, 0x71, 0xc8,
    0x0, 0x4d, 0x3d, 0x40, 0x0, 0x6, 0xff, 0xd1,
    0x0, 0x0, 0x0, 0x0, 0x0, 0x0, 0x0, 0x0,

    /* U+6849 "桉" */
    0x0, 0x31, 0x0, 0x0, 0x0, 0x20, 0x0, 0x0,
    0x0, 0xc6, 0x0, 0x0, 0x7, 0xd0, 0x0, 0x0,
    0x0, 0xc6, 0x0, 0x0, 0x0, 0xe2, 0x0, 0x0,
    0x1, 0xc6, 0x10, 0xff, 0xff, 0xff, 0xff, 0xf1,
    0xdf, 0xff, 0xf5, 0xf5, 0x34, 0x33, 0x34, 0xf1,
    0x0, 0xf6, 0x0, 0xb1, 0xf, 0x40, 0x0, 0xb1,
    0x5, 0xf8, 0x0, 0x0, 0x5f, 0x0, 0x0, 0x0,
    0x9, 0xfe, 0x90, 0x44, 0xcb, 0x44, 0x44, 0x40,
    0xe, 0xc7, 0xf5, 0xee, 0xfe, 0xee, 0xff, 0xe3,
    0x7b, 0xc6, 0x20, 0x9, 0xa0, 0x0, 0xd5, 0x0,
    0xe4, 0xc6, 0x0, 0x1f, 0x30, 0x4, 0xf0, 0x0,
    0x70, 0xc6, 0x0, 0x2c, 0xe6, 0x1d, 0x80, 0x0,
    0x0, 0xc6, 0x0, 0x0, 0x4d, 0xfe, 0x0, 0x0,
    0x0, 0xc6, 0x0, 0x0, 0x4d, 0xce, 0xc3, 0x0,
    0x0, 0xc6, 0x3, 0x8d, 0xe7, 0x1, 0x9f, 0xa1,
    0x0, 0xc6, 0xc, 0xb6, 0x0, 0x0, 0x4, 0xc1,
    0x0, 0x0, 0x0, 0x0, 0x0, 0x0, 0x0, 0x0,

    /* U+684A "桊" */
    0x0, 0x0, 0x0, 0x0, 0x31, 0x0, 0x0, 0x0,
    0x0, 0x0, 0x86, 0x0, 0xd, 0x80, 0x3, 0xc1,
    0x0, 0x0, 0x4, 0xf6, 0x1, 0xf3, 0x1, 0xd9,
    0x0, 0x0, 0x0, 0x5, 0x70, 0x6e, 0x0, 0x4a,
    0x0, 0x0, 0x0, 0xef, 0xff, 0xff, 0xff, 0xff,
    0xff, 0xf9, 0x0, 0x1, 0x11, 0x16, 0xf3, 0x11,
    0x11, 0x11, 0x10, 0x1, 0x11, 0x11, 0xdb, 0x11,
    0x11, 0x11, 0x11, 0x0, 0xcf, 0xff, 0xff, 0xff,
    0xff, 0xff, 0xff, 0xf5, 0x0, 0x0, 0xaf, 0x30,
    0x53, 0xa, 0xc1, 0x0, 0x0, 0x4, 0xdd, 0x20,
    0xa, 0x80, 0x8, 0xf9, 0x40, 0xb, 0xf9, 0xcf,
    0xff, 0xff, 0xff, 0xfa, 0xaf, 0x40, 0x43, 0x1,
    0x22, 0xbf, 0xa3, 0x22, 0x10, 0x10, 0x0, 0x0,
    0x4, 0xd7, 0xad, 0xfa, 0x20, 0x0, 0x0, 0x0,
    0x5c, 0xe3, 0xa, 0x81, 0x9f, 0xb3, 0x0, 0x3,
    0xee, 0x70, 0x0, 0xa8, 0x0, 0x19, 0xf6, 0x0,
    0x6, 0x0, 0x0, 0xa, 0x80, 0x0, 0x1, 0x0,

    /* U+684E "桎" */
    0x0, 0x13, 0x0, 0x0, 0x0, 0x0, 0x0, 0x0,
    0x0, 0x4e, 0x0, 0x22, 0x22, 0x22, 0x22, 0x20,
    0x0, 0x4e, 0x5, 0xff, 0xff, 0xff, 0xff, 0xf5,
    0x0, 0x4e, 0x0, 0x0, 0x5e, 0x20, 0x0, 0x0,
    0x8f, 0xff, 0xfe, 0x2, 0xe4, 0x0, 0xd2, 0x0,
    0x0, 0x8e, 0x0, 0x2e, 0x60, 0x0, 0x6d, 0x0,
    0x0, 0xde, 0x0, 0xef, 0xbc, 0xcd, 0xef, 0x90,
    0x2, 0xee, 0xe2, 0x67, 0x65, 0x43, 0x24, 0xd0,
    0xa, 0x9e, 0x7e, 0x10, 0x2, 0xf0, 0x0, 0x0,
    0x3e, 0x4e, 0x5, 0x0, 0x2, 0xf0, 0x0, 0x0,
    0x97, 0x4e, 0x2, 0xee, 0xee, 0xfe, 0xee, 0xe0,
    0x30, 0x4e, 0x0, 0x33, 0x35, 0xf3, 0x33, 0x30,
    0x0, 0x4e, 0x0, 0x0, 0x2, 0xf0, 0x0, 0x0,
    0x0, 0x4e, 0x0, 0x0, 0x2, 0xf0, 0x0, 0x0,
    0x0, 0x4e, 0x1f, 0xff, 0xff, 0xff, 0xff, 0xfc,
    0x0, 0x4e, 0x2, 0x22, 0x22, 0x22, 0x22, 0x22,

    /* U+6855 "桕" */
    0x0, 0x16, 0x0, 0x0, 0x0, 0x0, 0x0, 0x0,
    0x0, 0x3e, 0x0, 0x3, 0x8d, 0x10, 0x0, 0x0,
    0x0, 0x3e, 0x0, 0xae, 0xa6, 0x1b, 0xee, 0xe3,
    0x12, 0x5e, 0x22, 0xa7, 0x0, 0x3, 0x44, 0xf3,
    0x7f, 0xff, 0xfe, 0xa7, 0x0, 0x0, 0x0, 0xe3,
    0x0, 0x7e, 0x0, 0xa7, 0x0, 0x0, 0x0, 0xe3,
    0x0, 0xce, 0x0, 0xa7, 0x0, 0x0, 0x0, 0xe3,
    0x1, 0xff, 0x80, 0xa9, 0x44, 0x2, 0x44, 0xf3,
    0x7, 0xde, 0xbb, 0xbe, 0xdd, 0x19, 0xdd, 0xf3,
    0x1f, 0x7e, 0x8, 0xb7, 0x0, 0x0, 0x0, 0xe3,
    0x7c, 0x3e, 0x0, 0xa7, 0x0, 0x0, 0x0, 0xe3,
    0x54, 0x3e, 0x0, 0xa7, 0x0, 0x0, 0x0, 0xe3,
    0x0, 0x3e, 0x0, 0xa7, 0x0, 0x0, 0x0, 0xe3,
    0x0, 0x3e, 0x0, 0xa9, 0x33, 0x33, 0x33, 0xf3,
    0x0, 0x3e, 0x0, 0xaf, 0xee, 0xee, 0xee, 0xf3,
    0x0, 0x3e, 0x0, 0xa7, 0x0, 0x0, 0x0, 0xe3,
    0x0, 0x0, 0x0, 0x0, 0x0, 0x0, 0x0, 0x0,

    /* U+6860 "桠" */
    0x0, 0x2, 0x10, 0x0, 0x0, 0x0, 0x0, 0x0,
    0x0, 0x0, 0xa7, 0x1, 0x33, 0x33, 0x33, 0x33,
    0x30, 0x0, 0xa, 0x70, 0x5e, 0xef, 0xee, 0xfe,
    0xee, 0x0, 0x11, 0xb8, 0x10, 0x0, 0xd4, 0xe,
    0x30, 0x0, 0xd, 0xff, 0xff, 0x41, 0xd, 0x40,
    0xe3, 0x0, 0x0, 0x0, 0xe7, 0x5, 0xa0, 0xd4,
    0xe, 0x31, 0xf0, 0x0, 0x4f, 0x80, 0x3d, 0xd,
    0x40, 0xe3, 0x4d, 0x0, 0x9, 0xfe, 0xb0, 0xf0,
    0xd4, 0xe, 0x37, 0xa0, 0x1, 0xeb, 0x8d, 0x5c,
    0x3d, 0x40, 0xe3, 0xb6, 0x0, 0x8a, 0xa7, 0x10,
    0xa6, 0xd4, 0xe, 0x3f, 0x20, 0xe, 0x3a, 0x70,
    0x7, 0x9d, 0x40, 0xe7, 0xe0, 0x0, 0x50, 0xa7,
    0x0, 0x11, 0xd4, 0xe, 0x43, 0x0, 0x0, 0xa,
    0x70, 0x0, 0xd, 0x40, 0xe3, 0x0, 0x0, 0x0,
    0xa7, 0x0, 0x0, 0xd4, 0xe, 0x30, 0x0, 0x0,
    0xa, 0x70, 0xcf, 0xff, 0xff, 0xff, 0xff, 0x50,
    0x0, 0xa7, 0x1, 0x22, 0x22, 0x22, 0x22, 0x20,

    /* U+6861 "桡" */
    0x0, 0x4, 0x30, 0x0, 0x26, 0x0, 0x0, 0x0,
    0x0, 0x0, 0xa7, 0x0, 0x3, 0xf0, 0x0, 0x1,
    0x0, 0x0, 0xa, 0x70, 0x0, 0xf, 0x78, 0xbe,
    0xf6, 0x0, 0x1, 0xb7, 0x14, 0xcf, 0xff, 0xb8,
    0x42, 0x0, 0xc, 0xff, 0xff, 0x66, 0x44, 0xf1,
    0xa, 0x90, 0x0, 0x0, 0xd7, 0x0, 0x0, 0xb,
    0xbd, 0xb1, 0x52, 0x0, 0x2f, 0x92, 0x0, 0x1,
    0xaf, 0xd0, 0xd, 0x50, 0x7, 0xfd, 0xd0, 0x28,
    0xfc, 0x6f, 0xb5, 0xf2, 0x0, 0xed, 0x7a, 0x4f,
    0xb4, 0x0, 0x2a, 0xe8, 0x0, 0x6c, 0xa7, 0x2,
    0x32, 0x22, 0x22, 0x22, 0x20, 0xe, 0x6a, 0x70,
    0xce, 0xff, 0xee, 0xfe, 0xee, 0x0, 0x90, 0xa7,
    0x0, 0x6, 0xb0, 0xf, 0x10, 0x0, 0x0, 0xa,
    0x70, 0x0, 0x89, 0x0, 0xf1, 0x6, 0x30, 0x0,
    0xa7, 0x0, 0x1e, 0x30, 0xf, 0x10, 0xb6, 0x0,
    0xa, 0x70, 0x3d, 0x70, 0x0, 0xf4, 0x1e, 0x40,
    0x0, 0xa7, 0x8b, 0x30, 0x0, 0x9, 0xff, 0xc0,
    0x0, 0x0, 0x0, 0x0, 0x0, 0x0, 0x0, 0x0,
    0x0,

    /* U+6862 "桢" */
    0x0, 0x24, 0x0, 0x0, 0x2, 0x50, 0x0, 0x0,
    0x0, 0x6b, 0x0, 0x0, 0x5, 0xe0, 0x0, 0x0,
    0x0, 0x6b, 0x0, 0x0, 0x5, 0xe3, 0x33, 0x32,
    0x0, 0x6b, 0x0, 0x0, 0x5, 0xfe, 0xee, 0xea,
    0x8c, 0xef, 0xcc, 0x0, 0x5, 0xe0, 0x0, 0x0,
    0x0, 0xbb, 0x0, 0x9c, 0xcd, 0xfc, 0xcc, 0x30,
    0x1, 0xfe, 0xb0, 0xba, 0x44, 0x44, 0x4f, 0x40,
    0x5, 0xfc, 0xc8, 0xb8, 0x0, 0xd0, 0xe, 0x40,
    0xd, 0xab, 0x3b, 0xc8, 0x1, 0xf1, 0xe, 0x40,
    0x5d, 0x6b, 0x0, 0xb8, 0x1, 0xf0, 0xe, 0x40,
    0xb6, 0x6b, 0x0, 0xb8, 0x3, 0xf0, 0xe, 0x40,
    0x40, 0x6b, 0x0, 0xb8, 0x7, 0xe2, 0xe, 0x40,
    0x0, 0x6b, 0x0, 0x42, 0x1e, 0xdf, 0x63, 0x10,
    0x0, 0x6b, 0x0, 0x2, 0xdc, 0x6, 0xfb, 0x10,
    0x0, 0x6b, 0x4, 0xaf, 0xa0, 0x0, 0x3e, 0xe3,
    0x0, 0x6b, 0xa, 0xb4, 0x0, 0x0, 0x1, 0xb3,
    0x0, 0x0, 0x0, 0x0, 0x0, 0x0, 0x0, 0x0,

    /* U+6864 "桤" */
    0x0, 0x1, 0x0, 0x0, 0x0, 0x10, 0x0, 0x0,
    0x0, 0x4d, 0x0, 0x74, 0x0, 0xe3, 0x0, 0xa1,
    0x0, 0x4d, 0x0, 0xb6, 0x0, 0xe3, 0x0, 0xf2,
    0x2, 0x6d, 0x21, 0xba, 0x77, 0xf9, 0x77, 0xf2,
    0x4e, 0xef, 0xec, 0x69, 0x99, 0x99, 0x99, 0xf2,
    0x0, 0x7d, 0x0, 0x0, 0x0, 0x0, 0x0, 0x20,
    0x0, 0xcd, 0x40, 0x9c, 0xcc, 0xcc, 0xcc, 0xc0,
    0x2, 0xfe, 0xf3, 0x34, 0x44, 0x44, 0x45, 0xf0,
    0x9, 0xcd, 0x7e, 0x10, 0x0, 0x0, 0x1, 0xf0,
    0x1f, 0x6d, 0x7, 0x12, 0x22, 0x22, 0x23, 0xf0,
    0x7a, 0x4d, 0x0, 0x7f, 0xee, 0xee, 0xee, 0xe0,
    0x32, 0x4d, 0x0, 0x7a, 0x0, 0x0, 0x0, 0x24,
    0x0, 0x4d, 0x0, 0x7a, 0x0, 0x0, 0x0, 0x5d,
    0x0, 0x4d, 0x0, 0x7a, 0x0, 0x0, 0x0, 0x7a,
    0x0, 0x4d, 0x0, 0x5e, 0x42, 0x22, 0x24, 0xe6,
    0x0, 0x4d, 0x0, 0xb, 0xef, 0xff, 0xfe, 0x90,
    0x0, 0x0, 0x0, 0x0, 0x0, 0x0, 0x0, 0x0,

    /* U+6866 "桦" */
    0x0, 0x2, 0x10, 0x0, 0x1, 0x0, 0x0, 0x0,
    0x0, 0x0, 0xb6, 0x0, 0x6, 0xd0, 0x8a, 0x0,
    0x0, 0x0, 0xb, 0x60, 0x0, 0xd6, 0x8, 0xa0,
    0x4c, 0x0, 0x11, 0xb7, 0x10, 0x6f, 0x0, 0x8a,
    0x6f, 0x50, 0xd, 0xff, 0xff, 0x7e, 0xe0, 0x8,
    0xfe, 0x40, 0x0, 0x0, 0xe6, 0xb, 0xee, 0x5,
    0xed, 0x10, 0x32, 0x0, 0x3f, 0x72, 0xd4, 0xeb,
    0xec, 0xa0, 0x8, 0x90, 0x8, 0xfe, 0xb0, 0x3e,
    0x41, 0x7c, 0x0, 0xc6, 0x0, 0xec, 0x7d, 0x63,
    0xe0, 0x2, 0xef, 0xfd, 0x10, 0x7b, 0xb6, 0x10,
    0x15, 0x3, 0xb0, 0x11, 0x0, 0xe, 0x3b, 0x60,
    0x12, 0x22, 0x5e, 0x22, 0x22, 0x10, 0x60, 0xb6,
    0xa, 0xff, 0xff, 0xff, 0xff, 0xf9, 0x0, 0xb,
    0x60, 0x0, 0x0, 0x4e, 0x0, 0x0, 0x0, 0x0,
    0xb6, 0x0, 0x0, 0x4, 0xe0, 0x0, 0x0, 0x0,
    0xb, 0x60, 0x0, 0x0, 0x4e, 0x0, 0x0, 0x0,
    0x0, 0xb6, 0x0, 0x0, 0x4, 0xe0, 0x0, 0x0,

    /* U+6867 "桧" */
    0x0, 0x2, 0x10, 0x0, 0x0, 0x33, 0x0, 0x0,
    0x0, 0x0, 0xb6, 0x0, 0x0, 0x1f, 0xe0, 0x0,
    0x0, 0x0, 0xb, 0x60, 0x0, 0xa, 0xcc, 0x90,
    0x0, 0x0, 0x0, 0xb6, 0x0, 0x6, 0xf2, 0x2f,
    0x60, 0x0, 0xe, 0xff, 0xff, 0x56, 0xf4, 0x0,
    0x4f, 0x80, 0x0, 0x0, 0xd6, 0x1a, 0xf4, 0x0,
    0x0, 0x4f, 0xd3, 0x0, 0x2f, 0xc4, 0x89, 0xee,
    0xee, 0xee, 0x29, 0x0, 0x7, 0xfb, 0xe2, 0x13,
    0x33, 0x33, 0x30, 0x0, 0x0, 0xdc, 0x69, 0x80,
    0x0, 0x0, 0x0, 0x0, 0x0, 0x6b, 0xb6, 0x3,
    0x33, 0x33, 0x33, 0x33, 0x10, 0xe, 0x4b, 0x60,
    0xce, 0xef, 0xfe, 0xee, 0xe4, 0x0, 0x80, 0xb6,
    0x0, 0x3, 0xf3, 0x5, 0x10, 0x0, 0x0, 0xb,
    0x60, 0x1, 0xe5, 0x0, 0x9c, 0x0, 0x0, 0x0,
    0xb6, 0x1, 0xc8, 0x0, 0x1, 0xe8, 0x0, 0x0,
    0xb, 0x60, 0xaf, 0xcd, 0xef, 0xfe, 0xf3, 0x0,
    0x0, 0xb6, 0x3, 0x65, 0x32, 0x0, 0x9, 0x80,
    0x0, 0x0, 0x0, 0x0, 0x0, 0x0, 0x0, 0x0,
    0x0,

    /* U+686B "桫" */
    0x0, 0x16, 0x0, 0x0, 0x0, 0x0, 0x30, 0x0,
    0x0, 0x3, 0xe0, 0x3, 0x40, 0x0, 0x4d, 0x0,
    0x0, 0x0, 0x3e, 0x0, 0x6f, 0x80, 0x4, 0xd0,
    0x0, 0x0, 0x35, 0xe3, 0x20, 0x3b, 0x25, 0x4d,
    0x35, 0x0, 0x4e, 0xef, 0xec, 0x0, 0x6, 0xd4,
    0xd3, 0xe0, 0x0, 0x6, 0xe0, 0x55, 0x0, 0x99,
    0x4d, 0xd, 0x60, 0x0, 0xbe, 0x5, 0xfb, 0x1e,
    0x44, 0xd0, 0x7c, 0x0, 0x1f, 0xf8, 0x2, 0xa4,
    0xf0, 0x4d, 0x2, 0xe1, 0x7, 0xce, 0xad, 0x10,
    0x8a, 0x4, 0xd0, 0x0, 0x1, 0xe6, 0xe0, 0x60,
    0x30, 0x20, 0x4d, 0xa, 0x90, 0x7b, 0x3e, 0x0,
    0x1f, 0x30, 0x4, 0xd4, 0xf2, 0x3, 0x33, 0xe0,
    0x7, 0xd0, 0x0, 0x4, 0xe6, 0x0, 0x0, 0x3e,
    0x0, 0xd7, 0x0, 0x3, 0xe8, 0x0, 0x0, 0x3,
    0xe0, 0x3f, 0x10, 0x8, 0xf8, 0x0, 0x0, 0x0,
    0x3e, 0x8, 0xb3, 0x9e, 0xd3, 0x0, 0x0, 0x0,
    0x3, 0xe0, 0x1, 0xbb, 0x50, 0x0, 0x0, 0x0,
    0x0, 0x0, 0x0, 0x0, 0x0, 0x0, 0x0, 0x0,
    0x0,

    /* U+6874 "桴" */
    0x0, 0x4, 0x30, 0x0, 0x0, 0x0, 0x0, 0x0,
    0x0, 0x0, 0xa7, 0x1, 0x34, 0x45, 0x68, 0x9b,
    0xa0, 0x0, 0xa, 0x70, 0x8f, 0xed, 0xcb, 0xa9,
    0x86, 0x0, 0x1, 0xb7, 0x11, 0x40, 0x1a, 0x0,
    0xc, 0x50, 0xc, 0xff, 0xff, 0x6f, 0x20, 0xd5,
    0x5, 0xe1, 0x0, 0x0, 0xd7, 0x0, 0x9b, 0x5,
    0x91, 0xe6, 0x0, 0x0, 0x2f, 0xa1, 0x3, 0x52,
    0x22, 0x28, 0x20, 0x0, 0x7, 0xfe, 0xb0, 0xff,
    0xff, 0xff, 0xff, 0x50, 0x0, 0xec, 0x7c, 0x70,
    0x0, 0x0, 0x3d, 0xb1, 0x0, 0x6c, 0xa7, 0x10,
    0x0, 0x0, 0x7f, 0x60, 0x0, 0xe, 0x5a, 0x70,
    0x22, 0x22, 0x3f, 0x62, 0x22, 0x10, 0x80, 0xa7,
    0x5f, 0xff, 0xff, 0xff, 0xff, 0xf7, 0x0, 0xa,
    0x70, 0x0, 0x0, 0xf, 0x20, 0x0, 0x0, 0x0,
    0xa7, 0x0, 0x0, 0x0, 0xf2, 0x0, 0x0, 0x0,
    0xa, 0x70, 0x0, 0x33, 0x6f, 0x10, 0x0, 0x0,
    0x0, 0xa7, 0x0, 0xc, 0xff, 0x90, 0x0, 0x0,
    0x0, 0x0, 0x0, 0x0, 0x0, 0x0, 0x0, 0x0,
    0x0,

    /* U+6877 "桷" */
    0x0, 0x3, 0x0, 0x0, 0x5, 0x0, 0x0, 0x0,
    0x0, 0x2f, 0x0, 0x0, 0x8c, 0x0, 0x0, 0x0,
    0x0, 0x2f, 0x0, 0x2, 0xff, 0xff, 0xf9, 0x0,
    0x13, 0x5f, 0x33, 0x1d, 0x70, 0x0, 0xc5, 0x0,
    0x5f, 0xff, 0xfe, 0xbd, 0x11, 0x16, 0xc1, 0x10,
    0x0, 0x5f, 0x5, 0xff, 0xff, 0xff, 0xff, 0xf3,
    0x0, 0xaf, 0x30, 0x4f, 0x0, 0x4d, 0x0, 0xe3,
    0x0, 0xff, 0xe5, 0x3f, 0x0, 0x4d, 0x0, 0xe3,
    0x7, 0xcf, 0x4f, 0x5f, 0xff, 0xff, 0xff, 0xf3,
    0x1f, 0x6f, 0x3, 0x3e, 0x0, 0x5d, 0x0, 0xe3,
    0x7b, 0x2f, 0x0, 0x4d, 0x0, 0x4d, 0x0, 0xe3,
    0x22, 0x2f, 0x0, 0x6f, 0xff, 0xff, 0xff, 0xf3,
    0x0, 0x2f, 0x0, 0x99, 0x0, 0x5d, 0x0, 0xe3,
    0x0, 0x2f, 0x0, 0xe4, 0x0, 0x4d, 0x0, 0xe3,
    0x0, 0x2f, 0x6, 0xd0, 0x0, 0x4d, 0x12, 0xf2,
    0x0, 0x2f, 0xa, 0x40, 0x0, 0x4c, 0x8f, 0xc0,
    0x0, 0x0, 0x0, 0x0, 0x0, 0x0, 0x0, 0x0,

    /* U+6883 "梃" */
    0x0, 0x42, 0x0, 0x0, 0x0, 0x0, 0x0, 0x0,
    0x0, 0xb6, 0x0, 0x0, 0x1, 0x23, 0x46, 0x70,
    0x0, 0xb6, 0x1f, 0xff, 0x7b, 0xff, 0xfc, 0xb1,
    0x0, 0xb6, 0x1, 0x3f, 0x30, 0x4, 0xd0, 0x0,
    0x9f, 0xff, 0xf1, 0x8c, 0x0, 0x4, 0xd0, 0x0,
    0x0, 0xe6, 0x0, 0xf4, 0x0, 0x4, 0xd0, 0x0,
    0x3, 0xfa, 0x17, 0xd2, 0x12, 0x48, 0xe4, 0x40,
    0x7, 0xfd, 0xb9, 0xef, 0xd7, 0xcd, 0xfc, 0xc0,
    0xe, 0xd6, 0xc2, 0x7, 0xc0, 0x4, 0xd0, 0x0,
    0x6c, 0xb6, 0xc, 0x9, 0x90, 0x4, 0xd0, 0x0,
    0xc5, 0xb6, 0xc, 0x6e, 0x50, 0x4, 0xd0, 0x0,
    0x40, 0xb6, 0x6, 0xff, 0x1e, 0xee, 0xfe, 0xe7,
    0x0, 0xb6, 0x0, 0xea, 0x3, 0x33, 0x33, 0x31,
    0x0, 0xb6, 0x4, 0xff, 0x60, 0x0, 0x0, 0x0,
    0x0, 0xb6, 0xd, 0x97, 0xfc, 0x63, 0x23, 0x33,
    0x0, 0xb6, 0x99, 0x0, 0x29, 0xdf, 0xff, 0xfa,
    0x0, 0x0, 0x0, 0x0, 0x0, 0x0, 0x0, 0x0,

    /* U+688F "梏" */
    0x0, 0x15, 0x0, 0x0, 0x0, 0x15, 0x0, 0x0,
    0x0, 0x3f, 0x0, 0x2, 0x50, 0x3e, 0x0, 0x0,
    0x0, 0x3f, 0x0, 0x9, 0xb0, 0x3e, 0x0, 0x0,
    0x2, 0x4f, 0x22, 0xe, 0xda, 0xbf, 0xaa, 0xa2,
    0x6f, 0xff, 0xfe, 0x5f, 0x88, 0xaf, 0x88, 0x81,
    0x0, 0x6f, 0x0, 0xc9, 0x0, 0x3e, 0x0, 0x0,
    0x0, 0xbf, 0x20, 0x31, 0x0, 0x3e, 0x0, 0x0,
    0x1, 0xff, 0xe4, 0xdf, 0xff, 0xff, 0xff, 0xfb,
    0x7, 0xbf, 0x5f, 0x32, 0x22, 0x22, 0x22, 0x22,
    0x1f, 0x5f, 0x2, 0x1, 0x11, 0x11, 0x11, 0x10,
    0x7b, 0x3f, 0x0, 0xf, 0xff, 0xff, 0xff, 0xf2,
    0x33, 0x3f, 0x0, 0xf, 0x10, 0x0, 0x0, 0xf2,
    0x0, 0x3f, 0x0, 0xf, 0x10, 0x0, 0x0, 0xf2,
    0x0, 0x3f, 0x0, 0xf, 0x10, 0x0, 0x0, 0xf2,
    0x0, 0x3f, 0x0, 0xf, 0xff, 0xff, 0xff, 0xf2,
    0x0, 0x3f, 0x0, 0xf, 0x31, 0x11, 0x11, 0xf2,
    0x0, 0x1, 0x0, 0x0, 0x0, 0x0, 0x0, 0x0,

    /* U+6893 "梓" */
    0x0, 0x15, 0x0, 0x0, 0x0, 0x60, 0x0, 0x0,
    0x0, 0x4d, 0x0, 0x0, 0x0, 0xe6, 0x0, 0x0,
    0x0, 0x4d, 0x0, 0x13, 0x33, 0x9a, 0x33, 0x30,
    0x1, 0x5d, 0x11, 0x7f, 0xff, 0xff, 0xff, 0xf1,
    0x9f, 0xff, 0xff, 0x3, 0x50, 0x0, 0x17, 0x0,
    0x0, 0x9d, 0x0, 0x4, 0xf1, 0x0, 0x8c, 0x0,
    0x0, 0xed, 0x0, 0x0, 0xc9, 0x1, 0xf3, 0x0,
    0x4, 0xfe, 0xb1, 0x44, 0x78, 0x4a, 0xd4, 0x42,
    0xb, 0xbd, 0xad, 0xdd, 0xdd, 0xfd, 0xdd, 0xd7,
    0x3f, 0x5d, 0xa, 0x10, 0x0, 0xe3, 0x0, 0x0,
    0xa8, 0x4d, 0x0, 0x0, 0x0, 0xe4, 0x0, 0x0,
    0x41, 0x4d, 0x0, 0xff, 0xff, 0xff, 0xff, 0xf3,
    0x0, 0x4d, 0x0, 0x0, 0x0, 0xe4, 0x0, 0x0,
    0x0, 0x4d, 0x0, 0x0, 0x0, 0xe3, 0x0, 0x0,
    0x0, 0x4d, 0x0, 0x0, 0x0, 0xe3, 0x0, 0x0,
    0x0, 0x4d, 0x0, 0x0, 0x0, 0xd3, 0x0, 0x0,

    /* U+68B5 "梵" */
    0x0, 0x0, 0x10, 0x0, 0x0, 0x0, 0x0, 0x0,
    0x0, 0x0, 0xf0, 0x0, 0x0, 0x5c, 0x0, 0x0,
    0x1, 0x12, 0xf2, 0x11, 0x1, 0x6c, 0x11, 0x10,
    0x1f, 0xff, 0xff, 0xfa, 0x8f, 0xff, 0xff, 0xf3,
    0x0, 0xa, 0xf7, 0x0, 0x2, 0xef, 0x80, 0x0,
    0x0, 0x8b, 0xfa, 0xe4, 0x1d, 0x7c, 0xb7, 0x0,
    0x9, 0xd1, 0xf0, 0x59, 0xd7, 0x5c, 0xd, 0xa1,
    0x4d, 0x10, 0xf0, 0xc, 0x90, 0x5c, 0x1, 0xc8,
    0x0, 0x0, 0x31, 0x13, 0x11, 0x21, 0x0, 0x0,
    0x0, 0x0, 0xff, 0xff, 0xff, 0xf4, 0x0, 0x0,
    0x0, 0x0, 0xf2, 0x0, 0x0, 0xe4, 0x0, 0x0,
    0x0, 0x0, 0xf2, 0x83, 0x0, 0xe4, 0x0, 0x10,
    0x0, 0x3, 0xf0, 0x8f, 0x70, 0xe4, 0x0, 0x8a,
    0x0, 0xb, 0xa0, 0x4, 0xe3, 0xe4, 0x0, 0xa8,
    0x1, 0xae, 0x20, 0x0, 0x0, 0xd9, 0x24, 0xf5,
    0x4f, 0xd2, 0x0, 0x0, 0x0, 0x6f, 0xff, 0xa0,
    0x5, 0x0, 0x0, 0x0, 0x0, 0x0, 0x0, 0x0,

    /* U+68C2 "棂" */
    0x0, 0x4, 0x20, 0x0, 0x0, 0x0, 0x0, 0x0,
    0x0, 0x0, 0xb7, 0x0, 0x22, 0x22, 0x22, 0x22,
    0x0, 0x0, 0xb, 0x70, 0x5f, 0xff, 0xff, 0xff,
    0xf5, 0x0, 0x23, 0xc8, 0x30, 0x0, 0x0, 0x0,
    0xc, 0x50, 0x8, 0xcf, 0xdc, 0x2c, 0xdd, 0xdd,
    0xdd, 0xf5, 0x0, 0x0, 0xe7, 0x0, 0x23, 0x33,
    0x33, 0x3d, 0x50, 0x0, 0x3f, 0xa2, 0x0, 0x0,
    0x0, 0x0, 0xc5, 0x0, 0x8, 0xfd, 0xb7, 0xff,
    0xff, 0xff, 0xff, 0x50, 0x0, 0xec, 0x7d, 0x42,
    0x22, 0x23, 0x22, 0xc4, 0x0, 0x6c, 0xb7, 0x11,
    0x10, 0x6, 0xc0, 0x1, 0x10, 0xe, 0x5b, 0x70,
    0xab, 0x0, 0x8b, 0x0, 0xc9, 0x0, 0x90, 0xb7,
    0x1, 0xe8, 0xc, 0xf2, 0xac, 0x0, 0x0, 0xb,
    0x70, 0x3, 0x13, 0xfb, 0xb4, 0x10, 0x0, 0x0,
    0xb7, 0x0, 0x3, 0xe9, 0x1e, 0xa0, 0x0, 0x0,
    0xb, 0x70, 0x4a, 0xf9, 0x0, 0x2e, 0xd6, 0x10,
    0x0, 0xb7, 0x2e, 0xa3, 0x0, 0x0, 0x19, 0xe2,
    0x0, 0x0, 0x0, 0x0, 0x0, 0x0, 0x0, 0x0,
    0x0,

    /* U+68E3 "棣" */
    0x0, 0x4, 0x0, 0x0, 0x0, 0x50, 0x0, 0x0,
    0x0, 0x2, 0xf0, 0x0, 0x0, 0x1f, 0x10, 0x0,
    0x0, 0x0, 0x2f, 0x0, 0x6c, 0xcc, 0xfc, 0xcc,
    0xb0, 0x0, 0x13, 0xf1, 0x1, 0x44, 0x4f, 0x54,
    0x6e, 0x0, 0x3f, 0xff, 0xfc, 0x0, 0x1, 0xf1,
    0x3, 0xe0, 0x0, 0x27, 0xf2, 0x2f, 0xff, 0xff,
    0xff, 0xff, 0xf0, 0x0, 0xaf, 0x20, 0x11, 0x11,
    0xf2, 0x14, 0xe1, 0x0, 0xf, 0xfe, 0x41, 0x22,
    0x3f, 0x32, 0x5e, 0x0, 0x6, 0xef, 0x29, 0x8e,
    0xee, 0xfe, 0xed, 0xa0, 0x0, 0xe8, 0xf0, 0xa,
    0x50, 0x1f, 0x50, 0x2c, 0x20, 0x6d, 0x2f, 0x0,
    0x4f, 0x61, 0xfe, 0x6f, 0x90, 0x3, 0x42, 0xf0,
    0x0, 0x43, 0x7f, 0xaf, 0x40, 0x0, 0x0, 0x2f,
    0x0, 0x18, 0xec, 0xf1, 0xcc, 0x0, 0x0, 0x2,
    0xf0, 0x8f, 0xc4, 0x1f, 0x11, 0xce, 0x40, 0x0,
    0x2f, 0x5, 0x52, 0x24, 0xf0, 0x0, 0xa9, 0x0,
    0x2, 0xf0, 0x0, 0x8f, 0xf9, 0x0, 0x0, 0x0,
    0x0, 0x0, 0x0, 0x0, 0x0, 0x0, 0x0, 0x0,
    0x0,

    /* U+68F0 "棰" */
    0x0, 0x43, 0x0, 0x0, 0x0, 0x0, 0x0, 0x0,
    0x0, 0xa7, 0x0, 0x22, 0x33, 0x46, 0x79, 0x70,
    0x0, 0xa7, 0x2, 0xff, 0xee, 0xfc, 0xba, 0x80,
    0x34, 0xb9, 0x40, 0x0, 0x3, 0xe0, 0x0, 0x0,
    0x7a, 0xed, 0xa7, 0xee, 0xee, 0xfe, 0xee, 0xe4,
    0x0, 0xe7, 0x1, 0x5e, 0x25, 0xe2, 0x3f, 0x30,
    0x4, 0xf7, 0x0, 0x2e, 0x3, 0xe0, 0xf, 0x0,
    0x8, 0xff, 0x81, 0x4e, 0x14, 0xe1, 0x2f, 0x21,
    0x1e, 0xc9, 0xee, 0xff, 0xff, 0xff, 0xff, 0xfa,
    0x8c, 0xa7, 0x0, 0x2e, 0x3, 0xe0, 0xf, 0x0,
    0xc4, 0xa7, 0x0, 0x2e, 0x3, 0xe0, 0xf, 0x0,
    0x30, 0xa7, 0x8, 0xff, 0xff, 0xff, 0xff, 0xf6,
    0x0, 0xa7, 0x1, 0x11, 0x14, 0xe1, 0x11, 0x10,
    0x0, 0xa7, 0x0, 0x0, 0x3, 0xe0, 0x0, 0x0,
    0x0, 0xa7, 0x3, 0xcc, 0xcd, 0xfc, 0xcc, 0xc1,
    0x0, 0xa7, 0x1, 0x44, 0x44, 0x44, 0x44, 0x40,

    /* U+68F9 "棹" */
    0x0, 0x5, 0x30, 0x0, 0x0, 0x26, 0x0, 0x0,
    0x0, 0x0, 0xb6, 0x0, 0x0, 0x5, 0xd0, 0x0,
    0x0, 0x0, 0xb, 0x60, 0x0, 0x0, 0x5f, 0xff,
    0xff, 0x70, 0x0, 0xb6, 0x0, 0x0, 0x5, 0xd1,
    0x11, 0x10, 0x8, 0xae, 0xca, 0x43, 0x44, 0x7e,
    0x44, 0x41, 0x0, 0x67, 0xfa, 0x73, 0xfd, 0xcc,
    0xcc, 0xcf, 0x40, 0x0, 0x4f, 0x60, 0xf, 0x40,
    0x0, 0x0, 0xe4, 0x0, 0xa, 0xfe, 0x80, 0xff,
    0xff, 0xff, 0xff, 0x40, 0x1, 0xeb, 0x7e, 0x5f,
    0x40, 0x0, 0x0, 0xe4, 0x0, 0x89, 0xb6, 0x42,
    0xf7, 0x33, 0x33, 0x3e, 0x40, 0xe, 0x3b, 0x60,
    0xf, 0xdc, 0xcf, 0xcc, 0xf4, 0x0, 0x50, 0xb6,
    0x0, 0x51, 0x2, 0xf0, 0x5, 0x10, 0x0, 0xb,
    0x64, 0xff, 0xff, 0xff, 0xff, 0xff, 0xb0, 0x0,
    0xb6, 0x1, 0x11, 0x13, 0xf2, 0x11, 0x11, 0x0,
    0xb, 0x60, 0x0, 0x0, 0x2f, 0x0, 0x0, 0x0,
    0x0, 0xb6, 0x0, 0x0, 0x2, 0xf0, 0x0, 0x0,

    /* U+68FC "棼" */
    0x0, 0x0, 0x0, 0x0, 0x0, 0x0, 0x0, 0x0,
    0x0, 0x0, 0xf0, 0x0, 0x0, 0x1f, 0x0, 0x0,
    0x5, 0x56, 0xf6, 0x52, 0x45, 0x6f, 0x55, 0x50,
    0xa, 0xad, 0xfa, 0xa4, 0x9a, 0xef, 0xaa, 0xa1,
    0x0, 0x3d, 0xfa, 0x30, 0x4, 0xef, 0xa2, 0x0,
    0x3, 0xe3, 0xf6, 0xf4, 0x5e, 0x4f, 0x8f, 0x60,
    0x5f, 0x50, 0xf0, 0x37, 0xe3, 0x1f, 0x4, 0xe4,
    0x24, 0x0, 0xa0, 0x10, 0x25, 0x1a, 0x0, 0x10,
    0x0, 0x0, 0x2c, 0xa0, 0x1c, 0xc2, 0x0, 0x0,
    0x0, 0x18, 0xf8, 0x0, 0x0, 0x9f, 0x81, 0x0,
    0x3a, 0xfd, 0x41, 0x11, 0x11, 0x15, 0xdf, 0xb4,
    0x3b, 0x4b, 0xff, 0xff, 0xff, 0xff, 0xd3, 0xa3,
    0x0, 0x0, 0xd, 0x70, 0x0, 0x6, 0xc0, 0x0,
    0x0, 0x0, 0x9e, 0x10, 0x0, 0x7, 0xb0, 0x0,
    0x2, 0x6d, 0xd2, 0x1, 0x32, 0x2c, 0x90, 0x0,
    0x3f, 0xd7, 0x0, 0x4, 0xff, 0xfc, 0x10, 0x0,
    0x1, 0x0, 0x0, 0x0, 0x0, 0x0, 0x0, 0x0,

    /* U+6901 "椁" */
    0x0, 0x2, 0x10, 0x0, 0x0, 0x33, 0x0, 0x0,
    0x0, 0x0, 0xb7, 0x0, 0x0, 0x9, 0xc0, 0x0,
    0x0, 0x0, 0xb, 0x70, 0x9d, 0xdd, 0xef, 0xdd,
    0xdd, 0x40, 0x33, 0xc9, 0x33, 0x33, 0x33, 0x33,
    0x33, 0x30, 0xb, 0xdf, 0xed, 0x5b, 0xdd, 0xdd,
    0xdd, 0xd2, 0x0, 0x0, 0xe7, 0x0, 0xe6, 0x33,
    0x33, 0x3f, 0x30, 0x0, 0x3f, 0x70, 0xe, 0x40,
    0x0, 0x0, 0xf3, 0x0, 0x8, 0xfe, 0xc1, 0xef,
    0xff, 0xff, 0xff, 0x30, 0x0, 0xed, 0x7b, 0x73,
    0x0, 0x0, 0x0, 0x30, 0x0, 0x7b, 0xb7, 0x0,
    0xdf, 0xff, 0xff, 0xff, 0x0, 0xe, 0x4b, 0x70,
    0x0, 0x0, 0x3, 0xbe, 0x60, 0x0, 0x60, 0xb7,
    0x2, 0x22, 0x24, 0xf9, 0x22, 0x20, 0x0, 0xb,
    0x73, 0xff, 0xff, 0xff, 0xff, 0xff, 0x70, 0x0,
    0xb7, 0x0, 0x0, 0x4, 0xe0, 0x0, 0x0, 0x0,
    0xb, 0x70, 0x1, 0x32, 0x8e, 0x0, 0x0, 0x0,
    0x0, 0xb7, 0x0, 0x2f, 0xff, 0x60, 0x0, 0x0,
    0x0, 0x0, 0x0, 0x0, 0x0, 0x0, 0x0, 0x0,
    0x0,

    /* U+690B "椋" */
    0x0, 0x31, 0x0, 0x0, 0x4, 0x20, 0x0, 0x0,
    0x0, 0xb6, 0x0, 0x0, 0xb, 0xa0, 0x0, 0x0,
    0x0, 0xb6, 0x1, 0x22, 0x25, 0xe2, 0x22, 0x20,
    0x0, 0xb6, 0x9, 0xee, 0xee, 0xee, 0xee, 0xe4,
    0xac, 0xfd, 0xc3, 0x0, 0x0, 0x0, 0x0, 0x0,
    0x0, 0xf6, 0x0, 0xcf, 0xff, 0xff, 0xff, 0x30,
    0x4, 0xf6, 0x0, 0xd6, 0x11, 0x11, 0x1e, 0x30,
    0x9, 0xfc, 0x30, 0xd5, 0x0, 0x0, 0xe, 0x30,
    0x1e, 0xcb, 0xe2, 0xd5, 0x0, 0x0, 0xe, 0x30,
    0x8a, 0xb6, 0x73, 0xdf, 0xff, 0xff, 0xff, 0x30,
    0xe3, 0xb6, 0x0, 0x41, 0x1, 0xf1, 0x5, 0x10,
    0x40, 0xb6, 0x0, 0x79, 0x1, 0xf1, 0x98, 0x0,
    0x0, 0xb6, 0x2, 0xf4, 0x1, 0xf1, 0x4f, 0x40,
    0x0, 0xb6, 0xc, 0xa0, 0x1, 0xf1, 0x9, 0xe1,
    0x0, 0xb6, 0x3d, 0x2, 0x26, 0xf0, 0x0, 0xc4,
    0x0, 0xb6, 0x0, 0xc, 0xff, 0x70, 0x0, 0x0,
    0x0, 0x0, 0x0, 0x0, 0x0, 0x0, 0x0, 0x0,

    /* U+6910 "椐" */
    0x0, 0x2, 0x10, 0x0, 0x0, 0x0, 0x0, 0x0,
    0x0, 0x0, 0xb6, 0x0, 0x22, 0x22, 0x22, 0x22,
    0x10, 0x0, 0xb, 0x60, 0x3f, 0xee, 0xee, 0xee,
    0xee, 0x0, 0x0, 0xb6, 0x3, 0xc0, 0x0, 0x0,
    0x3, 0xe0, 0xa, 0xdf, 0xed, 0x7d, 0x11, 0x11,
    0x11, 0x4e, 0x0, 0x23, 0xe8, 0x34, 0xfe, 0xee,
    0xee, 0xef, 0xe0, 0x0, 0x3f, 0x81, 0x3c, 0x0,
    0x3, 0xa0, 0x15, 0x0, 0x8, 0xfd, 0xb3, 0xd2,
    0x22, 0x5e, 0x22, 0x21, 0x0, 0xdc, 0x6d, 0x7f,
    0xee, 0xef, 0xfe, 0xee, 0x90, 0x6b, 0xb6, 0x5,
    0xb0, 0x0, 0x4e, 0x0, 0x0, 0xe, 0x4b, 0x60,
    0x79, 0x11, 0x15, 0xe1, 0x11, 0x0, 0x80, 0xb6,
    0x9, 0x7d, 0xff, 0xff, 0xff, 0xd0, 0x0, 0xb,
    0x60, 0xd4, 0xd4, 0x0, 0x0, 0x4d, 0x0, 0x0,
    0xb6, 0x3f, 0xd, 0x40, 0x0, 0x4, 0xd0, 0x0,
    0xb, 0x6b, 0xa0, 0xdf, 0xff, 0xff, 0xfd, 0x0,
    0x0, 0xb6, 0xb2, 0xd, 0x51, 0x11, 0x15, 0xd0,
    0x0, 0x1, 0x10, 0x0, 0x0, 0x0, 0x0, 0x0,
    0x0,

    /* U+691F "椟" */
    0x0, 0x43, 0x0, 0x0, 0x1, 0x70, 0x0, 0x0,
    0x0, 0x98, 0x0, 0x0, 0x3, 0xf0, 0x0, 0x0,
    0x0, 0x98, 0x0, 0x44, 0x46, 0xf4, 0x44, 0x40,
    0x0, 0x98, 0x0, 0xdd, 0xdd, 0xfd, 0xdd, 0xd0,
    0x8d, 0xfe, 0xd1, 0x0, 0x3, 0xf0, 0x0, 0x0,
    0x0, 0xe8, 0x8, 0xff, 0xff, 0xff, 0xff, 0xf5,
    0x3, 0xfc, 0x31, 0x17, 0x21, 0x24, 0x11, 0xe4,
    0x8, 0xfe, 0xe1, 0xb, 0xe5, 0x3f, 0x0, 0xf3,
    0xe, 0xb8, 0xa9, 0x81, 0x5b, 0x3f, 0x0, 0x50,
    0x6c, 0x98, 0x1, 0x9e, 0x70, 0x3e, 0x0, 0x0,
    0xd6, 0x98, 0x1, 0x14, 0x81, 0x7d, 0x11, 0x11,
    0x90, 0x98, 0xf, 0xff, 0xff, 0xff, 0xff, 0xf8,
    0x0, 0x98, 0x0, 0x0, 0x4, 0xf8, 0x0, 0x0,
    0x0, 0x98, 0x0, 0x0, 0x7f, 0x8d, 0xd4, 0x0,
    0x0, 0x98, 0x3, 0x8e, 0xd4, 0x0, 0x7f, 0xb2,
    0x0, 0x98, 0xb, 0xb5, 0x0, 0x0, 0x2, 0xb4,
    0x0, 0x0, 0x0, 0x0, 0x0, 0x0, 0x0, 0x0,

    /* U+6920 "椠" */
    0x0, 0x6, 0x10, 0x0, 0x0, 0x0, 0x0, 0x0,
    0x0, 0x3f, 0x10, 0x0, 0x15, 0x67, 0x9b, 0xd0,
    0x9f, 0xff, 0xff, 0xff, 0x4f, 0xa9, 0x75, 0x40,
    0x4, 0xe1, 0x52, 0x0, 0x3c, 0x0, 0x0, 0x0,
    0xd, 0x60, 0xd4, 0x0, 0x3d, 0x22, 0x22, 0x20,
    0x2f, 0xff, 0xff, 0xfd, 0x4f, 0xee, 0xfe, 0xe5,
    0x0, 0x0, 0xd5, 0x0, 0x79, 0x0, 0xe3, 0x0,
    0x25, 0x68, 0xec, 0xca, 0xc5, 0x0, 0xe3, 0x0,
    0x6b, 0xa8, 0xe8, 0x46, 0xe0, 0x0, 0xe3, 0x0,
    0x0, 0x0, 0xd4, 0x3, 0x60, 0x0, 0xd3, 0x0,
    0x0, 0x0, 0x42, 0x9, 0x80, 0x0, 0x0, 0x0,
    0x5f, 0xff, 0xff, 0xff, 0xff, 0xff, 0xff, 0xf2,
    0x0, 0x0, 0x1a, 0xdb, 0xbe, 0x91, 0x0, 0x0,
    0x0, 0x28, 0xf9, 0x8, 0x81, 0xaf, 0x83, 0x0,
    0x5d, 0xf9, 0x20, 0x8, 0x80, 0x3, 0xbf, 0xe4,
    0x36, 0x10, 0x0, 0x8, 0x80, 0x0, 0x1, 0x70,

    /* U+6924 "椤" */
    0x0, 0x2, 0x10, 0x0, 0x0, 0x0, 0x0, 0x0,
    0x0, 0xb, 0x60, 0x3, 0x33, 0x33, 0x33, 0x32,
    0x0, 0xb, 0x60, 0x5f, 0xdf, 0xed, 0xfd, 0xde,
    0x0, 0xb, 0x60, 0x5b, 0xd, 0x40, 0xe2, 0x2e,
    0xa, 0xce, 0xdc, 0x7b, 0xd, 0x40, 0xe2, 0x2e,
    0x3, 0x4f, 0x84, 0x6c, 0x4d, 0x74, 0xf5, 0x6e,
    0x0, 0x5f, 0x70, 0x5e, 0xcd, 0xcc, 0xcc, 0xce,
    0x0, 0xaf, 0xdc, 0x22, 0x1e, 0x30, 0x0, 0x3,
    0x1, 0xeb, 0x68, 0x40, 0x9f, 0xdd, 0xdd, 0xda,
    0x8, 0x9b, 0x60, 0x5, 0xc3, 0x33, 0x34, 0xe9,
    0xe, 0x2b, 0x60, 0x3e, 0x43, 0x0, 0xa, 0xe1,
    0x5, 0xb, 0x61, 0xe4, 0x8f, 0x50, 0x9f, 0x40,
    0x0, 0xb, 0x60, 0x10, 0x8, 0xfd, 0xf5, 0x0,
    0x0, 0xb, 0x60, 0x0, 0x18, 0xfd, 0x30, 0x0,
    0x0, 0xb, 0x60, 0x5a, 0xfe, 0x70, 0x0, 0x0,
    0x0, 0xb, 0x60, 0xca, 0x50, 0x0, 0x0, 0x0,

    /* U+6934 "椴" */
    0x0, 0x31, 0x0, 0x0, 0x0, 0x0, 0x0, 0x0,
    0x0, 0xd4, 0x0, 0x36, 0xa0, 0x33, 0x33, 0x0,
    0x0, 0xd4, 0x8, 0xfc, 0x91, 0xfc, 0xce, 0x0,
    0x0, 0xd4, 0x8, 0xa0, 0x0, 0xf0, 0x1e, 0x0,
    0xae, 0xfe, 0xe9, 0xb4, 0x41, 0xf0, 0x1e, 0x0,
    0x11, 0xf5, 0x18, 0xeb, 0xb4, 0xc0, 0x1f, 0x20,
    0x4, 0xf6, 0x8, 0xa0, 0xc, 0x60, 0xb, 0xf8,
    0x9, 0xfe, 0x78, 0xb2, 0x27, 0x0, 0x0, 0x0,
    0xe, 0xd6, 0xe8, 0xfd, 0xce, 0xff, 0xff, 0xa0,
    0x7a, 0xd4, 0x8, 0xa0, 0x6, 0xa0, 0xb, 0x70,
    0xe3, 0xd4, 0x8, 0xa0, 0x12, 0xe0, 0x1f, 0x10,
    0x60, 0xd4, 0x7d, 0xff, 0xf4, 0xb7, 0xa9, 0x0,
    0x0, 0xd4, 0x6b, 0xb2, 0x0, 0x3f, 0xe1, 0x0,
    0x0, 0xd4, 0x8, 0xa0, 0x0, 0x8f, 0xe4, 0x0,
    0x0, 0xd4, 0x8, 0xa0, 0x4c, 0xd2, 0x6f, 0xb3,
    0x0, 0xd4, 0x8, 0xa0, 0xb8, 0x10, 0x2, 0xa2,
    0x0, 0x0, 0x0, 0x0, 0x0, 0x0, 0x0, 0x0,

    /* U+6939 "椹" */
    0x0, 0x4, 0x0, 0x1, 0x50, 0x0, 0x4, 0x10,
    0x0, 0x0, 0xe3, 0x0, 0x3e, 0x0, 0x0, 0xe3,
    0x0, 0x0, 0xe, 0x30, 0x46, 0xf4, 0x44, 0x4e,
    0x74, 0x20, 0x0, 0xe3, 0x1c, 0xcf, 0xcc, 0xcc,
    0xfc, 0xc7, 0xb, 0xdf, 0xdd, 0x13, 0xe0, 0x0,
    0xe, 0x30, 0x0, 0x13, 0xf4, 0x10, 0x3f, 0xff,
    0xff, 0xf3, 0x0, 0x0, 0x5f, 0xb2, 0x3, 0xe0,
    0x0, 0xe, 0x30, 0x0, 0xa, 0xfa, 0xe2, 0x3f,
    0xff, 0xff, 0xf3, 0x0, 0x0, 0xbe, 0x37, 0x3,
    0xe1, 0x11, 0x1e, 0x30, 0x0, 0x67, 0xe3, 0x12,
    0x4e, 0x22, 0x22, 0xe5, 0x21, 0xe, 0x2e, 0x38,
    0xff, 0xee, 0xee, 0xee, 0xee, 0xa0, 0x90, 0xe3,
    0x7, 0xc0, 0xa, 0x15, 0x90, 0x0, 0x0, 0xe,
    0x30, 0x7c, 0x8, 0xc0, 0x3f, 0x80, 0x0, 0x0,
    0xe3, 0x7, 0xc3, 0xf2, 0x0, 0x6f, 0x40, 0x0,
    0xe, 0x30, 0x7c, 0x14, 0x11, 0x11, 0x41, 0x0,
    0x0, 0xe3, 0x7, 0xff, 0xff, 0xff, 0xff, 0xf4,

    /* U+6942 "楂" */
    0x0, 0x5, 0x10, 0x0, 0x0, 0x61, 0x0, 0x0,
    0x0, 0x0, 0xd4, 0x0, 0x0, 0xe, 0x20, 0x0,
    0x0, 0x0, 0xd, 0x40, 0x99, 0x99, 0xfa, 0x99,
    0x97, 0x0, 0x22, 0xd6, 0x27, 0x77, 0xef, 0xf9,
    0x77, 0x50, 0xe, 0xff, 0xff, 0x11, 0xb9, 0xe7,
    0xe5, 0x0, 0x0, 0x1, 0xf4, 0x18, 0xe6, 0xe,
    0x22, 0xcd, 0x72, 0x0, 0x6f, 0x4b, 0xb3, 0x0,
    0x82, 0x0, 0x6c, 0x20, 0xa, 0xfc, 0x52, 0xff,
    0xff, 0xff, 0xff, 0x0, 0x1, 0xed, 0x8e, 0x3d,
    0x0, 0x0, 0x1, 0xf0, 0x0, 0x99, 0xd4, 0x2,
    0xfc, 0xcc, 0xcc, 0xcf, 0x0, 0xf, 0x2d, 0x40,
    0x2e, 0x33, 0x33, 0x34, 0xf0, 0x0, 0x60, 0xd4,
    0x2, 0xd0, 0x0, 0x0, 0x2f, 0x0, 0x0, 0xd,
    0x40, 0x2f, 0xff, 0xff, 0xff, 0xf0, 0x0, 0x0,
    0xd4, 0x1, 0x80, 0x0, 0x0, 0x19, 0x0, 0x0,
    0xd, 0x40, 0x0, 0x0, 0x0, 0x0, 0x0, 0x0,
    0x0, 0xd4, 0x7f, 0xff, 0xff, 0xff, 0xff, 0xf6,

    /* U+6957 "楗" */
    0x0, 0x32, 0x0, 0x0, 0x0, 0x3, 0x0, 0x0,
    0x0, 0x97, 0x0, 0x0, 0x0, 0x2e, 0x0, 0x0,
    0x0, 0x97, 0xc, 0xee, 0x6e, 0xef, 0xee, 0xb0,
    0x0, 0x97, 0x1, 0x4e, 0x0, 0x2e, 0x4, 0xc0,
    0x6f, 0xff, 0xe0, 0xb7, 0x9a, 0xbf, 0xab, 0xe7,
    0x0, 0xe7, 0x3, 0xe0, 0x44, 0x6e, 0x47, 0xd3,
    0x2, 0xf8, 0xb, 0x70, 0x15, 0x7e, 0x58, 0xc0,
    0x7, 0xfe, 0xad, 0xff, 0x38, 0x9f, 0x8a, 0xb0,
    0xd, 0xb7, 0xc1, 0xf, 0x0, 0x3e, 0x0, 0x0,
    0x4d, 0x97, 0x4, 0x1e, 0x7d, 0xef, 0xdd, 0xa0,
    0xa6, 0x97, 0xe, 0x5c, 0x0, 0x2e, 0x0, 0x0,
    0x40, 0x97, 0x9, 0xe8, 0x8a, 0xbf, 0xaa, 0xa2,
    0x0, 0x97, 0x1, 0xf5, 0x23, 0x5e, 0x33, 0x30,
    0x0, 0x97, 0x5, 0xec, 0x0, 0x2d, 0x0, 0x0,
    0x0, 0x97, 0x1d, 0x28, 0xd5, 0x21, 0x11, 0x11,
    0x0, 0x97, 0x95, 0x0, 0x5c, 0xff, 0xff, 0xfa,
    0x0, 0x0, 0x0, 0x0, 0x0, 0x0, 0x1, 0x0,

    /* U+695D "楝" */
    0x0, 0x21, 0x0, 0x0, 0x0, 0x40, 0x0, 0x0,
    0x0, 0xa7, 0x0, 0x0, 0x2, 0xe0, 0x0, 0x0,
    0x0, 0xa7, 0x8, 0xff, 0xff, 0xff, 0xff, 0xf5,
    0x11, 0xa7, 0x11, 0x11, 0x14, 0xe1, 0x11, 0x10,
    0xdf, 0xff, 0xf6, 0x11, 0x13, 0xe1, 0x11, 0x10,
    0x23, 0xf8, 0x24, 0xff, 0xff, 0xff, 0xff, 0xe0,
    0x4, 0xf9, 0x13, 0xe2, 0x42, 0xe0, 0x53, 0xe0,
    0x9, 0xdc, 0xd5, 0xe3, 0xd2, 0xe2, 0xe3, 0xe0,
    0xd, 0xa7, 0x56, 0xe0, 0x94, 0xe4, 0x62, 0xe0,
    0x79, 0xa7, 0x3, 0xfc, 0xcd, 0xfc, 0xcd, 0xe0,
    0xe4, 0xa7, 0x3, 0xe4, 0x4e, 0xfa, 0x45, 0xe0,
    0x70, 0xa7, 0x1, 0x40, 0xad, 0xfe, 0x40, 0x40,
    0x0, 0xa7, 0x0, 0xb, 0xc3, 0xe4, 0xf5, 0x0,
    0x0, 0xa7, 0x3, 0xdc, 0x12, 0xe0, 0x5f, 0x91,
    0x0, 0xa7, 0x3f, 0x80, 0x2, 0xe0, 0x3, 0xe8,
    0x0, 0xa7, 0x1, 0x0, 0x2, 0xe0, 0x0, 0x0,
    0x0, 0x0, 0x0, 0x0, 0x0, 0x0, 0x0, 0x0,

    /* U+6960 "楠" */
    0x0, 0x5, 0x20, 0x0, 0x0, 0x25, 0x0, 0x0,
    0x0, 0x0, 0xc5, 0x0, 0x0, 0x6, 0xc0, 0x0,
    0x0, 0x0, 0xc, 0x50, 0x34, 0x44, 0x8d, 0x44,
    0x44, 0x10, 0x0, 0xc5, 0xb, 0xdd, 0xde, 0xfd,
    0xdd, 0xd5, 0xa, 0xcf, 0xdc, 0x0, 0x0, 0x6c,
    0x0, 0x0, 0x0, 0x1, 0xf5, 0xa, 0xff, 0xff,
    0xff, 0xff, 0xf0, 0x0, 0x5f, 0x50, 0xa8, 0x26,
    0x11, 0x45, 0x1f, 0x10, 0xa, 0xfd, 0x5a, 0x71,
    0xe4, 0xc, 0x80, 0xf1, 0x0, 0xed, 0x9e, 0xb7,
    0x7, 0x85, 0xd1, 0xf, 0x10, 0x7a, 0xc5, 0x3a,
    0x7d, 0xff, 0xff, 0xf4, 0xf1, 0xe, 0x4c, 0x50,
    0xa7, 0x0, 0x5b, 0x0, 0xf, 0x10, 0x80, 0xc5,
    0xa, 0x73, 0x37, 0xc3, 0x32, 0xf1, 0x0, 0xc,
    0x50, 0xa8, 0xcc, 0xdf, 0xcc, 0x6f, 0x10, 0x0,
    0xc5, 0xa, 0x70, 0x5, 0xb0, 0x0, 0xf1, 0x0,
    0xc, 0x50, 0xa7, 0x0, 0x5b, 0x11, 0x4f, 0x0,
    0x0, 0xc5, 0xa, 0x70, 0x4, 0x9a, 0xff, 0x90,
    0x0, 0x0, 0x0, 0x11, 0x0, 0x0, 0x0, 0x0,
    0x0,

    /* U+6963 "楣" */
    0x0, 0x3, 0x10, 0x0, 0x0, 0x0, 0x0, 0x0,
    0x0, 0xc, 0x40, 0x3, 0x33, 0x33, 0x33, 0x33,
    0x0, 0xc, 0x40, 0x4f, 0xcc, 0xcf, 0xcc, 0xcf,
    0x0, 0xc, 0x40, 0x4f, 0x0, 0x1e, 0x0, 0x1f,
    0xb, 0xef, 0xee, 0x5f, 0x0, 0x2e, 0x0, 0x2f,
    0x2, 0x2f, 0x62, 0x4f, 0xff, 0xff, 0xff, 0xff,
    0x0, 0x4f, 0x60, 0x4f, 0x0, 0x0, 0x0, 0x7,
    0x0, 0x9f, 0xda, 0x4e, 0x2e, 0xee, 0xee, 0xeb,
    0x0, 0xdc, 0x5b, 0x7e, 0x2e, 0x0, 0x0, 0x5c,
    0x6, 0x9c, 0x40, 0x5d, 0x2f, 0xcc, 0xcc, 0xdc,
    0xe, 0x3c, 0x40, 0x7c, 0x2e, 0x33, 0x33, 0x6c,
    0x9, 0xc, 0x40, 0x99, 0x2e, 0x0, 0x0, 0x5c,
    0x0, 0xc, 0x40, 0xd6, 0x2f, 0xee, 0xee, 0xfc,
    0x0, 0xc, 0x43, 0xf1, 0x2e, 0x0, 0x0, 0x4c,
    0x0, 0xc, 0x4b, 0xa0, 0x2f, 0xee, 0xee, 0xfc,
    0x0, 0xc, 0x4a, 0x20, 0x2e, 0x0, 0x0, 0x5c,
    0x0, 0x0, 0x0, 0x0, 0x0, 0x0, 0x0, 0x0,

    /* U+6966 "楦" */
    0x0, 0x3, 0x10, 0x0, 0x0, 0x11, 0x0, 0x0,
    0x0, 0x0, 0xb6, 0x0, 0x0, 0x9, 0xa0, 0x0,
    0x0, 0x0, 0xb, 0x60, 0x6d, 0xdd, 0xef, 0xdd,
    0xdd, 0x10, 0x0, 0xb6, 0x7, 0xb3, 0x33, 0x33,
    0x33, 0xf1, 0xd, 0xff, 0xff, 0x44, 0x0, 0x0,
    0x0, 0x6, 0x0, 0x34, 0xf8, 0x40, 0x9f, 0xff,
    0xff, 0xff, 0x30, 0x0, 0x4f, 0x80, 0x0, 0x0,
    0x0, 0x0, 0x0, 0x0, 0x9, 0xfe, 0xa0, 0xef,
    0xff, 0xff, 0xff, 0x40, 0x0, 0xeb, 0x6c, 0x4f,
    0x30, 0x0, 0x0, 0xc5, 0x0, 0x7a, 0xb6, 0x0,
    0xfc, 0xcc, 0xcc, 0xcf, 0x50, 0xe, 0x4b, 0x60,
    0xf, 0x53, 0x33, 0x33, 0xd5, 0x0, 0x80, 0xb6,
    0x0, 0xf3, 0x0, 0x0, 0xc, 0x50, 0x0, 0xb,
    0x60, 0xf, 0xff, 0xff, 0xff, 0xf5, 0x0, 0x0,
    0xb6, 0x0, 0x60, 0x0, 0x0, 0x4, 0x20, 0x0,
    0xb, 0x60, 0xcd, 0xdd, 0xdd, 0xdd, 0xdd, 0x40,
    0x0, 0xb6, 0x3, 0x33, 0x33, 0x33, 0x33, 0x31,

    /* U+696B "楫" */
    0x0, 0x15, 0x0, 0x0, 0x0, 0x0, 0x0, 0x0,
    0x0, 0x3e, 0x0, 0x3d, 0xdd, 0xdd, 0xdd, 0x40,
    0x0, 0x3e, 0x0, 0x4c, 0x11, 0x11, 0x1c, 0x50,
    0x2, 0x5e, 0x21, 0x4c, 0x0, 0x0, 0xc, 0x50,
    0x4f, 0xff, 0xfc, 0x4f, 0xee, 0xee, 0xef, 0x50,
    0x0, 0x7e, 0x0, 0x12, 0x0, 0x0, 0x2, 0x10,
    0x0, 0xce, 0x35, 0xee, 0xee, 0xee, 0xee, 0xe8,
    0x1, 0xfe, 0xe3, 0x4d, 0x0, 0x0, 0xd, 0x40,
    0x7, 0xbe, 0x6a, 0x3f, 0xbb, 0xbb, 0xbf, 0x40,
    0xe, 0x5e, 0x0, 0x3d, 0x33, 0x33, 0x3d, 0x40,
    0x7b, 0x3e, 0x0, 0x3d, 0x0, 0x0, 0xd, 0x40,
    0x54, 0x3e, 0x0, 0x3f, 0xee, 0xee, 0xef, 0x40,
    0x0, 0x3e, 0x0, 0x3d, 0x0, 0x0, 0x1d, 0x51,
    0x0, 0x3e, 0xa, 0xdf, 0xef, 0xff, 0xef, 0xd7,
    0x0, 0x3e, 0x4, 0x43, 0x21, 0x0, 0xd, 0x40,
    0x0, 0x3c, 0x0, 0x0, 0x0, 0x0, 0xd, 0x40,

    /* U+696E "楮" */
    0x0, 0x3, 0x10, 0x0, 0x1, 0x40, 0x0, 0x0,
    0x0, 0x0, 0xc6, 0x0, 0x0, 0x4e, 0x0, 0x0,
    0x0, 0x0, 0xc, 0x60, 0x1, 0x15, 0xe1, 0x10,
    0x7c, 0x0, 0x0, 0xc6, 0x0, 0xff, 0xff, 0xff,
    0x6f, 0x40, 0xd, 0xff, 0xff, 0x40, 0x4, 0xe0,
    0x3e, 0x70, 0x0, 0x1, 0xf6, 0x0, 0x0, 0x4e,
    0x3e, 0x70, 0x0, 0x0, 0x4f, 0x60, 0xff, 0xff,
    0xff, 0xff, 0xff, 0x50, 0x9, 0xfe, 0x82, 0x23,
    0xcf, 0x62, 0x22, 0x21, 0x0, 0xed, 0x8f, 0x34,
    0xdf, 0x61, 0x11, 0x10, 0x0, 0x7a, 0xc6, 0x6b,
    0xff, 0xff, 0xff, 0xff, 0x30, 0xe, 0x4c, 0x6b,
    0xc7, 0xe0, 0x0, 0x0, 0xe3, 0x0, 0x90, 0xc6,
    0x0, 0x3f, 0x44, 0x44, 0x4f, 0x30, 0x0, 0xc,
    0x60, 0x3, 0xfb, 0xbb, 0xbb, 0xf3, 0x0, 0x0,
    0xc6, 0x0, 0x3e, 0x0, 0x0, 0xe, 0x30, 0x0,
    0xc, 0x60, 0x3, 0xfe, 0xee, 0xee, 0xf3, 0x0,
    0x0, 0xc6, 0x0, 0x3e, 0x11, 0x11, 0x1e, 0x30,
    0x0, 0x0, 0x0, 0x0, 0x0, 0x0, 0x0, 0x0,
    0x0,

    /* U+6971 "楱" */
    0x0, 0x6, 0x20, 0x0, 0x0, 0x62, 0x0, 0x0,
    0x0, 0x0, 0xd4, 0x0, 0x0, 0xd, 0x40, 0x0,
    0x0, 0x0, 0xd, 0x40, 0xae, 0xee, 0xfe, 0xee,
    0xe9, 0x0, 0x44, 0xd7, 0x42, 0x22, 0x4f, 0x22,
    0x22, 0x10, 0xe, 0xff, 0xff, 0x23, 0x36, 0xe3,
    0x33, 0x30, 0x0, 0x12, 0xf5, 0x14, 0xcc, 0xee,
    0xcc, 0xcc, 0x30, 0x0, 0x4f, 0x40, 0x11, 0x1e,
    0x51, 0x11, 0x11, 0x0, 0x9, 0xfa, 0x7f, 0xff,
    0xff, 0xff, 0xff, 0xf3, 0x0, 0xcd, 0x9e, 0x13,
    0xe3, 0x0, 0xb8, 0x0, 0x0, 0x68, 0xd4, 0x14,
    0xee, 0xff, 0xff, 0xdb, 0x20, 0xe, 0x2d, 0x48,
    0xf5, 0x0, 0xf2, 0x0, 0xbf, 0x50, 0x80, 0xd4,
    0x85, 0x22, 0x3f, 0x32, 0x22, 0x60, 0x0, 0xd,
    0x40, 0x6d, 0xde, 0xfd, 0xdd, 0xa0, 0x0, 0x0,
    0xd4, 0x0, 0x1, 0xcf, 0xa4, 0x0, 0x0, 0x0,
    0xd, 0x40, 0x38, 0xe9, 0x6, 0xcd, 0x71, 0x0,
    0x0, 0xd4, 0x5e, 0xa3, 0x0, 0x0, 0x3b, 0x70,
    0x0, 0x0, 0x0, 0x0, 0x0, 0x0, 0x0, 0x0,
    0x0,

    /* U+6978 "楸" */
    0x0, 0x21, 0x0, 0x0, 0x0, 0x0, 0x10, 0x0,
    0x0, 0xb5, 0x3, 0x45, 0x74, 0x1, 0xf0, 0x0,
    0x0, 0xb5, 0xd, 0xdf, 0x94, 0x1, 0xf0, 0x0,
    0x12, 0xc6, 0x20, 0x2e, 0x1, 0x22, 0xe0, 0x21,
    0x8d, 0xfe, 0xd0, 0x2e, 0x6, 0x92, 0xe0, 0x96,
    0x1, 0xf5, 0xe, 0xef, 0xea, 0xc3, 0xe0, 0xd2,
    0x5, 0xfc, 0x21, 0x8e, 0x10, 0xf4, 0xf2, 0xe0,
    0xa, 0xeb, 0xc0, 0xde, 0x50, 0xc8, 0xf9, 0x90,
    0xe, 0xb5, 0x95, 0xbf, 0xd4, 0x7, 0xf5, 0x10,
    0x7a, 0xb5, 0xb, 0x6e, 0x5d, 0xa, 0xa8, 0x0,
    0xb4, 0xb5, 0x3d, 0x2e, 0x2, 0xe, 0x4c, 0x0,
    0x40, 0xb5, 0xc6, 0x2e, 0x0, 0x3d, 0xe, 0x10,
    0x0, 0xb5, 0x60, 0x2e, 0x0, 0xa8, 0xa, 0x70,
    0x0, 0xb5, 0x0, 0x2e, 0x2, 0xf2, 0x4, 0xe0,
    0x0, 0xb5, 0x0, 0x2e, 0xc, 0xa0, 0x0, 0xd9,
    0x0, 0xb5, 0x0, 0x2e, 0xc, 0x10, 0x0, 0x45,
    0x0, 0x10, 0x0, 0x0, 0x0, 0x0, 0x0, 0x0,

    /* U+6979 "楹" */
    0x0, 0x52, 0x0, 0x0, 0x0, 0x0, 0x0, 0x0,
    0x0, 0xc5, 0x7, 0xcc, 0xcc, 0xcc, 0xc8, 0x0,
    0x0, 0xc5, 0x2, 0x7d, 0x44, 0x44, 0xc8, 0x0,
    0x35, 0xd8, 0x50, 0x5b, 0x0, 0x0, 0xda, 0x63,
    0xad, 0xfe, 0xd1, 0x6c, 0xff, 0xff, 0xba, 0xe7,
    0x0, 0xf6, 0x0, 0x98, 0x40, 0x5e, 0x0, 0xb5,
    0x4, 0xfe, 0x80, 0xd5, 0xcc, 0xe4, 0x0, 0xd4,
    0x9, 0xf6, 0xc8, 0xd0, 0x4f, 0xf8, 0x1, 0xf1,
    0xd, 0xc5, 0x5f, 0x6c, 0xe4, 0x28, 0xce, 0xb0,
    0x78, 0xc5, 0x55, 0x6, 0x0, 0x0, 0x64, 0x0,
    0xd2, 0xc5, 0x7, 0xff, 0xff, 0xff, 0xff, 0xd0,
    0x40, 0xc5, 0x7, 0xa0, 0xb5, 0x2e, 0x4, 0xd0,
    0x0, 0xc5, 0x7, 0xa0, 0xb4, 0x1e, 0x3, 0xd0,
    0x0, 0xc5, 0x7, 0xa0, 0xb4, 0x1e, 0x3, 0xd0,
    0x0, 0xc5, 0x9e, 0xec, 0xed, 0xdf, 0xcd, 0xfb,
    0x0, 0xc5, 0x34, 0x44, 0x44, 0x44, 0x44, 0x43,

    /* U+6980 "榀" */
    0x0, 0x4, 0x10, 0x0, 0x0, 0x0, 0x0, 0x0,
    0x0, 0x0, 0xc4, 0x0, 0xbd, 0xdd, 0xdd, 0xdb,
    0x0, 0x0, 0xc, 0x40, 0xe, 0x64, 0x44, 0x47,
    0xe0, 0x0, 0x1, 0xc5, 0x10, 0xe3, 0x0, 0x0,
    0x3e, 0x0, 0xd, 0xff, 0xff, 0x3e, 0x30, 0x0,
    0x3, 0xe0, 0x0, 0x1, 0xf4, 0x0, 0xe3, 0x0,
    0x0, 0x3e, 0x0, 0x0, 0x6f, 0x60, 0xe, 0xff,
    0xff, 0xff, 0xe0, 0x0, 0xb, 0xed, 0x90, 0x72,
    0x11, 0x11, 0x27, 0x0, 0x1, 0xdc, 0x5c, 0x31,
    0x11, 0x0, 0x11, 0x11, 0x0, 0x88, 0xc4, 0x1f,
    0xff, 0xf1, 0x4f, 0xff, 0xf1, 0xe, 0x2c, 0x41,
    0xf0, 0xe, 0x14, 0xc0, 0xf, 0x10, 0x50, 0xc4,
    0x1f, 0x0, 0xe1, 0x4c, 0x0, 0xf1, 0x0, 0xc,
    0x41, 0xf0, 0xe, 0x14, 0xc0, 0xf, 0x10, 0x0,
    0xc4, 0x1f, 0x0, 0xe1, 0x4c, 0x0, 0xf1, 0x0,
    0xc, 0x41, 0xff, 0xff, 0x14, 0xff, 0xff, 0x10,
    0x0, 0xc4, 0x1f, 0x11, 0xe1, 0x4c, 0x11, 0xf1,

    /* U+6984 "榄" */
    0x0, 0x31, 0x0, 0x0, 0x40, 0x3, 0x10, 0x0,
    0x0, 0xb5, 0x4, 0x90, 0xe2, 0xe, 0x40, 0x0,
    0x0, 0xb5, 0x5, 0xb0, 0xe2, 0x3f, 0xa9, 0x93,
    0x0, 0xb5, 0x5, 0xb0, 0xe2, 0xba, 0x66, 0x62,
    0xcf, 0xff, 0xf7, 0xb0, 0xe7, 0xe3, 0x80, 0x0,
    0x2, 0xf6, 0x5, 0xb0, 0xe6, 0x50, 0xad, 0x20,
    0x5, 0xf7, 0x1, 0x20, 0x81, 0x0, 0x6, 0x30,
    0xa, 0xdd, 0xd6, 0xee, 0xee, 0xee, 0xed, 0x0,
    0x1d, 0xb6, 0xc9, 0xd2, 0x22, 0x22, 0x4e, 0x0,
    0x78, 0xb5, 0x4, 0xd0, 0xb, 0x20, 0x3e, 0x0,
    0xd2, 0xb5, 0x4, 0xd0, 0xf, 0x10, 0x3e, 0x0,
    0x50, 0xb5, 0x4, 0xd0, 0x2f, 0xd3, 0x3e, 0x0,
    0x0, 0xb5, 0x1, 0x30, 0x7a, 0xe3, 0x3, 0x74,
    0x0, 0xb5, 0x0, 0x4, 0xe2, 0xe3, 0x0, 0xa6,
    0x0, 0xb5, 0x1, 0x9e, 0x30, 0xd6, 0x1, 0xd4,
    0x0, 0xb5, 0x4d, 0x70, 0x0, 0x7f, 0xff, 0xc0,
    0x0, 0x0, 0x0, 0x0, 0x0, 0x0, 0x0, 0x0,

    /* U+6987 "榇" */
    0x0, 0x3, 0x0, 0x0, 0x0, 0x40, 0x0, 0x0,
    0x0, 0x3e, 0x0, 0x0, 0x2, 0xf3, 0x0, 0x0,
    0x0, 0x3e, 0x0, 0x48, 0x88, 0xc9, 0x88, 0x80,
    0x1, 0x4e, 0x11, 0x49, 0xa9, 0x99, 0x9a, 0x90,
    0x5f, 0xff, 0xfe, 0x5, 0xc0, 0x0, 0x6d, 0x0,
    0x0, 0x7e, 0x0, 0x0, 0xe4, 0x0, 0xe5, 0x0,
    0x0, 0xce, 0x0, 0x44, 0x95, 0x48, 0xd4, 0x42,
    0x1, 0xfe, 0xe3, 0xdd, 0xdd, 0xfd, 0xdd, 0xd8,
    0x7, 0xde, 0x7c, 0x0, 0x0, 0xe3, 0x0, 0x0,
    0xe, 0x7e, 0x2, 0x11, 0x11, 0xe5, 0x11, 0x10,
    0x7d, 0x3e, 0x0, 0xdf, 0xff, 0xff, 0xff, 0xf5,
    0x64, 0x3e, 0x0, 0x3, 0x0, 0xe3, 0x12, 0x0,
    0x0, 0x3e, 0x0, 0x2f, 0x40, 0xe3, 0x6e, 0x20,
    0x0, 0x3e, 0x2, 0xe8, 0x0, 0xe3, 0xa, 0xd1,
    0x0, 0x3e, 0xc, 0x82, 0x35, 0xf2, 0x0, 0xc8,
    0x0, 0x3e, 0x1, 0x6, 0xff, 0xa0, 0x0, 0x10,
    0x0, 0x0, 0x0, 0x0, 0x0, 0x0, 0x0, 0x0,

    /* U+6988 "榈" */
    0x0, 0x32, 0x0, 0x10, 0x0, 0x0, 0x0, 0x0,
    0x0, 0xa6, 0x0, 0xaa, 0x1, 0x33, 0x33, 0x30,
    0x0, 0xa6, 0x0, 0x1e, 0x65, 0xff, 0xff, 0xf2,
    0x12, 0xa7, 0x21, 0x12, 0x10, 0x0, 0x0, 0xf2,
    0x7c, 0xfd, 0xb8, 0xa0, 0xae, 0xee, 0xa0, 0xf2,
    0x0, 0xf6, 0x8, 0xa0, 0xc3, 0x14, 0xb0, 0xf2,
    0x3, 0xf7, 0x8, 0xa0, 0xc2, 0x4, 0xb0, 0xf2,
    0x8, 0xfe, 0x88, 0xa0, 0xce, 0xef, 0xb0, 0xf2,
    0xd, 0xb7, 0xea, 0xa0, 0x51, 0x2, 0x50, 0xf2,
    0x4b, 0xa6, 0x8, 0xa0, 0x22, 0x22, 0x20, 0xf2,
    0xb6, 0xa6, 0x8, 0xa1, 0xfd, 0xdd, 0xf0, 0xf2,
    0x70, 0xa6, 0x8, 0xa1, 0xe0, 0x0, 0xe0, 0xf2,
    0x0, 0xa6, 0x8, 0xa1, 0xe3, 0x33, 0xf0, 0xf2,
    0x0, 0xa6, 0x8, 0xa1, 0xfc, 0xcc, 0xc0, 0xf2,
    0x0, 0xa6, 0x8, 0xa0, 0x90, 0x1, 0x13, 0xf1,
    0x0, 0xa6, 0x8, 0xa0, 0x0, 0xc, 0xff, 0xa0,

    /* U+6989 "榉" */
    0x0, 0x25, 0x0, 0x0, 0x2, 0x40, 0x0, 0x30,
    0x0, 0x5, 0xd0, 0x7, 0xa0, 0x5e, 0x10, 0x5f,
    0x20, 0x0, 0x5d, 0x0, 0x2f, 0x50, 0xb8, 0x1e,
    0x70, 0x1, 0x48, 0xd4, 0x30, 0x52, 0x1, 0x6,
    0xc0, 0x0, 0x3c, 0xdf, 0xc8, 0x9d, 0xdd, 0xdd,
    0xdd, 0xdb, 0x0, 0x7, 0xd0, 0x3, 0x4e, 0x74,
    0x4b, 0x94, 0x30, 0x0, 0xce, 0xa0, 0x3, 0xf0,
    0x64, 0x5c, 0x0, 0x0, 0x1f, 0xdd, 0x80, 0xc8,
    0xb, 0x70, 0xe6, 0x0, 0x8, 0xed, 0x26, 0x9f,
    0x42, 0xc8, 0x28, 0xf3, 0x1, 0xf8, 0xd0, 0x9f,
    0x6e, 0xef, 0xfe, 0xca, 0xe1, 0x7c, 0x5d, 0x7,
    0x40, 0x0, 0xb7, 0x0, 0x5, 0x4, 0x45, 0xd0,
    0x2, 0x22, 0x2b, 0x82, 0x22, 0x10, 0x0, 0x5d,
    0x1, 0xff, 0xff, 0xff, 0xff, 0xf9, 0x0, 0x5,
    0xd0, 0x0, 0x0, 0xb, 0x70, 0x0, 0x0, 0x0,
    0x5d, 0x0, 0x0, 0x0, 0xb7, 0x0, 0x0, 0x0,
    0x5, 0xd0, 0x0, 0x0, 0xb, 0x70, 0x0, 0x0,

    /* U+698D "榍" */
    0x0, 0x41, 0x0, 0x0, 0x0, 0x0, 0x0, 0x0,
    0x0, 0xc5, 0x6, 0xcc, 0xcc, 0xcc, 0xcc, 0xc0,
    0x0, 0xc5, 0x9, 0x94, 0x44, 0x44, 0x44, 0xf0,
    0x1, 0xc5, 0x19, 0x82, 0x22, 0x22, 0x23, 0xf0,
    0xcf, 0xff, 0xfa, 0xed, 0xdd, 0xdd, 0xdd, 0xf0,
    0x0, 0xf5, 0x9, 0x72, 0x10, 0x1a, 0x0, 0x50,
    0x4, 0xf8, 0x19, 0x76, 0xe2, 0x2e, 0x9, 0xb0,
    0x9, 0xfc, 0xa9, 0x70, 0xa8, 0x3e, 0x1b, 0x10,
    0x1e, 0xd5, 0xdb, 0x6c, 0xfe, 0xee, 0xee, 0xf0,
    0x8a, 0xc5, 0xa, 0x6c, 0x40, 0x0, 0x0, 0xf0,
    0xd3, 0xc5, 0xb, 0x5c, 0xff, 0xff, 0xff, 0xf0,
    0x50, 0xc5, 0xd, 0x3c, 0x40, 0x0, 0x0, 0xf0,
    0x0, 0xc5, 0x1f, 0xc, 0xfe, 0xee, 0xee, 0xf0,
    0x0, 0xc5, 0x6b, 0xc, 0x40, 0x0, 0x1, 0xf0,
    0x0, 0xc5, 0xd6, 0xc, 0x40, 0x2, 0x15, 0xf0,
    0x0, 0xc5, 0xa0, 0xc, 0x40, 0xf, 0xff, 0x80,
    0x0, 0x0, 0x0, 0x1, 0x0, 0x0, 0x0, 0x0,

    /* U+6995 "榕" */
    0x0, 0x2, 0x10, 0x0, 0x0, 0x12, 0x0, 0x0,
    0x0, 0x0, 0xb6, 0x0, 0x0, 0x9, 0xc0, 0x0,
    0x0, 0x0, 0xb, 0x60, 0x19, 0x99, 0xaf, 0xa9,
    0x98, 0x0, 0x0, 0xb6, 0x2, 0xf8, 0x77, 0x77,
    0x79, 0xf0, 0xc, 0xff, 0xff, 0x5f, 0x27, 0x0,
    0x15, 0x3e, 0x0, 0x12, 0xf7, 0x20, 0xc, 0xd1,
    0x4, 0xf7, 0x0, 0x0, 0x4f, 0x60, 0x1c, 0xd1,
    0x4a, 0x14, 0xf7, 0x0, 0x9, 0xfb, 0x62, 0xb1,
    0x2e, 0xbb, 0x4, 0x80, 0x0, 0xed, 0x9f, 0x40,
    0x3e, 0x70, 0xca, 0x0, 0x0, 0x7b, 0xb6, 0x64,
    0x6f, 0x70, 0x1, 0xdc, 0x20, 0xe, 0x4b, 0x61,
    0xbf, 0x93, 0x33, 0x34, 0xef, 0x50, 0x80, 0xb6,
    0xa, 0x6f, 0xcc, 0xcc, 0xdf, 0x71, 0x0, 0xb,
    0x60, 0x3, 0xe0, 0x0, 0x1, 0xf0, 0x0, 0x0,
    0xb6, 0x0, 0x3e, 0x0, 0x0, 0x1f, 0x0, 0x0,
    0xb, 0x60, 0x3, 0xff, 0xff, 0xff, 0xf0, 0x0,
    0x0, 0xb6, 0x0, 0x3e, 0x11, 0x11, 0x2f, 0x0,

    /* U+6998 "榘" */
    0x0, 0x42, 0x0, 0x0, 0x0, 0x0, 0x0, 0x0,
    0x0, 0xf5, 0x22, 0x15, 0xcc, 0xcc, 0xcc, 0xc1,
    0x8, 0xff, 0xff, 0xe7, 0xb3, 0x33, 0x33, 0x30,
    0x4f, 0x38, 0xa1, 0x17, 0xa1, 0x11, 0x11, 0x0,
    0x65, 0x8, 0x90, 0x7, 0xfe, 0xee, 0xef, 0x20,
    0x8c, 0xce, 0xec, 0xc8, 0xa0, 0x0, 0xe, 0x20,
    0x0, 0x1e, 0x80, 0x7, 0xfe, 0xee, 0xef, 0x20,
    0x0, 0x9e, 0xf8, 0x7, 0xa0, 0x0, 0xc, 0x10,
    0x1a, 0xe3, 0x2d, 0xa7, 0xb4, 0x44, 0x44, 0x41,
    0x88, 0x10, 0x0, 0x6b, 0xdb, 0xbb, 0xbb, 0xb4,
    0x1, 0x11, 0x11, 0x1d, 0x51, 0x11, 0x11, 0x10,
    0xaf, 0xff, 0xff, 0xff, 0xff, 0xff, 0xff, 0xf7,
    0x0, 0x0, 0x4d, 0x7d, 0x8e, 0x70, 0x0, 0x0,
    0x0, 0x3b, 0xe4, 0xd, 0x42, 0xbd, 0x61, 0x0,
    0x6d, 0xf7, 0x0, 0xd, 0x40, 0x5, 0xcf, 0xc3,
    0x47, 0x0, 0x0, 0xd, 0x40, 0x0, 0x2, 0x50,

    /* U+699B "榛" */
    0x0, 0x5, 0x10, 0x0, 0x0, 0x60, 0x0, 0x0,
    0x0, 0x0, 0xd4, 0x0, 0x0, 0x2f, 0x0, 0x0,
    0x0, 0x0, 0xd, 0x40, 0xae, 0xee, 0xfe, 0xee,
    0xe9, 0x0, 0x34, 0xd7, 0x41, 0x22, 0x6d, 0x22,
    0x22, 0x10, 0xe, 0xff, 0xff, 0x23, 0x38, 0xc3,
    0x33, 0x30, 0x0, 0x12, 0xf5, 0x13, 0xcc, 0xfe,
    0xcc, 0xcc, 0x20, 0x0, 0x4f, 0x40, 0x11, 0x1f,
    0x31, 0x11, 0x11, 0x0, 0x9, 0xfb, 0x5f, 0xff,
    0xff, 0xff, 0xff, 0xf4, 0x0, 0xdd, 0x8e, 0x14,
    0xe2, 0x1, 0xaa, 0x0, 0x0, 0x69, 0xd4, 0x14,
    0xed, 0xff, 0xfe, 0xca, 0x20, 0xe, 0x3d, 0x48,
    0xf5, 0x0, 0xe3, 0x1, 0xcf, 0x30, 0x90, 0xd4,
    0x78, 0x44, 0x4e, 0x74, 0x45, 0x80, 0x0, 0xd,
    0x40, 0x7b, 0xcf, 0xfc, 0xbb, 0xb1, 0x0, 0x0,
    0xd4, 0x0, 0x3d, 0x8e, 0xb8, 0x30, 0x0, 0x0,
    0xd, 0x45, 0xce, 0x50, 0xe6, 0x8d, 0xe9, 0x0,
    0x0, 0xd4, 0x67, 0x0, 0xe, 0x30, 0x3, 0x40,
    0x0, 0x0, 0x0, 0x0, 0x0, 0x0, 0x0, 0x0,
    0x0,

    /* U+69A7 "榧" */
    0x0, 0x4, 0x20, 0x0, 0x0, 0x0, 0x0, 0x0,
    0x0, 0x0, 0xb6, 0x0, 0x11, 0x11, 0x11, 0x11,
    0x10, 0x0, 0xb, 0x60, 0x5f, 0xff, 0xff, 0xff,
    0xff, 0x30, 0x0, 0xb6, 0x5, 0xb0, 0x4, 0x11,
    0x50, 0x0, 0xa, 0xce, 0xdc, 0x8b, 0x11, 0xc5,
    0x2e, 0x11, 0x0, 0x12, 0xf7, 0x25, 0xbe, 0xef,
    0x52, 0xff, 0xf4, 0x0, 0x5f, 0x60, 0x5b, 0x0,
    0xc5, 0x2e, 0x0, 0x0, 0xa, 0xfe, 0x65, 0xb1,
    0x1c, 0x52, 0xe1, 0x10, 0x1, 0xec, 0x8e, 0x9b,
    0xcf, 0xf5, 0x2f, 0xff, 0x10, 0x8a, 0xb6, 0x46,
    0xb0, 0xc, 0x52, 0xe0, 0x0, 0xf, 0x3b, 0x60,
    0x5b, 0x11, 0xc5, 0x2e, 0x11, 0x0, 0x70, 0xb6,
    0x5, 0xbf, 0xff, 0x52, 0xff, 0xf5, 0x0, 0xb,
    0x60, 0x5b, 0x0, 0xc5, 0x2e, 0x0, 0x0, 0x0,
    0xb6, 0x5, 0xb0, 0xc, 0x52, 0xe0, 0x0, 0x0,
    0xb, 0x60, 0x5b, 0x11, 0x42, 0x14, 0x11, 0x0,
    0x0, 0xb6, 0x5, 0xff, 0xff, 0xff, 0xff, 0xf7,

    /* U+69AB "榫" */
    0x0, 0x21, 0x0, 0x3, 0x0, 0x30, 0x0, 0x0,
    0x0, 0xb6, 0x0, 0x3f, 0x1, 0xf5, 0x0, 0x0,
    0x0, 0xb6, 0x0, 0x9b, 0x22, 0x8c, 0x22, 0x20,
    0x0, 0xb6, 0x0, 0xed, 0xcc, 0xee, 0xcc, 0xc1,
    0xbf, 0xff, 0xfa, 0xf5, 0x0, 0x7a, 0x0, 0x0,
    0x0, 0xe6, 0xe, 0xef, 0xee, 0xff, 0xee, 0xc0,
    0x3, 0xf6, 0x18, 0xd5, 0x0, 0x7a, 0x0, 0x0,
    0x8, 0xfd, 0xa0, 0xdf, 0xee, 0xff, 0xee, 0xc0,
    0xe, 0xc7, 0xd5, 0xd5, 0x0, 0x7a, 0x0, 0x0,
    0x7a, 0xb6, 0x20, 0xdc, 0xbb, 0xde, 0xbb, 0xb2,
    0xe4, 0xb6, 0x0, 0xc7, 0x44, 0x64, 0x44, 0x41,
    0x60, 0xb6, 0x0, 0x0, 0x1, 0xf0, 0x0, 0x0,
    0x0, 0xb6, 0xe, 0xff, 0xff, 0xff, 0xff, 0xf4,
    0x0, 0xb6, 0x1, 0x11, 0x12, 0xf1, 0x11, 0x10,
    0x0, 0xb6, 0x0, 0x0, 0x1, 0xf0, 0x0, 0x0,
    0x0, 0xb6, 0x0, 0x0, 0x1, 0xf0, 0x0, 0x0,

    /* U+69AD "榭" */
    0x0, 0x0, 0x0, 0x1, 0x0, 0x0, 0x0, 0x0,
    0x0, 0xc, 0x30, 0x0, 0xc4, 0x0, 0x0, 0x2e,
    0x0, 0x0, 0xc3, 0x5, 0xef, 0xee, 0x20, 0x2,
    0xe0, 0x1, 0x2d, 0x52, 0x69, 0x11, 0xd2, 0x0,
    0x2e, 0x0, 0x9f, 0xff, 0xf7, 0x90, 0xd, 0x57,
    0x78, 0xf7, 0x0, 0x1f, 0x30, 0x6f, 0xee, 0xf6,
    0xaa, 0xbf, 0xa0, 0x4, 0xf4, 0x6, 0x90, 0xd,
    0x23, 0x2, 0xe0, 0x0, 0x8f, 0xe5, 0x6e, 0xdd,
    0xf3, 0xf3, 0x2e, 0x0, 0xd, 0xc7, 0xe7, 0xa2,
    0x2e, 0x2a, 0x92, 0xe0, 0x5, 0x9c, 0x32, 0x69,
    0x11, 0xd2, 0x4f, 0x3e, 0x0, 0xb4, 0xc3, 0x6f,
    0xff, 0xff, 0x20, 0x83, 0xe0, 0x5, 0xc, 0x30,
    0x0, 0x2e, 0xe2, 0x0, 0x2e, 0x0, 0x0, 0xc3,
    0x0, 0x1d, 0x6d, 0x20, 0x2, 0xe0, 0x0, 0xc,
    0x30, 0x2d, 0x80, 0xd2, 0x0, 0x2e, 0x0, 0x0,
    0xc3, 0x5f, 0x81, 0x2f, 0x11, 0x17, 0xd0, 0x0,
    0xc, 0x35, 0x50, 0xcf, 0xa0, 0x6f, 0xf6, 0x0,
    0x0, 0x20, 0x0, 0x0, 0x0, 0x0, 0x0, 0x0,
    0x0,

    /* U+69B1 "榱" */
    0x0, 0x31, 0x0, 0x0, 0x3, 0x10, 0x0, 0x0,
    0x0, 0xb5, 0x0, 0x0, 0xd, 0xa0, 0x0, 0x0,
    0x0, 0xb5, 0x2, 0x33, 0x37, 0xf4, 0x33, 0x30,
    0x0, 0xb5, 0xa, 0xdd, 0xdd, 0xdd, 0xdd, 0xd2,
    0xad, 0xfe, 0xd1, 0x44, 0x44, 0x44, 0x44, 0x0,
    0x23, 0xf7, 0x30, 0xec, 0xbb, 0xbb, 0xbf, 0x20,
    0x3, 0xf5, 0x1, 0xe3, 0x11, 0x11, 0x1e, 0x30,
    0x8, 0xfd, 0x5e, 0xff, 0xff, 0xff, 0xff, 0xf5,
    0xe, 0xd8, 0xe1, 0xe2, 0x0, 0x0, 0xe, 0x20,
    0x6b, 0xb5, 0x30, 0xef, 0xff, 0xff, 0xff, 0x20,
    0xd5, 0xb5, 0x0, 0xc2, 0xad, 0xf1, 0x4, 0x80,
    0x70, 0xb5, 0x0, 0x1c, 0xc1, 0xa9, 0x8f, 0x80,
    0x0, 0xb5, 0x7, 0xff, 0x20, 0x1e, 0xc2, 0x0,
    0x0, 0xb5, 0xcd, 0x4f, 0x22, 0x95, 0xe6, 0x0,
    0x0, 0xb5, 0x10, 0x1f, 0xde, 0x80, 0x3d, 0xd3,
    0x0, 0xb5, 0x0, 0x3d, 0x60, 0x0, 0x0, 0x70,
    0x0, 0x0, 0x0, 0x0, 0x0, 0x0, 0x0, 0x0,

    /* U+69BB "榻" */
    0x0, 0x4, 0x0, 0x0, 0x0, 0x0, 0x0, 0x0,
    0x0, 0xd, 0x20, 0xc, 0xcc, 0xcc, 0xcc, 0xb0,
    0x0, 0xd, 0x20, 0xf, 0x42, 0x22, 0x25, 0xe0,
    0x3, 0x4e, 0x64, 0xf, 0xbb, 0xbb, 0xbc, 0xe0,
    0xd, 0xff, 0xff, 0x3f, 0x54, 0x44, 0x46, 0xe0,
    0x0, 0x2f, 0x20, 0xf, 0x42, 0x22, 0x24, 0xe0,
    0x0, 0x7f, 0x30, 0xf, 0xdd, 0xdd, 0xde, 0xe0,
    0x0, 0xcf, 0xe4, 0x12, 0x11, 0x0, 0x11, 0x20,
    0x2, 0xdd, 0x5b, 0xff, 0xff, 0x4d, 0xff, 0xf9,
    0x9, 0x8d, 0x20, 0x42, 0xd, 0x44, 0x20, 0x89,
    0xe, 0x2d, 0x20, 0x6e, 0x2d, 0x46, 0xd1, 0x89,
    0x6, 0xd, 0x20, 0x6, 0x5e, 0x40, 0x75, 0xb9,
    0x0, 0xd, 0x20, 0x4b, 0xff, 0x45, 0xbf, 0xd9,
    0x0, 0xd, 0x2a, 0xf8, 0x1d, 0x4b, 0x81, 0x89,
    0x0, 0xd, 0x22, 0x22, 0x2e, 0x31, 0x22, 0xb8,
    0x0, 0xd, 0x20, 0x5f, 0xfc, 0x3, 0xff, 0xe3,
    0x0, 0x0, 0x0, 0x0, 0x0, 0x0, 0x0, 0x0,

    /* U+69C1 "槁" */
    0x0, 0x3, 0x10, 0x0, 0x0, 0x40, 0x0, 0x0,
    0x0, 0x0, 0xc4, 0x0, 0x0, 0x1f, 0x40, 0x0,
    0x0, 0x0, 0xc, 0x40, 0xac, 0xcc, 0xee, 0xcc,
    0xcc, 0x30, 0x34, 0xd7, 0x43, 0x33, 0x33, 0x33,
    0x33, 0x30, 0xa, 0xcf, 0xdc, 0x1c, 0xee, 0xee,
    0xee, 0xb0, 0x0, 0x1, 0xf4, 0x0, 0xd4, 0x0,
    0x0, 0x8c, 0x0, 0x0, 0x5f, 0x50, 0xd, 0x63,
    0x33, 0x3a, 0xc0, 0x0, 0xa, 0xfe, 0x80, 0x8b,
    0xbb, 0xbb, 0xa7, 0x0, 0x1, 0xed, 0x6e, 0x53,
    0x33, 0x33, 0x33, 0x33, 0x0, 0x8a, 0xc4, 0xb,
    0xdc, 0xcc, 0xcc, 0xcd, 0xe0, 0xe, 0x3c, 0x40,
    0xb3, 0x13, 0x33, 0x30, 0x3e, 0x0, 0x90, 0xc4,
    0xb, 0x38, 0xeb, 0xbf, 0x23, 0xe0, 0x0, 0xc,
    0x40, 0xb3, 0x88, 0x0, 0xe2, 0x3e, 0x0, 0x0,
    0xc4, 0xb, 0x38, 0xff, 0xff, 0x23, 0xe0, 0x0,
    0xc, 0x40, 0xb3, 0x45, 0x0, 0x10, 0x6e, 0x0,
    0x0, 0xc4, 0xb, 0x30, 0x0, 0x9, 0xff, 0x70,
    0x0, 0x0, 0x0, 0x0, 0x0, 0x0, 0x0, 0x0,
    0x0,

    /* U+69CA "槊" */
    0x0, 0x41, 0x0, 0x43, 0x0, 0x0, 0x0, 0x0,
    0x0, 0x9c, 0x0, 0xe5, 0x7, 0xbb, 0xbb, 0xa0,
    0x4, 0x4c, 0x48, 0xc4, 0x29, 0x93, 0x36, 0xe0,
    0xe, 0xee, 0xfe, 0xee, 0xa9, 0x70, 0x3, 0xe0,
    0x3, 0x80, 0xa6, 0x9, 0xa, 0xff, 0xff, 0xe0,
    0x5, 0xa0, 0xb5, 0xe, 0x1b, 0x60, 0x3, 0xe0,
    0x5, 0xd9, 0xeb, 0x9f, 0x1d, 0xed, 0xdd, 0xe0,
    0x1, 0x58, 0xf5, 0x5f, 0x3f, 0x22, 0x24, 0xe0,
    0x0, 0xc, 0x90, 0x0, 0xc8, 0x1, 0x27, 0xd0,
    0x1, 0xcc, 0x0, 0x4, 0xb0, 0x8, 0xfe, 0x60,
    0x0, 0x70, 0x0, 0x5, 0xc0, 0x0, 0x0, 0x0,
    0x3f, 0xff, 0xff, 0xff, 0xff, 0xff, 0xff, 0xfb,
    0x0, 0x0, 0x6, 0xeb, 0xdd, 0x91, 0x0, 0x0,
    0x0, 0x6, 0xdb, 0x25, 0xc0, 0x9e, 0x82, 0x0,
    0x3a, 0xfc, 0x40, 0x5, 0xc0, 0x3, 0xaf, 0xd7,
    0x8, 0x20, 0x0, 0x5, 0xc0, 0x0, 0x1, 0x63,

    /* U+69CC "槌" */
    0x0, 0x5, 0x20, 0x0, 0x0, 0x0, 0x60, 0x0,
    0x0, 0x0, 0xb5, 0x7, 0x90, 0x0, 0x1f, 0x0,
    0x0, 0x0, 0xb, 0x50, 0x3f, 0x10, 0x48, 0xd4,
    0x40, 0x0, 0x0, 0xb5, 0x0, 0xd8, 0x2f, 0xbb,
    0xbf, 0x30, 0xb, 0xef, 0xfe, 0x14, 0x22, 0xe0,
    0x0, 0xd3, 0x0, 0x22, 0xf7, 0x20, 0x0, 0x2e,
    0x22, 0x2d, 0x30, 0x0, 0x3f, 0x54, 0xdd, 0x12,
    0xfe, 0xee, 0xf3, 0x0, 0x8, 0xfc, 0x52, 0xf1,
    0x2e, 0x0, 0x4, 0x0, 0x0, 0xdc, 0x7e, 0x3f,
    0x12, 0xfd, 0xdd, 0xd6, 0x0, 0x6b, 0xb5, 0x10,
    0xf1, 0x2f, 0x33, 0x3a, 0x70, 0xd, 0x4b, 0x50,
    0xf, 0x12, 0xe0, 0x0, 0x87, 0x0, 0xa0, 0xb5,
    0x0, 0xf1, 0x2e, 0x33, 0x3a, 0x70, 0x0, 0xb,
    0x50, 0xf, 0x12, 0xfd, 0xdd, 0xe7, 0x0, 0x0,
    0xb5, 0xa, 0xe8, 0x3, 0x0, 0x1, 0x0, 0x0,
    0xb, 0x58, 0xb1, 0xe9, 0x32, 0x22, 0x23, 0x10,
    0x0, 0xb5, 0xa1, 0x1, 0xae, 0xff, 0xff, 0xf3,
    0x0, 0x0, 0x0, 0x0, 0x0, 0x0, 0x0, 0x0,
    0x0,

    /* U+69CE "槎" */
    0x0, 0x4, 0x20, 0x0, 0x20, 0x0, 0x1, 0x10,
    0x0, 0x0, 0xc5, 0x0, 0xc, 0xa0, 0x0, 0xca,
    0x0, 0x0, 0xc, 0x50, 0x0, 0x1d, 0x20, 0x8d,
    0x0, 0x0, 0x22, 0xc7, 0x28, 0xff, 0xff, 0xff,
    0xff, 0xf1, 0xc, 0xff, 0xff, 0x21, 0x18, 0xb1,
    0x11, 0x11, 0x0, 0x1, 0xe6, 0x10, 0x33, 0xaa,
    0x33, 0x33, 0x10, 0x0, 0x3f, 0x60, 0xd, 0xdf,
    0xed, 0xdd, 0xd8, 0x0, 0x8, 0xfd, 0xb0, 0x1,
    0xf2, 0x0, 0x0, 0x0, 0x0, 0xdd, 0x58, 0xdf,
    0xff, 0xff, 0xff, 0xff, 0x70, 0x6a, 0xc5, 0x1,
    0x1e, 0x61, 0x11, 0x11, 0x10, 0xe, 0x4c, 0x50,
    0x7, 0xe1, 0x11, 0x11, 0x10, 0x0, 0xb0, 0xc5,
    0x1, 0xfd, 0xff, 0xff, 0xff, 0x60, 0x0, 0xc,
    0x50, 0xcb, 0x0, 0xf, 0x20, 0x0, 0x0, 0x0,
    0xc5, 0x9e, 0x10, 0x0, 0xf2, 0x0, 0x0, 0x0,
    0xc, 0x7e, 0x30, 0x0, 0xf, 0x20, 0x0, 0x0,
    0x0, 0xc5, 0x12, 0xff, 0xff, 0xff, 0xff, 0xf7,

    /* U+69D4 "槔" */
    0x0, 0x6, 0x20, 0x0, 0x3, 0x50, 0x0, 0x0,
    0x0, 0x0, 0xd4, 0x0, 0x0, 0xa9, 0x0, 0x0,
    0x0, 0x0, 0xd, 0x40, 0x4e, 0xef, 0xee, 0xee,
    0xc0, 0x0, 0x34, 0xe7, 0x45, 0xb1, 0x11, 0x11,
    0x4e, 0x0, 0xd, 0xff, 0xff, 0x9b, 0x33, 0x33,
    0x35, 0xe0, 0x0, 0x12, 0xf5, 0x15, 0xec, 0xcc,
    0xcc, 0xce, 0x0, 0x0, 0x5f, 0x40, 0x4b, 0x0,
    0x0, 0x3, 0xe0, 0x0, 0xa, 0xfe, 0x84, 0xfe,
    0xee, 0xee, 0xfe, 0x0, 0x1, 0xed, 0x6c, 0x11,
    0x7, 0xa0, 0x0, 0x20, 0x0, 0x99, 0xd4, 0x2e,
    0xee, 0xff, 0xee, 0xee, 0xb0, 0xf, 0x2d, 0x40,
    0x4, 0xf5, 0x32, 0xd8, 0x0, 0x0, 0x60, 0xd4,
    0x4, 0xf6, 0xd, 0x42, 0xea, 0x10, 0x0, 0xd,
    0x49, 0xf7, 0x0, 0xd5, 0x2, 0xcf, 0x20, 0x0,
    0xd4, 0x73, 0xce, 0xef, 0xfe, 0xe4, 0x40, 0x0,
    0xd, 0x40, 0x0, 0x0, 0xd4, 0x0, 0x0, 0x0,
    0x0, 0xd4, 0x0, 0x0, 0xd, 0x40, 0x0, 0x0,

    /* U+69DF "槟" */
    0x0, 0x1, 0x10, 0x0, 0x0, 0x21, 0x0, 0x0,
    0x0, 0x0, 0x88, 0x0, 0x0, 0xb, 0x80, 0x0,
    0x0, 0x0, 0x8, 0x80, 0x6c, 0xcc, 0xdf, 0xcc,
    0xcc, 0x0, 0x68, 0xcc, 0x89, 0xd4, 0x44, 0x44,
    0x45, 0xf0, 0x6, 0x8e, 0xc8, 0x79, 0x0, 0x1,
    0x47, 0x3c, 0x0, 0x0, 0xf8, 0x0, 0x3d, 0xef,
    0xfe, 0xc5, 0x0, 0x0, 0x5f, 0xb4, 0x3, 0xe2,
    0x10, 0x0, 0x0, 0x0, 0xa, 0xeb, 0xe1, 0x3e,
    0x11, 0x11, 0x11, 0x0, 0x2, 0xf9, 0x8a, 0x73,
    0xff, 0xff, 0xff, 0xfd, 0x0, 0xaa, 0x88, 0x0,
    0x3e, 0x0, 0xe, 0x30, 0x0, 0xf, 0x28, 0x80,
    0x3, 0xe0, 0x0, 0xe3, 0x0, 0x0, 0x40, 0x88,
    0x9c, 0xcf, 0xcc, 0xcf, 0xcc, 0xc6, 0x0, 0x8,
    0x83, 0x44, 0x44, 0x44, 0x44, 0x44, 0x20, 0x0,
    0x88, 0x0, 0x19, 0xd0, 0xd, 0x81, 0x0, 0x0,
    0x8, 0x80, 0x7e, 0xc3, 0x0, 0x4c, 0xe7, 0x0,
    0x0, 0x88, 0x5e, 0x60, 0x0, 0x0, 0x6, 0xd1,
    0x0, 0x0, 0x0, 0x0, 0x0, 0x0, 0x0, 0x0,
    0x0,

    /* U+69E0 "槠" */
    0x0, 0x21, 0x0, 0x0, 0x0, 0x21, 0x0, 0x0,
    0x0, 0xa6, 0x6, 0x20, 0x0, 0xa7, 0x0, 0x0,
    0x0, 0xa6, 0x9, 0xb0, 0x0, 0xa7, 0x0, 0x85,
    0x0, 0xa6, 0x1, 0xf4, 0xcf, 0xff, 0xfa, 0xf3,
    0x6c, 0xed, 0xb0, 0x63, 0x0, 0xa7, 0xd, 0x70,
    0x12, 0xf7, 0x31, 0x10, 0x0, 0xa7, 0xbb, 0x0,
    0x3, 0xf6, 0xaf, 0xe3, 0xff, 0xff, 0xff, 0xfe,
    0x7, 0xfd, 0x53, 0xe0, 0x1, 0xca, 0x0, 0x0,
    0xd, 0xb8, 0xe6, 0xe0, 0x5e, 0xfd, 0xdd, 0xc0,
    0x5b, 0xa6, 0x13, 0xea, 0xee, 0x52, 0x24, 0xf0,
    0xb5, 0xa6, 0x3, 0xe4, 0x1d, 0x40, 0x2, 0xf0,
    0x40, 0xa6, 0x3, 0xe0, 0xd, 0xfe, 0xee, 0xf0,
    0x0, 0xa6, 0x3, 0xe8, 0x6d, 0x40, 0x2, 0xf0,
    0x0, 0xa6, 0x6, 0xfc, 0x1d, 0x40, 0x2, 0xf0,
    0x0, 0xa6, 0x6, 0x90, 0xd, 0xff, 0xff, 0xf0,
    0x0, 0xa6, 0x0, 0x0, 0xd, 0x40, 0x2, 0xf0,
    0x0, 0x10, 0x0, 0x0, 0x0, 0x0, 0x0, 0x0,

    /* U+69ED "槭" */
    0x0, 0x10, 0x0, 0x0, 0x0, 0x2, 0x0, 0x0,
    0x0, 0xa5, 0x0, 0x0, 0x0, 0xd, 0x4d, 0x40,
    0x0, 0xa5, 0x0, 0x0, 0x0, 0xc, 0x34, 0xc0,
    0x1, 0xb6, 0x8, 0xdd, 0xdd, 0xdf, 0xed, 0xd5,
    0xbf, 0xff, 0xe9, 0x82, 0x82, 0x2c, 0x62, 0x21,
    0x0, 0xf5, 0x9, 0x60, 0xf0, 0xb, 0x50, 0x80,
    0x3, 0xf5, 0x9, 0x60, 0xff, 0xaa, 0x62, 0xf0,
    0x8, 0xed, 0x89, 0x60, 0xf0, 0x9, 0x74, 0xd0,
    0xd, 0xb6, 0xcb, 0xed, 0xfd, 0xda, 0x87, 0x90,
    0x4a, 0xa5, 0xa, 0x73, 0x33, 0x37, 0xac, 0x50,
    0xb4, 0xa5, 0xb, 0x41, 0x97, 0x24, 0xdf, 0x0,
    0x70, 0xa5, 0xe, 0x3e, 0x99, 0xe2, 0xfa, 0x0,
    0x0, 0xa5, 0x1f, 0x6a, 0x97, 0xa6, 0xf4, 0x4b,
    0x0, 0xa5, 0x5a, 0xd3, 0x97, 0x1a, 0xf7, 0x6a,
    0x0, 0xa5, 0xc5, 0x32, 0xb6, 0x7d, 0x5e, 0x98,
    0x0, 0xa6, 0xa0, 0x6f, 0xd1, 0x72, 0x9, 0xe3,
    0x0, 0x10, 0x0, 0x0, 0x0, 0x0, 0x0, 0x0,

    /* U+69F2 "槲" */
    0x0, 0x21, 0x0, 0x20, 0x0, 0x0, 0x4, 0x0,
    0x0, 0x96, 0x0, 0xc2, 0x0, 0x0, 0xe, 0x10,
    0x0, 0x96, 0x2, 0xfe, 0xe4, 0x53, 0xe, 0x10,
    0x0, 0x96, 0xa, 0x40, 0xd2, 0x7e, 0x1e, 0x10,
    0x5f, 0xff, 0xed, 0x4, 0xb0, 0xb, 0x9e, 0x10,
    0x13, 0xd8, 0x9f, 0xef, 0xef, 0x1, 0x1e, 0x10,
    0x0, 0xf8, 0x1c, 0x1e, 0xd, 0x31, 0xe, 0x10,
    0x5, 0xfe, 0x9c, 0x1e, 0xd, 0xab, 0xe, 0x10,
    0xa, 0xd6, 0xac, 0xef, 0xef, 0x1d, 0x6e, 0x10,
    0x1e, 0x96, 0xc, 0x1e, 0xd, 0x2, 0xe, 0x10,
    0x79, 0x96, 0xc, 0x1e, 0xd, 0x24, 0x6f, 0xb9,
    0x52, 0x96, 0xd, 0xef, 0xef, 0xad, 0xbf, 0x84,
    0x0, 0x96, 0xe, 0xe, 0xd, 0x0, 0xe, 0x10,
    0x0, 0x96, 0x2c, 0xe, 0xd, 0x0, 0xe, 0x10,
    0x0, 0x96, 0x77, 0x9, 0xe, 0x0, 0xe, 0x10,
    0x0, 0x96, 0xb1, 0x4, 0xfa, 0x0, 0xe, 0x10,
    0x0, 0x0, 0x0, 0x0, 0x0, 0x0, 0x0, 0x0,

    /* U+69FF "槿" */
    0x0, 0x4, 0x10, 0x0, 0x30, 0x0, 0x3, 0x0,
    0x0, 0x0, 0xc4, 0x0, 0x2e, 0x0, 0x0, 0xf0,
    0x0, 0x0, 0xc, 0x46, 0xff, 0xff, 0xff, 0xff,
    0xff, 0x70, 0x22, 0xc6, 0x20, 0x2e, 0x0, 0x0,
    0xf0, 0x0, 0xc, 0xef, 0xee, 0x12, 0xfe, 0xee,
    0xef, 0x0, 0x0, 0x1, 0xf4, 0x0, 0x6, 0xd,
    0x40, 0x70, 0x0, 0x0, 0x6f, 0x50, 0xae, 0xee,
    0xfe, 0xee, 0xe9, 0x0, 0xb, 0xee, 0x8b, 0x50,
    0xd, 0x40, 0x6, 0xb0, 0x1, 0xdc, 0x5c, 0xdc,
    0xaa, 0xfc, 0xaa, 0xcb, 0x0, 0x88, 0xc4, 0x8,
    0x63, 0x3e, 0x63, 0x36, 0x80, 0xe, 0x3c, 0x40,
    0x33, 0x33, 0xe6, 0x33, 0x32, 0x0, 0x80, 0xc4,
    0xa, 0xbb, 0xbf, 0xcb, 0xbb, 0x80, 0x0, 0xc,
    0x40, 0x12, 0x22, 0xd5, 0x22, 0x20, 0x0, 0x0,
    0xc4, 0x6, 0xcc, 0xcf, 0xdc, 0xcc, 0x40, 0x0,
    0xc, 0x40, 0x0, 0x0, 0xd4, 0x0, 0x0, 0x0,
    0x0, 0xc4, 0xbf, 0xff, 0xff, 0xff, 0xff, 0xf8,

    /* U+6A17 "樗" */
    0x0, 0x32, 0x0, 0x0, 0x0, 0x0, 0x0, 0x0,
    0x0, 0x97, 0x0, 0xab, 0xbb, 0xbb, 0xbb, 0x50,
    0x0, 0x97, 0x0, 0x33, 0x36, 0xd3, 0x33, 0x10,
    0x12, 0xa8, 0x28, 0xdd, 0xde, 0xfd, 0xdd, 0xd3,
    0x9f, 0xff, 0xfa, 0x62, 0x25, 0xd2, 0x22, 0xd3,
    0x0, 0xe7, 0x9, 0x7d, 0xd7, 0xc9, 0xd9, 0xc3,
    0x3, 0xf8, 0x0, 0x35, 0x55, 0xc4, 0x55, 0x0,
    0x8, 0xed, 0xa0, 0x25, 0x53, 0x74, 0x55, 0x0,
    0xd, 0xa7, 0xb2, 0x9d, 0xdd, 0xdd, 0xdd, 0x10,
    0x5b, 0x97, 0x0, 0x11, 0x11, 0x11, 0x11, 0x0,
    0xb5, 0x97, 0xf, 0xff, 0xff, 0xff, 0xff, 0xf8,
    0x50, 0x97, 0x0, 0x4d, 0x0, 0x0, 0x0, 0x0,
    0x0, 0x97, 0x0, 0x6f, 0xff, 0xff, 0xff, 0x10,
    0x0, 0x97, 0x0, 0x0, 0x0, 0x0, 0x2f, 0x0,
    0x0, 0x97, 0x0, 0x0, 0x11, 0x0, 0x7c, 0x0,
    0x0, 0x97, 0x0, 0x0, 0x9f, 0xff, 0xd3, 0x0,
    0x0, 0x0, 0x0, 0x0, 0x0, 0x0, 0x0, 0x0,

    /* U+6A18 "樘" */
    0x0, 0x43, 0x0, 0x10, 0x1, 0x70, 0x0, 0x10,
    0x0, 0x98, 0x0, 0xbb, 0x2, 0xf0, 0x1b, 0xb0,
    0x0, 0x98, 0x0, 0x1d, 0xb2, 0xf0, 0xdc, 0x20,
    0x11, 0xa9, 0x12, 0x56, 0x86, 0xf5, 0x95, 0x52,
    0x9f, 0xff, 0xfa, 0xdb, 0xbb, 0xbb, 0xbb, 0xe6,
    0x0, 0xe8, 0x9, 0x70, 0x0, 0x0, 0x0, 0xa6,
    0x3, 0xfa, 0x37, 0x7f, 0xff, 0xff, 0xfe, 0x85,
    0x8, 0xfd, 0xc0, 0x1f, 0x0, 0x0, 0x2e, 0x0,
    0xe, 0xb8, 0xe4, 0x1f, 0x0, 0x0, 0x2e, 0x0,
    0x7b, 0x98, 0x30, 0x1f, 0xff, 0xff, 0xfe, 0x0,
    0xe4, 0x98, 0x0, 0x9, 0x2, 0xf0, 0x18, 0x0,
    0x50, 0x98, 0x1, 0xcc, 0xcc, 0xfc, 0xcc, 0xb0,
    0x0, 0x98, 0x0, 0x44, 0x45, 0xf4, 0x44, 0x40,
    0x0, 0x98, 0x0, 0x0, 0x2, 0xf0, 0x0, 0x0,
    0x0, 0x98, 0xe, 0xee, 0xee, 0xfe, 0xee, 0xe9,
    0x0, 0x98, 0x1, 0x11, 0x11, 0x11, 0x11, 0x11,

    /* U+6A2F "樯" */
    0x0, 0x3, 0x10, 0x0, 0x0, 0x3, 0x0, 0x0,
    0x0, 0x0, 0xc5, 0x0, 0x0, 0x2, 0xe0, 0x0,
    0x0, 0x0, 0xc, 0x50, 0x3f, 0xff, 0xff, 0xff,
    0xfb, 0x0, 0x11, 0xc5, 0x10, 0x37, 0x3, 0xe0,
    0x8, 0x20, 0xe, 0xff, 0xff, 0x22, 0xe8, 0x2e,
    0xb, 0xe3, 0x0, 0x1, 0xf5, 0x0, 0x3, 0x63,
    0xe0, 0x91, 0x0, 0x0, 0x6f, 0x50, 0xef, 0xff,
    0xff, 0xff, 0xff, 0x70, 0xb, 0xfe, 0x60, 0x0,
    0x0, 0x0, 0x0, 0x0, 0x2, 0xec, 0x7f, 0x7f,
    0xff, 0xff, 0xff, 0xfe, 0x0, 0x99, 0xc5, 0x44,
    0xd0, 0x0, 0x0, 0x2, 0xe0, 0xf, 0x3c, 0x50,
    0x4d, 0xf, 0xff, 0xfa, 0x2e, 0x0, 0x50, 0xc5,
    0x4, 0xd0, 0xf0, 0x4, 0xa2, 0xe0, 0x0, 0xc,
    0x50, 0x4d, 0xf, 0xff, 0xfa, 0x2e, 0x0, 0x0,
    0xc5, 0x4, 0xd0, 0x80, 0x2, 0x52, 0xe0, 0x0,
    0xc, 0x50, 0x4f, 0xff, 0xff, 0xff, 0xfe, 0x0,
    0x0, 0xc5, 0x4, 0xd0, 0x0, 0x0, 0x2, 0xe0,

    /* U+6A44 "橄" */
    0x0, 0x33, 0x0, 0x0, 0x0, 0x0, 0x40, 0x0,
    0x0, 0x88, 0x4, 0xbb, 0xba, 0x0, 0xf0, 0x0,
    0x0, 0x88, 0x1, 0x44, 0x9c, 0x2, 0xd0, 0x0,
    0x0, 0x88, 0x0, 0x0, 0xd4, 0x6, 0xd7, 0x76,
    0x5e, 0xff, 0xca, 0xee, 0xfe, 0xab, 0xa8, 0xe8,
    0x0, 0xd8, 0x3, 0xe1, 0x3e, 0x1f, 0x50, 0xd2,
    0x1, 0xfa, 0x12, 0xe0, 0x1e, 0x6f, 0x60, 0xe1,
    0x6, 0xfd, 0xd3, 0xfe, 0xee, 0x9b, 0x80, 0xf0,
    0xc, 0xb8, 0x96, 0xe0, 0x1e, 0x4, 0xb2, 0xd0,
    0x3e, 0x88, 0x2, 0xe0, 0x1e, 0x1, 0xf6, 0xa0,
    0x87, 0x88, 0x2, 0xfe, 0xee, 0x0, 0xcd, 0x60,
    0x31, 0x88, 0x2, 0xe0, 0x1e, 0x0, 0x7f, 0x10,
    0x0, 0x88, 0x2, 0xe2, 0x6f, 0xb1, 0x8f, 0x30,
    0x0, 0x88, 0x5e, 0xfd, 0xaf, 0x44, 0xf9, 0xc0,
    0x0, 0x88, 0x13, 0x0, 0x1e, 0x2e, 0x60, 0xc9,
    0x0, 0x78, 0x0, 0x0, 0x1e, 0x49, 0x0, 0x16,

    /* U+6A65 "橥" */
    0x0, 0x10, 0x1, 0x0, 0x5, 0x0, 0x0, 0x0,
    0x0, 0x5c, 0x9, 0xa0, 0x0, 0xf3, 0x0, 0x48,
    0x0, 0x0, 0xac, 0xc0, 0x2d, 0xdf, 0xdd, 0xce,
    0x50, 0x0, 0x2b, 0xf5, 0x25, 0x55, 0xf6, 0x7f,
    0x85, 0x40, 0x3d, 0x55, 0xc2, 0x66, 0x6c, 0xe7,
    0x66, 0x65, 0x0, 0x0, 0xdf, 0x10, 0x5d, 0xfc,
    0xcc, 0xc7, 0x0, 0x0, 0xb8, 0xaa, 0xee, 0xb2,
    0x22, 0x29, 0x90, 0x2, 0xd9, 0xa, 0x83, 0x8e,
    0xdd, 0xdd, 0xe9, 0x0, 0x6, 0x0, 0xd4, 0x8,
    0xa1, 0x11, 0x19, 0x90, 0x0, 0x4a, 0xbd, 0x0,
    0x8f, 0xee, 0xee, 0xf9, 0x0, 0x1, 0x54, 0x0,
    0x5, 0x90, 0x0, 0x3, 0x30, 0x2, 0xdd, 0xdd,
    0xdd, 0xef, 0xdd, 0xdd, 0xdd, 0x90, 0x2, 0x22,
    0x25, 0xde, 0xee, 0x92, 0x22, 0x21, 0x0, 0x1,
    0x6c, 0xd5, 0x5c, 0x1a, 0xe8, 0x30, 0x0, 0x3c,
    0xfb, 0x50, 0x5, 0xc0, 0x2, 0x9f, 0xe9, 0x0,
    0x51, 0x0, 0x0, 0x5c, 0x0, 0x0, 0x4, 0x20,

    /* U+6C35 "氵" */
    0x2, 0xc2, 0x0, 0x1, 0xbf, 0x60, 0x0, 0x8,
    0xf4, 0x0, 0x0, 0x30, 0x5b, 0x10, 0x0, 0x3e,
    0xf5, 0x0, 0x1, 0xbf, 0x10, 0x0, 0x2, 0x0,
    0x0, 0x4, 0x10, 0x0, 0xe, 0xa0, 0x0, 0x3f,
    0x50, 0x0, 0x8f, 0x0, 0x0, 0xea, 0x0, 0x5,
    0xf5, 0x0, 0x4, 0xd0, 0x0, 0x0, 0x0, 0x0,

    /* U+6C4A "汊" */
    0x6, 0x60, 0x1, 0x11, 0x11, 0x11, 0x11, 0x10,
    0x5, 0xfa, 0x2f, 0xff, 0xff, 0xff, 0xff, 0xb0,
    0x0, 0x2e, 0x73, 0xf2, 0x11, 0x11, 0x1b, 0xa0,
    0x0, 0x1, 0x0, 0xf3, 0xb, 0x10, 0xd, 0x60,
    0x27, 0x0, 0x0, 0xc6, 0xb, 0xb0, 0x1f, 0x20,
    0x3e, 0xa0, 0x0, 0x7b, 0x2, 0xf3, 0x6d, 0x0,
    0x2, 0xdb, 0x0, 0x2f, 0x10, 0x30, 0xc7, 0x0,
    0x0, 0x12, 0x0, 0xc, 0x80, 0x4, 0xf1, 0x0,
    0x0, 0x12, 0x0, 0x4, 0xf2, 0xd, 0x80, 0x0,
    0x0, 0x6f, 0x0, 0x0, 0xac, 0xad, 0x0, 0x0,
    0x0, 0xbb, 0x0, 0x0, 0x1f, 0xf3, 0x0, 0x0,
    0x0, 0xf6, 0x0, 0x0, 0xaf, 0xec, 0x20, 0x0,
    0x6, 0xf1, 0x0, 0x4d, 0xd2, 0x1c, 0xf7, 0x0,
    0xc, 0xb0, 0x3b, 0xfa, 0x0, 0x0, 0x9f, 0xe6,
    0x9, 0x50, 0xac, 0x30, 0x0, 0x0, 0x2, 0xb5,
    0x0, 0x0, 0x0, 0x0, 0x0, 0x0, 0x0, 0x0,

    /* U+6C54 "汔" */
    0x0, 0x0, 0x0, 0x0, 0x0, 0x0, 0x0, 0x0,
    0x7, 0xa1, 0x0, 0x8, 0xd0, 0x0, 0x0, 0x0,
    0x1, 0xce, 0x30, 0xe, 0x81, 0x11, 0x11, 0x11,
    0x0, 0xa, 0xb0, 0x6f, 0xff, 0xff, 0xff, 0xfb,
    0x0, 0x0, 0x1, 0xe6, 0x0, 0x0, 0x0, 0x0,
    0x29, 0x0, 0x9, 0xd0, 0x0, 0x0, 0x0, 0x0,
    0x2c, 0xe4, 0x2f, 0x54, 0x44, 0x44, 0x43, 0x0,
    0x0, 0x9f, 0x13, 0x4d, 0xdd, 0xde, 0xfe, 0x0,
    0x0, 0x2, 0x0, 0x0, 0x0, 0x1c, 0xd2, 0x0,
    0x0, 0x0, 0x0, 0x0, 0x2, 0xdb, 0x10, 0x0,
    0x0, 0x5e, 0x0, 0x0, 0x3e, 0xa0, 0x0, 0x0,
    0x0, 0xab, 0x0, 0x3, 0xf9, 0x0, 0x0, 0x88,
    0x0, 0xf5, 0x0, 0x2f, 0x90, 0x0, 0x0, 0xaa,
    0x5, 0xf0, 0x0, 0xbb, 0x0, 0x0, 0x0, 0xd8,
    0xb, 0xb0, 0x0, 0xea, 0x32, 0x22, 0x27, 0xf3,
    0xe, 0x50, 0x0, 0x6e, 0xff, 0xff, 0xfe, 0x70,
    0x0, 0x0, 0x0, 0x0, 0x0, 0x0, 0x0, 0x0,

    /* U+6C5C "汜" */
    0x0, 0x0, 0x0, 0x0, 0x0, 0x0, 0x0, 0x0,
    0xa, 0x90, 0x0, 0x22, 0x22, 0x22, 0x22, 0x0,
    0x2, 0xcd, 0x23, 0xff, 0xff, 0xff, 0xff, 0x50,
    0x0, 0xa, 0x83, 0xf0, 0x0, 0x0, 0xe, 0x50,
    0x0, 0x0, 0x3, 0xf0, 0x0, 0x0, 0xe, 0x50,
    0x7c, 0x20, 0x3, 0xf0, 0x0, 0x0, 0xe, 0x50,
    0x1a, 0xf7, 0x3, 0xf0, 0x0, 0x0, 0xe, 0x50,
    0x0, 0x6a, 0x3, 0xff, 0xff, 0xff, 0xff, 0x50,
    0x0, 0x0, 0x3, 0xf3, 0x22, 0x22, 0x2e, 0x50,
    0x0, 0x12, 0x3, 0xf0, 0x0, 0x0, 0x0, 0x0,
    0x0, 0x6f, 0x3, 0xf0, 0x0, 0x0, 0x0, 0x0,
    0x0, 0xba, 0x3, 0xf0, 0x0, 0x0, 0x0, 0x81,
    0x1, 0xf4, 0x3, 0xf0, 0x0, 0x0, 0x0, 0xf3,
    0x7, 0xe0, 0x2, 0xf2, 0x0, 0x0, 0x5, 0xf0,
    0xd, 0x90, 0x0, 0xcf, 0xdd, 0xdd, 0xdf, 0x90,
    0x5, 0x30, 0x0, 0x3, 0x44, 0x44, 0x42, 0x0,

    /* U+6C68 "汨" */
    0x8, 0x60, 0x1, 0x33, 0x33, 0x33, 0x33, 0x30,
    0x6f, 0x90, 0x5f, 0xff, 0xff, 0xff, 0xfe, 0x0,
    0x3e, 0x65, 0xe0, 0x0, 0x0, 0x5, 0xe0, 0x0,
    0x0, 0x5e, 0x0, 0x0, 0x0, 0x5e, 0x7c, 0x20,
    0x5, 0xe0, 0x0, 0x0, 0x5, 0xe1, 0xbf, 0x60,
    0x5e, 0x0, 0x0, 0x0, 0x5e, 0x0, 0x8a, 0x5,
    0xfd, 0xdd, 0xdd, 0xde, 0xe0, 0x0, 0x0, 0x5f,
    0x55, 0x55, 0x55, 0x9e, 0x0, 0x44, 0x5, 0xf0,
    0x0, 0x0, 0x5, 0xe0, 0xc, 0xb0, 0x5f, 0x0,
    0x0, 0x0, 0x5e, 0x0, 0xf6, 0x5, 0xf0, 0x0,
    0x0, 0x5, 0xe0, 0x4f, 0x20, 0x5f, 0x0, 0x0,
    0x0, 0x5e, 0x9, 0xe0, 0x5, 0xf5, 0x55, 0x55,
    0x59, 0xe0, 0xda, 0x0, 0x5f, 0xdd, 0xdd, 0xdd,
    0xee, 0xd, 0x60, 0x5, 0xe0, 0x0, 0x0, 0x5,
    0xe0, 0x0, 0x0, 0x0, 0x0, 0x0, 0x0, 0x0,

    /* U+6C69 "汩" */
    0x0, 0x92, 0x0, 0x22, 0x22, 0x22, 0x22, 0x21,
    0x0, 0xaf, 0x50, 0xdf, 0xff, 0xff, 0xff, 0xf6,
    0x0, 0x8, 0xf2, 0xd5, 0x0, 0x0, 0x0, 0xd6,
    0x0, 0x0, 0x20, 0xd5, 0x0, 0x0, 0x0, 0xd6,
    0x7, 0x40, 0x0, 0xd5, 0x0, 0x0, 0x0, 0xd6,
    0x8, 0xf8, 0x0, 0xd5, 0x0, 0x0, 0x0, 0xd6,
    0x0, 0x5f, 0x90, 0xd7, 0x22, 0x22, 0x22, 0xd6,
    0x0, 0x2, 0x0, 0xdf, 0xff, 0xff, 0xfb, 0xd6,
    0x0, 0x2, 0x0, 0xd5, 0x0, 0x0, 0x0, 0xd6,
    0x0, 0xf, 0x70, 0xd5, 0x0, 0x0, 0x0, 0xd6,
    0x0, 0x3f, 0x30, 0xd5, 0x0, 0x0, 0x0, 0xd6,
    0x0, 0x7e, 0x0, 0xd5, 0x0, 0x0, 0x0, 0xd6,
    0x0, 0xca, 0x0, 0xd7, 0x33, 0x33, 0x33, 0xd6,
    0x1, 0xf6, 0x0, 0xdf, 0xff, 0xff, 0xff, 0xf6,
    0x4, 0xe2, 0x0, 0xd5, 0x0, 0x0, 0x0, 0xd6,
    0x0, 0x0, 0x0, 0x0, 0x0, 0x0, 0x0, 0x0,

    /* U+6C74 "汴" */
    0x0, 0x0, 0x0, 0x0, 0x2, 0x0, 0x0, 0x0,
    0x8, 0xb1, 0x0, 0x0, 0x2f, 0x40, 0x0, 0x0,
    0x2, 0xde, 0x40, 0x0, 0x8, 0xe1, 0x0, 0x0,
    0x0, 0xb, 0xb1, 0x11, 0x12, 0x92, 0x11, 0x11,
    0x0, 0x0, 0x9, 0xff, 0xff, 0xff, 0xff, 0xfe,
    0x5c, 0x20, 0x0, 0x11, 0x1d, 0x81, 0x11, 0x11,
    0x1b, 0xf7, 0x0, 0x0, 0xd, 0x80, 0x0, 0x0,
    0x0, 0x7c, 0x0, 0x0, 0xd, 0xc9, 0x0, 0x0,
    0x0, 0x0, 0x0, 0x0, 0xd, 0xac, 0xe4, 0x0,
    0x0, 0x3, 0x0, 0x0, 0xd, 0x80, 0x7f, 0xa1,
    0x0, 0x4f, 0x20, 0x0, 0xd, 0x80, 0x3, 0xb1,
    0x0, 0x9d, 0x0, 0x0, 0xd, 0x80, 0x0, 0x0,
    0x0, 0xe8, 0x0, 0x0, 0xd, 0x80, 0x0, 0x0,
    0x5, 0xf3, 0x0, 0x0, 0xd, 0x80, 0x0, 0x0,
    0xb, 0xd0, 0x0, 0x0, 0xd, 0x80, 0x0, 0x0,
    0x6, 0x60, 0x0, 0x0, 0xd, 0x80, 0x0, 0x0,

    /* U+6C76 "汶" */
    0x0, 0x0, 0x0, 0x0, 0x0, 0x0, 0x0, 0x0,
    0x8, 0x40, 0x0, 0x0, 0x1e, 0x30, 0x0, 0x0,
    0x6, 0xf8, 0x0, 0x0, 0x7, 0xe1, 0x0, 0x0,
    0x0, 0x3e, 0x83, 0x44, 0x44, 0xb4, 0x44, 0x41,
    0x0, 0x2, 0xd, 0xff, 0xee, 0xee, 0xef, 0xe5,
    0x47, 0x0, 0x0, 0x8a, 0x0, 0x0, 0x5e, 0x0,
    0x4e, 0xc2, 0x0, 0x4e, 0x0, 0x0, 0x9a, 0x0,
    0x1, 0xcd, 0x0, 0xf, 0x30, 0x0, 0xe5, 0x0,
    0x0, 0x2, 0x0, 0xa, 0xa0, 0x5, 0xe0, 0x0,
    0x0, 0x10, 0x0, 0x2, 0xf2, 0xe, 0x70, 0x0,
    0x0, 0x9b, 0x0, 0x0, 0xac, 0xae, 0x0, 0x0,
    0x0, 0xe7, 0x0, 0x0, 0x1f, 0xf3, 0x0, 0x0,
    0x3, 0xf2, 0x0, 0x0, 0x8f, 0xfa, 0x0, 0x0,
    0x8, 0xc0, 0x0, 0x2c, 0xf5, 0x4f, 0xd3, 0x0,
    0xe, 0x70, 0x18, 0xfd, 0x20, 0x2, 0xdf, 0xa2,
    0x2f, 0x20, 0xce, 0x70, 0x0, 0x0, 0x7, 0xf6,
    0x0, 0x0, 0x10, 0x0, 0x0, 0x0, 0x0, 0x10,

    /* U+6C85 "沅" */
    0xb, 0x30, 0x0, 0x33, 0x33, 0x33, 0x33, 0x0,
    0x7, 0xf5, 0x1, 0xff, 0xff, 0xff, 0xff, 0x20,
    0x0, 0x6e, 0x10, 0x0, 0x0, 0x0, 0x0, 0x0,
    0x0, 0x0, 0x0, 0x0, 0x0, 0x0, 0x0, 0x0,
    0x8c, 0x20, 0x0, 0x0, 0x0, 0x0, 0x0, 0x0,
    0x1c, 0xe4, 0x1d, 0xdd, 0xdd, 0xdd, 0xdd, 0xd4,
    0x0, 0xa4, 0x5, 0x5c, 0xb5, 0x5f, 0x75, 0x51,
    0x0, 0x0, 0x0, 0xb, 0x80, 0xf, 0x30, 0x0,
    0x0, 0x32, 0x0, 0xc, 0x80, 0xf, 0x30, 0x0,
    0x0, 0xc9, 0x0, 0xe, 0x60, 0xf, 0x30, 0x0,
    0x1, 0xf4, 0x0, 0x1f, 0x30, 0xf, 0x30, 0x0,
    0x6, 0xf0, 0x0, 0x7f, 0x0, 0xf, 0x30, 0x6a,
    0xb, 0xa0, 0x0, 0xe9, 0x0, 0xf, 0x30, 0x7b,
    0x1f, 0x60, 0xa, 0xf1, 0x0, 0xf, 0x72, 0xc8,
    0x5f, 0x10, 0xaf, 0x40, 0x0, 0x8, 0xff, 0xd2,
    0x3, 0x0, 0x23, 0x0, 0x0, 0x0, 0x0, 0x0,

    /* U+6C86 "沆" */
    0x0, 0x0, 0x0, 0x0, 0x3, 0x0, 0x0, 0x0,
    0x9, 0x60, 0x0, 0x0, 0x3f, 0x20, 0x0, 0x0,
    0x6, 0xfa, 0x0, 0x0, 0xb, 0x70, 0x0, 0x0,
    0x0, 0x3e, 0x4e, 0xff, 0xff, 0xff, 0xff, 0xf0,
    0x0, 0x0, 0x2, 0x22, 0x22, 0x22, 0x22, 0x20,
    0x69, 0x0, 0x0, 0x0, 0x0, 0x0, 0x0, 0x0,
    0x3e, 0xc1, 0x0, 0x9e, 0xee, 0xee, 0x90, 0x0,
    0x1, 0xd6, 0x0, 0xaa, 0x33, 0x3a, 0xa0, 0x0,
    0x0, 0x0, 0x0, 0xa9, 0x0, 0x9, 0xa0, 0x0,
    0x0, 0x22, 0x0, 0xa8, 0x0, 0x9, 0xa0, 0x0,
    0x0, 0x9d, 0x0, 0xb7, 0x0, 0x9, 0xa0, 0x0,
    0x0, 0xd8, 0x0, 0xe4, 0x0, 0x9, 0xa0, 0x10,
    0x1, 0xf4, 0x3, 0xf0, 0x0, 0x9, 0xa0, 0x7b,
    0x5, 0xf0, 0xc, 0x90, 0x0, 0x9, 0xa0, 0x8a,
    0xa, 0xc0, 0x8f, 0x10, 0x0, 0x9, 0xb2, 0xc8,
    0xf, 0x75, 0xf4, 0x0, 0x0, 0x5, 0xff, 0xe2,
    0x2, 0x10, 0x20, 0x0, 0x0, 0x0, 0x0, 0x0,

    /* U+6C8C "沌" */
    0x9, 0x50, 0x0, 0x0, 0xa, 0x60, 0x0, 0x0,
    0x8, 0xfa, 0x12, 0x22, 0x2c, 0x82, 0x22, 0x20,
    0x0, 0x3b, 0x1f, 0xff, 0xff, 0xff, 0xff, 0xf1,
    0x0, 0x0, 0x0, 0x0, 0xc, 0x70, 0x0, 0x0,
    0x7c, 0x20, 0x7, 0x80, 0xc, 0x70, 0xc, 0x40,
    0x1b, 0xf7, 0x9, 0xa0, 0xc, 0x70, 0xe, 0x40,
    0x0, 0x76, 0x9, 0xa0, 0xc, 0x70, 0xe, 0x40,
    0x0, 0x0, 0x9, 0xa0, 0xc, 0x70, 0xe, 0x40,
    0x0, 0x33, 0x9, 0xeb, 0xbe, 0xdb, 0xbf, 0x40,
    0x0, 0xad, 0x4, 0x77, 0x7d, 0xb7, 0x7f, 0x40,
    0x0, 0xe7, 0x0, 0x0, 0xc, 0x70, 0x1, 0x55,
    0x4, 0xf2, 0x0, 0x0, 0xc, 0x70, 0x0, 0x7b,
    0x9, 0xd0, 0x0, 0x0, 0xb, 0x70, 0x0, 0x99,
    0xf, 0x80, 0x0, 0x0, 0xa, 0xb2, 0x22, 0xd6,
    0x3f, 0x20, 0x0, 0x0, 0x3, 0xef, 0xff, 0xb0,
    0x1, 0x0, 0x0, 0x0, 0x0, 0x0, 0x0, 0x0,

    /* U+6C90 "沐" */
    0x0, 0x0, 0x0, 0x0, 0x3, 0x40, 0x0, 0x0,
    0x0, 0xba, 0x0, 0x0, 0x0, 0x8a, 0x0, 0x0,
    0x0, 0x2, 0xec, 0x10, 0x0, 0x8, 0xa0, 0x0,
    0x0, 0x0, 0x1, 0xc2, 0x0, 0x0, 0x8a, 0x0,
    0x0, 0x0, 0x0, 0x0, 0x1f, 0xff, 0xff, 0xff,
    0xff, 0xf7, 0x4, 0xd2, 0x0, 0x22, 0x25, 0xff,
    0x62, 0x22, 0x10, 0xa, 0xf6, 0x0, 0x0, 0xae,
    0xfb, 0x0, 0x0, 0x0, 0x8, 0x80, 0x0, 0x3e,
    0x8b, 0xe2, 0x0, 0x0, 0x0, 0x0, 0x0, 0xc,
    0x88, 0xa8, 0xb0, 0x0, 0x0, 0x3, 0x50, 0x6,
    0xe0, 0x8a, 0x1e, 0x50, 0x0, 0x0, 0x9c, 0x2,
    0xf6, 0x8, 0xa0, 0x7f, 0x20, 0x0, 0xe, 0x71,
    0xda, 0x0, 0x8a, 0x0, 0xcd, 0x20, 0x4, 0xf2,
    0xcd, 0x10, 0x8, 0xa0, 0x2, 0xed, 0x0, 0x9c,
    0xb, 0x20, 0x0, 0x8a, 0x0, 0x3, 0x40, 0xe,
    0x70, 0x0, 0x0, 0x8, 0xa0, 0x0, 0x0, 0x1,
    0xb2, 0x0, 0x0, 0x0, 0x8a, 0x0, 0x0, 0x0,

    /* U+6C94 "沔" */
    0x6, 0x70, 0x2, 0x22, 0x22, 0x22, 0x22, 0x21,
    0x5, 0xec, 0x3f, 0xff, 0xff, 0xff, 0xff, 0xf9,
    0x0, 0x1a, 0x70, 0x0, 0x9, 0x90, 0x0, 0x0,
    0x0, 0x0, 0xa, 0x60, 0x9, 0x90, 0x0, 0x0,
    0x7e, 0x40, 0xb, 0x70, 0x9, 0xed, 0xdd, 0xd2,
    0xa, 0xf9, 0xb, 0x70, 0x9, 0xb4, 0x44, 0xf2,
    0x0, 0x68, 0xb, 0x70, 0x9, 0x90, 0x0, 0xf1,
    0x0, 0x0, 0xb, 0x70, 0x9, 0x90, 0x1, 0xf1,
    0x0, 0x22, 0xb, 0xff, 0xff, 0xff, 0xff, 0xf0,
    0x0, 0x8e, 0x1, 0x22, 0x22, 0x22, 0x24, 0xf0,
    0x0, 0xd9, 0x0, 0x0, 0x0, 0x0, 0x3, 0xf0,
    0x2, 0xf4, 0x0, 0x0, 0x0, 0x0, 0x3, 0xe0,
    0x7, 0xf0, 0x0, 0x0, 0x0, 0x0, 0x6, 0xd0,
    0xd, 0xa0, 0x0, 0x0, 0x44, 0x43, 0x5e, 0x90,
    0x1e, 0x50, 0x0, 0x0, 0xcf, 0xff, 0xea, 0x10,
    0x0, 0x0, 0x0, 0x0, 0x0, 0x0, 0x0, 0x0,

    /* U+6CA3 "沣" */
    0x1, 0x0, 0x0, 0x0, 0x6, 0x30, 0x0, 0x0,
    0x1e, 0x70, 0x0, 0x0, 0xd, 0x70, 0x0, 0x0,
    0x5, 0xf9, 0x0, 0x0, 0xd, 0x70, 0x0, 0x0,
    0x0, 0x4b, 0x3f, 0xff, 0xff, 0xff, 0xff, 0xf0,
    0x0, 0x0, 0x3, 0x33, 0x3d, 0x93, 0x33, 0x30,
    0x7a, 0x0, 0x0, 0x0, 0xd, 0x70, 0x0, 0x0,
    0x3e, 0xc1, 0x0, 0x0, 0xd, 0x70, 0x0, 0x0,
    0x1, 0xd6, 0xb, 0xff, 0xff, 0xff, 0xff, 0x50,
    0x0, 0x0, 0x1, 0x11, 0x1d, 0x81, 0x11, 0x0,
    0x0, 0x31, 0x0, 0x0, 0xd, 0x70, 0x0, 0x0,
    0x0, 0xc9, 0x23, 0x33, 0x3d, 0x93, 0x33, 0x31,
    0x1, 0xf5, 0xef, 0xff, 0xff, 0xff, 0xff, 0xf8,
    0x5, 0xf0, 0x0, 0x0, 0xd, 0x70, 0x0, 0x0,
    0xb, 0xb0, 0x0, 0x0, 0xd, 0x70, 0x0, 0x0,
    0x1f, 0x60, 0x0, 0x0, 0xd, 0x70, 0x0, 0x0,
    0x2a, 0x10, 0x0, 0x0, 0xd, 0x70, 0x0, 0x0,

    /* U+6CA9 "沩" */
    0x0, 0x0, 0x0, 0x0, 0x21, 0x0, 0x0, 0x0,
    0x9, 0x40, 0x3, 0x0, 0xd6, 0x0, 0x0, 0x0,
    0x7, 0xf7, 0xb, 0xb0, 0xd6, 0x0, 0x0, 0x0,
    0x0, 0x5f, 0x21, 0xf6, 0xd6, 0x0, 0x0, 0x0,
    0x0, 0x1, 0x1, 0x41, 0xe6, 0x11, 0x11, 0x10,
    0x57, 0x0, 0x9f, 0xff, 0xff, 0xff, 0xff, 0xf0,
    0x5f, 0xb0, 0x1, 0x11, 0xf4, 0x11, 0x14, 0xf0,
    0x4, 0xf6, 0x0, 0x2, 0xf1, 0x0, 0x3, 0xf0,
    0x0, 0x20, 0x0, 0x4, 0xf1, 0xd1, 0x4, 0xf0,
    0x0, 0x0, 0x0, 0x8, 0xc0, 0xab, 0x4, 0xf0,
    0x0, 0xb7, 0x0, 0xe, 0x60, 0x1f, 0x54, 0xe0,
    0x0, 0xf6, 0x0, 0x4f, 0x10, 0x5, 0x5, 0xe0,
    0x4, 0xf1, 0x0, 0xda, 0x0, 0x0, 0x6, 0xd0,
    0x9, 0xc0, 0x7, 0xf2, 0x0, 0x0, 0x8, 0xb0,
    0xe, 0x70, 0x5f, 0x70, 0x2, 0x44, 0x5e, 0x70,
    0x3f, 0x20, 0xe9, 0x0, 0x4, 0xff, 0xfa, 0x0,
    0x2, 0x0, 0x20, 0x0, 0x0, 0x0, 0x0, 0x0,

    /* U+6CAD "沭" */
    0x1, 0x0, 0x0, 0x0, 0x4, 0x0, 0x0, 0x0,
    0xd, 0x90, 0x0, 0x0, 0xf, 0x23, 0x80, 0x0,
    0x3, 0xeb, 0x0, 0x0, 0xf, 0x21, 0xe9, 0x0,
    0x0, 0x3d, 0x10, 0x0, 0xf, 0x20, 0x2b, 0x0,
    0x0, 0x0, 0x12, 0x22, 0x2f, 0x52, 0x22, 0x20,
    0x58, 0x0, 0x6f, 0xff, 0xff, 0xff, 0xff, 0xf0,
    0x4e, 0xb1, 0x0, 0x0, 0xcf, 0xe0, 0x0, 0x0,
    0x2, 0xd7, 0x0, 0x4, 0xbf, 0xb6, 0x0, 0x0,
    0x0, 0x0, 0x0, 0xc, 0x4f, 0x4e, 0x10, 0x0,
    0x0, 0x21, 0x0, 0x7c, 0xf, 0x29, 0xa0, 0x0,
    0x0, 0x9c, 0x3, 0xf3, 0xf, 0x20, 0xe8, 0x0,
    0x0, 0xe7, 0x2e, 0x80, 0xf, 0x20, 0x4f, 0x70,
    0x3, 0xf4, 0xec, 0x0, 0xf, 0x20, 0x6, 0xf8,
    0x9, 0xc1, 0xb1, 0x0, 0xf, 0x20, 0x0, 0x62,
    0xe, 0x70, 0x0, 0x0, 0xf, 0x20, 0x0, 0x0,
    0x2c, 0x20, 0x0, 0x0, 0xf, 0x20, 0x0, 0x0,

    /* U+6CB1 "沱" */
    0x0, 0x0, 0x0, 0x0, 0x2, 0x0, 0x0, 0x0,
    0x8, 0x40, 0x0, 0x0, 0xe, 0x50, 0x0, 0x0,
    0x7, 0xf8, 0x2, 0x22, 0x29, 0xc2, 0x22, 0x20,
    0x0, 0x4e, 0x5f, 0xff, 0xff, 0xff, 0xff, 0xf5,
    0x0, 0x0, 0x1f, 0x10, 0x0, 0x0, 0x0, 0xd5,
    0x35, 0x0, 0x1d, 0x10, 0x0, 0x0, 0x0, 0x93,
    0x5f, 0x80, 0x0, 0x62, 0x0, 0x0, 0x0, 0x0,
    0x4, 0xf7, 0x0, 0xe5, 0x0, 0x0, 0x6e, 0x10,
    0x0, 0x30, 0x0, 0xe5, 0x0, 0x3c, 0xe5, 0x0,
    0x0, 0x4, 0x0, 0xe5, 0x3b, 0xf9, 0x0, 0x0,
    0x0, 0x3f, 0x20, 0xee, 0xf9, 0x20, 0x0, 0x0,
    0x0, 0x9c, 0x0, 0xe9, 0x10, 0x0, 0x0, 0xa1,
    0x0, 0xe7, 0x0, 0xe5, 0x0, 0x0, 0x2, 0xf2,
    0x4, 0xf1, 0x0, 0xd5, 0x0, 0x0, 0x4, 0xf0,
    0xa, 0xc0, 0x0, 0xcb, 0x22, 0x22, 0x3b, 0xc0,
    0xe, 0x60, 0x0, 0x4d, 0xff, 0xff, 0xfc, 0x30,
    0x0, 0x0, 0x0, 0x0, 0x0, 0x0, 0x0, 0x0,

    /* U+6CB2 "沲" */
    0x0, 0x0, 0x0, 0x0, 0x0, 0x0, 0x0, 0x0,
    0x0, 0x63, 0x0, 0x0, 0xd7, 0x0, 0x0, 0x0,
    0x0, 0x8, 0xf5, 0x0, 0x7f, 0x21, 0x11, 0x11,
    0x11, 0x0, 0x7, 0xf3, 0x1e, 0xff, 0xff, 0xff,
    0xff, 0x90, 0x0, 0x3, 0xc, 0xb0, 0x1, 0x40,
    0x0, 0x0, 0x2, 0x30, 0xa, 0xd1, 0x0, 0x4e,
    0x0, 0x0, 0x0, 0x7f, 0x70, 0x54, 0xc0, 0x4,
    0xe0, 0x3, 0x50, 0x0, 0x5f, 0x70, 0x2f, 0x2,
    0x8f, 0xcf, 0xfc, 0x0, 0x0, 0x30, 0x49, 0xff,
    0xfd, 0xf5, 0x26, 0xb0, 0x0, 0x0, 0x9, 0xaf,
    0x20, 0x4e, 0x0, 0x6b, 0x0, 0x0, 0xc5, 0x2,
    0xf0, 0x4, 0xe0, 0x7, 0xa0, 0x0, 0x1f, 0x40,
    0x2f, 0x0, 0x4e, 0x6a, 0xe8, 0x20, 0x5, 0xf0,
    0x2, 0xf0, 0x4, 0xe3, 0x86, 0x3f, 0x0, 0x9c,
    0x0, 0x2f, 0x0, 0x3b, 0x0, 0x5, 0xd0, 0xd,
    0x80, 0x1, 0xf6, 0x22, 0x22, 0x23, 0xc9, 0x2,
    0xf4, 0x0, 0x8, 0xff, 0xff, 0xff, 0xfb, 0x10,
    0x4, 0x0, 0x0, 0x0, 0x0, 0x0, 0x0, 0x0,
    0x0,

    /* U+6CD0 "泐" */
    0x0, 0x0, 0x0, 0x0, 0x0, 0x2, 0x0, 0x0,
    0x9, 0x20, 0x22, 0x22, 0x10, 0x5c, 0x0, 0x0,
    0x8, 0xe4, 0xef, 0xff, 0x80, 0x6c, 0x0, 0x0,
    0x0, 0x7a, 0xe3, 0xc, 0x60, 0x6b, 0x0, 0x0,
    0x0, 0x0, 0xe3, 0x1f, 0x6f, 0xff, 0xff, 0xf0,
    0x86, 0x0, 0xe3, 0x6c, 0x2, 0x8b, 0x24, 0xf0,
    0x5f, 0x90, 0xe3, 0xb7, 0x0, 0x7a, 0x2, 0xf0,
    0x4, 0xe2, 0xe3, 0x8b, 0x0, 0x89, 0x2, 0xf0,
    0x0, 0x0, 0xe3, 0xe, 0x50, 0x98, 0x2, 0xf0,
    0x0, 0x10, 0xe3, 0x8, 0xa0, 0xb6, 0x3, 0xe0,
    0x0, 0xf4, 0xe3, 0x6, 0xc0, 0xe3, 0x3, 0xe0,
    0x3, 0xf1, 0xe5, 0x3a, 0x92, 0xf0, 0x4, 0xd0,
    0x7, 0xc0, 0xea, 0xfc, 0x28, 0xa0, 0x4, 0xd0,
    0xc, 0x80, 0xe3, 0x0, 0xe, 0x40, 0x6, 0xc0,
    0x1f, 0x40, 0xe3, 0x0, 0x8b, 0x14, 0x3c, 0x90,
    0x3d, 0x0, 0xe3, 0x1, 0xd1, 0x1f, 0xfc, 0x20,
    0x0, 0x0, 0x0, 0x0, 0x0, 0x0, 0x0, 0x0,

    /* U+6CD3 "泓" */
    0x6, 0x10, 0x34, 0x44, 0x30, 0x2, 0x60, 0x0,
    0x9, 0xe3, 0x9d, 0xdd, 0xe0, 0x7, 0xd0, 0x0,
    0x0, 0x7c, 0x0, 0x4, 0xe0, 0x9, 0xa0, 0x0,
    0x0, 0x0, 0x0, 0x4, 0xe0, 0xc, 0x70, 0x0,
    0x89, 0x0, 0x7f, 0xff, 0xe0, 0xf, 0x40, 0x0,
    0x3f, 0x90, 0x98, 0x15, 0xe0, 0x1f, 0x10, 0x0,
    0x4, 0xf4, 0xb6, 0x0, 0x20, 0x4d, 0x0, 0x0,
    0x0, 0x20, 0xd5, 0x11, 0x0, 0x8a, 0x77, 0x0,
    0x0, 0x0, 0xef, 0xff, 0x80, 0xb6, 0x6d, 0x0,
    0x0, 0xa6, 0x0, 0xb, 0x70, 0xf2, 0x1f, 0x20,
    0x0, 0xf6, 0x0, 0xc, 0x62, 0xe0, 0xc, 0x70,
    0x4, 0xf1, 0x0, 0xd, 0x56, 0xb0, 0x7, 0xc0,
    0x9, 0xc0, 0x0, 0xe, 0x4d, 0x94, 0x69, 0xf1,
    0xe, 0x70, 0x22, 0x6f, 0x2f, 0xfd, 0xcb, 0xf6,
    0x3f, 0x20, 0x9f, 0xf8, 0x2, 0x0, 0x0, 0xa8,
    0x2, 0x0, 0x0, 0x0, 0x0, 0x0, 0x0, 0x0,

    /* U+6CD4 "泔" */
    0x0, 0x0, 0x0, 0x32, 0x0, 0x0, 0x4, 0x0,
    0x8, 0x60, 0x0, 0xb9, 0x0, 0x0, 0x2f, 0x20,
    0x5, 0xf8, 0x0, 0xb9, 0x0, 0x0, 0x2f, 0x20,
    0x0, 0x5f, 0x54, 0xca, 0x44, 0x44, 0x5f, 0x53,
    0x0, 0x2, 0x4e, 0xff, 0xee, 0xee, 0xef, 0xec,
    0x17, 0x0, 0x0, 0xb9, 0x0, 0x0, 0x2f, 0x20,
    0x2e, 0xc1, 0x0, 0xb9, 0x0, 0x0, 0x2f, 0x20,
    0x1, 0xcb, 0x0, 0xb9, 0x0, 0x0, 0x2f, 0x20,
    0x0, 0x1, 0x0, 0xba, 0x33, 0x33, 0x5f, 0x20,
    0x0, 0x0, 0x0, 0xbf, 0xdd, 0xdd, 0xef, 0x20,
    0x0, 0x7d, 0x0, 0xb9, 0x0, 0x0, 0x2f, 0x20,
    0x0, 0xbb, 0x0, 0xb9, 0x0, 0x0, 0x2f, 0x20,
    0x0, 0xf6, 0x0, 0xb9, 0x0, 0x0, 0x2f, 0x20,
    0x6, 0xf1, 0x0, 0xba, 0x22, 0x22, 0x4f, 0x20,
    0xc, 0xc0, 0x0, 0xbf, 0xff, 0xff, 0xff, 0x20,
    0x9, 0x60, 0x0, 0xb9, 0x0, 0x0, 0x2f, 0x20,

    /* U+6CD6 "泖" */
    0x4, 0x10, 0x0, 0x25, 0x87, 0x3, 0x33, 0x30,
    0xa, 0xf5, 0xf, 0xfc, 0xa6, 0x3f, 0xdd, 0xf1,
    0x0, 0x7f, 0x4f, 0x10, 0x0, 0x3e, 0x0, 0xf1,
    0x0, 0x2, 0x1f, 0x10, 0xa0, 0x3e, 0x0, 0xf1,
    0x47, 0x0, 0x1f, 0x11, 0xf0, 0x3e, 0x0, 0xf1,
    0x4e, 0xb1, 0x1f, 0x11, 0xf0, 0x3e, 0x0, 0xf1,
    0x2, 0xd6, 0x1f, 0x11, 0xf0, 0x3e, 0x0, 0xf1,
    0x0, 0x0, 0x1f, 0x11, 0xf0, 0x3e, 0x0, 0xf1,
    0x0, 0x21, 0x1f, 0x16, 0xf0, 0x3e, 0x0, 0xf1,
    0x0, 0xab, 0x2f, 0xee, 0xe0, 0x3e, 0x0, 0xf1,
    0x0, 0xe6, 0x4e, 0x67, 0xc0, 0x3e, 0x2, 0xf0,
    0x2, 0xf2, 0x0, 0xd, 0x70, 0x3e, 0x9f, 0xb0,
    0x7, 0xe0, 0x0, 0x8e, 0x0, 0x3e, 0x11, 0x0,
    0xc, 0x90, 0x19, 0xf3, 0x0, 0x3e, 0x0, 0x0,
    0xb, 0x50, 0xad, 0x20, 0x0, 0x3e, 0x0, 0x0,
    0x0, 0x0, 0x0, 0x0, 0x0, 0x0, 0x0, 0x0,

    /* U+6CD7 "泗" */
    0x7, 0x20, 0x14, 0x44, 0x44, 0x44, 0x44, 0x40,
    0xa, 0xf4, 0x4f, 0xdd, 0xfd, 0xdf, 0xdd, 0xf1,
    0x0, 0x8f, 0x6e, 0x2, 0xf0, 0x3e, 0x1, 0xf1,
    0x0, 0x2, 0x4e, 0x2, 0xf0, 0x3e, 0x1, 0xf1,
    0x29, 0x0, 0x4e, 0x3, 0xf0, 0x3e, 0x1, 0xf1,
    0x2d, 0xd2, 0x4e, 0x4, 0xe0, 0x3e, 0x1, 0xf1,
    0x0, 0xb9, 0x4e, 0x6, 0xc0, 0x3e, 0x1, 0xf1,
    0x0, 0x0, 0x4e, 0xa, 0x90, 0x3e, 0x1, 0xf1,
    0x0, 0x43, 0x4e, 0x1f, 0x40, 0x3f, 0x1, 0xf1,
    0x0, 0xb9, 0x4e, 0xbd, 0x0, 0x1e, 0xff, 0xf1,
    0x0, 0xf5, 0x4e, 0xa3, 0x0, 0x0, 0x13, 0xf1,
    0x3, 0xf1, 0x4e, 0x0, 0x0, 0x0, 0x1, 0xf1,
    0x7, 0xd0, 0x4e, 0x0, 0x0, 0x0, 0x1, 0xf1,
    0xc, 0xa0, 0x4f, 0xff, 0xff, 0xff, 0xff, 0xf1,
    0x9, 0x50, 0x4e, 0x11, 0x11, 0x11, 0x13, 0xf1,

    /* U+6CE0 "泠" */
    0x0, 0x0, 0x0, 0x0, 0x2, 0x20, 0x0, 0x0,
    0xb, 0x90, 0x0, 0x0, 0x2f, 0xc0, 0x0, 0x0,
    0x2, 0xeb, 0x0, 0x0, 0xbb, 0xd7, 0x0, 0x0,
    0x0, 0x2d, 0x20, 0x8, 0xe1, 0x3f, 0x50, 0x0,
    0x0, 0x0, 0x0, 0x7f, 0x30, 0x6, 0xf5, 0x0,
    0x7c, 0x10, 0x9, 0xf4, 0x5d, 0x0, 0x7f, 0x91,
    0x1c, 0xe4, 0xde, 0x30, 0xc, 0xb0, 0x5, 0xfb,
    0x0, 0xa5, 0x41, 0x0, 0x1, 0xd2, 0x0, 0x21,
    0x0, 0x0, 0x3, 0x33, 0x33, 0x33, 0x33, 0x10,
    0x0, 0x31, 0xf, 0xff, 0xff, 0xff, 0xff, 0x80,
    0x0, 0xca, 0x0, 0x0, 0x0, 0x0, 0xae, 0x20,
    0x1, 0xf5, 0x0, 0x50, 0x0, 0x9, 0xe2, 0x0,
    0x5, 0xf0, 0x2, 0xed, 0x50, 0xae, 0x30, 0x0,
    0xb, 0xb0, 0x0, 0x19, 0xfe, 0xf3, 0x0, 0x0,
    0x1f, 0x60, 0x0, 0x0, 0x3c, 0xf9, 0x10, 0x0,
    0x2c, 0x10, 0x0, 0x0, 0x0, 0x6e, 0xa0, 0x0,
    0x0, 0x0, 0x0, 0x0, 0x0, 0x1, 0x10, 0x0,

    /* U+6CEB "泫" */
    0x0, 0x0, 0x0, 0x0, 0x1, 0x10, 0x0, 0x0,
    0x8, 0xa0, 0x0, 0x0, 0xb, 0x90, 0x0, 0x0,
    0x2, 0xdc, 0x11, 0x11, 0x14, 0xe2, 0x11, 0x11,
    0x0, 0x1c, 0x4f, 0xff, 0xff, 0xff, 0xff, 0xfc,
    0x0, 0x0, 0x0, 0x0, 0xac, 0x0, 0x0, 0x0,
    0x3b, 0x10, 0x0, 0x4, 0xf2, 0x0, 0x4, 0x0,
    0x1c, 0xe3, 0x0, 0x1e, 0x60, 0x0, 0x8f, 0x20,
    0x0, 0xb9, 0x0, 0xca, 0x0, 0x5, 0xf5, 0x0,
    0x0, 0x0, 0xb, 0xfb, 0xcd, 0xef, 0x60, 0x0,
    0x0, 0x12, 0x7, 0x97, 0x57, 0xf8, 0x0, 0x0,
    0x0, 0x7e, 0x0, 0x0, 0x1e, 0x90, 0x11, 0x0,
    0x0, 0xc9, 0x0, 0x1, 0xda, 0x0, 0xa9, 0x0,
    0x1, 0xf4, 0x0, 0x1d, 0xa0, 0x0, 0x2f, 0x20,
    0x6, 0xf0, 0x3, 0xdb, 0x0, 0x12, 0x3d, 0xa0,
    0xb, 0xb0, 0xf, 0xff, 0xff, 0xff, 0xed, 0xf2,
    0xb, 0x60, 0x5, 0x53, 0x21, 0x0, 0x0, 0xb5,
    0x0, 0x0, 0x0, 0x0, 0x0, 0x0, 0x0, 0x0,

    /* U+6CEE "泮" */
    0x0, 0x0, 0x0, 0x0, 0x1, 0x40, 0x0, 0x0,
    0xb, 0x90, 0x0, 0x0, 0x5, 0xe0, 0x0, 0x10,
    0x2, 0xec, 0x15, 0xd1, 0x5, 0xe0, 0x4, 0xf2,
    0x0, 0x2c, 0x20, 0xdb, 0x5, 0xe0, 0x1e, 0x90,
    0x0, 0x0, 0x0, 0x3e, 0x35, 0xe0, 0xac, 0x0,
    0x4e, 0x30, 0x0, 0x0, 0x5, 0xe0, 0x1, 0x0,
    0x9, 0xf6, 0x8, 0xee, 0xee, 0xfe, 0xee, 0xe2,
    0x0, 0x77, 0x3, 0x55, 0x58, 0xe5, 0x55, 0x50,
    0x0, 0x0, 0x0, 0x0, 0x5, 0xe0, 0x0, 0x0,
    0x0, 0x36, 0x0, 0x0, 0x5, 0xe0, 0x0, 0x0,
    0x0, 0x9d, 0x3e, 0xee, 0xee, 0xfe, 0xee, 0xeb,
    0x0, 0xd8, 0x15, 0x55, 0x58, 0xe5, 0x55, 0x54,
    0x2, 0xf3, 0x0, 0x0, 0x5, 0xe0, 0x0, 0x0,
    0x7, 0xf0, 0x0, 0x0, 0x5, 0xe0, 0x0, 0x0,
    0xc, 0xa0, 0x0, 0x0, 0x5, 0xe0, 0x0, 0x0,
    0xa, 0x50, 0x0, 0x0, 0x5, 0xe0, 0x0, 0x0,

    /* U+6CEF "泯" */
    0x9, 0x10, 0x4, 0x44, 0x44, 0x44, 0x44, 0x40,
    0xa, 0xe3, 0xe, 0xdc, 0xcc, 0xcc, 0xcd, 0xe0,
    0x0, 0x8d, 0xe, 0x40, 0x0, 0x0, 0x3, 0xe0,
    0x0, 0x0, 0xe, 0x40, 0x0, 0x0, 0x3, 0xe0,
    0x9a, 0x0, 0xe, 0xff, 0xff, 0xff, 0xff, 0xe0,
    0x2e, 0xc0, 0xe, 0x51, 0x11, 0xe5, 0x15, 0xe0,
    0x2, 0xe5, 0xe, 0x40, 0x0, 0xe4, 0x0, 0x20,
    0x0, 0x0, 0xe, 0x52, 0x22, 0xd6, 0x22, 0x21,
    0x0, 0x20, 0xe, 0xff, 0xff, 0xff, 0xff, 0xf6,
    0x0, 0xd8, 0xe, 0x40, 0x0, 0x99, 0x0, 0x0,
    0x1, 0xf4, 0xe, 0x40, 0x0, 0x6c, 0x0, 0x0,
    0x6, 0xf0, 0xe, 0x40, 0x2, 0x2f, 0x10, 0x56,
    0xb, 0xb0, 0xe, 0x45, 0xce, 0xc, 0x90, 0x79,
    0x1f, 0x60, 0x1f, 0xff, 0x81, 0x3, 0xf8, 0xc6,
    0x3e, 0x10, 0x2e, 0x81, 0x0, 0x0, 0x4d, 0xe1,
    0x0, 0x0, 0x0, 0x0, 0x0, 0x0, 0x0, 0x0,

    /* U+6CF1 "泱" */
    0x3, 0x30, 0x0, 0x0, 0x6, 0xb0, 0x0, 0x0,
    0x6, 0xf7, 0x0, 0x0, 0x6, 0xb0, 0x0, 0x0,
    0x0, 0x4f, 0x80, 0x33, 0x38, 0xc3, 0x33, 0x10,
    0x0, 0x2, 0x10, 0xfe, 0xef, 0xfe, 0xef, 0x50,
    0x5, 0x0, 0x0, 0xf1, 0x7, 0xb0, 0xd, 0x50,
    0x3f, 0xa0, 0x0, 0xf1, 0x7, 0xb0, 0xd, 0x50,
    0x2, 0xda, 0x0, 0xf1, 0x7, 0xb0, 0xd, 0x50,
    0x0, 0x1, 0x0, 0xf1, 0x7, 0xa0, 0xd, 0x50,
    0x0, 0x3, 0x4f, 0xff, 0xff, 0xff, 0xff, 0xfb,
    0x0, 0x5f, 0x22, 0x22, 0x2e, 0xf3, 0x22, 0x21,
    0x0, 0xac, 0x0, 0x0, 0x4e, 0x98, 0x0, 0x0,
    0x0, 0xf6, 0x0, 0x1, 0xe7, 0x1f, 0x50, 0x0,
    0x5, 0xf1, 0x0, 0x3d, 0xa0, 0x5, 0xf7, 0x0,
    0xb, 0xb0, 0x29, 0xf8, 0x0, 0x0, 0x4f, 0xd6,
    0xb, 0x60, 0xbc, 0x30, 0x0, 0x0, 0x1, 0xa5,
    0x0, 0x0, 0x0, 0x0, 0x0, 0x0, 0x0, 0x0,

    /* U+6CF7 "泷" */
    0x0, 0x0, 0x0, 0x23, 0x0, 0x0, 0x0, 0x0,
    0x1d, 0x30, 0x0, 0x9a, 0x0, 0x1e, 0x70, 0x0,
    0x9, 0xf6, 0x0, 0x9a, 0x0, 0x4, 0xf8, 0x0,
    0x0, 0x7c, 0x11, 0xaa, 0x11, 0x11, 0x33, 0x10,
    0x0, 0x0, 0xef, 0xff, 0xff, 0xff, 0xff, 0xf8,
    0x88, 0x0, 0x1, 0xb9, 0x1c, 0x71, 0x11, 0x10,
    0x4e, 0xb1, 0x0, 0xb8, 0xc, 0x70, 0x4, 0x10,
    0x2, 0xe5, 0x0, 0xc6, 0xc, 0x70, 0x3f, 0x50,
    0x0, 0x0, 0x0, 0xe5, 0xc, 0x70, 0xda, 0x0,
    0x0, 0x20, 0x1, 0xf2, 0xc, 0x7b, 0xd0, 0x0,
    0x3, 0xf2, 0x4, 0xf0, 0xc, 0xee, 0x20, 0x0,
    0x6, 0xf0, 0xa, 0xb0, 0xc, 0xf3, 0x0, 0x42,
    0xa, 0xb0, 0x1f, 0x50, 0xbf, 0x70, 0x0, 0xa9,
    0xe, 0x70, 0x9e, 0x3d, 0xdd, 0x70, 0x0, 0xc7,
    0x2f, 0x44, 0xf6, 0xe9, 0xa, 0xb2, 0x24, 0xf3,
    0x6f, 0xd, 0xa0, 0x10, 0x4, 0xef, 0xff, 0x90,
    0x2, 0x2, 0x0, 0x0, 0x0, 0x0, 0x0, 0x0,

    /* U+6CF8 "泸" */
    0x0, 0x0, 0x0, 0x0, 0x5, 0x0, 0x0, 0x0,
    0x2f, 0x50, 0x0, 0x0, 0x1f, 0x10, 0x0, 0x0,
    0x6, 0xf8, 0x0, 0x0, 0x1f, 0xee, 0xee, 0xe5,
    0x0, 0x5a, 0x0, 0x0, 0x1f, 0x43, 0x33, 0x31,
    0x0, 0x0, 0x0, 0x0, 0x1f, 0x10, 0x0, 0x0,
    0xb9, 0x0, 0xd, 0xff, 0xff, 0xff, 0xff, 0x40,
    0x3e, 0xc1, 0xe, 0x72, 0x22, 0x22, 0x2e, 0x40,
    0x1, 0xb2, 0xe, 0x50, 0x0, 0x0, 0xe, 0x40,
    0x0, 0x0, 0xe, 0x50, 0x0, 0x0, 0xe, 0x40,
    0x0, 0x82, 0xe, 0xee, 0xee, 0xee, 0xef, 0x40,
    0x1, 0xf4, 0xf, 0x63, 0x33, 0x33, 0x3f, 0x40,
    0x6, 0xf0, 0x2f, 0x10, 0x0, 0x0, 0x5, 0x10,
    0xb, 0xa0, 0x7c, 0x0, 0x0, 0x0, 0x0, 0x0,
    0x1f, 0x50, 0xe7, 0x0, 0x0, 0x0, 0x0, 0x0,
    0x6f, 0x18, 0xf1, 0x0, 0x0, 0x0, 0x0, 0x0,
    0x6a, 0xc, 0x60, 0x0, 0x0, 0x0, 0x0, 0x0,
    0x0, 0x0, 0x0, 0x0, 0x0, 0x0, 0x0, 0x0,

    /* U+6CFA "泺" */
    0x7, 0x30, 0x0, 0x23, 0x44, 0x56, 0x78, 0x40,
    0x7, 0xf6, 0x4, 0xfe, 0xdc, 0xba, 0x98, 0x40,
    0x0, 0x5f, 0x35, 0xd0, 0x0, 0x0, 0x0, 0x0,
    0x0, 0x2, 0x7, 0xb0, 0x4, 0xe0, 0x0, 0x0,
    0x57, 0x0, 0x9, 0x90, 0x4, 0xf0, 0x0, 0x0,
    0x4e, 0xc1, 0xb, 0x70, 0x4, 0xf0, 0x0, 0x0,
    0x1, 0xc5, 0xe, 0x50, 0x4, 0xf0, 0x0, 0x0,
    0x0, 0x0, 0xf, 0xff, 0xff, 0xff, 0xff, 0xf4,
    0x0, 0x40, 0x1, 0x11, 0x15, 0xf1, 0x11, 0x10,
    0x0, 0xe7, 0x0, 0x92, 0x4, 0xf0, 0x38, 0x0,
    0x2, 0xf3, 0x4, 0xf1, 0x4, 0xf0, 0x2f, 0x40,
    0x5, 0xf0, 0xd, 0x80, 0x4, 0xf0, 0x8, 0xd0,
    0xa, 0xc0, 0x7e, 0x10, 0x4, 0xf0, 0x1, 0xe7,
    0xe, 0x80, 0xe5, 0x3, 0x28, 0xe0, 0x0, 0x66,
    0x2f, 0x40, 0x0, 0x1f, 0xff, 0x60, 0x0, 0x0,
    0x0, 0x0, 0x0, 0x0, 0x0, 0x0, 0x0, 0x0,

    /* U+6CFE "泾" */
    0x7, 0x60, 0x0, 0x11, 0x11, 0x11, 0x11, 0x0,
    0x0, 0x5e, 0xb1, 0x2f, 0xff, 0xff, 0xff, 0xf7,
    0x0, 0x0, 0x2d, 0x60, 0x0, 0x0, 0x0, 0xbd,
    0x10, 0x0, 0x0, 0x0, 0x0, 0x0, 0x2, 0xcc,
    0x10, 0x0, 0x4d, 0x30, 0x0, 0x0, 0x7, 0xfe,
    0x20, 0x0, 0x0, 0x8f, 0x80, 0x0, 0x7e, 0xc5,
    0xaf, 0x91, 0x0, 0x0, 0x46, 0x2a, 0xfd, 0x50,
    0x0, 0x3c, 0xf8, 0x0, 0x0, 0x2, 0x93, 0x0,
    0x0, 0x0, 0x5, 0x60, 0x0, 0x69, 0x5, 0xcc,
    0xcc, 0xcc, 0xcc, 0xc0, 0x0, 0xb, 0xb0, 0x24,
    0x44, 0x8e, 0x44, 0x44, 0x0, 0x0, 0xf6, 0x0,
    0x0, 0x5, 0xd0, 0x0, 0x0, 0x0, 0x4f, 0x10,
    0x0, 0x0, 0x5d, 0x0, 0x0, 0x0, 0xa, 0xc0,
    0x0, 0x0, 0x5, 0xd0, 0x0, 0x0, 0x0, 0xf7,
    0x5, 0xff, 0xff, 0xff, 0xff, 0xff, 0xe0, 0x19,
    0x20, 0x1, 0x11, 0x11, 0x11, 0x11, 0x11, 0x0,

    /* U+6D04 "洄" */
    0x9, 0x30, 0x14, 0x44, 0x44, 0x44, 0x44, 0x41,
    0x9, 0xf6, 0x5f, 0xee, 0xee, 0xee, 0xee, 0xf4,
    0x0, 0x6e, 0x6e, 0x0, 0x0, 0x0, 0x0, 0xf4,
    0x0, 0x0, 0x5e, 0x0, 0x0, 0x0, 0x0, 0xf4,
    0x5b, 0x10, 0x5e, 0x4, 0xff, 0xff, 0x40, 0xf4,
    0x1c, 0xe3, 0x5e, 0x4, 0xe2, 0x2e, 0x40, 0xf4,
    0x0, 0xb7, 0x5e, 0x4, 0xe0, 0xe, 0x40, 0xf4,
    0x0, 0x0, 0x5e, 0x4, 0xe0, 0xe, 0x40, 0xf4,
    0x0, 0x40, 0x5e, 0x4, 0xe1, 0x1e, 0x40, 0xf4,
    0x0, 0xf5, 0x5e, 0x4, 0xff, 0xff, 0x40, 0xf4,
    0x4, 0xf1, 0x5e, 0x3, 0xc0, 0xb, 0x30, 0xf4,
    0x7, 0xd0, 0x5e, 0x0, 0x0, 0x0, 0x0, 0xf4,
    0xc, 0xa0, 0x5e, 0x0, 0x0, 0x0, 0x0, 0xf4,
    0xf, 0x60, 0x5f, 0xff, 0xff, 0xff, 0xff, 0xf4,
    0x2c, 0x20, 0x5e, 0x11, 0x11, 0x11, 0x11, 0xf4,

    /* U+6D07 "洇" */
    0x7, 0x30, 0x3, 0x33, 0x33, 0x33, 0x33, 0x30,
    0x8f, 0x63, 0xfe, 0xee, 0xee, 0xee, 0xee, 0x0,
    0x6e, 0x4f, 0x0, 0x8, 0x30, 0x4, 0xe0, 0x0,
    0x3, 0xf0, 0x0, 0xd5, 0x0, 0x4e, 0x57, 0x0,
    0x3f, 0x12, 0x2d, 0x62, 0x25, 0xe4, 0xeb, 0x13,
    0xf7, 0xff, 0xff, 0xff, 0x7e, 0x2, 0xd7, 0x3f,
    0x0, 0xf, 0x30, 0x4, 0xe0, 0x0, 0x3, 0xf0,
    0x1, 0xf7, 0x0, 0x4e, 0x0, 0x40, 0x3f, 0x0,
    0x6d, 0xe7, 0x4, 0xe0, 0xf, 0x63, 0xf0, 0xd,
    0x74, 0xf3, 0x4e, 0x3, 0xf1, 0x3f, 0x9, 0xd0,
    0x9, 0xd5, 0xe0, 0x8d, 0x3, 0xf2, 0xd3, 0x0,
    0x19, 0x5e, 0xc, 0x90, 0x3f, 0x0, 0x0, 0x0,
    0x4, 0xe1, 0xf5, 0x3, 0xff, 0xff, 0xff, 0xff,
    0xfe, 0x2b, 0x10, 0x3f, 0x22, 0x22, 0x22, 0x26,
    0xe0, 0x0, 0x0, 0x0, 0x0, 0x0, 0x0, 0x0,

    /* U+6D0C "洌" */
    0x0, 0x0, 0x0, 0x0, 0x0, 0x0, 0x0, 0x20,
    0x1b, 0x20, 0x55, 0x55, 0x55, 0x30, 0x1, 0xf0,
    0x9, 0xf4, 0x9a, 0xfa, 0xaa, 0x50, 0x1, 0xf0,
    0x0, 0x87, 0x3, 0xe0, 0x0, 0xc, 0x41, 0xf0,
    0x0, 0x0, 0x7, 0xb0, 0x0, 0xd, 0x41, 0xf0,
    0xa7, 0x0, 0xc, 0xff, 0xff, 0xd, 0x41, 0xf0,
    0x3f, 0xa0, 0x1f, 0x21, 0x4e, 0xd, 0x41, 0xf0,
    0x3, 0xc0, 0x8b, 0x0, 0x6b, 0xd, 0x41, 0xf0,
    0x0, 0x1, 0xf5, 0x60, 0xa8, 0xd, 0x41, 0xf0,
    0x0, 0x46, 0xb2, 0xeb, 0xf3, 0xd, 0x41, 0xf0,
    0x2, 0xf3, 0x10, 0x1c, 0xd0, 0xd, 0x41, 0xf0,
    0x5, 0xe0, 0x0, 0xe, 0x70, 0xd, 0x41, 0xf0,
    0x9, 0xb0, 0x0, 0x8e, 0x0, 0x3, 0x11, 0xf0,
    0xd, 0x70, 0x4, 0xf5, 0x0, 0x0, 0x1, 0xf0,
    0x2f, 0x30, 0x3f, 0x90, 0x0, 0x4, 0x37, 0xf0,
    0x3d, 0x0, 0x9a, 0x0, 0x0, 0xe, 0xff, 0x90,
    0x0, 0x0, 0x0, 0x0, 0x0, 0x0, 0x0, 0x0,

    /* U+6D0E "洎" */
    0x0, 0x0, 0x0, 0x0, 0x1, 0x0, 0x0, 0x0,
    0xa, 0x30, 0x0, 0x0, 0x2f, 0x30, 0x0, 0x0,
    0xa, 0xf6, 0x2, 0x22, 0x8e, 0x22, 0x22, 0x20,
    0x0, 0x7e, 0x2f, 0xff, 0xff, 0xff, 0xff, 0xf1,
    0x0, 0x1, 0x1f, 0x20, 0x0, 0x0, 0x2, 0xf1,
    0x56, 0x0, 0x1f, 0x20, 0x0, 0x0, 0x2, 0xf1,
    0x6f, 0xb1, 0x1f, 0x65, 0x55, 0x55, 0x56, 0xf1,
    0x2, 0xd8, 0x1f, 0xdc, 0xcc, 0xcc, 0xcd, 0xf1,
    0x0, 0x0, 0x1f, 0x20, 0x0, 0x0, 0x2, 0xf1,
    0x0, 0x42, 0x1f, 0x20, 0x0, 0x0, 0x2, 0xf1,
    0x0, 0xca, 0x1f, 0xff, 0xff, 0xff, 0xff, 0xf1,
    0x1, 0xf5, 0x1f, 0x42, 0x22, 0x22, 0x24, 0xf1,
    0x7, 0xf0, 0x1f, 0x20, 0x0, 0x0, 0x2, 0xf1,
    0xd, 0xa0, 0x1f, 0x31, 0x11, 0x11, 0x13, 0xf1,
    0x4f, 0x40, 0x1f, 0xff, 0xff, 0xff, 0xff, 0xf1,
    0x3b, 0x0, 0x1f, 0x20, 0x0, 0x0, 0x2, 0xf1,

    /* U+6D19 "洙" */
    0x0, 0x0, 0x0, 0x0, 0x4, 0x10, 0x0, 0x0,
    0xc, 0x40, 0x0, 0x40, 0xe, 0x50, 0x0, 0x0,
    0x7, 0xf5, 0x1, 0xf3, 0xe, 0x50, 0x0, 0x0,
    0x0, 0x7d, 0x7, 0xe2, 0x2e, 0x62, 0x22, 0x0,
    0x0, 0x0, 0xd, 0xff, 0xff, 0xff, 0xff, 0x50,
    0x63, 0x0, 0x4f, 0x20, 0xe, 0x50, 0x0, 0x0,
    0x7f, 0x70, 0x9a, 0x0, 0xe, 0x50, 0x0, 0x0,
    0x5, 0xf3, 0x13, 0x22, 0x2e, 0x62, 0x22, 0x20,
    0x0, 0x10, 0xdf, 0xff, 0xff, 0xff, 0xff, 0xf3,
    0x0, 0x20, 0x0, 0x0, 0xdf, 0xf3, 0x0, 0x0,
    0x0, 0xe7, 0x0, 0x9, 0x9e, 0x8d, 0x0, 0x0,
    0x2, 0xf2, 0x0, 0x7e, 0x1e, 0x5a, 0xa0, 0x0,
    0x7, 0xd0, 0x6, 0xf3, 0xe, 0x51, 0xea, 0x0,
    0xc, 0x90, 0x8f, 0x50, 0xe, 0x50, 0x2e, 0xc1,
    0x2f, 0x45, 0xf5, 0x0, 0xe, 0x50, 0x2, 0xd3,
    0x3b, 0x0, 0x10, 0x0, 0xe, 0x50, 0x0, 0x0,

    /* U+6D1A "洚" */
    0x0, 0x0, 0x0, 0x2, 0x20, 0x0, 0x0, 0x0,
    0xa, 0x70, 0x0, 0xc, 0xa0, 0x0, 0x0, 0x0,
    0x4, 0xeb, 0x10, 0x7f, 0xff, 0xff, 0xff, 0x10,
    0x0, 0x2c, 0x34, 0xff, 0x31, 0x12, 0xcb, 0x0,
    0x0, 0x0, 0x2f, 0x78, 0xd2, 0x2c, 0xc0, 0x0,
    0x58, 0x0, 0x5, 0x0, 0x9f, 0xfb, 0x0, 0x0,
    0x3e, 0xb1, 0x2, 0x6b, 0xfc, 0xcf, 0xc8, 0x52,
    0x2, 0xd6, 0x7f, 0xe9, 0x34, 0x72, 0x7b, 0xe6,
    0x0, 0x10, 0x2, 0x0, 0x7, 0xb0, 0x0, 0x0,
    0x0, 0x21, 0x1f, 0xff, 0xff, 0xff, 0xff, 0xc0,
    0x0, 0xab, 0x3, 0x40, 0x7, 0xb0, 0x0, 0x0,
    0x0, 0xf6, 0xa, 0x80, 0x7, 0xb0, 0x0, 0x0,
    0x3, 0xf2, 0xe, 0x73, 0x39, 0xc3, 0x33, 0x30,
    0x8, 0xd0, 0xd, 0xdd, 0xde, 0xfd, 0xdd, 0xd2,
    0xe, 0x80, 0x0, 0x0, 0x7, 0xb0, 0x0, 0x0,
    0x1b, 0x40, 0x0, 0x0, 0x7, 0xb0, 0x0, 0x0,

    /* U+6D27 "洧" */
    0x0, 0x0, 0x0, 0x0, 0x1, 0x0, 0x0, 0x0,
    0x5, 0x70, 0x0, 0x0, 0x7d, 0x0, 0x0, 0x0,
    0x4, 0xfa, 0x2, 0x22, 0xc9, 0x22, 0x22, 0x22,
    0x0, 0x3d, 0x4f, 0xff, 0xff, 0xff, 0xff, 0xfd,
    0x0, 0x0, 0x0, 0xa, 0x90, 0x0, 0x0, 0x0,
    0x17, 0x0, 0x0, 0x3f, 0x41, 0x11, 0x11, 0x10,
    0x3e, 0xa0, 0x0, 0xdf, 0xff, 0xff, 0xff, 0xa0,
    0x2, 0xda, 0xa, 0xfa, 0x0, 0x0, 0x8, 0xa0,
    0x0, 0x11, 0x8e, 0xab, 0x33, 0x33, 0x39, 0xa0,
    0x0, 0x21, 0xd3, 0x8f, 0xdd, 0xdd, 0xde, 0xa0,
    0x0, 0xd8, 0x0, 0x8a, 0x0, 0x0, 0x8, 0xa0,
    0x1, 0xf4, 0x0, 0x8e, 0xcc, 0xcc, 0xce, 0xa0,
    0x4, 0xf0, 0x0, 0x8b, 0x44, 0x44, 0x4a, 0xa0,
    0x9, 0xc0, 0x0, 0x8a, 0x0, 0x0, 0x8, 0xa0,
    0xd, 0x90, 0x0, 0x8a, 0x0, 0x4, 0x4c, 0x90,
    0x1e, 0x50, 0x0, 0x8a, 0x0, 0xb, 0xdc, 0x30,
    0x0, 0x0, 0x0, 0x0, 0x0, 0x0, 0x0, 0x0,

    /* U+6D2B "洫" */
    0x0, 0x0, 0x0, 0x0, 0x3, 0x0, 0x0, 0x0,
    0xd, 0x70, 0x0, 0x0, 0x2f, 0x30, 0x0, 0x0,
    0x6, 0xfa, 0x0, 0x0, 0x7d, 0x0, 0x0, 0x0,
    0x0, 0x3c, 0x3f, 0xff, 0xff, 0xff, 0xff, 0xf0,
    0x0, 0x0, 0x2f, 0x23, 0xf2, 0x3f, 0x23, 0xf0,
    0x7b, 0x20, 0x2f, 0x1, 0xf0, 0x1f, 0x2, 0xf0,
    0x2c, 0xf6, 0x2f, 0x1, 0xf0, 0x1f, 0x2, 0xf0,
    0x0, 0x87, 0x2f, 0x1, 0xf0, 0x1f, 0x2, 0xf0,
    0x0, 0x0, 0x2f, 0x1, 0xf0, 0x1f, 0x2, 0xf0,
    0x0, 0x41, 0x2f, 0x1, 0xf0, 0x1f, 0x2, 0xf0,
    0x0, 0xe8, 0x2f, 0x1, 0xf0, 0x1f, 0x2, 0xf0,
    0x2, 0xf4, 0x2f, 0x1, 0xf0, 0x1f, 0x2, 0xf0,
    0x7, 0xe0, 0x2f, 0x1, 0xf0, 0x1f, 0x2, 0xf0,
    0xd, 0xa0, 0x2f, 0x1, 0xf0, 0x1f, 0x2, 0xf0,
    0x2f, 0x53, 0xdf, 0xdd, 0xfd, 0xdf, 0xdd, 0xfc,
    0x18, 0x1, 0x44, 0x44, 0x44, 0x44, 0x44, 0x43,

    /* U+6D2E "洮" */
    0x6, 0x20, 0x0, 0x4, 0xd0, 0x2e, 0x0, 0x0,
    0xb, 0xf5, 0x0, 0x4, 0xe0, 0x3f, 0x0, 0x0,
    0x0, 0x8f, 0x56, 0x4, 0xe0, 0x3f, 0x0, 0x62,
    0x0, 0x3, 0x2f, 0x44, 0xe0, 0x3f, 0x3, 0xf3,
    0x36, 0x0, 0xa, 0xb4, 0xe0, 0x3f, 0xc, 0xa0,
    0x5f, 0xc2, 0x3, 0xc5, 0xe0, 0x3f, 0x2d, 0x10,
    0x2, 0xdb, 0x0, 0x4, 0xe0, 0x3f, 0x0, 0x0,
    0x0, 0x1, 0x0, 0x8, 0xe0, 0x3f, 0x40, 0x0,
    0x0, 0x0, 0x2, 0xcf, 0xd0, 0x3f, 0xfb, 0x20,
    0x0, 0xa7, 0x6f, 0xa8, 0xc0, 0x3f, 0x1b, 0xf4,
    0x0, 0xf7, 0x45, 0xa, 0x90, 0x3f, 0x0, 0x50,
    0x3, 0xf2, 0x0, 0x1f, 0x40, 0x3f, 0x0, 0x38,
    0x9, 0xd0, 0x0, 0x9d, 0x0, 0x3f, 0x0, 0x6c,
    0xe, 0x80, 0x8, 0xf3, 0x0, 0x2f, 0x42, 0xb9,
    0x2f, 0x40, 0xaf, 0x50, 0x0, 0xb, 0xff, 0xd2,
    0x1, 0x0, 0x22, 0x0, 0x0, 0x0, 0x0, 0x0,

    /* U+6D33 "洳" */
    0x0, 0x0, 0x1, 0x10, 0x0, 0x0, 0x0, 0x0,
    0xb, 0x30, 0x9, 0xa0, 0x0, 0x0, 0x0, 0x0,
    0x7, 0xf5, 0xb, 0x80, 0x0, 0x9b, 0xbb, 0xb1,
    0x0, 0x7d, 0x1d, 0x71, 0x10, 0xd9, 0x77, 0xf1,
    0x0, 0x5, 0xff, 0xff, 0xf3, 0xd5, 0x1, 0xf1,
    0x69, 0x0, 0xf, 0x10, 0xf3, 0xd5, 0x1, 0xf1,
    0x2e, 0xc2, 0x3f, 0x0, 0xf1, 0xd5, 0x1, 0xf1,
    0x1, 0xd6, 0x5c, 0x2, 0xf0, 0xd5, 0x1, 0xf1,
    0x0, 0x0, 0x8a, 0x5, 0xd0, 0xd5, 0x1, 0xf1,
    0x0, 0x20, 0xb7, 0x9, 0xa0, 0xd5, 0x1, 0xf1,
    0x0, 0xe7, 0x8e, 0x3e, 0x50, 0xd5, 0x1, 0xf1,
    0x3, 0xf2, 0x6, 0xfe, 0x0, 0xd5, 0x1, 0xf1,
    0x7, 0xe0, 0x1, 0xef, 0x60, 0xd7, 0x23, 0xf1,
    0xc, 0x90, 0xc, 0xc5, 0xf5, 0xdf, 0xff, 0xf1,
    0x1f, 0x51, 0xcd, 0x10, 0x50, 0xd5, 0x1, 0xf1,
    0x5f, 0xb, 0xd1, 0x0, 0x0, 0xd5, 0x1, 0xf1,
    0x1, 0x1, 0x0, 0x0, 0x0, 0x0, 0x0, 0x0,

    /* U+6D35 "洵" */
    0x0, 0x0, 0x0, 0x1, 0x0, 0x0, 0x0, 0x0,
    0xa, 0x70, 0x0, 0x4f, 0x10, 0x0, 0x0, 0x0,
    0x5, 0xf9, 0x0, 0xcb, 0x22, 0x22, 0x22, 0x20,
    0x0, 0x4e, 0x34, 0xff, 0xff, 0xff, 0xff, 0xf6,
    0x0, 0x0, 0x1e, 0x70, 0x0, 0x0, 0x0, 0xd5,
    0x28, 0x0, 0xad, 0x22, 0x22, 0x21, 0x0, 0xd5,
    0x2e, 0xc2, 0x77, 0xff, 0xff, 0xfe, 0x0, 0xe5,
    0x1, 0xcc, 0x4, 0xd0, 0x0, 0x3e, 0x0, 0xe4,
    0x0, 0x2, 0x4, 0xd1, 0x11, 0x4e, 0x0, 0xe4,
    0x0, 0x0, 0x4, 0xfe, 0xee, 0xfe, 0x0, 0xf3,
    0x0, 0x6e, 0x4, 0xd0, 0x0, 0x3e, 0x0, 0xf3,
    0x0, 0xba, 0x4, 0xd1, 0x11, 0x4e, 0x0, 0xf2,
    0x1, 0xf5, 0x4, 0xff, 0xff, 0xfe, 0x1, 0xf2,
    0x7, 0xf0, 0x4, 0xc0, 0x0, 0x0, 0x2, 0xf1,
    0xd, 0xa0, 0x0, 0x0, 0x0, 0x64, 0x4b, 0xd0,
    0x1e, 0x40, 0x0, 0x0, 0x0, 0xdf, 0xfc, 0x30,
    0x0, 0x0, 0x0, 0x0, 0x0, 0x0, 0x0, 0x0,

    /* U+6D39 "洹" */
    0x7, 0x50, 0x1, 0x11, 0x11, 0x11, 0x11, 0x10,
    0x7, 0xf9, 0xe, 0xff, 0xff, 0xff, 0xff, 0xf5,
    0x0, 0x4e, 0x40, 0x0, 0x0, 0x0, 0x0, 0x0,
    0x0, 0x1, 0x0, 0x22, 0x22, 0x22, 0x22, 0x10,
    0x37, 0x0, 0x2, 0xfe, 0xee, 0xee, 0xef, 0x80,
    0x5e, 0xc3, 0x2, 0xf1, 0x0, 0x0, 0xb, 0x80,
    0x1, 0xaa, 0x2, 0xf2, 0x11, 0x11, 0x1b, 0x80,
    0x0, 0x0, 0x2, 0xff, 0xff, 0xff, 0xff, 0x80,
    0x0, 0x21, 0x2, 0xf1, 0x0, 0x0, 0xb, 0x80,
    0x0, 0x9c, 0x2, 0xf1, 0x0, 0x0, 0xb, 0x80,
    0x0, 0xd7, 0x2, 0xff, 0xff, 0xff, 0xff, 0x80,
    0x3, 0xf2, 0x2, 0xf2, 0x11, 0x11, 0x1b, 0x80,
    0x8, 0xd0, 0x0, 0x30, 0x0, 0x0, 0x2, 0x10,
    0xe, 0x80, 0x7d, 0xdd, 0xdd, 0xdd, 0xdd, 0xdc,
    0x7, 0x30, 0x23, 0x33, 0x33, 0x33, 0x33, 0x33,

    /* U+6D43 "浃" */
    0x0, 0x0, 0x0, 0x0, 0x2, 0x10, 0x0, 0x0,
    0x2c, 0x20, 0x0, 0x0, 0xd, 0x60, 0x0, 0x0,
    0xa, 0xf4, 0x0, 0x0, 0xd, 0x60, 0x0, 0x0,
    0x0, 0x9b, 0x2f, 0xff, 0xff, 0xff, 0xff, 0x90,
    0x0, 0x0, 0x2, 0x22, 0x2e, 0x62, 0x22, 0x10,
    0x97, 0x0, 0xa, 0x60, 0xe, 0x50, 0x2c, 0x20,
    0x4f, 0xb1, 0x5, 0xf4, 0xf, 0x41, 0xda, 0x0,
    0x2, 0xd3, 0x0, 0x74, 0xf, 0x44, 0xa0, 0x0,
    0x0, 0x0, 0x11, 0x11, 0x2f, 0x41, 0x11, 0x10,
    0x0, 0x40, 0xef, 0xff, 0xff, 0xff, 0xff, 0xf5,
    0x2, 0xf3, 0x0, 0x0, 0x9d, 0xe0, 0x0, 0x0,
    0x7, 0xe0, 0x0, 0x1, 0xf4, 0xb8, 0x0, 0x0,
    0xb, 0x90, 0x0, 0xd, 0xb0, 0x3f, 0x40, 0x0,
    0x1f, 0x50, 0x2, 0xdd, 0x10, 0x7, 0xf5, 0x0,
    0x6f, 0x0, 0x8f, 0xc1, 0x0, 0x0, 0x8f, 0xa2,
    0x6a, 0x3, 0xe7, 0x0, 0x0, 0x0, 0x5, 0xd2,
    0x0, 0x0, 0x0, 0x0, 0x0, 0x0, 0x0, 0x0,

    /* U+6D48 "浈" */
    0x0, 0x0, 0x0, 0x0, 0x7, 0x10, 0x0, 0x0,
    0x1e, 0x70, 0x0, 0x0, 0x1f, 0x20, 0x0, 0x0,
    0x5, 0xfb, 0x10, 0x0, 0x1f, 0xdd, 0xdd, 0xd3,
    0x0, 0x2a, 0x0, 0x0, 0x1f, 0x64, 0x44, 0x41,
    0x10, 0x0, 0x0, 0x0, 0x1f, 0x20, 0x0, 0x0,
    0xbc, 0x20, 0xb, 0xdd, 0xdf, 0xdd, 0xdd, 0x40,
    0x1b, 0xf4, 0xd, 0x84, 0x44, 0x44, 0x4f, 0x40,
    0x0, 0x71, 0xd, 0x50, 0xb, 0x50, 0xe, 0x40,
    0x0, 0x0, 0xd, 0x50, 0xd, 0x50, 0xe, 0x40,
    0x0, 0xa4, 0xd, 0x50, 0xe, 0x40, 0xe, 0x40,
    0x1, 0xf4, 0xd, 0x50, 0xf, 0x30, 0xe, 0x40,
    0x6, 0xf0, 0xd, 0x50, 0x4f, 0x30, 0xe, 0x40,
    0xa, 0xa0, 0x7, 0x30, 0xcd, 0xf8, 0x8, 0x20,
    0xf, 0x50, 0x0, 0x2c, 0xd1, 0x3d, 0xe5, 0x0,
    0x5f, 0x10, 0x4a, 0xfb, 0x10, 0x0, 0x9f, 0xa0,
    0x38, 0x0, 0xca, 0x30, 0x0, 0x0, 0x4, 0x90,
    0x0, 0x0, 0x0, 0x0, 0x0, 0x0, 0x0, 0x0,

    /* U+6D4D "浍" */
    0x1, 0x0, 0x0, 0x0, 0x4, 0x40, 0x0, 0x0,
    0xa, 0xd2, 0x0, 0x0, 0x2f, 0xe1, 0x0, 0x0,
    0x0, 0xaf, 0x50, 0x0, 0xca, 0xaa, 0x0, 0x0,
    0x0, 0x7, 0x60, 0x9, 0xd0, 0xd, 0x90, 0x0,
    0x0, 0x0, 0x0, 0xae, 0x20, 0x2, 0xea, 0x0,
    0x7e, 0x40, 0x3d, 0xd2, 0x0, 0x0, 0x2d, 0xe5,
    0x9, 0xf9, 0x3a, 0x6c, 0xcc, 0xcc, 0xc6, 0x84,
    0x0, 0x6a, 0x0, 0x25, 0x55, 0x55, 0x52, 0x0,
    0x0, 0x0, 0x0, 0x0, 0x0, 0x0, 0x0, 0x0,
    0x0, 0x0, 0x2, 0x22, 0x22, 0x22, 0x22, 0x20,
    0x0, 0x7d, 0x3f, 0xff, 0xff, 0xff, 0xff, 0xf3,
    0x0, 0xba, 0x0, 0x6, 0xe1, 0x6, 0x10, 0x0,
    0x0, 0xf5, 0x0, 0x3f, 0x30, 0x9, 0xd0, 0x0,
    0x5, 0xf1, 0x3, 0xe5, 0x0, 0x0, 0xbb, 0x0,
    0xb, 0xc0, 0x2f, 0xeb, 0xcd, 0xef, 0xff, 0xa0,
    0x7, 0x50, 0x8, 0x86, 0x54, 0x21, 0x2, 0x80,

    /* U+6D4F "浏" */
    0x0, 0x0, 0x0, 0x0, 0x0, 0x0, 0x0, 0x10,
    0xa, 0x40, 0x0, 0xaa, 0x0, 0x0, 0x0, 0xf2,
    0x5, 0xf7, 0x0, 0x2c, 0x10, 0xb, 0x20, 0xf2,
    0x0, 0x33, 0xdd, 0xdd, 0xdd, 0x5f, 0x30, 0xf2,
    0x0, 0x0, 0x44, 0x44, 0xac, 0x2f, 0x30, 0xf2,
    0x7c, 0x10, 0x24, 0x0, 0xa8, 0xf, 0x30, 0xf2,
    0xb, 0xe2, 0x5e, 0x0, 0xd5, 0xf, 0x30, 0xf2,
    0x0, 0x70, 0xc, 0x82, 0xf1, 0xf, 0x30, 0xf2,
    0x0, 0x0, 0x3, 0xf9, 0xc0, 0xf, 0x30, 0xf2,
    0x0, 0x72, 0x0, 0xaf, 0x60, 0xf, 0x30, 0xf2,
    0x0, 0xf4, 0x0, 0x6f, 0x40, 0xf, 0x30, 0xf2,
    0x3, 0xf0, 0x1, 0xed, 0xc0, 0xf, 0x30, 0xf2,
    0x6, 0xc0, 0x9, 0xd1, 0xf4, 0x2, 0x0, 0xf2,
    0xa, 0x90, 0x6f, 0x30, 0x9d, 0x0, 0x0, 0xf2,
    0xe, 0x56, 0xf6, 0x0, 0x2c, 0x14, 0x36, 0xf1,
    0x1e, 0x27, 0x60, 0x0, 0x0, 0xb, 0xff, 0xb0,
    0x0, 0x0, 0x0, 0x0, 0x0, 0x0, 0x0, 0x0,

    /* U+6D52 "浒" */
    0x0, 0x0, 0x0, 0x0, 0x1, 0x20, 0x0, 0x0,
    0xb, 0x30, 0x49, 0x0, 0x7, 0xb0, 0x0, 0x0,
    0x8, 0xf5, 0x2f, 0x90, 0xc, 0x70, 0x0, 0x0,
    0x0, 0x7e, 0x4, 0xf7, 0x1f, 0xff, 0xff, 0xf1,
    0x0, 0x0, 0x0, 0x40, 0x7d, 0x2e, 0x62, 0x20,
    0x48, 0x0, 0x22, 0x20, 0xe7, 0xe, 0x40, 0x0,
    0x3e, 0xc1, 0xff, 0xe2, 0xe1, 0xe, 0x40, 0x0,
    0x2, 0xe9, 0x4, 0xe0, 0x0, 0xe, 0x40, 0x0,
    0x0, 0x10, 0x4, 0xe0, 0x22, 0x2e, 0x62, 0x21,
    0x0, 0x0, 0x4, 0xe2, 0xff, 0xff, 0xff, 0xf9,
    0x0, 0xb8, 0x4, 0xe0, 0x0, 0xe, 0x40, 0x0,
    0x0, 0xf5, 0x4, 0xe0, 0x30, 0xe, 0x40, 0x0,
    0x4, 0xf1, 0x4, 0xe7, 0xf0, 0xe, 0x40, 0x0,
    0x9, 0xc0, 0x7, 0xfd, 0x30, 0xe, 0x40, 0x0,
    0xe, 0x70, 0x6, 0xb0, 0x0, 0xe, 0x40, 0x0,
    0x2c, 0x20, 0x0, 0x0, 0x0, 0xe, 0x40, 0x0,

    /* U+6D54 "浔" */
    0x7, 0x10, 0x4, 0x44, 0x44, 0x44, 0x44, 0x20,
    0xa, 0xe3, 0xd, 0xdd, 0xdd, 0xdd, 0xde, 0x80,
    0x0, 0x6d, 0x0, 0x0, 0x0, 0x0, 0xa, 0x80,
    0x0, 0x0, 0x6, 0xff, 0xff, 0xff, 0xff, 0x80,
    0x69, 0x0, 0x0, 0x11, 0x11, 0x11, 0x1a, 0x80,
    0x3e, 0xc1, 0x1, 0x11, 0x11, 0x11, 0x1a, 0x80,
    0x2, 0xe7, 0x3f, 0xff, 0xff, 0xff, 0xff, 0x80,
    0x0, 0x10, 0x0, 0x0, 0x0, 0x0, 0x17, 0x50,
    0x0, 0x30, 0x1, 0x11, 0x11, 0x11, 0xc8, 0x10,
    0x1, 0xf3, 0xff, 0xff, 0xff, 0xff, 0xff, 0xfb,
    0x5, 0xf0, 0x1, 0x82, 0x0, 0x0, 0xb8, 0x0,
    0x9, 0xc0, 0x0, 0xbd, 0x10, 0x0, 0xb8, 0x0,
    0xd, 0x80, 0x0, 0xd, 0x70, 0x0, 0xb8, 0x0,
    0x1f, 0x50, 0x0, 0x0, 0x25, 0x45, 0xe7, 0x0,
    0x3e, 0x10, 0x0, 0x0, 0x5f, 0xff, 0xc1, 0x0,
    0x0, 0x0, 0x0, 0x0, 0x0, 0x0, 0x0, 0x0,

    /* U+6D5C "浜" */
    0xb, 0x40, 0x0, 0x12, 0x33, 0x46, 0x8a, 0x60,
    0x8, 0xf6, 0x4, 0xff, 0xfe, 0xdb, 0xa8, 0x50,
    0x0, 0x7e, 0x14, 0xf0, 0x0, 0x0, 0x0, 0x0,
    0x0, 0x1, 0x4, 0xf0, 0x0, 0x0, 0x0, 0x0,
    0x36, 0x0, 0x4, 0xf4, 0x44, 0x44, 0x44, 0x41,
    0x4f, 0xa0, 0x4, 0xfe, 0xee, 0xef, 0xee, 0xe4,
    0x2, 0xd7, 0x4, 0xf0, 0x0, 0xc, 0x60, 0x0,
    0x0, 0x0, 0x4, 0xf0, 0x0, 0xc, 0x60, 0x0,
    0x0, 0x62, 0x4, 0xf0, 0x0, 0xc, 0x60, 0x0,
    0x0, 0xf6, 0xff, 0xff, 0xff, 0xff, 0xff, 0xfa,
    0x4, 0xf1, 0x33, 0x38, 0x33, 0x38, 0x33, 0x32,
    0x9, 0xc0, 0x0, 0xad, 0x0, 0x1e, 0xa0, 0x0,
    0xe, 0x70, 0x9, 0xe2, 0x0, 0x2, 0xeb, 0x0,
    0x3f, 0x30, 0xbe, 0x30, 0x0, 0x0, 0x2e, 0xc0,
    0x39, 0x1, 0xb2, 0x0, 0x0, 0x0, 0x2, 0x80,

    /* U+6D5E "浞" */
    0x8, 0x10, 0x2, 0x22, 0x22, 0x22, 0x22, 0x0,
    0xa, 0xe3, 0xe, 0xff, 0xff, 0xff, 0xff, 0x40,
    0x0, 0x8e, 0xe, 0x40, 0x0, 0x0, 0xe, 0x40,
    0x0, 0x1, 0xe, 0x40, 0x0, 0x0, 0xe, 0x40,
    0x68, 0x0, 0xe, 0x40, 0x0, 0x0, 0xe, 0x40,
    0x5f, 0xc1, 0xe, 0xff, 0xff, 0xff, 0xff, 0x40,
    0x3, 0xe4, 0xe, 0x40, 0xe, 0x50, 0xc, 0x30,
    0x0, 0x0, 0x0, 0x0, 0xe, 0x40, 0x0, 0x0,
    0x0, 0x20, 0xa, 0x90, 0xe, 0x62, 0x22, 0x20,
    0x0, 0xf4, 0xd, 0x60, 0xe, 0xff, 0xff, 0xe0,
    0x3, 0xf1, 0x1f, 0x50, 0xe, 0x40, 0x0, 0x0,
    0x7, 0xc0, 0x7f, 0xd1, 0xe, 0x40, 0x0, 0x0,
    0xc, 0x81, 0xf7, 0xad, 0x5e, 0x40, 0x0, 0x0,
    0x1f, 0x4c, 0xd0, 0x7, 0xef, 0xff, 0xff, 0xf6,
    0x2a, 0x8, 0x20, 0x0, 0x1, 0x33, 0x33, 0x30,

    /* U+6D60 "浠" */
    0x1, 0x0, 0x0, 0x0, 0x0, 0x0, 0x2, 0x0,
    0xd, 0x80, 0x9, 0xd7, 0x20, 0x3, 0xbf, 0x20,
    0x3, 0xea, 0x0, 0x5b, 0xfc, 0xaf, 0xa2, 0x0,
    0x0, 0x28, 0x0, 0x27, 0xdf, 0xdf, 0xa4, 0x0,
    0x11, 0x0, 0x3d, 0xfc, 0x91, 0x3, 0x9f, 0xc0,
    0x8e, 0x30, 0x6, 0x13, 0xf2, 0x0, 0x0, 0x30,
    0xa, 0xf4, 0xcc, 0xce, 0xfc, 0xcc, 0xcc, 0xc8,
    0x0, 0x60, 0x44, 0xaf, 0x45, 0x64, 0x44, 0x43,
    0x0, 0x0, 0x3, 0xf7, 0x5, 0xd0, 0x0, 0x0,
    0x0, 0x50, 0x1d, 0xe4, 0x48, 0xd4, 0x44, 0x40,
    0x3, 0xf4, 0xef, 0xed, 0xde, 0xfd, 0xdd, 0xf0,
    0x8, 0xcb, 0xc9, 0xa0, 0x5, 0xd0, 0x2, 0xf0,
    0xc, 0x80, 0x8, 0xa0, 0x5, 0xd0, 0x2, 0xf0,
    0x1f, 0x30, 0x8, 0xa0, 0x5, 0xd1, 0x15, 0xf0,
    0x6f, 0x0, 0x5, 0x70, 0x5, 0xd6, 0xff, 0x80,
    0x6a, 0x0, 0x0, 0x0, 0x5, 0xd0, 0x0, 0x0,
    0x0, 0x0, 0x0, 0x0, 0x0, 0x0, 0x0, 0x0,

    /* U+6D63 "浣" */
    0x0, 0x0, 0x0, 0x0, 0x0, 0x0, 0x0, 0x0,
    0x8, 0x10, 0x0, 0x0, 0x6c, 0x0, 0x0, 0x0,
    0x1b, 0xe4, 0x24, 0x44, 0x5f, 0x74, 0x44, 0x40,
    0x0, 0x9e, 0xae, 0xcc, 0xcc, 0xcc, 0xcd, 0xe0,
    0x10, 0x1, 0x99, 0x0, 0x0, 0x0, 0x4, 0xe0,
    0xbc, 0x10, 0x47, 0xdd, 0xdd, 0xdd, 0xd5, 0x60,
    0x1d, 0xe4, 0x0, 0x44, 0x44, 0x44, 0x41, 0x0,
    0x0, 0xb4, 0x0, 0x0, 0x0, 0x0, 0x0, 0x0,
    0x0, 0x0, 0x34, 0x44, 0x44, 0x44, 0x44, 0x40,
    0x0, 0x20, 0xac, 0xcf, 0xdc, 0xee, 0xcc, 0xc0,
    0x0, 0xf6, 0x0, 0xe, 0x40, 0x8a, 0x0, 0x0,
    0x4, 0xf2, 0x0, 0xf, 0x20, 0x8a, 0x0, 0x0,
    0x8, 0xd0, 0x0, 0x4f, 0x0, 0x8a, 0x0, 0x95,
    0xd, 0x80, 0x0, 0xc9, 0x0, 0x8a, 0x0, 0xc7,
    0x3f, 0x30, 0x1c, 0xe1, 0x0, 0x7d, 0x12, 0xe5,
    0x7e, 0x1, 0xfd, 0x20, 0x0, 0x2e, 0xff, 0xc0,
    0x1, 0x0, 0x30, 0x0, 0x0, 0x0, 0x0, 0x0,

    /* U+6D6F "浯" */
    0x0, 0x92, 0x1, 0x44, 0x44, 0x44, 0x44, 0x44,
    0x0, 0x1a, 0xf6, 0x5c, 0xcd, 0xfc, 0xcc, 0xcc,
    0xb0, 0x0, 0x5, 0xb0, 0x0, 0x7b, 0x0, 0x0,
    0x0, 0x0, 0x0, 0x0, 0xc, 0xde, 0xed, 0xdd,
    0xd9, 0x0, 0xc, 0x90, 0x0, 0x34, 0xd8, 0x44,
    0x49, 0xb0, 0x0, 0x4f, 0xd2, 0x0, 0xf, 0x30,
    0x0, 0x7b, 0x0, 0x0, 0x2e, 0x52, 0x23, 0xf3,
    0x22, 0x28, 0xc2, 0x10, 0x0, 0x0, 0xef, 0xff,
    0xff, 0xff, 0xff, 0xf8, 0x0, 0x4, 0x10, 0x0,
    0x0, 0x0, 0x0, 0x0, 0x0, 0x0, 0xe6, 0x4,
    0xdd, 0xdd, 0xdd, 0xdd, 0x10, 0x0, 0x3f, 0x20,
    0x5d, 0x44, 0x44, 0x44, 0xf2, 0x0, 0x7, 0xd0,
    0x5, 0xc0, 0x0, 0x0, 0xf, 0x20, 0x0, 0xd8,
    0x0, 0x5c, 0x0, 0x0, 0x0, 0xf2, 0x0, 0x3f,
    0x30, 0x5, 0xff, 0xff, 0xff, 0xff, 0x20, 0x3,
    0xa0, 0x0, 0x5d, 0x22, 0x22, 0x22, 0xf2, 0x0,

    /* U+6D7C "浼" */
    0x1, 0x0, 0x0, 0x3, 0x50, 0x0, 0x0, 0x0,
    0x0, 0xe8, 0x0, 0x0, 0xd7, 0x0, 0x0, 0x0,
    0x0, 0x2, 0xeb, 0x0, 0x9f, 0xee, 0xee, 0xe5,
    0x0, 0x0, 0x2, 0x90, 0x6e, 0x32, 0x22, 0xae,
    0x20, 0x0, 0x0, 0x0, 0x6f, 0x30, 0x0, 0x5f,
    0x30, 0x0, 0x9, 0xd2, 0x3, 0xec, 0xcc, 0xcf,
    0xec, 0xcb, 0x0, 0x1c, 0xf4, 0xf, 0x74, 0x4d,
    0x94, 0x47, 0xe0, 0x0, 0x9, 0x20, 0xf3, 0x0,
    0xd5, 0x0, 0x4e, 0x0, 0x0, 0x0, 0xf, 0x41,
    0x1e, 0x41, 0x15, 0xe0, 0x0, 0x3, 0x0, 0xff,
    0xff, 0xff, 0xff, 0xfe, 0x0, 0x0, 0xd6, 0x5,
    0x10, 0x8d, 0x30, 0x1, 0x50, 0x0, 0x1f, 0x20,
    0x0, 0xe, 0xbd, 0x0, 0x0, 0x0, 0x5, 0xe0,
    0x0, 0xa, 0xd5, 0xd0, 0x0, 0x26, 0x0, 0x9a,
    0x0, 0xa, 0xe2, 0x5d, 0x0, 0x5, 0xe0, 0xe,
    0x70, 0x3c, 0xd2, 0x4, 0xf3, 0x12, 0xba, 0x1,
    0xf3, 0x4f, 0xa1, 0x0, 0xb, 0xff, 0xfd, 0x20,
    0x0, 0x0, 0x30, 0x0, 0x0, 0x0, 0x0, 0x0,
    0x0,

    /* U+6D91 "涑" */
    0x0, 0x0, 0x0, 0x0, 0x0, 0x41, 0x0, 0x0,
    0x0, 0x1e, 0x50, 0x0, 0x0, 0xe, 0x40, 0x0,
    0x0, 0x0, 0x7f, 0x91, 0x11, 0x11, 0xe4, 0x11,
    0x11, 0x0, 0x0, 0x48, 0xbf, 0xff, 0xff, 0xff,
    0xff, 0xf3, 0x0, 0x0, 0x0, 0x0, 0x0, 0xe4,
    0x0, 0x0, 0x0, 0x73, 0x0, 0x4, 0x44, 0x4e,
    0x74, 0x44, 0x20, 0x9, 0xf9, 0x2, 0xfb, 0xbb,
    0xfc, 0xbb, 0xe8, 0x0, 0x4, 0xe6, 0x2f, 0x0,
    0xe, 0x40, 0xa, 0x80, 0x0, 0x1, 0x2, 0xf0,
    0x0, 0xe4, 0x0, 0xa8, 0x0, 0x0, 0x0, 0x2f,
    0xff, 0xff, 0xff, 0xff, 0x80, 0x0, 0xb, 0x51,
    0xb0, 0xa, 0xfe, 0x10, 0x75, 0x0, 0x1, 0xf4,
    0x0, 0x9, 0xae, 0x9d, 0x10, 0x0, 0x0, 0x6e,
    0x0, 0xa, 0xc0, 0xe4, 0x7e, 0x30, 0x0, 0xd,
    0x80, 0x4d, 0xb0, 0xe, 0x40, 0x7f, 0x91, 0x3,
    0xf3, 0x5f, 0x70, 0x0, 0xe4, 0x0, 0x4d, 0x30,
    0x5c, 0x0, 0x10, 0x0, 0xe, 0x40, 0x0, 0x0,
    0x0, 0x0, 0x0, 0x0, 0x0, 0x0, 0x0, 0x0,
    0x0,

    /* U+6D93 "涓" */
    0x9, 0x20, 0x1, 0x44, 0x44, 0x44, 0x44, 0x10,
    0x9f, 0x50, 0x6e, 0xcc, 0xcc, 0xcc, 0xf4, 0x0,
    0x5c, 0x6, 0xb0, 0x0, 0x0, 0xe, 0x40, 0x0,
    0x0, 0x6f, 0xdd, 0xdd, 0xdd, 0xf4, 0x46, 0x0,
    0x6, 0xc2, 0x22, 0x22, 0x2e, 0x45, 0xfa, 0x0,
    0x12, 0x11, 0x11, 0x11, 0x21, 0x2, 0xd7, 0xf,
    0xff, 0xff, 0xff, 0xff, 0xd0, 0x0, 0x0, 0xf2,
    0x0, 0x0, 0x0, 0x5d, 0x0, 0x81, 0xf, 0xee,
    0xee, 0xee, 0xee, 0xd0, 0x3f, 0x30, 0xf4, 0x22,
    0x22, 0x22, 0x6d, 0x6, 0xf0, 0xf, 0x30, 0x0,
    0x0, 0x5, 0xd0, 0xab, 0x0, 0xff, 0xff, 0xff,
    0xff, 0xfd, 0xe, 0x80, 0xf, 0x20, 0x0, 0x0,
    0x5, 0xd2, 0xf4, 0x0, 0xf2, 0x0, 0x3, 0x44,
    0xbc, 0x3c, 0x0, 0xf, 0x20, 0x0, 0x7e, 0xfe,
    0x50,

    /* U+6D94 "涔" */
    0x6, 0x0, 0x1, 0x0, 0xb, 0x30, 0x1, 0x0,
    0x1d, 0xd2, 0xe, 0x30, 0xe, 0x30, 0xe, 0x40,
    0x0, 0xaf, 0x3e, 0x30, 0xe, 0x30, 0xe, 0x40,
    0x0, 0x5, 0xe, 0xfe, 0xef, 0xfe, 0xef, 0x40,
    0x31, 0x0, 0x2, 0x22, 0x8f, 0xc2, 0x2a, 0x30,
    0x9e, 0x40, 0x0, 0x4, 0xf7, 0xe9, 0x0, 0x0,
    0x8, 0xf4, 0x0, 0x6f, 0x61, 0x2d, 0xc2, 0x0,
    0x0, 0x40, 0x3c, 0xe4, 0x4e, 0x11, 0xbf, 0x91,
    0x0, 0x13, 0xfa, 0x10, 0xa, 0xb0, 0x5, 0xc1,
    0x0, 0xc9, 0x21, 0x22, 0x22, 0x32, 0x21, 0x0,
    0x0, 0xf5, 0xd, 0xff, 0xff, 0xff, 0xf9, 0x0,
    0x4, 0xf1, 0x0, 0x0, 0x0, 0x6, 0xf3, 0x0,
    0x9, 0xc0, 0x0, 0x0, 0x0, 0x5f, 0x50, 0x0,
    0xe, 0x70, 0x0, 0x0, 0x3, 0xf7, 0x0, 0x0,
    0x3f, 0x30, 0x0, 0x0, 0xe, 0x80, 0x0, 0x0,
    0x1, 0x0, 0x0, 0x0, 0x2, 0x0, 0x0, 0x0,

    /* U+6D9E "涞" */
    0x0, 0x0, 0x0, 0x0, 0x4, 0x10, 0x0, 0x0,
    0xa, 0x30, 0x0, 0x0, 0xd, 0x50, 0x0, 0x0,
    0x8, 0xf5, 0x2, 0x22, 0x2d, 0x62, 0x22, 0x10,
    0x0, 0x7e, 0x2f, 0xff, 0xff, 0xff, 0xff, 0x90,
    0x0, 0x1, 0x1, 0x0, 0xd, 0x50, 0x2, 0x0,
    0x77, 0x0, 0x9, 0xb0, 0xd, 0x50, 0x6f, 0x10,
    0x4e, 0xb1, 0x0, 0xca, 0xd, 0x55, 0xf4, 0x0,
    0x2, 0xc4, 0x0, 0x13, 0xd, 0x52, 0x40, 0x0,
    0x0, 0x0, 0xef, 0xff, 0xff, 0xff, 0xff, 0xf6,
    0x0, 0x60, 0x12, 0x23, 0xee, 0xd8, 0x22, 0x20,
    0x3, 0xf2, 0x0, 0xa, 0x8d, 0x7e, 0x10, 0x0,
    0x7, 0xe0, 0x0, 0x7d, 0xd, 0x58, 0xc0, 0x0,
    0xb, 0xa0, 0x7, 0xe2, 0xd, 0x50, 0xcc, 0x10,
    0xf, 0x60, 0xae, 0x30, 0xd, 0x50, 0x1d, 0xe4,
    0x3f, 0x34, 0xd2, 0x0, 0xd, 0x50, 0x1, 0xa3,
    0x4d, 0x0, 0x0, 0x0, 0xd, 0x50, 0x0, 0x0,

    /* U+6DA0 "涠" */
    0x5, 0x30, 0x4, 0x44, 0x44, 0x44, 0x44, 0x41,
    0x7, 0xf7, 0x3f, 0xdd, 0xdd, 0xdd, 0xdd, 0xf7,
    0x0, 0x3e, 0x7e, 0x0, 0xa, 0x20, 0x0, 0xb7,
    0x0, 0x0, 0x3e, 0x6d, 0xdf, 0xdd, 0xd5, 0xb7,
    0x38, 0x0, 0x3e, 0x12, 0x2e, 0x42, 0x21, 0xb7,
    0x4f, 0xb0, 0x3e, 0x0, 0xd, 0x30, 0x0, 0xb7,
    0x3, 0xe8, 0x3e, 0x2e, 0xef, 0xee, 0xe0, 0xb7,
    0x0, 0x20, 0x3e, 0x0, 0xd, 0x20, 0x0, 0xb7,
    0x0, 0x10, 0x3e, 0x8e, 0xef, 0xee, 0xeb, 0xb7,
    0x0, 0xaa, 0x3e, 0x0, 0xd, 0x30, 0x5b, 0xb7,
    0x0, 0xe7, 0x3e, 0x0, 0xd, 0x42, 0x99, 0xb7,
    0x3, 0xf2, 0x3e, 0x0, 0xd, 0x6d, 0xb2, 0xb7,
    0x9, 0xd0, 0x3e, 0x0, 0x7, 0x10, 0x0, 0xb7,
    0xe, 0x80, 0x3f, 0xff, 0xff, 0xff, 0xff, 0xf7,
    0x1a, 0x30, 0x3e, 0x11, 0x11, 0x11, 0x11, 0xb7,

    /* U+6DAB "涫" */
    0x0, 0x0, 0x0, 0x0, 0x0, 0x0, 0x0, 0x0,
    0x8, 0x30, 0x0, 0x0, 0x3e, 0x0, 0x0, 0x0,
    0x8, 0xf5, 0x2, 0x22, 0x2d, 0x82, 0x22, 0x20,
    0x0, 0x7f, 0x6f, 0xee, 0xee, 0xee, 0xee, 0xf3,
    0x0, 0x2, 0x3e, 0x0, 0x0, 0x0, 0x0, 0xe3,
    0x6e, 0x30, 0x1b, 0xee, 0xee, 0xee, 0xee, 0x91,
    0x9, 0xf6, 0x7, 0xb2, 0x22, 0x22, 0x2e, 0x40,
    0x0, 0x75, 0x7, 0xb0, 0x0, 0x0, 0xe, 0x40,
    0x0, 0x0, 0x7, 0xfe, 0xee, 0xee, 0xef, 0x40,
    0x0, 0x33, 0x7, 0xb2, 0x22, 0x22, 0x29, 0x30,
    0x0, 0x9b, 0x7, 0xb0, 0x0, 0x0, 0x0, 0x0,
    0x0, 0xe7, 0x7, 0xff, 0xff, 0xff, 0xff, 0xb0,
    0x2, 0xf2, 0x7, 0xb0, 0x0, 0x0, 0x8, 0xb0,
    0x7, 0xe0, 0x7, 0xb0, 0x0, 0x0, 0x7, 0xb0,
    0xc, 0x90, 0x7, 0xff, 0xff, 0xff, 0xff, 0xb0,
    0xa, 0x50, 0x7, 0xb1, 0x11, 0x11, 0x18, 0xb0,

    /* U+6DAE "涮" */
    0x1a, 0x10, 0x55, 0x55, 0x55, 0x40, 0x0, 0xe0,
    0xb, 0xd3, 0xf9, 0x99, 0x9a, 0xe1, 0x80, 0xf1,
    0x0, 0x93, 0xe0, 0x0, 0x1, 0xe1, 0xe0, 0xf1,
    0x0, 0x2, 0xf6, 0x66, 0x67, 0xe1, 0xe0, 0xf1,
    0x79, 0x2, 0xfa, 0xaa, 0xab, 0xe1, 0xe0, 0xf1,
    0x2e, 0x92, 0xe0, 0x1, 0xb0, 0x21, 0xe0, 0xf1,
    0x2, 0x82, 0xe1, 0x56, 0xf5, 0x41, 0xe0, 0xf1,
    0x0, 0x2, 0xe4, 0xeb, 0xfb, 0xe1, 0xe0, 0xf1,
    0x0, 0x83, 0xd4, 0xc1, 0xe0, 0xe1, 0xe0, 0xf1,
    0x4, 0xe4, 0xc4, 0xc1, 0xe0, 0xe1, 0xe0, 0xf1,
    0x8, 0xa6, 0xa4, 0xc1, 0xe0, 0xe1, 0xe0, 0xf1,
    0xc, 0x68, 0x84, 0xc1, 0xe0, 0xe0, 0x0, 0xf1,
    0x1f, 0x2c, 0x44, 0xc1, 0xed, 0xc0, 0x0, 0xf1,
    0x5e, 0x3f, 0x11, 0x31, 0xe2, 0x1, 0x35, 0xf0,
    0x59, 0x17, 0x0, 0x1, 0xe0, 0x5, 0xff, 0x90,
    0x0, 0x0, 0x0, 0x0, 0x0, 0x0, 0x0, 0x0,

    /* U+6DBF "涿" */
    0xa, 0x50, 0x2, 0x22, 0x22, 0x22, 0x22, 0x20,
    0x5, 0xf8, 0x2f, 0xff, 0xff, 0xff, 0xff, 0xf3,
    0x0, 0x4e, 0x20, 0x0, 0x8e, 0x20, 0x0, 0x0,
    0x0, 0x0, 0x0, 0xa, 0xf5, 0x0, 0x0, 0x10,
    0x58, 0x0, 0x3, 0xdb, 0x8d, 0x0, 0x1b, 0xd0,
    0x4e, 0xb1, 0xaf, 0x70, 0x5f, 0x76, 0xfb, 0x10,
    0x2, 0xd5, 0x52, 0x35, 0xfa, 0xfc, 0xf1, 0x0,
    0x0, 0x0, 0x2, 0xef, 0x42, 0xf1, 0xc4, 0x0,
    0x0, 0x10, 0x9, 0xf9, 0x8, 0xf5, 0x98, 0x0,
    0x0, 0xb8, 0xdc, 0x5c, 0x7e, 0xd7, 0x4d, 0x0,
    0x0, 0xf4, 0x20, 0x8, 0xe3, 0x98, 0xf, 0x40,
    0x5, 0xf0, 0x1, 0xbe, 0x20, 0x99, 0x8, 0xc0,
    0xa, 0xa0, 0x6e, 0xb1, 0x0, 0xa8, 0x1, 0xe9,
    0xf, 0x50, 0x67, 0x3, 0x34, 0xf5, 0x0, 0x21,
    0x3f, 0x10, 0x0, 0xc, 0xff, 0x90, 0x0, 0x0,
    0x1, 0x0, 0x0, 0x0, 0x0, 0x0, 0x0, 0x0,

    /* U+6DC5 "淅" */
    0x0, 0x0, 0x0, 0x60, 0x0, 0x0, 0x0, 0x0,
    0xd, 0x40, 0x0, 0xf0, 0x0, 0x1, 0x36, 0x90,
    0x5, 0xf6, 0x0, 0xf0, 0x5, 0xff, 0xfd, 0xb2,
    0x0, 0x59, 0x12, 0xf2, 0x15, 0xc0, 0x0, 0x0,
    0x0, 0x1, 0xff, 0xff, 0xe5, 0xc0, 0x0, 0x0,
    0x69, 0x0, 0x4, 0xf0, 0x5, 0xc0, 0x0, 0x0,
    0x3e, 0xc1, 0x9, 0xf1, 0x5, 0xff, 0xff, 0xf9,
    0x1, 0xb2, 0xe, 0xfd, 0x45, 0xc2, 0x3f, 0x21,
    0x0, 0x0, 0x5a, 0xf5, 0xe6, 0xc0, 0x1f, 0x0,
    0x1, 0x30, 0xd4, 0xf0, 0x36, 0xb0, 0x1f, 0x0,
    0x5, 0xe5, 0xd0, 0xf0, 0x7, 0xa0, 0x1f, 0x0,
    0x9, 0xab, 0x50, 0xf0, 0xa, 0x80, 0x1f, 0x0,
    0xd, 0x71, 0x0, 0xf0, 0xe, 0x50, 0x1f, 0x0,
    0x1f, 0x30, 0x0, 0xf0, 0x6e, 0x0, 0x1f, 0x0,
    0x4f, 0x0, 0x0, 0xf1, 0xe7, 0x0, 0x1f, 0x0,
    0x39, 0x0, 0x0, 0xe1, 0x90, 0x0, 0x1f, 0x0,

    /* U+6DC7 "淇" */
    0x0, 0x0, 0x0, 0x51, 0x0, 0x0, 0x34, 0x0,
    0xc, 0x80, 0x0, 0xe5, 0x0, 0x0, 0x8b, 0x0,
    0x4, 0xfa, 0x12, 0xe6, 0x22, 0x22, 0x9b, 0x20,
    0x0, 0x4d, 0x6f, 0xff, 0xff, 0xff, 0xff, 0xf6,
    0x0, 0x0, 0x0, 0xe5, 0x0, 0x0, 0x8b, 0x0,
    0x46, 0x0, 0x0, 0xe6, 0x11, 0x11, 0x9b, 0x0,
    0x5f, 0xa0, 0x0, 0xef, 0xff, 0xff, 0xfb, 0x0,
    0x4, 0xf7, 0x0, 0xe5, 0x0, 0x0, 0x8b, 0x0,
    0x0, 0x20, 0x0, 0xe8, 0x44, 0x44, 0xab, 0x0,
    0x0, 0x20, 0x0, 0xed, 0xcc, 0xcc, 0xeb, 0x0,
    0x0, 0xc9, 0x0, 0xe5, 0x0, 0x0, 0x8b, 0x0,
    0x1, 0xf5, 0xee, 0xff, 0xee, 0xee, 0xff, 0xeb,
    0x6, 0xf0, 0x22, 0x24, 0x42, 0x24, 0x42, 0x22,
    0xc, 0xa0, 0x0, 0x5f, 0x90, 0x7, 0xf8, 0x0,
    0x2f, 0x50, 0x2b, 0xf6, 0x0, 0x0, 0x5e, 0xd4,
    0x18, 0x0, 0x7a, 0x10, 0x0, 0x0, 0x1, 0xa4,
    0x0, 0x0, 0x0, 0x0, 0x0, 0x0, 0x0, 0x0,

    /* U+6DD9 "淙" */
    0x0, 0x0, 0x0, 0x0, 0x1, 0x10, 0x0, 0x0,
    0x9, 0x70, 0x0, 0x0, 0xb, 0xa0, 0x0, 0x0,
    0x4, 0xfa, 0x1, 0x22, 0x24, 0xf3, 0x22, 0x20,
    0x0, 0x3d, 0x3d, 0xff, 0xff, 0xff, 0xff, 0xf6,
    0x0, 0x0, 0xd, 0x60, 0x0, 0x0, 0x0, 0xd6,
    0x4a, 0x0, 0x7, 0x30, 0x0, 0x0, 0x0, 0x73,
    0x2d, 0xd2, 0x0, 0xdf, 0xff, 0xff, 0xff, 0x60,
    0x1, 0xcb, 0x0, 0x12, 0x22, 0x22, 0x22, 0x0,
    0x0, 0x1, 0x0, 0x0, 0x0, 0x0, 0x0, 0x0,
    0x0, 0x20, 0x1f, 0xff, 0xff, 0xff, 0xff, 0xfa,
    0x0, 0xac, 0x1, 0x12, 0x16, 0xd1, 0x21, 0x10,
    0x0, 0xe8, 0x0, 0x6e, 0x5, 0xd1, 0xe4, 0x0,
    0x3, 0xf3, 0x1, 0xf6, 0x5, 0xd0, 0x6e, 0x20,
    0x8, 0xe0, 0xd, 0xb0, 0x5, 0xd0, 0xa, 0xd1,
    0xe, 0x90, 0x9c, 0x3, 0x29, 0xc0, 0x0, 0xd7,
    0x1c, 0x50, 0x11, 0xe, 0xfe, 0x50, 0x0, 0x10,
    0x0, 0x0, 0x0, 0x0, 0x0, 0x0, 0x0, 0x0,

    /* U+6DDD "淝" */
    0x6, 0x10, 0x34, 0x44, 0x2, 0x22, 0x22, 0x20,
    0xa, 0xe2, 0xed, 0xcf, 0xf, 0xdf, 0xed, 0xe0,
    0x0, 0xa8, 0xe2, 0x1f, 0xf, 0xd, 0x32, 0xe0,
    0x0, 0x0, 0xe2, 0x1f, 0xf, 0xd, 0x32, 0xe0,
    0x33, 0x0, 0xe6, 0x4f, 0xf, 0xd, 0x32, 0xe0,
    0x7f, 0x50, 0xec, 0xcf, 0xf, 0xd, 0x32, 0xe0,
    0x6, 0xe1, 0xe2, 0x1f, 0xf, 0x3d, 0x54, 0xe0,
    0x0, 0x0, 0xe2, 0x1f, 0xf, 0xdd, 0xdd, 0xe0,
    0x0, 0x10, 0xe6, 0x4f, 0xf, 0x0, 0x1, 0x70,
    0x3, 0xf0, 0xfc, 0xcf, 0xf, 0x0, 0x0, 0x0,
    0x7, 0xc0, 0xf0, 0x1f, 0xf, 0x0, 0x0, 0x23,
    0xb, 0x82, 0xe0, 0x1f, 0xf, 0x0, 0x0, 0x6c,
    0xf, 0x37, 0xb0, 0x1f, 0xf, 0x0, 0x0, 0x7a,
    0x4f, 0xc, 0x61, 0x5f, 0xe, 0x60, 0x1, 0xc7,
    0x6a, 0x4e, 0xb, 0xf8, 0x6, 0xef, 0xff, 0xc1,
    0x0, 0x1, 0x0, 0x0, 0x0, 0x0, 0x0, 0x0,

    /* U+6DDE "淞" */
    0x0, 0x0, 0x0, 0x32, 0x0, 0x0, 0x2, 0x0,
    0x0, 0x47, 0x0, 0xa, 0x70, 0x1, 0x60, 0xf2,
    0x0, 0x2, 0xe8, 0x0, 0xa7, 0x0, 0x4c, 0xb,
    0x50, 0x0, 0x2, 0xe3, 0xa, 0x70, 0x9, 0x80,
    0x7a, 0x0, 0x0, 0x1, 0xcf, 0xff, 0xf3, 0xe3,
    0x2, 0xf1, 0x0, 0x93, 0x1, 0x1e, 0x81, 0x5e,
    0x0, 0xc, 0x80, 0x7, 0xf5, 0x2, 0xf7, 0xd,
    0x70, 0x10, 0x4f, 0x20, 0x5, 0xd0, 0x8f, 0xc9,
    0xd0, 0x2f, 0x0, 0xa7, 0x0, 0x0, 0xe, 0xb9,
    0xf2, 0x6, 0xb0, 0x0, 0x0, 0x2, 0x6, 0xaa,
    0x76, 0x20, 0xc6, 0x0, 0x0, 0x0, 0xa8, 0xe4,
    0xa7, 0x0, 0x1f, 0x15, 0x60, 0x0, 0xd, 0x9c,
    0xa, 0x70, 0x7, 0xa0, 0x4e, 0x0, 0x1, 0xf1,
    0x20, 0xa7, 0x0, 0xd4, 0x0, 0xe4, 0x0, 0x4e,
    0x0, 0xa, 0x70, 0x5d, 0x2, 0x3b, 0xa0, 0x8,
    0xa0, 0x0, 0xa7, 0xd, 0xff, 0xfe, 0xcf, 0x0,
    0x76, 0x0, 0xa, 0x70, 0x43, 0x10, 0x0, 0x91,

    /* U+6DE0 "淠" */
    0x0, 0x10, 0x0, 0x0, 0x0, 0x0, 0x0, 0x0,
    0x7, 0xd2, 0x9, 0xee, 0xee, 0xee, 0xee, 0xd0,
    0x0, 0xaf, 0x4b, 0x83, 0x38, 0xc3, 0x35, 0xf0,
    0x0, 0x9, 0x3b, 0x70, 0x6, 0xb0, 0x2, 0xf0,
    0x0, 0x0, 0xb, 0xec, 0xcd, 0xec, 0xcd, 0xf0,
    0x4d, 0x20, 0xb, 0x94, 0x49, 0xc4, 0x46, 0xf0,
    0xb, 0xf4, 0xb, 0x70, 0x6, 0xb0, 0x2, 0xf0,
    0x0, 0xbb, 0xb, 0x83, 0x38, 0xc3, 0x35, 0xf0,
    0x0, 0x1, 0xb, 0xed, 0xdd, 0xdd, 0xdd, 0xf0,
    0x0, 0x26, 0x1, 0x10, 0x0, 0x0, 0x0, 0x20,
    0x0, 0x7e, 0x4e, 0xee, 0xee, 0xee, 0xee, 0xed,
    0x0, 0xc9, 0x3, 0x3e, 0x63, 0x33, 0xe6, 0x32,
    0x1, 0xf4, 0x0, 0x1f, 0x20, 0x0, 0xd4, 0x0,
    0x6, 0xf0, 0x0, 0x9c, 0x0, 0x0, 0xd4, 0x0,
    0xb, 0xb0, 0x1b, 0xf3, 0x0, 0x0, 0xd4, 0x0,
    0x9, 0x60, 0x8d, 0x30, 0x0, 0x0, 0xd4, 0x0,
    0x0, 0x0, 0x0, 0x0, 0x0, 0x0, 0x0, 0x0,

    /* U+6DE6 "淦" */
    0x0, 0x0, 0x0, 0x0, 0x3, 0x20, 0x0, 0x0,
    0x8, 0x50, 0x0, 0x0, 0x4f, 0xa0, 0x0, 0x0,
    0x7, 0xf9, 0x0, 0x1, 0xda, 0xf6, 0x0, 0x0,
    0x0, 0x3e, 0x30, 0xb, 0xc0, 0x4f, 0x50, 0x0,
    0x0, 0x0, 0x1, 0xcd, 0x10, 0x5, 0xf7, 0x0,
    0x68, 0x0, 0x5e, 0xc1, 0x0, 0x0, 0x4f, 0xc3,
    0x3e, 0xc2, 0xe8, 0x9f, 0xff, 0xff, 0xf3, 0xc6,
    0x2, 0xd5, 0x0, 0x1, 0x1f, 0x41, 0x10, 0x0,
    0x0, 0x0, 0x0, 0x0, 0xf, 0x40, 0x0, 0x0,
    0x0, 0x41, 0x5f, 0xff, 0xff, 0xff, 0xff, 0xc0,
    0x0, 0xd8, 0x4, 0x22, 0x2f, 0x52, 0x24, 0x10,
    0x1, 0xf4, 0xd, 0x70, 0xf, 0x40, 0x4f, 0x10,
    0x6, 0xf0, 0x3, 0xf3, 0xf, 0x41, 0xe6, 0x0,
    0xb, 0xa0, 0x0, 0x62, 0xf, 0x41, 0x70, 0x0,
    0x1f, 0x60, 0xef, 0xff, 0xff, 0xff, 0xff, 0xf9,
    0x19, 0x10, 0x22, 0x22, 0x22, 0x22, 0x22, 0x21,

    /* U+6E0C "渌" */
    0x9, 0x20, 0x2, 0x33, 0x33, 0x33, 0x33, 0x0,
    0x9, 0xf5, 0xb, 0xdd, 0xdd, 0xdd, 0xdf, 0x20,
    0x0, 0x6d, 0x0, 0x0, 0x0, 0x0, 0x1f, 0x10,
    0x0, 0x0, 0x5, 0xff, 0xff, 0xff, 0xff, 0x0,
    0x77, 0x0, 0x0, 0x11, 0x11, 0x11, 0x4f, 0x0,
    0x5f, 0xa0, 0x22, 0x22, 0x22, 0x22, 0x6e, 0x21,
    0x3, 0xe5, 0xde, 0xee, 0xef, 0xfe, 0xee, 0xe7,
    0x0, 0x10, 0x2, 0x0, 0xb, 0x80, 0x1, 0x10,
    0x0, 0x20, 0xb, 0xc1, 0xb, 0xf2, 0x1d, 0xa0,
    0x0, 0xe6, 0x0, 0xca, 0xb, 0xcc, 0xeb, 0x0,
    0x3, 0xf2, 0x0, 0x4, 0xcf, 0x6c, 0xd0, 0x0,
    0x8, 0xd0, 0x4, 0xbf, 0x9c, 0x61, 0xe9, 0x0,
    0xd, 0x81, 0xcf, 0x91, 0xb, 0x60, 0x3f, 0xb2,
    0x2f, 0x40, 0x72, 0x23, 0x3e, 0x50, 0x2, 0xd6,
    0x5e, 0x0, 0x0, 0x8f, 0xfc, 0x10, 0x0, 0x0,
    0x0, 0x0, 0x0, 0x0, 0x0, 0x0, 0x0, 0x0,

    /* U+6E0E "渎" */
    0x0, 0x0, 0x0, 0x0, 0x4, 0x30, 0x0, 0x0,
    0xb, 0x30, 0x0, 0x0, 0xa, 0x90, 0x0, 0x0,
    0x8, 0xf5, 0x4, 0x44, 0x4b, 0xa4, 0x44, 0x41,
    0x0, 0x7e, 0x3d, 0xdd, 0xdf, 0xed, 0xdd, 0xd3,
    0x0, 0x1, 0x0, 0x0, 0xa, 0x90, 0x0, 0x0,
    0x8b, 0x10, 0x9f, 0xff, 0xff, 0xff, 0xff, 0xf7,
    0x1d, 0xd1, 0x12, 0x84, 0x22, 0x44, 0x22, 0xb7,
    0x1, 0xd7, 0x0, 0x9f, 0x80, 0x99, 0x0, 0xc5,
    0x0, 0x0, 0x9, 0x23, 0xb1, 0x99, 0x0, 0x41,
    0x0, 0x30, 0x7, 0xe9, 0x0, 0xa8, 0x0, 0x0,
    0x1, 0xf4, 0x22, 0x38, 0x22, 0xc8, 0x22, 0x21,
    0x5, 0xf1, 0xef, 0xff, 0xff, 0xff, 0xff, 0xfb,
    0x8, 0xd0, 0x0, 0x0, 0xa, 0xf5, 0x0, 0x0,
    0xc, 0x90, 0x0, 0x3, 0xce, 0x6e, 0xc3, 0x0,
    0x1f, 0x50, 0x5, 0xbf, 0xb1, 0x1, 0xaf, 0x80,
    0x4f, 0x10, 0xef, 0xb4, 0x0, 0x0, 0x5, 0xe7,
    0x0, 0x0, 0x21, 0x0, 0x0, 0x0, 0x0, 0x10,

    /* U+6E11 "渑" */
    0x0, 0x0, 0x0, 0x0, 0x0, 0x0, 0x0, 0x0,
    0x0, 0xd9, 0x0, 0x4c, 0xcc, 0xcc, 0xcc, 0xb0,
    0x0, 0x3, 0xed, 0x25, 0xd3, 0x33, 0x33, 0x6e,
    0x0, 0x0, 0x1, 0xb1, 0x5c, 0x0, 0x0, 0x3,
    0xe0, 0x0, 0x0, 0x0, 0x5, 0xfe, 0xee, 0xee,
    0xfe, 0x0, 0x7, 0xd3, 0x0, 0x26, 0x0, 0xe4,
    0x2, 0x70, 0x0, 0xa, 0xf4, 0x2, 0x22, 0x2e,
    0x52, 0x22, 0x10, 0x0, 0x9, 0x61, 0xfd, 0xdd,
    0xfd, 0xdd, 0xe9, 0x0, 0x0, 0x0, 0x1f, 0x10,
    0xe, 0x40, 0x9, 0x90, 0x0, 0x7, 0x41, 0xfe,
    0xee, 0xff, 0xee, 0xf9, 0x0, 0x0, 0xe8, 0x1f,
    0x10, 0xe, 0x40, 0x9, 0x90, 0x0, 0x2f, 0x31,
    0xf1, 0x0, 0xe4, 0x0, 0x99, 0x0, 0x6, 0xf0,
    0x1f, 0xee, 0xef, 0xfe, 0xee, 0xa2, 0x0, 0xba,
    0x1, 0xd1, 0x0, 0xe4, 0x0, 0x4, 0xf0, 0x1f,
    0x60, 0x0, 0x0, 0xe, 0x81, 0x11, 0xac, 0x3,
    0xf1, 0x0, 0x0, 0x0, 0x7f, 0xff, 0xfe, 0x40,
    0x0, 0x0, 0x0, 0x0, 0x0, 0x0, 0x0, 0x0,
    0x0,

    /* U+6E16 "渖" */
    0x0, 0x0, 0x0, 0x0, 0x0, 0x0, 0x0, 0x0,
    0x91, 0x0, 0x0, 0x5, 0xc0, 0x0, 0x0, 0xb,
    0xd1, 0x33, 0x33, 0x4f, 0x63, 0x33, 0x30, 0x9,
    0x5e, 0xee, 0xee, 0xee, 0xee, 0xef, 0x0, 0x0,
    0xe4, 0x0, 0x1f, 0x20, 0x3, 0xf9, 0x60, 0xa,
    0x41, 0x12, 0xf3, 0x11, 0x3b, 0x6f, 0x80, 0x2f,
    0xff, 0xff, 0xff, 0xff, 0x30, 0x5f, 0x22, 0xf0,
    0x1, 0xf2, 0x0, 0xf3, 0x0, 0x10, 0x2f, 0x11,
    0x2f, 0x31, 0x1f, 0x30, 0x0, 0x2, 0xff, 0xff,
    0xff, 0xff, 0xf3, 0x0, 0xe3, 0x2f, 0x0, 0x1f,
    0x20, 0xf, 0x30, 0x5f, 0x12, 0xf2, 0x12, 0xf3,
    0x11, 0xf3, 0xa, 0xb0, 0x2f, 0xff, 0xff, 0xff,
    0xff, 0x30, 0xf6, 0x1, 0xa0, 0x1, 0xf2, 0x0,
    0xa2, 0x6f, 0x10, 0x0, 0x0, 0x1f, 0x20, 0x0,
    0x4, 0x90, 0x0, 0x0, 0x1, 0xf2, 0x0, 0x0,

    /* U+6E1A "渚" */
    0x0, 0x0, 0x0, 0x0, 0x21, 0x0, 0x0, 0x0,
    0x8, 0x10, 0x0, 0x0, 0xd6, 0x0, 0x1, 0x10,
    0xa, 0xe3, 0x1, 0x11, 0xd7, 0x11, 0xb, 0xc0,
    0x0, 0x9d, 0xe, 0xff, 0xff, 0xff, 0x9e, 0x20,
    0x0, 0x1, 0x0, 0x0, 0xd6, 0x6, 0xf4, 0x0,
    0x89, 0x0, 0x11, 0x11, 0xd7, 0x6f, 0x61, 0x10,
    0x3e, 0xc1, 0xef, 0xff, 0xff, 0xff, 0xff, 0xf8,
    0x2, 0xc1, 0x0, 0x1, 0xbe, 0x20, 0x0, 0x0,
    0x0, 0x0, 0x0, 0x5e, 0xe5, 0x33, 0x33, 0x0,
    0x0, 0x20, 0x3c, 0xfd, 0xdd, 0xdd, 0xdf, 0x10,
    0x3, 0xf6, 0xfa, 0xf2, 0x0, 0x0, 0x1f, 0x10,
    0x6, 0xd0, 0x0, 0xfc, 0xcc, 0xcc, 0xcf, 0x10,
    0xa, 0x90, 0x0, 0xf5, 0x44, 0x44, 0x4f, 0x10,
    0xe, 0x50, 0x0, 0xf2, 0x0, 0x0, 0x1f, 0x10,
    0x3f, 0x10, 0x0, 0xfe, 0xee, 0xee, 0xef, 0x10,
    0x3a, 0x0, 0x0, 0xf4, 0x22, 0x22, 0x3f, 0x10,

    /* U+6E25 "渥" */
    0x8, 0x20, 0x3, 0x33, 0x33, 0x33, 0x33, 0x30,
    0x9, 0xf4, 0x3f, 0xcc, 0xcc, 0xcc, 0xcc, 0xf0,
    0x0, 0x8c, 0x3e, 0x0, 0x0, 0x0, 0x1, 0xf0,
    0x0, 0x0, 0x3f, 0xaa, 0xaa, 0xaa, 0xaa, 0xf0,
    0x47, 0x0, 0x3f, 0x55, 0x55, 0x55, 0x56, 0xb0,
    0x3e, 0xd3, 0x3e, 0x9e, 0xee, 0xee, 0xee, 0xe3,
    0x1, 0x92, 0x3e, 0x0, 0x5e, 0x30, 0x61, 0x0,
    0x0, 0x0, 0x3e, 0x5, 0xe3, 0x0, 0xac, 0x0,
    0x0, 0x62, 0x4d, 0x1f, 0xed, 0xee, 0xef, 0xc0,
    0x0, 0xe4, 0x5c, 0x6, 0x42, 0x51, 0x1, 0xb0,
    0x2, 0xf1, 0x8a, 0x0, 0x0, 0xe3, 0x0, 0x0,
    0x6, 0xd0, 0xb7, 0x5e, 0xee, 0xff, 0xee, 0xb0,
    0xa, 0x91, 0xf2, 0x0, 0x0, 0xe3, 0x0, 0x0,
    0xe, 0x58, 0xd1, 0x33, 0x33, 0xf6, 0x33, 0x32,
    0x2f, 0x2d, 0x54, 0xbb, 0xbb, 0xbb, 0xbb, 0xb8,
    0x1, 0x1, 0x0, 0x0, 0x0, 0x0, 0x0, 0x0,

    /* U+6E2B "渫" */
    0x0, 0x0, 0x0, 0x0, 0x11, 0x0, 0x10, 0x0,
    0x19, 0x0, 0x8, 0x50, 0x89, 0x0, 0xd4, 0x0,
    0x1d, 0xd2, 0x1b, 0x81, 0x9a, 0x11, 0xd5, 0x10,
    0x0, 0xbb, 0xef, 0xff, 0xff, 0xff, 0xff, 0xf4,
    0x0, 0x0, 0xb, 0x70, 0x89, 0x0, 0xd4, 0x0,
    0x99, 0x0, 0xb, 0x70, 0x8e, 0xbb, 0xf4, 0x0,
    0x2e, 0xc1, 0xb, 0x70, 0x79, 0x44, 0xc3, 0x0,
    0x2, 0xd4, 0xb, 0x81, 0x11, 0x11, 0x11, 0x10,
    0x0, 0x0, 0xa, 0xff, 0xff, 0xff, 0xff, 0xd0,
    0x0, 0x66, 0x0, 0x0, 0xe, 0x40, 0x0, 0x0,
    0x0, 0xd8, 0xcd, 0xdd, 0xdf, 0xed, 0xdd, 0xd7,
    0x3, 0xf2, 0x22, 0x29, 0xce, 0xbd, 0x32, 0x21,
    0x9, 0xb0, 0x0, 0x8e, 0x1e, 0x4a, 0xb0, 0x0,
    0x1f, 0x50, 0x2b, 0xd2, 0xe, 0x40, 0xbd, 0x40,
    0x8e, 0x5, 0xfb, 0x10, 0xe, 0x40, 0x8, 0xf6,
    0x46, 0x0, 0x40, 0x0, 0xe, 0x40, 0x0, 0x20,

    /* U+6E32 "渲" */
    0x0, 0x0, 0x0, 0x0, 0x0, 0x0, 0x0, 0x0,
    0x6, 0x30, 0x0, 0x0, 0xe, 0x40, 0x0, 0x0,
    0x9, 0xf7, 0x13, 0x33, 0x3a, 0xc3, 0x33, 0x30,
    0x0, 0x6d, 0x6f, 0xdd, 0xdd, 0xdd, 0xdd, 0xf3,
    0x0, 0x0, 0x4d, 0x0, 0x0, 0x0, 0x0, 0xf3,
    0x5c, 0x20, 0x6, 0xff, 0xff, 0xff, 0xff, 0x40,
    0x1b, 0xf6, 0x0, 0x0, 0x0, 0x0, 0x0, 0x0,
    0x0, 0x77, 0x6, 0xee, 0xee, 0xee, 0xee, 0x50,
    0x0, 0x0, 0x7, 0xa0, 0x0, 0x0, 0xc, 0x60,
    0x0, 0x10, 0x7, 0xb3, 0x33, 0x33, 0x3c, 0x60,
    0x0, 0xba, 0x7, 0xec, 0xcc, 0xcc, 0xcf, 0x60,
    0x0, 0xf6, 0x7, 0xa0, 0x0, 0x0, 0xc, 0x60,
    0x4, 0xf1, 0x7, 0xfe, 0xee, 0xee, 0xef, 0x60,
    0xa, 0xb0, 0x2, 0x40, 0x0, 0x0, 0x4, 0x20,
    0xf, 0x60, 0xcc, 0xcc, 0xcc, 0xcc, 0xcc, 0xca,
    0x1a, 0x20, 0x44, 0x44, 0x44, 0x44, 0x44, 0x43,

    /* U+6E44 "湄" */
    0x7, 0x30, 0x3, 0x33, 0x33, 0x33, 0x33, 0x30,
    0x7, 0xf6, 0x3f, 0xcc, 0xcf, 0xdc, 0xcc, 0xf2,
    0x0, 0x69, 0x3e, 0x0, 0xd, 0x40, 0x0, 0xf2,
    0x0, 0x0, 0x3e, 0x0, 0xd, 0x40, 0x0, 0xf2,
    0x27, 0x0, 0x3f, 0xff, 0xff, 0xff, 0xff, 0xf2,
    0x3e, 0xb1, 0x3e, 0x0, 0x0, 0x0, 0x0, 0x71,
    0x2, 0xd6, 0x3e, 0xe, 0xee, 0xee, 0xee, 0xd0,
    0x0, 0x0, 0x4d, 0xf, 0x0, 0x0, 0x3, 0xe0,
    0x0, 0x61, 0x5d, 0xf, 0xcc, 0xcc, 0xcd, 0xe0,
    0x1, 0xf4, 0x7b, 0xf, 0x33, 0x33, 0x35, 0xe0,
    0x4, 0xf1, 0x98, 0xf, 0x0, 0x0, 0x3, 0xe0,
    0x7, 0xd0, 0xe5, 0xf, 0xee, 0xee, 0xee, 0xe0,
    0xc, 0x93, 0xf1, 0xf, 0x0, 0x0, 0x2, 0xe0,
    0xf, 0x6b, 0xb0, 0xf, 0xee, 0xee, 0xee, 0xe0,
    0x2b, 0x2a, 0x30, 0xf, 0x0, 0x0, 0x3, 0xe0,
    0x0, 0x0, 0x0, 0x0, 0x0, 0x0, 0x0, 0x0,

    /* U+6E4E "湎" */
    0x7, 0x0, 0x11, 0x11, 0x11, 0x11, 0x11, 0x11,
    0x2e, 0xd2, 0xef, 0xff, 0xff, 0xff, 0xff, 0xfa,
    0x1, 0xce, 0x0, 0x0, 0x9b, 0x0, 0x0, 0x0,
    0x0, 0x3, 0x12, 0x22, 0xd8, 0x22, 0x22, 0x20,
    0x55, 0x0, 0x6f, 0xde, 0xfd, 0xdf, 0xee, 0xf0,
    0x7f, 0xb1, 0x6c, 0x8, 0xa0, 0xf, 0x22, 0xf0,
    0x3, 0xe9, 0x6c, 0x8, 0xa0, 0x1f, 0x22, 0xf0,
    0x0, 0x10, 0x6c, 0x8, 0xff, 0xff, 0x22, 0xf0,
    0x0, 0x30, 0x6c, 0x8, 0xa0, 0xf, 0x22, 0xf0,
    0x0, 0xe6, 0x6c, 0x8, 0xa0, 0x1f, 0x22, 0xf0,
    0x2, 0xf2, 0x6c, 0x8, 0xff, 0xff, 0x22, 0xf0,
    0x7, 0xd0, 0x6c, 0x8, 0xa0, 0xf, 0x22, 0xf0,
    0xd, 0x80, 0x6c, 0x8, 0xa0, 0xf, 0x23, 0xf0,
    0x2f, 0x30, 0x6f, 0xff, 0xff, 0xff, 0xff, 0xf0,
    0x18, 0x0, 0x6c, 0x0, 0x0, 0x0, 0x2, 0xf0,

    /* U+6E53 "湓" */
    0x1, 0x0, 0x0, 0x0, 0x10, 0x23, 0x0, 0x0,
    0xc, 0xa0, 0x0, 0x9, 0xa0, 0x4e, 0x20, 0x0,
    0x1, 0xdc, 0x10, 0x8e, 0x10, 0x8, 0xe3, 0x0,
    0x0, 0x1a, 0x1a, 0xd1, 0x0, 0x0, 0x7f, 0x80,
    0x0, 0x1, 0xec, 0xed, 0xdd, 0xdd, 0xdb, 0xdc,
    0x5e, 0x30, 0x40, 0x37, 0xe3, 0x33, 0xb8, 0x2,
    0xa, 0xf5, 0x0, 0xb, 0x90, 0x0, 0xa8, 0x0,
    0x0, 0x87, 0x0, 0x9f, 0x11, 0x11, 0xd6, 0x0,
    0x0, 0x0, 0x9f, 0xd3, 0x9, 0xff, 0xd1, 0x0,
    0x0, 0x52, 0x65, 0x0, 0x0, 0x11, 0x0, 0x0,
    0x0, 0xe7, 0x6f, 0xff, 0xff, 0xff, 0xff, 0xe0,
    0x2, 0xf3, 0x6a, 0x27, 0xb2, 0x6d, 0x24, 0xf0,
    0x6, 0xf0, 0x69, 0x6, 0xb0, 0x4c, 0x2, 0xf0,
    0xa, 0xb0, 0x69, 0x6, 0xb0, 0x4c, 0x2, 0xf0,
    0xf, 0x60, 0x7a, 0x17, 0xb1, 0x5d, 0x13, 0xf1,
    0x4f, 0x27, 0xff, 0xff, 0xff, 0xff, 0xff, 0xfe,
    0x3, 0x0, 0x0, 0x0, 0x0, 0x0, 0x0, 0x0,

    /* U+6E54 "湔" */
    0x0, 0x0, 0x0, 0x2, 0x0, 0x0, 0x11, 0x0,
    0xb, 0x60, 0x0, 0x6e, 0x20, 0x0, 0xcb, 0x0,
    0x5, 0xf9, 0x0, 0xa, 0xa0, 0x7, 0xe1, 0x0,
    0x0, 0x4e, 0x7f, 0xff, 0xff, 0xff, 0xff, 0xfd,
    0x0, 0x0, 0x2, 0x22, 0x22, 0x22, 0x22, 0x21,
    0x3b, 0x10, 0x7, 0x88, 0x88, 0x0, 0x0, 0xd3,
    0x1c, 0xe4, 0xf, 0xba, 0xaf, 0x7, 0xa0, 0xe3,
    0x0, 0xa9, 0xf, 0x20, 0x1f, 0x7, 0xa0, 0xe3,
    0x0, 0x0, 0xf, 0xa9, 0x9f, 0x7, 0xa0, 0xe3,
    0x0, 0x33, 0xf, 0x97, 0x8f, 0x7, 0xa0, 0xe3,
    0x0, 0xba, 0xf, 0x20, 0x1f, 0x7, 0xa0, 0xe3,
    0x0, 0xe6, 0xf, 0xdd, 0xdf, 0x7, 0xa0, 0xe3,
    0x2, 0xf2, 0xf, 0x53, 0x4f, 0x7, 0xa0, 0xe3,
    0x7, 0xe0, 0xf, 0x20, 0x1f, 0x0, 0x0, 0xe3,
    0xc, 0xa0, 0xf, 0x55, 0x7f, 0x6, 0x68, 0xf1,
    0x7, 0x50, 0xf, 0x7c, 0xc7, 0x9, 0xcc, 0x60,

    /* U+6E5F "湟" */
    0x0, 0x0, 0x0, 0x0, 0x22, 0x0, 0x0, 0x0,
    0xb, 0x60, 0x0, 0x0, 0xb9, 0x0, 0x0, 0x0,
    0x5, 0xf9, 0xf, 0xff, 0xff, 0xff, 0xff, 0x70,
    0x0, 0x5e, 0x1f, 0x30, 0x0, 0x0, 0xa, 0x70,
    0x0, 0x0, 0xf, 0x53, 0x33, 0x33, 0x3b, 0x70,
    0x48, 0x0, 0xf, 0xcc, 0xcc, 0xcc, 0xce, 0x70,
    0x4e, 0xc2, 0xf, 0x20, 0x0, 0x0, 0xa, 0x70,
    0x1, 0xc6, 0xf, 0xff, 0xff, 0xff, 0xff, 0x70,
    0x0, 0x0, 0x7, 0x10, 0x0, 0x0, 0x5, 0x30,
    0x0, 0x83, 0x6d, 0xdd, 0xdd, 0xdd, 0xdd, 0xd0,
    0x0, 0xf5, 0x12, 0x22, 0x2d, 0x62, 0x22, 0x20,
    0x4, 0xf1, 0x0, 0x0, 0xd, 0x50, 0x0, 0x0,
    0x7, 0xd0, 0xf, 0xff, 0xff, 0xff, 0xff, 0x90,
    0xb, 0xa0, 0x0, 0x0, 0xd, 0x50, 0x0, 0x0,
    0xf, 0x60, 0x0, 0x0, 0xd, 0x50, 0x0, 0x0,
    0x3f, 0x21, 0xff, 0xff, 0xff, 0xff, 0xff, 0xfb,
    0x3, 0x0, 0x0, 0x0, 0x0, 0x0, 0x0, 0x0,

    /* U+6E6B "湫" */
    0x6, 0x0, 0x0, 0x2, 0x30, 0x4, 0x90, 0x0,
    0xc, 0xc1, 0xdf, 0xfe, 0xa0, 0x5, 0xb0, 0x0,
    0x0, 0xbb, 0x21, 0xf0, 0x0, 0x5, 0xb0, 0x0,
    0x0, 0x1, 0x0, 0xf0, 0xe, 0x6, 0xb0, 0x84,
    0x33, 0x0, 0x44, 0xf4, 0x3d, 0x36, 0xb0, 0xd2,
    0x6f, 0x71, 0xcd, 0xfc, 0xb9, 0x77, 0xd1, 0xe0,
    0x4, 0xe3, 0x8, 0xf0, 0x6, 0xa9, 0xf6, 0xa0,
    0x0, 0x10, 0xc, 0xf8, 0x12, 0x5a, 0xf5, 0x30,
    0x0, 0x0, 0x49, 0xf9, 0xc0, 0xd, 0xb5, 0x0,
    0x4, 0xe0, 0xc3, 0xf1, 0xc3, 0x1e, 0x69, 0x0,
    0x8, 0xb5, 0xd0, 0xf0, 0x0, 0x6a, 0x2e, 0x0,
    0xc, 0x8b, 0x50, 0xf0, 0x0, 0xe4, 0xd, 0x50,
    0xf, 0x41, 0x0, 0xf0, 0x8, 0xd0, 0x6, 0xd0,
    0x3f, 0x10, 0x0, 0xf0, 0x4f, 0x40, 0x0, 0xe8,
    0x4b, 0x0, 0x0, 0xf0, 0x68, 0x0, 0x0, 0x56,
    0x0, 0x0, 0x0, 0x0, 0x0, 0x0, 0x0, 0x0,

    /* U+6E6E "湮" */
    0x1, 0x0, 0x0, 0x0, 0x0, 0x0, 0x0, 0x0,
    0xe, 0x70, 0x8c, 0xcc, 0xcc, 0xcc, 0xcc, 0xc4,
    0x3, 0xf9, 0x23, 0x35, 0xe3, 0x4e, 0x33, 0x31,
    0x0, 0x37, 0x0, 0x2, 0xd0, 0x1e, 0x0, 0x0,
    0x0, 0x0, 0x3e, 0xee, 0xfe, 0xef, 0xee, 0xe0,
    0x7b, 0x10, 0x3c, 0x3, 0xd0, 0x2e, 0x1, 0xf0,
    0x2d, 0xd2, 0x3c, 0x2, 0xd0, 0x1e, 0x0, 0xf0,
    0x1, 0xc4, 0x3c, 0x3, 0xd0, 0x2e, 0x1, 0xf0,
    0x0, 0x0, 0x3f, 0xee, 0xee, 0xee, 0xee, 0xf0,
    0x0, 0x40, 0x13, 0x0, 0xa, 0x70, 0x0, 0x40,
    0x0, 0xf4, 0x0, 0x0, 0xb, 0x70, 0x0, 0x0,
    0x3, 0xf0, 0x2f, 0xff, 0xff, 0xff, 0xff, 0xd0,
    0x7, 0xc0, 0x0, 0x0, 0xb, 0x70, 0x0, 0x0,
    0xb, 0x80, 0x0, 0x0, 0xb, 0x70, 0x0, 0x0,
    0xf, 0x50, 0xdd, 0xdd, 0xdf, 0xed, 0xdd, 0xd9,
    0x2c, 0x10, 0x22, 0x22, 0x22, 0x22, 0x22, 0x22,

    /* U+6E86 "溆" */
    0x1b, 0x20, 0x0, 0xba, 0x0, 0x0, 0x0, 0x0,
    0x8, 0xf6, 0x6, 0xcc, 0x72, 0xee, 0xee, 0xe0,
    0x0, 0x75, 0x1e, 0x31, 0xe5, 0xa7, 0x24, 0xf0,
    0x0, 0x0, 0xc9, 0x0, 0x6e, 0x97, 0x3, 0xe0,
    0x78, 0xa, 0xe2, 0x22, 0x24, 0x88, 0x4, 0xc0,
    0x3e, 0xa6, 0xcf, 0xff, 0xf7, 0x6a, 0x6, 0xa0,
    0x2, 0xe2, 0x0, 0xb6, 0x0, 0x4c, 0x9, 0x80,
    0x0, 0x1, 0x33, 0xc8, 0x33, 0x2f, 0xc, 0x40,
    0x0, 0x17, 0xee, 0xfe, 0xee, 0x1e, 0x4f, 0x0,
    0x2, 0xf1, 0x20, 0xb6, 0x20, 0xa, 0xdb, 0x0,
    0x6, 0xd0, 0xd4, 0xb6, 0xd4, 0x4, 0xf5, 0x0,
    0xa, 0x94, 0xe0, 0xb6, 0x6d, 0x8, 0xf9, 0x0,
    0xe, 0x6c, 0x70, 0xb6, 0xa, 0x5f, 0x7f, 0x60,
    0x3f, 0x28, 0x33, 0xd5, 0x3, 0xf7, 0x6, 0xf6,
    0x4c, 0x0, 0x8f, 0xd1, 0x7, 0x90, 0x0, 0x74,
    0x0, 0x0, 0x0, 0x0, 0x0, 0x0, 0x0, 0x0,

    /* U+6E8F "溏" */
    0x0, 0x0, 0x0, 0x0, 0x3, 0x30, 0x0, 0x0,
    0xd, 0x80, 0x0, 0x0, 0x8, 0xc0, 0x0, 0x0,
    0x4, 0xfa, 0x2f, 0xff, 0xff, 0xff, 0xff, 0xf6,
    0x0, 0x28, 0x2f, 0x10, 0x2, 0xb0, 0x0, 0x0,
    0x0, 0x0, 0x2f, 0x3b, 0xbc, 0xfb, 0xbb, 0xa0,
    0x7a, 0x0, 0x2f, 0x13, 0x35, 0xf3, 0x36, 0xe0,
    0x2d, 0xc1, 0x2f, 0x22, 0x23, 0xf2, 0x24, 0xe1,
    0x1, 0xd7, 0x2f, 0xdd, 0xdd, 0xfd, 0xde, 0xf8,
    0x0, 0x10, 0x2f, 0x0, 0x2, 0xf0, 0x3, 0xe0,
    0x0, 0x60, 0x3f, 0x3e, 0xee, 0xfe, 0xee, 0xd0,
    0x2, 0xf1, 0x5e, 0x0, 0x1, 0xa0, 0x0, 0x0,
    0x6, 0xd0, 0x8c, 0x3e, 0xee, 0xee, 0xee, 0xd0,
    0xa, 0xa0, 0xe8, 0x4d, 0x0, 0x0, 0x3, 0xe0,
    0xe, 0x65, 0xf3, 0x4d, 0x0, 0x0, 0x3, 0xe0,
    0x2f, 0x3e, 0xc0, 0x4f, 0xee, 0xee, 0xef, 0xe0,
    0x4d, 0xa, 0x20, 0x4d, 0x0, 0x0, 0x3, 0xe0,
    0x0, 0x0, 0x0, 0x0, 0x0, 0x0, 0x0, 0x0,

    /* U+6E98 "溘" */
    0x0, 0x0, 0x0, 0x0, 0x2, 0x20, 0x0, 0x0,
    0xa, 0x90, 0x0, 0x0, 0x9, 0x80, 0x0, 0x0,
    0x3, 0xeb, 0x19, 0xff, 0xff, 0xff, 0xff, 0x90,
    0x0, 0x2d, 0x30, 0x11, 0x1a, 0x91, 0x11, 0x0,
    0x0, 0x0, 0x0, 0x0, 0x9, 0x80, 0x0, 0x0,
    0x27, 0x0, 0x9f, 0xff, 0xff, 0xff, 0xff, 0xfb,
    0x4e, 0xa0, 0x0, 0x9, 0xd1, 0x8, 0x40, 0x0,
    0x2, 0xd9, 0x1, 0xba, 0x0, 0x4, 0xf7, 0x0,
    0x0, 0x10, 0xe, 0xff, 0xff, 0xfe, 0xef, 0x90,
    0x0, 0x23, 0x2, 0x11, 0x0, 0x0, 0x2, 0x90,
    0x0, 0x7d, 0xd, 0xff, 0xff, 0xff, 0xff, 0xa0,
    0x0, 0xb9, 0xe, 0x41, 0xf1, 0x4d, 0x17, 0xa0,
    0x0, 0xe5, 0xe, 0x30, 0xf0, 0x3c, 0x7, 0xa0,
    0x3, 0xf1, 0xe, 0x30, 0xf0, 0x3c, 0x7, 0xa0,
    0x8, 0xd0, 0x1e, 0x41, 0xf1, 0x4c, 0x17, 0xb0,
    0xd, 0x82, 0xff, 0xff, 0xff, 0xff, 0xff, 0xfe,
    0x2, 0x20, 0x0, 0x0, 0x0, 0x0, 0x0, 0x0,

    /* U+6E9F "溟" */
    0x5, 0x0, 0x11, 0x11, 0x11, 0x11, 0x11, 0x10,
    0x3e, 0xb1, 0xbf, 0xff, 0xff, 0xff, 0xff, 0xf3,
    0x0, 0x9b, 0xb6, 0x0, 0x0, 0x0, 0x0, 0xf3,
    0x0, 0x0, 0x1c, 0xff, 0xff, 0xff, 0xff, 0x60,
    0xaa, 0x0, 0xb, 0x70, 0x0, 0x0, 0xe, 0x40,
    0x2d, 0xd2, 0xb, 0xdb, 0xbb, 0xbb, 0xbf, 0x40,
    0x1, 0xc2, 0xb, 0x93, 0x33, 0x33, 0x3e, 0x40,
    0x0, 0x0, 0xb, 0x70, 0x0, 0x0, 0xe, 0x40,
    0x0, 0x30, 0xb, 0xff, 0xff, 0xff, 0xff, 0x40,
    0x0, 0xf5, 0x4, 0x30, 0x1d, 0x50, 0x6, 0x10,
    0x4, 0xf1, 0xbc, 0xcc, 0xce, 0xdc, 0xcc, 0xc6,
    0x9, 0xc0, 0x34, 0x49, 0x64, 0x49, 0x54, 0x42,
    0xe, 0x70, 0x1, 0xaf, 0x50, 0xa, 0xf7, 0x0,
    0x3f, 0x30, 0x7e, 0xc2, 0x0, 0x0, 0x5e, 0xc2,
    0x3a, 0x0, 0xb6, 0x0, 0x0, 0x0, 0x1, 0x92,

    /* U+6EA5 "溥" */
    0x0, 0x0, 0x0, 0x0, 0x0, 0x0, 0x0, 0x0,
    0x8, 0x10, 0x0, 0x0, 0xd, 0x54, 0xc5, 0x0,
    0xb, 0xe3, 0x34, 0x44, 0x4d, 0x74, 0x8a, 0x42,
    0x0, 0xa6, 0x9c, 0xcc, 0xcf, 0xdc, 0xcc, 0xc6,
    0x0, 0x0, 0x3, 0x33, 0x3d, 0x73, 0x33, 0x10,
    0x34, 0x0, 0x1f, 0xcc, 0xcf, 0xdc, 0xce, 0x90,
    0x6f, 0x80, 0x1f, 0x33, 0x3d, 0x73, 0x39, 0x90,
    0x5, 0xf6, 0x1f, 0xcc, 0xcf, 0xdc, 0xce, 0x90,
    0x0, 0x20, 0x1f, 0x33, 0x3d, 0x73, 0x39, 0x90,
    0x0, 0x10, 0x1f, 0xcc, 0xcf, 0xdc, 0xce, 0x90,
    0x1, 0xf3, 0xb, 0x0, 0x7, 0x20, 0x74, 0x40,
    0x5, 0xf1, 0xdd, 0xdd, 0xdd, 0xdd, 0xfe, 0xda,
    0x9, 0xc0, 0x22, 0xb3, 0x22, 0x22, 0xf4, 0x21,
    0xd, 0x80, 0x0, 0xbd, 0x20, 0x0, 0xf2, 0x0,
    0x1f, 0x40, 0x0, 0x9, 0x22, 0x14, 0xf1, 0x0,
    0x4f, 0x10, 0x0, 0x0, 0xf, 0xff, 0xa0, 0x0,
    0x0, 0x0, 0x0, 0x0, 0x0, 0x0, 0x0, 0x0,

    /* U+6EA7 "溧" */
    0x1, 0x0, 0x0, 0x0, 0x0, 0x0, 0x0, 0x0,
    0x2f, 0x60, 0x8b, 0xbb, 0xbb, 0xbb, 0xbb, 0xb1,
    0x5, 0xf9, 0x34, 0x49, 0xb4, 0x8b, 0x44, 0x40,
    0x0, 0x45, 0x0, 0x7, 0x90, 0x6a, 0x0, 0x0,
    0x0, 0x0, 0x7e, 0xef, 0xfe, 0xff, 0xee, 0xa0,
    0xa9, 0x0, 0x89, 0x7, 0x90, 0x6a, 0x5, 0xb0,
    0x3e, 0xc1, 0x88, 0x7, 0x90, 0x6a, 0x5, 0xb0,
    0x1, 0xa0, 0x8f, 0xef, 0xfe, 0xff, 0xef, 0xb0,
    0x0, 0x0, 0x56, 0x0, 0x7, 0x30, 0x3, 0x70,
    0x0, 0x30, 0x0, 0x0, 0xd, 0x40, 0x0, 0x0,
    0x1, 0xf2, 0xef, 0xff, 0xff, 0xff, 0xff, 0xf5,
    0x6, 0xd0, 0x0, 0x2, 0xdf, 0xe6, 0x0, 0x0,
    0xa, 0x80, 0x0, 0x3d, 0x4d, 0x5d, 0x80, 0x0,
    0xf, 0x40, 0x8, 0xe4, 0xd, 0x41, 0xcd, 0x40,
    0x5f, 0x3, 0xeb, 0x10, 0xd, 0x40, 0x8, 0xf6,
    0x59, 0x0, 0x50, 0x0, 0xd, 0x40, 0x0, 0x20,

    /* U+6EB1 "溱" */
    0x0, 0x0, 0x0, 0x0, 0x7, 0x10, 0x0, 0x0,
    0xd, 0x70, 0x0, 0x0, 0x1f, 0x10, 0x0, 0x0,
    0x4, 0xf9, 0x6e, 0xee, 0xef, 0xee, 0xee, 0xe0,
    0x0, 0x5c, 0x11, 0x11, 0x6c, 0x11, 0x11, 0x10,
    0x0, 0x0, 0x3, 0x33, 0x9b, 0x33, 0x33, 0x10,
    0x56, 0x0, 0xb, 0xcc, 0xfd, 0xcc, 0xcc, 0x60,
    0x4f, 0xa1, 0x1, 0x14, 0xf1, 0x11, 0x11, 0x10,
    0x2, 0xb1, 0xef, 0xff, 0xff, 0xff, 0xff, 0xf8,
    0x0, 0x0, 0x0, 0x9c, 0x0, 0xb, 0xb0, 0x0,
    0x0, 0x51, 0x1b, 0xcb, 0xde, 0xee, 0xbd, 0x50,
    0x0, 0xe8, 0xea, 0x1, 0x1e, 0x30, 0x6, 0xe8,
    0x2, 0xf1, 0x3c, 0xdd, 0xdf, 0xdd, 0xdd, 0x30,
    0x7, 0xc0, 0x2, 0x37, 0xff, 0x63, 0x33, 0x0,
    0xc, 0x80, 0x2, 0xae, 0x4e, 0xde, 0x94, 0x0,
    0x2f, 0x30, 0xaf, 0xb1, 0xe, 0x33, 0x8e, 0xd0,
    0x3a, 0x0, 0x53, 0x0, 0xe, 0x30, 0x0, 0x20,

    /* U+6EB2 "溲" */
    0x0, 0x0, 0x0, 0x0, 0x2, 0x10, 0x0, 0x0,
    0xb, 0x40, 0x0, 0x27, 0x2c, 0x60, 0x0, 0x0,
    0x8, 0xf6, 0x1e, 0xfb, 0x5c, 0x7f, 0xff, 0xb0,
    0x0, 0x7f, 0x3f, 0x0, 0xc, 0x60, 0x7, 0xb0,
    0x0, 0x1, 0x1f, 0x22, 0x1c, 0x61, 0x28, 0xb0,
    0x46, 0x0, 0x1f, 0xee, 0x7c, 0x6b, 0xee, 0xb0,
    0x3d, 0xc3, 0x1f, 0x0, 0xc, 0x60, 0x7, 0xb0,
    0x0, 0x92, 0x1f, 0xcc, 0xcf, 0xdc, 0xcd, 0xb0,
    0x0, 0x0, 0x1e, 0x43, 0x3d, 0x83, 0x38, 0xa0,
    0x0, 0x31, 0x0, 0x0, 0xc, 0x60, 0x0, 0x0,
    0x0, 0xe7, 0x2f, 0xff, 0xff, 0xff, 0xff, 0x10,
    0x2, 0xf3, 0x0, 0x9c, 0x0, 0x1, 0xda, 0x0,
    0x6, 0xf0, 0x0, 0xc, 0xb1, 0x3d, 0xb0, 0x0,
    0xa, 0xb0, 0x0, 0x0, 0xce, 0xf8, 0x0, 0x0,
    0xf, 0x70, 0x14, 0x8d, 0xfa, 0xdf, 0xb8, 0x52,
    0x2d, 0x37, 0xfe, 0xb6, 0x0, 0x3, 0x8b, 0xe5,
    0x0, 0x0, 0x10, 0x0, 0x0, 0x0, 0x0, 0x0,

    /* U+6EB4 "溴" */
    0x0, 0x0, 0x0, 0x0, 0x35, 0x0, 0x0, 0x0,
    0x2e, 0x50, 0x0, 0x0, 0x99, 0x0, 0x0, 0x0,
    0x6, 0xf8, 0xf, 0xff, 0xff, 0xff, 0xff, 0x40,
    0x0, 0x49, 0xf, 0x20, 0x0, 0x0, 0xe, 0x40,
    0x0, 0x0, 0xf, 0xed, 0xdd, 0xdd, 0xdf, 0x40,
    0xba, 0x0, 0xf, 0x31, 0x11, 0x11, 0x1e, 0x40,
    0x2d, 0xd2, 0xf, 0xdd, 0xdd, 0xdd, 0xdf, 0x40,
    0x0, 0x90, 0xf, 0x31, 0x11, 0x11, 0x1e, 0x40,
    0x0, 0x0, 0xf, 0xcc, 0xcc, 0xcc, 0xcf, 0x40,
    0x0, 0x81, 0xa, 0x43, 0x4b, 0x34, 0xb4, 0x0,
    0x2, 0xf3, 0x0, 0x0, 0x3f, 0x0, 0x7a, 0x0,
    0x6, 0xf0, 0xde, 0xee, 0xef, 0xee, 0xee, 0xe1,
    0xa, 0xb0, 0x11, 0x11, 0xea, 0xd2, 0x11, 0x10,
    0xe, 0x70, 0x0, 0x2c, 0xb0, 0x8d, 0x30, 0x0,
    0x3f, 0x31, 0x5b, 0xf9, 0x0, 0x7, 0xfc, 0x71,
    0x3a, 0x4, 0xe9, 0x20, 0x0, 0x0, 0x18, 0xb0,
    0x0, 0x0, 0x0, 0x0, 0x0, 0x0, 0x0, 0x0,

    /* U+6EB7 "溷" */
    0x0, 0x91, 0x3, 0x44, 0x44, 0x44, 0x44, 0x43,
    0x0, 0xbd, 0x1d, 0xdd, 0xdd, 0xdd, 0xdd, 0xdd,
    0x0, 0xc, 0xbd, 0x50, 0x0, 0x0, 0x0, 0x5d,
    0x0, 0x1, 0x1d, 0x5c, 0xff, 0xff, 0xff, 0x6d,
    0x9, 0x50, 0xd, 0x50, 0x1b, 0xa1, 0x0, 0x5d,
    0x6, 0xf6, 0xd, 0x55, 0xdc, 0x80, 0x6b, 0x5d,
    0x0, 0x7e, 0x1d, 0x6b, 0x28, 0xfb, 0xc2, 0x5d,
    0x0, 0x1, 0xd, 0x51, 0xba, 0x7e, 0x30, 0x5d,
    0x0, 0x2, 0xd, 0x5e, 0x74, 0xef, 0xe5, 0x5d,
    0x0, 0x4f, 0x1d, 0x50, 0x6e, 0x3d, 0x5e, 0x8d,
    0x0, 0x8d, 0xd, 0x6c, 0xc2, 0xe, 0x25, 0x8d,
    0x0, 0xc9, 0xd, 0x56, 0x1f, 0xfd, 0x0, 0x5d,
    0x1, 0xf4, 0xd, 0x50, 0x2, 0x20, 0x0, 0x5d,
    0x5, 0xf1, 0xd, 0xff, 0xff, 0xff, 0xff, 0xfd,
    0x4, 0xa0, 0xd, 0x51, 0x11, 0x11, 0x11, 0x5d,

    /* U+6EBB "溻" */
    0x1, 0x0, 0x0, 0x0, 0x0, 0x0, 0x0, 0x0,
    0xd6, 0x0, 0xcd, 0xdd, 0xdd, 0xdd, 0xd0, 0x3,
    0xe7, 0xe, 0x42, 0x22, 0x22, 0x3f, 0x0, 0x4,
    0xc0, 0xec, 0xbb, 0xbb, 0xbb, 0xf0, 0x0, 0x0,
    0xe, 0x64, 0x44, 0x44, 0x5f, 0x7, 0x90, 0x0,
    0xe4, 0x22, 0x22, 0x23, 0xf0, 0x2e, 0xa0, 0xe,
    0xed, 0xdd, 0xdd, 0xdf, 0x0, 0x2d, 0x30, 0x21,
    0x11, 0x1, 0x11, 0x30, 0x0, 0x0, 0xbf, 0xff,
    0xf3, 0xff, 0xff, 0xa0, 0x8, 0x3, 0x40, 0xf,
    0x25, 0x10, 0x7a, 0x3, 0xe0, 0x4e, 0x40, 0xf2,
    0x7d, 0x17, 0xa0, 0x7b, 0x0, 0x55, 0x3f, 0x20,
    0x84, 0xba, 0xa, 0x60, 0x6, 0xce, 0xf2, 0x5c,
    0xfd, 0xa0, 0xf2, 0x5f, 0xc5, 0xf, 0x2d, 0x71,
    0x7a, 0x4e, 0x2, 0x32, 0x13, 0xf1, 0x12, 0x2a,
    0x95, 0x90, 0x0, 0xbf, 0xfb, 0x3, 0xff, 0xe4,
    0x0, 0x0, 0x0, 0x0, 0x0, 0x0, 0x0, 0x0,

    /* U+6EBD "溽" */
    0x1, 0x0, 0x0, 0x0, 0x0, 0x0, 0x0, 0x0,
    0xd, 0x80, 0x3c, 0xcc, 0xcc, 0xcc, 0xcc, 0xc0,
    0x4, 0xf8, 0x4f, 0x44, 0x44, 0x44, 0x44, 0x40,
    0x0, 0x6d, 0x4e, 0x1, 0x11, 0x11, 0x11, 0x0,
    0x0, 0x0, 0x4e, 0x6e, 0xee, 0xee, 0xee, 0x80,
    0x7b, 0x10, 0x4e, 0x0, 0x0, 0x0, 0x0, 0x0,
    0x2d, 0xd2, 0x4f, 0xef, 0xff, 0xfe, 0xee, 0xf9,
    0x0, 0x91, 0x4e, 0xe, 0x34, 0xd3, 0x7, 0xe0,
    0x0, 0x0, 0x5d, 0xe, 0x30, 0x6f, 0xec, 0x20,
    0x0, 0x90, 0x6c, 0x1f, 0xcf, 0x81, 0x9f, 0xd6,
    0x4, 0xf0, 0x9a, 0xa, 0x51, 0x0, 0x3a, 0x52,
    0x8, 0xc0, 0xc7, 0xbb, 0xbb, 0xbb, 0xdf, 0xb6,
    0xc, 0x71, 0xf4, 0x5e, 0x54, 0x44, 0x8e, 0x42,
    0x1f, 0x36, 0xe0, 0xa, 0xd1, 0x0, 0x5d, 0x0,
    0x6f, 0x1e, 0x80, 0x0, 0x73, 0x22, 0xac, 0x0,
    0x7a, 0x2c, 0x0, 0x0, 0xd, 0xff, 0xd3, 0x0,
    0x0, 0x0, 0x0, 0x0, 0x0, 0x0, 0x0, 0x0,

    /* U+6EC2 "滂" */
    0x0, 0x0, 0x0, 0x0, 0x0, 0x0, 0x0, 0x0,
    0x9, 0x10, 0x0, 0x0, 0x4d, 0x0, 0x0, 0x0,
    0xb, 0xe3, 0x14, 0x44, 0x4e, 0x74, 0x44, 0x30,
    0x0, 0xab, 0x5c, 0xcc, 0xcc, 0xcc, 0xcc, 0xb0,
    0x0, 0x0, 0x0, 0x4c, 0x0, 0x9, 0xb0, 0x0,
    0x46, 0x0, 0x23, 0x4e, 0x73, 0x4f, 0x73, 0x30,
    0x4e, 0xb1, 0xbe, 0xcc, 0xcd, 0xcc, 0xcc, 0xf2,
    0x1, 0xa4, 0x75, 0x0, 0x1e, 0x30, 0x0, 0xb1,
    0x0, 0x0, 0xcc, 0xcc, 0xcd, 0xcc, 0xcc, 0xc7,
    0x0, 0x51, 0x44, 0x8e, 0x44, 0x44, 0x44, 0x42,
    0x0, 0xf6, 0x0, 0x6d, 0x11, 0x11, 0x11, 0x0,
    0x3, 0xf1, 0x0, 0x9f, 0xff, 0xff, 0xff, 0x0,
    0x7, 0xd0, 0x0, 0xf5, 0x0, 0x0, 0x2f, 0x0,
    0xc, 0x80, 0xa, 0xe0, 0x0, 0x0, 0x4e, 0x0,
    0x1f, 0x40, 0x9f, 0x30, 0x3, 0x21, 0xab, 0x0,
    0x5f, 0xa, 0xe4, 0x0, 0xf, 0xff, 0xd3, 0x0,
    0x0, 0x1, 0x10, 0x0, 0x0, 0x0, 0x0, 0x0,

    /* U+6ECF "滏" */
    0x7, 0x20, 0x0, 0x7, 0x90, 0x2b, 0x40, 0x0,
    0xb, 0xe4, 0x3, 0xcd, 0x30, 0x7, 0xfb, 0x20,
    0x0, 0x9d, 0x4f, 0x88, 0x50, 0x8, 0x5a, 0xd0,
    0x0, 0x0, 0x2, 0x3, 0xe9, 0xcc, 0x10, 0x0,
    0x45, 0x0, 0x0, 0x5, 0xcf, 0xfa, 0x52, 0x0,
    0x6f, 0x91, 0x8c, 0xfc, 0x60, 0x28, 0xdf, 0xf9,
    0x4, 0xf6, 0x98, 0x75, 0x55, 0x55, 0x55, 0x43,
    0x0, 0x20, 0x3, 0xcc, 0xcf, 0xdc, 0xca, 0x0,
    0x0, 0x20, 0x0, 0x0, 0xc, 0x60, 0x0, 0x0,
    0x0, 0xe7, 0x4f, 0xff, 0xff, 0xff, 0xff, 0xf0,
    0x2, 0xf2, 0x3, 0x50, 0xc, 0x60, 0x7, 0x10,
    0x7, 0xe0, 0x2, 0xe4, 0xc, 0x60, 0x9d, 0x10,
    0xc, 0x90, 0x0, 0x55, 0xc, 0x61, 0xa1, 0x0,
    0x2f, 0x40, 0xef, 0xff, 0xff, 0xff, 0xff, 0xf9,
    0x2a, 0x0, 0x22, 0x22, 0x22, 0x22, 0x22, 0x21,

    /* U+6ED7 "滗" */
    0x0, 0x0, 0x2, 0x40, 0x0, 0x15, 0x0, 0x0,
    0x4d, 0x20, 0xb, 0x70, 0x0, 0x7b, 0x0, 0x0,
    0x9, 0xf4, 0x1f, 0xfe, 0xe9, 0xcf, 0xee, 0xe3,
    0x0, 0x97, 0xaa, 0x85, 0x26, 0xe2, 0xb2, 0x20,
    0x0, 0x4, 0xf2, 0x7d, 0xd, 0x60, 0xa9, 0x0,
    0xb9, 0x2, 0x50, 0x4, 0x4, 0x23, 0x67, 0x0,
    0x3e, 0xc1, 0x8d, 0xef, 0xff, 0xed, 0xcb, 0x10,
    0x2, 0xd2, 0x24, 0x32, 0xe4, 0x0, 0x0, 0x0,
    0x0, 0x0, 0x0, 0x12, 0xe8, 0x67, 0x89, 0x0,
    0x0, 0x20, 0xbf, 0xfe, 0xfd, 0xba, 0x98, 0x0,
    0x4, 0xf0, 0x11, 0x0, 0xe4, 0x0, 0x0, 0x10,
    0x8, 0xd2, 0x56, 0x79, 0xfc, 0xce, 0xff, 0xf4,
    0xb, 0x96, 0xcb, 0xa9, 0xf9, 0x54, 0x33, 0x40,
    0xf, 0x60, 0x0, 0x0, 0xe4, 0x0, 0x3, 0xf0,
    0x3f, 0x20, 0x0, 0x0, 0xba, 0x11, 0x1a, 0xc0,
    0x7e, 0x0, 0x0, 0x0, 0x3d, 0xff, 0xfd, 0x30,
    0x2, 0x0, 0x0, 0x0, 0x0, 0x0, 0x0, 0x0,

    /* U+6EDF "滟" */
    0x0, 0x0, 0x4, 0x10, 0x0, 0x41, 0x0, 0x0,
    0xc, 0x50, 0xc, 0x50, 0x1, 0xf2, 0x0, 0x0,
    0x5, 0xf5, 0xc, 0x50, 0x8, 0xfd, 0xdd, 0x70,
    0x0, 0x37, 0xff, 0xfe, 0x1e, 0x44, 0x6f, 0x50,
    0x0, 0x1, 0x2c, 0x62, 0xb7, 0x0, 0xca, 0x0,
    0x66, 0x0, 0xc, 0x54, 0xf9, 0x8b, 0xf9, 0x80,
    0x4f, 0x90, 0x2c, 0x63, 0xbd, 0xaf, 0xaa, 0xf0,
    0x3, 0xb5, 0xff, 0xfc, 0x78, 0xe, 0x11, 0xf0,
    0x0, 0x0, 0xc, 0x50, 0x78, 0xe, 0x11, 0xf0,
    0x0, 0x60, 0xc, 0x50, 0x7c, 0x8f, 0x99, 0xf0,
    0x4, 0xf9, 0xff, 0xff, 0x9b, 0x66, 0x67, 0xf0,
    0x7, 0xc1, 0x2d, 0x62, 0x78, 0x0, 0x0, 0x32,
    0xa, 0x80, 0xc, 0x50, 0x78, 0x0, 0x0, 0x7b,
    0xe, 0x40, 0xc, 0x50, 0x78, 0x0, 0x0, 0x99,
    0x2f, 0x10, 0xc, 0x50, 0x6b, 0x11, 0x12, 0xe6,
    0x5c, 0x0, 0xc, 0x50, 0x1d, 0xff, 0xff, 0xb0,

    /* U+6EE0 "滠" */
    0x0, 0x0, 0x0, 0x0, 0x0, 0x0, 0x0, 0x0,
    0x1, 0xe5, 0x9, 0xcc, 0xcc, 0xcc, 0xcc, 0xcc,
    0x50, 0x8, 0xf5, 0x15, 0xe2, 0x22, 0x22, 0x6d,
    0x21, 0x0, 0x9, 0xb0, 0x3e, 0x33, 0x33, 0x36,
    0xd0, 0x0, 0x0, 0x0, 0x3, 0xfb, 0xbb, 0xbb,
    0xcd, 0x0, 0x4, 0x40, 0x0, 0x3e, 0x22, 0x22,
    0x25, 0xd0, 0x0, 0x5f, 0x70, 0x3, 0xfc, 0xcc,
    0xcc, 0xdd, 0x0, 0x0, 0x3d, 0x20, 0x3e, 0x0,
    0x0, 0x15, 0xd4, 0x40, 0x0, 0x0, 0xde, 0xfd,
    0xde, 0xdd, 0xdf, 0xa7, 0x0, 0x6, 0x1, 0x0,
    0x0, 0x0, 0x1, 0x40, 0x0, 0x1, 0xf4, 0xde,
    0xee, 0xf7, 0xfe, 0xee, 0xf4, 0x0, 0x4f, 0x4,
    0x20, 0x5c, 0xe, 0x30, 0x2f, 0x10, 0x8, 0xc0,
    0x7e, 0x6d, 0x40, 0x8c, 0xb, 0x80, 0x0, 0xc8,
    0x0, 0x4f, 0xe1, 0x0, 0xdd, 0xd0, 0x0, 0x1f,
    0x40, 0x5e, 0x9a, 0xc0, 0x6e, 0xfd, 0x61, 0x3,
    0xe1, 0xcd, 0x40, 0x3, 0xfd, 0x50, 0x6d, 0xd0,
    0x0, 0x1, 0x0, 0x0, 0x2, 0x0, 0x0, 0x1,
    0x0,

    /* U+6EE2 "滢" */
    0x1, 0x0, 0x0, 0x4, 0x20, 0x3, 0x30, 0x0,
    0xc, 0x90, 0x0, 0xa, 0x70, 0x8, 0x90, 0x0,
    0x2, 0xea, 0x9c, 0xce, 0xdc, 0xce, 0xec, 0xc8,
    0x0, 0x23, 0x34, 0x4c, 0x94, 0x4a, 0xb4, 0x42,
    0x0, 0x0, 0x0, 0x6, 0x40, 0x5, 0x50, 0x0,
    0x5e, 0x30, 0x8d, 0xdd, 0xdd, 0xdd, 0xdd, 0xd7,
    0xa, 0xf4, 0xaa, 0x33, 0x33, 0x33, 0x33, 0xb9,
    0x0, 0x91, 0xa8, 0x11, 0x11, 0x11, 0x11, 0xa9,
    0x0, 0x0, 0x22, 0xff, 0xff, 0xff, 0xfe, 0x21,
    0x0, 0x32, 0x0, 0x0, 0xa, 0x80, 0x0, 0x0,
    0x0, 0xab, 0x0, 0x11, 0x1a, 0x91, 0x11, 0x0,
    0x0, 0xe7, 0xc, 0xff, 0xff, 0xff, 0xff, 0xa0,
    0x1, 0xf3, 0x0, 0x0, 0xa, 0x80, 0x82, 0x0,
    0x6, 0xf0, 0x0, 0x0, 0xa, 0x80, 0x9c, 0x0,
    0xa, 0xc0, 0x0, 0x0, 0xa, 0x80, 0x1a, 0x10,
    0xe, 0x81, 0xff, 0xff, 0xff, 0xff, 0xff, 0xfc,
    0x2, 0x20, 0x0, 0x0, 0x0, 0x0, 0x0, 0x0,

    /* U+6EF9 "滹" */
    0x1a, 0x10, 0x0, 0x0, 0xc2, 0x0, 0x0, 0x0,
    0xb, 0xd1, 0x0, 0x0, 0xee, 0xee, 0xee, 0x80,
    0x1, 0xd4, 0x12, 0x22, 0xe4, 0x22, 0x22, 0x20,
    0x0, 0x0, 0xee, 0xdd, 0xdd, 0xdd, 0xdd, 0xf2,
    0x85, 0x0, 0xe3, 0x0, 0xe4, 0x34, 0x40, 0xe1,
    0x5f, 0x60, 0xeb, 0xed, 0xfc, 0xa9, 0x88, 0x60,
    0x5, 0xb0, 0xe3, 0x0, 0xbc, 0xaa, 0xae, 0x20,
    0x0, 0x0, 0xf3, 0x0, 0x3, 0x44, 0x54, 0x20,
    0x1, 0x90, 0xf3, 0xef, 0xff, 0xff, 0xed, 0x70,
    0x5, 0xd0, 0xf1, 0x28, 0x3, 0xf0, 0x27, 0x0,
    0xa, 0x92, 0xf0, 0xc, 0x53, 0xf0, 0xc7, 0x0,
    0xe, 0x45, 0xda, 0xef, 0xef, 0xfe, 0xfe, 0xe5,
    0x3f, 0xa, 0x90, 0x0, 0x4, 0xf0, 0x0, 0x0,
    0x8b, 0x1f, 0x50, 0x2, 0x17, 0xd0, 0x0, 0x0,
    0x55, 0x2c, 0x0, 0x1f, 0xfe, 0x60, 0x0, 0x0,
    0x0, 0x0, 0x0, 0x0, 0x0, 0x0, 0x0, 0x0,

    /* U+6F09 "漉" */
    0x0, 0x0, 0x0, 0x0, 0x5, 0x20, 0x0, 0x0,
    0x0, 0x99, 0x0, 0x0, 0x0, 0xbb, 0x0, 0x0,
    0x0, 0x2, 0xdc, 0x4d, 0xdd, 0xde, 0xfd, 0xdd,
    0xdb, 0x0, 0x1, 0xb5, 0xe3, 0x3f, 0x33, 0xf4,
    0x33, 0x20, 0x0, 0x0, 0x3e, 0x1, 0xf0, 0xf,
    0x10, 0x0, 0x4, 0xc1, 0x3, 0xff, 0xff, 0xff,
    0xff, 0xff, 0x20, 0xa, 0xe3, 0x3e, 0x1, 0xf0,
    0xf, 0x10, 0xe2, 0x0, 0x8, 0x23, 0xe0, 0x1f,
    0x0, 0xf1, 0xe, 0x20, 0x0, 0x0, 0x3f, 0xff,
    0xff, 0xff, 0xff, 0xf2, 0x0, 0x5, 0x14, 0xd1,
    0x20, 0x1, 0x20, 0x9, 0x10, 0x0, 0xf5, 0x6c,
    0x5b, 0x0, 0x2e, 0x5, 0xa3, 0x0, 0x2f, 0x18,
    0xa5, 0xff, 0xf5, 0xff, 0xd8, 0x20, 0x6, 0xe0,
    0xb7, 0x5b, 0x0, 0x2f, 0x20, 0x19, 0x0, 0x9a,
    0x1f, 0x35, 0xb0, 0x34, 0xe0, 0x3, 0xe0, 0xe,
    0x77, 0xe0, 0x6d, 0xbf, 0x4f, 0x20, 0x8b, 0x1,
    0xf3, 0xb6, 0x8, 0xe8, 0x10, 0x9f, 0xfe, 0x40,
    0x1, 0x0, 0x0, 0x0, 0x0, 0x0, 0x0, 0x0,
    0x0,

    /* U+6F15 "漕" */
    0x0, 0x0, 0x0, 0x1, 0x20, 0x12, 0x0, 0x0,
    0x2c, 0x20, 0x0, 0x5, 0xc0, 0x5c, 0x0, 0x0,
    0x9, 0xf4, 0xef, 0xff, 0xff, 0xff, 0xff, 0xf6,
    0x0, 0x83, 0x0, 0x5, 0xc0, 0x5c, 0x0, 0x0,
    0x0, 0x0, 0x5d, 0xde, 0xfd, 0xef, 0xdd, 0xb0,
    0xa8, 0x0, 0x6b, 0x5, 0xc0, 0x5c, 0x4, 0xd0,
    0x3e, 0xc1, 0x6f, 0xde, 0xfd, 0xdf, 0xdd, 0xd0,
    0x1, 0x90, 0x6b, 0x5, 0xc0, 0x5c, 0x4, 0xd0,
    0x0, 0x0, 0x6e, 0xac, 0xea, 0xce, 0xac, 0xd0,
    0x0, 0x52, 0x36, 0x33, 0x33, 0x33, 0x34, 0x60,
    0x0, 0xf5, 0xa, 0xdd, 0xdd, 0xdd, 0xdd, 0x30,
    0x4, 0xf0, 0xd, 0x61, 0x11, 0x11, 0x1e, 0x40,
    0x8, 0xc0, 0xd, 0xdc, 0xcc, 0xcc, 0xcf, 0x40,
    0xd, 0x70, 0xd, 0x62, 0x22, 0x22, 0x2e, 0x40,
    0x2f, 0x30, 0xd, 0xcb, 0xbb, 0xbb, 0xbf, 0x40,
    0x3b, 0x0, 0xd, 0x74, 0x44, 0x44, 0x4e, 0x40,

    /* U+6F24 "漤" */
    0x8, 0x10, 0x0, 0x87, 0x0, 0x4, 0xa0, 0x0,
    0xb, 0xd1, 0x12, 0x98, 0x20, 0x26, 0xb2, 0x20,
    0x0, 0xb7, 0x9e, 0xfe, 0xe2, 0xef, 0xfe, 0xe2,
    0x0, 0x0, 0x6, 0xfa, 0x40, 0x2e, 0xf8, 0x0,
    0x5a, 0x0, 0x3c, 0x9a, 0xd2, 0xd7, 0xba, 0x70,
    0x2d, 0xc4, 0xe2, 0x97, 0x1e, 0x55, 0xb0, 0xc7,
    0x1, 0xb2, 0x30, 0x87, 0x23, 0x5, 0xa0, 0x12,
    0x0, 0x0, 0x0, 0x4, 0xf2, 0x0, 0x0, 0x0,
    0x0, 0x92, 0xef, 0xff, 0xff, 0xff, 0xff, 0xf2,
    0x1, 0xf3, 0x11, 0x9c, 0x11, 0x18, 0xc1, 0x10,
    0x6, 0xe0, 0x3, 0xf5, 0x0, 0x2f, 0x40, 0x0,
    0xa, 0xa0, 0x1, 0x7d, 0xd7, 0xe8, 0x0, 0x0,
    0xf, 0x60, 0x0, 0x1, 0xbf, 0xfb, 0x50, 0x0,
    0x4f, 0x10, 0x57, 0xbf, 0xc3, 0x28, 0xee, 0x80,
    0x39, 0x0, 0xdb, 0x72, 0x0, 0x0, 0x6, 0xa0,

    /* U+6F29 "漩" */
    0x0, 0x0, 0x0, 0x0, 0x0, 0x0, 0x0, 0x0,
    0x37, 0x0, 0x3b, 0x0, 0x5, 0xa0, 0x0, 0x0,
    0x2e, 0x80, 0xd, 0x50, 0x9, 0x91, 0x11, 0x10,
    0x3, 0xc3, 0x26, 0x42, 0xe, 0xff, 0xff, 0xf3,
    0x0, 0xb, 0xfe, 0xee, 0x7c, 0x0, 0x0, 0x0,
    0x95, 0x0, 0xc4, 0x0, 0x47, 0x22, 0x22, 0x20,
    0x5f, 0x60, 0xc3, 0x0, 0x5c, 0xcf, 0xcc, 0xf2,
    0x5, 0x60, 0xdf, 0xfa, 0x0, 0xe, 0x14, 0xc0,
    0x0, 0x0, 0xd3, 0x6a, 0x8, 0xe, 0x15, 0x40,
    0x2, 0x30, 0xe2, 0x6a, 0x1f, 0xe, 0x31, 0x10,
    0x7, 0xd0, 0xf1, 0x6a, 0x1e, 0xe, 0xff, 0xf0,
    0xa, 0x91, 0xf0, 0x69, 0x3f, 0xe, 0x10, 0x0,
    0xd, 0x64, 0xd0, 0x79, 0x6f, 0x5e, 0x10, 0x0,
    0x1f, 0x39, 0x80, 0x88, 0xa9, 0xdf, 0x10, 0x0,
    0x4f, 0x1f, 0x51, 0xc7, 0xe3, 0x7f, 0x62, 0x21,
    0x8d, 0x7b, 0x6f, 0xd7, 0xd0, 0x5, 0xdf, 0xf4,
    0x3, 0x2, 0x0, 0x0, 0x30, 0x0, 0x0, 0x0,

    /* U+6F2A "漪" */
    0x0, 0x0, 0x10, 0x0, 0x0, 0x5, 0x10, 0x0,
    0x1e, 0x45, 0xc0, 0x89, 0x0, 0xd, 0x30, 0x0,
    0x6, 0xf6, 0xd9, 0xe4, 0xbb, 0xbf, 0xcb, 0xb5,
    0x0, 0x52, 0x5f, 0x70, 0x44, 0x8f, 0x44, 0x42,
    0x0, 0x0, 0xcf, 0x40, 0x3, 0xed, 0xe6, 0x0,
    0x88, 0x9, 0xdb, 0x81, 0x9f, 0x70, 0x4d, 0xd2,
    0x2d, 0xb3, 0x16, 0xc0, 0xa3, 0x0, 0x0, 0x60,
    0x1, 0x80, 0x4, 0xe8, 0xff, 0xff, 0xff, 0xfe,
    0x0, 0x0, 0x1d, 0xf0, 0x0, 0x0, 0x2, 0xe0,
    0x0, 0x51, 0xc9, 0xf1, 0xde, 0xee, 0x61, 0xe0,
    0x4, 0xfa, 0xa0, 0xe2, 0xe1, 0x9, 0x61, 0xe0,
    0x7, 0xc0, 0x0, 0xe3, 0xe1, 0x8, 0x61, 0xe0,
    0xa, 0x80, 0x0, 0xe2, 0xee, 0xef, 0x61, 0xe0,
    0xe, 0x50, 0x0, 0xf1, 0xb2, 0x11, 0x1, 0xe0,
    0x3f, 0x13, 0x48, 0xe0, 0x0, 0x2, 0x26, 0xd0,
    0x5d, 0x7, 0xfe, 0x40, 0x0, 0xc, 0xff, 0x60,
    0x0, 0x0, 0x0, 0x0, 0x0, 0x0, 0x0, 0x0,

    /* U+6F2D "漭" */
    0x0, 0x0, 0x0, 0x1, 0x0, 0x0, 0x0, 0x0,
    0x9, 0x10, 0x0, 0x2f, 0x0, 0xc, 0x60, 0x0,
    0xb, 0xd2, 0x89, 0xaf, 0x99, 0x9e, 0xc9, 0x94,
    0x0, 0xac, 0x67, 0x8f, 0x77, 0x7e, 0xa7, 0x73,
    0x0, 0x1, 0x0, 0x1f, 0x2b, 0xb, 0xa9, 0x20,
    0x55, 0x0, 0x12, 0x22, 0x7e, 0x22, 0x3a, 0xc0,
    0x5f, 0x80, 0xae, 0xee, 0xff, 0xff, 0xee, 0xe4,
    0x3, 0xd3, 0x0, 0x8, 0xd0, 0x6c, 0x0, 0x0,
    0x0, 0x0, 0x1, 0xac, 0x20, 0x8, 0xd5, 0x0,
    0x0, 0x62, 0x8f, 0xae, 0x10, 0x5, 0xde, 0xe6,
    0x0, 0xf4, 0x83, 0xf, 0x10, 0x6, 0xb0, 0x62,
    0x4, 0xf0, 0xef, 0xff, 0xff, 0xff, 0xff, 0xf8,
    0x8, 0xa0, 0x12, 0x5f, 0x22, 0x27, 0xc2, 0x21,
    0xd, 0x60, 0x0, 0xaa, 0x0, 0x6, 0xb0, 0x0,
    0x3f, 0x10, 0x8, 0xf2, 0x0, 0x6, 0xb0, 0x0,
    0x4a, 0x0, 0x8d, 0x30, 0x0, 0x6, 0xb0, 0x0,
    0x0, 0x0, 0x0, 0x0, 0x0, 0x0, 0x0, 0x0,

    /* U+6F2F "漯" */
    0x0, 0x0, 0x0, 0x0, 0x0, 0x0, 0x0, 0x0,
    0x3e, 0x30, 0xac, 0xcc, 0xcc, 0xcc, 0xcc, 0xa0,
    0xa, 0xf3, 0xe6, 0x22, 0x5f, 0x22, 0x26, 0xd0,
    0x0, 0xb2, 0xe4, 0x0, 0x3f, 0x0, 0x4, 0xd0,
    0x0, 0x0, 0xee, 0xee, 0xef, 0xee, 0xee, 0xd0,
    0x85, 0x0, 0xe4, 0x0, 0x3f, 0x0, 0x4, 0xd0,
    0x5f, 0xa0, 0xef, 0xff, 0xff, 0xff, 0xff, 0xd0,
    0x3, 0x80, 0x31, 0x2b, 0xc2, 0x0, 0x82, 0x30,
    0x0, 0x0, 0x29, 0xe7, 0x22, 0x5e, 0xb3, 0x0,
    0x0, 0x20, 0x3e, 0xdc, 0xff, 0xa3, 0x40, 0x0,
    0x1, 0xf3, 0x2, 0x7b, 0x71, 0x3, 0xd7, 0x0,
    0x6, 0xe0, 0xdf, 0xeb, 0xcd, 0xee, 0xff, 0xa0,
    0xa, 0xa0, 0x45, 0x63, 0x4f, 0x22, 0x21, 0x70,
    0xf, 0x50, 0x4d, 0xd0, 0x2f, 0x17, 0xfa, 0x20,
    0x5f, 0x3c, 0xf9, 0x42, 0x7f, 0x0, 0x2a, 0xf7,
    0x6a, 0x8, 0x12, 0xff, 0xf9, 0x0, 0x0, 0x32,

    /* U+6F36 "漶" */
    0x0, 0x0, 0x0, 0x0, 0x0, 0x0, 0x0, 0x0,
    0x9, 0x60, 0x0, 0x0, 0xd, 0x40, 0x0, 0x0,
    0x6, 0xfb, 0x2f, 0xff, 0xff, 0xff, 0xff, 0xe0,
    0x0, 0x3d, 0x7f, 0x10, 0xd, 0x50, 0x3, 0xf0,
    0x0, 0x0, 0x1f, 0xba, 0xaf, 0xca, 0xab, 0xf0,
    0x79, 0x10, 0xb, 0x54, 0x4e, 0x84, 0x46, 0xa0,
    0x4e, 0xe4, 0x28, 0x88, 0x8e, 0xa8, 0x88, 0x81,
    0x1, 0xb8, 0x4e, 0x88, 0x8e, 0xa8, 0x88, 0xf2,
    0x0, 0x0, 0x4e, 0x33, 0x3e, 0x73, 0x33, 0xf2,
    0x0, 0x10, 0x4f, 0xcc, 0xcf, 0xdc, 0xcc, 0xf2,
    0x0, 0x9a, 0x15, 0x0, 0x3d, 0x40, 0x0, 0x61,
    0x0, 0xe6, 0x6, 0x58, 0xad, 0x20, 0x8, 0x20,
    0x3, 0xf1, 0x3f, 0x7a, 0x9, 0xf1, 0x8b, 0xa0,
    0x9, 0xc0, 0x9a, 0x6a, 0x0, 0x31, 0xf4, 0xf4,
    0xe, 0x71, 0xf3, 0x5d, 0x21, 0x18, 0xe0, 0x97,
    0x3f, 0x10, 0x60, 0xc, 0xff, 0xfe, 0x50, 0x0,
    0x1, 0x0, 0x0, 0x0, 0x0, 0x0, 0x0, 0x0,

    /* U+6F46 "潆" */
    0x1, 0x0, 0x0, 0x5, 0x10, 0x5, 0x20, 0x0,
    0xe, 0x60, 0x34, 0x4e, 0x64, 0x4d, 0x74, 0x41,
    0x3, 0xf7, 0xbc, 0xcf, 0xcc, 0xcf, 0xdc, 0xc4,
    0x0, 0x31, 0x0, 0xc, 0x30, 0xb, 0x40, 0x0,
    0x0, 0x0, 0xac, 0xcc, 0xcc, 0xcc, 0xcc, 0xc3,
    0x8d, 0x20, 0xd7, 0x46, 0xf8, 0x44, 0x44, 0xd5,
    0x1b, 0xe2, 0xd4, 0x6d, 0x50, 0x5, 0xe2, 0xc4,
    0x0, 0x60, 0xb, 0xfb, 0xcd, 0xee, 0x50, 0x0,
    0x0, 0x0, 0x4, 0x54, 0x9f, 0x81, 0x60, 0x0,
    0x0, 0x73, 0x0, 0x5d, 0xa2, 0x1, 0xd9, 0x0,
    0x0, 0xe5, 0x3e, 0xfb, 0x9a, 0xbc, 0xef, 0x70,
    0x2, 0xf1, 0x9, 0x65, 0x4e, 0x61, 0x4, 0xd0,
    0x6, 0xd0, 0x1, 0xa1, 0xd, 0x52, 0x91, 0x0,
    0xa, 0x90, 0x4e, 0xd2, 0xd, 0x53, 0xde, 0x50,
    0xe, 0x58, 0xf9, 0x22, 0x3f, 0x40, 0x8, 0xf5,
    0x1d, 0x22, 0x30, 0x7f, 0xfc, 0x0, 0x0, 0x40,
    0x0, 0x0, 0x0, 0x0, 0x0, 0x0, 0x0, 0x0,

    /* U+6F47 "潇" */
    0x0, 0x0, 0x0, 0x2, 0x0, 0x1, 0x10, 0x0,
    0x1b, 0x20, 0x0, 0xf, 0x0, 0x8, 0x80, 0x0,
    0xa, 0xe3, 0xee, 0xef, 0xee, 0xef, 0xfe, 0xe9,
    0x0, 0x82, 0x0, 0xf, 0xa, 0x28, 0x80, 0x0,
    0x0, 0x0, 0x1b, 0xbb, 0xbf, 0xcb, 0xbb, 0x30,
    0x76, 0x0, 0x3, 0x33, 0x3d, 0x53, 0x3c, 0x50,
    0x5f, 0x80, 0x22, 0x22, 0x2d, 0x52, 0x2c, 0x61,
    0x5, 0xf3, 0xcc, 0xcc, 0xcf, 0xdc, 0xcf, 0xd8,
    0x0, 0x20, 0x0, 0x0, 0xd, 0x30, 0xc, 0x50,
    0x1, 0x40, 0x2e, 0xee, 0xef, 0xee, 0xec, 0x30,
    0x4, 0xf0, 0x3b, 0x1, 0xd, 0x31, 0x8, 0x60,
    0x8, 0xb0, 0x4c, 0xe, 0x2d, 0x5e, 0x9, 0x70,
    0xb, 0x70, 0x7a, 0x4d, 0xd, 0x3b, 0x79, 0x70,
    0xf, 0x40, 0xc6, 0xb7, 0xd, 0x34, 0xe9, 0x70,
    0x4f, 0x4, 0xf0, 0x61, 0xd, 0x30, 0x39, 0x70,
    0x4a, 0xa, 0x60, 0x0, 0xd, 0x30, 0x9, 0x70,
    0x0, 0x0, 0x0, 0x0, 0x0, 0x0, 0x0, 0x0,

    /* U+6F4B "潋" */
    0x0, 0x0, 0x0, 0x0, 0x0, 0x0, 0x0, 0x0,
    0x0, 0x17, 0x0, 0x0, 0xb5, 0x0, 0x9, 0x70,
    0x0, 0x2, 0xdb, 0x0, 0x8d, 0xe2, 0x0, 0xc5,
    0x0, 0x0, 0x1, 0xc3, 0x2f, 0x26, 0xe1, 0xf,
    0x21, 0x10, 0x0, 0x0, 0xc, 0x80, 0x9, 0xc5,
    0xff, 0xff, 0x90, 0x61, 0xb, 0xe5, 0x44, 0x57,
    0xa9, 0x4, 0xd0, 0xa, 0xe5, 0xd7, 0xcc, 0xcc,
    0x2f, 0xa0, 0x5b, 0x0, 0x9, 0xa0, 0x1, 0x40,
    0x7, 0xdc, 0x7, 0x90, 0x0, 0x0, 0x66, 0x4c,
    0xb, 0x83, 0xf0, 0x97, 0x0, 0x0, 0x5, 0xb1,
    0xf0, 0xe2, 0xd, 0x4d, 0x40, 0x0, 0x55, 0x1f,
    0xe, 0x5e, 0x0, 0x9b, 0xf0, 0x0, 0xa, 0x90,
    0xe3, 0xaa, 0xa0, 0x3, 0xf9, 0x0, 0x0, 0xe5,
    0x5, 0x10, 0xa6, 0x0, 0x3f, 0x80, 0x0, 0x2f,
    0x13, 0x57, 0x9f, 0xdf, 0x1e, 0xbf, 0x30, 0x6,
    0xd0, 0xdd, 0xb9, 0x64, 0x4c, 0xc0, 0x9e, 0x20,
    0xaa, 0x0, 0x0, 0x0, 0xb, 0xc1, 0x0, 0xb9,
    0x0, 0x10, 0x0, 0x0, 0x0, 0x21, 0x0, 0x0,
    0x10,

    /* U+6F62 "潢" */
    0x0, 0x0, 0x0, 0x0, 0x10, 0x1, 0x10, 0x0,
    0xb, 0x50, 0x0, 0x5, 0xc0, 0x7, 0xa0, 0x0,
    0x6, 0xf8, 0xd, 0xde, 0xfd, 0xde, 0xfd, 0xd5,
    0x0, 0x5b, 0x1, 0x16, 0xc1, 0x18, 0xa1, 0x10,
    0x0, 0x0, 0x0, 0x5, 0xc0, 0x7, 0xa0, 0x0,
    0x49, 0x0, 0x8e, 0xee, 0xef, 0xfe, 0xee, 0xed,
    0x2d, 0xc2, 0x0, 0x0, 0x6, 0xb0, 0x0, 0x0,
    0x1, 0xb4, 0xa, 0xee, 0xef, 0xfe, 0xee, 0xe0,
    0x0, 0x0, 0xb, 0x60, 0x6, 0xb0, 0x1, 0xf0,
    0x0, 0x53, 0xb, 0xec, 0xce, 0xfc, 0xcd, 0xf0,
    0x0, 0xb8, 0xb, 0x72, 0x27, 0xb2, 0x23, 0xf0,
    0x0, 0xe4, 0xb, 0x60, 0x6, 0xb0, 0x1, 0xf0,
    0x2, 0xf1, 0xb, 0xfe, 0xee, 0xee, 0xee, 0xf0,
    0x7, 0xd0, 0x1, 0x16, 0xa0, 0x5, 0x92, 0x20,
    0xb, 0x90, 0x7, 0xed, 0x60, 0x2, 0xaf, 0xa2,
    0xb, 0x50, 0x5d, 0x50, 0x0, 0x0, 0x2, 0xa9,
    0x0, 0x0, 0x0, 0x0, 0x0, 0x0, 0x0, 0x0,

    /* U+6F72 "潲" */
    0x0, 0x0, 0x0, 0x0, 0x0, 0x3, 0x0, 0x0,
    0x3b, 0x1, 0x24, 0x67, 0x42, 0xd, 0x30, 0x61,
    0xb, 0xcb, 0xff, 0xca, 0x6b, 0xd, 0x32, 0xe1,
    0x0, 0x60, 0xd, 0x30, 0xd, 0x4d, 0x3b, 0x60,
    0x0, 0x0, 0xd, 0x30, 0x2, 0xd, 0x34, 0x0,
    0x86, 0xb, 0xdf, 0xed, 0x7f, 0xff, 0xff, 0xf1,
    0x4f, 0x72, 0x5f, 0x63, 0x69, 0x22, 0x22, 0xe1,
    0x4, 0xb0, 0x7f, 0xb1, 0x69, 0x0, 0x0, 0xe1,
    0x0, 0x0, 0xce, 0xca, 0x6f, 0xff, 0xff, 0xf1,
    0x3, 0x33, 0xcd, 0x4a, 0x69, 0x22, 0x22, 0xe1,
    0x9, 0x9a, 0x6d, 0x30, 0x69, 0x0, 0x0, 0xe1,
    0xc, 0x6e, 0xd, 0x30, 0x6f, 0xff, 0xff, 0xf1,
    0xf, 0x25, 0xd, 0x30, 0x69, 0x22, 0x22, 0xe1,
    0x3f, 0x0, 0xd, 0x30, 0x69, 0x0, 0x0, 0xe1,
    0x7c, 0x0, 0xd, 0x30, 0x69, 0x1, 0x55, 0xf1,
    0x78, 0x0, 0xc, 0x30, 0x69, 0x2, 0xee, 0xa0,

    /* U+6F74 "潴" */
    0x0, 0x0, 0x0, 0x0, 0x0, 0x30, 0x0, 0x0,
    0x4, 0x5, 0x70, 0x85, 0x0, 0xe3, 0x0, 0x0,
    0x1e, 0x93, 0xf3, 0xe2, 0x0, 0xe4, 0x0, 0xa3,
    0x2, 0xe6, 0xaf, 0x61, 0xff, 0xff, 0xfa, 0xe1,
    0x0, 0x10, 0xaf, 0x0, 0x0, 0xe3, 0x2f, 0x40,
    0x53, 0xa, 0xcd, 0x30, 0x0, 0xe4, 0xd7, 0x0,
    0x6f, 0x65, 0x9, 0x7b, 0xff, 0xff, 0xff, 0xfb,
    0x3, 0x80, 0x6, 0xa0, 0x3, 0xd7, 0x0, 0x0,
    0x0, 0x0, 0xd, 0xc0, 0x7f, 0xfc, 0xcc, 0x90,
    0x1, 0x20, 0xbb, 0xed, 0xdf, 0x22, 0x27, 0xb0,
    0x5, 0xe9, 0xb2, 0xf5, 0x1f, 0x0, 0x5, 0xb0,
    0x8, 0xb2, 0x11, 0xf0, 0x1f, 0xee, 0xef, 0xb0,
    0xc, 0x70, 0x1, 0xf0, 0x1f, 0x0, 0x5, 0xb0,
    0xf, 0x40, 0x3, 0xe0, 0x1f, 0x0, 0x5, 0xb0,
    0x4f, 0x3, 0x4a, 0xa0, 0x1f, 0xff, 0xff, 0xb0,
    0x5b, 0x9, 0xdb, 0x20, 0x1f, 0x0, 0x5, 0xb0,
    0x0, 0x0, 0x0, 0x0, 0x0, 0x0, 0x0, 0x0,

    /* U+6F78 "潸" */
    0x0, 0x0, 0x0, 0x32, 0x0, 0x0, 0x50, 0x0,
    0x1e, 0x60, 0x0, 0x97, 0x0, 0x2, 0xe0, 0x0,
    0x5, 0xf6, 0x9d, 0xee, 0xd1, 0xdd, 0xfd, 0xd5,
    0x0, 0x63, 0x14, 0xf9, 0x30, 0x2d, 0xf9, 0x21,
    0x0, 0x0, 0xb, 0xcd, 0xa0, 0x8a, 0xeb, 0x30,
    0x5a, 0x0, 0x99, 0x97, 0x87, 0xd2, 0xe2, 0xe2,
    0x2e, 0xb3, 0xd0, 0x97, 0x1d, 0x22, 0xe0, 0x7a,
    0x2, 0xe3, 0x2, 0x76, 0x33, 0x33, 0x93, 0x11,
    0x0, 0x0, 0xf, 0xdd, 0xdd, 0xdd, 0xde, 0xa0,
    0x0, 0x50, 0xf, 0x40, 0x0, 0x0, 0x9, 0xa0,
    0x0, 0xf4, 0xf, 0xfe, 0xee, 0xee, 0xef, 0xa0,
    0x5, 0xf0, 0xf, 0x30, 0x0, 0x0, 0x9, 0xa0,
    0x9, 0xb0, 0xf, 0xfe, 0xee, 0xee, 0xef, 0xa0,
    0xe, 0x70, 0xf, 0x40, 0x0, 0x0, 0x9, 0xa0,
    0x3f, 0x20, 0xf, 0x30, 0x0, 0x24, 0x4c, 0x90,
    0x4c, 0x0, 0xf, 0x30, 0x0, 0x3e, 0xdc, 0x20,

    /* U+6F7A "潺" */
    0x0, 0x0, 0x0, 0x0, 0x0, 0x0, 0x0, 0x0,
    0x0, 0x4e, 0x30, 0xac, 0xcc, 0xcc, 0xcc, 0xcc,
    0xa0, 0x0, 0x9f, 0x2e, 0x52, 0x22, 0x22, 0x22,
    0x4e, 0x0, 0x0, 0x50, 0xec, 0xbb, 0xbb, 0xbb,
    0xbb, 0xe0, 0x0, 0x0, 0xe, 0x63, 0x33, 0x33,
    0x33, 0x49, 0x0, 0xa5, 0x0, 0xe3, 0x1d, 0xdd,
    0xdd, 0xdc, 0x0, 0x7, 0xf8, 0xe, 0x30, 0x0,
    0x2, 0xaa, 0x40, 0x0, 0x5, 0xb0, 0xe3, 0xdd,
    0xdd, 0xfe, 0xdd, 0xd2, 0x0, 0x0, 0xf, 0x20,
    0x14, 0x4d, 0x30, 0x0, 0x0, 0x3, 0x20, 0xf1,
    0x2, 0xbb, 0x80, 0x0, 0x0, 0x0, 0x9b, 0x2f,
    0x6d, 0xdd, 0xa7, 0xdd, 0xda, 0x0, 0xd, 0x74,
    0xe0, 0x0, 0xb7, 0x0, 0xc, 0x60, 0x1, 0xf3,
    0x8b, 0x1, 0x7c, 0x32, 0x2a, 0xa2, 0x10, 0x4f,
    0xd, 0x6c, 0xde, 0xd7, 0xaa, 0xec, 0xa6, 0x8,
    0xc5, 0xf1, 0x0, 0x87, 0x0, 0xb, 0x40, 0x0,
    0xa9, 0x79, 0xa, 0xee, 0x30, 0xbe, 0xd1, 0x0,
    0x0, 0x0, 0x0, 0x0, 0x0, 0x0, 0x0, 0x0,
    0x0,

    /* U+6F7C "潼" */
    0x0, 0x0, 0x0, 0x0, 0x4, 0x0, 0x0, 0x0,
    0xc, 0x70, 0x0, 0x0, 0x3f, 0x30, 0x0, 0x0,
    0x6, 0xf6, 0x9f, 0xff, 0xff, 0xff, 0xff, 0xf3,
    0x0, 0x88, 0x0, 0x97, 0x0, 0x5, 0xc0, 0x0,
    0x0, 0x0, 0x0, 0x4f, 0x20, 0x1e, 0x80, 0x0,
    0x48, 0x2, 0xee, 0xee, 0xee, 0xee, 0xee, 0xe9,
    0x3e, 0x90, 0x2, 0x22, 0x22, 0x22, 0x22, 0x10,
    0x3, 0xe3, 0x5f, 0xbb, 0xbf, 0xcb, 0xbd, 0xa0,
    0x0, 0x0, 0x5e, 0x55, 0x5f, 0x75, 0x5a, 0xa0,
    0x0, 0x81, 0x5e, 0x66, 0x6f, 0x86, 0x6a, 0xa0,
    0x2, 0xf2, 0x5f, 0xbb, 0xbf, 0xcb, 0xbd, 0xa0,
    0x6, 0xe0, 0x5c, 0x22, 0x2e, 0x52, 0x28, 0xa0,
    0xa, 0xa0, 0x23, 0x33, 0x3f, 0x63, 0x33, 0x30,
    0xe, 0x60, 0x7b, 0xbb, 0xbf, 0xcb, 0xbb, 0xb0,
    0x2f, 0x20, 0x0, 0x0, 0xe, 0x30, 0x0, 0x0,
    0x7e, 0x8, 0xff, 0xff, 0xff, 0xff, 0xff, 0xfd,
    0x3, 0x0, 0x0, 0x0, 0x0, 0x0, 0x0, 0x0,

    /* U+6F89 "澉" */
    0x0, 0x0, 0x0, 0x0, 0x0, 0x3, 0x20, 0x0,
    0xd, 0x70, 0x8c, 0xcc, 0xb0, 0xb, 0x50, 0x0,
    0x4, 0xf9, 0x24, 0x49, 0xc0, 0xe, 0x10, 0x0,
    0x0, 0x33, 0x0, 0xd, 0x50, 0x4e, 0x88, 0x87,
    0x0, 0x8, 0xee, 0xef, 0xec, 0x8c, 0x88, 0xf8,
    0x5d, 0x21, 0x9a, 0x24, 0xf2, 0xe9, 0x2, 0xf0,
    0xa, 0xf3, 0x89, 0x2, 0xf5, 0xeb, 0x4, 0xd0,
    0x0, 0x81, 0x8f, 0xff, 0xf8, 0x7e, 0x6, 0xa0,
    0x0, 0x0, 0x89, 0x2, 0xf0, 0xe, 0x2a, 0x70,
    0x0, 0x40, 0x89, 0x2, 0xf0, 0xb, 0x6e, 0x30,
    0x0, 0xf3, 0x8f, 0xff, 0xf0, 0x5, 0xee, 0x0,
    0x3, 0xf0, 0x89, 0x2, 0xf0, 0x0, 0xf9, 0x0,
    0x7, 0xc0, 0x89, 0x26, 0xfa, 0x35, 0xfd, 0x0,
    0xc, 0x89, 0xef, 0xec, 0xf6, 0x4f, 0x5c, 0xa0,
    0xf, 0x43, 0x30, 0x2, 0xf2, 0xe8, 0x2, 0xe9,
    0x19, 0x10, 0x0, 0x2, 0xf4, 0x80, 0x0, 0x37,

    /* U+6F8C "澌" */
    0x8, 0x10, 0x5a, 0x0, 0xf0, 0x0, 0x2, 0x60,
    0xb, 0xd2, 0x6a, 0x0, 0xf1, 0x5d, 0xfe, 0xb3,
    0x0, 0xa7, 0xff, 0xee, 0xfe, 0x79, 0x10, 0x0,
    0x0, 0x0, 0x6a, 0x0, 0xf1, 0x78, 0x0, 0x0,
    0x8c, 0x10, 0x6e, 0xcc, 0xf1, 0x79, 0x22, 0x21,
    0xc, 0xe2, 0x6b, 0x22, 0xf1, 0x7f, 0xff, 0xfc,
    0x0, 0x90, 0x6a, 0x0, 0xf1, 0x78, 0xe, 0x20,
    0x0, 0x0, 0x6f, 0xee, 0xf1, 0x87, 0xe, 0x20,
    0x0, 0x30, 0x6a, 0x0, 0xf1, 0x97, 0xe, 0x20,
    0x2, 0xf3, 0x8b, 0x33, 0xf4, 0xa5, 0xe, 0x20,
    0x5, 0xe3, 0xcc, 0xcc, 0xcc, 0xc3, 0xe, 0x20,
    0x9, 0xb0, 0xa, 0x25, 0x70, 0xf1, 0xe, 0x20,
    0xd, 0x70, 0x5d, 0x2, 0xf6, 0xd0, 0xe, 0x20,
    0x2f, 0x31, 0xe4, 0x0, 0x6c, 0x80, 0xe, 0x20,
    0x3b, 0x2, 0x70, 0x0, 0xa, 0x20, 0xe, 0x20,

    /* U+6F8D "澍" */
    0x0, 0x0, 0x0, 0x21, 0x0, 0x0, 0x2, 0x0,
    0x1a, 0x10, 0x0, 0xa7, 0x0, 0x0, 0xe, 0x30,
    0xb, 0xc2, 0x44, 0xba, 0x44, 0x0, 0xe, 0x30,
    0x1, 0xc6, 0xbb, 0xed, 0xbb, 0x10, 0xe, 0x30,
    0x0, 0x0, 0x0, 0xa7, 0x0, 0xad, 0xdf, 0xe8,
    0x89, 0x0, 0xff, 0xff, 0xfc, 0x11, 0x1e, 0x41,
    0x2e, 0xb0, 0x0, 0x0, 0x0, 0x21, 0xe, 0x30,
    0x2, 0x50, 0xee, 0xee, 0xea, 0x97, 0xe, 0x30,
    0x0, 0x0, 0xf2, 0x0, 0x5b, 0x5b, 0xe, 0x30,
    0x1, 0x60, 0xf2, 0x0, 0x5b, 0x2e, 0xe, 0x30,
    0x4, 0xf0, 0xfe, 0xee, 0xfb, 0x7, 0xe, 0x30,
    0x7, 0xc0, 0x45, 0x0, 0x92, 0x0, 0xe, 0x30,
    0xa, 0x90, 0x2e, 0x4, 0xe0, 0x0, 0xe, 0x30,
    0xd, 0x60, 0xa, 0x3a, 0x83, 0x20, 0xe, 0x30,
    0x1f, 0x37, 0xac, 0xef, 0xfe, 0x73, 0x4f, 0x20,
    0x3f, 0x7, 0x97, 0x52, 0x0, 0x5f, 0xfa, 0x0,
    0x0, 0x0, 0x0, 0x0, 0x0, 0x0, 0x0, 0x0,

    /* U+6FA7 "澧" */
    0x0, 0x0, 0x0, 0x1, 0x50, 0x5, 0x0, 0x0,
    0xc, 0x80, 0x0, 0x2, 0xd0, 0x1d, 0x0, 0x0,
    0x3, 0xfa, 0x3d, 0xdd, 0xfd, 0xdf, 0xdd, 0xc0,
    0x0, 0x3d, 0x5c, 0x2, 0xd0, 0x1d, 0x0, 0xf0,
    0x0, 0x0, 0x3f, 0xcd, 0xfc, 0xcf, 0xcc, 0xf0,
    0x4c, 0x20, 0x3c, 0x2, 0xd0, 0x1d, 0x0, 0xf0,
    0x1b, 0xf6, 0x3f, 0xdd, 0xfd, 0xdf, 0xdd, 0xf0,
    0x0, 0x96, 0x29, 0x0, 0x0, 0x0, 0x0, 0xb0,
    0x0, 0x1, 0xbb, 0xbb, 0xbb, 0xbb, 0xbb, 0xb9,
    0x0, 0x41, 0x22, 0x22, 0x22, 0x22, 0x22, 0x22,
    0x0, 0xd7, 0xd, 0xed, 0xdd, 0xdd, 0xde, 0x90,
    0x0, 0xf3, 0xd, 0x20, 0x0, 0x0, 0x6, 0x90,
    0x4, 0xf0, 0xd, 0xed, 0xdd, 0xdd, 0xde, 0x90,
    0x8, 0xc0, 0x2, 0x3c, 0x0, 0x2, 0xc1, 0x10,
    0xc, 0x80, 0x33, 0x3c, 0x83, 0x3b, 0x93, 0x32,
    0xf, 0x41, 0xbb, 0xbb, 0xbb, 0xbb, 0xbb, 0xb9,
    0x0, 0x0, 0x0, 0x0, 0x0, 0x0, 0x0, 0x0,

    /* U+6FB6 "澶" */
    0x0, 0x0, 0x0, 0x0, 0x2, 0x0, 0x0, 0x0,
    0x1b, 0x10, 0x0, 0x0, 0x4f, 0x20, 0x0, 0x0,
    0xa, 0xe5, 0xee, 0xee, 0xee, 0xee, 0xee, 0xe9,
    0x0, 0x82, 0x25, 0x55, 0x55, 0x55, 0x55, 0x50,
    0x0, 0x0, 0x7d, 0x77, 0x77, 0x77, 0x78, 0xf0,
    0x78, 0x0, 0x7b, 0xb, 0xbb, 0xbc, 0x52, 0xf0,
    0x2e, 0xb1, 0x7b, 0xd, 0x74, 0x4c, 0x62, 0xf0,
    0x1, 0x90, 0x7b, 0xa, 0x76, 0x6a, 0x42, 0xf0,
    0x0, 0x0, 0x7f, 0xdd, 0xdd, 0xdd, 0xdd, 0xf0,
    0x0, 0x0, 0x12, 0x0, 0x0, 0x0, 0x0, 0x20,
    0x0, 0xe2, 0xf, 0xdc, 0xcc, 0xcc, 0xce, 0x80,
    0x5, 0xf0, 0xf, 0x97, 0x77, 0x77, 0x7d, 0x80,
    0x9, 0xa0, 0xf, 0x63, 0x33, 0x33, 0x3c, 0x80,
    0xe, 0x60, 0xf, 0xdc, 0xcc, 0xcc, 0xce, 0x80,
    0x3f, 0x20, 0x4, 0x10, 0x0, 0x0, 0x3, 0x20,
    0x7d, 0x7, 0xee, 0xee, 0xee, 0xee, 0xee, 0xed,
    0x3, 0x0, 0x0, 0x0, 0x0, 0x0, 0x0, 0x0,

    /* U+6FB9 "澹" */
    0x0, 0x0, 0x0, 0x1, 0x0, 0x0, 0x0, 0x0,
    0x8, 0x40, 0x0, 0x2e, 0x72, 0x22, 0x20, 0x0,
    0x4, 0xf5, 0x1, 0xdc, 0xcc, 0xcd, 0xe0, 0x0,
    0x0, 0x4e, 0x4d, 0x80, 0x0, 0xb, 0x70, 0x0,
    0x0, 0x0, 0xaf, 0xee, 0xee, 0xee, 0xee, 0xe8,
    0x4c, 0x0, 0xf, 0x2, 0xa5, 0x10, 0x88, 0x20,
    0xb, 0xc1, 0xf, 0x3c, 0x40, 0x96, 0x6, 0xd1,
    0x0, 0xb5, 0xf, 0xbb, 0xbb, 0xce, 0xbb, 0xb7,
    0x0, 0x0, 0xf, 0x22, 0x22, 0x22, 0x22, 0x21,
    0x0, 0x60, 0x1f, 0xd, 0xdd, 0xdd, 0xdd, 0x90,
    0x1, 0xf3, 0x2e, 0x6, 0x66, 0x66, 0x66, 0x40,
    0x4, 0xf0, 0x4c, 0x6, 0x66, 0x66, 0x66, 0x40,
    0x8, 0xb0, 0x79, 0x2e, 0xee, 0xee, 0xee, 0xc0,
    0xc, 0x70, 0xc5, 0x2c, 0x0, 0x0, 0x0, 0xe0,
    0x1f, 0x32, 0xf0, 0x2c, 0x22, 0x22, 0x22, 0xe0,
    0x3c, 0x5, 0x80, 0x2e, 0xbb, 0xbb, 0xbb, 0xe0,
    0x0, 0x0, 0x0, 0x0, 0x0, 0x0, 0x0, 0x0,

    /* U+6FC2 "濂" */
    0x0, 0x0, 0x0, 0x0, 0x5, 0x0, 0x0, 0x0,
    0x3c, 0x10, 0x0, 0x0, 0xd, 0x90, 0x0, 0x0,
    0xb, 0xe2, 0xde, 0xee, 0xef, 0xfe, 0xee, 0xe3,
    0x0, 0xd5, 0xe4, 0x9, 0x30, 0x3, 0x70, 0x0,
    0x0, 0x0, 0xe4, 0x39, 0xb3, 0x3a, 0x83, 0x30,
    0x62, 0x0, 0xe7, 0xaa, 0xfa, 0xbe, 0xaa, 0xa0,
    0x7f, 0x50, 0xe4, 0x22, 0xf2, 0x4d, 0x22, 0x0,
    0x6, 0xc0, 0xf6, 0xbb, 0xfb, 0xbe, 0xbf, 0x10,
    0x0, 0x0, 0xf4, 0x22, 0xf2, 0x4d, 0x2e, 0x31,
    0x0, 0x10, 0xfc, 0xbb, 0xfb, 0xcf, 0xbf, 0xb6,
    0x4, 0xe2, 0xf0, 0x11, 0xf1, 0x3c, 0x1e, 0x10,
    0x8, 0xa4, 0xe2, 0xcd, 0xfc, 0xdf, 0xcf, 0x10,
    0xc, 0x58, 0xb0, 0x1d, 0xf0, 0x2f, 0x92, 0x0,
    0x2f, 0x1d, 0x73, 0xd6, 0xf0, 0x2c, 0xb9, 0x10,
    0x7c, 0x4f, 0x6f, 0x60, 0xf0, 0x2c, 0xb, 0xe1,
    0x66, 0x48, 0x3, 0x0, 0xf0, 0x2c, 0x0, 0x30,

    /* U+6FC9 "濉" */
    0x0, 0x0, 0x0, 0x0, 0x0, 0x0, 0x0, 0x0,
    0x7, 0x10, 0x0, 0x0, 0x3, 0xd4, 0xa0, 0x0,
    0xb, 0xd4, 0xee, 0xec, 0x8, 0x90, 0xe5, 0x0,
    0x0, 0xa8, 0xe2, 0x5d, 0xe, 0x73, 0x75, 0x32,
    0x0, 0x2, 0xe0, 0x3d, 0x5f, 0xcc, 0xfd, 0xc8,
    0x48, 0x2, 0xe1, 0x4d, 0xcf, 0x0, 0xe2, 0x0,
    0x3e, 0xb3, 0xfd, 0xef, 0xef, 0x11, 0xe3, 0x10,
    0x1, 0xb4, 0xe0, 0x3d, 0x3f, 0xff, 0xff, 0xf5,
    0x0, 0x2, 0xe0, 0x3d, 0xf, 0x0, 0xe2, 0x0,
    0x0, 0x52, 0xf6, 0x8d, 0xf, 0x0, 0xe2, 0x0,
    0x2, 0xf3, 0xf9, 0xad, 0xf, 0xff, 0xff, 0xf5,
    0x5, 0xd2, 0xe0, 0x3d, 0xf, 0x11, 0xe3, 0x10,
    0x9, 0x92, 0xe0, 0x3d, 0xf, 0x0, 0xe2, 0x0,
    0xd, 0x62, 0xf5, 0x7d, 0xf, 0x33, 0xf5, 0x32,
    0x1f, 0x22, 0xfb, 0xcd, 0xf, 0xdd, 0xdd, 0xda,
    0x4d, 0x2, 0xe0, 0x14, 0xf, 0x0, 0x0, 0x0,

    /* U+6FD1 "濑" */
    0x0, 0x0, 0x0, 0x30, 0x0, 0x3, 0x0, 0x0,
    0x9, 0x10, 0x0, 0xe1, 0x0, 0xf, 0x10, 0x0,
    0xa, 0xe2, 0x0, 0xe1, 0x0, 0x6f, 0xaa, 0x40,
    0x0, 0xaa, 0xee, 0xfe, 0xe2, 0xe7, 0x6d, 0x60,
    0x0, 0x0, 0x0, 0xe1, 0x8, 0xa0, 0x2e, 0x0,
    0x55, 0x0, 0x23, 0xe4, 0x39, 0x97, 0xcc, 0x70,
    0x5f, 0x80, 0xeb, 0xfb, 0xf3, 0xe7, 0x77, 0xe1,
    0x3, 0xd1, 0xe0, 0xe1, 0xd3, 0xd0, 0xb0, 0xd1,
    0x0, 0x0, 0xe0, 0xe1, 0xd3, 0xd0, 0xf0, 0xd1,
    0x0, 0x10, 0xee, 0xfe, 0xf3, 0xd0, 0xe0, 0xd1,
    0x2, 0xf0, 0x67, 0xf2, 0x32, 0xd0, 0xe0, 0xd1,
    0x6, 0xc0, 0x1d, 0xed, 0x42, 0xd2, 0xc0, 0xd1,
    0xa, 0x80, 0xc5, 0xe4, 0xe1, 0x27, 0xc4, 0x20,
    0xe, 0x49, 0xb0, 0xe1, 0x51, 0x2f, 0x5e, 0x40,
    0x3f, 0x14, 0x10, 0xe1, 0x3, 0xe7, 0x4, 0xe2,
    0x3a, 0x0, 0x0, 0xe1, 0xa, 0x80, 0x0, 0x76,
    0x0, 0x0, 0x0, 0x0, 0x0, 0x0, 0x0, 0x0,

    /* U+6FDE "濞" */
    0x0, 0x0, 0x0, 0x0, 0x13, 0x0, 0x0, 0x0,
    0x9, 0x60, 0x2, 0x33, 0x9d, 0x33, 0x33, 0x10,
    0x4, 0xf8, 0xc, 0xb8, 0x88, 0x88, 0x8c, 0x80,
    0x0, 0x3e, 0x2c, 0xdb, 0xbb, 0xbb, 0xbe, 0x80,
    0x0, 0x0, 0xc, 0x84, 0x44, 0x44, 0x4b, 0x80,
    0x3a, 0x10, 0xc, 0xa7, 0x77, 0x77, 0x7c, 0x80,
    0x1c, 0xd3, 0xc, 0xdb, 0xbb, 0xbb, 0xbe, 0x80,
    0x0, 0xa6, 0x17, 0x53, 0x33, 0x33, 0x36, 0x60,
    0x0, 0x0, 0x4e, 0x77, 0x7d, 0xb7, 0x77, 0xf1,
    0x0, 0x42, 0x4f, 0xbb, 0xbe, 0xdb, 0xbb, 0xf1,
    0x0, 0xc9, 0x4d, 0x11, 0x1b, 0x71, 0x11, 0xf1,
    0x0, 0xf5, 0x4e, 0xaa, 0xaa, 0xaa, 0xaa, 0xf1,
    0x3, 0xf2, 0xbb, 0xbb, 0xbb, 0xbb, 0xbb, 0xb8,
    0x8, 0xd0, 0x22, 0x4f, 0x32, 0x26, 0xe2, 0x21,
    0xc, 0x90, 0x16, 0xe8, 0x0, 0x4, 0xe0, 0x0,
    0xa, 0x43, 0xfc, 0x50, 0x0, 0x4, 0xe0, 0x0,
    0x0, 0x0, 0x0, 0x0, 0x0, 0x0, 0x0, 0x0,

    /* U+6FE0 "濠" */
    0x0, 0x0, 0x0, 0x0, 0x13, 0x0, 0x0, 0x0,
    0x1, 0xc2, 0x0, 0x0, 0x3, 0xf0, 0x0, 0x0,
    0x0, 0x8, 0xf5, 0xad, 0xdd, 0xdd, 0xdd, 0xdd,
    0xd5, 0x0, 0x5, 0x90, 0x27, 0x77, 0x77, 0x77,
    0x50, 0x0, 0x0, 0x0, 0x5, 0xc4, 0x44, 0x44,
    0x7c, 0x0, 0x8, 0xb0, 0x0, 0x5f, 0xdd, 0xdd,
    0xdd, 0xc0, 0x0, 0x1c, 0xd1, 0x14, 0x72, 0x22,
    0x22, 0x48, 0x21, 0x0, 0x9, 0x1f, 0xaa, 0xaa,
    0xaa, 0xaa, 0xac, 0x90, 0x0, 0x0, 0xf4, 0xcc,
    0xcc, 0xcc, 0xca, 0x79, 0x0, 0x9, 0x1, 0x2,
    0x8e, 0xd1, 0x11, 0x63, 0x0, 0x2, 0xf0, 0x6c,
    0xd7, 0x7f, 0x62, 0xbe, 0x40, 0x0, 0x6d, 0x3,
    0x44, 0xcb, 0x6f, 0xef, 0x20, 0x0, 0x9, 0x90,
    0x9e, 0xc4, 0x4d, 0xf3, 0xab, 0x0, 0x0, 0xd6,
    0x7, 0x33, 0xbc, 0x2c, 0x51, 0xda, 0x0, 0x1f,
    0x20, 0x6c, 0xd6, 0x12, 0xe3, 0x2, 0xdb, 0x3,
    0xe0, 0xa, 0x40, 0x6f, 0xfa, 0x0, 0x1, 0x30,
    0x0, 0x0, 0x0, 0x0, 0x0, 0x0, 0x0, 0x0,
    0x0,

    /* U+6FE1 "濡" */
    0x0, 0x0, 0x0, 0x0, 0x0, 0x0, 0x0, 0x0,
    0x0, 0x1e, 0x50, 0x1b, 0xbb, 0xbb, 0xbb, 0xbb,
    0x30, 0x0, 0x5f, 0x70, 0x33, 0x33, 0xe5, 0x33,
    0x30, 0x0, 0x0, 0x54, 0x9c, 0xcc, 0xcf, 0xdc,
    0xcc, 0xc0, 0x0, 0x0, 0xc, 0x73, 0x33, 0xe5,
    0x33, 0x3f, 0x10, 0xa8, 0x0, 0xc7, 0xdd, 0x8e,
    0x7d, 0xd6, 0xf1, 0x3, 0xec, 0x10, 0x46, 0x63,
    0xe5, 0x66, 0x61, 0x0, 0x1, 0x90, 0x3, 0x55,
    0x38, 0x35, 0x55, 0x0, 0x0, 0x0, 0xa, 0xcc,
    0xcc, 0xcc, 0xcc, 0xcc, 0x40, 0x0, 0x60, 0x23,
    0x33, 0x9b, 0x33, 0x33, 0x31, 0x0, 0x3f, 0x30,
    0x22, 0x2a, 0x92, 0x22, 0x21, 0x0, 0x6, 0xe0,
    0x4f, 0xcd, 0xfc, 0xde, 0xcd, 0xa0, 0x0, 0xaa,
    0x4, 0xd0, 0x4c, 0x6, 0xb0, 0x6a, 0x0, 0xe,
    0x60, 0x4d, 0x4, 0xc0, 0x6b, 0x6, 0xa0, 0x3,
    0xf3, 0x4, 0xd0, 0x4c, 0x6, 0xb1, 0x9a, 0x0,
    0x4d, 0x0, 0x4d, 0x4, 0xc0, 0x6b, 0xcc, 0x40,

    /* U+6FEE "濮" */
    0x0, 0x0, 0x2, 0x40, 0x3, 0x40, 0x70, 0x0,
    0x0, 0xb9, 0x0, 0x89, 0xa1, 0x78, 0x1f, 0x9,
    0x30, 0x2, 0xdb, 0xc, 0x46, 0xb7, 0x81, 0xf4,
    0xd0, 0x0, 0x1, 0x41, 0xf0, 0x5, 0x78, 0x1f,
    0x33, 0x0, 0x0, 0x0, 0x5d, 0x3d, 0xde, 0xed,
    0xfd, 0xda, 0x4, 0xc1, 0xc, 0xd0, 0x27, 0x82,
    0x22, 0xc4, 0x20, 0xc, 0xd5, 0xfd, 0x0, 0x3e,
    0x10, 0x6d, 0x0, 0x0, 0xa, 0xcd, 0xd0, 0xff,
    0xff, 0xff, 0xff, 0x50, 0x0, 0x6, 0x5d, 0x1,
    0x11, 0x7b, 0x11, 0x10, 0x0, 0x7, 0x14, 0xd0,
    0x8e, 0xee, 0xfe, 0xed, 0x0, 0x0, 0xf3, 0x4d,
    0x1, 0x22, 0x8b, 0x22, 0x20, 0x0, 0x3f, 0x4,
    0xd1, 0x22, 0x29, 0xa2, 0x22, 0x20, 0x6, 0xc0,
    0x4d, 0x8d, 0xdd, 0xff, 0xed, 0xdb, 0x0, 0xa9,
    0x4, 0xd0, 0x0, 0x6e, 0xab, 0x0, 0x0, 0xe,
    0x50, 0x4d, 0x4, 0xbe, 0x30, 0xad, 0x73, 0x1,
    0xb2, 0x4, 0xda, 0xe8, 0x10, 0x0, 0x4b, 0xc0,
    0x0, 0x0, 0x0, 0x0, 0x0, 0x0, 0x0, 0x0,
    0x0,

    /* U+6FEF "濯" */
    0x0, 0x0, 0x0, 0x0, 0x0, 0x0, 0x0, 0x0,
    0x0, 0x5d, 0x20, 0xbc, 0xcc, 0xc2, 0xcc, 0xcc,
    0xa0, 0x0, 0x9f, 0x43, 0x42, 0x2e, 0x25, 0x42,
    0x5d, 0x0, 0x0, 0x61, 0x3e, 0xa1, 0xe2, 0x6e,
    0x73, 0xd0, 0x0, 0x0, 0x0, 0x7, 0x2e, 0x20,
    0x38, 0x5d, 0x0, 0xe7, 0x0, 0x9d, 0xf7, 0xe2,
    0xee, 0xa5, 0xd0, 0x5, 0xfb, 0x6, 0x57, 0x8,
    0x64, 0x0, 0x2b, 0x0, 0x5, 0x90, 0x9, 0xd0,
    0x9, 0xb0, 0x0, 0x0, 0x0, 0x0, 0x2, 0xff,
    0xff, 0xff, 0xff, 0xff, 0x30, 0x0, 0x30, 0xdf,
    0x50, 0x0, 0xf0, 0x0, 0x0, 0x0, 0x4e, 0x8d,
    0xde, 0xee, 0xef, 0xee, 0xee, 0x0, 0x8, 0xa2,
    0x1c, 0x50, 0x0, 0xf0, 0x0, 0x0, 0x0, 0xc6,
    0x0, 0xce, 0xee, 0xef, 0xee, 0xee, 0x0, 0x1f,
    0x20, 0xc, 0x50, 0x0, 0xf0, 0x0, 0x0, 0x5,
    0xe0, 0x0, 0xcd, 0xbb, 0xbf, 0xbb, 0xbb, 0x50,
    0x58, 0x0, 0xc, 0x73, 0x33, 0x33, 0x33, 0x31,

    /* U+701A "瀚" */
    0x0, 0x0, 0x2, 0x10, 0x0, 0x0, 0x10, 0x0,
    0x3d, 0x20, 0xa, 0x60, 0x0, 0xc, 0xb0, 0x0,
    0x9, 0xe9, 0xde, 0xed, 0x60, 0x89, 0xb7, 0x0,
    0x0, 0x62, 0x3b, 0x83, 0x17, 0xe1, 0x1e, 0x60,
    0x0, 0x0, 0xa, 0x60, 0x8f, 0x30, 0x3, 0xe8,
    0x89, 0x6, 0xfe, 0xef, 0x74, 0x0, 0x0, 0x24,
    0x1d, 0xb6, 0x90, 0xd, 0x5c, 0xdc, 0xcc, 0xe0,
    0x1, 0x46, 0xfe, 0xef, 0x22, 0x2d, 0x40, 0xf0,
    0x0, 0x6, 0x90, 0xd, 0x4d, 0x2d, 0xe0, 0xf0,
    0x0, 0x26, 0xa1, 0x1d, 0x2d, 0x4d, 0xb5, 0xf0,
    0x3, 0xf6, 0xff, 0xef, 0x27, 0x6d, 0x54, 0xf0,
    0x6, 0xb0, 0x1a, 0x61, 0x3, 0xad, 0x6c, 0xf0,
    0xa, 0x8e, 0xff, 0xff, 0xce, 0x7d, 0x92, 0xf0,
    0xd, 0x41, 0x1a, 0x71, 0x1, 0x2d, 0x0, 0xf0,
    0x1f, 0x10, 0xa, 0x60, 0x11, 0x5c, 0x24, 0xe0,
    0x4e, 0x0, 0xa, 0x60, 0x3f, 0xf5, 0xff, 0x70,
    0x0, 0x0, 0x1, 0x0, 0x0, 0x0, 0x0, 0x0,

    /* U+701B "瀛" */
    0x0, 0x0, 0x0, 0x0, 0x1, 0x0, 0x0, 0x0,
    0x0, 0x48, 0x0, 0x0, 0x0, 0x97, 0x0, 0x0,
    0x0, 0x1, 0xd9, 0xbf, 0xfe, 0xee, 0xee, 0xee,
    0xee, 0x40, 0x1, 0x90, 0x98, 0x33, 0x33, 0x33,
    0x33, 0x0, 0x0, 0x0, 0x4, 0x88, 0x88, 0x88,
    0x88, 0x81, 0x0, 0xc6, 0x0, 0x6c, 0xcc, 0xcc,
    0xcc, 0xcc, 0x0, 0x2, 0xe7, 0x9, 0x83, 0x33,
    0x33, 0x33, 0xd0, 0x0, 0x3, 0x30, 0x7a, 0x99,
    0xba, 0x99, 0x9c, 0x0, 0x0, 0x0, 0x2a, 0xa8,
    0xa, 0x40, 0x8a, 0xa1, 0x0, 0x5, 0x53, 0x91,
    0xcc, 0xfd, 0xbc, 0x2b, 0x20, 0x0, 0x98, 0x3d,
    0x9c, 0x2a, 0x39, 0xc5, 0xa2, 0x0, 0xc, 0x53,
    0x92, 0xc7, 0x67, 0x6c, 0xcb, 0x20, 0x0, 0xf2,
    0x49, 0x2c, 0x3d, 0xd1, 0xc7, 0xe2, 0x0, 0x2e,
    0x7, 0xb9, 0xc0, 0x7f, 0x4c, 0xa, 0x45, 0x6,
    0xb0, 0xc2, 0xc, 0x4d, 0x4c, 0x80, 0xa6, 0x80,
    0x88, 0x1b, 0x6f, 0x9c, 0x20, 0xa2, 0x6, 0xe3,
    0x0, 0x0, 0x0, 0x0, 0x0, 0x0, 0x0, 0x0,
    0x0,

    /* U+7023 "瀣" */
    0x0, 0x0, 0x0, 0x0, 0x0, 0x0, 0x0, 0x0,
    0x0, 0x64, 0x0, 0x6, 0xa1, 0x10, 0x11, 0x11,
    0x0, 0x5, 0xf5, 0x1, 0x6e, 0xc8, 0xcd, 0xdd,
    0xf2, 0x0, 0x5, 0xd5, 0xd7, 0xa1, 0x17, 0x40,
    0x6c, 0x0, 0x0, 0x2, 0xdd, 0xdd, 0xec, 0x3d,
    0x3e, 0x30, 0x5, 0xc2, 0x98, 0x80, 0x3e, 0x30,
    0xaf, 0x50, 0x0, 0xa, 0xe3, 0x8, 0xef, 0x54,
    0xbd, 0x8e, 0x84, 0x0, 0x5, 0x27, 0xed, 0x65,
    0xab, 0x40, 0x28, 0x80, 0x0, 0x9, 0xe6, 0x6,
    0xa0, 0x88, 0x0, 0x0, 0x0, 0x1, 0xc, 0xdd,
    0xea, 0x8, 0xed, 0xdd, 0x50, 0x0, 0xd7, 0x12,
    0x27, 0xa0, 0x89, 0x22, 0x20, 0x0, 0x1f, 0x35,
    0xbb, 0xca, 0x8, 0xdb, 0xb9, 0x0, 0x4, 0xe0,
    0x66, 0x6a, 0xa0, 0x8b, 0x66, 0x62, 0x0, 0x9a,
    0x4, 0x55, 0x8a, 0x8, 0xa5, 0x55, 0x20, 0xe,
    0x63, 0xcc, 0xcd, 0xec, 0xee, 0xcc, 0xcb, 0x0,
    0x92, 0x2, 0x22, 0x22, 0x22, 0x22, 0x22, 0x20,

    /* U+7035 "瀵" */
    0x0, 0x0, 0x0, 0x0, 0x0, 0x0, 0x0, 0x0,
    0x19, 0x10, 0xc, 0x60, 0xf, 0x10, 0x5c, 0x0,
    0xb, 0xd1, 0x1, 0xa2, 0xf, 0x12, 0xb1, 0x0,
    0x0, 0xa3, 0x9b, 0xbc, 0xef, 0xec, 0xbb, 0xb4,
    0x0, 0x0, 0x3, 0x9c, 0x4f, 0x5c, 0x93, 0x0,
    0x46, 0x6, 0xee, 0x72, 0x2b, 0x32, 0x7d, 0xf6,
    0x3d, 0xb2, 0x6e, 0x77, 0x7f, 0x77, 0x7c, 0x70,
    0x1, 0x80, 0x4e, 0xaa, 0xaf, 0xaa, 0xad, 0x70,
    0x0, 0x0, 0x4c, 0x11, 0x1f, 0x11, 0x1a, 0x70,
    0x0, 0x50, 0x4f, 0xcc, 0xcf, 0xcc, 0xce, 0x70,
    0x2, 0xf1, 0x13, 0x4d, 0x0, 0x9, 0x73, 0x20,
    0x5, 0xd0, 0x9c, 0xcf, 0xcc, 0xce, 0xdc, 0xa0,
    0x9, 0x90, 0x0, 0x3d, 0x0, 0x9, 0x70, 0x0,
    0xd, 0x50, 0xcc, 0xcd, 0xcc, 0xcc, 0xcc, 0xc4,
    0x2f, 0x20, 0x15, 0xae, 0x10, 0xd, 0x95, 0x10,
    0x4d, 0x7, 0xfb, 0x61, 0x0, 0x1, 0x6a, 0xf6,
    0x0, 0x0, 0x0, 0x0, 0x0, 0x0, 0x0, 0x0,

    /* U+7039 "瀹" */
    0x0, 0x0, 0x0, 0x0, 0x1, 0x0, 0x0, 0x0,
    0x8, 0x10, 0x0, 0x0, 0x9f, 0x70, 0x0, 0x0,
    0xa, 0xe2, 0x0, 0x1b, 0x92, 0xd9, 0x0, 0x0,
    0x0, 0x9b, 0x5, 0xe8, 0x11, 0x2c, 0xd5, 0x0,
    0x0, 0x5, 0xcc, 0x5c, 0xcc, 0xcb, 0x6e, 0xe6,
    0x42, 0x6, 0x92, 0x20, 0x22, 0x20, 0x23, 0x83,
    0x8e, 0x40, 0xdb, 0xf0, 0xfb, 0xd4, 0xdb, 0xd0,
    0x7, 0xe1, 0xd0, 0xd0, 0xd0, 0xd4, 0x90, 0xd0,
    0x0, 0x10, 0xdd, 0xf0, 0xfd, 0xe4, 0xed, 0xd0,
    0x0, 0x10, 0x30, 0x30, 0x30, 0x31, 0x20, 0x30,
    0x2, 0xf1, 0xbe, 0xef, 0xfe, 0xff, 0xee, 0xd0,
    0x5, 0xe0, 0xb4, 0xb, 0x60, 0x87, 0x2, 0xd0,
    0x9, 0xa0, 0xbe, 0xef, 0xfe, 0xff, 0xee, 0xd0,
    0xe, 0x50, 0xb4, 0xb, 0x60, 0x87, 0x2, 0xd0,
    0x3f, 0x10, 0xb4, 0xb, 0x60, 0x88, 0x48, 0xc0,
    0x5c, 0x0, 0xb4, 0xa, 0x60, 0x88, 0xcc, 0x40,

    /* U+704F "灏" */
    0x18, 0x2, 0x55, 0x55, 0x51, 0x11, 0x11, 0x10,
    0x1d, 0x96, 0xc8, 0x88, 0xe6, 0xff, 0xff, 0xf7,
    0x2, 0xb7, 0xc8, 0x88, 0xd4, 0x0, 0xf0, 0x0,
    0x0, 0x6, 0xa3, 0x33, 0xc4, 0x36, 0xe5, 0x50,
    0x88, 0x6, 0xfe, 0xee, 0xf4, 0xab, 0xaa, 0xf1,
    0x2e, 0x83, 0x41, 0xc0, 0x51, 0xa3, 0x30, 0xd1,
    0x3, 0x7c, 0xcc, 0xfd, 0xcc, 0xa3, 0xb3, 0xd1,
    0x0, 0x2, 0x22, 0x22, 0x22, 0xa3, 0xb3, 0xd1,
    0x2, 0x43, 0xfd, 0xdd, 0xf1, 0xa3, 0xc2, 0xd1,
    0x6, 0xc3, 0xb0, 0x0, 0xd1, 0xa3, 0xc1, 0xd1,
    0x9, 0x93, 0xfd, 0xdd, 0xf1, 0xa3, 0xe0, 0xd1,
    0xc, 0x61, 0x80, 0xf1, 0x70, 0x86, 0xe0, 0xb1,
    0xf, 0x33, 0xe1, 0xf3, 0xe1, 0xa, 0xcb, 0x0,
    0x3f, 0x1e, 0x50, 0xf0, 0x76, 0x7d, 0x8, 0xc0,
    0x5c, 0x5, 0x6f, 0xa0, 0x3, 0xe2, 0x0, 0x96,
    0x0, 0x0, 0x0, 0x0, 0x0, 0x10, 0x0, 0x0,

    /* U+705E "灞" */
    0x0, 0x0, 0x0, 0x0, 0x0, 0x0, 0x0, 0x0,
    0x1e, 0x30, 0x1d, 0xdd, 0xdd, 0xdd, 0xdd, 0x70,
    0x6, 0xf4, 0x44, 0x44, 0x4d, 0x84, 0x44, 0x41,
    0x0, 0x53, 0xea, 0x99, 0x9e, 0xb9, 0x99, 0xd6,
    0x0, 0x0, 0xe7, 0xbb, 0x8c, 0x7b, 0xb9, 0xb6,
    0x5d, 0x20, 0x93, 0x22, 0x1c, 0x52, 0x22, 0x74,
    0x8, 0xe3, 0x6, 0x77, 0x94, 0x37, 0x76, 0x0,
    0x0, 0x64, 0xbf, 0xbb, 0xec, 0x7e, 0xee, 0xe1,
    0x0, 0x0, 0x1d, 0x33, 0xc2, 0x5a, 0x0, 0xe1,
    0x0, 0x61, 0xa, 0xbb, 0xa1, 0x5c, 0x77, 0xf1,
    0x0, 0xf2, 0x5a, 0xcc, 0xa5, 0x5c, 0x66, 0xf1,
    0x3, 0xf0, 0x85, 0x78, 0x49, 0x69, 0x0, 0xe1,
    0x6, 0xb0, 0x8d, 0xee, 0xd9, 0x7f, 0xff, 0xf1,
    0xa, 0x80, 0x10, 0x77, 0x1, 0xa6, 0x0, 0xe1,
    0xe, 0x53, 0xbb, 0xdd, 0xbb, 0xf1, 0x0, 0xf1,
    0x1e, 0x10, 0x0, 0x77, 0x5, 0xb0, 0xcf, 0xb0,
    0x0, 0x0, 0x0, 0x0, 0x0, 0x0, 0x0, 0x0,

    /* U+723F "爿" */
    0x0, 0x0, 0x0, 0x0, 0x0, 0x0, 0x20, 0x0,
    0x0, 0xb5, 0x0, 0x0, 0x3, 0xf1, 0x0, 0x0,
    0xe6, 0x0, 0x0, 0x3, 0xf1, 0x0, 0x0, 0xe6,
    0x0, 0x0, 0x3, 0xf1, 0x0, 0x0, 0xe6, 0x0,
    0x0, 0x3, 0xf1, 0x0, 0x0, 0xef, 0xff, 0xff,
    0xff, 0xf1, 0x0, 0x0, 0x34, 0x44, 0x44, 0x46,
    0xf1, 0x0, 0x0, 0x0, 0x0, 0x0, 0x3, 0xf1,
    0x12, 0x22, 0x22, 0x22, 0x22, 0x25, 0xf1, 0x6f,
    0xff, 0xff, 0xff, 0xff, 0xff, 0xf1, 0x1, 0x11,
    0x2f, 0x31, 0x11, 0x14, 0xf1, 0x0, 0x0, 0x5f,
    0x0, 0x0, 0x3, 0xf1, 0x0, 0x0, 0xca, 0x0,
    0x0, 0x3, 0xf1, 0x0, 0x9, 0xf2, 0x0, 0x0,
    0x3, 0xf1, 0x5, 0xcf, 0x40, 0x0, 0x0, 0x3,
    0xf1, 0xa, 0xb2, 0x0, 0x0, 0x0, 0x3, 0xf1,
    0x0, 0x0, 0x0, 0x0, 0x0, 0x0, 0x0,

    /* U+72AD "犭" */
    0x0, 0x77, 0x0, 0x5, 0x0, 0x3, 0xe6, 0x9,
    0xf3, 0x0, 0x4, 0xfd, 0xd2, 0x0, 0x1, 0x9f,
    0xf1, 0x0, 0x18, 0xfd, 0x4e, 0x60, 0x3, 0xd5,
    0x0, 0x8b, 0x0, 0x0, 0x0, 0xb, 0xf0, 0x0,
    0x0, 0x9, 0xef, 0x30, 0x0, 0x9, 0xe2, 0xe5,
    0x0, 0xb, 0xe3, 0xd, 0x60, 0x4e, 0xd2, 0x0,
    0xc7, 0x4, 0xa0, 0x0, 0xc, 0x70, 0x0, 0x0,
    0x0, 0xe5, 0x0, 0x4, 0x43, 0x9f, 0x10, 0x0,
    0xcf, 0xfe, 0x50, 0x0, 0x0, 0x0, 0x0, 0x0,

    /* U+72B0 "犰" */
    0x0, 0x0, 0x0, 0x0, 0x61, 0x0, 0x0, 0x0,
    0x39, 0x0, 0x45, 0x0, 0xf3, 0x0, 0x0, 0x0,
    0x1d, 0x92, 0xf6, 0x0, 0xf3, 0x0, 0x0, 0x0,
    0x2, 0xfe, 0x80, 0x0, 0xf3, 0x0, 0x0, 0x0,
    0x2, 0xee, 0x3, 0xff, 0xff, 0xff, 0xe0, 0x0,
    0x3e, 0xaf, 0x30, 0x33, 0xf5, 0x36, 0xe0, 0x0,
    0x38, 0xc, 0x70, 0x1, 0xf1, 0x4, 0xe0, 0x0,
    0x0, 0xa, 0xa0, 0x2, 0xf0, 0x4, 0xe0, 0x0,
    0x0, 0x4f, 0xc0, 0x4, 0xf0, 0x4, 0xe0, 0x0,
    0x2, 0xeb, 0xe0, 0x7, 0xc0, 0x4, 0xe0, 0x0,
    0x3e, 0x84, 0xf0, 0xa, 0x80, 0x4, 0xe0, 0x0,
    0x58, 0x3, 0xf0, 0xe, 0x50, 0x4, 0xe0, 0x4b,
    0x0, 0x4, 0xf0, 0x5f, 0x0, 0x4, 0xe0, 0x5d,
    0x0, 0x6, 0xd0, 0xca, 0x0, 0x4, 0xe0, 0x6b,
    0x23, 0x3c, 0x96, 0xf3, 0x0, 0x3, 0xf3, 0xb9,
    0x5f, 0xfd, 0x2e, 0xa0, 0x0, 0x0, 0xcf, 0xe2,
    0x0, 0x10, 0x3, 0x10, 0x0, 0x0, 0x0, 0x0,

    /* U+72B4 "犴" */
    0x6, 0x0, 0x54, 0x12, 0x22, 0x22, 0x22, 0x20,
    0xd, 0x92, 0xf5, 0x8f, 0xff, 0xff, 0xff, 0xf0,
    0x1, 0xee, 0x90, 0x0, 0x0, 0xc6, 0x0, 0x0,
    0x0, 0xcf, 0x10, 0x0, 0x0, 0xc6, 0x0, 0x0,
    0x1c, 0xdd, 0x60, 0x0, 0x0, 0xc6, 0x0, 0x0,
    0x3c, 0x17, 0xc0, 0x0, 0x0, 0xc6, 0x0, 0x0,
    0x0, 0x4, 0xf0, 0x44, 0x44, 0xd9, 0x44, 0x42,
    0x0, 0x1d, 0xf3, 0xdd, 0xdd, 0xfe, 0xdd, 0xd8,
    0x0, 0xbb, 0xf5, 0x0, 0x0, 0xc6, 0x0, 0x0,
    0x1c, 0xc0, 0xd6, 0x0, 0x0, 0xc6, 0x0, 0x0,
    0x4a, 0x0, 0xc6, 0x0, 0x0, 0xc6, 0x0, 0x0,
    0x0, 0x0, 0xd6, 0x0, 0x0, 0xc6, 0x0, 0x0,
    0x0, 0x0, 0xf4, 0x0, 0x0, 0xc6, 0x0, 0x0,
    0x16, 0x5b, 0xe0, 0x0, 0x0, 0xc6, 0x0, 0x0,
    0x1d, 0xec, 0x30, 0x0, 0x0, 0xc6, 0x0, 0x0,

    /* U+72B7 "犷" */
    0x0, 0x0, 0x0, 0x0, 0x0, 0x21, 0x0, 0x0,
    0x8, 0x0, 0x84, 0x0, 0x0, 0xac, 0x0, 0x0,
    0xc, 0xa4, 0xf2, 0x0, 0x0, 0x1c, 0x20, 0x0,
    0x1, 0xef, 0x60, 0xe, 0xff, 0xff, 0xff, 0xf7,
    0x2, 0xef, 0x10, 0xe, 0x62, 0x22, 0x22, 0x21,
    0x3e, 0xad, 0x70, 0xe, 0x40, 0x0, 0x0, 0x0,
    0x59, 0x7, 0xb0, 0xe, 0x40, 0x0, 0x0, 0x0,
    0x0, 0x6, 0xf0, 0xe, 0x40, 0x0, 0x0, 0x0,
    0x0, 0x2f, 0xf2, 0xf, 0x40, 0x0, 0x0, 0x0,
    0x1, 0xd8, 0xf3, 0xf, 0x30, 0x0, 0x0, 0x0,
    0x2e, 0xa0, 0xe4, 0xf, 0x20, 0x0, 0x0, 0x0,
    0x49, 0x0, 0xd5, 0x3f, 0x0, 0x0, 0x0, 0x0,
    0x0, 0x0, 0xe4, 0x7d, 0x0, 0x0, 0x0, 0x0,
    0x0, 0x1, 0xf3, 0xd8, 0x0, 0x0, 0x0, 0x0,
    0x14, 0x3a, 0xe6, 0xf2, 0x0, 0x0, 0x0, 0x0,
    0x2f, 0xfe, 0x4c, 0x80, 0x0, 0x0, 0x0, 0x0,
    0x0, 0x0, 0x0, 0x0, 0x0, 0x0, 0x0, 0x0,

    /* U+72B8 "犸" */
    0x0, 0x0, 0x0, 0x0, 0x0, 0x0, 0x0, 0x0,
    0x1c, 0x10, 0x88, 0x5e, 0xee, 0xee, 0xee, 0x30,
    0x9, 0xc4, 0xf2, 0x14, 0x44, 0x44, 0x4f, 0x20,
    0x0, 0xdf, 0x60, 0x4, 0x50, 0x0, 0x1f, 0x10,
    0x1, 0xdf, 0x10, 0xa, 0x90, 0x0, 0x3f, 0x0,
    0x3e, 0xbd, 0x60, 0xb, 0x70, 0x0, 0x4e, 0x0,
    0x59, 0x8, 0xb0, 0xd, 0x60, 0x0, 0x5d, 0x0,
    0x0, 0x7, 0xe0, 0xe, 0x62, 0x22, 0x8c, 0x20,
    0x0, 0x3f, 0xf0, 0xf, 0xff, 0xff, 0xff, 0xf3,
    0x3, 0xe7, 0xf2, 0x0, 0x0, 0x0, 0x0, 0xf2,
    0x4f, 0x80, 0xf3, 0x0, 0x0, 0x0, 0x1, 0xf1,
    0x37, 0x0, 0xf4, 0xff, 0xff, 0xff, 0xf4, 0xf1,
    0x0, 0x0, 0xf3, 0x22, 0x22, 0x22, 0x23, 0xf0,
    0x0, 0x2, 0xf1, 0x0, 0x0, 0x0, 0x4, 0xf0,
    0x26, 0x4b, 0xd0, 0x0, 0x2, 0x54, 0x4c, 0xb0,
    0x2e, 0xfd, 0x30, 0x0, 0x4, 0xff, 0xfc, 0x20,
    0x0, 0x0, 0x0, 0x0, 0x0, 0x0, 0x0, 0x0,

    /* U+72C1 "狁" */
    0x0, 0x0, 0x0, 0x0, 0x2, 0x0, 0x0, 0x0,
    0x27, 0x0, 0x23, 0x0, 0xe, 0x70, 0x0, 0x0,
    0x1d, 0x81, 0xd9, 0x0, 0x7d, 0x0, 0x0, 0x0,
    0x2, 0xfd, 0xb0, 0x1, 0xe4, 0x2, 0xe2, 0x0,
    0x2, 0xee, 0x0, 0xb, 0x80, 0x0, 0xac, 0x0,
    0x4f, 0xaf, 0x20, 0x7c, 0x0, 0x0, 0x2f, 0x70,
    0x26, 0xb, 0x75, 0xfe, 0xde, 0xff, 0xff, 0xf2,
    0x0, 0xb, 0xa2, 0x75, 0xe6, 0x2e, 0x30, 0xb8,
    0x0, 0x6f, 0xc0, 0x0, 0xf3, 0xe, 0x30, 0x10,
    0x3, 0xf9, 0xe0, 0x0, 0xf1, 0xe, 0x30, 0x0,
    0x2e, 0x83, 0xe0, 0x3, 0xf0, 0xe, 0x30, 0x0,
    0x79, 0x3, 0xe0, 0x7, 0xb0, 0xe, 0x30, 0x10,
    0x0, 0x4, 0xe0, 0xd, 0x60, 0xe, 0x30, 0x7b,
    0x0, 0x6, 0xc0, 0x8e, 0x0, 0xe, 0x30, 0x8a,
    0x36, 0x6e, 0x76, 0xf4, 0x0, 0xe, 0x72, 0xc7,
    0x3d, 0xd9, 0x3f, 0x60, 0x0, 0x7, 0xff, 0xd1,
    0x0, 0x0, 0x2, 0x0, 0x0, 0x0, 0x0, 0x0,

    /* U+72C3 "狃" */
    0x7, 0x0, 0x64, 0x1, 0x11, 0x11, 0x11, 0x10,
    0xd, 0x93, 0xf4, 0x8f, 0xff, 0xff, 0xff, 0xf0,
    0x1, 0xee, 0x80, 0x0, 0x8a, 0x0, 0x3, 0xf0,
    0x1, 0xdf, 0x0, 0x0, 0x99, 0x0, 0x4, 0xe0,
    0x2d, 0xce, 0x60, 0x0, 0xa8, 0x0, 0x4, 0xe0,
    0x7b, 0x8, 0xb0, 0x0, 0xb7, 0x0, 0x5, 0xd0,
    0x0, 0x5, 0xf0, 0x12, 0xc8, 0x22, 0x27, 0xc0,
    0x0, 0x1d, 0xf1, 0x8e, 0xff, 0xee, 0xef, 0xb0,
    0x1, 0xca, 0xf3, 0x0, 0xe4, 0x0, 0x7, 0xb0,
    0x2d, 0xb0, 0xf4, 0x0, 0xf2, 0x0, 0x8, 0xa0,
    0x49, 0x0, 0xe5, 0x0, 0xf1, 0x0, 0x9, 0x90,
    0x0, 0x0, 0xe4, 0x2, 0xf0, 0x0, 0x9, 0x90,
    0x0, 0x1, 0xf3, 0x3, 0xf0, 0x0, 0xa, 0x80,
    0x15, 0x3a, 0xe4, 0xff, 0xff, 0xff, 0xff, 0xfc,
    0x2f, 0xfd, 0x30, 0x22, 0x22, 0x22, 0x22, 0x21,
    0x0, 0x0, 0x0, 0x0, 0x0, 0x0, 0x0, 0x0,

    /* U+72CD "狍" */
    0x0, 0x0, 0x0, 0x0, 0x0, 0x0, 0x0, 0x0,
    0x15, 0x0, 0x20, 0xe, 0x40, 0x0, 0x0, 0x0,
    0x2f, 0x42, 0xe4, 0x4f, 0x22, 0x22, 0x22, 0x0,
    0x5, 0xed, 0x80, 0xbf, 0xff, 0xff, 0xff, 0x50,
    0x0, 0xed, 0x3, 0xf1, 0x0, 0x0, 0xd, 0x50,
    0x1c, 0xdf, 0xc, 0xa2, 0x22, 0x20, 0xd, 0x50,
    0x7a, 0xe, 0x7d, 0xff, 0xff, 0xf5, 0xe, 0x50,
    0x0, 0xb, 0x70, 0xe3, 0x0, 0xc5, 0xe, 0x40,
    0x0, 0x5f, 0x90, 0xe3, 0x0, 0xc5, 0xe, 0x40,
    0x3, 0xe9, 0xb0, 0xef, 0xff, 0xf5, 0xf, 0x30,
    0x4f, 0x46, 0xb0, 0xe4, 0x11, 0x10, 0x1f, 0x20,
    0x55, 0x5, 0xc0, 0xe3, 0x5, 0x55, 0xbe, 0x0,
    0x0, 0x6, 0xb0, 0xe3, 0x7, 0xdc, 0xa2, 0x94,
    0x0, 0x8, 0xa0, 0xe3, 0x0, 0x0, 0x0, 0xe5,
    0x25, 0x6f, 0x50, 0xd8, 0x11, 0x11, 0x28, 0xf1,
    0x5e, 0xe8, 0x0, 0x5e, 0xff, 0xff, 0xfe, 0x50,

    /* U+72CE "狎" */
    0x17, 0x0, 0x50, 0x22, 0x22, 0x22, 0x22, 0x21,
    0xd8, 0x5e, 0x1e, 0xff, 0xff, 0xff, 0xff, 0x2,
    0xff, 0x40, 0xe3, 0x0, 0xf3, 0x3, 0xf0, 0x1e,
    0xe0, 0xe, 0x30, 0xf, 0x30, 0x3f, 0x2d, 0x9f,
    0x30, 0xe4, 0x11, 0xf4, 0x14, 0xf4, 0x80, 0xa8,
    0xe, 0xff, 0xff, 0xff, 0xff, 0x0, 0xb, 0xb0,
    0xe3, 0x0, 0xf3, 0x3, 0xf0, 0x7, 0xfd, 0xe,
    0x30, 0xf, 0x30, 0x3f, 0x6, 0xe5, 0xf0, 0xe3,
    0x0, 0xf3, 0x3, 0xf7, 0xf3, 0x2f, 0xe, 0xff,
    0xff, 0xff, 0xff, 0x23, 0x1, 0xf0, 0xe5, 0x22,
    0xf4, 0x24, 0xf0, 0x0, 0x2f, 0x1, 0x0, 0xf,
    0x30, 0x1, 0x0, 0x4, 0xe0, 0x0, 0x0, 0xf3,
    0x0, 0x2, 0x43, 0xca, 0x0, 0x0, 0xf, 0x30,
    0x0, 0x4f, 0xfd, 0x20, 0x0, 0x0, 0xf3, 0x0,
    0x0, 0x0, 0x0, 0x0, 0x0, 0x0, 0x0, 0x0,

    /* U+72D2 "狒" */
    0x0, 0x0, 0x0, 0x0, 0x10, 0x1, 0x0, 0x0,
    0x34, 0x2, 0xa0, 0x2, 0xe0, 0x2e, 0x0, 0x0,
    0x5e, 0x1b, 0xb0, 0x2, 0xe0, 0x2e, 0x0, 0x0,
    0xa, 0xde, 0x1b, 0xff, 0xff, 0xff, 0xff, 0xd0,
    0x5, 0xf5, 0x0, 0x2, 0xe0, 0x2e, 0x3, 0xd0,
    0x5f, 0xc8, 0x0, 0x2, 0xe0, 0x2e, 0x3, 0xd0,
    0x54, 0x5c, 0xb, 0xff, 0xff, 0xff, 0xff, 0xd0,
    0x0, 0x1f, 0xd, 0x43, 0xe0, 0x2e, 0x3, 0xb0,
    0x0, 0x6f, 0x2e, 0x22, 0xe0, 0x2e, 0x0, 0x0,
    0x4, 0xff, 0x3f, 0x24, 0xd1, 0x3e, 0x11, 0x10,
    0x4f, 0x5d, 0x5e, 0xef, 0xfe, 0xef, 0xee, 0xf7,
    0x95, 0xc, 0x40, 0x8, 0x90, 0x2e, 0x0, 0xa6,
    0x0, 0xc, 0x40, 0xd, 0x50, 0x2e, 0x0, 0xc5,
    0x0, 0xe, 0x30, 0x6e, 0x0, 0x2e, 0xbf, 0xe1,
    0x44, 0x6f, 0x3, 0xf5, 0x0, 0x2e, 0x12, 0x0,
    0x8f, 0xe5, 0xb, 0x80, 0x0, 0x2e, 0x0, 0x0,
    0x0, 0x0, 0x0, 0x0, 0x0, 0x0, 0x0, 0x0,

    /* U+72E8 "狨" */
    0x0, 0x0, 0x0, 0x0, 0x0, 0x0, 0x0, 0x0,
    0x34, 0x0, 0x10, 0x0, 0x0, 0x5d, 0x3b, 0x10,
    0x5f, 0x24, 0xe0, 0x0, 0x0, 0x5d, 0xa, 0xd0,
    0x8, 0xdd, 0x63, 0x44, 0x44, 0x8e, 0x44, 0x73,
    0x0, 0xfc, 0x9, 0xdd, 0xdd, 0xdf, 0xdd, 0xda,
    0x1c, 0xed, 0x0, 0x8, 0x20, 0x3e, 0x0, 0x0,
    0x69, 0x1f, 0x20, 0xe, 0x40, 0x2f, 0x0, 0xa1,
    0x0, 0xd, 0x50, 0xe, 0x40, 0x1f, 0x6, 0xc0,
    0x0, 0x8f, 0x8c, 0xff, 0xff, 0x3f, 0x2d, 0x50,
    0x6, 0xe9, 0xa1, 0x1f, 0x31, 0xe, 0xbd, 0x0,
    0x6f, 0x37, 0xb0, 0x1f, 0x0, 0xc, 0xf3, 0x0,
    0x33, 0x6, 0xb0, 0x5d, 0x0, 0xc, 0xb0, 0x0,
    0x0, 0x7, 0xb0, 0xb8, 0x0, 0x9f, 0xe0, 0x5c,
    0x0, 0x9, 0x94, 0xf1, 0x7, 0xe3, 0xf5, 0x6b,
    0x35, 0x6f, 0x5e, 0x70, 0xae, 0x30, 0x9e, 0xd9,
    0x4e, 0xd8, 0x7, 0x0, 0x52, 0x0, 0xb, 0xe3,

    /* U+72E9 "狩" */
    0x0, 0x0, 0x0, 0x0, 0x0, 0x0, 0x0, 0x0,
    0x4, 0x0, 0x1, 0x0, 0x4, 0xf1, 0x0, 0x0,
    0x2e, 0x50, 0xba, 0x34, 0x44, 0xea, 0x44, 0x40,
    0x4, 0xfb, 0xc0, 0xee, 0xdd, 0xdd, 0xdd, 0xf3,
    0x1, 0xde, 0x10, 0xe3, 0x0, 0x0, 0x51, 0xe3,
    0x2e, 0xcf, 0x20, 0xc2, 0x0, 0x0, 0xf3, 0xc2,
    0x37, 0xb, 0x60, 0x0, 0x0, 0x0, 0xf3, 0x0,
    0x0, 0xb, 0xa4, 0xff, 0xff, 0xff, 0xff, 0xf8,
    0x0, 0x7f, 0xc0, 0x22, 0x22, 0x22, 0xf5, 0x21,
    0x3, 0xf8, 0xd0, 0xa, 0x40, 0x0, 0xf3, 0x0,
    0x3e, 0x83, 0xe0, 0x7, 0xe1, 0x0, 0xf3, 0x0,
    0x7a, 0x3, 0xe0, 0x0, 0xcc, 0x0, 0xf3, 0x0,
    0x0, 0x4, 0xe0, 0x0, 0x2e, 0x20, 0xf3, 0x0,
    0x0, 0x6, 0xc0, 0x0, 0x1, 0x0, 0xf3, 0x0,
    0x25, 0x4d, 0x80, 0x0, 0x3, 0x37, 0xf1, 0x0,
    0x4f, 0xfb, 0x0, 0x0, 0x2f, 0xff, 0x80, 0x0,
    0x0, 0x0, 0x0, 0x0, 0x0, 0x0, 0x0, 0x0,

    /* U+72EF "狯" */
    0x4, 0x0, 0x53, 0x0, 0x1, 0xd6, 0x0, 0x0,
    0x2, 0xf6, 0x2f, 0x40, 0x0, 0x9e, 0xe0, 0x0,
    0x0, 0x4, 0xfd, 0x80, 0x0, 0x4f, 0x2b, 0x90,
    0x0, 0x0, 0xd, 0xe0, 0x0, 0x2e, 0x60, 0x1e,
    0x60, 0x0, 0x1c, 0xcf, 0x20, 0x2e, 0x90, 0x0,
    0x3f, 0x70, 0x6, 0xb0, 0xb7, 0x3e, 0xa3, 0x33,
    0x33, 0x6f, 0xb0, 0x0, 0x9, 0xb4, 0x92, 0xdd,
    0xdd, 0xd8, 0x26, 0x0, 0x3, 0xfd, 0x0, 0x0,
    0x0, 0x0, 0x0, 0x0, 0x2, 0xe9, 0xf0, 0x33,
    0x33, 0x33, 0x33, 0x31, 0x4, 0xf7, 0x2f, 0x1d,
    0xdd, 0xfe, 0xdd, 0xdd, 0x50, 0x56, 0x2, 0xf0,
    0x0, 0x7d, 0x1, 0x70, 0x0, 0x0, 0x0, 0x2f,
    0x0, 0x2f, 0x30, 0xd, 0x70, 0x0, 0x0, 0x4,
    0xe0, 0xb, 0x70, 0x0, 0x3f, 0x30, 0x3, 0x54,
    0xca, 0xa, 0xfd, 0xef, 0xff, 0xfd, 0x0, 0x4f,
    0xfc, 0x10, 0x98, 0x54, 0x21, 0x0, 0xd2, 0x0,
    0x0, 0x0, 0x0, 0x0, 0x0, 0x0, 0x0, 0x0,

    /* U+72F2 "狲" */
    0x0, 0x0, 0x0, 0x0, 0x0, 0x0, 0x10, 0x0,
    0x67, 0x2, 0x12, 0x22, 0x10, 0x4, 0xd0, 0x0,
    0x2e, 0x4d, 0x9f, 0xff, 0xd0, 0x4, 0xd0, 0x0,
    0x7, 0xfa, 0x0, 0xa, 0x80, 0x4, 0xd0, 0x0,
    0x9, 0xf4, 0x0, 0x3e, 0x11, 0x24, 0xd0, 0x20,
    0x9d, 0xa8, 0x0, 0xc7, 0x7, 0xa4, 0xd4, 0xb0,
    0x21, 0x5c, 0x0, 0xe2, 0x9, 0x84, 0xd1, 0xe0,
    0x0, 0x3f, 0x0, 0xec, 0x9c, 0x54, 0xd0, 0xe2,
    0x0, 0xcf, 0x7e, 0xf7, 0x1e, 0x24, 0xd0, 0xb5,
    0xb, 0xbf, 0x74, 0xe2, 0x2f, 0x4, 0xd0, 0x88,
    0x9b, 0xe, 0x20, 0xe2, 0x6c, 0x4, 0xd0, 0x5b,
    0x0, 0xe, 0x20, 0xe2, 0xa8, 0x4, 0xd0, 0x3e,
    0x0, 0xe, 0x20, 0xe2, 0x11, 0x4, 0xd0, 0x1,
    0x0, 0xf, 0x10, 0xe2, 0x0, 0x4, 0xd0, 0x0,
    0x23, 0x8d, 0x24, 0xf1, 0x6, 0x5b, 0xb0, 0x0,
    0x8f, 0xe4, 0x7e, 0xa0, 0xd, 0xdc, 0x30, 0x0,
    0x0, 0x0, 0x0, 0x0, 0x0, 0x0, 0x0, 0x0,

    /* U+72F3 "狳" */
    0x0, 0x0, 0x0, 0x0, 0x0, 0x0, 0x0, 0x0,
    0x6, 0x0, 0x37, 0x0, 0x7, 0xf3, 0x0, 0x0,
    0xc, 0xa1, 0xe8, 0x0, 0x2f, 0xbc, 0x0, 0x0,
    0x2, 0xfd, 0xb0, 0x0, 0xd9, 0xc, 0xa0, 0x0,
    0x0, 0xcf, 0x10, 0xb, 0xc0, 0x1, 0xdb, 0x10,
    0x3d, 0xcf, 0x42, 0xcc, 0x0, 0x0, 0x1c, 0xe5,
    0x59, 0xb, 0x8a, 0xbf, 0xff, 0xff, 0xfd, 0x88,
    0x0, 0xa, 0xb0, 0x1, 0x22, 0xf3, 0x21, 0x0,
    0x0, 0x5f, 0xd0, 0x0, 0x0, 0xf2, 0x0, 0x0,
    0x2, 0xe8, 0xf3, 0xff, 0xff, 0xff, 0xff, 0xf5,
    0x2e, 0x92, 0xf0, 0x22, 0x22, 0xf4, 0x22, 0x20,
    0x2b, 0x2, 0xf0, 0xc, 0x20, 0xf2, 0x75, 0x0,
    0x0, 0x3, 0xf0, 0x7d, 0x0, 0xf2, 0x6f, 0x20,
    0x0, 0x5, 0xe2, 0xf4, 0x0, 0xf2, 0x9, 0xd1,
    0x15, 0x4d, 0xac, 0x91, 0x36, 0xf1, 0x0, 0xc5,
    0x2f, 0xfc, 0x12, 0x16, 0xff, 0x90, 0x0, 0x0,
    0x0, 0x0, 0x0, 0x0, 0x0, 0x0, 0x0, 0x0,

    /* U+72F4 "狴" */
    0x36, 0x0, 0x20, 0xd2, 0x0, 0x5a, 0x0, 0x0,
    0x2e, 0x44, 0xe0, 0xe3, 0x0, 0x6b, 0x0, 0x70,
    0x5, 0xdd, 0x60, 0xe5, 0x32, 0x6b, 0x3d, 0xc2,
    0x0, 0xec, 0x0, 0xee, 0xda, 0x6f, 0xd5, 0x0,
    0xb, 0xed, 0x0, 0xe3, 0x0, 0x6c, 0x0, 0x11,
    0x5c, 0x1f, 0x20, 0xe3, 0x3, 0x6b, 0x0, 0x7b,
    0x0, 0xc, 0x60, 0xf8, 0xdb, 0x5d, 0x22, 0xc8,
    0x0, 0x5f, 0x82, 0xfb, 0x40, 0x4c, 0xff, 0xc1,
    0x2, 0xe8, 0xa0, 0x20, 0x3, 0xf0, 0x0, 0x0,
    0x3e, 0x56, 0xb0, 0x11, 0x14, 0xf1, 0x11, 0x10,
    0x47, 0x5, 0xb2, 0xff, 0xff, 0xff, 0xff, 0xe0,
    0x0, 0x5, 0xb0, 0x0, 0x3, 0xf0, 0x0, 0x0,
    0x0, 0x8, 0xa0, 0x0, 0x3, 0xf0, 0x0, 0x0,
    0x36, 0x4e, 0x56, 0x66, 0x67, 0xfd, 0xdd, 0xdb,
    0x3f, 0xfa, 0x3, 0x33, 0x33, 0x33, 0x33, 0x33,
    0x0, 0x0, 0x0, 0x0, 0x0, 0x0, 0x0, 0x0,

    /* U+72F7 "狷" */
    0x4, 0x0, 0x10, 0x14, 0x44, 0x44, 0x44, 0x12,
    0xe6, 0x1e, 0x55, 0xfc, 0xcc, 0xcc, 0xf4, 0x2,
    0xed, 0x70, 0x5d, 0x0, 0x0, 0xd, 0x40, 0x2e,
    0xe0, 0x5, 0xfd, 0xdd, 0xdd, 0xf4, 0x1d, 0x9f,
    0x30, 0x5d, 0x22, 0x22, 0x2d, 0x46, 0xa0, 0xb7,
    0x1, 0x21, 0x11, 0x11, 0x21, 0x0, 0x9, 0xa0,
    0xef, 0xff, 0xff, 0xff, 0xd0, 0x4, 0xfc, 0xe,
    0x40, 0x0, 0x0, 0x4d, 0x3, 0xe7, 0xd0, 0xee,
    0xee, 0xee, 0xee, 0xd5, 0xf4, 0x3e, 0xe, 0x52,
    0x22, 0x22, 0x6d, 0x24, 0x3, 0xe0, 0xe4, 0x0,
    0x0, 0x5, 0xd0, 0x0, 0x4d, 0xe, 0xff, 0xff,
    0xff, 0xfd, 0x0, 0x6, 0xc0, 0xe4, 0x0, 0x0,
    0x4, 0xd2, 0x54, 0xd7, 0xe, 0x40, 0x2, 0x33,
    0xac, 0x4f, 0xfa, 0x0, 0xe4, 0x0, 0x8e, 0xfe,
    0x50,

    /* U+72FA "狺" */
    0x0, 0x0, 0x0, 0x0, 0x0, 0x10, 0x0, 0x0,
    0x27, 0x0, 0x50, 0x0, 0x7, 0xb0, 0x0, 0x0,
    0x2e, 0x77, 0xd1, 0x11, 0x12, 0xe3, 0x11, 0x10,
    0x3, 0xff, 0x39, 0xff, 0xff, 0xff, 0xff, 0xfb,
    0x4, 0xfc, 0x0, 0x0, 0x0, 0x0, 0x0, 0x0,
    0x6f, 0x5f, 0x30, 0x9d, 0xdd, 0xdd, 0xdd, 0xb0,
    0x24, 0xb, 0x70, 0x23, 0x33, 0x33, 0x33, 0x20,
    0x0, 0xd, 0xa0, 0x0, 0x0, 0x0, 0x0, 0x0,
    0x0, 0xaf, 0xc0, 0xbf, 0xff, 0xff, 0xff, 0xe0,
    0xa, 0xd5, 0xe0, 0x0, 0x0, 0x0, 0x0, 0x0,
    0x8d, 0x23, 0xf0, 0x7c, 0xcc, 0xcc, 0xcc, 0x90,
    0x1, 0x2, 0xf0, 0x9a, 0x44, 0x44, 0x48, 0xc0,
    0x0, 0x3, 0xf0, 0x99, 0x0, 0x0, 0x6, 0xc0,
    0x0, 0x5, 0xd0, 0x99, 0x0, 0x0, 0x6, 0xc0,
    0x57, 0x4d, 0x90, 0x9f, 0xff, 0xff, 0xff, 0xc0,
    0x4f, 0xfb, 0x10, 0x99, 0x0, 0x0, 0x6, 0xc0,

    /* U+72FB "狻" */
    0x0, 0x0, 0x0, 0x0, 0x6, 0x0, 0x0, 0x0,
    0x66, 0x4, 0xc0, 0x0, 0x9e, 0x10, 0x0, 0x0,
    0x3f, 0x4e, 0x60, 0x5, 0xf3, 0x5, 0xc1, 0x0,
    0x8, 0xfb, 0x0, 0x5f, 0x40, 0x0, 0xbc, 0x10,
    0x8, 0xf4, 0x5, 0xfe, 0xbc, 0xdd, 0xef, 0xc0,
    0x8e, 0xba, 0x2, 0x87, 0x54, 0x33, 0x33, 0xc2,
    0x52, 0x5d, 0x0, 0x3e, 0x60, 0x6, 0xe6, 0x0,
    0x0, 0x1f, 0x18, 0xf7, 0x30, 0x0, 0x7f, 0xd2,
    0x0, 0x9f, 0x5d, 0x33, 0xf4, 0x0, 0x1, 0xa1,
    0x6, 0xee, 0x40, 0x1e, 0xff, 0xff, 0xfc, 0x0,
    0x6f, 0x3c, 0x41, 0xdf, 0x40, 0x1, 0xd7, 0x0,
    0x94, 0xc, 0x6d, 0xb6, 0xe2, 0xa, 0xc0, 0x0,
    0x0, 0xc, 0x46, 0x0, 0x9e, 0xbd, 0x10, 0x0,
    0x0, 0xe, 0x30, 0x0, 0x6f, 0xfa, 0x20, 0x0,
    0x44, 0x7f, 0x14, 0x9e, 0xe6, 0x3c, 0xfb, 0x72,
    0x9f, 0xe5, 0x6f, 0xb6, 0x0, 0x0, 0x49, 0xe4,
    0x0, 0x0, 0x1, 0x0, 0x0, 0x0, 0x0, 0x0,

    /* U+7301 "猁" */
    0x24, 0x3, 0x51, 0x24, 0x57, 0x0, 0x0, 0xc0,
    0x2e, 0x3e, 0x5c, 0xcf, 0xa7, 0x10, 0x0, 0xf1,
    0x8, 0xfa, 0x0, 0xe, 0x20, 0xc, 0x30, 0xf1,
    0x9, 0xf3, 0x0, 0xe, 0x20, 0xd, 0x40, 0xf1,
    0x8e, 0xc7, 0x4e, 0xef, 0xee, 0x6d, 0x40, 0xf1,
    0x42, 0x6b, 0x3, 0x5f, 0x53, 0x1d, 0x40, 0xf1,
    0x0, 0x6d, 0x0, 0x8f, 0x40, 0xd, 0x40, 0xf1,
    0x1, 0xef, 0x0, 0xef, 0xe7, 0xd, 0x40, 0xf1,
    0xc, 0x9f, 0x5, 0xbe, 0x5f, 0x3d, 0x40, 0xf1,
    0x8c, 0xf, 0x1d, 0x5e, 0x24, 0x1d, 0x40, 0xf1,
    0x21, 0xf, 0x9d, 0xe, 0x20, 0xd, 0x40, 0xf1,
    0x0, 0xf, 0xa5, 0xe, 0x20, 0x2, 0x0, 0xf1,
    0x0, 0xf, 0x0, 0xe, 0x20, 0x0, 0x0, 0xf1,
    0x12, 0x7d, 0x0, 0xe, 0x20, 0x2, 0x14, 0xf0,
    0x5f, 0xe4, 0x0, 0xe, 0x20, 0xf, 0xff, 0xb0,
    0x0, 0x0, 0x0, 0x0, 0x0, 0x1, 0x21, 0x0,

    /* U+7303 "猃" */
    0x4, 0x0, 0x53, 0x0, 0x7, 0xd0, 0x0, 0x0,
    0x2f, 0x52, 0xf3, 0x0, 0x2f, 0xe9, 0x0, 0x0,
    0x4, 0xfd, 0x80, 0x0, 0xc9, 0x2f, 0x60, 0x0,
    0x0, 0xdd, 0x0, 0xa, 0xd0, 0x4, 0xf6, 0x0,
    0x1c, 0xcf, 0x20, 0x9e, 0x20, 0x0, 0x5f, 0x90,
    0x6b, 0xb, 0x79, 0xe6, 0x33, 0x33, 0x36, 0xe8,
    0x0, 0x9, 0xa1, 0x2c, 0xdd, 0xdd, 0xd7, 0x10,
    0x0, 0x4f, 0xc0, 0x0, 0x7, 0x10, 0x3, 0x0,
    0x3, 0xe8, 0xe0, 0xd4, 0xc, 0x50, 0x3f, 0x10,
    0x5f, 0x52, 0xf0, 0x99, 0x8, 0xa0, 0x8c, 0x0,
    0x34, 0x2, 0xf0, 0x5e, 0x4, 0xe0, 0xd6, 0x0,
    0x0, 0x2, 0xf0, 0x1f, 0x21, 0x93, 0xf0, 0x0,
    0x0, 0x4, 0xe0, 0x1, 0x0, 0x8, 0xa0, 0x0,
    0x36, 0x5d, 0x99, 0xff, 0xff, 0xff, 0xff, 0xf4,
    0x4f, 0xfb, 0x11, 0x22, 0x22, 0x22, 0x22, 0x20,

    /* U+730A "猊" */
    0x5, 0x0, 0x51, 0x2, 0x89, 0x1, 0x11, 0x10,
    0x0, 0xd8, 0x4f, 0x2e, 0xeb, 0x51, 0xff, 0xfe,
    0x0, 0x2, 0xfe, 0x50, 0xf3, 0x0, 0x0, 0x3,
    0xe0, 0x0, 0x4e, 0xd0, 0xf, 0x30, 0x0, 0x0,
    0x3e, 0x0, 0x5f, 0x7f, 0x10, 0xff, 0xeb, 0xe,
    0xef, 0xe0, 0x0, 0x30, 0xd5, 0xf, 0x52, 0x10,
    0x22, 0x5e, 0x0, 0x0, 0xc, 0x70, 0xf3, 0x0,
    0x0, 0x3, 0xe0, 0x0, 0x7, 0xf9, 0xf, 0x41,
    0x11, 0x11, 0x5e, 0x0, 0x3, 0xfb, 0xa0, 0xff,
    0xff, 0xff, 0xff, 0xe0, 0x2, 0xe7, 0x6b, 0x7,
    0x1a, 0x70, 0xf3, 0x17, 0x0, 0x38, 0x6, 0xb0,
    0x0, 0xc5, 0xf, 0x30, 0x0, 0x0, 0x0, 0x6b,
    0x0, 0x1f, 0x20, 0xf3, 0x2, 0xc0, 0x0, 0x8,
    0xa0, 0xa, 0xc0, 0xf, 0x30, 0x3f, 0x1, 0x44,
    0xe6, 0x1a, 0xf3, 0x0, 0xe6, 0x18, 0xd0, 0x1f,
    0xfa, 0xd, 0xd3, 0x0, 0x7, 0xff, 0xf6, 0x0,
    0x0, 0x0, 0x20, 0x0, 0x0, 0x0, 0x0, 0x0,

    /* U+7313 "猓" */
    0x0, 0x0, 0x0, 0x0, 0x0, 0x0, 0x0, 0x0,
    0x5, 0xa0, 0x7, 0xb, 0xcc, 0xcc, 0xcc, 0xca,
    0x0, 0x1d, 0x78, 0xc0, 0xe6, 0x44, 0xf4, 0x46,
    0xe0, 0x0, 0x3f, 0xf2, 0xe, 0x30, 0x1f, 0x0,
    0x3e, 0x0, 0x2, 0xfa, 0x0, 0xee, 0xee, 0xfe,
    0xee, 0xe0, 0x3, 0xea, 0xf0, 0xe, 0x42, 0x3f,
    0x22, 0x5e, 0x0, 0x47, 0xe, 0x30, 0xe3, 0x1,
    0xf0, 0x3, 0xe0, 0x0, 0x0, 0xd6, 0xe, 0xff,
    0xff, 0xff, 0xfe, 0x0, 0x0, 0x8f, 0x80, 0x93,
    0x12, 0xf1, 0x13, 0x80, 0x0, 0x5e, 0x9a, 0x0,
    0x0, 0x1f, 0x10, 0x0, 0x0, 0x5f, 0x46, 0xbb,
    0xff, 0xff, 0xff, 0xff, 0xfd, 0x4, 0x50, 0x5b,
    0x0, 0x2, 0xef, 0xd1, 0x0, 0x0, 0x0, 0x6,
    0xb0, 0x4, 0xe6, 0xf7, 0xd2, 0x0, 0x0, 0x0,
    0x89, 0x8, 0xf4, 0x1f, 0x6, 0xf8, 0x10, 0x24,
    0x5e, 0x7e, 0xc2, 0x1, 0xf0, 0x3, 0xcd, 0x4,
    0xff, 0x90, 0x40, 0x0, 0x1f, 0x0, 0x0, 0x10,

    /* U+7315 "猕" */
    0x0, 0x0, 0x0, 0x0, 0x0, 0x0, 0x0, 0x0,
    0x54, 0x0, 0x2, 0x22, 0x0, 0xc4, 0x0, 0x0,
    0x3e, 0x2d, 0x6d, 0xdf, 0x31, 0xf1, 0x0, 0x0,
    0x8, 0xf9, 0x0, 0xc, 0x36, 0xfc, 0xcc, 0xc7,
    0xa, 0xf2, 0x0, 0xc, 0x3d, 0x62, 0x22, 0xb7,
    0x8a, 0xa7, 0xc, 0xef, 0x7e, 0x1, 0x31, 0xf1,
    0x10, 0x6a, 0xf, 0x3d, 0x33, 0x5, 0xc1, 0x80,
    0x0, 0x4d, 0xf, 0x3, 0x0, 0x65, 0xc3, 0x40,
    0x0, 0xbe, 0x2e, 0x0, 0x4, 0xc5, 0xc5, 0xa0,
    0x9, 0xdf, 0x4f, 0xff, 0x19, 0x85, 0xc1, 0xe0,
    0x9d, 0x1f, 0x0, 0xf, 0xd, 0x35, 0xc0, 0xe2,
    0x10, 0xf, 0x0, 0x1f, 0x3e, 0x5, 0xc0, 0xa6,
    0x0, 0xf, 0x0, 0x2e, 0x99, 0x5, 0xc0, 0x7a,
    0x0, 0x1f, 0x0, 0x3d, 0x53, 0x5, 0xc0, 0x24,
    0x23, 0x9c, 0x45, 0xaa, 0x4, 0x4a, 0xb0, 0x0,
    0x8f, 0xd3, 0x9e, 0xb2, 0xa, 0xfd, 0x40, 0x0,
    0x0, 0x0, 0x0, 0x0, 0x0, 0x0, 0x0, 0x0,

    /* U+7317 "猗" */
    0x0, 0x0, 0x0, 0x0, 0x0, 0x70, 0x0, 0x0,
    0x3b, 0x0, 0x83, 0x0, 0x2, 0xf0, 0x0, 0x0,
    0xc, 0x96, 0xe4, 0xcc, 0xcd, 0xfc, 0xcc, 0xc1,
    0x2, 0xff, 0x40, 0x44, 0x4d, 0xc4, 0x44, 0x40,
    0x3, 0xfc, 0x0, 0x0, 0xae, 0xdd, 0x70, 0x0,
    0x4f, 0x9f, 0x10, 0x7e, 0xc2, 0x5, 0xdf, 0x60,
    0x46, 0xd, 0x50, 0x66, 0x0, 0x0, 0x5, 0x30,
    0x0, 0xc, 0x8e, 0xff, 0xff, 0xff, 0xff, 0xfb,
    0x0, 0x8f, 0x90, 0x0, 0x0, 0x0, 0xd, 0x40,
    0x7, 0xe8, 0xb0, 0xbf, 0xff, 0xf2, 0xd, 0x40,
    0x8e, 0x25, 0xb0, 0xc5, 0x0, 0xe2, 0xd, 0x40,
    0x11, 0x5, 0xc0, 0xc4, 0x0, 0xe2, 0xd, 0x40,
    0x0, 0x5, 0xb0, 0xcf, 0xff, 0xf2, 0xd, 0x40,
    0x0, 0x7, 0xa0, 0x94, 0x0, 0x0, 0xd, 0x40,
    0x24, 0x4e, 0x50, 0x0, 0x0, 0x22, 0x4f, 0x30,
    0x5f, 0xfa, 0x0, 0x0, 0x0, 0xff, 0xfa, 0x0,
    0x0, 0x0, 0x0, 0x0, 0x0, 0x0, 0x0, 0x0,

    /* U+731D "猝" */
    0x0, 0x0, 0x0, 0x0, 0x0, 0x20, 0x0, 0x0,
    0x5, 0x0, 0xb3, 0x0, 0x4, 0xf1, 0x0, 0x0,
    0xd, 0x58, 0xd0, 0x22, 0x22, 0xc6, 0x22, 0x20,
    0x4, 0xff, 0x31, 0xff, 0xff, 0xff, 0xff, 0xf7,
    0x4, 0xfa, 0x0, 0x3, 0x60, 0x0, 0x18, 0x0,
    0x5f, 0xbe, 0x0, 0xb, 0x70, 0x0, 0x6b, 0x0,
    0x46, 0xf, 0x30, 0x2f, 0xe2, 0x0, 0xdb, 0x0,
    0x0, 0xd, 0x60, 0xb9, 0x8e, 0x26, 0xdc, 0xb0,
    0x0, 0x7f, 0x86, 0xf1, 0x9, 0x6f, 0x30, 0xc9,
    0x4, 0xfa, 0xa3, 0x50, 0x0, 0x46, 0x0, 0x12,
    0x4f, 0x57, 0xb0, 0x0, 0x0, 0xf4, 0x0, 0x0,
    0x46, 0x6, 0xba, 0xff, 0xff, 0xff, 0xff, 0xfc,
    0x0, 0x6, 0xb1, 0x22, 0x22, 0xf5, 0x22, 0x21,
    0x0, 0x8, 0xa0, 0x0, 0x0, 0xf4, 0x0, 0x0,
    0x12, 0x3d, 0x60, 0x0, 0x0, 0xf4, 0x0, 0x0,
    0x2f, 0xfb, 0x0, 0x0, 0x0, 0xf4, 0x0, 0x0,
    0x0, 0x0, 0x0, 0x0, 0x0, 0x0, 0x0, 0x0,

    /* U+731E "猞" */
    0x0, 0x0, 0x0, 0x0, 0x0, 0x30, 0x0, 0x0,
    0x8, 0x0, 0x34, 0x0, 0x9, 0xf5, 0x0, 0x0,
    0xd, 0x91, 0xe6, 0x0, 0x6c, 0x7f, 0x20, 0x0,
    0x2, 0xfc, 0xb0, 0x6, 0xd1, 0x9, 0xe2, 0x0,
    0x0, 0xcf, 0x0, 0x9d, 0x31, 0x11, 0xaf, 0x60,
    0x2d, 0xdf, 0x3d, 0xbc, 0xff, 0xff, 0xf8, 0xf6,
    0x8b, 0xc, 0x64, 0x0, 0x2, 0xf0, 0x0, 0x20,
    0x0, 0xa, 0xa0, 0x22, 0x24, 0xf2, 0x22, 0x10,
    0x0, 0x4f, 0xc5, 0xff, 0xff, 0xff, 0xff, 0xd0,
    0x1, 0xec, 0xd0, 0x0, 0x2, 0xf0, 0x0, 0x0,
    0x1d, 0xb4, 0xe0, 0x34, 0x46, 0xf4, 0x44, 0x10,
    0x5c, 0x3, 0xf0, 0xed, 0xdd, 0xdd, 0xdf, 0x40,
    0x0, 0x3, 0xe0, 0xe4, 0x0, 0x0, 0xd, 0x40,
    0x0, 0x6, 0xd0, 0xe4, 0x0, 0x0, 0xd, 0x40,
    0x27, 0x7e, 0x80, 0xef, 0xff, 0xff, 0xff, 0x40,
    0x2d, 0xc8, 0x0, 0xe5, 0x11, 0x11, 0x1d, 0x40,

    /* U+7321 "猡" */
    0x2, 0x0, 0x72, 0x33, 0x33, 0x33, 0x33, 0x30,
    0x1f, 0x35, 0xe3, 0xfd, 0xdf, 0xdf, 0xdd, 0xf0,
    0x7, 0xdf, 0x42, 0xf0, 0x3d, 0xe, 0x21, 0xf0,
    0x2, 0xfa, 0x2, 0xf0, 0x3d, 0xe, 0x21, 0xf0,
    0x2e, 0xdd, 0x2, 0xf4, 0x7e, 0x4f, 0x65, 0xf0,
    0x79, 0xf, 0x22, 0xfc, 0xcc, 0xcc, 0xcc, 0xf0,
    0x0, 0xd, 0x60, 0x30, 0x7b, 0x0, 0x0, 0x30,
    0x0, 0x6f, 0x80, 0x2, 0xfe, 0xee, 0xee, 0xa0,
    0x3, 0xe9, 0xa0, 0xd, 0x63, 0x33, 0x3e, 0x80,
    0x3f, 0x56, 0xb0, 0xc8, 0x0, 0x0, 0x7e, 0x0,
    0x26, 0x6, 0xbc, 0xa3, 0xe2, 0x4, 0xf5, 0x0,
    0x0, 0x6, 0xb4, 0x0, 0x9e, 0x6f, 0x60, 0x0,
    0x0, 0x8, 0xa0, 0x0, 0xd, 0xf6, 0x0, 0x0,
    0x3, 0x2d, 0x80, 0x38, 0xeb, 0x20, 0x0, 0x0,
    0xf, 0xfc, 0x1c, 0xea, 0x40, 0x0, 0x0, 0x0,
    0x0, 0x0, 0x1, 0x0, 0x0, 0x0, 0x0, 0x0,

    /* U+7322 "猢" */
    0x0, 0x0, 0x0, 0x5, 0x0, 0x0, 0x0, 0x0,
    0x54, 0x6, 0xa0, 0x2e, 0x0, 0x12, 0x22, 0x20,
    0x7e, 0x1e, 0x60, 0x2e, 0x0, 0xcf, 0xee, 0xf0,
    0xb, 0xec, 0x1, 0x3e, 0x10, 0xc5, 0x1, 0xf0,
    0x8, 0xf3, 0x4f, 0xff, 0xf8, 0xc5, 0x1, 0xf0,
    0x7e, 0xc8, 0x0, 0x2e, 0x0, 0xc8, 0x56, 0xf0,
    0x21, 0x5c, 0x0, 0x2e, 0x0, 0xcb, 0x89, 0xf0,
    0x0, 0x2f, 0x8, 0xdf, 0xc3, 0xc5, 0x1, 0xf0,
    0x0, 0xaf, 0x2b, 0x83, 0xb4, 0xc5, 0x1, 0xf0,
    0x7, 0xff, 0x3b, 0x60, 0xa4, 0xc7, 0x44, 0xf0,
    0x6f, 0x4d, 0x4b, 0x60, 0xa4, 0xdd, 0xdd, 0xf0,
    0x75, 0xc, 0x5b, 0x60, 0xa4, 0xe3, 0x1, 0xf0,
    0x0, 0xc, 0x5b, 0x60, 0xa5, 0xf1, 0x1, 0xf0,
    0x0, 0xe, 0x4b, 0xff, 0xfa, 0xd0, 0x1, 0xf0,
    0x35, 0x8f, 0xa, 0x50, 0xc, 0x71, 0x35, 0xf0,
    0x5d, 0xd5, 0x0, 0x0, 0x3e, 0x12, 0xff, 0x90,
    0x0, 0x0, 0x0, 0x0, 0x1, 0x0, 0x0, 0x0,

    /* U+7325 "猥" */
    0x3a, 0x0, 0x91, 0xab, 0xbb, 0xbb, 0xbb, 0x90,
    0x1, 0xd8, 0x7d, 0xe, 0x64, 0x4f, 0x44, 0x7d,
    0x0, 0x3, 0xff, 0x30, 0xe2, 0x0, 0xf0, 0x3,
    0xd0, 0x0, 0x2e, 0xb0, 0xe, 0xff, 0xff, 0xff,
    0xfd, 0x0, 0x3e, 0xbf, 0x10, 0xe2, 0x0, 0xf0,
    0x3, 0xd0, 0x7, 0x90, 0xe4, 0xe, 0x53, 0x3f,
    0x33, 0x6d, 0x0, 0x0, 0xb, 0x80, 0xed, 0xcc,
    0xcc, 0xcd, 0xd0, 0x0, 0x5, 0xfa, 0x0, 0x0,
    0x0, 0x0, 0x0, 0x0, 0x5, 0xe9, 0xbc, 0xff,
    0xff, 0xff, 0xff, 0xfd, 0x6, 0xf4, 0x5c, 0xa,
    0x70, 0x8a, 0x0, 0x3, 0x0, 0x34, 0x5, 0xc0,
    0xa7, 0x2, 0xf2, 0x1b, 0xd0, 0x0, 0x0, 0x5c,
    0xa, 0x70, 0x8, 0xde, 0xa1, 0x0, 0x0, 0x8,
    0xa0, 0xa7, 0x4, 0x4b, 0xe4, 0x0, 0x2, 0x44,
    0xe6, 0xa, 0xac, 0xf5, 0x9, 0xfb, 0x40, 0x4f,
    0xfb, 0x0, 0xef, 0x91, 0x0, 0x3, 0xba, 0x0,
    0x0, 0x0, 0x4, 0x10, 0x0, 0x0, 0x0, 0x0,

    /* U+732C "猬" */
    0x2a, 0x0, 0x91, 0xee, 0xee, 0xee, 0xee, 0xc0,
    0xd8, 0x6e, 0xf, 0x22, 0x2f, 0x22, 0x4e, 0x3,
    0xfe, 0x50, 0xf2, 0x11, 0xf2, 0x14, 0xe0, 0xd,
    0xd0, 0xf, 0xee, 0xef, 0xee, 0xee, 0x2d, 0xbf,
    0x10, 0xf1, 0x0, 0xf1, 0x3, 0xe4, 0x80, 0xc6,
    0xf, 0xff, 0xff, 0xff, 0xfe, 0x0, 0xc, 0x90,
    0x40, 0x0, 0x0, 0x0, 0x30, 0x9, 0xfb, 0x5,
    0xff, 0xff, 0xff, 0xf3, 0x9, 0xe6, 0xd0, 0x5c,
    0x0, 0x0, 0xe, 0x37, 0xe2, 0x3e, 0x5, 0xfe,
    0xee, 0xee, 0xf3, 0x1, 0x3, 0xe0, 0x5c, 0x0,
    0x0, 0xe, 0x30, 0x0, 0x4e, 0x5, 0xfe, 0xee,
    0xee, 0xf3, 0x0, 0x6, 0xc0, 0x5c, 0x0, 0x0,
    0xe, 0x32, 0x44, 0xd7, 0x5, 0xc0, 0x2, 0x35,
    0xf1, 0x4f, 0xfa, 0x0, 0x5c, 0x0, 0x8e, 0xd8,
    0x0,

    /* U+7331 "猱" */
    0x49, 0x0, 0x65, 0x7d, 0xdd, 0xdd, 0xdd, 0xb0,
    0x1, 0xe7, 0x3f, 0x41, 0x97, 0x22, 0x29, 0xf6,
    0x0, 0x4, 0xfe, 0x80, 0x6, 0xdc, 0x5c, 0xc2,
    0x0, 0x0, 0x1e, 0xd0, 0x0, 0x0, 0x6e, 0x81,
    0x0, 0x0, 0x2d, 0xdf, 0x5, 0xee, 0xef, 0xff,
    0xee, 0xf6, 0x5, 0x90, 0xe4, 0x0, 0x9, 0xc5,
    0xd0, 0xf, 0x20, 0x0, 0xc, 0x70, 0x7e, 0xa0,
    0x6c, 0x5, 0xd0, 0x0, 0x5, 0xf9, 0x6d, 0x4c,
    0xff, 0x60, 0x23, 0x0, 0x3, 0xea, 0xa0, 0x0,
    0x2, 0xb0, 0x0, 0x0, 0x4, 0xf6, 0x6b, 0x24,
    0x44, 0x5f, 0x44, 0x44, 0x20, 0x57, 0x6, 0xb7,
    0xbb, 0xcf, 0xff, 0xbb, 0xb6, 0x0, 0x0, 0x6b,
    0x0, 0x1d, 0x8f, 0x8b, 0x0, 0x0, 0x0, 0x9,
    0x90, 0x3e, 0x92, 0xf0, 0xbc, 0x20, 0x3, 0x45,
    0xe6, 0x9f, 0x80, 0x2f, 0x0, 0xaf, 0x90, 0x6f,
    0xf9, 0x1c, 0x40, 0x2, 0xf0, 0x0, 0x56, 0x0,

    /* U+7338 "猸" */
    0x14, 0x0, 0x50, 0x33, 0x33, 0x33, 0x33, 0x30,
    0x3f, 0x28, 0xc1, 0xfc, 0xcc, 0xfc, 0xcc, 0xf1,
    0x9, 0xde, 0x20, 0xf0, 0x1, 0xf0, 0x0, 0xf1,
    0x5, 0xf6, 0x0, 0xf1, 0x2, 0xf0, 0x0, 0xf1,
    0x7f, 0xc9, 0x0, 0xff, 0xff, 0xff, 0xff, 0xf1,
    0x63, 0x4d, 0x0, 0xf0, 0x0, 0x0, 0x0, 0x70,
    0x0, 0x2f, 0x0, 0xf3, 0xee, 0xee, 0xee, 0xd0,
    0x0, 0xaf, 0x21, 0xf3, 0xe0, 0x0, 0x3, 0xe0,
    0x7, 0xce, 0x32, 0xf3, 0xfc, 0xcc, 0xcd, 0xe0,
    0x5f, 0x3c, 0x44, 0xd3, 0xe3, 0x33, 0x35, 0xe0,
    0x36, 0xc, 0x56, 0xb3, 0xe0, 0x0, 0x3, 0xe0,
    0x0, 0xc, 0x5a, 0x83, 0xfe, 0xee, 0xee, 0xe0,
    0x0, 0xd, 0x5f, 0x33, 0xe0, 0x0, 0x2, 0xe0,
    0x12, 0x5f, 0x9d, 0x3, 0xfe, 0xee, 0xee, 0xe0,
    0x5f, 0xf7, 0x74, 0x3, 0xe0, 0x0, 0x3, 0xe0,
    0x0, 0x0, 0x0, 0x0, 0x0, 0x0, 0x0, 0x0,

    /* U+7339 "猹" */
    0x0, 0x0, 0x0, 0x0, 0x0, 0x70, 0x0, 0x0,
    0x3b, 0x0, 0x91, 0x0, 0x2, 0xf0, 0x0, 0x0,
    0xb, 0xa8, 0xd3, 0xcc, 0xcc, 0xfc, 0xcc, 0xc0,
    0x1, 0xff, 0x20, 0x33, 0x6e, 0xfd, 0x53, 0x30,
    0x2, 0xec, 0x0, 0x5, 0xd4, 0xf4, 0xd4, 0x0,
    0x3e, 0x8f, 0x24, 0xcd, 0x22, 0xf0, 0x4e, 0xc3,
    0x47, 0xb, 0x67, 0x90, 0x1, 0x80, 0x1, 0x91,
    0x0, 0xb, 0x90, 0x5f, 0xff, 0xff, 0xff, 0x20,
    0x0, 0x7f, 0xb0, 0x5c, 0x0, 0x0, 0xe, 0x20,
    0x6, 0xd6, 0xc0, 0x5f, 0xcc, 0xcc, 0xcf, 0x20,
    0x7e, 0x24, 0xd0, 0x5d, 0x33, 0x33, 0x3f, 0x20,
    0x12, 0x3, 0xe0, 0x5c, 0x0, 0x0, 0xe, 0x20,
    0x0, 0x4, 0xd0, 0x5f, 0xff, 0xff, 0xff, 0x20,
    0x0, 0x6, 0xc0, 0x38, 0x0, 0x0, 0x9, 0x10,
    0x24, 0x3d, 0x70, 0x0, 0x0, 0x0, 0x0, 0x0,
    0x4f, 0xfc, 0x2f, 0xff, 0xff, 0xff, 0xff, 0xf8,
    0x0, 0x0, 0x0, 0x0, 0x0, 0x0, 0x0, 0x0,

    /* U+734D "獍" */
    0x0, 0x0, 0x0, 0x0, 0x2, 0x30, 0x0, 0x0,
    0x19, 0x0, 0x75, 0x0, 0x4, 0xe1, 0x0, 0x0,
    0xc, 0x94, 0xf3, 0xef, 0xff, 0xff, 0xff, 0xd0,
    0x2, 0xfe, 0x70, 0x5, 0x80, 0x0, 0xb2, 0x0,
    0x2, 0xec, 0x0, 0x2, 0xf1, 0x5, 0xe0, 0x0,
    0x4f, 0xbf, 0xb, 0xff, 0xff, 0xff, 0xff, 0xf8,
    0x16, 0xe, 0x40, 0x0, 0x0, 0x0, 0x0, 0x0,
    0x0, 0xc, 0x60, 0xfe, 0xee, 0xee, 0xef, 0x80,
    0x0, 0x6f, 0x80, 0xf2, 0x0, 0x0, 0x8, 0x90,
    0x3, 0xfb, 0xa0, 0xfe, 0xdd, 0xdd, 0xde, 0x90,
    0x3f, 0x67, 0xb0, 0xf2, 0x0, 0x0, 0x8, 0x90,
    0x26, 0x6, 0xb0, 0xfe, 0xff, 0xef, 0xef, 0x90,
    0x0, 0x6, 0xb0, 0x50, 0xb6, 0xf, 0x12, 0x45,
    0x0, 0x7, 0xa0, 0x1, 0xf3, 0xf, 0x10, 0x3d,
    0x0, 0xb, 0x80, 0x4d, 0xa0, 0xf, 0x30, 0x7b,
    0x1f, 0xfe, 0x2d, 0xe7, 0x0, 0x9, 0xff, 0xf4,
    0x3, 0x30, 0x2, 0x0, 0x0, 0x0, 0x0, 0x0,

    /* U+7350 "獐" */
    0x0, 0x0, 0x0, 0x0, 0x2, 0x50, 0x0, 0x0,
    0x48, 0x0, 0x63, 0x0, 0x3, 0xf1, 0x0, 0x0,
    0x1e, 0x64, 0xf5, 0xff, 0xff, 0xff, 0xff, 0xf3,
    0x4, 0xfe, 0x50, 0x6, 0x60, 0x0, 0x58, 0x0,
    0x1, 0xeb, 0x0, 0x3, 0xf1, 0x0, 0xe6, 0x0,
    0x2e, 0xce, 0xb, 0xff, 0xff, 0xff, 0xff, 0xfb,
    0x69, 0xe, 0x30, 0x0, 0x0, 0x0, 0x0, 0x0,
    0x0, 0xb, 0x60, 0xce, 0xee, 0xee, 0xee, 0xc0,
    0x0, 0x4f, 0x90, 0xc4, 0x0, 0x0, 0x4, 0xc0,
    0x3, 0xeb, 0xa0, 0xce, 0xee, 0xee, 0xee, 0xc0,
    0x3f, 0x76, 0xb0, 0xc4, 0x0, 0x0, 0x4, 0xc0,
    0x57, 0x5, 0xb0, 0xce, 0xee, 0xfe, 0xee, 0xc0,
    0x0, 0x6, 0xb0, 0x41, 0x0, 0xf0, 0x1, 0x40,
    0x0, 0x8, 0x9b, 0xff, 0xff, 0xff, 0xff, 0xfb,
    0x24, 0x4e, 0x50, 0x0, 0x0, 0xf0, 0x0, 0x0,
    0x5f, 0xf9, 0x0, 0x0, 0x0, 0xf0, 0x0, 0x0,

    /* U+7357 "獗" */
    0x44, 0x3, 0x51, 0x11, 0x11, 0x11, 0x11, 0x11,
    0x4e, 0x1c, 0x4e, 0xff, 0xff, 0xff, 0xff, 0xfb,
    0x8, 0xe9, 0xe, 0x18, 0x10, 0x54, 0x28, 0x0,
    0x7, 0xf2, 0xe, 0x18, 0xb0, 0xd2, 0x78, 0x0,
    0x8d, 0xb6, 0xe, 0x6b, 0xdc, 0xf9, 0xdd, 0xc7,
    0x21, 0x5a, 0xe, 0x33, 0x4e, 0x37, 0xc3, 0x87,
    0x0, 0x3d, 0xe, 0x2d, 0x1d, 0x3b, 0x65, 0xc2,
    0x0, 0xbf, 0xe, 0x2e, 0x1d, 0x4a, 0x3b, 0x50,
    0x9, 0xbf, 0xf, 0x2e, 0x1d, 0x4a, 0x4b, 0x0,
    0x9c, 0x1e, 0x1f, 0x1f, 0xbe, 0xba, 0x6a, 0x0,
    0x11, 0xe, 0x2e, 0x5, 0x8c, 0x7a, 0x9d, 0x0,
    0x0, 0xe, 0x4c, 0x0, 0x88, 0x0, 0xdd, 0x20,
    0x0, 0xf, 0x79, 0x0, 0xe3, 0x5, 0xc7, 0x70,
    0x33, 0x8c, 0xb5, 0xa, 0xb0, 0x2e, 0x31, 0xe1,
    0x7f, 0xd4, 0xe0, 0x8e, 0x10, 0xe7, 0x0, 0x8a,
    0x0, 0x0, 0x20, 0x12, 0x0, 0x30, 0x0, 0x1,

    /* U+7360 "獠" */
    0x0, 0x0, 0x0, 0x0, 0x1, 0x50, 0x0, 0x0,
    0x5, 0xa0, 0x6, 0x0, 0x0, 0x5b, 0x0, 0x0,
    0x0, 0x1d, 0x76, 0xd9, 0xff, 0xff, 0xff, 0xff,
    0xf7, 0x0, 0x3f, 0xe3, 0x15, 0x1, 0xe6, 0xc0,
    0x14, 0x0, 0x2, 0xeb, 0x2, 0xda, 0xaa, 0xb,
    0x6c, 0xb0, 0x3, 0xeb, 0xf0, 0x1, 0xec, 0x0,
    0x1e, 0xa0, 0x0, 0x38, 0xe, 0x35, 0xef, 0xbb,
    0xbb, 0xdf, 0xb5, 0x0, 0x0, 0xc7, 0xcf, 0x63,
    0x33, 0x33, 0xfa, 0x90, 0x0, 0x6f, 0x80, 0xe4,
    0x11, 0x11, 0x1e, 0x20, 0x0, 0x3f, 0xda, 0xe,
    0xdc, 0xcc, 0xcc, 0xf2, 0x0, 0x3f, 0x96, 0xb0,
    0xe3, 0x0, 0x0, 0xe, 0x20, 0x4, 0x80, 0x5b,
    0xe, 0xff, 0xff, 0xff, 0xf2, 0x0, 0x0, 0x5,
    0xb0, 0x47, 0x3, 0xe0, 0x44, 0x0, 0x0, 0x0,
    0x89, 0x3f, 0x50, 0x3e, 0x6, 0xf6, 0x0, 0x26,
    0x7f, 0x7f, 0x62, 0x38, 0xe0, 0x4, 0xf6, 0x3,
    0xcc, 0x60, 0x50, 0x8f, 0xf7, 0x0, 0x4, 0x10,

    /* U+736C "獬" */
    0x0, 0x1, 0x0, 0x41, 0x0, 0x0, 0x0, 0x0,
    0x4b, 0xc, 0x40, 0xe1, 0x0, 0x6b, 0xbb, 0xb2,
    0xd, 0xac, 0x6, 0xfe, 0xe4, 0x37, 0xe6, 0xd3,
    0x6, 0xf3, 0xd, 0x30, 0xd1, 0x4, 0xb0, 0xb3,
    0xc, 0xf0, 0x6c, 0x16, 0xa1, 0x9, 0x70, 0xd2,
    0x9b, 0xd4, 0xbf, 0xdf, 0xdf, 0x3f, 0x8e, 0xe0,
    0x20, 0xa7, 0xe, 0xe, 0xe, 0x86, 0x17, 0x10,
    0x0, 0x7a, 0xe, 0xe, 0xe, 0xb, 0x3c, 0x0,
    0x1, 0xec, 0xf, 0xff, 0xff, 0x1f, 0x6d, 0x51,
    0xb, 0xcd, 0xe, 0xe, 0xe, 0x6e, 0xcf, 0xc4,
    0x9c, 0x2e, 0xe, 0x1e, 0x1e, 0xa6, 0x1c, 0x0,
    0x21, 0x1e, 0xf, 0xcf, 0xcf, 0x22, 0x3d, 0x11,
    0x0, 0x1e, 0x1d, 0xe, 0xe, 0x8f, 0xff, 0xf8,
    0x0, 0x2d, 0x5a, 0xe, 0xe, 0x0, 0x1c, 0x0,
    0x22, 0x99, 0xb6, 0x8, 0xe, 0x0, 0x1c, 0x0,
    0x7e, 0xc2, 0xc0, 0x4, 0xfa, 0x0, 0x1c, 0x0,
    0x0, 0x0, 0x0, 0x0, 0x0, 0x0, 0x0, 0x0,

    /* U+736F "獯" */
    0x64, 0x1, 0x60, 0x22, 0x33, 0x45, 0x67, 0x50,
    0x3e, 0x3a, 0xa1, 0xcc, 0xbc, 0xf9, 0x98, 0x60,
    0x6, 0xec, 0x5, 0x66, 0x68, 0xe6, 0x66, 0x62,
    0x6, 0xf6, 0x3, 0x55, 0x57, 0xe5, 0x55, 0x51,
    0x8d, 0x7b, 0x1, 0xcc, 0xcd, 0xfc, 0xcc, 0xa0,
    0x41, 0x1e, 0x2, 0xd3, 0x63, 0xd0, 0x74, 0xd0,
    0x0, 0x1f, 0x12, 0xd0, 0xa4, 0xd4, 0x83, 0xd0,
    0x0, 0xcf, 0x22, 0xfd, 0xdd, 0xfd, 0xdd, 0xd0,
    0xb, 0xac, 0x40, 0x40, 0x3, 0xd0, 0x1, 0x40,
    0xab, 0xc, 0x41, 0xdd, 0xdd, 0xfd, 0xdd, 0xa0,
    0x20, 0xc, 0x40, 0x0, 0x3, 0xd0, 0x0, 0x0,
    0x0, 0xc, 0x4d, 0xdd, 0xdd, 0xfd, 0xdd, 0xd7,
    0x0, 0xe, 0x22, 0x40, 0x20, 0x4, 0x2, 0x40,
    0x33, 0x8e, 0x9, 0xa0, 0xd3, 0xe, 0x13, 0xe0,
    0x9f, 0xd4, 0x2f, 0x30, 0x98, 0xa, 0x60, 0xb6,
    0x0, 0x0, 0x5, 0x0, 0x11, 0x1, 0x0, 0x10,

    /* U+737E "獾" */
    0x0, 0x0, 0x0, 0x0, 0x20, 0x2, 0x0, 0x0,
    0x77, 0x5, 0x80, 0x1, 0xe0, 0xc, 0x40, 0x0,
    0x2e, 0x4e, 0x4f, 0xff, 0xff, 0xff, 0xff, 0xf5,
    0x7, 0xf8, 0x0, 0x1, 0xc0, 0xa, 0x30, 0x0,
    0xa, 0xf3, 0xb, 0xcc, 0xc6, 0x5d, 0xcc, 0xa0,
    0x9c, 0xa8, 0xd, 0x10, 0x48, 0x68, 0x2, 0xc0,
    0x20, 0x4c, 0xd, 0xcc, 0xd8, 0x6e, 0xcd, 0xc0,
    0x0, 0x2f, 0x6, 0x46, 0x17, 0x93, 0x1, 0x50,
    0x0, 0xcf, 0x11, 0xec, 0x89, 0xf8, 0x88, 0x82,
    0x1c, 0xad, 0x3c, 0xe4, 0x44, 0xf5, 0x44, 0x41,
    0x9a, 0xc, 0xab, 0xfb, 0xbb, 0xfb, 0xbb, 0xa0,
    0x0, 0xc, 0x45, 0xe2, 0x22, 0xe3, 0x22, 0x10,
    0x0, 0xc, 0x45, 0xfc, 0xcc, 0xfc, 0xcc, 0xb0,
    0x0, 0xe, 0x25, 0xe1, 0x11, 0xe3, 0x11, 0x10,
    0x32, 0x6e, 0x5, 0xfc, 0xcc, 0xfc, 0xcc, 0xc5,
    0x7f, 0xe5, 0x5, 0xe0, 0x0, 0x0, 0x0, 0x0,
    0x0, 0x0, 0x0, 0x0, 0x0, 0x0, 0x0, 0x0,

    /* U+738E "玎" */
    0x0, 0x0, 0x0, 0x13, 0x33, 0x33, 0x33, 0x32,
    0xad, 0xdd, 0xdd, 0x7f, 0xff, 0xff, 0xff, 0xfc,
    0x23, 0x8d, 0x33, 0x0, 0x0, 0x1f, 0x20, 0x0,
    0x0, 0x6c, 0x0, 0x0, 0x0, 0x1f, 0x20, 0x0,
    0x0, 0x6c, 0x0, 0x0, 0x0, 0x1f, 0x20, 0x0,
    0x0, 0x6c, 0x0, 0x0, 0x0, 0x1f, 0x20, 0x0,
    0x7e, 0xff, 0xec, 0x0, 0x0, 0x1f, 0x20, 0x0,
    0x12, 0x7d, 0x22, 0x0, 0x0, 0x1f, 0x20, 0x0,
    0x0, 0x6c, 0x0, 0x0, 0x0, 0x1f, 0x20, 0x0,
    0x0, 0x6c, 0x0, 0x0, 0x0, 0x1f, 0x20, 0x0,
    0x0, 0x6c, 0x0, 0x0, 0x0, 0x1f, 0x20, 0x0,
    0x0, 0x6d, 0x8b, 0x80, 0x0, 0x1f, 0x20, 0x0,
    0x8e, 0xff, 0xc9, 0x30, 0x0, 0x2f, 0x20, 0x0,
    0x67, 0x30, 0x0, 0x4, 0x65, 0x9f, 0x0, 0x0,
    0x0, 0x0, 0x0, 0x9, 0xff, 0xe7, 0x0, 0x0,

    /* U+7391 "玑" */
    0x0, 0x0, 0x0, 0x6, 0x77, 0x77, 0x60, 0x0,
    0xae, 0xee, 0xee, 0x1e, 0xdb, 0xbd, 0xe0, 0x0,
    0x23, 0x9c, 0x33, 0xe, 0x50, 0x5, 0xe0, 0x0,
    0x0, 0x7b, 0x0, 0xe, 0x50, 0x5, 0xe0, 0x0,
    0x0, 0x7b, 0x0, 0xe, 0x50, 0x5, 0xe0, 0x0,
    0x12, 0x8b, 0x22, 0xe, 0x50, 0x5, 0xe0, 0x0,
    0x8f, 0xff, 0xfd, 0xe, 0x50, 0x5, 0xe0, 0x0,
    0x0, 0x7b, 0x0, 0xf, 0x40, 0x5, 0xe0, 0x0,
    0x0, 0x7b, 0x0, 0xf, 0x40, 0x5, 0xe0, 0x0,
    0x0, 0x7b, 0x0, 0x1f, 0x20, 0x5, 0xe0, 0x0,
    0x0, 0x7b, 0x37, 0x4f, 0x0, 0x5, 0xe0, 0x35,
    0x37, 0xdf, 0xfe, 0x9c, 0x0, 0x5, 0xe0, 0x6c,
    0xce, 0xa6, 0x21, 0xe6, 0x0, 0x5, 0xe0, 0x7b,
    0x10, 0x0, 0xa, 0xe0, 0x0, 0x4, 0xf4, 0xc8,
    0x0, 0x0, 0x7f, 0x40, 0x0, 0x0, 0xcf, 0xd2,
    0x0, 0x0, 0x15, 0x0, 0x0, 0x0, 0x0, 0x0,

    /* U+739F "玟" */
    0x0, 0x0, 0x0, 0x0, 0x0, 0x0, 0x0, 0x0,
    0x0, 0x0, 0x0, 0x0, 0xa, 0x90, 0x0, 0x0,
    0x57, 0x77, 0x77, 0x0, 0x3, 0xf5, 0x0, 0x0,
    0x8a, 0xce, 0xaa, 0x32, 0x22, 0xa8, 0x22, 0x21,
    0x0, 0x7b, 0x0, 0xff, 0xff, 0xff, 0xff, 0xf7,
    0x0, 0x7b, 0x0, 0xe, 0x30, 0x0, 0x3f, 0x0,
    0x1, 0x7b, 0x10, 0xb, 0x60, 0x0, 0x6c, 0x0,
    0xaf, 0xff, 0xfc, 0x6, 0xb0, 0x0, 0xb7, 0x0,
    0x0, 0x7b, 0x0, 0x1, 0xf2, 0x2, 0xf1, 0x0,
    0x0, 0x7b, 0x0, 0x0, 0x99, 0xa, 0x90, 0x0,
    0x0, 0x7b, 0x0, 0x0, 0x1e, 0x8e, 0x10, 0x0,
    0x0, 0x7c, 0x6c, 0x10, 0x8, 0xf7, 0x0, 0x0,
    0x16, 0xcf, 0xe9, 0x0, 0x6f, 0xbf, 0x60, 0x0,
    0xce, 0x93, 0x0, 0x1a, 0xf5, 0x7, 0xfa, 0x10,
    0x20, 0x0, 0x6, 0xed, 0x30, 0x0, 0x5e, 0xf5,
    0x0, 0x0, 0xc, 0x70, 0x0, 0x0, 0x0, 0x81,
    0x0, 0x0, 0x0, 0x0, 0x0, 0x0, 0x0, 0x0,

    /* U+73A2 "玢" */
    0x0, 0x0, 0x0, 0x0, 0x0, 0x3, 0x10, 0x0,
    0x0, 0x0, 0x0, 0x0, 0x4, 0x50, 0xc7, 0x0,
    0x0, 0x4f, 0xff, 0xfe, 0x0, 0xb8, 0x7, 0xc0,
    0x0, 0x0, 0x26, 0xd2, 0x20, 0x1f, 0x30, 0x2f,
    0x30, 0x0, 0x0, 0x5d, 0x0, 0x8, 0xc0, 0x0,
    0xac, 0x0, 0x0, 0x5, 0xd0, 0x1, 0xf5, 0x0,
    0x2, 0xf7, 0x0, 0x0, 0x5d, 0x0, 0xac, 0x0,
    0x0, 0x6, 0xf5, 0x2, 0xee, 0xfe, 0xbf, 0x52,
    0x22, 0x22, 0x2a, 0xc0, 0x3, 0x7d, 0x32, 0x3d,
    0xff, 0xff, 0xff, 0x40, 0x0, 0x5, 0xd0, 0x0,
    0xc, 0x70, 0x0, 0xf3, 0x0, 0x0, 0x5d, 0x0,
    0x0, 0xd5, 0x0, 0xf, 0x20, 0x0, 0x5, 0xd0,
    0x0, 0xf, 0x30, 0x1, 0xf2, 0x0, 0x1, 0x8e,
    0xcd, 0x4, 0xf0, 0x0, 0x1f, 0x10, 0x7, 0xfd,
    0x96, 0x21, 0xd9, 0x0, 0x3, 0xf0, 0x0, 0x11,
    0x0, 0x2, 0xdd, 0x15, 0x43, 0xbc, 0x0, 0x0,
    0x0, 0x0, 0xcc, 0x10, 0xcf, 0xfc, 0x20, 0x0,
    0x0, 0x0, 0x1, 0x0, 0x0, 0x0, 0x0, 0x0,
    0x0,

    /* U+73AE "玮" */
    0x0, 0x0, 0x0, 0x0, 0x1, 0x60, 0x0, 0x0,
    0x0, 0x0, 0x0, 0x0, 0x3, 0xe0, 0x0, 0x0,
    0x6f, 0xff, 0xfd, 0x12, 0x25, 0xe2, 0x22, 0x21,
    0x13, 0x7d, 0x33, 0xcf, 0xff, 0xff, 0xff, 0xf9,
    0x0, 0x5c, 0x0, 0x0, 0x3, 0xe0, 0x0, 0x0,
    0x0, 0x5c, 0x0, 0x12, 0x25, 0xe2, 0x22, 0x10,
    0x2, 0x6c, 0x21, 0x7f, 0xff, 0xff, 0xff, 0xa0,
    0x4e, 0xef, 0xea, 0x0, 0x3, 0xe0, 0x0, 0x0,
    0x0, 0x5c, 0x0, 0x22, 0x25, 0xe2, 0x22, 0x20,
    0x0, 0x5c, 0x5, 0xff, 0xff, 0xff, 0xff, 0xf4,
    0x0, 0x5c, 0x0, 0x0, 0x3, 0xe0, 0x0, 0xe3,
    0x0, 0x5c, 0x48, 0x10, 0x3, 0xe0, 0x0, 0xf1,
    0x27, 0xcf, 0xfa, 0x10, 0x3, 0xe0, 0x3, 0xf0,
    0x7d, 0x83, 0x0, 0x0, 0x3, 0xe7, 0xff, 0xa0,
    0x0, 0x0, 0x0, 0x0, 0x3, 0xe1, 0x32, 0x0,
    0x0, 0x0, 0x0, 0x0, 0x3, 0xe0, 0x0, 0x0,

    /* U+73B3 "玳" */
    0x0, 0x0, 0x0, 0x1, 0x20, 0x15, 0x0, 0x0,
    0x0, 0x0, 0x0, 0x7, 0xb0, 0x4e, 0x1, 0x0,
    0x8f, 0xff, 0xf0, 0xb, 0x60, 0x4e, 0x6d, 0x0,
    0x1, 0xd5, 0x10, 0xf, 0x20, 0x4e, 0xb, 0xb0,
    0x0, 0xd4, 0x0, 0x5e, 0x0, 0x3e, 0x1, 0x60,
    0x0, 0xd4, 0x0, 0xbe, 0x26, 0x9f, 0xbd, 0xe9,
    0x0, 0xd4, 0x1, 0xfe, 0x7c, 0xbf, 0x75, 0x31,
    0x7f, 0xff, 0xe8, 0xde, 0x0, 0x1f, 0x10, 0x0,
    0x1, 0xd5, 0x1e, 0x6e, 0x0, 0xf, 0x20, 0x0,
    0x0, 0xd4, 0x5, 0x2e, 0x0, 0xe, 0x40, 0x0,
    0x0, 0xd4, 0x0, 0x2e, 0x0, 0xb, 0x60, 0x0,
    0x0, 0xd4, 0x0, 0x2e, 0x0, 0x9, 0x90, 0x12,
    0x1, 0xdc, 0xe6, 0x2e, 0x0, 0x5, 0xd0, 0x4e,
    0x9f, 0xc8, 0x40, 0x2e, 0x0, 0x1, 0xf3, 0x5b,
    0x21, 0x0, 0x0, 0x2e, 0x0, 0x0, 0x8d, 0xa9,
    0x0, 0x0, 0x0, 0x2e, 0x0, 0x0, 0xb, 0xf3,

    /* U+73B7 "玷" */
    0x0, 0x0, 0x0, 0x0, 0x0, 0x0, 0x0, 0x0,
    0x0, 0x0, 0x0, 0x0, 0x0, 0x2, 0xf2, 0x0,
    0x0, 0x7, 0xaa, 0xaa, 0xa1, 0x0, 0x2f, 0x20,
    0x0, 0x0, 0x35, 0x9d, 0x55, 0x0, 0x2, 0xf2,
    0x0, 0x0, 0x0, 0x6, 0xc0, 0x0, 0x0, 0x2f,
    0xff, 0xff, 0x70, 0x0, 0x6c, 0x0, 0x0, 0x2,
    0xf2, 0x11, 0x10, 0x0, 0x6, 0xc0, 0x0, 0x0,
    0x2f, 0x20, 0x0, 0x0, 0x6a, 0xce, 0xaa, 0x0,
    0x2, 0xf2, 0x0, 0x0, 0x4, 0x7b, 0xe7, 0x70,
    0x22, 0x4f, 0x42, 0x22, 0x0, 0x0, 0x6c, 0x0,
    0x4f, 0xee, 0xee, 0xef, 0xe0, 0x0, 0x6, 0xc0,
    0x4, 0xf0, 0x0, 0x0, 0x4e, 0x0, 0x0, 0x6c,
    0x0, 0x4f, 0x0, 0x0, 0x4, 0xe0, 0x0, 0x7,
    0xd8, 0xb6, 0xf0, 0x0, 0x0, 0x4e, 0x0, 0xbf,
    0xfd, 0xa6, 0x4f, 0x0, 0x0, 0x4, 0xe0, 0x5,
    0x40, 0x0, 0x4, 0xff, 0xff, 0xff, 0xfe, 0x0,
    0x0, 0x0, 0x0, 0x4f, 0x22, 0x22, 0x26, 0xe0,

    /* U+73BA "玺" */
    0x0, 0x0, 0x20, 0x0, 0x0, 0x0, 0x0, 0x0,
    0x0, 0x4, 0xf1, 0x0, 0x0, 0x0, 0x0, 0x0,
    0x0, 0x2e, 0xff, 0xff, 0xff, 0xff, 0xff, 0xf1,
    0x2, 0xe8, 0x11, 0x11, 0x94, 0x11, 0x16, 0xe0,
    0x1e, 0x70, 0x15, 0x0, 0xd5, 0x4, 0xd, 0x70,
    0x5, 0x4, 0xec, 0x0, 0xd5, 0x4f, 0xb5, 0x0,
    0x1, 0xaf, 0x71, 0x0, 0xe4, 0x2, 0xaf, 0xa1,
    0x8, 0xb2, 0xa, 0xff, 0xe1, 0x0, 0x3, 0xc1,
    0x3, 0x33, 0x35, 0x66, 0x43, 0x33, 0x33, 0x30,
    0xa, 0xdd, 0xdd, 0xde, 0xfd, 0xdd, 0xdd, 0xd2,
    0x0, 0x0, 0x0, 0x5, 0xd0, 0x0, 0x0, 0x0,
    0x0, 0xff, 0xff, 0xff, 0xff, 0xff, 0xff, 0x80,
    0x0, 0x11, 0x11, 0x16, 0xd1, 0x3d, 0x31, 0x0,
    0x0, 0x0, 0x0, 0x5, 0xd0, 0x9, 0xd0, 0x0,
    0x5d, 0xdd, 0xdd, 0xde, 0xfd, 0xdd, 0xed, 0xdc,
    0x13, 0x33, 0x33, 0x33, 0x33, 0x33, 0x33, 0x33,

    /* U+73C0 "珀" */
    0x0, 0x0, 0x0, 0x0, 0x0, 0x30, 0x0, 0x0,
    0x0, 0x0, 0x0, 0x0, 0x3f, 0x20, 0x0, 0x89,
    0x99, 0x99, 0x0, 0x8, 0xc0, 0x0, 0x6, 0x7b,
    0xd7, 0x75, 0xff, 0xff, 0xff, 0xfe, 0x0, 0x7a,
    0x0, 0x5e, 0x11, 0x11, 0x14, 0xe0, 0x7, 0xa0,
    0x5, 0xe0, 0x0, 0x0, 0x4e, 0x0, 0x7a, 0x0,
    0x5e, 0x0, 0x0, 0x4, 0xe8, 0xde, 0xfd, 0x95,
    0xe0, 0x0, 0x0, 0x4e, 0x12, 0x9b, 0x21, 0x5f,
    0xff, 0xff, 0xff, 0xe0, 0x7, 0xa0, 0x5, 0xe2,
    0x22, 0x22, 0x5e, 0x0, 0x7a, 0x0, 0x5e, 0x0,
    0x0, 0x4, 0xe0, 0x7, 0xa0, 0x5, 0xe0, 0x0,
    0x0, 0x4e, 0x0, 0x8d, 0x9d, 0x5e, 0x0, 0x0,
    0x4, 0xe9, 0xef, 0xfc, 0x85, 0xe2, 0x22, 0x22,
    0x6e, 0x76, 0x30, 0x0, 0x5f, 0xff, 0xff, 0xff,
    0xe0, 0x0, 0x0, 0x5, 0xe0, 0x0, 0x0, 0x4e,

    /* U+73C2 "珂" */
    0x0, 0x0, 0x0, 0x34, 0x44, 0x44, 0x44, 0x44,
    0x7, 0xff, 0xff, 0xe9, 0xdd, 0xdd, 0xdd, 0xef,
    0xd1, 0x1, 0x6d, 0x11, 0x0, 0x0, 0x0, 0x4,
    0xe0, 0x0, 0x5, 0xd0, 0x0, 0x0, 0x0, 0x0,
    0x4e, 0x0, 0x0, 0x5d, 0x0, 0x1d, 0xdd, 0xdc,
    0x4, 0xe0, 0x0, 0x27, 0xd2, 0x21, 0xf4, 0x46,
    0xe0, 0x4e, 0x0, 0x4f, 0xff, 0xfb, 0x1f, 0x10,
    0x3e, 0x4, 0xe0, 0x0, 0x5, 0xd0, 0x1, 0xf1,
    0x3, 0xe0, 0x4e, 0x0, 0x0, 0x5d, 0x0, 0x1f,
    0x10, 0x3e, 0x4, 0xe0, 0x0, 0x5, 0xd0, 0x1,
    0xf5, 0x57, 0xe0, 0x4e, 0x0, 0x0, 0x5d, 0x3,
    0x1f, 0xcc, 0xcb, 0x4, 0xe0, 0x0, 0x3a, 0xff,
    0xd1, 0xb0, 0x0, 0x0, 0x4e, 0x0, 0x7f, 0xc7,
    0x20, 0x0, 0x0, 0x0, 0x4, 0xe0, 0x2, 0x10,
    0x0, 0x0, 0x0, 0x4, 0x33, 0xbc, 0x0, 0x0,
    0x0, 0x0, 0x0, 0x0, 0xdf, 0xfd, 0x40, 0x0,
    0x0, 0x0, 0x0, 0x0, 0x0, 0x0, 0x0, 0x0,

    /* U+73C8 "珈" */
    0x0, 0x0, 0x0, 0xd3, 0x0, 0x0, 0x0, 0x0,
    0x58, 0x88, 0x70, 0xe3, 0x0, 0x0, 0x0, 0x0,
    0x58, 0xfa, 0x82, 0xf5, 0x33, 0xf, 0xff, 0xf0,
    0x0, 0xe3, 0xe, 0xfe, 0xef, 0xf, 0x31, 0xf0,
    0x0, 0xe3, 0x0, 0xf2, 0x1f, 0xf, 0x21, 0xf0,
    0x1, 0xe4, 0x10, 0xf2, 0x1f, 0xf, 0x21, 0xf0,
    0x7f, 0xff, 0xc0, 0xf1, 0x2f, 0xf, 0x21, 0xf0,
    0x0, 0xe3, 0x0, 0xf1, 0x2f, 0xf, 0x21, 0xf0,
    0x0, 0xe3, 0x1, 0xf0, 0x2f, 0xf, 0x21, 0xf0,
    0x0, 0xe3, 0x4, 0xe0, 0x3e, 0xf, 0x21, 0xf0,
    0x0, 0xe8, 0xb7, 0xb0, 0x3e, 0xf, 0x21, 0xf0,
    0x4b, 0xfd, 0x8c, 0x70, 0x3d, 0xf, 0x21, 0xf0,
    0x69, 0x30, 0x3f, 0x20, 0x4d, 0xf, 0xff, 0xf0,
    0x0, 0x0, 0xcb, 0x22, 0x9b, 0xf, 0x43, 0xf0,
    0x0, 0x3, 0xe2, 0xaf, 0xe3, 0x6, 0x10, 0x60,
    0x0, 0x0, 0x10, 0x0, 0x0, 0x0, 0x0, 0x0,

    /* U+73C9 "珉" */
    0x0, 0x0, 0x0, 0x39, 0x99, 0x99, 0x99, 0x90,
    0x8f, 0xff, 0xfe, 0x6e, 0x77, 0x77, 0x78, 0xf0,
    0x12, 0x7d, 0x22, 0x6c, 0x0, 0x0, 0x2, 0xf0,
    0x0, 0x5c, 0x0, 0x6c, 0x0, 0x0, 0x2, 0xf0,
    0x0, 0x5c, 0x0, 0x6f, 0xff, 0xff, 0xff, 0xf0,
    0x0, 0x5c, 0x0, 0x6d, 0x11, 0x3f, 0x23, 0xf0,
    0x5c, 0xdf, 0xc7, 0x6c, 0x0, 0x1f, 0x0, 0x0,
    0x25, 0x8d, 0x53, 0x6d, 0x22, 0x3f, 0x32, 0x21,
    0x0, 0x5c, 0x0, 0x6f, 0xff, 0xff, 0xff, 0xfa,
    0x0, 0x5c, 0x0, 0x6c, 0x0, 0xf, 0x30, 0x0,
    0x0, 0x5c, 0x0, 0x6c, 0x0, 0xd, 0x50, 0x0,
    0x0, 0x7e, 0xad, 0x6c, 0x0, 0x1a, 0x90, 0x38,
    0x7f, 0xfd, 0x96, 0x6c, 0x4d, 0x85, 0xe0, 0x5b,
    0x35, 0x10, 0x0, 0x8f, 0xf8, 0x0, 0xda, 0xa9,
    0x0, 0x0, 0x0, 0xac, 0x20, 0x0, 0x2c, 0xf3,
    0x0, 0x0, 0x0, 0x0, 0x0, 0x0, 0x0, 0x0,

    /* U+73CF "珏" */
    0x1, 0x11, 0x11, 0x2, 0x22, 0x22, 0x22, 0x20,
    0x7f, 0xff, 0xff, 0x6f, 0xff, 0xff, 0xff, 0xf0,
    0x0, 0x1f, 0x20, 0x0, 0x0, 0xe4, 0x0, 0x0,
    0x0, 0xf, 0x10, 0x0, 0x0, 0xe4, 0x0, 0x0,
    0x0, 0xf, 0x10, 0x0, 0x0, 0xe4, 0x0, 0x0,
    0x15, 0x6f, 0x65, 0x10, 0x0, 0xe4, 0x0, 0x0,
    0x3b, 0xbf, 0xcb, 0x5d, 0xdd, 0xfe, 0xdd, 0xc0,
    0x0, 0xf, 0x10, 0x4, 0x44, 0xe7, 0x44, 0x40,
    0x0, 0xf, 0x10, 0x0, 0x0, 0xe4, 0x12, 0x0,
    0x0, 0xf, 0x10, 0x0, 0x0, 0xe4, 0x7d, 0x0,
    0x0, 0xf, 0x11, 0x30, 0x0, 0xe4, 0xd, 0x80,
    0x25, 0x8f, 0xef, 0xb0, 0x0, 0xe4, 0x4, 0xe0,
    0xbe, 0xb7, 0x41, 0x0, 0x0, 0xe4, 0x0, 0x0,
    0x0, 0x0, 0x3, 0xff, 0xff, 0xff, 0xff, 0xf9,
    0x0, 0x0, 0x0, 0x22, 0x22, 0x22, 0x22, 0x21,

    /* U+73D1 "珑" */
    0x0, 0x0, 0x0, 0x0, 0x20, 0x0, 0x0, 0x0,
    0x0, 0x0, 0x0, 0x4, 0xd0, 0xe, 0x80, 0x0,
    0x7f, 0xff, 0xfd, 0x4, 0xd0, 0x3, 0xea, 0x0,
    0x1, 0x6c, 0x11, 0x15, 0xd1, 0x11, 0x24, 0x10,
    0x0, 0x6c, 0x4, 0xff, 0xff, 0xff, 0xff, 0xfa,
    0x0, 0x6c, 0x0, 0x16, 0xc1, 0xc6, 0x11, 0x10,
    0x2, 0x7c, 0x21, 0x6, 0xb0, 0xc5, 0x2, 0x0,
    0x4f, 0xff, 0xfa, 0x8, 0xa0, 0xc5, 0xc, 0x90,
    0x0, 0x6c, 0x0, 0x9, 0x80, 0xc5, 0x5f, 0x10,
    0x0, 0x6c, 0x0, 0xc, 0x60, 0xc6, 0xe7, 0x0,
    0x0, 0x6c, 0x0, 0xf, 0x30, 0xce, 0xb0, 0x0,
    0x0, 0x6c, 0x3, 0x4f, 0x0, 0xdd, 0x10, 0x32,
    0x2, 0x9f, 0xfb, 0xaa, 0x9, 0xf5, 0x0, 0x8b,
    0x7f, 0xc7, 0x23, 0xf4, 0xae, 0xe5, 0x0, 0x98,
    0x11, 0x0, 0xc, 0xb7, 0xd1, 0xb9, 0x23, 0xe5,
    0x0, 0x0, 0x6f, 0x20, 0x0, 0x4e, 0xff, 0xb0,
    0x0, 0x0, 0x3, 0x0, 0x0, 0x0, 0x0, 0x0,

    /* U+73D9 "珙" */
    0x0, 0x0, 0x0, 0x0, 0x1, 0x0, 0x1, 0x0,
    0x0, 0x0, 0x0, 0x0, 0x3, 0xe0, 0x3, 0xe0,
    0x0, 0x7, 0x99, 0x99, 0x20, 0x3e, 0x0, 0x3e,
    0x0, 0x0, 0x68, 0xea, 0x82, 0x3, 0xe0, 0x3,
    0xe0, 0x0, 0x0, 0xc, 0x50, 0x6f, 0xff, 0xff,
    0xff, 0xff, 0x0, 0x0, 0xc5, 0x0, 0x25, 0xe2,
    0x25, 0xe2, 0x10, 0x0, 0xc, 0x50, 0x0, 0x3e,
    0x0, 0x3e, 0x0, 0x0, 0xcf, 0xff, 0xf2, 0x3,
    0xe0, 0x3, 0xe0, 0x0, 0x0, 0xc, 0x50, 0x0,
    0x3e, 0x0, 0x3e, 0x0, 0x0, 0x0, 0xc5, 0x2,
    0x36, 0xf3, 0x36, 0xf3, 0x31, 0x0, 0xc, 0x50,
    0xbf, 0xff, 0xff, 0xff, 0xff, 0x50, 0x0, 0xc5,
    0x44, 0x0, 0x50, 0x2, 0x20, 0x0, 0x2, 0x6e,
    0xfe, 0x50, 0xae, 0x20, 0x9e, 0x20, 0x0, 0xdd,
    0x72, 0x0, 0x9e, 0x20, 0x0, 0xae, 0x20, 0x0,
    0x0, 0x0, 0xbe, 0x20, 0x0, 0x0, 0xbe, 0x20,
    0x0, 0x0, 0x3d, 0x20, 0x0, 0x0, 0x0, 0xb5,
    0x0, 0x0, 0x0, 0x0, 0x0, 0x0, 0x0, 0x0,
    0x0,

    /* U+73DE "珞" */
    0x0, 0x0, 0x0, 0x0, 0x44, 0x0, 0x0, 0x0,
    0x0, 0x0, 0x0, 0x0, 0xc, 0x80, 0x0, 0x0,
    0x0, 0x6f, 0xff, 0xfe, 0x4, 0xfd, 0xdd, 0xdd,
    0xc0, 0x1, 0x26, 0xe2, 0x20, 0xdd, 0x33, 0x33,
    0xcb, 0x0, 0x0, 0x4d, 0x0, 0x9d, 0xe6, 0x0,
    0x6e, 0x10, 0x0, 0x4, 0xd0, 0x2f, 0x24, 0xf5,
    0x6f, 0x40, 0x0, 0x0, 0x4d, 0x0, 0x10, 0x6,
    0xff, 0x40, 0x0, 0x4, 0xff, 0xff, 0xb0, 0x6,
    0xed, 0xee, 0x60, 0x0, 0x2, 0x6e, 0x24, 0x8e,
    0xf7, 0x1, 0x9f, 0xfb, 0x0, 0x4, 0xd0, 0x3e,
    0x81, 0x0, 0x0, 0x28, 0x80, 0x0, 0x4d, 0x0,
    0x1f, 0xff, 0xff, 0xff, 0xb0, 0x0, 0x4, 0xd0,
    0x0, 0xf4, 0x22, 0x22, 0x7c, 0x0, 0x0, 0x6e,
    0x9c, 0x1f, 0x20, 0x0, 0x6, 0xc0, 0x7, 0xfe,
    0xb8, 0x51, 0xf2, 0x0, 0x0, 0x6c, 0x0, 0x11,
    0x0, 0x0, 0xf, 0xff, 0xff, 0xff, 0xc0, 0x0,
    0x0, 0x0, 0x0, 0xf4, 0x22, 0x22, 0x7c, 0x0,

    /* U+73E5 "珥" */
    0x0, 0x0, 0x0, 0x26, 0x66, 0x66, 0x66, 0x66,
    0x10, 0xdd, 0xdd, 0xd7, 0xaf, 0xaa, 0xaa, 0xbf,
    0xa2, 0x3, 0x3e, 0x63, 0x1, 0xf0, 0x0, 0x3,
    0xe0, 0x0, 0x0, 0xe4, 0x0, 0x1f, 0x0, 0x0,
    0x3e, 0x0, 0x0, 0xe, 0x40, 0x1, 0xff, 0xff,
    0xff, 0xe0, 0x0, 0x0, 0xe4, 0x0, 0x1f, 0x0,
    0x0, 0x4e, 0x0, 0xd, 0xff, 0xff, 0x31, 0xf0,
    0x0, 0x3, 0xe0, 0x0, 0x22, 0xe6, 0x20, 0x1f,
    0x22, 0x22, 0x5e, 0x0, 0x0, 0xe, 0x40, 0x1,
    0xfd, 0xdd, 0xde, 0xe0, 0x0, 0x0, 0xe4, 0x0,
    0x1f, 0x0, 0x0, 0x3e, 0x0, 0x0, 0xe, 0x40,
    0x1, 0xf0, 0x0, 0x3, 0xe3, 0x20, 0x25, 0xed,
    0xe7, 0x7f, 0x9a, 0xce, 0xff, 0xc5, 0xe, 0xc8,
    0x52, 0x4b, 0x97, 0x53, 0x13, 0xe0, 0x0, 0x0,
    0x0, 0x0, 0x0, 0x0, 0x0, 0x3e, 0x0, 0x0,
    0x0, 0x0, 0x0, 0x0, 0x0, 0x3, 0xe0, 0x0,

    /* U+73E7 "珧" */
    0x0, 0x0, 0x0, 0x0, 0x4b, 0xd, 0x30, 0x0,
    0x6f, 0xff, 0xfb, 0x0, 0x5d, 0xf, 0x40, 0x0,
    0x2, 0x8c, 0x23, 0xa0, 0x5d, 0xf, 0x40, 0xb1,
    0x0, 0x7b, 0x0, 0xe7, 0x5d, 0xf, 0x47, 0xd0,
    0x0, 0x7b, 0x0, 0x7e, 0x6d, 0xf, 0x6f, 0x40,
    0x0, 0x7b, 0x0, 0x9, 0x6d, 0xf, 0x68, 0x0,
    0x3f, 0xff, 0xf8, 0x0, 0x5d, 0xf, 0x40, 0x0,
    0x2, 0x8c, 0x21, 0x2, 0xdc, 0xf, 0xb1, 0x0,
    0x0, 0x7b, 0x0, 0x6f, 0xec, 0xf, 0xef, 0x60,
    0x0, 0x7b, 0x9, 0xf6, 0x9a, 0xf, 0x48, 0xf2,
    0x0, 0x7b, 0x2, 0x20, 0xd7, 0xf, 0x40, 0x10,
    0x1, 0x9d, 0xab, 0x2, 0xf3, 0xf, 0x40, 0x59,
    0x6f, 0xfc, 0x95, 0xc, 0xc0, 0xf, 0x40, 0x7b,
    0x12, 0x0, 0x0, 0xbf, 0x20, 0xe, 0x82, 0xc8,
    0x0, 0x0, 0xc, 0xe3, 0x0, 0x7, 0xff, 0xd2,
    0x0, 0x0, 0x3, 0x10, 0x0, 0x0, 0x0, 0x0,

    /* U+73E9 "珩" */
    0x0, 0x0, 0x0, 0x0, 0x10, 0x0, 0x0, 0x0,
    0x0, 0x0, 0x0, 0x5, 0xd0, 0x0, 0x0, 0x0,
    0xef, 0xff, 0xf5, 0x1e, 0x41, 0xee, 0xee, 0xc0,
    0x23, 0xe7, 0x32, 0xd8, 0x0, 0x44, 0x44, 0x30,
    0x0, 0xd4, 0xd, 0xa0, 0x20, 0x0, 0x0, 0x0,
    0x0, 0xd4, 0x8, 0x3, 0xe0, 0x0, 0x0, 0x0,
    0x0, 0xd4, 0x0, 0xd, 0x76, 0x99, 0x99, 0x92,
    0xbf, 0xff, 0xf3, 0x8f, 0x6, 0x99, 0xfb, 0x92,
    0x23, 0xe7, 0x37, 0xff, 0x0, 0x0, 0xe5, 0x0,
    0x0, 0xd4, 0x4f, 0x8f, 0x0, 0x0, 0xe5, 0x0,
    0x0, 0xd4, 0x15, 0x3f, 0x0, 0x0, 0xe5, 0x0,
    0x0, 0xd4, 0x0, 0x3f, 0x0, 0x0, 0xe5, 0x0,
    0x13, 0xea, 0xa5, 0x3f, 0x0, 0x0, 0xe5, 0x0,
    0xff, 0xec, 0x93, 0x3f, 0x0, 0x0, 0xe5, 0x0,
    0x21, 0x0, 0x0, 0x3f, 0x3, 0x46, 0xf4, 0x0,
    0x0, 0x0, 0x0, 0x3f, 0x9, 0xff, 0xb0, 0x0,
    0x0, 0x0, 0x0, 0x2, 0x0, 0x0, 0x0, 0x0,

    /* U+73F2 "珲" */
    0x0, 0x0, 0x0, 0x18, 0x88, 0x88, 0x88, 0x88,
    0x10, 0xdf, 0xff, 0xf6, 0xf9, 0x99, 0x99, 0x99,
    0xf2, 0x2, 0x2e, 0x62, 0x4e, 0x2, 0xd1, 0x0,
    0xf, 0x20, 0x0, 0xe4, 0x1, 0x50, 0x8c, 0x0,
    0x0, 0x50, 0x0, 0xe, 0x40, 0x9e, 0xef, 0xfe,
    0xee, 0xee, 0x40, 0x12, 0xe6, 0x22, 0x3a, 0xc3,
    0x54, 0x33, 0x31, 0xa, 0xff, 0xff, 0x1, 0xf3,
    0xd, 0x60, 0x0, 0x0, 0x0, 0xe4, 0x0, 0xab,
    0x11, 0xd6, 0x11, 0x10, 0x0, 0xe, 0x40, 0xe,
    0xff, 0xff, 0xff, 0xff, 0x0, 0x0, 0xe4, 0x0,
    0x0, 0x0, 0xd6, 0x0, 0x0, 0x0, 0xe, 0x40,
    0x1, 0x11, 0x1d, 0x61, 0x11, 0x0, 0x25, 0xed,
    0xf9, 0xff, 0xff, 0xff, 0xff, 0xf7, 0xe, 0xc9,
    0x63, 0x0, 0x0, 0xd, 0x60, 0x0, 0x0, 0x0,
    0x0, 0x0, 0x0, 0x0, 0xd6, 0x0, 0x0, 0x0,
    0x0, 0x0, 0x0, 0x0, 0xd, 0x60, 0x0, 0x0,

    /* U+740A "琊" */
    0x0, 0x0, 0x4, 0x77, 0x77, 0x36, 0x77, 0x72,
    0x9f, 0xff, 0xe6, 0x99, 0xfa, 0x4e, 0xba, 0xf4,
    0x12, 0xe3, 0x10, 0x30, 0xe2, 0xe, 0x21, 0xf0,
    0x0, 0xe1, 0x4, 0xb0, 0xe2, 0xe, 0x27, 0xa0,
    0x0, 0xe1, 0x6, 0x90, 0xe2, 0xe, 0x2d, 0x50,
    0x37, 0xf8, 0x49, 0x70, 0xe2, 0xe, 0x5f, 0x0,
    0x4a, 0xfa, 0x5a, 0xff, 0xff, 0x8e, 0x3e, 0x60,
    0x0, 0xe1, 0x1, 0x1d, 0xf3, 0xe, 0x23, 0xf1,
    0x0, 0xe1, 0x0, 0x4b, 0xe2, 0xe, 0x20, 0xb7,
    0x0, 0xe1, 0x0, 0xc4, 0xe2, 0xe, 0x20, 0x7b,
    0x0, 0xe6, 0x96, 0xc0, 0xe2, 0xe, 0x20, 0x6b,
    0x39, 0xff, 0xcf, 0x30, 0xe2, 0xe, 0x55, 0xd8,
    0x8c, 0x62, 0xd8, 0x0, 0xe2, 0xe, 0x7d, 0xa1,
    0x0, 0x2, 0xb0, 0x24, 0xf1, 0xe, 0x20, 0x0,
    0x0, 0x0, 0x0, 0x9f, 0x90, 0xe, 0x20, 0x0,

    /* U+740F "琏" */
    0x0, 0x0, 0x0, 0x10, 0x0, 0x44, 0x0, 0x0,
    0x0, 0x0, 0xa, 0x90, 0x0, 0xc7, 0x0, 0x0,
    0x8c, 0xcc, 0xc5, 0xf1, 0x88, 0xf9, 0x88, 0x82,
    0x34, 0xf6, 0x40, 0xe4, 0xac, 0xea, 0xaa, 0xa2,
    0x0, 0xf3, 0x0, 0x0, 0xa, 0x82, 0x30, 0x0,
    0x0, 0xf3, 0x0, 0x0, 0xf, 0x37, 0xa0, 0x0,
    0x0, 0xf3, 0x3f, 0xf3, 0x5d, 0x7, 0xa0, 0x0,
    0x8f, 0xff, 0xb3, 0xf3, 0xad, 0x8c, 0xd8, 0x80,
    0x0, 0xf3, 0x0, 0xe3, 0x68, 0x8c, 0xd8, 0x80,
    0x0, 0xf3, 0x0, 0xe3, 0x0, 0x7, 0xa0, 0x0,
    0x0, 0xf3, 0x0, 0xe4, 0x66, 0x6a, 0xc6, 0x63,
    0x0, 0xf5, 0x70, 0xe5, 0xaa, 0xad, 0xea, 0xa4,
    0x27, 0xff, 0xc0, 0xf3, 0x0, 0x7, 0xa0, 0x0,
    0x9d, 0x71, 0xa, 0xf9, 0x0, 0x7, 0xa0, 0x0,
    0x10, 0x0, 0x8e, 0x2e, 0xa3, 0x23, 0x43, 0x32,
    0x0, 0x0, 0xa3, 0x2, 0xae, 0xff, 0xff, 0xf5,
    0x0, 0x0, 0x0, 0x0, 0x0, 0x0, 0x0, 0x0,

    /* U+741A "琚" */
    0x0, 0x0, 0x0, 0x46, 0x66, 0x66, 0x66, 0x61,
    0x5f, 0xff, 0xfe, 0x9c, 0x99, 0x99, 0x99, 0xf3,
    0x2, 0x6e, 0x22, 0x98, 0x0, 0x0, 0x0, 0xe3,
    0x0, 0x4e, 0x0, 0x99, 0x11, 0x11, 0x11, 0xe3,
    0x0, 0x4e, 0x0, 0x9f, 0xee, 0xee, 0xee, 0xf3,
    0x0, 0x4e, 0x0, 0x98, 0x0, 0xb, 0x10, 0x20,
    0x2e, 0xef, 0xeb, 0x99, 0x22, 0x2f, 0x42, 0x21,
    0x4, 0x7e, 0x43, 0xaf, 0xee, 0xef, 0xee, 0xe9,
    0x0, 0x4e, 0x0, 0xb6, 0x0, 0xf, 0x20, 0x0,
    0x0, 0x4e, 0x0, 0xd5, 0x11, 0x1f, 0x31, 0x10,
    0x0, 0x4e, 0x0, 0xf3, 0xff, 0xff, 0xff, 0xf1,
    0x0, 0x6f, 0xbd, 0xf1, 0xf1, 0x0, 0x0, 0xf1,
    0x5e, 0xfb, 0x6b, 0xa1, 0xf1, 0x0, 0x0, 0xf1,
    0x14, 0x0, 0x2f, 0x41, 0xff, 0xff, 0xff, 0xf1,
    0x0, 0x0, 0x3b, 0x1, 0xf2, 0x11, 0x11, 0xf1,
    0x0, 0x0, 0x0, 0x0, 0x0, 0x0, 0x0, 0x0,

    /* U+741B "琛" */
    0x0, 0x0, 0x3, 0x66, 0x66, 0x66, 0x66, 0x60,
    0xcf, 0xff, 0xf9, 0xda, 0xaa, 0xaa, 0xaa, 0xf1,
    0x11, 0xe4, 0x18, 0x90, 0x0, 0x2, 0x0, 0xf1,
    0x0, 0xe3, 0x3, 0x44, 0xe1, 0xc, 0xb0, 0x70,
    0x0, 0xe3, 0x0, 0x3f, 0x70, 0x1, 0xcd, 0x10,
    0x46, 0xf8, 0x52, 0xe8, 0x3, 0x90, 0xc, 0xc0,
    0x7a, 0xfb, 0x90, 0x60, 0x4, 0xe0, 0x0, 0x20,
    0x0, 0xe3, 0xa, 0xcc, 0xcd, 0xfc, 0xcc, 0xc5,
    0x0, 0xe3, 0x3, 0x44, 0xcc, 0xee, 0x54, 0x41,
    0x0, 0xe3, 0x0, 0x3, 0xe5, 0xe8, 0x80, 0x0,
    0x0, 0xe7, 0x90, 0x1e, 0x64, 0xe1, 0xf4, 0x0,
    0x7c, 0xfe, 0xa2, 0xda, 0x4, 0xe0, 0x6f, 0x40,
    0x97, 0x30, 0x4e, 0xb0, 0x4, 0xe0, 0x8, 0xf6,
    0x0, 0x0, 0x48, 0x0, 0x4, 0xe0, 0x0, 0x61,
    0x0, 0x0, 0x0, 0x0, 0x4, 0xe0, 0x0, 0x0,

    /* U+7425 "琥" */
    0x0, 0x0, 0x0, 0x0, 0x0, 0x40, 0x0, 0x0,
    0x0, 0x0, 0x0, 0x0, 0x3, 0xe0, 0x0, 0x0,
    0x25, 0x55, 0x54, 0x0, 0x3, 0xfe, 0xee, 0xd0,
    0x49, 0xcd, 0x97, 0x0, 0x4, 0xe0, 0x0, 0x0,
    0x0, 0x6a, 0x0, 0xbf, 0xee, 0xee, 0xee, 0xf6,
    0x0, 0x6a, 0x0, 0xb6, 0x4, 0xb0, 0x0, 0xc5,
    0x0, 0x6a, 0x0, 0xb8, 0x7a, 0xfb, 0xca, 0x10,
    0x5f, 0xff, 0xfb, 0xb8, 0x79, 0xe3, 0x10, 0xc2,
    0x0, 0x6a, 0x0, 0xb5, 0x2, 0xeb, 0xac, 0xd0,
    0x0, 0x6a, 0x0, 0xc5, 0x0, 0x2, 0x32, 0x0,
    0x0, 0x6a, 0x0, 0xe3, 0x1e, 0xee, 0xd0, 0x0,
    0x0, 0x6c, 0x85, 0xf1, 0x2f, 0x14, 0xe0, 0x0,
    0x16, 0xdf, 0xe9, 0xd0, 0x3e, 0x3, 0xe0, 0x96,
    0x6f, 0xa4, 0xb, 0x80, 0x7a, 0x3, 0xe0, 0xa7,
    0x11, 0x0, 0x3f, 0x22, 0xf4, 0x2, 0xf1, 0xd5,
    0x0, 0x0, 0xa9, 0xe, 0x90, 0x0, 0xcf, 0xd1,
    0x0, 0x0, 0x1, 0x3, 0x0, 0x0, 0x0, 0x0,

    /* U+7426 "琦" */
    0x0, 0x0, 0x0, 0x0, 0x2, 0x50, 0x0, 0x0,
    0x0, 0x0, 0x0, 0x0, 0x7, 0xb0, 0x0, 0x0,
    0xcf, 0xff, 0xf3, 0xcc, 0xcd, 0xec, 0xcc, 0xb0,
    0x11, 0xe4, 0x10, 0x44, 0x5f, 0xb4, 0x44, 0x40,
    0x0, 0xe3, 0x0, 0x1, 0xcc, 0xce, 0x70, 0x0,
    0x0, 0xe3, 0x0, 0x8f, 0xb1, 0x5, 0xde, 0x40,
    0x23, 0xf6, 0x30, 0x84, 0x0, 0x0, 0x6, 0x10,
    0x9d, 0xfe, 0xca, 0xff, 0xff, 0xff, 0xff, 0xf8,
    0x0, 0xe3, 0x0, 0x0, 0x0, 0x0, 0x1f, 0x20,
    0x0, 0xe3, 0x0, 0xef, 0xff, 0xf0, 0x1f, 0x10,
    0x0, 0xe3, 0x0, 0xf2, 0x1, 0xf0, 0x1f, 0x10,
    0x0, 0xe7, 0x90, 0xf1, 0x0, 0xf0, 0x1f, 0x10,
    0x8c, 0xfe, 0x90, 0xff, 0xff, 0xf0, 0x1f, 0x10,
    0xa8, 0x30, 0x0, 0xb2, 0x0, 0x0, 0x1f, 0x10,
    0x0, 0x0, 0x0, 0x0, 0x1, 0x32, 0x6f, 0x0,
    0x0, 0x0, 0x0, 0x0, 0x3, 0xff, 0xf8, 0x0,
    0x0, 0x0, 0x0, 0x0, 0x0, 0x0, 0x0, 0x0,

    /* U+7428 "琨" */
    0x0, 0x0, 0x0, 0x14, 0x44, 0x44, 0x44, 0x40,
    0x2, 0x99, 0x99, 0x87, 0xec, 0xcc, 0xcc, 0xcf,
    0x0, 0x15, 0x8e, 0x55, 0x7a, 0x0, 0x0, 0x1,
    0xf0, 0x0, 0x5, 0xd0, 0x7, 0xff, 0xff, 0xff,
    0xff, 0x0, 0x0, 0x5d, 0x0, 0x7a, 0x11, 0x11,
    0x12, 0xf0, 0x0, 0x5, 0xd0, 0x7, 0xc5, 0x55,
    0x55, 0x6f, 0x0, 0x2f, 0xff, 0xfa, 0x7e, 0xbb,
    0xbb, 0xbb, 0xf0, 0x0, 0x16, 0xd1, 0x12, 0x30,
    0x0, 0x50, 0x3, 0x0, 0x0, 0x5d, 0x0, 0x89,
    0x0, 0xf, 0x11, 0x95, 0x0, 0x5, 0xd0, 0x8,
    0xff, 0xf4, 0xf9, 0xf9, 0x10, 0x0, 0x5d, 0x4,
    0x8a, 0x11, 0xf, 0xb2, 0x1, 0x0, 0x4a, 0xff,
    0xd8, 0x90, 0x0, 0xf1, 0x2, 0xf0, 0x7f, 0xd9,
    0x40, 0x89, 0x6, 0x4f, 0x10, 0x4d, 0x1, 0x20,
    0x0, 0x9, 0xef, 0xd2, 0xf5, 0x2a, 0xa0, 0x0,
    0x0, 0x0, 0xac, 0x40, 0x9, 0xff, 0xe3, 0x0,
    0x0, 0x0, 0x0, 0x0, 0x0, 0x0, 0x0, 0x0,

    /* U+742A "琪" */
    0x0, 0x0, 0x0, 0x0, 0x20, 0x0, 0x0, 0x20,
    0x0, 0x0, 0x0, 0x0, 0x2f, 0x0, 0x0, 0x3e,
    0x0, 0x9, 0x99, 0x99, 0x23, 0xf1, 0x11, 0x14,
    0xe1, 0x0, 0x77, 0xf9, 0x73, 0xff, 0xff, 0xff,
    0xff, 0xf4, 0x0, 0xe, 0x40, 0x2, 0xf0, 0x0,
    0x3, 0xe0, 0x0, 0x0, 0xe4, 0x0, 0x2f, 0x33,
    0x33, 0x6e, 0x0, 0x0, 0xe, 0x40, 0x2, 0xfd,
    0xdd, 0xdd, 0xe0, 0x0, 0x9c, 0xfd, 0xc2, 0x2f,
    0x0, 0x0, 0x3e, 0x0, 0x0, 0xe, 0x40, 0x2,
    0xff, 0xff, 0xff, 0xe0, 0x0, 0x0, 0xe4, 0x0,
    0x2f, 0x11, 0x11, 0x4e, 0x0, 0x0, 0xe, 0x40,
    0x2, 0xf0, 0x0, 0x3, 0xe0, 0x0, 0x0, 0xe4,
    0xd, 0xff, 0xff, 0xff, 0xff, 0xfb, 0x0, 0xe,
    0x99, 0x80, 0x7, 0x10, 0x36, 0x0, 0x0, 0xdf,
    0xeb, 0x84, 0x1c, 0xe2, 0x4, 0xe9, 0x0, 0x4,
    0x20, 0x0, 0x4e, 0xd2, 0x0, 0x2, 0xdc, 0x10,
    0x0, 0x0, 0x1e, 0xa0, 0x0, 0x0, 0x0, 0xb7,
    0x0, 0x0, 0x0, 0x0, 0x0, 0x0, 0x0, 0x0,
    0x0,

    /* U+742C "琬" */
    0x0, 0x0, 0x0, 0x0, 0x0, 0x0, 0x0, 0x0,
    0x0, 0x0, 0x0, 0x0, 0x9, 0x90, 0x0, 0x0,
    0x7b, 0xbb, 0xb2, 0x33, 0x35, 0xe4, 0x33, 0x31,
    0x36, 0xd9, 0x69, 0xfd, 0xdd, 0xdd, 0xdd, 0xf5,
    0x0, 0xc5, 0x8, 0x90, 0x0, 0x0, 0x0, 0xc5,
    0x0, 0xc5, 0x2, 0x6f, 0x22, 0x3, 0x33, 0x71,
    0x12, 0xd7, 0x20, 0x7e, 0xcf, 0x5f, 0xbb, 0xf0,
    0x8f, 0xff, 0xf0, 0xd3, 0xf, 0x4f, 0x1, 0xf0,
    0x0, 0xc5, 0x5, 0xd0, 0x1f, 0x2f, 0x1, 0xe0,
    0x0, 0xc5, 0xd, 0x61, 0x4d, 0x2f, 0x2, 0xe0,
    0x0, 0xc5, 0x4c, 0x5d, 0xa9, 0x2f, 0x37, 0xd0,
    0x0, 0xc5, 0x41, 0x7, 0xf3, 0x2f, 0x7c, 0x50,
    0x15, 0xef, 0xf3, 0x7, 0xd0, 0x2f, 0x0, 0x67,
    0xcf, 0xa5, 0x10, 0x2f, 0x40, 0x2f, 0x0, 0x88,
    0x20, 0x0, 0x2, 0xe9, 0x0, 0x1f, 0x33, 0xd6,
    0x0, 0x0, 0xd, 0xa0, 0x0, 0x8, 0xff, 0xb0,
    0x0, 0x0, 0x1, 0x0, 0x0, 0x0, 0x0, 0x0,

    /* U+742E "琮" */
    0x0, 0x0, 0x0, 0x0, 0x0, 0x10, 0x0, 0x0,
    0x0, 0x0, 0x0, 0x0, 0x0, 0xe, 0x60, 0x0,
    0x0, 0x9, 0xaa, 0xaa, 0x42, 0x22, 0x8d, 0x22,
    0x21, 0x0, 0x67, 0xe9, 0x77, 0xff, 0xff, 0xff,
    0xff, 0xe0, 0x0, 0xd, 0x40, 0x4c, 0x0, 0x0,
    0x0, 0x4e, 0x0, 0x0, 0xd4, 0x2, 0x71, 0x11,
    0x11, 0x13, 0x70, 0x0, 0xd, 0x40, 0x8, 0xff,
    0xff, 0xff, 0xf1, 0x0, 0xbe, 0xfe, 0xe3, 0x0,
    0x0, 0x0, 0x0, 0x0, 0x2, 0x3e, 0x73, 0x22,
    0x22, 0x22, 0x22, 0x22, 0x0, 0x0, 0xd4, 0x9,
    0xff, 0xff, 0xff, 0xff, 0xf2, 0x0, 0xd, 0x40,
    0x0, 0x10, 0x5d, 0x1, 0x0, 0x0, 0x0, 0xd4,
    0x11, 0x2f, 0x25, 0xd1, 0xf3, 0x0, 0x0, 0x3e,
    0xef, 0x6b, 0xa0, 0x5d, 0x7, 0xe1, 0x0, 0xef,
    0xd8, 0x36, 0xf2, 0x5, 0xd0, 0xc, 0xa0, 0x4,
    0x20, 0x0, 0xe6, 0x32, 0xab, 0x0, 0x2e, 0x20,
    0x0, 0x0, 0x2, 0xc, 0xfe, 0x40, 0x0, 0x0,
    0x0, 0x0, 0x0, 0x0, 0x0, 0x0, 0x0, 0x0,
    0x0,

    /* U+7430 "琰" */
    0x0, 0x0, 0x0, 0x0, 0x0, 0x30, 0x0, 0x0,
    0x0, 0x0, 0x0, 0x21, 0x0, 0xf1, 0x1, 0x30,
    0xcf, 0xff, 0xf4, 0x8c, 0x1, 0xf1, 0xc, 0xc0,
    0x12, 0xc8, 0x20, 0xd, 0x74, 0xf0, 0xad, 0x10,
    0x0, 0xb6, 0x0, 0x2, 0x8, 0xd1, 0x21, 0x0,
    0x0, 0xb6, 0x0, 0x0, 0x3f, 0xde, 0x60, 0x0,
    0x12, 0xc8, 0x20, 0x6, 0xf9, 0x6, 0xfc, 0x20,
    0xbf, 0xff, 0xf7, 0xef, 0x70, 0x50, 0x1b, 0xf2,
    0x0, 0xb6, 0x1, 0x92, 0x2, 0xf0, 0x0, 0x50,
    0x0, 0xb6, 0x0, 0xa4, 0x3, 0xf0, 0x6, 0x80,
    0x0, 0xb6, 0x0, 0x6e, 0x25, 0xe0, 0x5f, 0x40,
    0x0, 0xb6, 0x0, 0x8, 0x3a, 0xf5, 0x94, 0x0,
    0x13, 0xdc, 0xcb, 0x0, 0x2f, 0x8e, 0x10, 0x0,
    0xdf, 0xc9, 0x63, 0x2, 0xdb, 0xa, 0xd2, 0x0,
    0x10, 0x0, 0x1, 0x7f, 0xc1, 0x0, 0xbf, 0x82,
    0x0, 0x0, 0xb, 0xf8, 0x0, 0x0, 0x7, 0xf3,
    0x0, 0x0, 0x0, 0x10, 0x0, 0x0, 0x0, 0x0,

    /* U+7441 "瑁" */
    0x0, 0x0, 0x0, 0x13, 0x33, 0x33, 0x33, 0x30,
    0x4a, 0xaa, 0xa9, 0x8e, 0xcc, 0xcc, 0xcc, 0xf2,
    0x37, 0x9e, 0x76, 0x88, 0x22, 0x22, 0x21, 0xf2,
    0x0, 0x4e, 0x0, 0x88, 0xbc, 0xcc, 0xc5, 0xf2,
    0x0, 0x4e, 0x0, 0x88, 0x11, 0x11, 0x10, 0xf2,
    0x0, 0x4e, 0x0, 0x88, 0xcd, 0xdd, 0xd6, 0xf2,
    0x39, 0xbf, 0x96, 0x22, 0x0, 0x0, 0x0, 0x30,
    0x26, 0x9e, 0x64, 0x1f, 0xee, 0xee, 0xef, 0xa0,
    0x0, 0x4e, 0x0, 0x1f, 0x0, 0x0, 0x8, 0xa0,
    0x0, 0x4e, 0x0, 0x1f, 0xff, 0xff, 0xff, 0xa0,
    0x0, 0x4e, 0x0, 0x1f, 0x0, 0x0, 0x8, 0xa0,
    0x1, 0x7f, 0xbf, 0x2f, 0xff, 0xff, 0xff, 0xa0,
    0x7f, 0xeb, 0x74, 0x1f, 0x0, 0x0, 0x8, 0xa0,
    0x12, 0x0, 0x0, 0x1f, 0xdd, 0xdd, 0xde, 0xa0,
    0x0, 0x0, 0x0, 0x1f, 0x22, 0x22, 0x29, 0xa0,

    /* U+7455 "瑕" */
    0x0, 0x0, 0x3, 0x88, 0x88, 0x17, 0x77, 0x70,
    0x7, 0xff, 0xfe, 0x6d, 0x78, 0xf1, 0x88, 0x9e,
    0x0, 0x1, 0xd5, 0x16, 0xb0, 0x1f, 0x0, 0x2,
    0xe0, 0x0, 0xd, 0x40, 0x6b, 0x1, 0xf0, 0x0,
    0x2e, 0x0, 0x0, 0xd4, 0x6, 0xfe, 0xef, 0x4d,
    0xdd, 0xe0, 0x0, 0xd, 0x40, 0x6b, 0x22, 0xe1,
    0x33, 0x5c, 0x0, 0x6e, 0xfe, 0xc6, 0xb0, 0x0,
    0x33, 0x33, 0x30, 0x0, 0xd, 0x40, 0x6f, 0xff,
    0xae, 0xdb, 0xbf, 0x30, 0x0, 0xd4, 0x6, 0xb1,
    0x10, 0x9a, 0x3, 0xf0, 0x0, 0xd, 0x40, 0x6b,
    0x0, 0x5, 0xe0, 0x8a, 0x0, 0x0, 0xd4, 0x6,
    0xff, 0xfe, 0xe, 0x7f, 0x30, 0x0, 0x2e, 0xce,
    0x9b, 0x11, 0x0, 0x6f, 0xa0, 0x0, 0x9f, 0xc7,
    0x36, 0xb0, 0x0, 0xa, 0xfd, 0x20, 0x2, 0x10,
    0x0, 0x6b, 0x0, 0x4d, 0xc2, 0xbf, 0x70, 0x0,
    0x0, 0x6, 0xb0, 0xd, 0x70, 0x0, 0x77, 0x0,
    0x0, 0x0, 0x0, 0x0, 0x0, 0x0, 0x0, 0x0,

    /* U+7457 "瑗" */
    0x0, 0x0, 0x0, 0x56, 0x78, 0x9a, 0xbc, 0xe1,
    0x5c, 0xcc, 0xc9, 0x8b, 0xa9, 0xb7, 0x68, 0x40,
    0x24, 0x8d, 0x43, 0x1e, 0x12, 0xf0, 0xe, 0x50,
    0x0, 0x5d, 0x0, 0xa, 0x50, 0xa3, 0x7b, 0x0,
    0x0, 0x5d, 0x0, 0x9e, 0xee, 0xee, 0xfe, 0xe5,
    0x0, 0x5d, 0x0, 0x12, 0xa9, 0x22, 0x22, 0x20,
    0x5f, 0xff, 0xfb, 0x23, 0xc8, 0x33, 0x33, 0x31,
    0x14, 0x7d, 0x42, 0xcd, 0xfd, 0xdd, 0xdd, 0xd7,
    0x0, 0x5d, 0x0, 0x4, 0xd0, 0x0, 0x0, 0x0,
    0x0, 0x5d, 0x0, 0xa, 0xff, 0xff, 0xff, 0xa0,
    0x0, 0x5d, 0x25, 0x1f, 0xd6, 0x0, 0x2f, 0x40,
    0x3, 0xaf, 0xfa, 0xa9, 0x2f, 0x52, 0xd8, 0x0,
    0x6f, 0xb6, 0x14, 0xf1, 0x4, 0xff, 0x90, 0x0,
    0x1, 0x0, 0xe, 0x70, 0x5c, 0xfd, 0xe9, 0x41,
    0x0, 0x0, 0x3, 0x3f, 0xe8, 0x10, 0x5b, 0xf8,
    0x0, 0x0, 0x0, 0x3, 0x0, 0x0, 0x0, 0x0,

    /* U+7459 "瑙" */
    0x0, 0x0, 0x0, 0x1, 0x0, 0x10, 0x0, 0x10,
    0x0, 0x0, 0x0, 0x3f, 0x20, 0xb9, 0x5, 0xe0,
    0xbf, 0xff, 0xf1, 0xd7, 0x5, 0xe0, 0x1e, 0x50,
    0x12, 0xe5, 0x29, 0xb0, 0x1e, 0x30, 0xa9, 0x0,
    0x0, 0xe3, 0x6, 0xe1, 0xd, 0x70, 0x7c, 0x0,
    0x0, 0xe3, 0x0, 0xbb, 0x3, 0xf3, 0xc, 0x80,
    0x0, 0xe3, 0x0, 0x2d, 0x59, 0x97, 0x3, 0xd0,
    0x8c, 0xfd, 0xb1, 0x22, 0xab, 0x22, 0x22, 0x20,
    0x45, 0xe8, 0x57, 0xfe, 0xee, 0xee, 0xee, 0xe0,
    0x0, 0xe3, 0x7, 0xa3, 0x30, 0x2, 0x83, 0xe0,
    0x0, 0xe3, 0x7, 0xa3, 0xda, 0x4e, 0x62, 0xe0,
    0x0, 0xe3, 0x17, 0xa0, 0xd, 0xfa, 0x2, 0xe0,
    0x4, 0xed, 0xf7, 0xa5, 0xda, 0x3c, 0xc5, 0xe0,
    0xde, 0x95, 0x17, 0xa8, 0x40, 0x0, 0x64, 0xe0,
    0x10, 0x0, 0x7, 0xec, 0xcc, 0xcc, 0xcd, 0xe0,
    0x0, 0x0, 0x7, 0xb4, 0x44, 0x44, 0x46, 0xe0,

    /* U+745B "瑛" */
    0x0, 0x0, 0x0, 0x0, 0x0, 0x0, 0x0, 0x0,
    0x0, 0x0, 0x0, 0x0, 0xa, 0x70, 0x2, 0xe0,
    0x0, 0x6, 0xaa, 0xaa, 0x22, 0xb9, 0x22, 0x4e,
    0x22, 0x10, 0x47, 0xe9, 0x79, 0xef, 0xfe, 0xee,
    0xfe, 0xe5, 0x0, 0xd, 0x40, 0x0, 0xa7, 0x2,
    0x2e, 0x0, 0x0, 0x0, 0xd4, 0x0, 0x5, 0x34,
    0xd1, 0x70, 0x0, 0x0, 0xd, 0x40, 0xc, 0xdd,
    0xef, 0xdd, 0xd3, 0x0, 0x8f, 0xff, 0xe0, 0xe2,
    0x5, 0xc0, 0xc, 0x40, 0x0, 0x1d, 0x51, 0xe,
    0x20, 0x5c, 0x0, 0xc4, 0x0, 0x0, 0xd4, 0x0,
    0xe2, 0x5, 0xb0, 0xc, 0x40, 0x0, 0xd, 0x40,
    0xdf, 0xee, 0xef, 0xee, 0xfe, 0x70, 0x0, 0xd4,
    0x23, 0x22, 0x2e, 0xf5, 0x22, 0x21, 0x7, 0x9f,
    0xff, 0x20, 0x7, 0xc6, 0xc0, 0x0, 0x0, 0xb9,
    0x64, 0x10, 0x8, 0xe2, 0xb, 0xb1, 0x0, 0x0,
    0x0, 0x0, 0x5d, 0xd3, 0x0, 0xb, 0xf8, 0x20,
    0x0, 0x0, 0x1d, 0x70, 0x0, 0x0, 0x5, 0xc4,
    0x0, 0x0, 0x0, 0x0, 0x0, 0x0, 0x0, 0x0,
    0x0,

    /* U+745C "瑜" */
    0x0, 0x0, 0x0, 0x0, 0x0, 0x9f, 0x40, 0x0,
    0x0, 0xdf, 0xff, 0xf4, 0x0, 0x7e, 0x8e, 0x10,
    0x0, 0x1, 0x1e, 0x41, 0x0, 0x7f, 0x30, 0x9d,
    0x20, 0x0, 0x0, 0xe3, 0x1, 0xaf, 0x62, 0x22,
    0xbf, 0x50, 0x0, 0xe, 0x33, 0xeb, 0x8d, 0xdd,
    0xdc, 0x5e, 0x80, 0x1, 0xe4, 0x14, 0x33, 0x33,
    0x0, 0x2, 0x60, 0xa, 0xff, 0xfe, 0x4f, 0xbb,
    0xf0, 0x93, 0x5b, 0x0, 0x0, 0xe3, 0x4, 0xc0,
    0xf, 0xb, 0x45, 0xb0, 0x0, 0xe, 0x30, 0x4f,
    0xcc, 0xf0, 0xb4, 0x5b, 0x0, 0x0, 0xe3, 0x4,
    0xd1, 0x1f, 0xb, 0x45, 0xb0, 0x0, 0xe, 0x32,
    0x5e, 0x66, 0xf0, 0xb4, 0x5b, 0x0, 0x58, 0xff,
    0xf7, 0xe7, 0x7f, 0xb, 0x45, 0xb0, 0xc, 0xb7,
    0x40, 0x4c, 0x0, 0xf0, 0x0, 0x5b, 0x0, 0x0,
    0x0, 0x4, 0xc1, 0x2f, 0x3, 0x3a, 0xa0, 0x0,
    0x0, 0x0, 0x4c, 0x7d, 0x90, 0x8d, 0xc3, 0x0,

    /* U+746D "瑭" */
    0x0, 0x0, 0x0, 0x0, 0x0, 0x24, 0x0, 0x0,
    0x0, 0x0, 0x0, 0x0, 0x0, 0x5, 0xf1, 0x0,
    0x0, 0xc, 0xff, 0xff, 0x5d, 0xdd, 0xdf, 0xed,
    0xdd, 0x70, 0x12, 0xe4, 0x25, 0xb2, 0x22, 0x83,
    0x22, 0x21, 0x0, 0xe, 0x30, 0x5b, 0x12, 0x2f,
    0x32, 0x20, 0x0, 0x0, 0xe3, 0x5, 0xba, 0xdd,
    0xfd, 0xdf, 0x30, 0x0, 0xe, 0x30, 0x5b, 0x0,
    0xf, 0x20, 0xd3, 0x0, 0xbf, 0xff, 0xe5, 0xff,
    0xff, 0xff, 0xff, 0xfa, 0x0, 0xe, 0x30, 0x5a,
    0x0, 0xf, 0x10, 0xd3, 0x0, 0x0, 0xe3, 0x6,
    0xac, 0xff, 0xff, 0xff, 0x30, 0x0, 0xe, 0x30,
    0x79, 0x0, 0xe, 0x10, 0x71, 0x0, 0x1, 0xfb,
    0xda, 0x7d, 0xdd, 0xdd, 0xdd, 0x20, 0xc, 0xfe,
    0x95, 0xe4, 0xf3, 0x22, 0x22, 0xe3, 0x0, 0x52,
    0x0, 0x4f, 0xf, 0x10, 0x0, 0xd, 0x30, 0x0,
    0x0, 0xd, 0x90, 0xfd, 0xdd, 0xdd, 0xf3, 0x0,
    0x0, 0x0, 0xb1, 0xf, 0x32, 0x22, 0x2e, 0x30,
    0x0, 0x0, 0x0, 0x0, 0x0, 0x0, 0x0, 0x0,
    0x0,

    /* U+7477 "瑷" */
    0x0, 0x0, 0x0, 0x46, 0x78, 0x9a, 0xbd, 0xe0,
    0x5c, 0xcc, 0xc9, 0x7b, 0x99, 0xb7, 0x6a, 0x50,
    0x24, 0x8d, 0x43, 0xe, 0x21, 0xf1, 0x1f, 0x30,
    0x0, 0x5d, 0x0, 0x7, 0x70, 0x93, 0x89, 0x0,
    0x0, 0x5d, 0x0, 0xbf, 0xff, 0xff, 0xff, 0xf4,
    0x0, 0x5d, 0x0, 0xc5, 0x4, 0x0, 0x0, 0xd4,
    0x4d, 0xdf, 0xd8, 0x73, 0x3e, 0x0, 0x0, 0x82,
    0x14, 0x7d, 0x42, 0xef, 0xff, 0xff, 0xff, 0xf6,
    0x0, 0x5d, 0x0, 0x0, 0xd4, 0x0, 0x0, 0x0,
    0x0, 0x5d, 0x0, 0x4, 0xff, 0xff, 0xff, 0x50,
    0x0, 0x5d, 0x47, 0xc, 0xe6, 0x0, 0x4e, 0x10,
    0x16, 0xbf, 0xe8, 0x7c, 0x2e, 0x53, 0xe4, 0x0,
    0x6e, 0x93, 0x3, 0xf3, 0x3, 0xff, 0x60, 0x0,
    0x0, 0x0, 0xd, 0x72, 0x7e, 0xcb, 0xfa, 0x51,
    0x0, 0x0, 0x3, 0x3f, 0xb5, 0x0, 0x39, 0xd5,
    0x0, 0x0, 0x0, 0x1, 0x0, 0x0, 0x0, 0x0,

    /* U+747E "瑾" */
    0x0, 0x0, 0x0, 0x2, 0x0, 0x0, 0x20, 0x0,
    0x0, 0x0, 0x0, 0xe, 0x20, 0x0, 0xe3, 0x0,
    0x58, 0x88, 0x7b, 0xff, 0xff, 0xff, 0xff, 0xf7,
    0x58, 0xfa, 0x70, 0xe, 0x20, 0x0, 0xe3, 0x0,
    0x0, 0xe4, 0x0, 0xe, 0xee, 0xee, 0xf3, 0x0,
    0x0, 0xe4, 0x0, 0x6, 0x3, 0xe0, 0x61, 0x0,
    0x0, 0xe4, 0x6, 0xee, 0xee, 0xfe, 0xee, 0xc0,
    0x8e, 0xfe, 0xc7, 0x90, 0x3, 0xe0, 0x3, 0xd0,
    0x0, 0xe4, 0x7, 0xec, 0xcd, 0xfc, 0xcd, 0xd0,
    0x0, 0xe4, 0x5, 0x71, 0x14, 0xe1, 0x13, 0xa0,
    0x0, 0xe4, 0x5, 0x99, 0x9a, 0xf9, 0x99, 0x90,
    0x0, 0xe4, 0x2, 0x44, 0x46, 0xf4, 0x44, 0x30,
    0x26, 0xfe, 0xf3, 0xbb, 0xbc, 0xfb, 0xbb, 0x50,
    0xaf, 0xb6, 0x10, 0x33, 0x36, 0xf3, 0x33, 0x10,
    0x31, 0x0, 0x0, 0x0, 0x3, 0xe0, 0x0, 0x0,
    0x0, 0x0, 0x6f, 0xff, 0xff, 0xff, 0xff, 0xfa,

    /* U+7480 "璀" */
    0x0, 0x0, 0x0, 0x0, 0x0, 0x50, 0x0, 0x0,
    0x0, 0x0, 0x0, 0xb2, 0x2, 0xf0, 0x2, 0xb0,
    0xad, 0xdd, 0xd1, 0xf2, 0x2, 0xf0, 0x3, 0xe0,
    0x34, 0xe7, 0x40, 0xf9, 0x89, 0xf8, 0x89, 0xe0,
    0x0, 0xe4, 0x0, 0x78, 0x88, 0xb8, 0x89, 0xe0,
    0x0, 0xe4, 0x0, 0x1e, 0x11, 0xf4, 0x0, 0x0,
    0x0, 0xe4, 0x0, 0x9d, 0x11, 0x8c, 0x11, 0x10,
    0x59, 0xfa, 0x82, 0xff, 0xee, 0xff, 0xee, 0xe7,
    0x46, 0xe9, 0x6d, 0xf6, 0x0, 0x98, 0x0, 0x0,
    0x0, 0xe4, 0x6d, 0xbf, 0xff, 0xff, 0xff, 0xf3,
    0x0, 0xe4, 0x2, 0xb7, 0x0, 0x99, 0x0, 0x0,
    0x0, 0xe4, 0x0, 0xb8, 0x22, 0xa9, 0x22, 0x20,
    0x0, 0xe8, 0x93, 0xbe, 0xdd, 0xee, 0xdd, 0xd2,
    0xaf, 0xea, 0x71, 0xb6, 0x0, 0x98, 0x0, 0x0,
    0x21, 0x0, 0x0, 0xbf, 0xff, 0xff, 0xff, 0xfa,
    0x0, 0x0, 0x0, 0xb7, 0x0, 0x0, 0x0, 0x0,

    /* U+7481 "璁" */
    0x0, 0x0, 0x0, 0x0, 0x6, 0x0, 0x0, 0x0,
    0x0, 0x0, 0x0, 0x0, 0x5, 0xe0, 0x0, 0x0,
    0x0, 0x9f, 0xff, 0xe5, 0xee, 0xff, 0xee, 0xee,
    0xc0, 0x1, 0x2e, 0x52, 0x68, 0x7, 0x90, 0x0,
    0x3d, 0x0, 0x0, 0xe3, 0x6, 0x82, 0xff, 0xee,
    0xe2, 0xd0, 0x0, 0xe, 0x30, 0x69, 0xd7, 0x20,
    0x89, 0x2d, 0x0, 0x12, 0xe4, 0x16, 0x84, 0x4e,
    0xcb, 0x2, 0xd0, 0x8, 0xff, 0xfa, 0x68, 0x16,
    0xdb, 0xe6, 0x2d, 0x0, 0x0, 0xe3, 0x6, 0x8d,
    0xa2, 0x2, 0x42, 0xd0, 0x0, 0xe, 0x30, 0x6f,
    0xff, 0xff, 0xff, 0xfd, 0x0, 0x0, 0xe3, 0x4,
    0x60, 0x9, 0x10, 0x2, 0xa0, 0x0, 0xe, 0x30,
    0x22, 0x82, 0x8c, 0x0, 0x1, 0x0, 0x1, 0xea,
    0xba, 0x7e, 0x30, 0xd7, 0x24, 0xe0, 0x9, 0xfe,
    0xa6, 0xf1, 0xe3, 0x2, 0xa, 0xdb, 0x70, 0x33,
    0x0, 0x6c, 0xd, 0x60, 0x1, 0xe8, 0x4d, 0x0,
    0x0, 0x0, 0x20, 0x6e, 0xff, 0xfc, 0x10, 0x10,
    0x0, 0x0, 0x0, 0x0, 0x0, 0x0, 0x0, 0x0,
    0x0,

    /* U+7487 "璇" */
    0x0, 0x0, 0x0, 0x0, 0x0, 0x0, 0x0, 0x0,
    0x0, 0x0, 0x5, 0x90, 0x0, 0x6a, 0x0, 0x0,
    0x58, 0x88, 0x31, 0xf2, 0x0, 0xc8, 0x11, 0x10,
    0x69, 0xf9, 0x52, 0x73, 0x12, 0xff, 0xff, 0xfa,
    0x1, 0xf0, 0xbf, 0xff, 0xe9, 0x90, 0x0, 0x0,
    0x1, 0xf0, 0xb, 0x40, 0x7, 0x43, 0x33, 0x31,
    0x1, 0xf0, 0xc, 0x40, 0x8, 0xcc, 0xfc, 0xe8,
    0x7d, 0xfd, 0x4c, 0xff, 0x70, 0x1, 0xe0, 0xd3,
    0x24, 0xf4, 0x1d, 0x49, 0x72, 0x71, 0xe1, 0x80,
    0x1, 0xf0, 0xe, 0x29, 0x74, 0xc1, 0xe1, 0x10,
    0x1, 0xf0, 0xf, 0x19, 0x65, 0xb1, 0xff, 0xf5,
    0x1, 0xf0, 0x1f, 0xa, 0x66, 0xa1, 0xe0, 0x0,
    0x1, 0xf7, 0x8d, 0xa, 0x59, 0xe2, 0xe0, 0x0,
    0x6d, 0xfc, 0xc8, 0xb, 0x5c, 0xda, 0xe0, 0x0,
    0x67, 0x21, 0xf5, 0x1e, 0x5f, 0x2e, 0xf3, 0x22,
    0x0, 0x8, 0xba, 0xfb, 0x8b, 0x2, 0xbf, 0xfb,
    0x0, 0x1, 0x20, 0x0, 0x12, 0x0, 0x0, 0x0,

    /* U+748B "璋" */
    0x0, 0x0, 0x0, 0x0, 0x0, 0x34, 0x0, 0x0,
    0x0, 0x1, 0x11, 0x10, 0x0, 0x4, 0xe0, 0x0,
    0x0, 0xc, 0xff, 0xff, 0x5f, 0xff, 0xff, 0xff,
    0xff, 0x30, 0x0, 0xe2, 0x0, 0xa, 0x50, 0x0,
    0x4a, 0x0, 0x0, 0xe, 0x20, 0x12, 0x6e, 0x22,
    0x2e, 0x72, 0x10, 0x0, 0xe2, 0xb, 0xdd, 0xdd,
    0xdd, 0xdd, 0xda, 0x0, 0x1e, 0x31, 0x2, 0x22,
    0x22, 0x22, 0x22, 0x0, 0xbf, 0xff, 0xd0, 0xec,
    0xcc, 0xcc, 0xcc, 0xd0, 0x0, 0xe, 0x20, 0xe,
    0x10, 0x0, 0x0, 0x3d, 0x0, 0x0, 0xe2, 0x0,
    0xee, 0xee, 0xee, 0xee, 0xd0, 0x0, 0xe, 0x20,
    0xe, 0x10, 0x0, 0x0, 0x3d, 0x0, 0x0, 0xe2,
    0x0, 0xee, 0xee, 0xfe, 0xee, 0xd0, 0x1, 0x5f,
    0xee, 0x2, 0x0, 0x2e, 0x0, 0x2, 0x0, 0xdd,
    0x84, 0xd, 0xff, 0xff, 0xff, 0xff, 0xfb, 0x0,
    0x0, 0x0, 0x0, 0x0, 0x2e, 0x0, 0x0, 0x0,
    0x0, 0x0, 0x0, 0x0, 0x2, 0xe0, 0x0, 0x0,

    /* U+748E "璎" */
    0x0, 0x0, 0x5, 0x99, 0x98, 0x39, 0x99, 0x90,
    0xbf, 0xff, 0xf9, 0x87, 0x5e, 0x5a, 0x75, 0xe1,
    0x12, 0xe6, 0x28, 0x5e, 0xe, 0x58, 0xc2, 0xd1,
    0x0, 0xd4, 0x8, 0x5e, 0xe, 0x58, 0xc2, 0xd1,
    0x0, 0xd4, 0x8, 0x5e, 0xe, 0x58, 0xd1, 0xd1,
    0x0, 0xd4, 0x4, 0x6e, 0x77, 0x35, 0xe0, 0x70,
    0x9f, 0xff, 0xe0, 0xb6, 0xb8, 0xa, 0xbd, 0x20,
    0x1, 0xd5, 0x1a, 0xa0, 0x8, 0x8c, 0x3, 0xd3,
    0x0, 0xd4, 0x4, 0x0, 0x8b, 0x40, 0x0, 0x21,
    0x0, 0xd4, 0x2e, 0xee, 0xfe, 0xee, 0xee, 0xe6,
    0x0, 0xd4, 0x1, 0x3f, 0x41, 0x18, 0xb1, 0x10,
    0x24, 0xea, 0xa2, 0x6d, 0xa4, 0x5e, 0x20, 0x0,
    0xce, 0xc9, 0x71, 0x0, 0x7f, 0xfb, 0x30, 0x0,
    0x0, 0x0, 0x25, 0x9d, 0xe8, 0x27, 0xee, 0x81,
    0x0, 0x0, 0x3c, 0x84, 0x0, 0x0, 0x5, 0xa0,

    /* U+7490 "璐" */
    0x0, 0x0, 0x0, 0x0, 0x0, 0x3, 0x0, 0x0,
    0x0, 0x0, 0x5, 0x66, 0x50, 0x6d, 0x0, 0x0,
    0xaf, 0xff, 0x7d, 0xaa, 0xe0, 0xcf, 0xdd, 0xd0,
    0x2, 0xf1, 0xd, 0x10, 0xe3, 0xf3, 0x36, 0xe0,
    0x1, 0xf0, 0xd, 0x10, 0xeb, 0xf5, 0xb, 0x70,
    0x1, 0xf0, 0xd, 0x44, 0xeb, 0x5d, 0x6e, 0x0,
    0x1, 0xf0, 0xd, 0xde, 0xb0, 0xc, 0xf4, 0x0,
    0x8f, 0xff, 0x44, 0x3b, 0x0, 0x8f, 0xdd, 0x40,
    0x13, 0xf2, 0x19, 0x3b, 0xd, 0xe4, 0x9, 0xf9,
    0x1, 0xf0, 0x1d, 0x3e, 0xb7, 0x21, 0x11, 0x32,
    0x1, 0xf0, 0x1d, 0x3c, 0x64, 0xff, 0xff, 0xd0,
    0x1, 0xf0, 0x1d, 0x3b, 0x4, 0xc0, 0x3, 0xd0,
    0x4, 0xfc, 0x7d, 0x3b, 0x4, 0xc0, 0x3, 0xd0,
    0xae, 0xa5, 0x4e, 0xaf, 0xf7, 0xc0, 0x3, 0xd0,
    0x10, 0x2, 0xfd, 0x95, 0x14, 0xff, 0xff, 0xd0,
    0x0, 0x0, 0x10, 0x0, 0x4, 0xd1, 0x14, 0xd0,

    /* U+749C "璜" */
    0x0, 0x0, 0x0, 0x0, 0x20, 0x0, 0x20, 0x0,
    0x0, 0x0, 0x0, 0x1, 0xf0, 0x3, 0xe0, 0x0,
    0xef, 0xff, 0xf6, 0xdd, 0xfd, 0xde, 0xfd, 0xd2,
    0x0, 0xe3, 0x0, 0x13, 0xf1, 0x14, 0xe1, 0x10,
    0x0, 0xe2, 0x0, 0x2, 0xf0, 0x3, 0xe0, 0x0,
    0x0, 0xe2, 0xb, 0xee, 0xee, 0xfe, 0xee, 0xea,
    0x0, 0xe2, 0x0, 0x0, 0x2, 0xe0, 0x0, 0x0,
    0xbf, 0xff, 0xe0, 0xef, 0xff, 0xff, 0xff, 0xc0,
    0x1, 0xe3, 0x0, 0xe2, 0x2, 0xe0, 0x3, 0xd0,
    0x0, 0xe2, 0x0, 0xed, 0xcd, 0xfc, 0xcd, 0xd0,
    0x0, 0xe2, 0x0, 0xe4, 0x24, 0xe2, 0x25, 0xd0,
    0x0, 0xe2, 0x0, 0xe2, 0x2, 0xe0, 0x4, 0xd0,
    0x1, 0xfa, 0xc2, 0xee, 0xee, 0xee, 0xef, 0xd0,
    0xcf, 0xea, 0x60, 0x50, 0x51, 0x3, 0x41, 0x40,
    0x32, 0x0, 0x0, 0x6d, 0xd4, 0x5, 0xed, 0x60,
    0x0, 0x0, 0xc, 0xd6, 0x0, 0x0, 0x6, 0xe8,
    0x0, 0x0, 0x1, 0x0, 0x0, 0x0, 0x0, 0x0,

    /* U+749E "璞" */
    0x0, 0x0, 0x0, 0x0, 0x52, 0x6, 0x10, 0x0,
    0x0, 0x0, 0x3, 0x90, 0xb5, 0xd, 0x32, 0x90,
    0xdf, 0xff, 0xf2, 0xd5, 0xb5, 0xd, 0x3c, 0x60,
    0x0, 0xe2, 0x0, 0x33, 0xb5, 0xd, 0x47, 0x0,
    0x0, 0xe2, 0x8, 0xdd, 0xfe, 0xdf, 0xed, 0xd4,
    0x0, 0xe2, 0x1, 0x2a, 0x62, 0x22, 0xa6, 0x20,
    0x23, 0xe5, 0x30, 0x5, 0xd0, 0x4, 0xe1, 0x0,
    0x8d, 0xfd, 0xb5, 0xff, 0xff, 0xff, 0xff, 0xf0,
    0x0, 0xe2, 0x0, 0x0, 0x5, 0xc0, 0x0, 0x0,
    0x0, 0xe2, 0x0, 0xcd, 0xde, 0xfd, 0xdd, 0x50,
    0x0, 0xe2, 0x0, 0x22, 0x27, 0xb2, 0x22, 0x0,
    0x0, 0xe2, 0x31, 0x22, 0x28, 0xa2, 0x22, 0x20,
    0x5, 0xff, 0xf8, 0xdd, 0xdf, 0xfd, 0xdd, 0xd5,
    0xce, 0xa5, 0x0, 0x0, 0x5e, 0xc9, 0x0, 0x0,
    0x10, 0x0, 0x0, 0x19, 0xf4, 0x1c, 0xc4, 0x0,
    0x0, 0x0, 0xc, 0xfa, 0x20, 0x0, 0x7e, 0xf4,
    0x0, 0x0, 0x4, 0x10, 0x0, 0x0, 0x0, 0x30,

    /* U+74A7 "璧" */
    0x0, 0x0, 0x0, 0x0, 0x0, 0x2, 0x10, 0x0,
    0x0, 0x5, 0x88, 0x88, 0x80, 0x0, 0x9a, 0x0,
    0x0, 0x0, 0xaa, 0x66, 0x6f, 0x5f, 0xff, 0xff,
    0xfc, 0x0, 0xa, 0x60, 0x0, 0xf0, 0x2a, 0x0,
    0x69, 0x0, 0x0, 0xbe, 0xee, 0xef, 0x0, 0xb3,
    0xb, 0x20, 0x0, 0xe, 0x41, 0x11, 0x39, 0xff,
    0xff, 0xff, 0xf4, 0x3, 0xee, 0xdd, 0xdf, 0x12,
    0x25, 0xe2, 0x22, 0x0, 0xb9, 0xe2, 0x0, 0xf2,
    0xaa, 0xbf, 0xaa, 0x80, 0xd, 0x1e, 0xee, 0xef,
    0x2, 0x25, 0xe2, 0x21, 0x0, 0x0, 0xb1, 0x0,
    0xb0, 0x0, 0x2b, 0x0, 0x0, 0x1, 0xff, 0xff,
    0xff, 0xff, 0xff, 0xff, 0xfa, 0x0, 0x0, 0x0,
    0x0, 0xd, 0x60, 0x0, 0x0, 0x0, 0x0, 0x6e,
    0xee, 0xee, 0xff, 0xee, 0xee, 0xe0, 0x0, 0x0,
    0x0, 0x0, 0xd, 0x60, 0x89, 0x0, 0x0, 0x0,
    0x0, 0x0, 0x0, 0xd6, 0x3, 0xf1, 0x0, 0x0,
    0xbf, 0xff, 0xff, 0xff, 0xff, 0xff, 0xff, 0xf4,

    /* U+74A8 "璨" */
    0x0, 0x0, 0x0, 0x0, 0xf1, 0x1, 0x11, 0x10,
    0x7a, 0xaa, 0xa0, 0x0, 0xfd, 0x8d, 0xee, 0xf6,
    0x57, 0xe9, 0x70, 0xb4, 0xf1, 0x0, 0x0, 0xd2,
    0x0, 0xd4, 0x3, 0xfd, 0xdf, 0x7d, 0x55, 0xb0,
    0x0, 0xd4, 0xd, 0x62, 0x1f, 0x22, 0xde, 0x10,
    0x11, 0xd5, 0x15, 0x3d, 0xd7, 0x18, 0xdc, 0x90,
    0x9f, 0xff, 0xe1, 0x7e, 0x80, 0xa9, 0x10, 0xc7,
    0x0, 0xd4, 0xa, 0xc8, 0x0, 0xc0, 0x8, 0x10,
    0x0, 0xd4, 0x0, 0x2e, 0x61, 0xf0, 0xab, 0x0,
    0x0, 0xd4, 0x1, 0x13, 0x52, 0xf1, 0x71, 0x10,
    0x0, 0xd4, 0xc, 0xff, 0xff, 0xff, 0xff, 0xf9,
    0x3, 0xed, 0xf0, 0x0, 0x8c, 0xfc, 0x40, 0x0,
    0xce, 0xa6, 0x10, 0x4c, 0x91, 0xf1, 0xca, 0x20,
    0x10, 0x0, 0xd, 0xd5, 0x1, 0xf0, 0x7, 0xe9,
    0x0, 0x0, 0x3, 0x0, 0x1, 0xf0, 0x0, 0x1,

    /* U+74A9 "璩" */
    0x0, 0x0, 0x0, 0x0, 0x16, 0x0, 0x0, 0x0,
    0x0, 0x0, 0x0, 0x0, 0x3e, 0xaa, 0xaa, 0x70,
    0x8c, 0xcc, 0xc0, 0x0, 0x3d, 0x44, 0x44, 0x30,
    0x24, 0xe7, 0x45, 0xdd, 0xef, 0xdd, 0xdd, 0xd1,
    0x0, 0xe3, 0x6, 0xa1, 0x17, 0x11, 0x11, 0xf0,
    0x0, 0xe3, 0x6, 0xaa, 0xbf, 0xdd, 0x94, 0x60,
    0x12, 0xe5, 0x16, 0xa3, 0x2f, 0x43, 0x4c, 0x40,
    0x7d, 0xfe, 0x96, 0x90, 0x5, 0x88, 0x85, 0x0,
    0x0, 0xe3, 0x7, 0x9b, 0xee, 0xee, 0xee, 0xe1,
    0x0, 0xe3, 0x7, 0x80, 0x4c, 0xe1, 0x2, 0x60,
    0x0, 0xe3, 0x9, 0x9e, 0x94, 0xe7, 0x5e, 0x60,
    0x0, 0xe6, 0x6b, 0x51, 0x6d, 0x6f, 0xdb, 0x0,
    0x17, 0xff, 0x9e, 0x8e, 0xa3, 0xbf, 0x4c, 0x30,
    0xae, 0x81, 0x4d, 0x23, 0x6e, 0x69, 0x64, 0xe2,
    0x10, 0x0, 0xb9, 0x8e, 0xa2, 0xc, 0x50, 0x89,
    0x0, 0x0, 0xe1, 0x72, 0x3f, 0xfb, 0x0, 0x0,
    0x0, 0x0, 0x0, 0x0, 0x0, 0x0, 0x0, 0x0,

    /* U+74BA "璺" */
    0x0, 0x3, 0x12, 0x22, 0x22, 0x20, 0x0, 0x0,
    0x3, 0xdd, 0x7e, 0xbb, 0xbb, 0xeb, 0xff, 0x60,
    0x5, 0xb0, 0x1c, 0x37, 0x71, 0xe0, 0xa, 0x60,
    0x5, 0xfe, 0x7c, 0x13, 0x30, 0xe8, 0xef, 0x60,
    0x5, 0xb0, 0x1c, 0x5b, 0xc2, 0xe0, 0xa, 0x60,
    0x5, 0xfe, 0x7c, 0x67, 0x92, 0xe8, 0xef, 0x60,
    0x5, 0xb0, 0x1c, 0x47, 0x81, 0xe0, 0xa, 0x60,
    0x2f, 0xff, 0xff, 0xff, 0xff, 0xff, 0xff, 0xf2,
    0x2f, 0x1, 0x11, 0x11, 0x11, 0x11, 0x10, 0xf2,
    0x2f, 0xe, 0xee, 0xef, 0xfe, 0xee, 0xe0, 0xf2,
    0x0, 0x0, 0x0, 0x9, 0x90, 0x0, 0x0, 0x0,
    0x0, 0xaf, 0xff, 0xff, 0xff, 0xff, 0xfa, 0x0,
    0x0, 0x0, 0x0, 0x9, 0x90, 0x2b, 0x0, 0x0,
    0x0, 0x0, 0x0, 0x9, 0x90, 0xe, 0x40, 0x0,
    0x2f, 0xff, 0xff, 0xff, 0xff, 0xff, 0xff, 0xf2,

    /* U+74D2 "瓒" */
    0x0, 0x0, 0x3, 0x6b, 0x20, 0x17, 0xb3, 0x0,
    0x7c, 0xcc, 0xb8, 0xef, 0xdb, 0x6e, 0xfd, 0xd2,
    0x24, 0xd7, 0x4d, 0x1c, 0x30, 0xd2, 0xb4, 0x10,
    0x0, 0xc4, 0x4, 0xc, 0x30, 0x60, 0xb4, 0x0,
    0x0, 0xc4, 0xd, 0xfd, 0xfd, 0x7f, 0xdf, 0xd7,
    0x0, 0xc4, 0x0, 0xc0, 0xf3, 0x1c, 0x1e, 0x6,
    0x5b, 0xec, 0x89, 0x71, 0xfb, 0x99, 0xf, 0x8a,
    0x14, 0xd7, 0x37, 0x10, 0x20, 0x81, 0x4, 0x61,
    0x0, 0xc4, 0x4, 0xff, 0xff, 0xff, 0xff, 0x70,
    0x0, 0xc4, 0x4, 0xa0, 0x1, 0x20, 0xb, 0x70,
    0x0, 0xc4, 0x4, 0xa0, 0x5, 0xb0, 0xb, 0x70,
    0x15, 0xde, 0xf6, 0xa0, 0x9, 0xa0, 0xb, 0x70,
    0x9d, 0x95, 0x11, 0x20, 0x5f, 0xcd, 0x63, 0x10,
    0x0, 0x0, 0x2, 0x6c, 0xf5, 0x4, 0xce, 0x70,
    0x0, 0x0, 0x5f, 0xc7, 0x10, 0x0, 0x5, 0xd7,
    0x0, 0x0, 0x1, 0x0, 0x0, 0x0, 0x0, 0x0,

    /* U+752F "甯" */
    0x0, 0x0, 0x0, 0x3, 0x30, 0x0, 0x0, 0x0,
    0x0, 0x0, 0x0, 0x8, 0xd0, 0x0, 0x0, 0x0,
    0x2f, 0xff, 0xff, 0xff, 0xff, 0xff, 0xff, 0xf4,
    0x2f, 0x0, 0x24, 0x5, 0x70, 0x10, 0x0, 0xd4,
    0x17, 0x57, 0x4d, 0x2, 0xf3, 0x6d, 0x45, 0x62,
    0x1, 0xe5, 0x3e, 0x10, 0x31, 0xba, 0x4f, 0x40,
    0xb, 0xa0, 0xc, 0xee, 0xee, 0xb2, 0x7, 0xf1,
    0x5, 0x33, 0x33, 0x33, 0x33, 0x33, 0x32, 0x30,
    0x0, 0xbe, 0xdd, 0xdd, 0xfd, 0xdd, 0xde, 0x0,
    0x0, 0xb8, 0x0, 0x5, 0xc0, 0x0, 0x4e, 0x0,
    0x0, 0xbf, 0xff, 0xff, 0xff, 0xff, 0xfe, 0x0,
    0x0, 0xb8, 0x0, 0x5, 0xc0, 0x0, 0x4e, 0x0,
    0x0, 0xbf, 0xee, 0xee, 0xfe, 0xee, 0xee, 0x0,
    0x0, 0xb9, 0x11, 0x16, 0xd1, 0x11, 0x5e, 0x0,
    0x0, 0xb8, 0x0, 0x5, 0xc1, 0x22, 0x9d, 0x0,
    0x0, 0xb8, 0x0, 0x4, 0xb3, 0xff, 0xe5, 0x0,
    0x0, 0x11, 0x0, 0x0, 0x0, 0x0, 0x0, 0x0,

    /* U+753E "甾" */
    0x0, 0x14, 0x0, 0x2, 0x30, 0x0, 0x41, 0x0,
    0xc, 0xc0, 0x1, 0xdb, 0x0, 0x4f, 0x70, 0x1c,
    0xb0, 0x1, 0xcb, 0x0, 0x5f, 0x60, 0xa, 0xf1,
    0x0, 0xce, 0x10, 0x1f, 0xc0, 0x0, 0xc, 0xd2,
    0x1, 0xcd, 0x20, 0x3e, 0xc1, 0x0, 0xc, 0xb0,
    0x0, 0xbd, 0x0, 0x1d, 0xb0, 0x0, 0x0, 0x0,
    0x0, 0x10, 0x0, 0x11, 0x0, 0xef, 0xff, 0xff,
    0xff, 0xff, 0xff, 0x60, 0xf, 0x51, 0x11, 0x6d,
    0x11, 0x11, 0xc6, 0x0, 0xf3, 0x0, 0x5, 0xd0,
    0x0, 0xc, 0x60, 0xf, 0x41, 0x11, 0x6d, 0x11,
    0x11, 0xc6, 0x0, 0xff, 0xff, 0xff, 0xff, 0xff,
    0xff, 0x60, 0xf, 0x30, 0x0, 0x5d, 0x0, 0x0,
    0xc6, 0x0, 0xf3, 0x0, 0x5, 0xd0, 0x0, 0xc,
    0x60, 0xf, 0xee, 0xee, 0xff, 0xee, 0xee, 0xf6,
    0x0, 0xf5, 0x22, 0x22, 0x22, 0x22, 0x2c, 0x60,

    /* U+757F "畿" */
    0x0, 0x0, 0x0, 0x1, 0x40, 0x0, 0x0, 0x0,
    0x0, 0x9, 0x80, 0x4, 0xc0, 0xa, 0x90, 0x0,
    0x0, 0x3d, 0x1, 0x4, 0xc0, 0x4e, 0x13, 0x10,
    0x1, 0xc3, 0x3e, 0x54, 0xc2, 0xe3, 0x1e, 0x50,
    0x8, 0xff, 0xf8, 0x3, 0xd5, 0xed, 0xf6, 0x0,
    0x1, 0x3b, 0x94, 0x42, 0xe0, 0xb, 0x68, 0x60,
    0x0, 0xaa, 0x37, 0xd1, 0xf1, 0xdb, 0x8b, 0xf1,
    0x3, 0xba, 0x87, 0xa3, 0xe2, 0x89, 0x94, 0x73,
    0x2b, 0xbb, 0xbb, 0xbb, 0xfc, 0xbd, 0xeb, 0xb7,
    0x3, 0x33, 0x33, 0x33, 0x9b, 0x33, 0x33, 0x32,
    0x5, 0xbb, 0xbb, 0xba, 0x3e, 0x0, 0x6c, 0x0,
    0x8, 0x91, 0xd4, 0x3e, 0xd, 0x63, 0xe2, 0x0,
    0x8, 0xec, 0xfd, 0xde, 0x5, 0xee, 0x40, 0x6a,
    0x8, 0x90, 0xd3, 0x2e, 0x6, 0xfd, 0x10, 0x98,
    0x8, 0xed, 0xfd, 0xde, 0xae, 0x5c, 0xe6, 0xe5,
    0x6, 0x70, 0x0, 0x5, 0xc2, 0x0, 0x9e, 0xb0,
    0x0, 0x0, 0x0, 0x0, 0x0, 0x0, 0x0, 0x0,

    /* U+7E9F "纟" */
    0x0, 0x0, 0xb6, 0x0, 0x0, 0x0, 0x7e, 0x10,
    0x0, 0x0, 0x4f, 0x30, 0x4, 0x20, 0x2e, 0x50,
    0x3, 0xf7, 0x2e, 0x93, 0x46, 0xe9, 0x7, 0xff,
    0xed, 0xfa, 0x0, 0x1, 0x0, 0xcb, 0x0, 0x0,
    0x1, 0xca, 0x0, 0x0, 0x3, 0xeb, 0x35, 0x79,
    0x10, 0xef, 0xff, 0xdb, 0x90, 0x3, 0x41, 0x0,
    0x0, 0x0, 0x0, 0x0, 0x0, 0x0, 0x14, 0x67,
    0x9b, 0xdf, 0xb6, 0xfe, 0xca, 0x86, 0x42, 0x0,
    0x0, 0x0, 0x0, 0x0,

    /* U+7EA1 "纡" */
    0x0, 0x1, 0x0, 0x0, 0x0, 0x0, 0x0, 0x0,
    0x0, 0xc, 0x80, 0x2, 0x22, 0x22, 0x22, 0x20,
    0x0, 0x4f, 0x10, 0xc, 0xff, 0xff, 0xff, 0xf5,
    0x0, 0xd7, 0x0, 0x0, 0x0, 0x4f, 0x0, 0x0,
    0x7, 0xc0, 0xc, 0x70, 0x0, 0x4f, 0x0, 0x0,
    0x3f, 0x53, 0x8e, 0x10, 0x0, 0x4f, 0x0, 0x0,
    0x4d, 0xcd, 0xf4, 0x0, 0x0, 0x4f, 0x0, 0x0,
    0x0, 0x1d, 0x80, 0x7c, 0xcc, 0xdf, 0xcc, 0xcb,
    0x0, 0xba, 0x0, 0x25, 0x55, 0x7f, 0x55, 0x54,
    0x8, 0xd2, 0x46, 0x30, 0x0, 0x4f, 0x0, 0x0,
    0x2f, 0xff, 0xfc, 0x30, 0x0, 0x4f, 0x0, 0x0,
    0x6, 0x41, 0x0, 0x0, 0x0, 0x4f, 0x0, 0x0,
    0x0, 0x0, 0x0, 0x0, 0x0, 0x4f, 0x0, 0x0,
    0x36, 0x8a, 0xce, 0xb0, 0x0, 0x4f, 0x0, 0x0,
    0x7e, 0xca, 0x75, 0x23, 0x65, 0xae, 0x0, 0x0,
    0x0, 0x0, 0x0, 0x6, 0xff, 0xe5, 0x0, 0x0,
    0x0, 0x0, 0x0, 0x0, 0x0, 0x0, 0x0, 0x0,

    /* U+7EA3 "纣" */
    0x0, 0x1, 0x0, 0x0, 0x0, 0x0, 0x10, 0x0,
    0x0, 0xd, 0x60, 0x0, 0x0, 0x0, 0xc7, 0x0,
    0x0, 0x5e, 0x0, 0x0, 0x0, 0x0, 0xc7, 0x0,
    0x0, 0xe5, 0x0, 0x0, 0x0, 0x0, 0xc7, 0x0,
    0x8, 0xb0, 0xd, 0x6d, 0xdd, 0xdd, 0xfe, 0xda,
    0x3f, 0x21, 0x8d, 0x15, 0x55, 0x55, 0xd9, 0x54,
    0x8f, 0xff, 0xf3, 0x0, 0x0, 0x0, 0xc7, 0x0,
    0x1, 0x1d, 0x80, 0x7, 0xb0, 0x0, 0xc7, 0x0,
    0x0, 0xab, 0x0, 0x2, 0xf3, 0x0, 0xc7, 0x0,
    0x8, 0xd0, 0x3, 0x10, 0xac, 0x0, 0xc7, 0x0,
    0x4f, 0xee, 0xff, 0x30, 0x3e, 0x10, 0xc7, 0x0,
    0x29, 0x64, 0x10, 0x0, 0x0, 0x0, 0xc7, 0x0,
    0x0, 0x0, 0x0, 0x10, 0x0, 0x0, 0xc7, 0x0,
    0x25, 0x79, 0xcf, 0x90, 0x0, 0x0, 0xc7, 0x0,
    0x9f, 0xc9, 0x64, 0x10, 0x15, 0x46, 0xf5, 0x0,
    0x0, 0x0, 0x0, 0x0, 0x2f, 0xff, 0xb0, 0x0,
    0x0, 0x0, 0x0, 0x0, 0x0, 0x0, 0x0, 0x0,

    /* U+7EA5 "纥" */
    0x0, 0x3, 0x0, 0x0, 0x20, 0x0, 0x0, 0x0,
    0x0, 0x4f, 0x10, 0x1, 0xf4, 0x0, 0x0, 0x0,
    0x0, 0xb8, 0x0, 0x7, 0xe2, 0x22, 0x22, 0x21,
    0x3, 0xf1, 0x0, 0xe, 0xff, 0xff, 0xff, 0xf8,
    0xc, 0x70, 0x98, 0x8e, 0x0, 0x0, 0x0, 0x0,
    0x5e, 0x25, 0xf5, 0xf5, 0x0, 0x0, 0x0, 0x0,
    0xaf, 0xef, 0x92, 0x99, 0xdd, 0xdd, 0xdc, 0x0,
    0x0, 0x7e, 0x10, 0x3, 0x55, 0x57, 0xfb, 0x0,
    0x1, 0xf5, 0x0, 0x0, 0x0, 0x2e, 0xb0, 0x0,
    0xc, 0xa2, 0x55, 0x0, 0x2, 0xea, 0x0, 0x0,
    0x5f, 0xff, 0xf9, 0x0, 0x1e, 0xb0, 0x0, 0x0,
    0x27, 0x41, 0x0, 0x0, 0xcc, 0x0, 0x0, 0x7a,
    0x0, 0x0, 0x1, 0x9, 0xe1, 0x0, 0x0, 0x9a,
    0x14, 0x7a, 0xee, 0x1f, 0x60, 0x0, 0x0, 0xb8,
    0xaf, 0xd9, 0x63, 0x2f, 0x72, 0x22, 0x25, 0xf4,
    0x11, 0x0, 0x0, 0x8, 0xff, 0xff, 0xff, 0x90,

    /* U+7EA8 "纨" */
    0x0, 0x3, 0x0, 0x0, 0x31, 0x0, 0x0, 0x0,
    0x0, 0x2f, 0x30, 0x0, 0xc7, 0x0, 0x0, 0x0,
    0x0, 0x9a, 0x0, 0x0, 0xc7, 0x0, 0x0, 0x0,
    0x1, 0xf2, 0x0, 0x22, 0xd8, 0x22, 0x21, 0x0,
    0xa, 0x90, 0x97, 0xcf, 0xff, 0xff, 0xf6, 0x0,
    0x4f, 0x23, 0xf3, 0x0, 0xd6, 0x0, 0xd5, 0x0,
    0x8f, 0xff, 0x90, 0x0, 0xe5, 0x0, 0xd5, 0x0,
    0x0, 0x5e, 0x10, 0x92, 0xf4, 0x0, 0xd5, 0x0,
    0x1, 0xe4, 0x1, 0xbf, 0xf2, 0x0, 0xd5, 0x0,
    0xb, 0xa3, 0x54, 0x8, 0xfa, 0x0, 0xd5, 0x0,
    0x4f, 0xff, 0xd5, 0x7, 0xee, 0xd1, 0xd5, 0x0,
    0x14, 0x20, 0x0, 0xc, 0x81, 0x70, 0xc6, 0x12,
    0x0, 0x4, 0x87, 0x3f, 0x30, 0x0, 0xb7, 0x5d,
    0x5c, 0xfe, 0xa5, 0xcb, 0x0, 0x0, 0xa9, 0x8b,
    0x37, 0x30, 0x9, 0xf2, 0x0, 0x0, 0x6e, 0xd7,
    0x0, 0x0, 0x4f, 0x50, 0x0, 0x0, 0xc, 0xd1,
    0x0, 0x0, 0x2, 0x0, 0x0, 0x0, 0x0, 0x0,

    /* U+7EA9 "纩" */
    0x0, 0x4, 0x0, 0x0, 0x0, 0x21, 0x0, 0x0,
    0x0, 0x4f, 0x10, 0x0, 0x0, 0xac, 0x0, 0x0,
    0x0, 0xc7, 0x0, 0x0, 0x0, 0x1c, 0x20, 0x0,
    0x5, 0xe0, 0x11, 0xe, 0xff, 0xff, 0xff, 0xf7,
    0xe, 0x50, 0x9c, 0xe, 0x62, 0x22, 0x22, 0x21,
    0x9b, 0x3, 0xf3, 0xe, 0x40, 0x0, 0x0, 0x0,
    0xdf, 0xff, 0x80, 0xe, 0x40, 0x0, 0x0, 0x0,
    0x10, 0x7d, 0x0, 0xe, 0x40, 0x0, 0x0, 0x0,
    0x3, 0xe2, 0x0, 0xf, 0x40, 0x0, 0x0, 0x0,
    0x1e, 0x84, 0x78, 0xf, 0x30, 0x0, 0x0, 0x0,
    0x7f, 0xfd, 0xb7, 0x1f, 0x20, 0x0, 0x0, 0x0,
    0x12, 0x0, 0x0, 0x4f, 0x0, 0x0, 0x0, 0x0,
    0x0, 0x0, 0x35, 0x8c, 0x0, 0x0, 0x0, 0x0,
    0x7a, 0xdf, 0xfd, 0xe6, 0x0, 0x0, 0x0, 0x0,
    0x89, 0x63, 0x8, 0xf0, 0x0, 0x0, 0x0, 0x0,
    0x0, 0x0, 0xc, 0x50, 0x0, 0x0, 0x0, 0x0,
    0x0, 0x0, 0x0, 0x0, 0x0, 0x0, 0x0, 0x0,

    /* U+7EAD "纭" */
    0x0, 0x2, 0x0, 0x0, 0x0, 0x0, 0x0, 0x0,
    0x0, 0xf, 0x40, 0x1, 0x11, 0x11, 0x11, 0x0,
    0x0, 0x7c, 0x0, 0x3f, 0xff, 0xff, 0xff, 0xf0,
    0x1, 0xe4, 0x0, 0x1, 0x11, 0x11, 0x11, 0x0,
    0x9, 0xa0, 0x49, 0x0, 0x0, 0x0, 0x0, 0x0,
    0x3e, 0x10, 0xd8, 0x0, 0x0, 0x0, 0x0, 0x0,
    0x9f, 0xef, 0xd0, 0x22, 0x22, 0x22, 0x22, 0x21,
    0x13, 0x4f, 0x30, 0xff, 0xff, 0xff, 0xff, 0xf9,
    0x0, 0xd7, 0x0, 0x0, 0x6, 0xe0, 0x0, 0x0,
    0x9, 0xc0, 0x13, 0x0, 0xd, 0x80, 0x0, 0x0,
    0x4f, 0xee, 0xff, 0x0, 0x6e, 0x0, 0xd4, 0x0,
    0x29, 0x64, 0x10, 0x0, 0xe5, 0x0, 0x8d, 0x0,
    0x0, 0x0, 0x0, 0x9, 0xc0, 0x0, 0x1f, 0x50,
    0x36, 0x8b, 0xdf, 0x4f, 0x31, 0x23, 0x4c, 0xd0,
    0x9d, 0xa7, 0x42, 0xdf, 0xff, 0xfe, 0xdc, 0xf5,
    0x0, 0x0, 0x0, 0x44, 0x20, 0x0, 0x0, 0x96,

    /* U+7EB0 "纰" */
    0x0, 0x0, 0x0, 0x0, 0x0, 0x0, 0x0, 0x0,
    0x0, 0xc, 0x60, 0x2b, 0x0, 0xd, 0x20, 0x0,
    0x0, 0x4f, 0x10, 0x3e, 0x0, 0xf, 0x30, 0x0,
    0x0, 0xc7, 0x0, 0x3e, 0x0, 0xf, 0x30, 0x1,
    0x5, 0xd0, 0x29, 0x4e, 0x0, 0xf, 0x30, 0xab,
    0x1e, 0x30, 0xca, 0x3f, 0x44, 0x1f, 0x39, 0xd1,
    0x7f, 0xff, 0xe1, 0x3f, 0xdd, 0x3f, 0xce, 0x20,
    0x12, 0x3f, 0x50, 0x3e, 0x0, 0xf, 0xd1, 0x0,
    0x0, 0xba, 0x0, 0x3e, 0x0, 0xf, 0x30, 0x0,
    0x7, 0xe1, 0x13, 0x3e, 0x0, 0xf, 0x30, 0x0,
    0x2f, 0xee, 0xfe, 0x3e, 0x0, 0xf, 0x30, 0x0,
    0xa, 0x75, 0x20, 0x3e, 0x0, 0xf, 0x30, 0x28,
    0x0, 0x0, 0x0, 0x3e, 0x1, 0x2f, 0x30, 0x4d,
    0x3, 0x58, 0xbe, 0x5e, 0x4e, 0x4f, 0x30, 0x6b,
    0x8f, 0xeb, 0x85, 0x5f, 0xf6, 0xe, 0x73, 0xc9,
    0x11, 0x0, 0x0, 0x7d, 0x20, 0x7, 0xff, 0xd2,
    0x0, 0x0, 0x0, 0x1, 0x0, 0x0, 0x0, 0x0,

    /* U+7EBE "纾" */
    0x0, 0x0, 0x10, 0x0, 0x0, 0x0, 0x0, 0x0,
    0x0, 0x0, 0x6e, 0x0, 0x22, 0x22, 0x22, 0x22,
    0x10, 0x0, 0xd, 0x60, 0x2f, 0xff, 0xff, 0xff,
    0xfa, 0x0, 0x6, 0xd0, 0x0, 0x3, 0x0, 0x0,
    0xae, 0x20, 0x0, 0xe5, 0xa, 0x40, 0xcd, 0x20,
    0xbd, 0x10, 0x0, 0x9b, 0x5, 0xf1, 0x0, 0xae,
    0xdb, 0x0, 0x0, 0xe, 0xff, 0xf6, 0x0, 0x0,
    0x7f, 0x30, 0x0, 0x0, 0x11, 0x9c, 0xd, 0xff,
    0xff, 0xff, 0xff, 0xf4, 0x0, 0x4f, 0x20, 0x23,
    0x33, 0x8d, 0x33, 0x4f, 0x20, 0x1e, 0x62, 0x52,
    0x0, 0x6, 0xc0, 0x6, 0xd0, 0x9, 0xff, 0xfd,
    0x30, 0x0, 0x6c, 0x0, 0xb8, 0x0, 0x35, 0x20,
    0x0, 0x0, 0x6, 0xc0, 0x2, 0x10, 0x0, 0x0,
    0x1, 0x20, 0x0, 0x6c, 0x0, 0x0, 0x0, 0x47,
    0xbe, 0xf8, 0x0, 0x6, 0xc0, 0x0, 0x0, 0xc,
    0xc8, 0x41, 0x3, 0x33, 0xca, 0x0, 0x0, 0x0,
    0x0, 0x0, 0x0, 0x8f, 0xfd, 0x20, 0x0, 0x0,
    0x0, 0x0, 0x0, 0x0, 0x0, 0x0, 0x0, 0x0,
    0x0,

    /* U+7EC0 "绀" */
    0x0, 0x3, 0x0, 0x3, 0x10, 0x0, 0x3, 0x10,
    0x0, 0xe, 0x60, 0xe, 0x40, 0x0, 0xc, 0x60,
    0x0, 0x6e, 0x0, 0xe, 0x40, 0x0, 0xc, 0x60,
    0x0, 0xe6, 0x0, 0x4e, 0x74, 0x44, 0x4d, 0x83,
    0x6, 0xd0, 0x24, 0xef, 0xee, 0xee, 0xef, 0xeb,
    0x1e, 0x50, 0xcb, 0xe, 0x40, 0x0, 0xc, 0x60,
    0x7f, 0xbc, 0xe1, 0xe, 0x40, 0x0, 0xc, 0x60,
    0x26, 0x6f, 0x50, 0xe, 0x40, 0x0, 0xc, 0x60,
    0x0, 0xaa, 0x0, 0xe, 0x73, 0x33, 0x3d, 0x60,
    0x5, 0xe1, 0x1, 0xe, 0xed, 0xdd, 0xdf, 0x60,
    0x2f, 0xdd, 0xfc, 0xe, 0x40, 0x0, 0xc, 0x60,
    0x9, 0x64, 0x10, 0xe, 0x40, 0x0, 0xc, 0x60,
    0x0, 0x0, 0x2, 0xe, 0x40, 0x0, 0xc, 0x60,
    0x15, 0x8c, 0xff, 0x1e, 0x62, 0x22, 0x2d, 0x60,
    0x6e, 0xa6, 0x20, 0xe, 0xff, 0xff, 0xff, 0x60,
    0x0, 0x0, 0x0, 0xe, 0x40, 0x0, 0xc, 0x60,

    /* U+7EC1 "绁" */
    0x0, 0x2, 0x0, 0x0, 0x0, 0x0, 0x0, 0x0,
    0x0, 0x1f, 0x30, 0x26, 0x2, 0xf0, 0xc, 0x50,
    0x0, 0x7c, 0x0, 0x5d, 0x2, 0xf0, 0xc, 0x50,
    0x0, 0xe3, 0x0, 0x5d, 0x2, 0xf0, 0xc, 0x50,
    0x8, 0xa0, 0x9c, 0x7e, 0x45, 0xf4, 0x4d, 0x83,
    0x2f, 0x22, 0xf9, 0xef, 0xee, 0xfe, 0xef, 0xfd,
    0x7f, 0xff, 0xb0, 0x5d, 0x2, 0xf0, 0xc, 0x50,
    0x1, 0x4f, 0x20, 0x5d, 0x2, 0xf0, 0xc, 0x50,
    0x0, 0xd6, 0x0, 0x5d, 0x2, 0xf0, 0xc, 0x50,
    0x9, 0xc1, 0x44, 0x5d, 0x2, 0xf0, 0xc, 0x50,
    0x2f, 0xff, 0xe7, 0x5d, 0x2, 0xfd, 0xdf, 0x50,
    0x7, 0x41, 0x0, 0x5d, 0x2, 0xf4, 0x4d, 0x50,
    0x0, 0x0, 0x2, 0x5d, 0x0, 0x60, 0x5, 0x20,
    0x26, 0x9c, 0xfc, 0x5d, 0x0, 0x0, 0x0, 0x0,
    0x4a, 0x63, 0x0, 0x5f, 0xff, 0xff, 0xff, 0xfa,
    0x0, 0x0, 0x0, 0x2, 0x22, 0x22, 0x22, 0x21,

    /* U+7EC2 "绂" */
    0x0, 0x1, 0x0, 0x0, 0x11, 0x0, 0x0, 0x0,
    0x0, 0x1f, 0x40, 0x0, 0x8b, 0x7, 0x80, 0x0,
    0x0, 0x7d, 0x0, 0x0, 0x99, 0x2, 0xcd, 0x10,
    0x0, 0xe4, 0x0, 0x22, 0xb9, 0x22, 0x27, 0x21,
    0x8, 0xc0, 0x66, 0xef, 0xff, 0xff, 0xff, 0xf9,
    0x2f, 0x30, 0xe6, 0x0, 0xf2, 0x0, 0x0, 0x0,
    0x8f, 0xcd, 0xc0, 0x3, 0xf2, 0x22, 0x22, 0x10,
    0x25, 0x6f, 0x30, 0x7, 0xff, 0xff, 0xff, 0x70,
    0x0, 0xc8, 0x0, 0xd, 0xf1, 0x0, 0xe, 0x40,
    0x8, 0xd0, 0x1, 0x3f, 0xc6, 0x0, 0x5e, 0x0,
    0x3f, 0xde, 0xf8, 0xb9, 0x5d, 0x0, 0xd7, 0x0,
    0x29, 0x74, 0x14, 0xf2, 0xd, 0x78, 0xd0, 0x0,
    0x0, 0x0, 0x7, 0x80, 0x4, 0xff, 0x20, 0x0,
    0x2, 0x58, 0xc8, 0x0, 0x2c, 0xff, 0x91, 0x0,
    0x9f, 0xd9, 0x62, 0x4a, 0xfa, 0x14, 0xee, 0x93,
    0x10, 0x0, 0x3, 0xfb, 0x40, 0x0, 0x18, 0xe7,
    0x0, 0x0, 0x0, 0x10, 0x0, 0x0, 0x0, 0x0,

    /* U+7EC9 "绉" */
    0x0, 0x4, 0x20, 0x0, 0x7, 0x10, 0x0, 0x0,
    0x0, 0xf, 0x50, 0x0, 0x6e, 0x0, 0x0, 0x0,
    0x0, 0x7c, 0x0, 0x1, 0xef, 0xee, 0xee, 0x20,
    0x1, 0xf3, 0x0, 0xa, 0xa2, 0x22, 0xad, 0x0,
    0xa, 0xa0, 0x9c, 0x7e, 0x10, 0x3, 0xf3, 0x0,
    0x4f, 0x23, 0xf4, 0xc3, 0x0, 0xe, 0x70, 0x0,
    0x8f, 0xff, 0xa0, 0xff, 0xff, 0xff, 0xff, 0xf1,
    0x0, 0x7e, 0x10, 0x22, 0x22, 0x22, 0x23, 0xf2,
    0x2, 0xf4, 0x0, 0x0, 0x0, 0x0, 0x1, 0xf2,
    0x1d, 0xa3, 0x66, 0x0, 0x0, 0x0, 0x1, 0xf2,
    0x6f, 0xfe, 0xc6, 0xbf, 0xff, 0xff, 0xff, 0xf2,
    0x14, 0x10, 0x0, 0x12, 0x22, 0x22, 0x22, 0xf2,
    0x0, 0x0, 0x46, 0x0, 0x0, 0x0, 0x1, 0xf2,
    0x49, 0xdf, 0xe8, 0x0, 0x0, 0x0, 0x1, 0xf2,
    0x5a, 0x62, 0x6, 0xff, 0xff, 0xff, 0xff, 0xf2,
    0x0, 0x0, 0x1, 0x22, 0x22, 0x22, 0x23, 0xf2,

    /* U+7ECB "绋" */
    0x0, 0x2, 0x0, 0x0, 0x10, 0x1, 0x0, 0x0,
    0x0, 0x4e, 0x0, 0x0, 0xe2, 0x1e, 0x0, 0x0,
    0x0, 0xb7, 0x0, 0x0, 0xe2, 0x2e, 0x0, 0x0,
    0x3, 0xe0, 0x7, 0xff, 0xff, 0xff, 0xff, 0xd0,
    0xc, 0x60, 0x92, 0x0, 0xe2, 0x1e, 0x2, 0xd0,
    0x5e, 0x27, 0xe0, 0x0, 0xe2, 0x1e, 0x2, 0xd0,
    0x8e, 0xef, 0x63, 0xff, 0xff, 0xff, 0xff, 0xd0,
    0x0, 0x7d, 0x5, 0x90, 0xf2, 0x2e, 0x2, 0xc0,
    0x1, 0xf4, 0x7, 0x70, 0xf1, 0x1e, 0x0, 0x0,
    0xb, 0xa0, 0x19, 0x61, 0xf1, 0x2e, 0x11, 0x10,
    0x4f, 0xde, 0xda, 0xff, 0xff, 0xff, 0xff, 0xf7,
    0x17, 0x42, 0x0, 0x5, 0xc0, 0x1e, 0x0, 0x97,
    0x0, 0x0, 0x10, 0xa, 0x80, 0x1e, 0x0, 0xb5,
    0x27, 0xae, 0xf2, 0x3f, 0x20, 0x1e, 0xaf, 0xe1,
    0x7c, 0x84, 0x1, 0xd8, 0x0, 0x1e, 0x13, 0x10,
    0x0, 0x0, 0x6, 0xb0, 0x0, 0x1e, 0x0, 0x0,
    0x0, 0x0, 0x0, 0x0, 0x0, 0x0, 0x0, 0x0,

    /* U+7ECC "绌" */
    0x0, 0x3, 0x0, 0x0, 0x0, 0x20, 0x0, 0x0,
    0x0, 0x2f, 0x20, 0x0, 0x0, 0xf2, 0x0, 0x0,
    0x0, 0xaa, 0x0, 0x84, 0x0, 0xf2, 0x1, 0xa0,
    0x2, 0xf1, 0x0, 0xb6, 0x0, 0xf2, 0x2, 0xe0,
    0xc, 0x70, 0xb8, 0xb6, 0x0, 0xf2, 0x2, 0xe0,
    0x6e, 0x36, 0xf2, 0xb6, 0x0, 0xf2, 0x2, 0xe0,
    0x9f, 0xef, 0x90, 0xbb, 0x99, 0xf9, 0x9a, 0xe0,
    0x0, 0x7e, 0x10, 0x58, 0x88, 0xf9, 0x89, 0xe0,
    0x1, 0xf5, 0x0, 0x0, 0x0, 0xf2, 0x0, 0x30,
    0xc, 0xb0, 0x11, 0x50, 0x0, 0xf2, 0x0, 0x41,
    0x5f, 0xef, 0xf6, 0xf1, 0x0, 0xf2, 0x0, 0xe3,
    0x27, 0x52, 0x0, 0xf1, 0x0, 0xf2, 0x0, 0xe3,
    0x0, 0x0, 0x1, 0xf1, 0x0, 0xf2, 0x0, 0xe3,
    0x26, 0xad, 0xf7, 0xf1, 0x0, 0xf2, 0x0, 0xe3,
    0x9c, 0x95, 0x10, 0xff, 0xff, 0xff, 0xff, 0xf3,
    0x0, 0x0, 0x0, 0x11, 0x11, 0x11, 0x11, 0xe3,

    /* U+7ED0 "绐" */
    0x0, 0x1, 0x0, 0x0, 0x1, 0x10, 0x0, 0x0,
    0x0, 0x2, 0xf2, 0x0, 0x0, 0xad, 0x0, 0x0,
    0x0, 0x0, 0x9a, 0x0, 0x0, 0x3f, 0x40, 0x0,
    0x0, 0x0, 0x1f, 0x20, 0x82, 0xb, 0xa0, 0x9,
    0x90, 0x0, 0x9, 0x90, 0x4f, 0x16, 0xe1, 0x0,
    0x2f, 0x30, 0x3, 0xe1, 0xd, 0x62, 0xe5, 0x1,
    0x23, 0xbc, 0x0, 0x8f, 0xff, 0xd0, 0xdf, 0xff,
    0xff, 0xed, 0xf5, 0x0, 0x12, 0xe3, 0x4, 0x53,
    0x21, 0x0, 0x8, 0xc0, 0x0, 0xc7, 0x0, 0x0,
    0x0, 0x0, 0x0, 0x10, 0x0, 0x8b, 0x0, 0x13,
    0xff, 0xff, 0xff, 0xfc, 0x0, 0x2f, 0xff, 0xfe,
    0x3f, 0x22, 0x22, 0x26, 0xd0, 0x0, 0x43, 0x10,
    0x3, 0xf0, 0x0, 0x0, 0x5d, 0x0, 0x0, 0x0,
    0x2, 0x3f, 0x0, 0x0, 0x5, 0xd0, 0x5, 0xab,
    0xef, 0xf3, 0xf0, 0x0, 0x0, 0x5d, 0x0, 0x58,
    0x64, 0x20, 0x3f, 0xff, 0xff, 0xff, 0xd0, 0x0,
    0x0, 0x0, 0x3, 0xf0, 0x0, 0x0, 0x5d, 0x0,
    0x0, 0x0, 0x0, 0x0, 0x0, 0x0, 0x0, 0x0,
    0x0,

    /* U+7ED4 "绔" */
    0x0, 0x0, 0x0, 0x0, 0x0, 0x0, 0x0, 0x0,
    0x0, 0xa6, 0x0, 0x0, 0x7, 0xa0, 0x0, 0x0,
    0x2, 0xf3, 0x2, 0x33, 0x3d, 0x93, 0x33, 0x30,
    0x9, 0xa0, 0xa, 0xdd, 0xff, 0xdf, 0xdd, 0xd1,
    0x3f, 0x12, 0xe1, 0x4, 0xf3, 0xa, 0x90, 0x0,
    0xca, 0x4c, 0xa0, 0x5e, 0x40, 0x0, 0xba, 0x10,
    0x9b, 0xdf, 0x29, 0xec, 0xff, 0xff, 0xfa, 0xf6,
    0x0, 0xd7, 0x2b, 0x10, 0x0, 0x0, 0x0, 0x62,
    0x8, 0xd0, 0x3, 0x44, 0x44, 0x44, 0x44, 0x40,
    0x4f, 0x42, 0x49, 0xbf, 0xdb, 0xbb, 0xbb, 0xb0,
    0x9f, 0xdb, 0x90, 0x1f, 0x20, 0x0, 0x0, 0x0,
    0x0, 0x0, 0x0, 0x3f, 0xff, 0xff, 0xff, 0x0,
    0x0, 0x1, 0x42, 0x0, 0x0, 0x0, 0x4e, 0x0,
    0x69, 0xdf, 0xf4, 0x0, 0x0, 0x0, 0x5d, 0x0,
    0xaa, 0x63, 0x0, 0x0, 0x23, 0x22, 0xba, 0x0,
    0x0, 0x0, 0x0, 0x0, 0x6f, 0xff, 0xd2, 0x0,
    0x0, 0x0, 0x0, 0x0, 0x0, 0x0, 0x0, 0x0,

    /* U+7ED7 "绗" */
    0x0, 0x11, 0x0, 0x0, 0x0, 0x0, 0x0, 0x0,
    0x0, 0x8d, 0x0, 0x0, 0xc8, 0x12, 0x22, 0x21,
    0x0, 0xe6, 0x0, 0x7, 0xf2, 0xcf, 0xff, 0xf8,
    0x5, 0xe0, 0x20, 0x3f, 0x60, 0x0, 0x0, 0x0,
    0xd, 0x60, 0xe8, 0xf9, 0x0, 0x0, 0x0, 0x0,
    0x6d, 0x7, 0xc6, 0xa0, 0xb7, 0x0, 0x0, 0x0,
    0xbf, 0xdf, 0x40, 0x6, 0xf4, 0x33, 0x33, 0x33,
    0x12, 0x9a, 0x0, 0x2f, 0x64, 0xee, 0xef, 0xed,
    0x2, 0xe1, 0x1, 0xef, 0x30, 0x0, 0x4f, 0x0,
    0xc, 0x70, 0x1c, 0xcf, 0x30, 0x0, 0x4f, 0x0,
    0x7f, 0xdf, 0xf5, 0x1f, 0x30, 0x0, 0x4f, 0x0,
    0x36, 0x42, 0x0, 0xf, 0x30, 0x0, 0x4f, 0x0,
    0x0, 0x0, 0x0, 0xf, 0x30, 0x0, 0x4f, 0x0,
    0x3, 0x69, 0xc5, 0xf, 0x30, 0x0, 0x4f, 0x0,
    0x9f, 0xc9, 0x61, 0xf, 0x30, 0x44, 0xae, 0x0,
    0x10, 0x0, 0x0, 0xf, 0x30, 0xff, 0xf6, 0x0,
    0x0, 0x0, 0x0, 0x3, 0x0, 0x0, 0x0, 0x0,

    /* U+7EDB "绛" */
    0x0, 0x12, 0x0, 0x0, 0x21, 0x0, 0x0, 0x0,
    0x0, 0x9c, 0x0, 0x0, 0xe7, 0x0, 0x0, 0x0,
    0x0, 0xf4, 0x0, 0x8, 0xff, 0xff, 0xff, 0x50,
    0x7, 0xc0, 0x56, 0x4f, 0xc1, 0x11, 0x8e, 0x10,
    0x1f, 0x30, 0xda, 0xf5, 0xd9, 0x7, 0xf3, 0x0,
    0x9d, 0x69, 0xe1, 0x50, 0x1d, 0xee, 0x20, 0x0,
    0x5a, 0x9f, 0x50, 0x16, 0xce, 0xaf, 0xd9, 0x52,
    0x0, 0x8b, 0x6, 0xfc, 0x70, 0x83, 0x5a, 0xe6,
    0x2, 0xe1, 0x0, 0x10, 0x0, 0xe4, 0x0, 0x0,
    0xc, 0x72, 0x40, 0xef, 0xff, 0xff, 0xff, 0xf1,
    0x6f, 0xff, 0xe1, 0x25, 0x11, 0xe5, 0x11, 0x10,
    0x26, 0x31, 0x0, 0x7b, 0x0, 0xe4, 0x0, 0x0,
    0x0, 0x0, 0x1, 0xc9, 0x33, 0xe7, 0x33, 0x30,
    0x37, 0xad, 0xf7, 0xbd, 0xdd, 0xfe, 0xdd, 0xd2,
    0x9b, 0x84, 0x10, 0x0, 0x0, 0xe4, 0x0, 0x0,
    0x0, 0x0, 0x0, 0x0, 0x0, 0xe4, 0x0, 0x0,

    /* U+7EE0 "绠" */
    0x0, 0x0, 0x0, 0x0, 0x0, 0x0, 0x0, 0x0,
    0x0, 0x0, 0xd4, 0x2, 0x22, 0x22, 0x22, 0x22,
    0x20, 0x0, 0x5d, 0x2, 0xee, 0xee, 0xfe, 0xee,
    0xec, 0x0, 0xd, 0x50, 0x10, 0x0, 0xd, 0x50,
    0x0, 0x0, 0x6, 0xc0, 0x6e, 0xaf, 0xff, 0xff,
    0xff, 0xf2, 0x1, 0xe2, 0xe, 0x6a, 0x81, 0x1d,
    0x51, 0x1f, 0x20, 0x7f, 0xff, 0xd0, 0xa7, 0x0,
    0xd5, 0x0, 0xf2, 0x1, 0x34, 0xf4, 0xa, 0xff,
    0xff, 0xff, 0xff, 0x20, 0x0, 0xc9, 0x0, 0xa7,
    0x0, 0xd4, 0x0, 0xf2, 0x0, 0x8e, 0x10, 0x1a,
    0x82, 0x2e, 0x52, 0x2f, 0x20, 0x2f, 0xdd, 0xf9,
    0x9e, 0xee, 0xfe, 0xee, 0xf2, 0x0, 0x64, 0x20,
    0x1, 0xc2, 0x3f, 0x0, 0x4, 0x0, 0x0, 0x0,
    0x23, 0x7, 0xec, 0xa0, 0x0, 0x0, 0x3, 0x8b,
    0xef, 0xa0, 0x1d, 0xfb, 0x30, 0x0, 0x0, 0x4b,
    0x84, 0x13, 0x9f, 0xc4, 0xaf, 0xea, 0x75, 0x0,
    0x0, 0x3, 0xfa, 0x40, 0x0, 0x16, 0x9c, 0x90,
    0x0, 0x0, 0x0, 0x0, 0x0, 0x0, 0x0, 0x0,
    0x0,

    /* U+7EE1 "绡" */
    0x0, 0x0, 0x0, 0x0, 0x0, 0x20, 0x0, 0x0,
    0x0, 0x6d, 0x0, 0x91, 0x1, 0xf2, 0x1, 0x70,
    0x0, 0xd6, 0x0, 0xbb, 0x1, 0xf2, 0xa, 0xc0,
    0x5, 0xd0, 0x10, 0x1e, 0x71, 0xf2, 0x6f, 0x20,
    0xd, 0x40, 0xc8, 0x4, 0x21, 0xf2, 0x45, 0x0,
    0x8b, 0x5, 0xe0, 0xab, 0xbb, 0xfb, 0xbb, 0xa0,
    0xbf, 0xff, 0x40, 0xe9, 0x77, 0x77, 0x78, 0xf0,
    0x0, 0x89, 0x0, 0xe4, 0x0, 0x0, 0x3, 0xf0,
    0x5, 0xc0, 0x0, 0xef, 0xff, 0xff, 0xff, 0xf0,
    0x4f, 0x99, 0xc4, 0xe5, 0x22, 0x22, 0x25, 0xf0,
    0x8d, 0xa7, 0x50, 0xe4, 0x0, 0x0, 0x3, 0xf0,
    0x0, 0x0, 0x0, 0xef, 0xff, 0xff, 0xff, 0xf0,
    0x0, 0x3, 0x63, 0xe6, 0x22, 0x22, 0x25, 0xf0,
    0x9d, 0xff, 0xc4, 0xe4, 0x0, 0x0, 0x3, 0xf0,
    0x77, 0x30, 0x0, 0xe4, 0x0, 0x26, 0x5a, 0xe0,
    0x0, 0x0, 0x0, 0xe4, 0x0, 0x2e, 0xed, 0x60,

    /* U+7EE8 "绨" */
    0x0, 0x2, 0x0, 0x0, 0x10, 0x0, 0x10, 0x0,
    0x0, 0x1f, 0x30, 0x4, 0xe1, 0x0, 0xc9, 0x0,
    0x0, 0x8b, 0x0, 0x0, 0x96, 0x8, 0xd0, 0x0,
    0x0, 0xe4, 0x0, 0x9f, 0xff, 0xff, 0xff, 0xe0,
    0x7, 0xb0, 0x6b, 0x1, 0x12, 0xf1, 0x13, 0xe0,
    0x1f, 0x30, 0xe5, 0x0, 0x1, 0xf0, 0x2, 0xe0,
    0x7f, 0xef, 0xc0, 0x6f, 0xff, 0xff, 0xff, 0xe0,
    0x13, 0x4f, 0x30, 0x98, 0x12, 0xf1, 0x12, 0x70,
    0x0, 0xc7, 0x0, 0xa5, 0x1, 0xf0, 0x0, 0x0,
    0x9, 0xc2, 0x45, 0xcf, 0xff, 0xff, 0xff, 0xf8,
    0x3f, 0xff, 0xe8, 0x11, 0x1c, 0xf1, 0x11, 0xa8,
    0x5, 0x30, 0x0, 0x0, 0x7c, 0xf0, 0x0, 0xa6,
    0x0, 0x0, 0x35, 0x7, 0xd2, 0xf3, 0x22, 0xe5,
    0x39, 0xcf, 0xfb, 0x9e, 0x21, 0xf9, 0xff, 0xc0,
    0x39, 0x52, 0x9, 0xd2, 0x1, 0xf0, 0x0, 0x0,
    0x0, 0x0, 0x0, 0x10, 0x1, 0xf0, 0x0, 0x0,

    /* U+7EEB "绫" */
    0x0, 0x0, 0x0, 0x0, 0x0, 0x21, 0x0, 0x0,
    0x0, 0x3, 0xf1, 0x0, 0x0, 0xb, 0x70, 0x0,
    0x0, 0x0, 0xaa, 0x0, 0x2, 0x22, 0xc8, 0x22,
    0x20, 0x0, 0x1f, 0x20, 0x5, 0xee, 0xef, 0xee,
    0xee, 0x10, 0xa, 0x90, 0x69, 0x0, 0x0, 0xb7,
    0x0, 0x0, 0x3, 0xe1, 0x1e, 0x59, 0x99, 0x9e,
    0xc9, 0x99, 0x80, 0x7f, 0xff, 0x91, 0x77, 0x97,
    0x77, 0x87, 0x76, 0x0, 0x3, 0xd0, 0x1, 0xae,
    0x10, 0x9, 0xd5, 0x0, 0x1, 0xd3, 0x4, 0xfa,
    0x3e, 0x20, 0x4, 0xcb, 0x0, 0xcb, 0x8a, 0x64,
    0x1d, 0xff, 0xff, 0xf4, 0x10, 0x5f, 0xda, 0x72,
    0x1c, 0xf3, 0x11, 0x6e, 0x10, 0x0, 0x0, 0x0,
    0x1d, 0xa8, 0xc1, 0x2e, 0x50, 0x0, 0x0, 0x2,
    0x57, 0x70, 0xa, 0xde, 0x60, 0x0, 0x5, 0xcf,
    0xfd, 0x80, 0x4, 0xbf, 0xf8, 0x10, 0x0, 0x47,
    0x40, 0x4, 0x9d, 0xf8, 0x13, 0xcf, 0xc6, 0x0,
    0x0, 0x0, 0x8c, 0x61, 0x0, 0x0, 0x39, 0x70,
    0x0, 0x0, 0x0, 0x0, 0x0, 0x0, 0x0, 0x0,
    0x0,

    /* U+7EEE "绮" */
    0x0, 0x22, 0x0, 0x0, 0x0, 0x70, 0x0, 0x0,
    0x0, 0xab, 0x0, 0x0, 0x3, 0xe0, 0x0, 0x0,
    0x1, 0xf2, 0x2, 0xcc, 0xcd, 0xfc, 0xcc, 0xc1,
    0x8, 0xa0, 0x63, 0x44, 0x4d, 0xd5, 0x44, 0x40,
    0x1f, 0x21, 0xf3, 0x0, 0xae, 0xbf, 0x81, 0x0,
    0x9c, 0x5a, 0xa0, 0x7e, 0xc2, 0x3, 0xcf, 0x60,
    0x8c, 0xcf, 0x10, 0x66, 0x0, 0x0, 0x5, 0x30,
    0x0, 0xa7, 0xf, 0xff, 0xff, 0xff, 0xff, 0xfb,
    0x5, 0xd0, 0x0, 0x0, 0x0, 0x0, 0xd, 0x40,
    0x3f, 0x97, 0x91, 0xbf, 0xff, 0xf2, 0xd, 0x40,
    0x5d, 0xa8, 0x60, 0xc5, 0x0, 0xe2, 0xd, 0x40,
    0x0, 0x0, 0x0, 0xc4, 0x0, 0xe2, 0xd, 0x40,
    0x0, 0x14, 0x81, 0xcf, 0xff, 0xf2, 0xd, 0x40,
    0x6d, 0xff, 0xb1, 0x94, 0x0, 0x0, 0xd, 0x40,
    0x47, 0x30, 0x0, 0x0, 0x0, 0x32, 0x4f, 0x30,
    0x0, 0x0, 0x0, 0x0, 0x0, 0xff, 0xfa, 0x0,
    0x0, 0x0, 0x0, 0x0, 0x0, 0x0, 0x0, 0x0,

    /* U+7EEF "绯" */
    0x0, 0x3, 0x0, 0x0, 0x14, 0x1, 0x40, 0x0,
    0x0, 0xe, 0x60, 0x0, 0x4e, 0x3, 0xe0, 0x0,
    0x0, 0x6d, 0x0, 0x0, 0x4e, 0x3, 0xe0, 0x0,
    0x0, 0xe5, 0x0, 0x44, 0x7e, 0x3, 0xf4, 0x43,
    0x8, 0xc0, 0x36, 0xdd, 0xde, 0x3, 0xfd, 0xda,
    0x3f, 0x30, 0xd8, 0x0, 0x4e, 0x3, 0xe0, 0x0,
    0x6f, 0xef, 0xd0, 0x0, 0x4e, 0x3, 0xe0, 0x0,
    0x0, 0x3f, 0x30, 0xbe, 0xee, 0x3, 0xfe, 0xe8,
    0x0, 0xd7, 0x0, 0x33, 0x6e, 0x3, 0xf3, 0x32,
    0xa, 0xc3, 0x54, 0x0, 0x4e, 0x3, 0xe0, 0x0,
    0x1f, 0xfe, 0xc6, 0x0, 0x4e, 0x3, 0xe0, 0x0,
    0x3, 0x10, 0x1, 0xff, 0xfe, 0x3, 0xff, 0xfd,
    0x0, 0x0, 0x14, 0x22, 0x5e, 0x3, 0xe2, 0x22,
    0x27, 0xae, 0xfd, 0x0, 0x4e, 0x3, 0xe0, 0x0,
    0x5c, 0x95, 0x10, 0x0, 0x4e, 0x3, 0xe0, 0x0,
    0x0, 0x0, 0x0, 0x0, 0x4e, 0x3, 0xe0, 0x0,

    /* U+7EF1 "绱" */
    0x0, 0x0, 0x0, 0x0, 0x1, 0x30, 0x0, 0x0,
    0x0, 0x7d, 0x0, 0x30, 0x6, 0xc0, 0x0, 0x50,
    0x0, 0xd6, 0x1, 0xf7, 0x6, 0xc0, 0xa, 0xe1,
    0x4, 0xe0, 0x20, 0x4f, 0x56, 0xc0, 0xae, 0x20,
    0xd, 0x60, 0xc7, 0x7, 0x46, 0xc0, 0x92, 0x0,
    0x6e, 0x15, 0xe2, 0x99, 0x9b, 0xe9, 0x99, 0x91,
    0x8f, 0xff, 0x52, 0xf8, 0x88, 0x88, 0x88, 0xf2,
    0x0, 0x6b, 0x2, 0xe0, 0x0, 0x0, 0x0, 0xf2,
    0x1, 0xe1, 0x2, 0xe0, 0xef, 0xff, 0x50, 0xf2,
    0xc, 0x95, 0x75, 0xe0, 0xe2, 0xc, 0x50, 0xf2,
    0x5f, 0xfd, 0xb4, 0xe0, 0xe2, 0xc, 0x50, 0xf2,
    0x2, 0x0, 0x2, 0xe0, 0xe3, 0x2c, 0x50, 0xf2,
    0x0, 0x0, 0x13, 0xe0, 0xee, 0xee, 0x40, 0xf2,
    0x38, 0xbe, 0xd5, 0xe0, 0x61, 0x0, 0x0, 0xf2,
    0x38, 0x41, 0x2, 0xe0, 0x0, 0x2, 0x13, 0xf1,
    0x0, 0x0, 0x2, 0xe0, 0x0, 0x3f, 0xff, 0xa0,
    0x0, 0x0, 0x0, 0x10, 0x0, 0x0, 0x0, 0x0,

    /* U+7EF2 "绲" */
    0x0, 0x0, 0x0, 0x0, 0x0, 0x0, 0x0, 0x0,
    0x0, 0x4b, 0x0, 0x34, 0x44, 0x44, 0x44, 0x30,
    0x0, 0xb6, 0x0, 0xed, 0xcc, 0xcc, 0xcd, 0xe0,
    0x3, 0xe0, 0x0, 0xe3, 0x0, 0x0, 0x3, 0xe0,
    0xb, 0x60, 0xa1, 0xef, 0xff, 0xff, 0xff, 0xe0,
    0x4d, 0x6, 0xd0, 0xe4, 0x11, 0x11, 0x14, 0xe0,
    0xcd, 0xbe, 0x40, 0xe4, 0x11, 0x11, 0x14, 0xe0,
    0x67, 0xca, 0x0, 0xef, 0xff, 0xff, 0xff, 0xe0,
    0x2, 0xe1, 0x0, 0x81, 0x0, 0x14, 0x1, 0x50,
    0xd, 0x50, 0x31, 0xf0, 0x0, 0x4d, 0x2, 0xa3,
    0x9f, 0xef, 0xe2, 0xff, 0xfc, 0x4d, 0x9f, 0x70,
    0x46, 0x30, 0x0, 0xf2, 0x11, 0x4f, 0xa1, 0x11,
    0x0, 0x0, 0x0, 0xf0, 0x0, 0x4d, 0x0, 0x5c,
    0x14, 0x7a, 0xe5, 0xf0, 0x27, 0x4d, 0x0, 0x7a,
    0xdf, 0xd9, 0x63, 0xfc, 0xf8, 0x3f, 0x33, 0xc7,
    0x31, 0x0, 0x3, 0xe6, 0x0, 0xc, 0xff, 0xd1,
    0x0, 0x0, 0x0, 0x0, 0x0, 0x0, 0x0, 0x0,

    /* U+7EF6 "绶" */
    0x0, 0x0, 0x0, 0x0, 0x0, 0x0, 0x0, 0x0,
    0x0, 0x0, 0x8c, 0x1, 0x33, 0x45, 0x67, 0x89,
    0xa0, 0x0, 0xe, 0x50, 0x9e, 0xdc, 0xba, 0x99,
    0x87, 0x0, 0x7, 0xc0, 0x0, 0x91, 0xb, 0x40,
    0xc, 0x50, 0x1, 0xe3, 0xc, 0x4a, 0xa0, 0x7c,
    0x6, 0xe1, 0x0, 0xa9, 0x6, 0xe1, 0x2a, 0x1,
    0x71, 0xd7, 0x0, 0xe, 0xff, 0xf5, 0xdf, 0xff,
    0xff, 0xff, 0xff, 0x30, 0x0, 0x8b, 0xd, 0x61,
    0x11, 0x11, 0x11, 0xf3, 0x0, 0x3e, 0x10, 0x54,
    0x22, 0x22, 0x22, 0x26, 0x10, 0x1e, 0x52, 0x44,
    0xff, 0xff, 0xff, 0xff, 0x0, 0xa, 0xff, 0xfc,
    0x20, 0xe4, 0x0, 0xb, 0xa0, 0x0, 0x34, 0x10,
    0x0, 0x7, 0xd0, 0x6, 0xe1, 0x0, 0x0, 0x0,
    0x0, 0x10, 0xb, 0xa7, 0xf3, 0x0, 0x0, 0x36,
    0x9c, 0xf8, 0x0, 0x4f, 0xf6, 0x0, 0x0, 0xa,
    0xc9, 0x52, 0x26, 0xcf, 0xa9, 0xfb, 0x52, 0x0,
    0x0, 0x0, 0xbf, 0xd8, 0x20, 0x2, 0x9d, 0xf4,
    0x0, 0x0, 0x1, 0x20, 0x0, 0x0, 0x0, 0x2,
    0x0,

    /* U+7EFA "绺" */
    0x0, 0x0, 0x0, 0x0, 0x0, 0x0, 0x0, 0x0,
    0x0, 0x0, 0xa9, 0x0, 0x4e, 0x0, 0xe, 0x30,
    0x0, 0x0, 0x1f, 0x40, 0xa, 0xd7, 0x70, 0xe3,
    0x0, 0x0, 0x8, 0xc0, 0x0, 0xfa, 0x9f, 0x1e,
    0xa3, 0x0, 0x1, 0xf3, 0x43, 0x7c, 0x3, 0xe0,
    0xe9, 0xf5, 0x0, 0x9a, 0xd, 0x8f, 0xd0, 0x7a,
    0xe, 0x35, 0xf2, 0xe, 0xed, 0xd6, 0xba, 0xbe,
    0x30, 0xe3, 0x1, 0x0, 0x22, 0xe4, 0x0, 0xe,
    0xf4, 0xe, 0x30, 0x0, 0x0, 0x8a, 0x0, 0x2b,
    0xc7, 0xdf, 0xdc, 0xcd, 0x20, 0x4f, 0x55, 0x7f,
    0xa0, 0x0, 0x13, 0x34, 0x30, 0x8, 0xcb, 0x93,
    0x4c, 0xee, 0xee, 0xee, 0x90, 0x0, 0x0, 0x0,
    0x0, 0xd6, 0x22, 0x22, 0x8a, 0x0, 0x1, 0x35,
    0x89, 0xd, 0x40, 0x0, 0x7, 0xa0, 0x0, 0xef,
    0xc9, 0x50, 0xd4, 0x0, 0x0, 0x7a, 0x0, 0x1,
    0x0, 0x0, 0xd, 0xff, 0xff, 0xff, 0xa0, 0x0,
    0x0, 0x0, 0x0, 0xd5, 0x11, 0x11, 0x8a, 0x0,

    /* U+7EFB "绻" */
    0x0, 0x20, 0x0, 0x0, 0x1, 0x30, 0x0, 0x0,
    0x0, 0xc7, 0x0, 0x85, 0x5, 0xb0, 0xb, 0x20,
    0x3, 0xf1, 0x0, 0x4f, 0x17, 0x90, 0x9c, 0x0,
    0xa, 0x80, 0x60, 0x7, 0x2a, 0x70, 0x81, 0x0,
    0x2e, 0x4, 0xf6, 0xff, 0xff, 0xff, 0xff, 0xe0,
    0xa9, 0x3c, 0x80, 0x11, 0x3f, 0x11, 0x11, 0x10,
    0xdf, 0xfe, 0x1, 0x11, 0x8b, 0x11, 0x11, 0x10,
    0x10, 0xb6, 0xe, 0xff, 0xff, 0xff, 0xff, 0xf7,
    0x6, 0xc0, 0x0, 0xb, 0xa0, 0x6, 0xc0, 0x0,
    0x3f, 0x32, 0x40, 0xaf, 0x54, 0x44, 0xdb, 0x10,
    0xaf, 0xec, 0xbc, 0xdf, 0xcb, 0xbd, 0xc9, 0xf5,
    0x10, 0x0, 0x17, 0xf, 0x10, 0x7, 0xa0, 0x32,
    0x0, 0x3, 0x71, 0xf, 0x15, 0xef, 0x45, 0x60,
    0x7c, 0xff, 0xd1, 0xf, 0x10, 0x21, 0x8, 0x80,
    0x9a, 0x61, 0x0, 0xf, 0x41, 0x11, 0x3e, 0x50,
    0x0, 0x0, 0x0, 0x7, 0xff, 0xff, 0xfa, 0x0,

    /* U+7EFE "绾" */
    0x0, 0x0, 0x0, 0x0, 0x0, 0x0, 0x0, 0x0,
    0x0, 0xd, 0x30, 0x0, 0xc, 0x60, 0x0, 0x0,
    0x0, 0x7d, 0x0, 0x22, 0x28, 0xe2, 0x22, 0x20,
    0x0, 0xe3, 0x3, 0xfe, 0xee, 0xee, 0xee, 0xf3,
    0x9, 0xa0, 0x24, 0xe0, 0x0, 0x0, 0x0, 0xe3,
    0x3e, 0x23, 0xf8, 0xbe, 0xee, 0xee, 0xee, 0x91,
    0x8f, 0xef, 0xc0, 0x7b, 0x22, 0x22, 0x2e, 0x40,
    0x0, 0x5f, 0x20, 0x7a, 0x0, 0x0, 0xd, 0x40,
    0x0, 0xe6, 0x0, 0x7f, 0xee, 0xee, 0xef, 0x40,
    0xa, 0xc4, 0x65, 0x7b, 0x22, 0x22, 0x29, 0x30,
    0x3f, 0xff, 0xe7, 0x7a, 0x0, 0x0, 0x0, 0x0,
    0x6, 0x31, 0x0, 0x7f, 0xff, 0xff, 0xff, 0xb0,
    0x0, 0x0, 0x23, 0x7a, 0x0, 0x0, 0x7, 0xb0,
    0x49, 0xcf, 0xe8, 0x7a, 0x0, 0x0, 0x7, 0xb0,
    0x49, 0x52, 0x0, 0x7f, 0xff, 0xff, 0xff, 0xb0,
    0x0, 0x0, 0x0, 0x7b, 0x11, 0x11, 0x17, 0xb0,

    /* U+7F01 "缁" */
    0x0, 0x3, 0x0, 0x3, 0x10, 0x13, 0x0, 0x40,
    0x0, 0x7d, 0x0, 0x1e, 0x60, 0xbc, 0x5, 0xf2,
    0x0, 0xe5, 0x0, 0xc9, 0x6, 0xd1, 0x2e, 0x40,
    0x6, 0xc0, 0x16, 0xe0, 0x1f, 0x50, 0xbb, 0x0,
    0xe, 0x30, 0xd7, 0xcb, 0x7, 0xe3, 0x2e, 0x80,
    0x9c, 0x58, 0xe0, 0x1e, 0x50, 0x9d, 0x3, 0xf3,
    0x7b, 0xbf, 0x50, 0x1, 0x0, 0x1, 0x0, 0x20,
    0x0, 0x8c, 0x0, 0xef, 0xff, 0xff, 0xff, 0xd0,
    0x2, 0xe2, 0x0, 0xf3, 0x12, 0xf1, 0x14, 0xe0,
    0xc, 0x84, 0x62, 0xf2, 0x1, 0xf0, 0x3, 0xe0,
    0x7f, 0xff, 0xc2, 0xf3, 0x2, 0xf1, 0x3, 0xe0,
    0x25, 0x20, 0x0, 0xff, 0xff, 0xff, 0xff, 0xe0,
    0x0, 0x0, 0x11, 0xf2, 0x1, 0xf0, 0x3, 0xe0,
    0x38, 0xbe, 0xe4, 0xf2, 0x1, 0xf0, 0x3, 0xe0,
    0x48, 0x52, 0x0, 0xfe, 0xee, 0xfe, 0xee, 0xe0,
    0x0, 0x0, 0x0, 0xf4, 0x22, 0x22, 0x25, 0xe0,

    /* U+7F02 "缂" */
    0x0, 0x12, 0x0, 0x4, 0x30, 0x0, 0x52, 0x0,
    0x0, 0x8d, 0x0, 0xa, 0x70, 0x0, 0xc5, 0x0,
    0x0, 0xe5, 0xe, 0xff, 0xff, 0xff, 0xff, 0xfa,
    0x7, 0xd0, 0x22, 0xa, 0x70, 0x0, 0xc5, 0x0,
    0x1e, 0x50, 0xba, 0xa, 0x71, 0x11, 0xc5, 0x0,
    0x9c, 0x4, 0xf1, 0xa, 0xfe, 0xfe, 0xf5, 0x0,
    0xae, 0xef, 0x70, 0x2, 0x13, 0xe0, 0x21, 0x0,
    0x0, 0x8d, 0x1, 0xff, 0xff, 0xff, 0xff, 0xb0,
    0x3, 0xf3, 0x1, 0xf0, 0x4, 0xe0, 0x5, 0xc0,
    0xd, 0x93, 0x53, 0xf0, 0x4, 0xe0, 0x5, 0xc0,
    0x4f, 0xff, 0xd4, 0xff, 0xff, 0xff, 0xff, 0xc0,
    0x4, 0x10, 0x0, 0x70, 0x3, 0xe0, 0x2, 0x60,
    0x0, 0x3, 0x59, 0xdd, 0xdd, 0xfd, 0xdd, 0xd8,
    0x6c, 0xff, 0xb2, 0x33, 0x36, 0xe3, 0x33, 0x32,
    0x57, 0x30, 0x0, 0x0, 0x3, 0xe0, 0x0, 0x0,
    0x0, 0x0, 0x0, 0x0, 0x3, 0xe0, 0x0, 0x0,

    /* U+7F03 "缃" */
    0x0, 0x20, 0x0, 0x14, 0x0, 0x0, 0x0, 0x0,
    0x0, 0xb9, 0x0, 0x4c, 0x0, 0x11, 0x11, 0x10,
    0x1, 0xf2, 0x0, 0x4c, 0x1, 0xff, 0xff, 0xf0,
    0x8, 0x90, 0x0, 0x4c, 0x1, 0xe0, 0x0, 0xf0,
    0x1e, 0x24, 0x7e, 0xff, 0xf9, 0xe0, 0x0, 0xf0,
    0x99, 0xd, 0x60, 0x7c, 0x1, 0xe1, 0x11, 0xf0,
    0xdf, 0xfd, 0x0, 0xbc, 0x1, 0xfe, 0xee, 0xf0,
    0x0, 0xd4, 0x1, 0xfe, 0xc1, 0xe0, 0x0, 0xf0,
    0x7, 0xa0, 0x7, 0xbc, 0xa9, 0xe0, 0x0, 0xf0,
    0x3f, 0x66, 0x4e, 0x5c, 0x14, 0xe1, 0x11, 0xf0,
    0x8f, 0xca, 0xab, 0x4c, 0x1, 0xff, 0xff, 0xf0,
    0x0, 0x0, 0xa4, 0x4c, 0x1, 0xe0, 0x0, 0xf0,
    0x0, 0x15, 0x70, 0x4c, 0x1, 0xe0, 0x0, 0xf0,
    0x8d, 0xfd, 0x60, 0x4c, 0x1, 0xe0, 0x0, 0xf0,
    0x66, 0x10, 0x0, 0x4c, 0x1, 0xff, 0xff, 0xf0,
    0x0, 0x0, 0x0, 0x3c, 0x1, 0xe0, 0x0, 0xf0,

    /* U+7F07 "缇" */
    0x0, 0x5, 0x10, 0x0, 0x0, 0x0, 0x0, 0x0,
    0x0, 0x1, 0xf3, 0x3, 0xdd, 0xdd, 0xdd, 0xd8,
    0x0, 0x0, 0x8b, 0x0, 0x4c, 0x22, 0x22, 0x28,
    0xa0, 0x0, 0x1f, 0x30, 0x4, 0xc0, 0x0, 0x0,
    0x7a, 0x0, 0x9, 0xa0, 0x6d, 0x5f, 0xff, 0xff,
    0xff, 0xa0, 0x3, 0xf2, 0x1e, 0x74, 0xc0, 0x0,
    0x0, 0x7a, 0x0, 0x7f, 0xff, 0xd0, 0x4f, 0xdd,
    0xdd, 0xde, 0xa0, 0x0, 0x24, 0xf4, 0x2, 0x62,
    0x22, 0x22, 0x44, 0x0, 0x0, 0xd9, 0x0, 0x44,
    0x44, 0x44, 0x44, 0x43, 0x0, 0xae, 0x0, 0x4c,
    0xcc, 0xcf, 0xdc, 0xcc, 0xa0, 0x2f, 0xed, 0xd7,
    0x2a, 0x0, 0xd4, 0x0, 0x0, 0x0, 0x31, 0x0,
    0x4, 0xc0, 0xd, 0xff, 0xff, 0x10, 0x0, 0x2,
    0x66, 0x8f, 0x10, 0xd5, 0x11, 0x10, 0x3, 0xae,
    0xff, 0x9d, 0xcb, 0xd, 0x40, 0x0, 0x0, 0x6e,
    0xa5, 0x16, 0xd0, 0xcc, 0xe5, 0x0, 0x1, 0x0,
    0x0, 0x3, 0xf4, 0x0, 0x7c, 0xff, 0xff, 0xd0,
    0x0, 0x0, 0x5, 0x0, 0x0, 0x0, 0x0, 0x0,
    0x0,

    /* U+7F08 "缈" */
    0x0, 0x0, 0x0, 0x0, 0x0, 0x0, 0x20, 0x0,
    0x0, 0x5, 0xb0, 0x55, 0x54, 0x0, 0x2e, 0x0,
    0x0, 0x0, 0xb4, 0xf, 0xab, 0xf0, 0x2, 0xe0,
    0x0, 0x0, 0x3c, 0x0, 0xf0, 0x1f, 0x4, 0x3e,
    0x23, 0x0, 0xb, 0x42, 0x9f, 0x1, 0xf0, 0xf4,
    0xe5, 0xc0, 0x4, 0xc0, 0xa9, 0xfb, 0xbf, 0x3e,
    0x2e, 0xf, 0x30, 0xaf, 0xef, 0x1f, 0x44, 0xf8,
    0xa2, 0xe0, 0xa9, 0x1, 0x2b, 0x80, 0xf0, 0x1f,
    0xd5, 0x2e, 0x4, 0xe0, 0x3, 0xe0, 0xf, 0x23,
    0xfe, 0x2, 0xe0, 0x0, 0x0, 0xd6, 0x1, 0xfd,
    0xdf, 0x10, 0x2e, 0xb, 0x60, 0x7f, 0xdf, 0x7f,
    0x1, 0xf0, 0x2, 0xe5, 0xe1, 0x3, 0x64, 0x10,
    0xf0, 0x1f, 0x0, 0x4, 0xe6, 0x0, 0x0, 0x0,
    0xf, 0xcc, 0xf0, 0x1, 0xe9, 0x0, 0x4, 0x8b,
    0xe7, 0xf4, 0x4f, 0x5, 0xe9, 0x0, 0x0, 0x9d,
    0x96, 0x29, 0x0, 0x8c, 0xf6, 0x0, 0x0, 0x0,
    0x0, 0x0, 0x0, 0x8e, 0x81, 0x0, 0x0, 0x0,
    0x0, 0x0, 0x0, 0x0, 0x0, 0x0, 0x0, 0x0,
    0x0,

    /* U+7F0B "缋" */
    0x0, 0x10, 0x0, 0x0, 0x0, 0x30, 0x0, 0x0,
    0x0, 0xaa, 0x0, 0x0, 0x4, 0xd0, 0x0, 0x0,
    0x1, 0xf3, 0x1, 0xee, 0xef, 0xfe, 0xee, 0xa0,
    0x8, 0xb0, 0x32, 0xf0, 0x4, 0xd0, 0x6, 0xb0,
    0x1f, 0x31, 0xf6, 0xf1, 0x15, 0xd1, 0x16, 0xb0,
    0xab, 0x19, 0xb2, 0xfd, 0xde, 0xfd, 0xde, 0xb0,
    0x9c, 0xdf, 0x20, 0x0, 0x4, 0xd0, 0x0, 0x0,
    0x0, 0xc8, 0xe, 0xff, 0xff, 0xff, 0xff, 0xfb,
    0x6, 0xd0, 0x0, 0x0, 0x0, 0x0, 0x0, 0x0,
    0x4f, 0x87, 0x81, 0xff, 0xff, 0xff, 0xff, 0xa0,
    0x7d, 0xb9, 0x62, 0xf0, 0x3, 0x60, 0x6, 0xb0,
    0x0, 0x0, 0x2, 0xf0, 0x6, 0xb0, 0x6, 0xb0,
    0x0, 0x2, 0x52, 0xf0, 0xc, 0xb0, 0x6, 0xb0,
    0x6c, 0xff, 0xc1, 0x50, 0x9e, 0xbe, 0x83, 0x40,
    0x57, 0x30, 0x3, 0x8e, 0xd2, 0x3, 0xbf, 0x92,
    0x0, 0x0, 0x1e, 0xc6, 0x0, 0x0, 0x3, 0xb7,
    0x0, 0x0, 0x0, 0x0, 0x0, 0x0, 0x0, 0x0,

    /* U+7F0C "缌" */
    0x0, 0x0, 0x0, 0x0, 0x0, 0x0, 0x0, 0x0,
    0x0, 0x1e, 0x30, 0x34, 0x44, 0x44, 0x44, 0x30,
    0x0, 0x8c, 0x0, 0xdd, 0xcc, 0xfc, 0xcd, 0xd0,
    0x2, 0xf2, 0x0, 0xd4, 0x2, 0xf0, 0x4, 0xd0,
    0xb, 0x80, 0x84, 0xd4, 0x2, 0xf0, 0x4, 0xd0,
    0x7d, 0x3, 0xf2, 0xdf, 0xff, 0xff, 0xff, 0xd0,
    0xcf, 0xff, 0x80, 0xd4, 0x2, 0xf0, 0x4, 0xd0,
    0x10, 0x7d, 0x0, 0xd4, 0x2, 0xf0, 0x4, 0xd0,
    0x2, 0xe2, 0x0, 0xde, 0xdd, 0xfd, 0xde, 0xd0,
    0xd, 0x63, 0x51, 0xd6, 0x35, 0x43, 0x36, 0xd0,
    0x8f, 0xff, 0xf1, 0x20, 0xa, 0xb0, 0x1, 0x30,
    0x58, 0x52, 0x0, 0xa5, 0xf1, 0xe8, 0x8, 0x90,
    0x0, 0x0, 0x1, 0xf3, 0xf0, 0x32, 0x45, 0xf1,
    0x25, 0x8a, 0xd7, 0xb2, 0xf0, 0x0, 0xb9, 0xa9,
    0xdd, 0xa7, 0x4a, 0x61, 0xf3, 0x13, 0xf4, 0x22,
    0x0, 0x0, 0x0, 0x0, 0xaf, 0xff, 0x90, 0x0,

    /* U+7F0D "缍" */
    0x0, 0x0, 0x0, 0x0, 0x0, 0x0, 0x0, 0x0,
    0x0, 0x89, 0x0, 0x22, 0x23, 0x35, 0x67, 0x60,
    0x0, 0xe5, 0x3, 0xff, 0xee, 0xfc, 0xba, 0x80,
    0x6, 0xc0, 0x0, 0x0, 0x2, 0xf0, 0x0, 0x0,
    0xe, 0x40, 0xe6, 0x88, 0x89, 0xf8, 0x88, 0x82,
    0x8c, 0x8, 0xb4, 0xbe, 0x9a, 0xf9, 0x9f, 0x93,
    0xaf, 0xff, 0x20, 0x5c, 0x2, 0xf0, 0xf, 0x10,
    0x0, 0xa9, 0x1, 0x6c, 0x14, 0xf1, 0x1f, 0x31,
    0x5, 0xe0, 0xf, 0xff, 0xff, 0xff, 0xff, 0xfb,
    0x3f, 0x74, 0x60, 0x5c, 0x2, 0xf0, 0xf, 0x10,
    0x6d, 0xb9, 0x70, 0x5c, 0x2, 0xf0, 0xf, 0x10,
    0x0, 0x0, 0x8, 0xef, 0xee, 0xfe, 0xef, 0xe6,
    0x0, 0x0, 0x13, 0x22, 0x25, 0xf2, 0x22, 0x21,
    0x4, 0x8c, 0xf6, 0x0, 0x2, 0xf0, 0x0, 0x0,
    0xaf, 0xfb, 0x72, 0x11, 0x13, 0xf1, 0x11, 0x10,
    0x33, 0x0, 0x4, 0xff, 0xff, 0xff, 0xff, 0xf1,

    /* U+7F0F "缏" */
    0x0, 0x0, 0x0, 0x0, 0x0, 0x0, 0x0, 0x0,
    0x0, 0x2d, 0x0, 0x4c, 0x22, 0x22, 0x22, 0x21,
    0x0, 0x9a, 0x0, 0x9b, 0xee, 0xef, 0xee, 0xea,
    0x1, 0xf2, 0x0, 0xe2, 0x0, 0xe, 0x20, 0x0,
    0x9, 0x91, 0x54, 0xe0, 0xef, 0xff, 0xff, 0xf1,
    0x2e, 0x18, 0xbb, 0xe0, 0xe2, 0xe, 0x20, 0xe1,
    0x8f, 0xef, 0x7f, 0xe0, 0xe2, 0xe, 0x20, 0xe1,
    0x13, 0x8c, 0x79, 0xe0, 0xee, 0xef, 0xee, 0xf1,
    0x0, 0xe4, 0x22, 0xe0, 0xe1, 0xe, 0x20, 0xe1,
    0x9, 0xb0, 0x2, 0xe0, 0xe3, 0x2f, 0x32, 0xe1,
    0x3f, 0xa9, 0x82, 0xe0, 0xce, 0xef, 0xee, 0xf1,
    0x17, 0x54, 0x12, 0xe0, 0x69, 0x2f, 0x0, 0x30,
    0x0, 0x1, 0x32, 0xe0, 0xe, 0xcb, 0x0, 0x0,
    0x5b, 0xef, 0xa2, 0xe0, 0x6, 0xfb, 0x10, 0x0,
    0x47, 0x30, 0x2, 0xe2, 0x9f, 0x8c, 0xfb, 0x74,
    0x0, 0x0, 0x2, 0xe9, 0xd4, 0x0, 0x49, 0xd7,
    0x0, 0x0, 0x0, 0x0, 0x0, 0x0, 0x0, 0x0,

    /* U+7F11 "缑" */
    0x0, 0x0, 0x0, 0x0, 0x0, 0x0, 0x0, 0x0,
    0x0, 0x2d, 0x0, 0x1e, 0x12, 0x22, 0x22, 0x0,
    0x0, 0x99, 0x0, 0x6c, 0x2e, 0xee, 0xed, 0x0,
    0x1, 0xf1, 0x0, 0xb6, 0x0, 0x0, 0x6b, 0x0,
    0x9, 0x80, 0x82, 0xf1, 0x11, 0x11, 0x8a, 0x10,
    0x2e, 0x16, 0xd9, 0xf3, 0xff, 0xff, 0xff, 0xf8,
    0xad, 0xae, 0x7f, 0xf0, 0x7, 0x40, 0x0, 0x0,
    0x46, 0xac, 0x8c, 0xf0, 0x1f, 0x52, 0x22, 0x10,
    0x1, 0xe3, 0x23, 0xf0, 0x9f, 0xef, 0xee, 0x90,
    0xa, 0x90, 0x1, 0xf3, 0xe1, 0xf, 0x10, 0x0,
    0x6f, 0xac, 0xc1, 0xf0, 0x52, 0x3f, 0x32, 0x21,
    0x5a, 0x86, 0x31, 0xf4, 0xee, 0xef, 0xee, 0xe5,
    0x0, 0x0, 0x1, 0xf0, 0x0, 0x9e, 0xa0, 0x0,
    0x14, 0x69, 0xb1, 0xf0, 0x5, 0xf2, 0xd7, 0x0,
    0xac, 0xa7, 0x41, 0xf0, 0x7f, 0x40, 0x2e, 0xb3,
    0x0, 0x0, 0x1, 0xf3, 0xc3, 0x0, 0x1, 0x94,
    0x0, 0x0, 0x0, 0x0, 0x0, 0x0, 0x0, 0x0,

    /* U+7F12 "缒" */
    0x0, 0x0, 0x0, 0x0, 0x0, 0x0, 0x0, 0x0,
    0x0, 0x5, 0xb0, 0x77, 0x0, 0x0, 0xf3, 0x0,
    0x0, 0x0, 0xc7, 0x4, 0xe0, 0x4, 0x7f, 0x44,
    0x30, 0x0, 0x4e, 0x0, 0xd, 0x72, 0xfc, 0xcc,
    0xdc, 0x0, 0xc, 0x62, 0x50, 0x20, 0x2e, 0x0,
    0x4, 0xc0, 0x5, 0xd0, 0xab, 0x0, 0x2, 0xf4,
    0x44, 0x7c, 0x0, 0xbf, 0xff, 0x8f, 0xf1, 0x2f,
    0xcc, 0xcd, 0xc0, 0x1, 0x1b, 0x90, 0x1f, 0x12,
    0xe0, 0x0, 0x26, 0x0, 0x4, 0xe1, 0x0, 0xf1,
    0x2f, 0x55, 0x55, 0x50, 0x0, 0xd8, 0x23, 0xf,
    0x12, 0xf9, 0x99, 0x9f, 0x10, 0x4f, 0xfe, 0x90,
    0xf1, 0x2e, 0x0, 0x0, 0xf1, 0x0, 0x0, 0x0,
    0xf, 0x12, 0xe1, 0x11, 0x1f, 0x10, 0x0, 0x3,
    0x31, 0xf2, 0x2f, 0xff, 0xff, 0xf1, 0x7, 0xcf,
    0xe7, 0xcf, 0x91, 0xc0, 0x0, 0xa, 0x0, 0x88,
    0x30, 0x8d, 0x2e, 0xa3, 0x11, 0x11, 0x23, 0x0,
    0x0, 0xd, 0x20, 0x2a, 0xef, 0xff, 0xff, 0xd0,
    0x0, 0x0, 0x10, 0x0, 0x0, 0x0, 0x0, 0x0,
    0x0,

    /* U+7F17 "缗" */
    0x0, 0x12, 0x0, 0x0, 0x0, 0x0, 0x0, 0x0,
    0x0, 0x9c, 0x2, 0xbb, 0xbb, 0xbb, 0xbb, 0x80,
    0x0, 0xe5, 0x3, 0xe3, 0x33, 0x33, 0x38, 0xc0,
    0x6, 0xd0, 0x13, 0xe1, 0x11, 0x11, 0x17, 0xc0,
    0xd, 0x60, 0xca, 0xfd, 0xdd, 0xfe, 0xdc, 0x90,
    0x6d, 0x5, 0xe3, 0xe2, 0x22, 0x98, 0x22, 0x21,
    0x8f, 0xff, 0x63, 0xfd, 0xdd, 0xdf, 0xdd, 0xd8,
    0x0, 0x6c, 0x3, 0xe0, 0x2, 0x1c, 0x50, 0x59,
    0x1, 0xe2, 0x5, 0xfa, 0xee, 0x22, 0xe7, 0xca,
    0xc, 0x93, 0x57, 0xb6, 0x30, 0x0, 0x2a, 0xb2,
    0x4f, 0xfd, 0xa3, 0xdf, 0xff, 0xff, 0xff, 0x50,
    0x1, 0x0, 0x0, 0xd4, 0x0, 0x0, 0xc, 0x50,
    0x0, 0x3, 0x75, 0xde, 0xee, 0xee, 0xef, 0x50,
    0x5d, 0xfd, 0xa4, 0xd4, 0x0, 0x0, 0xc, 0x50,
    0x25, 0x10, 0x0, 0xde, 0xee, 0xee, 0xef, 0x50,
    0x0, 0x0, 0x0, 0xd5, 0x0, 0x0, 0xc, 0x50,
    0x0, 0x0, 0x0, 0x0, 0x0, 0x0, 0x0, 0x0,

    /* U+7F19 "缙" */
    0x0, 0x0, 0x0, 0x0, 0x0, 0x0, 0x0, 0x0,
    0x0, 0x1f, 0x22, 0x33, 0x33, 0x33, 0x33, 0x31,
    0x0, 0x9b, 0x7, 0xdd, 0xee, 0xdf, 0xdd, 0xd4,
    0x2, 0xf2, 0x2, 0x80, 0xa7, 0xd, 0x40, 0x70,
    0xb, 0x80, 0x96, 0xc8, 0xa7, 0xd, 0x4b, 0xb0,
    0x6e, 0x25, 0xf3, 0x14, 0xa7, 0xd, 0x47, 0x0,
    0x9e, 0xef, 0xae, 0xee, 0xff, 0xef, 0xee, 0xe9,
    0x0, 0x6f, 0x12, 0x22, 0x22, 0x22, 0x22, 0x21,
    0x1, 0xe7, 0x0, 0x12, 0x22, 0x22, 0x22, 0x0,
    0xa, 0xd0, 0x0, 0xcf, 0xee, 0xee, 0xef, 0x60,
    0x4f, 0xcb, 0xe3, 0xc5, 0x0, 0x0, 0xc, 0x60,
    0x3b, 0x86, 0x40, 0xc8, 0x44, 0x44, 0x4d, 0x60,
    0x0, 0x0, 0x0, 0xcd, 0xbb, 0xbb, 0xbe, 0x60,
    0x25, 0x8b, 0xe7, 0xc5, 0x0, 0x0, 0xc, 0x60,
    0x7a, 0x63, 0x0, 0xcf, 0xee, 0xee, 0xef, 0x60,
    0x0, 0x0, 0x0, 0xc7, 0x22, 0x22, 0x2c, 0x60,
    0x0, 0x0, 0x0, 0x0, 0x0, 0x0, 0x0, 0x0,

    /* U+7F1B "缛" */
    0x0, 0x2, 0x20, 0x0, 0x0, 0x0, 0x0, 0x0,
    0x0, 0x0, 0xc9, 0xa, 0xcc, 0xcc, 0xcc, 0xcc,
    0x80, 0x0, 0x3f, 0x20, 0xe5, 0x44, 0x44, 0x44,
    0x42, 0x0, 0x9, 0xa0, 0xe, 0x21, 0x11, 0x11,
    0x11, 0x0, 0x2, 0xf2, 0x32, 0xe6, 0xee, 0xee,
    0xee, 0xe4, 0x0, 0xa9, 0xd, 0x8e, 0x30, 0x0,
    0x0, 0x0, 0x0, 0xe, 0xff, 0xe0, 0xee, 0xff,
    0xff, 0xee, 0xef, 0x40, 0x11, 0xe5, 0xf, 0x1c,
    0x43, 0xd3, 0x1b, 0xd0, 0x0, 0x8b, 0x0, 0xf0,
    0xc4, 0x5, 0xef, 0x90, 0x0, 0x4f, 0x32, 0x3f,
    0xd, 0xbe, 0x91, 0x9f, 0xb4, 0x9, 0xec, 0xb8,
    0xd0, 0xa7, 0x20, 0xa, 0x15, 0x20, 0x0, 0x0,
    0x6b, 0xbb, 0xbb, 0xbc, 0xfc, 0xb2, 0x0, 0x35,
    0x8d, 0x76, 0xe5, 0x44, 0x5f, 0x44, 0x0, 0xef,
    0xc9, 0xf2, 0xb, 0xc1, 0x1, 0xf1, 0x0, 0x2,
    0x0, 0x8c, 0x0, 0x8, 0x32, 0x7f, 0x0, 0x0,
    0x0, 0xa, 0x40, 0x0, 0x3f, 0xfe, 0x60, 0x0,
    0x0, 0x0, 0x0, 0x0, 0x0, 0x0, 0x0, 0x0,
    0x0,

    /* U+7F1C "缜" */
    0x0, 0x1, 0x0, 0x0, 0x0, 0x30, 0x0, 0x0,
    0x0, 0xe, 0x50, 0x0, 0x0, 0xe3, 0x0, 0x0,
    0x0, 0x5e, 0x0, 0xff, 0xff, 0xff, 0xff, 0xf7,
    0x0, 0xc5, 0x0, 0x0, 0x0, 0xe3, 0x0, 0x0,
    0x5, 0xd0, 0x5b, 0x1f, 0xff, 0xff, 0xff, 0x80,
    0x1e, 0x40, 0xd7, 0x1f, 0x0, 0x0, 0x8, 0x90,
    0x5f, 0xef, 0xd0, 0x1f, 0xee, 0xee, 0xef, 0x90,
    0x2, 0x3e, 0x30, 0x1f, 0x0, 0x0, 0x8, 0x90,
    0x0, 0xa8, 0x0, 0x1f, 0xee, 0xee, 0xef, 0x90,
    0x7, 0xd0, 0x23, 0x1f, 0x0, 0x0, 0x8, 0x90,
    0x1f, 0xef, 0xf9, 0x1f, 0xee, 0xee, 0xef, 0x90,
    0x7, 0x42, 0x0, 0x2f, 0x0, 0x0, 0x8, 0x90,
    0x0, 0x0, 0x18, 0xff, 0xff, 0xff, 0xff, 0xfd,
    0x15, 0x9d, 0xfe, 0x0, 0x65, 0x0, 0x92, 0x0,
    0x5e, 0xa6, 0x20, 0x5d, 0xe4, 0x1, 0x9f, 0xa1,
    0x0, 0x0, 0x3, 0xe7, 0x0, 0x0, 0x2, 0xb9,
    0x0, 0x0, 0x0, 0x0, 0x0, 0x0, 0x0, 0x0,

    /* U+7F1F "缟" */
    0x0, 0x10, 0x0, 0x0, 0x5, 0x20, 0x0, 0x0,
    0x0, 0xba, 0x0, 0x0, 0x9, 0xb0, 0x0, 0x0,
    0x2, 0xf2, 0xc, 0xdd, 0xde, 0xfd, 0xdd, 0xd7,
    0xa, 0x90, 0x32, 0x22, 0x22, 0x22, 0x22, 0x21,
    0x3f, 0x13, 0xf1, 0x6f, 0xff, 0xff, 0xfe, 0x0,
    0xbb, 0x5c, 0x70, 0x6a, 0x0, 0x0, 0x2f, 0x0,
    0x7a, 0xce, 0x0, 0x6e, 0xbb, 0xbb, 0xbf, 0x0,
    0x0, 0xd5, 0x0, 0x48, 0x44, 0x44, 0x49, 0x0,
    0x8, 0xb0, 0x5, 0xbb, 0xbb, 0xbb, 0xbb, 0xb1,
    0x5f, 0x88, 0x98, 0xb4, 0x44, 0x44, 0x44, 0xf1,
    0x7c, 0xa8, 0x58, 0xa1, 0xbb, 0xbb, 0x60, 0xf1,
    0x0, 0x0, 0x8, 0xa1, 0xf3, 0x39, 0x90, 0xf1,
    0x0, 0x0, 0x8, 0xa1, 0xf0, 0x7, 0x90, 0xf1,
    0x46, 0x9b, 0xc8, 0xa1, 0xff, 0xff, 0x80, 0xf1,
    0x89, 0x63, 0x8, 0xa0, 0x0, 0x0, 0x13, 0xf1,
    0x0, 0x0, 0x8, 0xa0, 0x0, 0x3, 0xff, 0xa0,

    /* U+7F21 "缡" */
    0x0, 0x1, 0x10, 0x0, 0x0, 0x11, 0x0, 0x0,
    0x0, 0x0, 0x8b, 0x0, 0x0, 0x9, 0xb0, 0x0,
    0x0, 0x0, 0xe, 0x40, 0x9a, 0xaa, 0xcf, 0xaa,
    0xaa, 0x40, 0x6, 0xc0, 0x4, 0x44, 0x94, 0x47,
    0x74, 0x41, 0x0, 0xe3, 0x18, 0x2d, 0x1b, 0xc7,
    0xe5, 0x6a, 0x0, 0x7a, 0x9, 0xb2, 0xe0, 0x3d,
    0xfb, 0x16, 0xa0, 0xd, 0xed, 0xf3, 0x2e, 0x5c,
    0x40, 0x8a, 0x6a, 0x0, 0x33, 0xd9, 0x2, 0xfc,
    0xcc, 0xcc, 0xcd, 0xa0, 0x0, 0x5e, 0x10, 0x2,
    0x22, 0x6a, 0x22, 0x56, 0x0, 0x1e, 0x51, 0x31,
    0x33, 0x3b, 0x93, 0x33, 0x20, 0x8, 0xff, 0xfb,
    0x7e, 0xcd, 0xfc, 0xcc, 0xcf, 0x0, 0x35, 0x30,
    0x7, 0xa0, 0xa7, 0xb, 0x2, 0xf0, 0x0, 0x0,
    0x35, 0x7a, 0x6f, 0x88, 0xe9, 0x2f, 0x0, 0x9d,
    0xfd, 0x87, 0xa5, 0x96, 0x54, 0xd4, 0xf0, 0x6,
    0x51, 0x0, 0x7a, 0x0, 0x0, 0x34, 0x8e, 0x0,
    0x0, 0x0, 0x7, 0xa0, 0x0, 0x8, 0xdc, 0x60,

    /* U+7F22 "缢" */
    0x0, 0x2, 0x0, 0x1, 0x0, 0x0, 0x3, 0x0,
    0x0, 0xe, 0x60, 0xb, 0x80, 0x0, 0x2f, 0x40,
    0x0, 0x7d, 0x0, 0x2, 0xf5, 0x0, 0xc9, 0x0,
    0x1, 0xe4, 0x0, 0x0, 0x64, 0x7, 0xd1, 0x0,
    0x9, 0xb0, 0x79, 0xaf, 0xff, 0xff, 0xff, 0xf4,
    0x4f, 0x12, 0xf5, 0x0, 0x42, 0x0, 0x30, 0x0,
    0x9f, 0xef, 0xa0, 0x6, 0xf6, 0x4, 0xf8, 0x0,
    0x12, 0x7e, 0x11, 0xae, 0x40, 0x0, 0x2c, 0xc1,
    0x2, 0xf3, 0x6, 0xb1, 0x0, 0x0, 0x0, 0xa7,
    0x1d, 0x95, 0x74, 0x4c, 0xcc, 0xcc, 0xcc, 0x80,
    0x7f, 0xfd, 0xb3, 0x6b, 0x4f, 0x3c, 0x78, 0xa0,
    0x13, 0x0, 0x0, 0x6a, 0xf, 0xb, 0x46, 0xa0,
    0x0, 0x0, 0x35, 0x6a, 0xf, 0xb, 0x46, 0xa0,
    0x37, 0xbf, 0xf9, 0x6a, 0xf, 0xb, 0x46, 0xa0,
    0x8d, 0x95, 0x13, 0x8c, 0x4f, 0x4c, 0x79, 0xb3,
    0x0, 0x0, 0xa, 0xbb, 0xbb, 0xbb, 0xbb, 0xb8,

    /* U+7F23 "缣" */
    0x0, 0x0, 0x0, 0x0, 0x0, 0x0, 0x10, 0x0,
    0x0, 0x2, 0xe1, 0x0, 0x6b, 0x0, 0x2f, 0x20,
    0x0, 0x0, 0x9a, 0x0, 0x0, 0xd2, 0x9, 0xa0,
    0x0, 0x0, 0x2f, 0x20, 0x6f, 0xff, 0xff, 0xff,
    0xff, 0x90, 0xa, 0x90, 0xb4, 0x0, 0xb4, 0xe,
    0x20, 0x0, 0x4, 0xe1, 0x5e, 0x2f, 0xff, 0xff,
    0xff, 0xfd, 0x0, 0x8f, 0xdf, 0x60, 0x0, 0xb4,
    0xe, 0x21, 0xe0, 0x0, 0x8, 0xd0, 0x7d, 0xdf,
    0xed, 0xfd, 0xdf, 0xc0, 0x2, 0xf3, 0x1, 0x22,
    0xc6, 0x2e, 0x33, 0xe2, 0x0, 0xc9, 0x1, 0x0,
    0xb, 0x40, 0xe2, 0x1e, 0x0, 0x5f, 0xde, 0xf4,
    0xff, 0xff, 0xff, 0xff, 0xe0, 0x1, 0x64, 0x10,
    0x0, 0x8f, 0x40, 0xed, 0x14, 0x0, 0x0, 0x0,
    0x30, 0x4b, 0xb4, 0xe, 0x5b, 0x0, 0x3, 0x8c,
    0xfe, 0x7e, 0x1b, 0x40, 0xe2, 0x9b, 0x10, 0x6a,
    0x62, 0x5e, 0x30, 0xb4, 0xe, 0x20, 0x9b, 0x0,
    0x0, 0x0, 0x10, 0xb, 0x40, 0xe2, 0x0, 0x10,

    /* U+7F24 "缤" */
    0x0, 0x5, 0x10, 0x0, 0x1, 0x60, 0x0, 0x0,
    0x0, 0xf, 0x30, 0x0, 0x1, 0xf2, 0x0, 0x0,
    0x0, 0x7b, 0x0, 0xce, 0xee, 0xfe, 0xee, 0xe7,
    0x0, 0xe3, 0x0, 0xe4, 0x22, 0x22, 0x22, 0xb8,
    0x7, 0xa0, 0x8a, 0x91, 0x0, 0x14, 0x77, 0x75,
    0x1e, 0x44, 0xf4, 0xa, 0xff, 0xfe, 0xc9, 0x0,
    0x7f, 0xff, 0xb0, 0xb, 0x61, 0x0, 0x0, 0x0,
    0x14, 0x4f, 0x20, 0xb, 0x61, 0x11, 0x11, 0x10,
    0x0, 0xb8, 0x0, 0xb, 0xff, 0xff, 0xff, 0xd0,
    0x8, 0xd0, 0x21, 0xb, 0x50, 0x6, 0xb0, 0x0,
    0x2f, 0xff, 0xe5, 0xb, 0x50, 0x6, 0xb0, 0x0,
    0x5, 0x31, 0x3, 0xdf, 0xed, 0xde, 0xfd, 0xdb,
    0x0, 0x0, 0x24, 0x33, 0x35, 0x33, 0x53, 0x32,
    0x39, 0xcf, 0xf9, 0x4, 0xdb, 0x5, 0xfa, 0x20,
    0x49, 0x63, 0x3, 0xcf, 0x70, 0x0, 0x3c, 0xf8,
    0x0, 0x0, 0x2, 0x91, 0x0, 0x0, 0x0, 0x63,

    /* U+7F25 "缥" */
    0x0, 0x96, 0x4, 0x44, 0x44, 0x44, 0x44, 0x41,
    0x1, 0xf4, 0xa, 0xbb, 0xed, 0xbf, 0xcb, 0xb4,
    0x8, 0xb0, 0x0, 0x0, 0xa6, 0xe, 0x30, 0x0,
    0x1e, 0x23, 0xe8, 0xfe, 0xff, 0xef, 0xee, 0xf0,
    0x99, 0xb, 0x87, 0x90, 0xa5, 0xe, 0x21, 0xf0,
    0xdf, 0xfe, 0x7, 0x91, 0xb6, 0x1e, 0x32, 0xf0,
    0x11, 0xb6, 0x7, 0xfe, 0xee, 0xee, 0xee, 0xf0,
    0x6, 0xc0, 0x1, 0x20, 0x0, 0x0, 0x1, 0x30,
    0x3f, 0x43, 0x40, 0xaf, 0xff, 0xff, 0xff, 0x30,
    0x9f, 0xec, 0x90, 0x0, 0x0, 0x0, 0x0, 0x0,
    0x10, 0x0, 0xd, 0xff, 0xff, 0xff, 0xff, 0xf6,
    0x0, 0x0, 0x10, 0x5, 0x3, 0xe0, 0x30, 0x0,
    0x36, 0xae, 0xe0, 0x9e, 0x23, 0xe0, 0xdc, 0x20,
    0xdd, 0x85, 0x4e, 0xb2, 0x16, 0xe0, 0xa, 0xf3,
    0x0, 0x0, 0x16, 0x5, 0xff, 0x70, 0x0, 0x60,
    0x0, 0x0, 0x0, 0x0, 0x0, 0x0, 0x0, 0x0,

    /* U+7F26 "缦" */
    0x0, 0x1, 0x0, 0x0, 0x0, 0x0, 0x0, 0x0,
    0x0, 0x0, 0xa8, 0x0, 0xaa, 0xaa, 0xaa, 0xaa,
    0x10, 0x0, 0x1e, 0x10, 0xf, 0x33, 0x33, 0x33,
    0xe2, 0x0, 0x8, 0x80, 0x0, 0xfd, 0xdd, 0xdd,
    0xdf, 0x20, 0x1, 0xe1, 0x2d, 0x1f, 0x0, 0x0,
    0x0, 0xe2, 0x0, 0xa9, 0x2a, 0x80, 0xfd, 0xdd,
    0xdd, 0xdf, 0x20, 0xe, 0xff, 0xe0, 0x0, 0x0,
    0x0, 0x0, 0x0, 0x0, 0x0, 0xb4, 0xe, 0xdd,
    0xfd, 0xdf, 0xdd, 0xf0, 0x0, 0x6a, 0x0, 0xe2,
    0xe, 0x10, 0xe1, 0xf, 0x0, 0x4f, 0x66, 0x6e,
    0xdd, 0xfd, 0xdf, 0xdd, 0xf0, 0xa, 0xec, 0xa5,
    0x71, 0x0, 0x0, 0x0, 0x8, 0x0, 0x0, 0x0,
    0x4, 0xee, 0xdd, 0xdd, 0xee, 0x0, 0x0, 0x0,
    0x25, 0x1, 0xd6, 0x0, 0x2d, 0x60, 0x0, 0x7c,
    0xff, 0xb0, 0x1, 0xca, 0x7e, 0x60, 0x0, 0x7,
    0x73, 0x0, 0x1, 0x5a, 0xfe, 0xd7, 0x31, 0x0,
    0x0, 0x0, 0x1e, 0xfb, 0x61, 0x5, 0x9d, 0xf2,
    0x0, 0x0, 0x0, 0x20, 0x0, 0x0, 0x0, 0x0,
    0x0,

    /* U+7F27 "缧" */
    0x0, 0x13, 0x0, 0x0, 0x0, 0x0, 0x0, 0x0,
    0x0, 0x7d, 0x2, 0xcc, 0xcc, 0xcc, 0xcc, 0xc2,
    0x0, 0xe5, 0x2, 0xe3, 0x33, 0xf4, 0x33, 0xe2,
    0x5, 0xd0, 0x23, 0xe0, 0x0, 0xf1, 0x0, 0xe2,
    0xe, 0x50, 0xcb, 0xfe, 0xee, 0xfe, 0xee, 0xf2,
    0x7e, 0x36, 0xf4, 0xe0, 0x0, 0xf1, 0x0, 0xe2,
    0x5c, 0xcf, 0x72, 0xff, 0xff, 0xff, 0xff, 0xf2,
    0x0, 0x7d, 0x0, 0x40, 0x7c, 0x30, 0x17, 0x40,
    0x2, 0xf3, 0x0, 0x4c, 0x92, 0x24, 0xe8, 0x0,
    0x1d, 0x92, 0x32, 0x9d, 0xce, 0xf9, 0x32, 0x0,
    0x3f, 0xec, 0xa3, 0x4, 0xa9, 0x20, 0x5e, 0x20,
    0x0, 0x0, 0x3, 0xef, 0xcb, 0xcd, 0xef, 0xe2,
    0x0, 0x1, 0x45, 0x77, 0x43, 0xf4, 0x20, 0x62,
    0x3a, 0xef, 0xd6, 0x6f, 0x40, 0xf3, 0xae, 0x50,
    0x38, 0x41, 0x2c, 0xe7, 0x24, 0xf2, 0x5, 0xea,
    0x0, 0x0, 0x7, 0x9, 0xff, 0xb0, 0x0, 0x13,
    0x0, 0x0, 0x0, 0x0, 0x0, 0x0, 0x0, 0x0,

    /* U+7F2A "缪" */
    0x0, 0x5, 0x10, 0x0, 0x0, 0x0, 0x0, 0x0,
    0x0, 0x2f, 0x23, 0xee, 0xed, 0x8e, 0xee, 0xd0,
    0x0, 0x9b, 0x0, 0x71, 0x3e, 0x17, 0x12, 0xf0,
    0x1, 0xf3, 0x10, 0x8c, 0x2e, 0xa, 0x91, 0xf0,
    0x9, 0xa0, 0xb9, 0x5, 0x4e, 0x0, 0x7a, 0xf0,
    0x3f, 0x23, 0xf1, 0x5c, 0xee, 0x3d, 0xd8, 0xf0,
    0x6f, 0xef, 0x75, 0xb4, 0x2d, 0x67, 0x1, 0xf0,
    0x1, 0x6d, 0x0, 0x0, 0x5d, 0x8c, 0x50, 0x30,
    0x1, 0xe3, 0x1, 0x7d, 0xb1, 0x34, 0xad, 0x72,
    0xa, 0xb4, 0x79, 0xb3, 0x3b, 0xe5, 0x3, 0xaa,
    0x2f, 0xfd, 0xa0, 0x4d, 0xd6, 0x6, 0xe2, 0x0,
    0x2, 0x0, 0x0, 0x13, 0x17, 0xec, 0x31, 0x60,
    0x0, 0x2, 0x62, 0x5b, 0xfa, 0x41, 0x8f, 0x90,
    0x4a, 0xef, 0xc2, 0x36, 0x13, 0x9f, 0xb3, 0x0,
    0x49, 0x50, 0x0, 0x49, 0xee, 0x82, 0x0, 0x0,
    0x0, 0x0, 0x1, 0xc8, 0x40, 0x0, 0x0, 0x0,

    /* U+7F2B "缫" */
    0x0, 0x0, 0x0, 0x1, 0x0, 0x0, 0x0, 0x10,
    0x0, 0x2f, 0x10, 0x4e, 0x20, 0xc8, 0x7, 0xd0,
    0x0, 0x9a, 0x5, 0xd3, 0x1c, 0x70, 0x9c, 0x10,
    0x1, 0xf2, 0x4, 0xe5, 0x1b, 0xb1, 0x4e, 0x40,
    0xa, 0x90, 0xc5, 0x3c, 0x10, 0x98, 0x3, 0xd1,
    0x3e, 0x15, 0xe1, 0xfe, 0xee, 0xfe, 0xef, 0x80,
    0x9f, 0xdf, 0x60, 0xf1, 0x4, 0xd0, 0x8, 0x80,
    0x12, 0x9c, 0x0, 0xfd, 0xde, 0xfd, 0xde, 0x80,
    0x2, 0xf3, 0x0, 0xf1, 0x4, 0xd0, 0x8, 0x80,
    0xc, 0x81, 0x40, 0xfe, 0xee, 0xfe, 0xef, 0x80,
    0x5f, 0xff, 0xd0, 0x80, 0x4, 0xd0, 0x4, 0x40,
    0x14, 0x10, 0x1e, 0xee, 0xef, 0xfe, 0xee, 0xe7,
    0x0, 0x1, 0x51, 0x3, 0xea, 0xdc, 0x80, 0x0,
    0x49, 0xdf, 0xd1, 0x8e, 0x54, 0xd0, 0xbc, 0x40,
    0x7a, 0x51, 0x7f, 0xb2, 0x4, 0xd0, 0x7, 0xf9,
    0x0, 0x0, 0x34, 0x0, 0x4, 0xd0, 0x0, 0x21,

    /* U+7F2C "缬" */
    0x0, 0xa, 0x60, 0xa, 0x40, 0x11, 0x11, 0x11,
    0x0, 0x1, 0xf2, 0x0, 0xb4, 0xc, 0xff, 0xff,
    0xf7, 0x0, 0x7a, 0x9, 0xdf, 0xdd, 0x30, 0x78,
    0x0, 0x0, 0xe, 0x24, 0x44, 0xc7, 0x41, 0x1a,
    0x71, 0x10, 0x8, 0xa0, 0xe2, 0xb, 0x40, 0x5f,
    0xee, 0xef, 0x0, 0xec, 0xd9, 0x14, 0xc7, 0x45,
    0x90, 0x0, 0xf0, 0x4, 0x4e, 0x14, 0xcc, 0xcc,
    0x59, 0x1d, 0xf, 0x0, 0x8, 0x70, 0x0, 0x0,
    0x5, 0x91, 0xd0, 0xf0, 0x3, 0xe6, 0x74, 0xcc,
    0xc8, 0x59, 0x1d, 0xf, 0x0, 0xae, 0xca, 0x4d,
    0x46, 0xb5, 0x92, 0xc0, 0xf0, 0x0, 0x0, 0x2,
    0xc0, 0x3b, 0x59, 0x4a, 0xf, 0x0, 0x0, 0x36,
    0x5c, 0x3, 0xb5, 0x98, 0x80, 0xf0, 0xc, 0xfe,
    0xc5, 0xc1, 0x4b, 0x1, 0xec, 0x90, 0x0, 0x32,
    0x0, 0x2f, 0xff, 0xb1, 0xc9, 0xb, 0xb0, 0x0,
    0x0, 0x2, 0xc0, 0x0, 0xda, 0x0, 0xb, 0x70,
    0x0, 0x0, 0x0, 0x0, 0x2, 0x0, 0x0, 0x0,

    /* U+7F2D "缭" */
    0x0, 0x21, 0x0, 0x0, 0x5, 0x20, 0x0, 0x0,
    0x0, 0xb8, 0x0, 0x0, 0xd, 0x30, 0x0, 0x0,
    0x2, 0xf1, 0xd, 0xff, 0xff, 0xff, 0xff, 0xf1,
    0xa, 0x70, 0x12, 0x40, 0x6b, 0x86, 0x2, 0x20,
    0x3e, 0x3, 0xf5, 0xe8, 0xe3, 0x1d, 0x6e, 0x60,
    0xcb, 0x7d, 0x80, 0x4f, 0x60, 0x6, 0xf5, 0x0,
    0x79, 0xbe, 0x28, 0xfe, 0xbb, 0xbb, 0xff, 0x93,
    0x0, 0xd6, 0x4d, 0xf3, 0x33, 0x33, 0x6e, 0xb5,
    0x7, 0xc0, 0x2, 0xf1, 0x11, 0x11, 0x5d, 0x0,
    0x3f, 0x43, 0x42, 0xfc, 0xcc, 0xcc, 0xdd, 0x0,
    0x9f, 0xfd, 0xa2, 0xf0, 0x0, 0x0, 0x4d, 0x0,
    0x11, 0x0, 0x2, 0xff, 0xff, 0xff, 0xfd, 0x0,
    0x0, 0x4, 0x70, 0x94, 0xa, 0x70, 0x82, 0x0,
    0x7d, 0xff, 0xb8, 0xe2, 0xa, 0x70, 0xbd, 0x20,
    0x67, 0x30, 0x8e, 0x33, 0x3d, 0x70, 0xa, 0xe2,
    0x0, 0x0, 0x33, 0xc, 0xfd, 0x20, 0x0, 0x60,

    /* U+7F2F "缯" */
    0x0, 0x0, 0x0, 0x0, 0x10, 0x0, 0x1, 0x0,
    0x0, 0xb, 0x70, 0x0, 0xe6, 0x0, 0x1e, 0x30,
    0x0, 0x2f, 0x10, 0x0, 0x5d, 0x0, 0x9a, 0x0,
    0x0, 0x98, 0x0, 0xcf, 0xff, 0xff, 0xff, 0xfc,
    0x2, 0xe0, 0x3c, 0xc5, 0x30, 0x4c, 0x4, 0x4c,
    0xc, 0xa5, 0xc9, 0xc5, 0xaa, 0x4c, 0x5c, 0x4c,
    0x8, 0x9c, 0xe0, 0xc5, 0x6, 0x4c, 0x42, 0x4c,
    0x0, 0xe, 0x50, 0xce, 0xee, 0xef, 0xee, 0xec,
    0x0, 0x8c, 0x0, 0xa4, 0x0, 0x0, 0x0, 0x3a,
    0x4, 0xf4, 0x34, 0x4, 0x44, 0x44, 0x44, 0x40,
    0xa, 0xfe, 0xc9, 0x2f, 0xbb, 0xbb, 0xbb, 0xf2,
    0x1, 0x10, 0x0, 0x2f, 0x0, 0x0, 0x0, 0xe2,
    0x0, 0x0, 0x35, 0x2f, 0xff, 0xff, 0xff, 0xf2,
    0x8, 0xdf, 0xda, 0x2f, 0x0, 0x0, 0x0, 0xe2,
    0x4, 0x41, 0x0, 0x2f, 0xcc, 0xcc, 0xcc, 0xf2,
    0x0, 0x0, 0x0, 0x2f, 0x33, 0x33, 0x33, 0xf2,

    /* U+7F30 "缰" */
    0x0, 0x0, 0x0, 0x0, 0x0, 0x0, 0x0, 0x0,
    0x0, 0x5d, 0x4, 0x88, 0x88, 0x88, 0x88, 0x83,
    0x0, 0xc7, 0x2, 0x55, 0x55, 0x55, 0x55, 0x52,
    0x3, 0xe0, 0x2, 0xec, 0xcc, 0xdc, 0xcc, 0xb0,
    0xb, 0x70, 0xa4, 0xf0, 0x3, 0xe0, 0x4, 0xc0,
    0x4e, 0x5, 0xf3, 0xfc, 0xcc, 0xfc, 0xcd, 0xc0,
    0xbd, 0xae, 0x72, 0xf6, 0x68, 0xe6, 0x69, 0xc0,
    0x34, 0xae, 0x1, 0x94, 0x44, 0x44, 0x45, 0x70,
    0x1, 0xe5, 0xa, 0xdd, 0xdd, 0xdd, 0xdd, 0xd9,
    0xa, 0xb0, 0x0, 0x11, 0x11, 0x11, 0x11, 0x0,
    0x4f, 0x99, 0xa2, 0xfb, 0xbc, 0xfb, 0xbc, 0xd0,
    0x5c, 0xa7, 0x42, 0xf7, 0x79, 0xf7, 0x79, 0xd0,
    0x0, 0x0, 0x2, 0xf4, 0x46, 0xe4, 0x47, 0xd0,
    0x4, 0x7a, 0xd2, 0xfc, 0xcc, 0xdc, 0xcd, 0xd0,
    0xaf, 0xeb, 0x70, 0x50, 0x0, 0x0, 0x1, 0x50,
    0x32, 0x0, 0xd, 0xdd, 0xdd, 0xdd, 0xdd, 0xd9,

    /* U+7F31 "缱" */
    0x0, 0x0, 0x0, 0x0, 0x0, 0x2, 0x0, 0x0,
    0x0, 0x7b, 0x1d, 0x0, 0x0, 0x1e, 0x0, 0x0,
    0x0, 0xd5, 0xd, 0x41, 0xfc, 0xcf, 0xcc, 0xf0,
    0x5, 0xd0, 0x8, 0xa1, 0xe2, 0x3e, 0x22, 0xf0,
    0xd, 0x51, 0x31, 0x31, 0xfa, 0xaf, 0xaa, 0xf0,
    0x6c, 0x9, 0xa0, 0x6, 0x66, 0x7e, 0x66, 0x65,
    0xae, 0xef, 0x68, 0x75, 0x55, 0x55, 0x55, 0x54,
    0x0, 0xa8, 0x48, 0xf0, 0x9d, 0xdd, 0xdd, 0x90,
    0x3, 0xe0, 0x2, 0xf0, 0xc3, 0x0, 0x3, 0xc0,
    0xd, 0x72, 0x32, 0xf0, 0xcd, 0xdd, 0xdd, 0xc0,
    0x4f, 0xff, 0xb2, 0xf0, 0xc3, 0x0, 0x0, 0x10,
    0x3, 0x20, 0x2, 0xf0, 0xcd, 0xdd, 0xdd, 0xd0,
    0x0, 0x0, 0x12, 0xf0, 0xc5, 0x11, 0x13, 0xd0,
    0x6b, 0xdf, 0x86, 0xf2, 0xcc, 0xbb, 0xbb, 0xd0,
    0x67, 0x40, 0x3f, 0x7e, 0x72, 0x11, 0x11, 0x32,
    0x0, 0x0, 0xa8, 0x4, 0xcf, 0xff, 0xff, 0xfb,
    0x0, 0x0, 0x10, 0x0, 0x0, 0x0, 0x0, 0x0,

    /* U+7F32 "缲" */
    0x0, 0x20, 0x0, 0x0, 0x0, 0x0, 0x0, 0x0,
    0x0, 0xe5, 0x0, 0x4d, 0xdd, 0xdd, 0xd8, 0x0,
    0x4, 0xe0, 0x0, 0x5b, 0x11, 0x11, 0x7a, 0x0,
    0xb, 0x80, 0x10, 0x5b, 0x0, 0x0, 0x6a, 0x0,
    0x2f, 0x12, 0xf2, 0x5f, 0xff, 0xff, 0xfa, 0x0,
    0xb9, 0xa, 0x90, 0x0, 0x0, 0x0, 0x0, 0x0,
    0xcf, 0xfe, 0x16, 0xee, 0xe7, 0x4f, 0xee, 0xb0,
    0x0, 0xc6, 0x6, 0x80, 0x68, 0x4a, 0x3, 0xb0,
    0x6, 0xb0, 0x6, 0xfe, 0xe8, 0x4f, 0xee, 0xb0,
    0x1e, 0x55, 0x75, 0x70, 0x57, 0x68, 0x2, 0x90,
    0x8f, 0xfd, 0xb1, 0x11, 0x16, 0xa1, 0x11, 0x10,
    0x23, 0x0, 0xc, 0xff, 0xff, 0xff, 0xff, 0xf5,
    0x0, 0x0, 0x20, 0x0, 0x7d, 0xea, 0x0, 0x0,
    0x7b, 0xef, 0xe1, 0x4c, 0x85, 0xa7, 0xd5, 0x0,
    0x56, 0x30, 0x3c, 0xd4, 0x5, 0xa0, 0x4d, 0xd5,
    0x0, 0x0, 0x16, 0x0, 0x5, 0xa0, 0x0, 0x51,

    /* U+7F33 "缳" */
    0x0, 0x13, 0x0, 0x0, 0x0, 0x0, 0x0, 0x0,
    0x0, 0x8a, 0x1, 0xdd, 0xdd, 0xdd, 0xdd, 0x70,
    0x0, 0xe3, 0x2, 0xe0, 0x68, 0xc, 0x25, 0x90,
    0x6, 0xb0, 0x2, 0xe0, 0x68, 0xc, 0x15, 0x90,
    0xd, 0x31, 0x82, 0xfd, 0xde, 0xde, 0xde, 0x90,
    0x6b, 0x8, 0xb0, 0x20, 0x0, 0x0, 0x0, 0x10,
    0xdd, 0xbf, 0x2d, 0xee, 0xee, 0xee, 0xee, 0xe3,
    0x45, 0xc9, 0x0, 0x0, 0x0, 0x0, 0x0, 0x0,
    0x3, 0xe1, 0x0, 0xee, 0xee, 0xee, 0xef, 0x50,
    0xd, 0x52, 0x40, 0xe3, 0x0, 0x0, 0xa, 0x50,
    0x7f, 0xff, 0xb0, 0xee, 0xee, 0xee, 0xef, 0x50,
    0x25, 0x20, 0x0, 0xa2, 0xaf, 0xc0, 0x5, 0x60,
    0x0, 0x0, 0x30, 0x1c, 0xd1, 0xc8, 0x2c, 0xb0,
    0x59, 0xcf, 0xc7, 0xfd, 0xb0, 0x1d, 0xf6, 0x0,
    0xaa, 0x51, 0xcd, 0x45, 0xb5, 0x91, 0xbe, 0x71,
    0x0, 0x0, 0x20, 0x8, 0xfb, 0x50, 0x4, 0xb1,
    0x0, 0x0, 0x0, 0x1, 0x20, 0x0, 0x0, 0x0,

    /* U+7F35 "缵" */
    0x0, 0x0, 0x0, 0x2, 0x0, 0x0, 0x10, 0x0,
    0x0, 0x6c, 0x4, 0x5b, 0x30, 0x36, 0xa4, 0x0,
    0x0, 0xd5, 0xa, 0xef, 0xd7, 0xae, 0xed, 0xd1,
    0x4, 0xd0, 0x2c, 0x1b, 0x32, 0xd1, 0xa5, 0x10,
    0xc, 0x51, 0x67, 0x5d, 0x74, 0x75, 0xc8, 0x52,
    0x6c, 0x8, 0xa8, 0xf9, 0xf6, 0x7f, 0x9f, 0x93,
    0xbf, 0xff, 0x12, 0xc0, 0xe5, 0x1d, 0xd, 0x27,
    0x0, 0xa7, 0x1c, 0x51, 0xfa, 0xb7, 0xe, 0xa8,
    0x4, 0xd0, 0x17, 0x0, 0x21, 0x80, 0x3, 0x50,
    0x1e, 0x54, 0x43, 0xff, 0xff, 0xff, 0xff, 0x60,
    0x7f, 0xec, 0x83, 0xd0, 0x1, 0x20, 0xa, 0x60,
    0x0, 0x0, 0x3, 0xd0, 0x8, 0x90, 0xa, 0x60,
    0x0, 0x1, 0x43, 0xd0, 0xc, 0x70, 0xa, 0x60,
    0x5a, 0xef, 0xd1, 0x30, 0x7e, 0xeb, 0x52, 0x10,
    0x58, 0x40, 0x3, 0x7d, 0xe3, 0x7, 0xed, 0x60,
    0x0, 0x0, 0x5f, 0xc7, 0x0, 0x0, 0x6, 0xe5,
    0x0, 0x0, 0x1, 0x0, 0x0, 0x0, 0x0, 0x0,

    /* U+7FBC "羼" */
    0x1, 0x99, 0x99, 0x99, 0x99, 0x99, 0x99, 0x90,
    0x2, 0xf4, 0x44, 0x44, 0x44, 0x44, 0x44, 0xf0,
    0x2, 0xfd, 0xdd, 0xdd, 0xdd, 0xdd, 0xdd, 0xf0,
    0x2, 0xe0, 0x0, 0x88, 0x0, 0x4d, 0x10, 0x60,
    0x2, 0xe2, 0xcc, 0xcd, 0xcd, 0xdc, 0xcc, 0x90,
    0x2, 0xe0, 0x26, 0x66, 0x9c, 0x66, 0x66, 0x0,
    0x2, 0xe0, 0x14, 0x44, 0x8c, 0x44, 0x44, 0x0,
    0x3, 0xd7, 0xcc, 0xcc, 0xde, 0xcc, 0xcc, 0xc2,
    0x4, 0xc0, 0xa6, 0x2c, 0x47, 0x5a, 0x9, 0x60,
    0x7, 0xa6, 0xac, 0xcb, 0x64, 0x7d, 0x7f, 0x74,
    0x9, 0x82, 0x39, 0x93, 0x23, 0x44, 0xf4, 0x42,
    0xd, 0x55, 0xbd, 0xdb, 0x53, 0xbb, 0xfb, 0xb3,
    0x2f, 0x24, 0x4b, 0x84, 0x31, 0x22, 0xf2, 0x21,
    0x8b, 0x17, 0x9f, 0x77, 0x67, 0x99, 0xf9, 0x98,
    0x64, 0x2, 0xe5, 0x0, 0x0, 0x0, 0xf0, 0x0,
    0x0, 0x0, 0x0, 0x0, 0x0, 0x0, 0x0, 0x0,

    /* U+80EC "胬" */
    0x0, 0x3, 0x10, 0x0, 0x0, 0x0, 0x0, 0x0,
    0x0, 0xe, 0x40, 0x0, 0x47, 0x77, 0x77, 0x50,
    0xe, 0xff, 0xff, 0xf8, 0x5a, 0x66, 0x6c, 0xa0,
    0x0, 0xe4, 0x0, 0xd4, 0x4f, 0x20, 0x2f, 0x20,
    0x5, 0xf7, 0x27, 0xc0, 0x7, 0xe6, 0xe6, 0x0,
    0x0, 0x28, 0xff, 0x91, 0x4, 0xef, 0xd2, 0x0,
    0x15, 0x9f, 0xb4, 0x97, 0xfd, 0x73, 0xaf, 0xd6,
    0x6c, 0x82, 0x0, 0x6, 0xa0, 0x0, 0x1, 0x63,
    0x0, 0xdf, 0xff, 0xff, 0xff, 0xff, 0xfe, 0x0,
    0x0, 0xd5, 0x0, 0x4f, 0xb5, 0x10, 0x4e, 0x0,
    0x0, 0xd5, 0x29, 0xf8, 0x7b, 0xfa, 0x5e, 0x0,
    0x0, 0xd6, 0xfa, 0x2c, 0x60, 0x18, 0x4e, 0x0,
    0x0, 0xd5, 0x0, 0x7e, 0xe9, 0x30, 0x3e, 0x0,
    0x0, 0xd5, 0x4b, 0xe3, 0x17, 0xea, 0x3e, 0x0,
    0x0, 0xd5, 0xb7, 0x0, 0x2, 0x35, 0x8e, 0x0,
    0x0, 0xd5, 0x0, 0x0, 0x8, 0xff, 0xf7, 0x0,
    0x0, 0x0, 0x0, 0x0, 0x0, 0x0, 0x0, 0x0,

    /* U+81BA "膺" */
    0x0, 0x0, 0x0, 0x0, 0x40, 0x0, 0x0, 0x0,
    0x0, 0x0, 0x0, 0x2, 0xf2, 0x0, 0x0, 0x0,
    0x3, 0xee, 0xee, 0xee, 0xff, 0xee, 0xee, 0xe4,
    0x4, 0xe0, 0xa, 0x34, 0x70, 0x2c, 0x0, 0x0,
    0x4, 0xe0, 0x5f, 0xa, 0xdc, 0xcf, 0xcc, 0xc2,
    0x4, 0xe0, 0xdc, 0x2f, 0x54, 0x4f, 0x54, 0x30,
    0x4, 0xea, 0xfc, 0xbf, 0x87, 0x7f, 0x87, 0x60,
    0x4, 0xd9, 0x6c, 0x5e, 0xbb, 0xbf, 0xbb, 0xa0,
    0x4, 0xd0, 0x4c, 0xe, 0x65, 0x5f, 0x65, 0x51,
    0x5, 0xc0, 0x39, 0xb, 0x66, 0x66, 0x66, 0x61,
    0x6, 0xb0, 0x3c, 0xcc, 0xcc, 0xcc, 0xcb, 0x0,
    0x8, 0x80, 0x4d, 0x44, 0x44, 0x44, 0x5f, 0x0,
    0xc, 0x50, 0x4e, 0x77, 0x77, 0x77, 0x8f, 0x0,
    0xf, 0x10, 0x4f, 0xcc, 0xcc, 0xcc, 0xcf, 0x0,
    0x7c, 0x0, 0x4d, 0x0, 0x0, 0x32, 0x5e, 0x0,
    0x85, 0x0, 0x4d, 0x0, 0x0, 0xee, 0xd7, 0x0,
    0x0, 0x0, 0x0, 0x0, 0x0, 0x0, 0x0, 0x0,

    /* U+821B "舛" */
    0x0, 0x4, 0x10, 0x0, 0x0, 0x1, 0x40, 0x0,
    0x0, 0xe, 0x50, 0x0, 0x0, 0x5, 0xd0, 0x0,
    0x0, 0x1f, 0x10, 0x0, 0x0, 0x5, 0xd0, 0x0,
    0x0, 0x6f, 0x88, 0x83, 0x0, 0x5, 0xd0, 0x0,
    0x0, 0xbc, 0x99, 0xe7, 0xff, 0xff, 0xff, 0xf9,
    0x1, 0xf2, 0x0, 0xe5, 0x12, 0x26, 0xe2, 0x21,
    0x8, 0xc0, 0x0, 0xf3, 0x4a, 0x5, 0xd0, 0x0,
    0x1e, 0x51, 0x4, 0xf0, 0x9a, 0x5, 0xd0, 0x0,
    0x7c, 0x5e, 0x29, 0xc0, 0xd6, 0x5, 0xd0, 0x0,
    0x13, 0x8, 0xfe, 0x72, 0xf2, 0x5, 0xd0, 0x0,
    0x0, 0x0, 0x9f, 0x14, 0xfe, 0xef, 0xfe, 0xed,
    0x0, 0x1, 0xe9, 0x0, 0x33, 0x37, 0xe3, 0x32,
    0x0, 0xa, 0xe1, 0x0, 0x0, 0x5, 0xd0, 0x0,
    0x0, 0x7f, 0x40, 0x0, 0x0, 0x5, 0xd0, 0x0,
    0x8, 0xf7, 0x0, 0x0, 0x0, 0x5, 0xd0, 0x0,
    0xb, 0x70, 0x0, 0x0, 0x0, 0x5, 0xd0, 0x0,
    0x0, 0x0, 0x0, 0x0, 0x0, 0x0, 0x0, 0x0,

    /* U+8274 "艴" */
    0x0, 0x10, 0x10, 0x0, 0x0, 0x20, 0x0, 0x0,
    0x0, 0xa4, 0xb3, 0x0, 0x0, 0xe2, 0x0, 0x0,
    0x1, 0xa5, 0xb4, 0x11, 0x6, 0xe7, 0x77, 0x20,
    0x2d, 0xfe, 0xfe, 0xdb, 0xd, 0x99, 0x9f, 0x40,
    0x0, 0xa4, 0xb3, 0x2b, 0x8a, 0x0, 0x9a, 0x0,
    0x0, 0xa4, 0xb3, 0x2d, 0xf7, 0x58, 0xf6, 0x50,
    0x3f, 0xff, 0xff, 0xfc, 0xad, 0x9f, 0xa9, 0xf0,
    0x47, 0xa4, 0xb3, 0x16, 0x59, 0xe, 0x10, 0xf0,
    0x66, 0xa4, 0xb3, 0x0, 0x59, 0xe, 0x10, 0xf0,
    0x7b, 0xd9, 0xd9, 0x88, 0x5a, 0x3e, 0x43, 0xf0,
    0x37, 0xe8, 0xd9, 0x7f, 0x6e, 0xcc, 0xcc, 0xf0,
    0x0, 0xe0, 0xb3, 0xf, 0x59, 0x0, 0x0, 0x61,
    0x1, 0xe0, 0xb7, 0x8e, 0x59, 0x0, 0x0, 0xab,
    0x5, 0xa0, 0xbe, 0xc5, 0x59, 0x0, 0x0, 0xc9,
    0xb, 0x40, 0xb3, 0x0, 0x4c, 0x11, 0x13, 0xf6,
    0x2b, 0x0, 0xb3, 0x0, 0xc, 0xff, 0xff, 0xb0,
    0x0, 0x0, 0x0, 0x0, 0x0, 0x0, 0x0, 0x0,

    /* U+8862 "衢" */
    0x0, 0x0, 0x0, 0x0, 0x0, 0x0, 0x0, 0x0,
    0x0, 0x4b, 0x56, 0x64, 0x26, 0x65, 0x1, 0x10,
    0x0, 0xd5, 0xd4, 0x6a, 0x69, 0x4d, 0xdf, 0xf4,
    0x8, 0xb0, 0xda, 0xba, 0x6c, 0xad, 0x0, 0x0,
    0x4e, 0x10, 0xd5, 0x7a, 0x69, 0x5d, 0x0, 0x0,
    0x73, 0x29, 0xd4, 0x6a, 0x69, 0x4d, 0x0, 0x0,
    0x0, 0x98, 0xdb, 0xba, 0x6c, 0xbe, 0x88, 0x84,
    0x2, 0xf1, 0x25, 0x93, 0xa1, 0x3, 0x7e, 0x84,
    0xb, 0xe0, 0x1e, 0xdc, 0xfc, 0xc9, 0xd, 0x20,
    0x6d, 0xe0, 0xad, 0x0, 0xe1, 0x0, 0xd, 0x20,
    0x83, 0xe7, 0xdf, 0xcc, 0xfc, 0xc3, 0xd, 0x20,
    0x1, 0xe3, 0x4d, 0x0, 0xe1, 0x0, 0xd, 0x20,
    0x1, 0xe0, 0x3f, 0xcc, 0xfc, 0xc3, 0xd, 0x20,
    0x1, 0xe0, 0x3d, 0x0, 0xe1, 0x0, 0xd, 0x20,
    0x1, 0xe0, 0x3f, 0xcc, 0xcc, 0xcb, 0xe, 0x20,
    0x1, 0xe0, 0x3d, 0x0, 0x0, 0xa, 0xfd, 0x0,
    0x0, 0x20, 0x0, 0x0, 0x0, 0x1, 0x20, 0x0,

    /* U+8930 "褰" */
    0x0, 0x0, 0x0, 0x1, 0x20, 0x0, 0x0, 0x0,
    0x0, 0x0, 0x0, 0x8, 0xb0, 0x0, 0x0, 0x0,
    0xf, 0xee, 0xee, 0xee, 0xee, 0xee, 0xee, 0xf6,
    0xf, 0x10, 0xb, 0x30, 0x0, 0xf0, 0x0, 0xc6,
    0x5, 0x8d, 0xdf, 0xdd, 0xdd, 0xfd, 0xdc, 0x31,
    0x0, 0x0, 0xb, 0x30, 0x0, 0xf0, 0x0, 0x0,
    0x0, 0xbd, 0xdf, 0xdd, 0xdd, 0xfd, 0xdd, 0x30,
    0x0, 0x0, 0xb, 0x30, 0x0, 0xf0, 0x0, 0x0,
    0x4d, 0xdd, 0xef, 0xdd, 0xdd, 0xfe, 0xdd, 0xdb,
    0x0, 0x6, 0xd5, 0x5, 0x60, 0x3d, 0x91, 0x0,
    0x28, 0xec, 0xba, 0xac, 0xfa, 0xab, 0xde, 0xc6,
    0x18, 0x11, 0x39, 0xf7, 0xd8, 0x33, 0x58, 0x64,
    0x0, 0x4, 0xce, 0x20, 0x2e, 0x6a, 0xe8, 0x0,
    0x18, 0xed, 0x8d, 0x1, 0x52, 0xde, 0x30, 0x0,
    0x8, 0x40, 0x5e, 0xbf, 0xb0, 0x18, 0xfd, 0xa4,
    0x0, 0x0, 0x5c, 0x61, 0x0, 0x0, 0x4, 0x81,
    0x0, 0x0, 0x0, 0x0, 0x0, 0x0, 0x0, 0x0,

    /* U+8B07 "謇" */
    0x0, 0x0, 0x0, 0x0, 0x0, 0x0, 0x0, 0x0,
    0x0, 0x0, 0x0, 0x0, 0x7d, 0x10, 0x0, 0x0,
    0x0, 0xf, 0xcb, 0xbb, 0xbb, 0xbb, 0xbb, 0xbb,
    0xe6, 0x0, 0xc4, 0x55, 0xb9, 0x55, 0x5e, 0x65,
    0x59, 0x50, 0x0, 0x25, 0x5b, 0x95, 0x55, 0xe6,
    0x54, 0x0, 0x0, 0xa, 0xcc, 0xed, 0xcc, 0xcf,
    0xcc, 0xc3, 0x0, 0x2, 0x22, 0x2a, 0x82, 0x22,
    0xe4, 0x22, 0x22, 0x3, 0xaa, 0xcf, 0xca, 0xab,
    0xaa, 0xfe, 0xaa, 0x90, 0x27, 0xcf, 0x83, 0x37,
    0xe3, 0x34, 0xce, 0xa6, 0x2, 0x83, 0x88, 0x88,
    0x88, 0x88, 0x88, 0x44, 0x40, 0x0, 0xb, 0xbb,
    0xbb, 0xbb, 0xbb, 0xb4, 0x0, 0x0, 0x0, 0x66,
    0x66, 0x66, 0x66, 0x66, 0x20, 0x0, 0x0, 0x5,
    0x55, 0x55, 0x55, 0x55, 0x52, 0x0, 0x0, 0x1,
    0xec, 0xcc, 0xcc, 0xcc, 0xcd, 0x60, 0x0, 0x0,
    0x2f, 0x0, 0x0, 0x0, 0x0, 0x97, 0x0, 0x0,
    0x2, 0xfc, 0xcc, 0xcc, 0xcc, 0xce, 0x70, 0x0,

    /* U+8C73 "豳" */
    0x0, 0x0, 0x0, 0x0, 0x10, 0x0, 0x0, 0x0,
    0x0, 0x0, 0x0, 0x5, 0xc0, 0x0, 0x0, 0x0,
    0x4, 0x5f, 0xff, 0xf8, 0xca, 0xff, 0xf8, 0x40,
    0xf, 0x1, 0xd1, 0x5, 0xc0, 0x69, 0x0, 0xf1,
    0xf, 0x1b, 0x80, 0x25, 0xc2, 0xe0, 0x10, 0xf1,
    0xf, 0xaa, 0xd4, 0xe8, 0xcd, 0xc5, 0xd7, 0xf1,
    0xf, 0x22, 0xff, 0x45, 0xc1, 0xaf, 0x80, 0xf1,
    0xf, 0x1c, 0xa9, 0x15, 0xc4, 0xad, 0x20, 0xf1,
    0xf, 0x96, 0x8f, 0xc5, 0xcb, 0x3f, 0xe3, 0xf1,
    0xf, 0x13, 0xec, 0xbc, 0xc0, 0xbf, 0x6d, 0xf1,
    0xf, 0x3d, 0x4d, 0x28, 0xc6, 0x9d, 0x35, 0xf1,
    0xf, 0x55, 0x2d, 0x5, 0xc8, 0xd, 0x20, 0xf1,
    0xf, 0x29, 0xba, 0x5, 0xc5, 0x9f, 0x0, 0xf1,
    0xf, 0x18, 0x81, 0x5, 0xc4, 0x84, 0x0, 0xf1,
    0xf, 0xff, 0xff, 0xff, 0xff, 0xff, 0xff, 0xf1,
    0x2, 0x22, 0x22, 0x22, 0x22, 0x22, 0x22, 0xf1,

    /* U+8D53 "赓" */
    0x0, 0x0, 0x0, 0x2, 0x20, 0x0, 0x0, 0x0,
    0x0, 0x0, 0x0, 0x7, 0xd0, 0x0, 0x0, 0x0,
    0x3, 0xdd, 0xdd, 0xdd, 0xfd, 0xdd, 0xdd, 0xd6,
    0x4, 0xe1, 0x11, 0x11, 0x84, 0x11, 0x11, 0x10,
    0x4, 0xe1, 0xee, 0xee, 0xfe, 0xee, 0xee, 0x20,
    0x4, 0xe0, 0x0, 0x0, 0xf1, 0x0, 0xe, 0x20,
    0x4, 0xea, 0xff, 0xff, 0xff, 0xff, 0xff, 0xf7,
    0x4, 0xe0, 0x0, 0x9, 0xa0, 0x0, 0xe, 0x20,
    0x4, 0xe1, 0xee, 0xff, 0xee, 0xff, 0xef, 0x20,
    0x5, 0xd0, 0x4, 0xe5, 0x0, 0x3e, 0x61, 0x0,
    0x6, 0xc2, 0xaf, 0xfe, 0xee, 0xef, 0xfc, 0x62,
    0x8, 0xac, 0x9f, 0x20, 0x56, 0x0, 0xf6, 0xc4,
    0xc, 0x70, 0xe, 0x20, 0xa8, 0x0, 0xf0, 0x0,
    0x1f, 0x30, 0xa, 0x23, 0xfb, 0x51, 0xb0, 0x0,
    0x7d, 0x0, 0x25, 0xaf, 0x87, 0xcf, 0xc7, 0x30,
    0x66, 0x3f, 0xfc, 0x82, 0x0, 0x1, 0x6b, 0xf1,
    0x0, 0x2, 0x0, 0x0, 0x0, 0x0, 0x0, 0x0,

    /* U+8E47 "蹇" */
    0x0, 0x0, 0x0, 0x0, 0x10, 0x0, 0x0, 0x0,
    0x0, 0x0, 0x0, 0x0, 0x8c, 0x0, 0x0, 0x0,
    0x0, 0xf, 0xed, 0xdd, 0xdd, 0xdd, 0xdd, 0xdd,
    0xf6, 0x0, 0xf2, 0x11, 0xa6, 0x11, 0x1e, 0x21,
    0x1b, 0x60, 0x2, 0x6b, 0xbe, 0xdb, 0xbb, 0xfb,
    0xbb, 0x10, 0x0, 0x5, 0x66, 0xc9, 0x66, 0x6f,
    0x76, 0x62, 0x0, 0x0, 0x45, 0x5c, 0x95, 0x55,
    0xf6, 0x55, 0x10, 0x4, 0xcc, 0xcc, 0xed, 0xcc,
    0xcf, 0xcc, 0xcc, 0xb0, 0x0, 0x6, 0xd6, 0x0,
    0x0, 0x2c, 0xa2, 0x0, 0x3, 0xae, 0xfe, 0xdd,
    0xdd, 0xdd, 0xdf, 0xec, 0x70, 0x16, 0x1b, 0x60,
    0x0, 0x0, 0x0, 0xf2, 0x44, 0x0, 0x0, 0xad,
    0xdd, 0xde, 0xdd, 0xdf, 0x20, 0x0, 0x0, 0x9,
    0x30, 0x7, 0xb0, 0x0, 0x20, 0x0, 0x0, 0x3,
    0xf7, 0x0, 0x7f, 0xdd, 0xdd, 0xd6, 0x0, 0x1,
    0xd8, 0xda, 0x47, 0xb0, 0x0, 0x0, 0x0, 0x4,
    0xe9, 0x0, 0x7c, 0xef, 0xee, 0xff, 0xff, 0xa0,
    0x14, 0x0, 0x0, 0x0, 0x0, 0x0, 0x0, 0x0,
    0x0,

    /* U+8F94 "辔" */
    0x0, 0x10, 0x0, 0x3, 0x0, 0x0, 0x10, 0x0,
    0x0, 0xd4, 0x0, 0x4e, 0x0, 0x0, 0xb7, 0x0,
    0x8, 0x90, 0x2f, 0xff, 0xff, 0x86, 0xb0, 0x30,
    0x4d, 0x17, 0x92, 0xe0, 0x0, 0x3e, 0x34, 0xe2,
    0x6d, 0xef, 0x2a, 0x78, 0x80, 0x5c, 0xdf, 0x40,
    0x2, 0xe4, 0xe, 0xff, 0xff, 0x71, 0xd7, 0x0,
    0xd, 0x95, 0x50, 0x8, 0x80, 0xb, 0xc5, 0x71,
    0x3f, 0xeb, 0x71, 0x18, 0x81, 0xc, 0xba, 0x81,
    0x1, 0x3, 0x4f, 0xff, 0xff, 0xb1, 0x11, 0x10,
    0x6e, 0xfd, 0x60, 0x8, 0x80, 0xd, 0xee, 0xe6,
    0x23, 0x11, 0x11, 0x16, 0x61, 0x11, 0x11, 0x0,
    0x0, 0xef, 0xff, 0xff, 0xff, 0xff, 0xff, 0x0,
    0x0, 0xe3, 0x0, 0x0, 0x0, 0x0, 0x3f, 0x0,
    0x0, 0xe3, 0x0, 0x0, 0x0, 0x0, 0x3f, 0x0,
    0x0, 0xef, 0xee, 0xee, 0xee, 0xee, 0xff, 0x0,
    0x0, 0xe5, 0x11, 0x11, 0x11, 0x11, 0x4f, 0x0,

    /* U+8FB6 "辶" */
    0x0, 0x10, 0x0, 0x0, 0x0, 0x0, 0x0, 0x0,
    0x0, 0x7d, 0x0, 0x0, 0x0, 0x0, 0x0, 0x0,
    0x0, 0x1, 0xea, 0x0, 0x0, 0x0, 0x0, 0x0,
    0x0, 0x0, 0x4, 0xf6, 0x0, 0x0, 0x0, 0x0,
    0x0, 0x0, 0x0, 0x6, 0x20, 0x0, 0x0, 0x0,
    0x0, 0x0, 0x0, 0x0, 0x0, 0x0, 0x0, 0x0,
    0x0, 0x0, 0x0, 0x6f, 0xfd, 0x0, 0x0, 0x0,
    0x0, 0x0, 0x0, 0x1, 0x49, 0xe0, 0x0, 0x0,
    0x0, 0x0, 0x0, 0x0, 0x0, 0x7e, 0x0, 0x0,
    0x0, 0x0, 0x0, 0x0, 0x0, 0x7, 0xe0, 0x0,
    0x0, 0x0, 0x0, 0x0, 0x0, 0x0, 0x7e, 0x0,
    0x0, 0x0, 0x0, 0x0, 0x0, 0x0, 0x7, 0xe0,
    0x0, 0x0, 0x0, 0x0, 0x0, 0x0, 0x0, 0x7e,
    0x0, 0x0, 0x0, 0x0, 0x0, 0x0, 0x0, 0x5f,
    0xf4, 0x0, 0x0, 0x0, 0x0, 0x0, 0x0, 0x4f,
    0xa8, 0xfb, 0x65, 0x54, 0x55, 0x55, 0x66, 0x3,
    0xb0, 0x5, 0xcf, 0xff, 0xff, 0xff, 0xff, 0xa0,
    0x0, 0x0, 0x0, 0x0, 0x0, 0x0, 0x0, 0x0,
    0x0,

    /* U+8FD3 "迓" */
    0x0, 0x0, 0x0, 0x0, 0x0, 0x0, 0x0, 0x0,
    0xd, 0x40, 0x1, 0x11, 0x11, 0x11, 0x11, 0x10,
    0x6, 0xf2, 0x7f, 0xff, 0xff, 0xff, 0xff, 0xf1,
    0x0, 0xad, 0x4, 0xa0, 0x0, 0xf, 0x40, 0x0,
    0x0, 0x12, 0xa, 0x90, 0x0, 0xf, 0x40, 0x0,
    0x0, 0x0, 0xe, 0x40, 0x0, 0xf, 0x40, 0x0,
    0xce, 0xe4, 0x1f, 0xff, 0xff, 0xff, 0xff, 0xf5,
    0x33, 0xe5, 0x1, 0x11, 0x19, 0xef, 0x51, 0x10,
    0x0, 0xe5, 0x0, 0x0, 0x9e, 0x2f, 0x40, 0x0,
    0x0, 0xe5, 0x0, 0x2c, 0xd2, 0xf, 0x40, 0x0,
    0x0, 0xe5, 0x7, 0xfb, 0x10, 0xf, 0x40, 0x0,
    0x0, 0xe5, 0xbf, 0x60, 0x0, 0x2f, 0x30, 0x0,
    0x0, 0xe5, 0x21, 0x5, 0xfe, 0xfe, 0x10, 0x0,
    0xa, 0xfc, 0x0, 0x1, 0x55, 0x41, 0x0, 0x0,
    0x9e, 0x3c, 0xd6, 0x32, 0x22, 0x22, 0x23, 0x31,
    0xa4, 0x0, 0x8d, 0xff, 0xff, 0xff, 0xff, 0xf2,
    0x0, 0x0, 0x0, 0x0, 0x0, 0x0, 0x0, 0x0,

    /* U+8FD5 "迕" */
    0x0, 0x0, 0x0, 0x11, 0x0, 0x0, 0x0, 0x0,
    0xe, 0x40, 0x0, 0x8c, 0x0, 0x0, 0x0, 0x0,
    0x6, 0xe1, 0x0, 0xd7, 0x0, 0x0, 0x0, 0x0,
    0x0, 0xbc, 0x3, 0xff, 0xff, 0xff, 0xff, 0x60,
    0x0, 0x13, 0xb, 0xa2, 0x2b, 0x92, 0x22, 0x10,
    0x0, 0x0, 0x3f, 0x20, 0xb, 0x80, 0x0, 0x0,
    0xce, 0xe5, 0x5a, 0x0, 0xb, 0x80, 0x0, 0x0,
    0x44, 0xe5, 0x0, 0x0, 0xb, 0x80, 0x0, 0x0,
    0x0, 0xe5, 0xbf, 0xff, 0xff, 0xff, 0xff, 0xf1,
    0x0, 0xe5, 0x22, 0x22, 0x2b, 0x92, 0x22, 0x20,
    0x0, 0xe5, 0x0, 0x0, 0xb, 0x80, 0x0, 0x0,
    0x0, 0xe5, 0x0, 0x0, 0xb, 0x80, 0x0, 0x0,
    0x0, 0xe5, 0x0, 0x0, 0xb, 0x80, 0x0, 0x0,
    0xb, 0xed, 0x0, 0x0, 0x6, 0x40, 0x0, 0x0,
    0xae, 0x1b, 0xd6, 0x32, 0x22, 0x22, 0x33, 0x41,
    0xa3, 0x0, 0x8d, 0xff, 0xff, 0xff, 0xff, 0xf1,
    0x0, 0x0, 0x0, 0x0, 0x0, 0x0, 0x0, 0x0,

    /* U+8FE4 "迤" */
    0x2, 0x0, 0x0, 0x34, 0x0, 0x0, 0x0, 0x0,
    0xe, 0x80, 0x0, 0xd8, 0x0, 0x0, 0x0, 0x0,
    0x4, 0xf4, 0x5, 0xff, 0xff, 0xff, 0xff, 0xf0,
    0x0, 0x9c, 0x1e, 0x73, 0x36, 0x33, 0x33, 0x30,
    0x0, 0x0, 0xbc, 0x20, 0xe, 0x40, 0x0, 0x0,
    0x0, 0x0, 0x55, 0xf0, 0xe, 0x88, 0xbe, 0x20,
    0xbf, 0xf4, 0x27, 0xfc, 0xff, 0xc8, 0x6f, 0x10,
    0x23, 0xf4, 0xbd, 0xf5, 0x2e, 0x40, 0x1f, 0x0,
    0x0, 0xe4, 0x3, 0xf0, 0xe, 0x40, 0x5e, 0x0,
    0x0, 0xe4, 0x3, 0xf0, 0xe, 0x7f, 0xf8, 0x72,
    0x0, 0xe4, 0x3, 0xf0, 0xe, 0x42, 0x10, 0xe4,
    0x0, 0xe4, 0x2, 0xf2, 0x1, 0x0, 0x4, 0xf1,
    0x0, 0xf4, 0x0, 0xaf, 0xff, 0xff, 0xff, 0x70,
    0xb, 0xfb, 0x0, 0x1, 0x22, 0x22, 0x20, 0x0,
    0x9e, 0x3e, 0xb4, 0x22, 0x22, 0x23, 0x33, 0x31,
    0xa4, 0x1, 0x9d, 0xff, 0xff, 0xff, 0xff, 0xf5,
    0x0, 0x0, 0x0, 0x0, 0x0, 0x0, 0x0, 0x0,

    /* U+8FE5 "迥" */
    0xa, 0x20, 0x1, 0x11, 0x11, 0x11, 0x11, 0x0,
    0xa, 0xd0, 0xe, 0xff, 0xff, 0xff, 0xff, 0x40,
    0x1, 0xea, 0xe, 0x30, 0x0, 0x0, 0xd, 0x40,
    0x0, 0x33, 0xe, 0x30, 0x22, 0x22, 0xd, 0x40,
    0x0, 0x0, 0xe, 0x32, 0xfb, 0xbf, 0xd, 0x40,
    0xbf, 0xf4, 0xe, 0x32, 0xe0, 0x1f, 0xd, 0x40,
    0x23, 0xf4, 0xe, 0x32, 0xe0, 0x1f, 0xd, 0x40,
    0x0, 0xe4, 0xe, 0x32, 0xe0, 0x1f, 0xd, 0x40,
    0x0, 0xe4, 0xe, 0x32, 0xfe, 0xef, 0xd, 0x40,
    0x0, 0xe4, 0xe, 0x32, 0xe1, 0x11, 0xd, 0x40,
    0x0, 0xe4, 0xe, 0x30, 0x20, 0x0, 0xd, 0x40,
    0x0, 0xe4, 0xe, 0x30, 0x0, 0x24, 0x5f, 0x30,
    0x7, 0xf8, 0xd, 0x30, 0x0, 0x5e, 0xea, 0x0,
    0x7f, 0x5e, 0xa4, 0x22, 0x21, 0x12, 0x22, 0x31,
    0xa5, 0x2, 0xae, 0xff, 0xff, 0xff, 0xff, 0xf2,
    0x0, 0x0, 0x0, 0x0, 0x0, 0x0, 0x0, 0x0,

    /* U+8FE6 "迦" */
    0x0, 0x0, 0x1, 0x20, 0x0, 0x0, 0x0, 0x0,
    0xc, 0x30, 0x5, 0xc0, 0x0, 0x0, 0x0, 0x0,
    0x8, 0xd0, 0x5, 0xc0, 0x0, 0x4f, 0xff, 0xe0,
    0x0, 0xd5, 0xdf, 0xff, 0xf4, 0x4d, 0x13, 0xe0,
    0x0, 0x0, 0x27, 0xc2, 0xd4, 0x4d, 0x3, 0xe0,
    0x0, 0x0, 0x6, 0xb0, 0xd4, 0x4d, 0x3, 0xe0,
    0xbf, 0xf3, 0x7, 0xa0, 0xd3, 0x4d, 0x3, 0xe0,
    0x23, 0xf4, 0x8, 0x90, 0xe3, 0x4d, 0x3, 0xe0,
    0x0, 0xe4, 0xa, 0x70, 0xe2, 0x4d, 0x3, 0xe0,
    0x0, 0xe4, 0xd, 0x50, 0xf2, 0x4d, 0x3, 0xe0,
    0x0, 0xe4, 0x3f, 0x10, 0xf2, 0x4d, 0x25, 0xe0,
    0x0, 0xe4, 0xc9, 0x2, 0xf1, 0x4f, 0xff, 0xe0,
    0x0, 0xf9, 0xd4, 0xff, 0xa0, 0x4d, 0x3, 0xe0,
    0xa, 0xfb, 0x10, 0x11, 0x0, 0x1, 0x0, 0x10,
    0x8f, 0x4e, 0xb4, 0x22, 0x11, 0x11, 0x22, 0x22,
    0xa5, 0x1, 0x9e, 0xff, 0xff, 0xff, 0xff, 0xf8,
    0x0, 0x0, 0x0, 0x0, 0x0, 0x0, 0x0, 0x0,

    /* U+8FE8 "迨" */
    0x0, 0x0, 0x0, 0x0, 0x25, 0x0, 0x0, 0x0,
    0xb, 0x90, 0x0, 0x0, 0xcb, 0x0, 0x0, 0x0,
    0x4, 0xf5, 0x0, 0x6, 0xe1, 0x4, 0xb0, 0x0,
    0x0, 0x9e, 0x0, 0x3f, 0x40, 0x0, 0xd7, 0x0,
    0x0, 0x4, 0x2, 0xe7, 0x0, 0x0, 0x4f, 0x20,
    0x0, 0x0, 0x2e, 0xfd, 0xde, 0xef, 0xff, 0xc0,
    0xbf, 0xf4, 0x9, 0x76, 0x43, 0x21, 0x1, 0xf6,
    0x46, 0xf4, 0x0, 0x0, 0x0, 0x0, 0x0, 0x52,
    0x0, 0xe4, 0x1, 0xff, 0xff, 0xff, 0xff, 0x20,
    0x0, 0xe4, 0x1, 0xf1, 0x0, 0x0, 0xf, 0x20,
    0x0, 0xe4, 0x1, 0xf1, 0x0, 0x0, 0xf, 0x20,
    0x0, 0xe4, 0x1, 0xf3, 0x22, 0x22, 0x2f, 0x20,
    0x0, 0xe4, 0x1, 0xfe, 0xee, 0xee, 0xef, 0x20,
    0x8, 0xf9, 0x0, 0x60, 0x0, 0x0, 0x6, 0x0,
    0x8e, 0x4e, 0xa4, 0x22, 0x21, 0x11, 0x22, 0x21,
    0xa4, 0x2, 0xae, 0xff, 0xff, 0xff, 0xff, 0xf5,
    0x0, 0x0, 0x0, 0x0, 0x0, 0x0, 0x0, 0x0,

    /* U+8FE9 "迩" */
    0x0, 0x0, 0x0, 0x0, 0x0, 0x0, 0x0, 0x0,
    0xb, 0x20, 0x0, 0x1e, 0x10, 0x0, 0x0, 0x0,
    0x8, 0xd1, 0x0, 0xac, 0x44, 0x44, 0x44, 0x30,
    0x0, 0xab, 0x6, 0xfd, 0xdd, 0xdd, 0xde, 0xb0,
    0x0, 0x3, 0x5f, 0x50, 0x9, 0x30, 0xd, 0x50,
    0x0, 0x0, 0xe6, 0x0, 0xe, 0x40, 0x4a, 0x0,
    0xcf, 0xf5, 0x0, 0x36, 0xe, 0x44, 0x50, 0x0,
    0x23, 0xe5, 0x0, 0xc7, 0xe, 0x45, 0xf1, 0x0,
    0x0, 0xd5, 0x5, 0xe0, 0xe, 0x40, 0xac, 0x0,
    0x0, 0xd5, 0x1e, 0x50, 0xe, 0x40, 0x1e, 0x60,
    0x0, 0xd5, 0xba, 0x0, 0xe, 0x40, 0x6, 0xf1,
    0x0, 0xd5, 0x71, 0x0, 0xf, 0x40, 0x0, 0x60,
    0x1, 0xe5, 0x0, 0x8f, 0xff, 0x10, 0x0, 0x0,
    0xc, 0xfd, 0x10, 0x13, 0x31, 0x0, 0x0, 0x0,
    0xae, 0x2c, 0xd6, 0x32, 0x22, 0x22, 0x33, 0x31,
    0xa3, 0x0, 0x8d, 0xff, 0xff, 0xff, 0xff, 0xf1,
    0x0, 0x0, 0x0, 0x0, 0x0, 0x0, 0x0, 0x0,

    /* U+8FEE "迮" */
    0x0, 0x0, 0x0, 0x0, 0x0, 0x0, 0x0, 0x0,
    0xa, 0x40, 0x0, 0x6d, 0x0, 0x0, 0x0, 0x0,
    0x8, 0xe1, 0x0, 0xc9, 0x22, 0x22, 0x22, 0x20,
    0x0, 0xcb, 0x4, 0xff, 0xff, 0xff, 0xff, 0xf2,
    0x0, 0x26, 0xc, 0x90, 0xf2, 0x0, 0x0, 0x0,
    0x0, 0x0, 0x6f, 0x10, 0xf2, 0x0, 0x0, 0x0,
    0xbe, 0xe5, 0xf6, 0x0, 0xfe, 0xee, 0xee, 0x90,
    0x23, 0xf4, 0x20, 0x0, 0xf4, 0x33, 0x33, 0x20,
    0x0, 0xe4, 0x0, 0x0, 0xf2, 0x0, 0x0, 0x0,
    0x0, 0xe4, 0x0, 0x0, 0xf4, 0x22, 0x22, 0x10,
    0x0, 0xe4, 0x0, 0x0, 0xff, 0xff, 0xff, 0xc0,
    0x0, 0xe4, 0x0, 0x0, 0xf2, 0x0, 0x0, 0x0,
    0x0, 0xf4, 0x0, 0x0, 0xf2, 0x0, 0x0, 0x0,
    0x9, 0xfa, 0x0, 0x0, 0xe1, 0x0, 0x0, 0x0,
    0x8e, 0x3e, 0xb4, 0x22, 0x22, 0x22, 0x22, 0x21,
    0xa4, 0x1, 0x9e, 0xff, 0xff, 0xff, 0xff, 0xf6,
    0x0, 0x0, 0x0, 0x0, 0x0, 0x0, 0x0, 0x0,

    /* U+8FF3 "迳" */
    0x7, 0x20, 0x1, 0x44, 0x44, 0x44, 0x42, 0x0,
    0xa, 0xd0, 0x4, 0xdd, 0xdd, 0xdd, 0xf7, 0x0,
    0x0, 0xea, 0x0, 0x0, 0x0, 0xa, 0xd1, 0x0,
    0x0, 0x48, 0x0, 0x0, 0x3, 0xcb, 0x10, 0x0,
    0x0, 0x0, 0x0, 0x2, 0x9f, 0xdd, 0x60, 0x0,
    0x8a, 0xa2, 0x5, 0xaf, 0x91, 0x5, 0xde, 0x60,
    0x57, 0xf4, 0x8e, 0x82, 0x0, 0x0, 0x6, 0xe5,
    0x0, 0xe4, 0x0, 0xff, 0xff, 0xff, 0xff, 0x0,
    0x0, 0xe4, 0x0, 0x22, 0x2a, 0xa2, 0x21, 0x0,
    0x0, 0xe4, 0x0, 0x0, 0x9, 0x90, 0x0, 0x0,
    0x0, 0xe4, 0x1, 0x11, 0x1a, 0xa1, 0x11, 0x10,
    0x0, 0xf4, 0x1f, 0xff, 0xff, 0xff, 0xff, 0xf0,
    0xa, 0xfa, 0x1, 0x11, 0x11, 0x11, 0x11, 0x10,
    0x8f, 0x4e, 0xb4, 0x22, 0x11, 0x12, 0x22, 0x21,
    0xa5, 0x2, 0xae, 0xff, 0xff, 0xff, 0xff, 0xf6,
    0x0, 0x0, 0x0, 0x0, 0x0, 0x0, 0x0, 0x0,

    /* U+9004 "逄" */
    0x0, 0x0, 0x0, 0x2, 0x0, 0x0, 0x0, 0x0,
    0xa, 0x60, 0x0, 0x1e, 0x70, 0x0, 0x0, 0x0,
    0x5, 0xf2, 0x0, 0xaf, 0xff, 0xff, 0xfe, 0x0,
    0x0, 0xac, 0x7, 0xfe, 0x31, 0x14, 0xe7, 0x0,
    0x0, 0x13, 0x4f, 0x38, 0xe4, 0x7f, 0x70, 0x0,
    0x0, 0x0, 0x3, 0x1, 0xcf, 0xf9, 0x10, 0x0,
    0x9c, 0xc3, 0x49, 0xcf, 0xb5, 0x7d, 0xfd, 0xb3,
    0x56, 0xf4, 0x68, 0x51, 0xa, 0x80, 0x14, 0x70,
    0x0, 0xe4, 0xa, 0xaa, 0xae, 0xda, 0xaa, 0x60,
    0x0, 0xe4, 0x7, 0x86, 0x6c, 0xb6, 0x66, 0x30,
    0x0, 0xe4, 0x9, 0x90, 0xa, 0x80, 0x0, 0x0,
    0x0, 0xe4, 0xd, 0xca, 0xae, 0xda, 0xaa, 0x70,
    0x0, 0xf4, 0x4, 0x55, 0x5c, 0xb5, 0x55, 0x30,
    0xa, 0xfa, 0x0, 0x0, 0xa, 0x80, 0x0, 0x0,
    0x8e, 0x2d, 0xb4, 0x22, 0x23, 0x31, 0x22, 0x21,
    0xa4, 0x1, 0x9e, 0xff, 0xff, 0xff, 0xff, 0xf5,
    0x0, 0x0, 0x0, 0x0, 0x0, 0x0, 0x0, 0x0,

    /* U+9005 "逅" */
    0x8, 0x60, 0x0, 0x23, 0x44, 0x67, 0x9b, 0x60,
    0x7, 0xf2, 0x5, 0xfe, 0xdd, 0xcb, 0x98, 0x50,
    0x0, 0xdd, 0x5, 0xd0, 0x0, 0x0, 0x0, 0x0,
    0x0, 0x3b, 0x15, 0xe2, 0x22, 0x22, 0x22, 0x21,
    0x0, 0x0, 0x5, 0xff, 0xff, 0xff, 0xff, 0xfa,
    0x68, 0x82, 0x5, 0xd0, 0x0, 0x0, 0x0, 0x0,
    0x8a, 0xf4, 0x6, 0xc1, 0x33, 0x33, 0x33, 0x0,
    0x0, 0xe4, 0x7, 0xb7, 0xfe, 0xee, 0xef, 0x30,
    0x0, 0xe4, 0xa, 0x97, 0x90, 0x0, 0xe, 0x30,
    0x0, 0xe4, 0xf, 0x57, 0x90, 0x0, 0xe, 0x30,
    0x0, 0xe4, 0x7f, 0x7, 0xa2, 0x22, 0x2e, 0x30,
    0x0, 0xe4, 0xe7, 0x7, 0xff, 0xff, 0xff, 0x30,
    0x8, 0xf8, 0x20, 0x7, 0x90, 0x0, 0xe, 0x30,
    0x7f, 0x5e, 0xa4, 0x22, 0x11, 0x11, 0x22, 0x22,
    0xa5, 0x2, 0xae, 0xff, 0xff, 0xff, 0xff, 0xf8,
    0x0, 0x0, 0x0, 0x0, 0x0, 0x0, 0x0, 0x0,

    /* U+900B "逋" */
    0x0, 0x0, 0x0, 0x0, 0x0, 0x0, 0x0, 0x0,
    0x7, 0x0, 0x0, 0x0, 0xf, 0x27, 0xb0, 0x0,
    0x1d, 0x80, 0x12, 0x22, 0x2f, 0x33, 0xe6, 0x20,
    0x3, 0xf4, 0xae, 0xee, 0xef, 0xee, 0xee, 0xe2,
    0x0, 0x42, 0x0, 0x0, 0xf, 0x20, 0x0, 0x0,
    0x0, 0x0, 0xf, 0xff, 0xff, 0xff, 0xff, 0x40,
    0x8c, 0xc3, 0xf, 0x21, 0x1f, 0x31, 0x1d, 0x40,
    0x79, 0xf4, 0xf, 0x21, 0x1f, 0x31, 0x1d, 0x40,
    0x0, 0xe4, 0xf, 0xee, 0xef, 0xee, 0xef, 0x40,
    0x0, 0xe4, 0xf, 0x10, 0xf, 0x20, 0xd, 0x40,
    0x0, 0xe4, 0xf, 0xff, 0xff, 0xff, 0xff, 0x40,
    0x0, 0xe4, 0xf, 0x20, 0xf, 0x20, 0xd, 0x40,
    0x0, 0xe4, 0xf, 0x10, 0xf, 0x22, 0x2f, 0x30,
    0x8, 0xf9, 0xe, 0x10, 0xd, 0x3f, 0xfc, 0x0,
    0x8f, 0x3d, 0xb4, 0x22, 0x22, 0x22, 0x22, 0x31,
    0x94, 0x1, 0x9d, 0xff, 0xff, 0xff, 0xff, 0xf2,
    0x0, 0x0, 0x0, 0x0, 0x0, 0x0, 0x0, 0x0,

    /* U+900D "逍" */
    0x0, 0x0, 0x0, 0x0, 0x2, 0x50, 0x0, 0x0,
    0xb, 0x90, 0x2, 0xe2, 0x5, 0xd0, 0xd, 0x40,
    0x4, 0xf5, 0x0, 0x8d, 0x15, 0xd0, 0xba, 0x0,
    0x0, 0x9f, 0x10, 0x8, 0x15, 0xd1, 0x90, 0x0,
    0x0, 0x4, 0x3, 0xcc, 0xcd, 0xfc, 0xcc, 0x30,
    0x0, 0x0, 0x4, 0xe4, 0x44, 0x44, 0x4e, 0x40,
    0xad, 0xd3, 0x4, 0xe0, 0x0, 0x0, 0xe, 0x40,
    0x46, 0xf4, 0x4, 0xff, 0xff, 0xff, 0xff, 0x40,
    0x0, 0xe4, 0x4, 0xe0, 0x0, 0x0, 0xe, 0x40,
    0x0, 0xe4, 0x4, 0xe1, 0x11, 0x11, 0x1e, 0x40,
    0x0, 0xe4, 0x4, 0xfe, 0xee, 0xee, 0xef, 0x40,
    0x0, 0xe4, 0x4, 0xe0, 0x0, 0x0, 0xe, 0x40,
    0x0, 0xe4, 0x4, 0xe0, 0x0, 0x25, 0x5f, 0x30,
    0x7, 0xf8, 0x4, 0xd0, 0x0, 0x4d, 0xd9, 0x0,
    0x7f, 0x5f, 0xa4, 0x22, 0x11, 0x11, 0x22, 0x21,
    0xa5, 0x2, 0xae, 0xff, 0xff, 0xff, 0xff, 0xf2,
    0x0, 0x0, 0x0, 0x0, 0x0, 0x0, 0x0, 0x0,

    /* U+9011 "逑" */
    0x0, 0x0, 0x0, 0x0, 0x1, 0x0, 0x0, 0x0,
    0x1a, 0x0, 0x0, 0x0, 0xf, 0x28, 0x80, 0x0,
    0xd, 0xa0, 0x0, 0x0, 0xf, 0x20, 0x88, 0x0,
    0x3, 0xf4, 0xaf, 0xff, 0xff, 0xff, 0xff, 0xf0,
    0x0, 0x20, 0x12, 0x11, 0x1f, 0x41, 0x11, 0x10,
    0x0, 0x0, 0x3e, 0x10, 0xf, 0x20, 0xb, 0x60,
    0xbe, 0xe3, 0xb, 0xb0, 0xf, 0x20, 0xbc, 0x10,
    0x23, 0xf4, 0x1, 0xf4, 0xf, 0x33, 0xb1, 0x0,
    0x0, 0xe4, 0x0, 0x12, 0x8f, 0xca, 0x0, 0x0,
    0x0, 0xe4, 0x0, 0x6f, 0xaf, 0x5e, 0xc1, 0x0,
    0x0, 0xe4, 0x2c, 0xf5, 0xf, 0x21, 0xdd, 0x20,
    0x0, 0xe4, 0xcc, 0x20, 0xf, 0x20, 0x1c, 0xe0,
    0x0, 0xe4, 0x10, 0x34, 0x7f, 0x10, 0x0, 0x40,
    0x8, 0xf8, 0x0, 0x9e, 0xe7, 0x0, 0x0, 0x0,
    0x8f, 0x5f, 0x94, 0x22, 0x11, 0x11, 0x22, 0x21,
    0xa4, 0x2, 0xae, 0xff, 0xff, 0xff, 0xff, 0xf5,
    0x0, 0x0, 0x0, 0x0, 0x0, 0x0, 0x0, 0x0,

    /* U+9016 "逖" */
    0x2, 0x0, 0x30, 0x2, 0x0, 0x6, 0x20, 0x0,
    0xd, 0x70, 0xa9, 0x3e, 0x20, 0xc, 0x40, 0x0,
    0x3, 0xf4, 0x1e, 0xe3, 0x52, 0xc, 0x40, 0x51,
    0x0, 0x30, 0x5e, 0xc0, 0x8a, 0xd, 0x31, 0xf2,
    0x0, 0x3, 0xd3, 0xe2, 0x1f, 0x1e, 0x39, 0x90,
    0xcf, 0xf2, 0x0, 0xd7, 0x9, 0x3f, 0x2b, 0x10,
    0x11, 0xe2, 0x9, 0xea, 0x0, 0x2f, 0x30, 0x0,
    0x0, 0xe2, 0x7d, 0x5d, 0x0, 0x6d, 0xd0, 0x0,
    0x0, 0xe5, 0xe2, 0x3e, 0x0, 0xc5, 0xb7, 0x0,
    0x0, 0xe2, 0x10, 0x2e, 0x6, 0xc0, 0x2f, 0x20,
    0x0, 0xe2, 0x0, 0x6c, 0x5e, 0x20, 0x9, 0xc0,
    0x1, 0xf3, 0x7f, 0xf7, 0xf4, 0x0, 0x1, 0xd1,
    0xb, 0xfb, 0x13, 0x10, 0x20, 0x0, 0x0, 0x0,
    0x8e, 0x2e, 0xb4, 0x21, 0x11, 0x11, 0x12, 0x21,
    0xa3, 0x1, 0xae, 0xff, 0xff, 0xff, 0xff, 0xf5,
    0x0, 0x0, 0x0, 0x0, 0x0, 0x0, 0x0, 0x0,

    /* U+9021 "逡" */
    0x0, 0x0, 0x0, 0x0, 0x0, 0x0, 0x0, 0x0,
    0x17, 0x0, 0x0, 0x0, 0x9d, 0x0, 0x0, 0x0,
    0x1e, 0x70, 0x0, 0x1c, 0xc2, 0x9, 0x90, 0x0,
    0x6, 0xf2, 0x7, 0xe9, 0x22, 0x24, 0xdd, 0x20,
    0x0, 0x92, 0x3f, 0xff, 0xee, 0xdd, 0xcc, 0xf2,
    0x0, 0x0, 0x2, 0x5a, 0x0, 0xa, 0x60, 0x30,
    0x68, 0x82, 0x3b, 0xe4, 0x20, 0x4, 0xce, 0x60,
    0x79, 0xf4, 0xb8, 0x8, 0xd2, 0x11, 0x16, 0xb0,
    0x0, 0xe4, 0x0, 0x7f, 0xff, 0xff, 0xf6, 0x0,
    0x0, 0xe4, 0xa, 0xe3, 0x0, 0x6, 0xe1, 0x0,
    0x0, 0xe4, 0x6c, 0x1b, 0xe7, 0x7f, 0x40, 0x0,
    0x0, 0xe4, 0x0, 0x0, 0xaf, 0xfb, 0x10, 0x0,
    0x0, 0xe4, 0x15, 0x9e, 0xf8, 0x5d, 0xf9, 0x10,
    0x7, 0xf7, 0x5f, 0xb6, 0x0, 0x0, 0x6d, 0x50,
    0x8f, 0x6f, 0x94, 0x22, 0x11, 0x11, 0x22, 0x31,
    0xa5, 0x2, 0xae, 0xff, 0xff, 0xff, 0xff, 0xf5,
    0x0, 0x0, 0x0, 0x0, 0x0, 0x0, 0x0, 0x0,

    /* U+9026 "逦" */
    0x7, 0x0, 0x33, 0x33, 0x33, 0x33, 0x33, 0x31,
    0xd, 0x90, 0xce, 0xee, 0xee, 0xee, 0xee, 0xe4,
    0x2, 0xe5, 0x0, 0x0, 0x0, 0x0, 0x0, 0x0,
    0x0, 0x20, 0x5c, 0xcc, 0xb0, 0x9c, 0xcc, 0x90,
    0x0, 0x0, 0x7a, 0x33, 0xf0, 0xc6, 0x36, 0xc0,
    0xae, 0xe2, 0x79, 0x60, 0xf0, 0xc6, 0x64, 0xc0,
    0x23, 0xf3, 0x79, 0xe1, 0xf0, 0xc6, 0xd4, 0xc0,
    0x0, 0xe3, 0x79, 0xa4, 0xf0, 0xc4, 0xe5, 0xc0,
    0x0, 0xe3, 0x79, 0x76, 0xf0, 0xc4, 0x96, 0xc0,
    0x0, 0xe3, 0x79, 0x0, 0xf0, 0xc4, 0x4, 0xc0,
    0x0, 0xe3, 0x79, 0x1, 0xf0, 0xc4, 0x5, 0xc0,
    0x0, 0xf3, 0x79, 0xce, 0xc0, 0xc8, 0xcf, 0x90,
    0xa, 0xfb, 0x22, 0x33, 0x0, 0x32, 0x54, 0x0,
    0x9e, 0x3d, 0xc5, 0x22, 0x22, 0x22, 0x22, 0x31,
    0x84, 0x1, 0x9d, 0xff, 0xff, 0xff, 0xff, 0xf2,
    0x0, 0x0, 0x0, 0x0, 0x0, 0x0, 0x0, 0x0,

    /* U+902D "逭" */
    0x0, 0x0, 0x0, 0x0, 0x3, 0x0, 0x0, 0x0,
    0x2d, 0x10, 0x0, 0x0, 0xc, 0x80, 0x0, 0x0,
    0xc, 0xb0, 0x4f, 0xff, 0xff, 0xff, 0xff, 0xf5,
    0x3, 0xf5, 0x4d, 0x11, 0x11, 0x11, 0x11, 0xd5,
    0x0, 0x30, 0x16, 0xaa, 0xaa, 0xaa, 0xaa, 0x41,
    0x0, 0x0, 0x4, 0xe5, 0x55, 0x55, 0x5f, 0x10,
    0xbe, 0xe3, 0x4, 0xe2, 0x22, 0x22, 0x3f, 0x10,
    0x23, 0xf4, 0x4, 0xff, 0xff, 0xff, 0xff, 0x10,
    0x0, 0xe4, 0x4, 0xd0, 0x0, 0x0, 0x6, 0x0,
    0x0, 0xe4, 0x4, 0xff, 0xff, 0xff, 0xff, 0x60,
    0x0, 0xe4, 0x4, 0xd0, 0x0, 0x0, 0xb, 0x70,
    0x0, 0xe4, 0x4, 0xd0, 0x0, 0x0, 0xb, 0x70,
    0x0, 0xf4, 0x4, 0xff, 0xff, 0xff, 0xff, 0x70,
    0xb, 0xea, 0x2, 0x90, 0x0, 0x0, 0x6, 0x30,
    0x9d, 0x1d, 0xb4, 0x22, 0x11, 0x11, 0x22, 0x21,
    0xa3, 0x1, 0x9e, 0xff, 0xff, 0xff, 0xff, 0xf5,
    0x0, 0x0, 0x0, 0x0, 0x0, 0x0, 0x0, 0x0,

    /* U+902F "逯" */
    0x5, 0x0, 0x3, 0x33, 0x33, 0x33, 0x32, 0x0,
    0xb, 0x90, 0x9, 0xbb, 0xbb, 0xbb, 0xd9, 0x0,
    0x2, 0xf3, 0x0, 0x11, 0x11, 0x11, 0xa8, 0x0,
    0x0, 0x63, 0x8, 0xdd, 0xdd, 0xdd, 0xf7, 0x0,
    0x0, 0x0, 0x34, 0x44, 0x44, 0x44, 0xd8, 0x40,
    0xbe, 0xe3, 0x79, 0x88, 0x8f, 0xa8, 0x89, 0x81,
    0x23, 0xf3, 0x9, 0x90, 0xe, 0x40, 0x2e, 0x20,
    0x0, 0xe3, 0x1, 0xe7, 0xe, 0x41, 0xe8, 0x0,
    0x0, 0xe3, 0x0, 0x33, 0x6e, 0x94, 0x50, 0x0,
    0x0, 0xe3, 0x1, 0x8f, 0xcf, 0xbf, 0xb3, 0x0,
    0x0, 0xe3, 0x9f, 0xb4, 0xe, 0x41, 0x9f, 0xb0,
    0x0, 0xf3, 0x43, 0x24, 0x5f, 0x30, 0x2, 0x60,
    0x9, 0xf9, 0x0, 0x6f, 0xe9, 0x0, 0x0, 0x0,
    0x7e, 0x3e, 0xa3, 0x22, 0x11, 0x11, 0x22, 0x21,
    0xb4, 0x2, 0xae, 0xff, 0xff, 0xff, 0xff, 0xf2,
    0x0, 0x0, 0x0, 0x0, 0x0, 0x0, 0x0, 0x0,

    /* U+9035 "逵" */
    0x0, 0x0, 0x0, 0x0, 0x2, 0x10, 0x0, 0x0,
    0x7, 0x10, 0x0, 0x0, 0xb, 0x70, 0x0, 0x0,
    0xa, 0xb0, 0x1, 0x22, 0x2b, 0x82, 0x22, 0x0,
    0x1, 0xe5, 0x7, 0xee, 0xef, 0xfe, 0xee, 0x40,
    0x0, 0x43, 0x0, 0x0, 0xb, 0x70, 0x0, 0x0,
    0x0, 0x0, 0x4d, 0xdd, 0xdf, 0xed, 0xdd, 0xd1,
    0xbe, 0xe3, 0x0, 0x27, 0x0, 0x4, 0x50, 0x0,
    0x23, 0xf3, 0x5, 0xe9, 0x7, 0x44, 0xeb, 0x20,
    0x0, 0xe3, 0x6f, 0x60, 0xb, 0x70, 0x9, 0xe0,
    0x0, 0xe3, 0x12, 0xce, 0xef, 0xfe, 0xe7, 0x0,
    0x0, 0xe3, 0x0, 0x11, 0x1b, 0x81, 0x10, 0x0,
    0x0, 0xe3, 0x0, 0x0, 0xb, 0x70, 0x0, 0x0,
    0x0, 0xf3, 0x5f, 0xff, 0xff, 0xff, 0xff, 0xf1,
    0xa, 0xfa, 0x1, 0x11, 0x11, 0x11, 0x11, 0x10,
    0x7e, 0x3e, 0xa4, 0x22, 0x11, 0x11, 0x22, 0x21,
    0xb4, 0x2, 0xae, 0xff, 0xff, 0xff, 0xff, 0xf5,
    0x0, 0x0, 0x0, 0x0, 0x0, 0x0, 0x0, 0x0,

    /* U+9036 "逶" */
    0x7, 0x0, 0x1, 0x22, 0x23, 0x44, 0x56, 0x0,
    0xd, 0xa0, 0xe, 0xfe, 0xef, 0xdc, 0xba, 0x10,
    0x2, 0xf6, 0x0, 0x0, 0xe, 0x30, 0x0, 0x0,
    0x0, 0x41, 0xcf, 0xff, 0xff, 0xff, 0xff, 0xf3,
    0x0, 0x0, 0x0, 0x5, 0xdf, 0xda, 0x30, 0x0,
    0xae, 0xe3, 0x5, 0xbc, 0x1e, 0x36, 0xeb, 0x40,
    0x23, 0xf4, 0xce, 0x64, 0x6e, 0x30, 0x1a, 0xf2,
    0x0, 0xe4, 0x32, 0x1b, 0xb2, 0x11, 0x11, 0x50,
    0x0, 0xe4, 0xff, 0xff, 0xff, 0xff, 0xff, 0xf4,
    0x0, 0xe4, 0x1, 0xe5, 0x0, 0xd, 0x60, 0x0,
    0x0, 0xe4, 0x2, 0x9e, 0xb6, 0xbb, 0x0, 0x0,
    0x0, 0xe4, 0x0, 0x4, 0xdf, 0xfc, 0x61, 0x0,
    0x6, 0xf7, 0x3d, 0xfe, 0x92, 0x16, 0xcf, 0x80,
    0x7f, 0x7e, 0xaa, 0x42, 0x22, 0x22, 0x25, 0x41,
    0x95, 0x1, 0x9e, 0xff, 0xff, 0xff, 0xff, 0xf3,
    0x0, 0x0, 0x0, 0x0, 0x0, 0x0, 0x0, 0x0,

    /* U+9044 "遄" */
    0x0, 0x0, 0x0, 0x0, 0x3, 0x10, 0x0, 0x0,
    0xa, 0x20, 0x4, 0x30, 0xd, 0x40, 0x7, 0x0,
    0x9, 0xd0, 0x9, 0x90, 0xd, 0x40, 0x2f, 0x0,
    0x1, 0xe7, 0x9, 0xa4, 0x4e, 0x74, 0x5f, 0x0,
    0x0, 0x31, 0x6, 0xbb, 0xbb, 0xbb, 0xcf, 0x0,
    0x0, 0x0, 0x0, 0x0, 0x0, 0x0, 0x14, 0x0,
    0x8a, 0xa2, 0x8f, 0xff, 0xff, 0xff, 0xff, 0xf1,
    0x56, 0xf3, 0x0, 0x0, 0xb7, 0x0, 0x0, 0x0,
    0x0, 0xe3, 0xe, 0xff, 0xff, 0xff, 0xff, 0x70,
    0x0, 0xe3, 0xf, 0x33, 0xe0, 0x89, 0xa, 0x70,
    0x0, 0xe3, 0xf, 0x23, 0xe0, 0x89, 0xa, 0x70,
    0x0, 0xe3, 0xf, 0x23, 0xe0, 0x89, 0xa, 0x70,
    0x0, 0xe3, 0xf, 0x22, 0xd0, 0x7a, 0x4d, 0x60,
    0x9, 0xfb, 0xd, 0x20, 0x0, 0x6, 0xda, 0x0,
    0x9f, 0x3d, 0xd5, 0x32, 0x22, 0x22, 0x23, 0x31,
    0xa4, 0x0, 0x8d, 0xff, 0xff, 0xff, 0xff, 0xf3,
    0x0, 0x0, 0x0, 0x0, 0x0, 0x0, 0x0, 0x0,

    /* U+9050 "遐" */
    0x3, 0x30, 0x3, 0x33, 0x30, 0x33, 0x33, 0x30,
    0x9, 0xd0, 0x3f, 0xcc, 0xf4, 0xcc, 0xcc, 0xe0,
    0x1, 0xe7, 0x3f, 0x0, 0xd4, 0x0, 0x3, 0xe0,
    0x0, 0x67, 0x3f, 0x0, 0xd4, 0x0, 0x3, 0xe0,
    0x0, 0x0, 0x3f, 0xff, 0xf4, 0xff, 0xff, 0xe0,
    0x59, 0x92, 0x3f, 0x0, 0xa3, 0x0, 0x2, 0xa0,
    0x5a, 0xf4, 0x3f, 0x0, 0x1, 0x77, 0x77, 0x70,
    0x0, 0xe4, 0x3f, 0xff, 0xf3, 0x88, 0x8a, 0xf0,
    0x0, 0xe4, 0x3f, 0x0, 0x2, 0xb3, 0xa, 0x90,
    0x0, 0xe4, 0x3f, 0xcc, 0xc3, 0x5e, 0xce, 0x10,
    0x0, 0xe4, 0x3f, 0x44, 0x41, 0xb, 0xfd, 0x10,
    0x0, 0xe4, 0x3f, 0x0, 0x5, 0xde, 0x5d, 0xc1,
    0x7, 0xf9, 0x3f, 0x0, 0x3f, 0xa1, 0x1, 0xb2,
    0x7f, 0x6e, 0xc7, 0x22, 0x23, 0x22, 0x22, 0x22,
    0x86, 0x1, 0x9d, 0xff, 0xff, 0xff, 0xff, 0xf9,
    0x0, 0x0, 0x0, 0x0, 0x0, 0x0, 0x0, 0x0,

    /* U+9051 "遑" */
    0x0, 0x0, 0x0, 0x0, 0x22, 0x0, 0x0, 0x0,
    0x1a, 0x0, 0x0, 0x0, 0xb9, 0x0, 0x0, 0x0,
    0xd, 0x80, 0xf, 0xff, 0xff, 0xff, 0xff, 0x20,
    0x4, 0xf3, 0xf, 0x20, 0x0, 0x0, 0xf, 0x20,
    0x0, 0x50, 0xf, 0xff, 0xff, 0xff, 0xff, 0x20,
    0x0, 0x0, 0xf, 0x20, 0x0, 0x0, 0xf, 0x20,
    0x9b, 0xb3, 0xf, 0xff, 0xff, 0xff, 0xff, 0x20,
    0x45, 0xf4, 0x7, 0x10, 0x0, 0x0, 0x7, 0x0,
    0x0, 0xe4, 0x4e, 0xee, 0xee, 0xee, 0xee, 0x50,
    0x0, 0xe4, 0x0, 0x0, 0x1f, 0x20, 0x0, 0x0,
    0x0, 0xe4, 0xa, 0xdd, 0xdf, 0xdd, 0xdd, 0x0,
    0x0, 0xe4, 0x1, 0x11, 0x2f, 0x31, 0x11, 0x0,
    0x1, 0xf4, 0xac, 0xcc, 0xcf, 0xcc, 0xcc, 0xc2,
    0xc, 0xfb, 0x34, 0x44, 0x44, 0x44, 0x44, 0x40,
    0x9e, 0x2e, 0xb4, 0x22, 0x11, 0x11, 0x22, 0x21,
    0xa3, 0x1, 0xae, 0xff, 0xff, 0xff, 0xff, 0xf2,
    0x0, 0x0, 0x0, 0x0, 0x0, 0x0, 0x0, 0x0,

    /* U+9052 "遒" */
    0x0, 0x0, 0x0, 0x0, 0x0, 0x0, 0x0, 0x0,
    0x7, 0x0, 0x0, 0xd, 0x40, 0x0, 0xc6, 0x0,
    0xd, 0xa0, 0x0, 0x5, 0xc0, 0x7, 0xd1, 0x0,
    0x2, 0xf7, 0x3f, 0xff, 0xff, 0xff, 0xff, 0xfa,
    0x0, 0x53, 0x0, 0x0, 0x97, 0xf, 0x10, 0x0,
    0x0, 0x0, 0x6, 0xee, 0xff, 0xef, 0xee, 0xc0,
    0x8b, 0xb3, 0x7, 0xa0, 0xb5, 0xf, 0x14, 0xd0,
    0x69, 0xf4, 0x7, 0xa1, 0xf1, 0xf, 0x34, 0xd0,
    0x0, 0xe4, 0x7, 0xbd, 0x90, 0x8, 0xef, 0xd0,
    0x0, 0xe4, 0x7, 0xa7, 0x0, 0x0, 0x4, 0xd0,
    0x0, 0xe4, 0x7, 0xfe, 0xee, 0xee, 0xee, 0xd0,
    0x0, 0xe4, 0x7, 0xa0, 0x0, 0x0, 0x4, 0xd0,
    0x0, 0xe4, 0x7, 0xfe, 0xee, 0xee, 0xee, 0xd0,
    0x9, 0xf9, 0x4, 0x60, 0x0, 0x0, 0x2, 0x80,
    0x8f, 0x4d, 0xc5, 0x22, 0x22, 0x22, 0x22, 0x22,
    0x95, 0x1, 0x8d, 0xff, 0xff, 0xff, 0xff, 0xf9,
    0x0, 0x0, 0x0, 0x0, 0x0, 0x0, 0x0, 0x0,

    /* U+9058 "遘" */
    0x0, 0x0, 0x0, 0x2, 0x0, 0x2, 0x0, 0x0,
    0xb, 0x0, 0x0, 0xd, 0x20, 0xf, 0x0, 0x0,
    0xb, 0x80, 0x9e, 0xef, 0xee, 0xef, 0xee, 0xe1,
    0x3, 0xf1, 0x0, 0xd, 0x20, 0xf, 0x0, 0x0,
    0x0, 0x61, 0xd, 0xdf, 0xdd, 0xdf, 0xdd, 0x70,
    0x0, 0x0, 0x66, 0x6e, 0x76, 0x6f, 0x66, 0x63,
    0xbf, 0xf2, 0x66, 0x66, 0x6e, 0x76, 0x66, 0x63,
    0x12, 0xe2, 0x7, 0xbb, 0xbf, 0xcb, 0xbb, 0x0,
    0x0, 0xe2, 0xa, 0x83, 0x3e, 0x53, 0x4f, 0x0,
    0x0, 0xe2, 0xa, 0xfe, 0xef, 0xee, 0xef, 0x0,
    0x0, 0xe3, 0x1a, 0x71, 0x1d, 0x31, 0x2f, 0x10,
    0x0, 0xe5, 0xdf, 0xed, 0xdd, 0xdd, 0xdf, 0xd8,
    0x0, 0xf2, 0xa, 0x60, 0x0, 0x12, 0x6e, 0x0,
    0xa, 0xfa, 0xa, 0x60, 0x0, 0x6e, 0xd5, 0x0,
    0x8e, 0x2d, 0xb5, 0x22, 0x23, 0x33, 0x33, 0x32,
    0x94, 0x1, 0x9e, 0xff, 0xff, 0xff, 0xff, 0xf6,
    0x0, 0x0, 0x0, 0x0, 0x0, 0x0, 0x0, 0x0,

    /* U+905B "遛" */
    0x7, 0x20, 0x1, 0x49, 0xb1, 0x33, 0x33, 0x20,
    0xb, 0xd0, 0xf, 0xa5, 0x3, 0xee, 0xce, 0xb0,
    0x1, 0xe9, 0xf, 0x15, 0x20, 0x97, 0x6, 0xa0,
    0x0, 0x44, 0xf, 0x16, 0xd0, 0xc4, 0x7, 0xa0,
    0x0, 0x0, 0xf, 0xae, 0xeb, 0xe0, 0x9, 0x90,
    0x68, 0x82, 0x3e, 0x81, 0x5e, 0x58, 0xef, 0x40,
    0x8a, 0xf4, 0x3, 0x44, 0x68, 0x45, 0x65, 0x10,
    0x0, 0xe4, 0xb, 0xcb, 0xbf, 0xcb, 0xbf, 0x40,
    0x0, 0xe4, 0xb, 0x50, 0xe, 0x30, 0xd, 0x40,
    0x0, 0xe4, 0xb, 0xff, 0xff, 0xff, 0xff, 0x40,
    0x0, 0xe4, 0xb, 0x50, 0xe, 0x30, 0xd, 0x40,
    0x1, 0xf4, 0xb, 0xed, 0xdf, 0xed, 0xdf, 0x40,
    0xb, 0xfb, 0xb, 0x61, 0x11, 0x11, 0x1d, 0x40,
    0x9f, 0x4e, 0xb5, 0x22, 0x11, 0x11, 0x24, 0x31,
    0xa4, 0x2, 0xae, 0xff, 0xff, 0xff, 0xff, 0xf2,
    0x0, 0x0, 0x0, 0x0, 0x0, 0x0, 0x0, 0x0,

    /* U+9062 "遢" */
    0x0, 0x0, 0x0, 0x0, 0x0, 0x0, 0x0, 0x0,
    0xe, 0x20, 0x4, 0xdd, 0xdd, 0xdd, 0xdc, 0x0,
    0x8, 0xa0, 0x4, 0xd1, 0x11, 0x11, 0x4e, 0x0,
    0x1, 0xf3, 0x4, 0xfd, 0xdd, 0xdd, 0xee, 0x0,
    0x0, 0x20, 0x4, 0xd0, 0x0, 0x0, 0x3e, 0x0,
    0x0, 0x0, 0x4, 0xfc, 0xcc, 0xcc, 0xde, 0x0,
    0xad, 0xd2, 0x2, 0x73, 0x33, 0x33, 0x49, 0x0,
    0x22, 0xe3, 0xbf, 0xff, 0xf4, 0xff, 0xff, 0xb0,
    0x0, 0xe3, 0xa, 0x30, 0xe2, 0x76, 0x5, 0xb0,
    0x0, 0xe3, 0x4, 0xe1, 0xe2, 0x2e, 0x46, 0xb0,
    0x0, 0xe3, 0x0, 0x6b, 0xf2, 0x6, 0xaf, 0xb0,
    0x0, 0xe3, 0x8e, 0xe7, 0xf5, 0xee, 0x77, 0xb0,
    0x0, 0xe3, 0x96, 0x12, 0xf2, 0x62, 0x18, 0xb0,
    0x9, 0xf9, 0x6, 0xff, 0xb0, 0x2f, 0xfe, 0x50,
    0x8e, 0x2d, 0xb4, 0x22, 0x23, 0x33, 0x33, 0x32,
    0x94, 0x1, 0x9e, 0xff, 0xff, 0xff, 0xff, 0xf6,
    0x0, 0x0, 0x0, 0x0, 0x0, 0x0, 0x0, 0x0,

    /* U+9068 "遨" */
    0x0, 0x0, 0x0, 0x0, 0x0, 0x0, 0x0, 0x0,
    0x7, 0x20, 0x0, 0x5a, 0x0, 0xa, 0x60, 0x0,
    0x8, 0xc0, 0x89, 0xbd, 0x99, 0xe, 0x10, 0x0,
    0x0, 0xd7, 0x33, 0x8b, 0x33, 0x3f, 0xcc, 0xc7,
    0x0, 0x10, 0x5b, 0xde, 0xb6, 0xa6, 0x15, 0xd1,
    0x0, 0x0, 0x13, 0x7b, 0x33, 0xe0, 0x5, 0xb0,
    0x79, 0x92, 0x11, 0x6b, 0x16, 0x90, 0x7, 0x90,
    0x7a, 0xf4, 0xde, 0xed, 0xdb, 0x48, 0xb, 0x60,
    0x0, 0xe3, 0xa, 0x60, 0x0, 0x1e, 0x5f, 0x10,
    0x0, 0xe3, 0xb, 0xff, 0xfa, 0x4, 0xfc, 0x0,
    0x0, 0xe3, 0xe, 0x20, 0x69, 0x1, 0xec, 0x0,
    0x0, 0xe3, 0x4d, 0x0, 0x68, 0xc, 0xae, 0x60,
    0x0, 0xe3, 0xc7, 0x22, 0xb7, 0xcc, 0x4, 0xf2,
    0x7, 0xf9, 0xb0, 0x8e, 0xb6, 0xc1, 0x0, 0x71,
    0x6f, 0x5e, 0x94, 0x22, 0x22, 0x22, 0x23, 0x32,
    0xa5, 0x1, 0xae, 0xff, 0xff, 0xff, 0xff, 0xf7,
    0x0, 0x0, 0x0, 0x0, 0x0, 0x0, 0x0, 0x0,

    /* U+9074 "遴" */
    0x0, 0x0, 0x0, 0x0, 0x3, 0x20, 0x0, 0x0,
    0xe, 0x10, 0x4, 0xd3, 0xa, 0x60, 0x8d, 0x0,
    0x8, 0xa0, 0x0, 0x5d, 0x1a, 0x65, 0xc1, 0x0,
    0x1, 0xf2, 0x8a, 0xab, 0xae, 0xca, 0xba, 0xa1,
    0x0, 0x20, 0x12, 0x26, 0xed, 0xb5, 0x22, 0x20,
    0x0, 0x0, 0x2, 0xad, 0x3a, 0xce, 0xd7, 0x10,
    0xad, 0xd3, 0xaf, 0x90, 0xa, 0x60, 0x4a, 0xe0,
    0x34, 0xf3, 0x55, 0xf2, 0x23, 0x10, 0xc3, 0x0,
    0x0, 0xe3, 0xc, 0xdc, 0xf9, 0xee, 0xfe, 0xd0,
    0x0, 0xe3, 0xba, 0x1, 0xe1, 0x80, 0xc3, 0x0,
    0x0, 0xe4, 0x96, 0xcb, 0x94, 0xc1, 0xc4, 0x10,
    0x0, 0xe3, 0x0, 0xcd, 0x7, 0xdd, 0xfd, 0xd1,
    0x0, 0xf3, 0x5d, 0xb0, 0x0, 0x0, 0xc3, 0x0,
    0xa, 0xfa, 0x95, 0x0, 0x0, 0x0, 0xa2, 0x0,
    0x8e, 0x2d, 0xb4, 0x22, 0x23, 0x33, 0x33, 0x41,
    0x94, 0x1, 0x9e, 0xff, 0xff, 0xff, 0xff, 0xf2,
    0x0, 0x0, 0x0, 0x0, 0x0, 0x0, 0x0, 0x0,

    /* U+907D "遽" */
    0x0, 0x0, 0x0, 0x0, 0x41, 0x0, 0x0, 0x0,
    0x9, 0x60, 0x0, 0x0, 0xea, 0x88, 0x88, 0x30,
    0x7, 0xf2, 0x0, 0x0, 0xe7, 0x44, 0x44, 0x20,
    0x0, 0xcc, 0xd, 0xdd, 0xed, 0xdd, 0xdd, 0xd0,
    0x0, 0x29, 0xe, 0x30, 0xa6, 0x23, 0x24, 0xc0,
    0x0, 0x0, 0xe, 0x9b, 0xec, 0x98, 0x4c, 0x10,
    0x8b, 0xb3, 0xf, 0x30, 0x4b, 0xaa, 0xa6, 0x0,
    0x23, 0xf4, 0xf, 0xdd, 0xdd, 0xdd, 0xdd, 0xc0,
    0x0, 0xe4, 0x1f, 0x3, 0x8d, 0xc0, 0x6, 0x50,
    0x0, 0xe4, 0x4d, 0x8a, 0x5a, 0xf8, 0xbc, 0x30,
    0x0, 0xe4, 0x89, 0x49, 0xd6, 0x8f, 0xd1, 0x0,
    0x0, 0xe4, 0xe5, 0xb5, 0x4d, 0xae, 0x9e, 0x40,
    0x0, 0xf9, 0xc1, 0x7d, 0xb3, 0xe, 0x35, 0xc0,
    0xb, 0xeb, 0x12, 0x82, 0x9e, 0xfa, 0x0, 0x0,
    0x8e, 0x1d, 0xb4, 0x22, 0x12, 0x11, 0x22, 0x21,
    0xa4, 0x1, 0x9e, 0xff, 0xff, 0xff, 0xff, 0xf4,
    0x0, 0x0, 0x0, 0x0, 0x0, 0x0, 0x0, 0x0,

    /* U+9082 "邂" */
    0x0, 0x0, 0x1, 0x0, 0x0, 0x0, 0x0, 0x0,
    0x8, 0x10, 0xd, 0x40, 0x3, 0x55, 0x55, 0x50,
    0xb, 0x90, 0x5f, 0xde, 0x66, 0x9e, 0xb9, 0xf1,
    0x3, 0xf4, 0xe2, 0x1e, 0x20, 0xe, 0x10, 0xe1,
    0x0, 0x7a, 0xc6, 0xbc, 0x60, 0x8b, 0x45, 0xf0,
    0x0, 0x0, 0xc9, 0xe8, 0xea, 0xd1, 0xbc, 0x50,
    0x69, 0x91, 0xc2, 0xc1, 0xd3, 0x45, 0x94, 0x0,
    0x58, 0xf3, 0xcd, 0xfc, 0xf1, 0xaa, 0xc8, 0x51,
    0x0, 0xf3, 0xc3, 0xc2, 0xd3, 0xf9, 0xeb, 0x93,
    0x0, 0xf3, 0xc5, 0xd4, 0xe5, 0x80, 0xb5, 0x0,
    0x0, 0xf3, 0xda, 0xea, 0xf7, 0xdd, 0xfe, 0xd9,
    0x0, 0xf3, 0xe0, 0xc1, 0xd2, 0x22, 0xb6, 0x21,
    0x0, 0xf6, 0xb0, 0x51, 0xe1, 0x0, 0xb5, 0x0,
    0x8, 0xfc, 0x40, 0x6e, 0xa0, 0x0, 0xa4, 0x0,
    0x6f, 0x3d, 0xb4, 0x11, 0x11, 0x1, 0x11, 0x21,
    0x86, 0x1, 0x9e, 0xff, 0xff, 0xff, 0xff, 0xf8,
    0x0, 0x0, 0x0, 0x0, 0x0, 0x0, 0x0, 0x0,

    /* U+9083 "邃" */
    0x0, 0x0, 0x0, 0x0, 0x3, 0x0, 0x0, 0x0,
    0xa, 0x40, 0x0, 0x0, 0x3f, 0x10, 0x0, 0x0,
    0x8, 0xe2, 0x1d, 0xdd, 0xdf, 0xed, 0xdd, 0xc0,
    0x0, 0xcc, 0x2e, 0x6, 0x80, 0x3a, 0x42, 0xe0,
    0x0, 0x26, 0x3c, 0xda, 0x30, 0x8, 0x9d, 0xa1,
    0x0, 0x0, 0x14, 0x18, 0xa1, 0x8b, 0x11, 0x60,
    0xaf, 0xf3, 0xb, 0xcc, 0xef, 0xcc, 0xcc, 0xa0,
    0x23, 0xf3, 0x0, 0x3a, 0xfa, 0x0, 0x7, 0x10,
    0x0, 0xe3, 0x5e, 0xe7, 0x7f, 0x56, 0xeb, 0x20,
    0x0, 0xe3, 0x24, 0x3b, 0xc8, 0xfa, 0x20, 0x0,
    0x0, 0xe3, 0x6d, 0xe7, 0x6e, 0xfa, 0x20, 0x0,
    0x0, 0xe3, 0x56, 0x3b, 0xd3, 0xc9, 0xea, 0x20,
    0x0, 0xf3, 0x4c, 0xf8, 0x2, 0xf1, 0x19, 0xe0,
    0x9, 0xfa, 0x47, 0x1b, 0xff, 0x70, 0x0, 0x0,
    0x8e, 0x2d, 0xb4, 0x22, 0x22, 0x11, 0x22, 0x22,
    0x94, 0x1, 0x9e, 0xff, 0xff, 0xff, 0xff, 0xf8,
    0x0, 0x0, 0x0, 0x0, 0x0, 0x0, 0x0, 0x0,

    /* U+9088 "邈" */
    0x0, 0x0, 0x0, 0x14, 0x0, 0x3, 0x30, 0x0,
    0xb, 0x20, 0x5, 0xe9, 0x0, 0xc, 0x70, 0x0,
    0x9, 0xb3, 0xdd, 0x70, 0xb, 0xdf, 0xed, 0xc0,
    0x1, 0xf7, 0x70, 0xc6, 0xae, 0x50, 0x2, 0xe0,
    0x0, 0x50, 0x87, 0x9f, 0x7d, 0x40, 0x1, 0xe0,
    0x0, 0x0, 0x6f, 0xe3, 0xd, 0xee, 0xee, 0xe0,
    0x8c, 0xc7, 0xd7, 0xe1, 0xd, 0x40, 0x1, 0xe0,
    0x46, 0xf3, 0x4, 0xf9, 0xd, 0x40, 0x1, 0xe0,
    0x0, 0xe4, 0xbd, 0x6f, 0xd, 0xff, 0xfe, 0xe0,
    0x0, 0xe3, 0x50, 0x9f, 0x22, 0x5b, 0xb5, 0x20,
    0x0, 0xe3, 0x1a, 0xcd, 0x40, 0x79, 0xb5, 0x29,
    0x0, 0xe5, 0xea, 0xd, 0x40, 0xd5, 0xb5, 0x3c,
    0x0, 0xe3, 0x63, 0x5f, 0x2a, 0xd0, 0xa8, 0x7a,
    0x8, 0xf9, 0x3e, 0xd7, 0xdd, 0x20, 0x3d, 0xc3,
    0x6f, 0x4e, 0xb4, 0x11, 0x41, 0x0, 0x11, 0x21,
    0x86, 0x1, 0x9e, 0xff, 0xff, 0xff, 0xff, 0xf9,
    0x0, 0x0, 0x0, 0x0, 0x0, 0x0, 0x0, 0x0,

    /* U+908B "邋" */
    0x0, 0x0, 0x0, 0x20, 0x1, 0x10, 0x3, 0x0,
    0x9, 0x50, 0x6, 0xe3, 0x3e, 0x70, 0xab, 0x0,
    0x7, 0xf2, 0x4f, 0x21, 0xf7, 0xb, 0xc0, 0x0,
    0x0, 0xcc, 0x8, 0xd1, 0x3d, 0x70, 0x9d, 0x10,
    0x0, 0x25, 0x1c, 0xec, 0xcd, 0xec, 0xce, 0x10,
    0x0, 0x0, 0x1e, 0x1c, 0x72, 0x7b, 0xe, 0x20,
    0x6a, 0xa2, 0x1e, 0x3, 0xde, 0xe4, 0xe, 0x20,
    0x6a, 0xf3, 0x1e, 0x6c, 0x62, 0x5c, 0x5e, 0x20,
    0x0, 0xe3, 0x1b, 0xaa, 0xaa, 0xaa, 0xab, 0x10,
    0x0, 0xe3, 0x9, 0x57, 0x3b, 0x75, 0x38, 0x0,
    0x0, 0xe3, 0xf, 0x4, 0x4e, 0x17, 0x6b, 0x0,
    0x0, 0xe3, 0xf, 0x6c, 0x5e, 0x8b, 0x5c, 0x12,
    0x0, 0xe3, 0xf, 0x15, 0x4e, 0x6, 0x3e, 0x59,
    0x8, 0xfa, 0x3f, 0xe9, 0x6f, 0xe9, 0x29, 0xe4,
    0x7f, 0x3d, 0xb8, 0x22, 0x26, 0x11, 0x22, 0x42,
    0x95, 0x1, 0x9d, 0xff, 0xff, 0xff, 0xff, 0xfa,
    0x0, 0x0, 0x0, 0x0, 0x0, 0x0, 0x0, 0x0,

    /* U+9095 "邕" */
    0x0, 0x0, 0x0, 0x0, 0x0, 0x0, 0x10, 0x0,
    0x1c, 0xb0, 0x5, 0xe2, 0x0, 0x9d, 0x0, 0x4e,
    0x80, 0x9, 0xd2, 0x2, 0xda, 0x10, 0x1, 0xad,
    0x40, 0x5e, 0x91, 0x8, 0xe7, 0x0, 0x0, 0x57,
    0x0, 0x1a, 0x30, 0x2, 0xb3, 0x0, 0x4f, 0xee,
    0xee, 0xee, 0xee, 0xf4, 0x0, 0x4, 0xd0, 0x0,
    0x0, 0x0, 0xe, 0x40, 0x0, 0x4f, 0xee, 0xee,
    0xee, 0xee, 0xf4, 0x0, 0x1, 0x50, 0x0, 0x0,
    0x0, 0x5, 0x10, 0x3, 0xff, 0xff, 0xff, 0xff,
    0xff, 0xff, 0x20, 0x3f, 0x0, 0x0, 0xd5, 0x0,
    0x1, 0xf2, 0x3, 0xfb, 0xbb, 0xbf, 0xcb, 0xbb,
    0xbf, 0x20, 0x3f, 0x44, 0x44, 0x44, 0x44, 0x44,
    0xd5, 0x13, 0xf0, 0x0, 0x0, 0x0, 0x0, 0x0,
    0xb9, 0x2f, 0x31, 0x11, 0x11, 0x11, 0x11, 0x4f,
    0x40, 0xbf, 0xff, 0xff, 0xff, 0xff, 0xfe, 0x80,

    /* U+95E9 "闩" */
    0x1, 0x0, 0x0, 0x0, 0x0, 0x0, 0x0, 0xe,
    0x70, 0x3, 0x33, 0x33, 0x33, 0x33, 0x4, 0xf7,
    0x2f, 0xff, 0xff, 0xff, 0xfe, 0x41, 0x53, 0x0,
    0x0, 0x0, 0x0, 0x5e, 0xe5, 0x0, 0x0, 0x0,
    0x0, 0x0, 0x5e, 0xe5, 0x0, 0x0, 0x0, 0x0,
    0x0, 0x5e, 0xe5, 0x0, 0x0, 0x0, 0x0, 0x0,
    0x5e, 0xe5, 0x0, 0x0, 0x0, 0x0, 0x0, 0x5e,
    0xe5, 0x4f, 0xff, 0xff, 0xff, 0xf0, 0x5e, 0xe5,
    0x2, 0x22, 0x22, 0x22, 0x20, 0x5e, 0xe5, 0x0,
    0x0, 0x0, 0x0, 0x0, 0x5e, 0xe5, 0x0, 0x0,
    0x0, 0x0, 0x0, 0x5e, 0xe5, 0x0, 0x0, 0x0,
    0x0, 0x0, 0x5e, 0xe5, 0x0, 0x0, 0x0, 0x0,
    0x0, 0x5e, 0xe5, 0x0, 0x0, 0x0, 0x4, 0x33,
    0xad, 0xe5, 0x0, 0x0, 0x0, 0xe, 0xff, 0xe4,
    0x0, 0x0, 0x0, 0x0, 0x0, 0x0, 0x0,

    /* U+95EB "闫" */
    0x0, 0x0, 0x0, 0x0, 0x0, 0x0, 0x0, 0xe,
    0x60, 0x3, 0x33, 0x33, 0x33, 0x33, 0x5, 0xf6,
    0xf, 0xff, 0xff, 0xff, 0xfe, 0x41, 0x65, 0x0,
    0x0, 0x0, 0x0, 0x4e, 0xe5, 0x0, 0x0, 0x0,
    0x0, 0x0, 0x4e, 0xe5, 0x7f, 0xff, 0xff, 0xff,
    0xf0, 0x4e, 0xe5, 0x2, 0x22, 0x22, 0x22, 0x20,
    0x4e, 0xe5, 0x0, 0x0, 0x0, 0x0, 0x0, 0x4e,
    0xe5, 0xb, 0xff, 0xff, 0xff, 0x60, 0x4e, 0xe5,
    0x2, 0x22, 0x22, 0x22, 0x10, 0x4e, 0xe5, 0x0,
    0x0, 0x0, 0x0, 0x0, 0x4e, 0xe5, 0xad, 0xdd,
    0xdd, 0xdd, 0xd4, 0x4e, 0xe5, 0x45, 0x55, 0x55,
    0x55, 0x51, 0x4e, 0xe5, 0x0, 0x0, 0x0, 0x0,
    0x0, 0x4e, 0xe5, 0x0, 0x0, 0x0, 0x4, 0x33,
    0xad, 0xe5, 0x0, 0x0, 0x0, 0xe, 0xff, 0xe4,
    0x0, 0x0, 0x0, 0x0, 0x0, 0x0, 0x0,

    /* U+95F1 "闱" */
    0x0, 0x0, 0x0, 0x0, 0x0, 0x0, 0x0, 0x0,
    0xc8, 0x0, 0x33, 0x33, 0x33, 0x33, 0x30, 0x3,
    0xf8, 0xf, 0xff, 0xff, 0xff, 0xff, 0x34, 0x13,
    0x50, 0x3, 0x10, 0x0, 0x0, 0xf3, 0xf4, 0x1,
    0x11, 0xe5, 0x11, 0x11, 0xf, 0x3f, 0x44, 0xff,
    0xff, 0xff, 0xff, 0xe0, 0xf3, 0xf4, 0x0, 0x0,
    0xe4, 0x0, 0x0, 0xf, 0x3f, 0x40, 0x9b, 0xbf,
    0xdb, 0xbb, 0x40, 0xf3, 0xf4, 0x4, 0x55, 0xe8,
    0x55, 0x51, 0xf, 0x3f, 0x42, 0x66, 0x6e, 0x86,
    0x66, 0x30, 0xf3, 0xf4, 0x5a, 0xaa, 0xfc, 0xaa,
    0xd9, 0xf, 0x3f, 0x40, 0x0, 0xe, 0x40, 0xa,
    0x80, 0xf3, 0xf4, 0x0, 0x0, 0xe4, 0xaa, 0xf5,
    0xf, 0x3f, 0x40, 0x0, 0xe, 0x46, 0x75, 0x0,
    0xf3, 0xf4, 0x0, 0x0, 0xd4, 0x0, 0x22, 0x5f,
    0x2f, 0x40, 0x0, 0x0, 0x0, 0x7, 0xff, 0x90,
    0x0, 0x0, 0x0, 0x0, 0x0, 0x0, 0x0, 0x0,

    /* U+95F3 "闳" */
    0x0, 0x0, 0x0, 0x0, 0x0, 0x0, 0x0, 0x0,
    0xc8, 0x0, 0x33, 0x33, 0x33, 0x33, 0x30, 0x3,
    0xe8, 0xf, 0xff, 0xff, 0xff, 0xff, 0x24, 0x13,
    0x50, 0x8, 0x10, 0x0, 0x0, 0xf2, 0xf4, 0x0,
    0x4, 0xf1, 0x0, 0x0, 0xf, 0x2f, 0x41, 0x55,
    0xbd, 0x55, 0x55, 0x40, 0xf2, 0xf4, 0x4d, 0xef,
    0xdd, 0xdd, 0xdc, 0xf, 0x2f, 0x40, 0xb, 0xb0,
    0x32, 0x0, 0x0, 0xf2, 0xf4, 0x5, 0xf2, 0xe,
    0x80, 0x0, 0xf, 0x2f, 0x42, 0xe8, 0x8, 0xd0,
    0x40, 0x0, 0xf2, 0xf6, 0xeb, 0x3, 0xf3, 0xe,
    0x60, 0xf, 0x2f, 0x8c, 0x1, 0xd6, 0x0, 0x6f,
    0x10, 0xf2, 0xf4, 0x0, 0xef, 0xde, 0xff, 0xf9,
    0xf, 0x2f, 0x40, 0x6, 0x54, 0x21, 0x4, 0xf1,
    0xf2, 0xf4, 0x0, 0x0, 0x0, 0x3, 0x34, 0x7f,
    0x1f, 0x40, 0x0, 0x0, 0x0, 0x9f, 0xff, 0x80,
    0x0, 0x0, 0x0, 0x0, 0x0, 0x0, 0x0, 0x0,

    /* U+95F5 "闵" */
    0x0, 0x0, 0x0, 0x0, 0x0, 0x0, 0x0, 0x0,
    0xd7, 0x0, 0x33, 0x33, 0x33, 0x33, 0x30, 0x3,
    0xf7, 0xf, 0xff, 0xff, 0xff, 0xff, 0x4, 0x14,
    0x40, 0x6, 0x0, 0x0, 0x3, 0xf0, 0xf4, 0x0,
    0x0, 0xd9, 0x0, 0x0, 0x3f, 0xf, 0x42, 0x22,
    0x25, 0xf3, 0x22, 0x23, 0xf0, 0xf4, 0xcf, 0xff,
    0xff, 0xff, 0xfd, 0x3f, 0xf, 0x40, 0x2, 0x0,
    0x4, 0xf1, 0x3, 0xf0, 0xf4, 0x2, 0xf6, 0x0,
    0xc8, 0x0, 0x3f, 0xf, 0x40, 0x3, 0xe8, 0x8d,
    0x0, 0x3, 0xf0, 0xf4, 0x0, 0x2, 0xef, 0x40,
    0x0, 0x3f, 0xf, 0x40, 0x1, 0xaf, 0xdc, 0x10,
    0x3, 0xf0, 0xf4, 0x6, 0xed, 0x21, 0xce, 0x20,
    0x3f, 0xf, 0x4b, 0xe7, 0x0, 0x0, 0xba, 0x3,
    0xf0, 0xf4, 0x20, 0x0, 0x0, 0x3, 0x43, 0x9e,
    0xf, 0x40, 0x0, 0x0, 0x0, 0xaf, 0xfe, 0x50,
    0x0, 0x0, 0x0, 0x0, 0x0, 0x0, 0x0, 0x0,

    /* U+95F6 "闶" */
    0x0, 0x0, 0x0, 0x0, 0x0, 0x0, 0x0, 0x0,
    0xd7, 0x0, 0x33, 0x33, 0x33, 0x33, 0x30, 0x3,
    0xf7, 0xf, 0xff, 0xff, 0xff, 0xff, 0x4, 0x14,
    0x40, 0x6, 0x0, 0x0, 0x3, 0xf0, 0xf4, 0x0,
    0x0, 0xd8, 0x0, 0x0, 0x3f, 0xf, 0x44, 0x55,
    0x58, 0x95, 0x55, 0x43, 0xf0, 0xf4, 0xac, 0xcc,
    0xcc, 0xcc, 0xca, 0x3f, 0xf, 0x40, 0x2, 0x22,
    0x22, 0x0, 0x3, 0xf0, 0xf4, 0x0, 0xff, 0xff,
    0xf3, 0x0, 0x3f, 0xf, 0x40, 0xf, 0x10, 0xe,
    0x30, 0x3, 0xf0, 0xf4, 0x3, 0xf0, 0x0, 0xe3,
    0x8, 0x3f, 0xf, 0x40, 0xab, 0x0, 0xe, 0x43,
    0xf3, 0xf0, 0xf4, 0x8f, 0x30, 0x0, 0xbe, 0xfa,
    0x3f, 0xf, 0x46, 0x50, 0x0, 0x0, 0x33, 0x3,
    0xf0, 0xf4, 0x0, 0x0, 0x0, 0x3, 0x33, 0x9e,
    0xf, 0x40, 0x0, 0x0, 0x0, 0xbf, 0xfe, 0x50,
    0x0, 0x0, 0x0, 0x0, 0x0, 0x0, 0x0, 0x0,

    /* U+95FC "闼" */
    0x0, 0x0, 0x0, 0x0, 0x0, 0x0, 0x0, 0x0,
    0xd6, 0x0, 0x22, 0x22, 0x22, 0x22, 0x20, 0x4,
    0xf7, 0xf, 0xff, 0xff, 0xff, 0xff, 0x4, 0x14,
    0x60, 0x0, 0x3, 0x10, 0x2, 0xf0, 0xf3, 0xb,
    0x70, 0x0, 0xd3, 0x0, 0x2f, 0xf, 0x30, 0x2e,
    0x26, 0x6e, 0x86, 0x62, 0xf0, 0xf3, 0x0, 0x12,
    0xaa, 0xfa, 0xaa, 0x2f, 0xf, 0x3e, 0xfe, 0x0,
    0x2f, 0x30, 0x2, 0xf0, 0xf3, 0x14, 0xe0, 0x7,
    0xcf, 0x50, 0x2f, 0xf, 0x30, 0x3e, 0x2, 0xf4,
    0x5f, 0x22, 0xf0, 0xf3, 0x3, 0xe3, 0xe9, 0x0,
    0xad, 0x2f, 0xf, 0x30, 0x7f, 0x68, 0x0, 0x1,
    0x62, 0xf0, 0xf3, 0x8f, 0x9e, 0x73, 0x23, 0x34,
    0x4f, 0xf, 0x4e, 0x30, 0x5b, 0xef, 0xff, 0xe4,
    0xf0, 0xf3, 0x0, 0x0, 0x0, 0x2, 0x33, 0x9e,
    0xf, 0x30, 0x0, 0x0, 0x0, 0x8f, 0xfe, 0x60,
    0x0, 0x0, 0x0, 0x0, 0x0, 0x0, 0x0, 0x0,

    /* U+95FE "闾" */
    0x0, 0x0, 0x0, 0x0, 0x0, 0x0, 0x0, 0x0,
    0xd7, 0x0, 0x33, 0x33, 0x33, 0x33, 0x30, 0x4,
    0xf6, 0xf, 0xff, 0xff, 0xff, 0xff, 0x4, 0x14,
    0x20, 0x0, 0x0, 0x0, 0x3, 0xf0, 0xf4, 0x4,
    0xff, 0xff, 0xff, 0x20, 0x3f, 0xf, 0x40, 0x4e,
    0x11, 0x11, 0xe2, 0x3, 0xf0, 0xf4, 0x4, 0xe0,
    0x0, 0xe, 0x20, 0x3f, 0xf, 0x40, 0x4f, 0xff,
    0xff, 0xf2, 0x3, 0xf0, 0xf4, 0x2, 0x70, 0x0,
    0x8, 0x10, 0x3f, 0xf, 0x40, 0x11, 0x11, 0x11,
    0x11, 0x3, 0xf0, 0xf4, 0xe, 0xff, 0xff, 0xff,
    0xd0, 0x3f, 0xf, 0x40, 0xe3, 0x0, 0x0, 0x5d,
    0x3, 0xf0, 0xf4, 0xe, 0x41, 0x11, 0x16, 0xd0,
    0x3f, 0xf, 0x40, 0xef, 0xff, 0xff, 0xfc, 0x3,
    0xf0, 0xf4, 0xe, 0x30, 0x0, 0x2, 0x33, 0x8e,
    0xf, 0x40, 0x0, 0x0, 0x0, 0x8f, 0xfe, 0x60,
    0x0, 0x0, 0x0, 0x0, 0x0, 0x0, 0x0, 0x0,

    /* U+9603 "阃" */
    0x0, 0x0, 0x0, 0x0, 0x0, 0x0, 0x0, 0x0,
    0xd6, 0x0, 0x22, 0x22, 0x22, 0x22, 0x20, 0x3,
    0xf6, 0xf, 0xff, 0xff, 0xff, 0xff, 0x4, 0x13,
    0x30, 0x0, 0x0, 0x0, 0x2, 0xf0, 0xf4, 0x1f,
    0xff, 0xff, 0xff, 0xf1, 0x2f, 0xf, 0x41, 0xf0,
    0x3, 0x70, 0xf, 0x22, 0xf0, 0xf4, 0x1f, 0x0,
    0x4c, 0x0, 0xf2, 0x2f, 0xf, 0x41, 0xf8, 0xff,
    0xff, 0x9f, 0x22, 0xf0, 0xf4, 0x1f, 0x1, 0xed,
    0x0, 0xf2, 0x2f, 0xf, 0x41, 0xf0, 0xab, 0xfa,
    0xf, 0x22, 0xf0, 0xf4, 0x1f, 0x9c, 0x4c, 0xa8,
    0xf2, 0x2f, 0xf, 0x41, 0xf7, 0x14, 0xc0, 0x1f,
    0x22, 0xf0, 0xf4, 0x1f, 0x22, 0x47, 0x22, 0xf2,
    0x2f, 0xf, 0x41, 0xfd, 0xdd, 0xdd, 0xdd, 0x12,
    0xf0, 0xf4, 0x1, 0x0, 0x0, 0x0, 0x22, 0x8f,
    0xf, 0x40, 0x0, 0x0, 0x0, 0x9, 0xff, 0x70,
    0x0, 0x0, 0x0, 0x0, 0x0, 0x0, 0x0, 0x0,

    /* U+9604 "阄" */
    0x0, 0x0, 0x0, 0x0, 0x0, 0x0, 0x0, 0x0,
    0xd6, 0x0, 0x33, 0x33, 0x33, 0x33, 0x30, 0x4,
    0xf5, 0xf, 0xff, 0xff, 0xff, 0xff, 0x4, 0x14,
    0x20, 0x81, 0x0, 0x0, 0x3, 0xf0, 0xf4, 0x0,
    0xbf, 0xdd, 0xdc, 0x0, 0x3f, 0xf, 0x40, 0x99,
    0x0, 0x1b, 0x70, 0x3, 0xf0, 0xf4, 0xbf, 0xdd,
    0xde, 0xfd, 0xc0, 0x3f, 0xf, 0x47, 0xe2, 0x15,
    0xc1, 0x2e, 0x3, 0xf0, 0xf4, 0xe, 0x32, 0x6c,
    0x23, 0xe0, 0x3f, 0xf, 0x40, 0xec, 0xbc, 0xfb,
    0xce, 0x3, 0xf0, 0xf4, 0xe, 0x10, 0x4c, 0x1,
    0xe0, 0x3f, 0xf, 0x40, 0xef, 0xff, 0xff, 0xfd,
    0x95, 0xf0, 0xf4, 0x6, 0x0, 0x4d, 0x0, 0x1e,
    0x5f, 0xf, 0x40, 0x0, 0x1, 0xdf, 0xff, 0xa3,
    0xf0, 0xf4, 0x0, 0x0, 0x0, 0x0, 0x23, 0x8e,
    0xf, 0x40, 0x0, 0x0, 0x0, 0x9, 0xfe, 0x60,
    0x0, 0x0, 0x0, 0x0, 0x0, 0x0, 0x0, 0x0,

    /* U+9606 "阆" */
    0x0, 0x0, 0x0, 0x0, 0x0, 0x0, 0x0, 0x0,
    0xe6, 0x0, 0x33, 0x33, 0x33, 0x33, 0x30, 0x5,
    0xf5, 0xf, 0xff, 0xff, 0xff, 0xff, 0x3, 0x15,
    0x20, 0x9, 0x10, 0x0, 0x3, 0xf0, 0xf4, 0x2,
    0x33, 0xc9, 0x33, 0x30, 0x3f, 0xf, 0x40, 0xed,
    0xcc, 0xcc, 0xcf, 0x3, 0xf0, 0xf4, 0xe, 0x51,
    0x11, 0x12, 0xf0, 0x3f, 0xf, 0x40, 0xee, 0xee,
    0xee, 0xef, 0x3, 0xf0, 0xf4, 0xe, 0x50, 0x0,
    0x2, 0xf0, 0x3f, 0xf, 0x40, 0xef, 0xee, 0xee,
    0xef, 0x3, 0xf0, 0xf4, 0xe, 0x40, 0x37, 0x0,
    0x86, 0x3f, 0xf, 0x40, 0xe4, 0x2, 0xdd, 0x9e,
    0x73, 0xf0, 0xf4, 0xe, 0x45, 0xb4, 0x9f, 0x80,
    0x3f, 0xf, 0x42, 0xff, 0xe9, 0x10, 0x5f, 0x83,
    0xf0, 0xf4, 0x2c, 0x50, 0x0, 0x0, 0x76, 0xae,
    0xf, 0x40, 0x0, 0x0, 0x0, 0xf, 0xfe, 0x50,
    0x0, 0x0, 0x0, 0x0, 0x0, 0x0, 0x0, 0x0,

    /* U+9608 "阈" */
    0x0, 0x0, 0x0, 0x0, 0x0, 0x0, 0x0, 0x9,
    0x70, 0x1, 0x11, 0x11, 0x11, 0x11, 0x2, 0xe8,
    0xe, 0xff, 0xff, 0xff, 0xff, 0x30, 0x17, 0x0,
    0x7, 0x79, 0x60, 0x2f, 0xe3, 0x0, 0x0, 0x8,
    0x91, 0xa1, 0x2f, 0xe3, 0xcf, 0xff, 0xff, 0xff,
    0xff, 0x6f, 0xe3, 0x0, 0x0, 0x7, 0xb0, 0x0,
    0x2f, 0xe3, 0x2c, 0xcc, 0xb5, 0xc0, 0xa6, 0x2f,
    0xe3, 0x3d, 0x34, 0xe2, 0xf2, 0xf1, 0x2f, 0xe3,
    0x3c, 0x1, 0xe0, 0xfd, 0x80, 0x2f, 0xe3, 0x3f,
    0xff, 0xe0, 0xcd, 0x2, 0x2f, 0xe3, 0x28, 0x0,
    0x77, 0xfd, 0xf, 0x3f, 0xe3, 0x24, 0x57, 0x9c,
    0x3d, 0xce, 0x2f, 0xe3, 0xfe, 0xca, 0x80, 0x2,
    0xea, 0x2f, 0xe3, 0x0, 0x0, 0x0, 0x1, 0x21,
    0x7e, 0xe3, 0x0, 0x0, 0x0, 0x3, 0xff, 0xe6,
    0x0, 0x0, 0x0, 0x0, 0x0, 0x0, 0x0,

    /* U+960A "阊" */
    0x0, 0x0, 0x0, 0x0, 0x0, 0x0, 0x0, 0x0,
    0xd6, 0x0, 0x22, 0x22, 0x22, 0x22, 0x20, 0x3,
    0xf6, 0xf, 0xff, 0xff, 0xff, 0xff, 0x4, 0x13,
    0x10, 0x0, 0x0, 0x0, 0x2, 0xf0, 0xf3, 0xa,
    0xed, 0xdd, 0xdd, 0xd0, 0x2f, 0xf, 0x30, 0xa7,
    0x0, 0x0, 0x3e, 0x2, 0xf0, 0xf3, 0xa, 0xed,
    0xdd, 0xdd, 0xe0, 0x2f, 0xf, 0x30, 0xa7, 0x0,
    0x0, 0x3e, 0x2, 0xf0, 0xf3, 0xa, 0xed, 0xdd,
    0xdd, 0xe0, 0x2f, 0xf, 0x30, 0x33, 0x33, 0x33,
    0x33, 0x12, 0xf0, 0xf3, 0x3f, 0xaa, 0xaa, 0xaa,
    0xe6, 0x2f, 0xf, 0x33, 0xf6, 0x66, 0x66, 0x6c,
    0x62, 0xf0, 0xf3, 0x3f, 0x44, 0x44, 0x44, 0xc6,
    0x2f, 0xf, 0x33, 0xfd, 0xdd, 0xdd, 0xdf, 0x62,
    0xf0, 0xf3, 0x3e, 0x0, 0x0, 0x0, 0x22, 0x7f,
    0xf, 0x30, 0x20, 0x0, 0x0, 0x7, 0xff, 0x70,
    0x0, 0x0, 0x0, 0x0, 0x0, 0x0, 0x0, 0x0,

    /* U+960B "阋" */
    0x0, 0x0, 0x0, 0x0, 0x0, 0x0, 0x0, 0x0,
    0xd7, 0x0, 0x33, 0x33, 0x33, 0x33, 0x30, 0x3,
    0xf7, 0xf, 0xff, 0xff, 0xff, 0xff, 0x4, 0x13,
    0x20, 0x1, 0x0, 0x0, 0x2, 0xf0, 0xf4, 0xb,
    0xde, 0x78, 0xdd, 0xd1, 0x2f, 0xf, 0x41, 0xf2,
    0x0, 0x12, 0x2f, 0x12, 0xf0, 0xf4, 0x1f, 0x0,
    0x0, 0x0, 0xf1, 0x2f, 0xf, 0x41, 0xff, 0xf7,
    0x8f, 0xff, 0x12, 0xf0, 0xf4, 0x1f, 0x0, 0x0,
    0x0, 0xf1, 0x2f, 0xf, 0x41, 0xfe, 0xee, 0xee,
    0xef, 0x12, 0xf0, 0xf4, 0x8, 0xf, 0x23, 0xe0,
    0x0, 0x2f, 0xf, 0x40, 0x2, 0xf0, 0x2e, 0x0,
    0xe4, 0xf0, 0xf4, 0x0, 0xba, 0x2, 0xf1, 0x2f,
    0x3f, 0xf, 0x47, 0xed, 0x10, 0xc, 0xff, 0xa2,
    0xf0, 0xf4, 0xa7, 0x0, 0x0, 0x1, 0x32, 0x8f,
    0xf, 0x40, 0x0, 0x0, 0x0, 0xa, 0xff, 0x70,
    0x0, 0x0, 0x0, 0x0, 0x0, 0x0, 0x0, 0x0,

    /* U+960C "阌" */
    0x0, 0x0, 0x0, 0x0, 0x0, 0x0, 0x0, 0x0,
    0xd4, 0x0, 0x22, 0x22, 0x22, 0x22, 0x20, 0x5,
    0xf3, 0xf, 0xff, 0xff, 0xff, 0xff, 0x34, 0x4,
    0x0, 0x0, 0x1, 0x23, 0x20, 0xf3, 0xf3, 0x9d,
    0xee, 0xff, 0xed, 0xc8, 0xf, 0x3f, 0x31, 0xb3,
    0x7, 0x70, 0x1d, 0x10, 0xf3, 0xf3, 0x7, 0xc0,
    0x1d, 0xa, 0x90, 0xf, 0x3f, 0x3d, 0xff, 0xff,
    0xff, 0xff, 0xd0, 0xf3, 0xf3, 0xe3, 0x0, 0x0,
    0x0, 0x3e, 0xf, 0x3f, 0x30, 0xcc, 0xcc, 0xcc,
    0xcc, 0x10, 0xf3, 0xf3, 0x2, 0x83, 0x22, 0x2c,
    0xa0, 0xf, 0x3f, 0x30, 0x9, 0xea, 0x5d, 0xa0,
    0x0, 0xf3, 0xf3, 0x0, 0x6, 0xff, 0xe5, 0x0,
    0xf, 0x3f, 0x37, 0xbf, 0xd6, 0x16, 0xdd, 0x40,
    0xf3, 0xf3, 0x77, 0x20, 0x0, 0x0, 0x74, 0x4f,
    0x1f, 0x30, 0x0, 0x0, 0x0, 0xb, 0xff, 0x90,
    0x0, 0x0, 0x0, 0x0, 0x0, 0x0, 0x0, 0x0,

    /* U+960D "阍" */
    0x0, 0x0, 0x0, 0x0, 0x0, 0x0, 0x0, 0x0,
    0xd7, 0x0, 0x33, 0x33, 0x33, 0x33, 0x30, 0x3,
    0xf7, 0xf, 0xff, 0xff, 0xff, 0xff, 0x3, 0x13,
    0x30, 0x1, 0x23, 0x44, 0x2, 0xf0, 0xf4, 0xf,
    0xed, 0xdf, 0xbb, 0xa0, 0x2f, 0xf, 0x41, 0xf0,
    0x0, 0xf2, 0x0, 0x2, 0xf0, 0xf4, 0x1f, 0xee,
    0xef, 0xee, 0xe6, 0x2f, 0xf, 0x41, 0xf0, 0x15,
    0x5d, 0x0, 0xa2, 0xf0, 0xf4, 0x3f, 0xef, 0xc0,
    0xcc, 0x89, 0x2f, 0xf, 0x41, 0x94, 0x10, 0x1,
    0x8a, 0x12, 0xf0, 0xf4, 0xc, 0xed, 0xdd, 0xdd,
    0xe0, 0x2f, 0xf, 0x40, 0xc5, 0x11, 0x11, 0x3e,
    0x2, 0xf0, 0xf4, 0xc, 0xdc, 0xcc, 0xcc, 0xe0,
    0x2f, 0xf, 0x40, 0xc6, 0x22, 0x22, 0x4e, 0x2,
    0xf0, 0xf4, 0xc, 0xdb, 0xbb, 0xbb, 0xd2, 0x8f,
    0xf, 0x40, 0x31, 0x0, 0x0, 0x8, 0xff, 0x70,
    0x0, 0x0, 0x0, 0x0, 0x0, 0x0, 0x0, 0x0,

    /* U+960F "阏" */
    0x0, 0x0, 0x0, 0x0, 0x0, 0x0, 0x0, 0x0,
    0xc7, 0x0, 0x22, 0x22, 0x22, 0x22, 0x20, 0x2,
    0xe6, 0x1f, 0xff, 0xff, 0xff, 0xff, 0x4, 0x2,
    0x56, 0x0, 0x0, 0x51, 0x1, 0xf0, 0xf2, 0x3,
    0xe1, 0x0, 0x1f, 0x60, 0x1f, 0xf, 0x2c, 0xcd,
    0xcc, 0x8, 0xad, 0x1, 0xf0, 0xf2, 0x5f, 0x65,
    0x51, 0xe1, 0xa6, 0x1f, 0xf, 0x20, 0xf3, 0x21,
    0x8a, 0x2, 0xe2, 0xf0, 0xf2, 0xf, 0xff, 0xbb,
    0x30, 0x8, 0x5f, 0xf, 0x20, 0xf0, 0x5b, 0x7,
    0xd3, 0x1, 0xf0, 0xf2, 0x2e, 0x5, 0xb0, 0x6,
    0xf2, 0x1f, 0xf, 0x26, 0xb0, 0x6a, 0x16, 0x1,
    0x1, 0xf0, 0xf2, 0xd6, 0x9, 0x82, 0xdd, 0x50,
    0x1f, 0xf, 0x8e, 0x4e, 0xf2, 0x0, 0x8f, 0x41,
    0xf0, 0xf3, 0x30, 0x41, 0x0, 0x1, 0x42, 0x7e,
    0xf, 0x20, 0x0, 0x0, 0x0, 0x3f, 0xfe, 0x50,

    /* U+9612 "阒" */
    0x0, 0x0, 0x0, 0x0, 0x0, 0x0, 0x0, 0x0,
    0xd5, 0x0, 0x22, 0x22, 0x22, 0x22, 0x20, 0x4,
    0xf5, 0xf, 0xff, 0xff, 0xff, 0xff, 0x4, 0x3,
    0x10, 0x0, 0x0, 0x0, 0x2, 0xf0, 0xf3, 0xe,
    0xdd, 0xdd, 0xdd, 0xf0, 0x2f, 0xf, 0x30, 0xe3,
    0x11, 0x11, 0x2f, 0x2, 0xf0, 0xf3, 0xe, 0xba,
    0xaa, 0xaa, 0xf0, 0x2f, 0xf, 0x30, 0xe9, 0x88,
    0x88, 0x8f, 0x2, 0xf0, 0xf3, 0xe, 0x42, 0x22,
    0x23, 0xf0, 0x2f, 0xf, 0x30, 0xed, 0xdd, 0xde,
    0xdf, 0x2, 0xf0, 0xf3, 0x5, 0x0, 0xb3, 0x9b,
    0x50, 0x2f, 0xf, 0x3d, 0xee, 0xef, 0xee, 0xfe,
    0xe2, 0xf0, 0xf3, 0x0, 0x7, 0xf7, 0x20, 0x0,
    0x2f, 0xf, 0x31, 0x6c, 0xc3, 0x8d, 0xc7, 0x22,
    0xf0, 0xf4, 0xdb, 0x50, 0x0, 0x3, 0xa4, 0x6e,
    0xf, 0x30, 0x0, 0x0, 0x0, 0xd, 0xff, 0x60,
    0x0, 0x0, 0x0, 0x0, 0x0, 0x0, 0x0, 0x0,

    /* U+9615 "阕" */
    0x0, 0x0, 0x0, 0x0, 0x0, 0x0, 0x0, 0x0,
    0xd4, 0x0, 0x22, 0x22, 0x22, 0x22, 0x20, 0x5,
    0xf3, 0x3f, 0xff, 0xff, 0xff, 0xff, 0x4, 0x4,
    0x0, 0x0, 0x50, 0x1, 0x2, 0xf0, 0xf3, 0xce,
    0xee, 0x5c, 0x4b, 0xb0, 0x2f, 0xf, 0x31, 0x1,
    0xd2, 0x6f, 0x70, 0x32, 0xf0, 0xf3, 0x98, 0x7a,
    0x0, 0xd5, 0xbd, 0x2f, 0xf, 0x31, 0xdd, 0x21,
    0x14, 0xf9, 0x2, 0xf0, 0xf3, 0x4d, 0x3e, 0xfe,
    0xa5, 0xe4, 0x2f, 0xf, 0x8d, 0x30, 0xc, 0x40,
    0x3, 0xd9, 0xf0, 0xf5, 0x1e, 0xff, 0xff, 0xff,
    0x90, 0x2f, 0xf, 0x30, 0x0, 0x7f, 0x30, 0x0,
    0x2, 0xf0, 0xf3, 0x0, 0x8e, 0x7e, 0xb3, 0x0,
    0x2f, 0xf, 0x36, 0xec, 0x20, 0x6, 0xec, 0x2,
    0xf0, 0xf3, 0x55, 0x0, 0x0, 0x1, 0x60, 0x6f,
    0xf, 0x30, 0x0, 0x0, 0x0, 0xe, 0xff, 0x60,
    0x0, 0x0, 0x0, 0x0, 0x0, 0x0, 0x0, 0x0,

    /* U+9616 "阖" */
    0x0, 0x0, 0x0, 0x0, 0x0, 0x0, 0x0, 0x0,
    0xc8, 0x0, 0x22, 0x22, 0x22, 0x22, 0x20, 0x2,
    0xe8, 0xf, 0xff, 0xff, 0xff, 0xff, 0x4, 0x2,
    0x40, 0x7, 0x80, 0x0, 0x1, 0xf0, 0xf2, 0xb,
    0xcc, 0xee, 0xcc, 0xc0, 0x1f, 0xf, 0x20, 0x22,
    0x2a, 0xb2, 0x22, 0x1, 0xf0, 0xf2, 0xef, 0xff,
    0xff, 0xff, 0xff, 0x2f, 0xf, 0x20, 0x6, 0xd4,
    0xa, 0x70, 0x1, 0xf0, 0xf2, 0x1d, 0xfa, 0xab,
    0xcf, 0xa0, 0x1f, 0xf, 0x20, 0x64, 0x33, 0x21,
    0x8, 0x11, 0xf0, 0xf2, 0x1e, 0xee, 0xee, 0xee,
    0xe1, 0x1f, 0xf, 0x21, 0xe0, 0xe0, 0xe, 0xe,
    0x11, 0xf0, 0xf2, 0x1e, 0xe, 0x0, 0xe0, 0xe1,
    0x1f, 0xf, 0x6f, 0xff, 0xff, 0xff, 0xff, 0xf7,
    0xf0, 0xf2, 0x0, 0x0, 0x0, 0x1, 0x43, 0x7f,
    0xf, 0x20, 0x0, 0x0, 0x0, 0xf, 0xfe, 0x60,
    0x0, 0x0, 0x0, 0x0, 0x0, 0x0, 0x0, 0x0,

    /* U+9617 "阗" */
    0x0, 0x0, 0x0, 0x0, 0x0, 0x0, 0x0, 0x0,
    0xa7, 0x0, 0x33, 0x33, 0x33, 0x33, 0x30, 0x2,
    0xd9, 0x2d, 0xdd, 0xdd, 0xdd, 0xdf, 0x5, 0x12,
    0x41, 0x19, 0x91, 0x11, 0x11, 0xf0, 0xe3, 0x9c,
    0xcc, 0xee, 0xcc, 0xcb, 0x1f, 0xe, 0x30, 0x47,
    0x7c, 0xc7, 0x75, 0x1, 0xf0, 0xe3, 0xa, 0x94,
    0x44, 0x48, 0xc0, 0x1f, 0xe, 0x30, 0xad, 0xcc,
    0xcc, 0xdc, 0x1, 0xf0, 0xe3, 0xa, 0x71, 0x11,
    0x16, 0xc0, 0x1f, 0xe, 0x30, 0xad, 0xbb, 0xbb,
    0xcc, 0x1, 0xf0, 0xe3, 0xa, 0xb8, 0x88, 0x8b,
    0xc0, 0x1f, 0xe, 0x30, 0xa8, 0x33, 0x33, 0x7c,
    0x1, 0xf0, 0xe4, 0xee, 0xee, 0xee, 0xee, 0xee,
    0x5f, 0xe, 0x30, 0x7, 0xc0, 0xd, 0xa3, 0x1,
    0xf0, 0xe3, 0x7e, 0xa2, 0x0, 0x7, 0xd1, 0x5f,
    0xe, 0x33, 0x20, 0x0, 0x0, 0x2f, 0xff, 0x70,
    0x0, 0x0, 0x0, 0x0, 0x0, 0x0, 0x0, 0x0,

    /* U+9619 "阙" */
    0xa, 0x50, 0x1, 0x11, 0x11, 0x11, 0x11, 0x3,
    0xe5, 0xd, 0xee, 0xee, 0xee, 0xef, 0x40, 0x52,
    0x0, 0x60, 0x17, 0x0, 0x2f, 0xe2, 0x4d, 0x17,
    0xa0, 0x6a, 0x0, 0x2f, 0xe6, 0xbe, 0xbf, 0xc6,
    0xbe, 0xcc, 0x7f, 0xe4, 0x33, 0xe4, 0x34, 0xe2,
    0x2b, 0x7f, 0xe2, 0x70, 0xe1, 0x79, 0x87, 0x2e,
    0x2f, 0xe2, 0xe1, 0xe1, 0xe5, 0x2d, 0x59, 0x2f,
    0xe2, 0xe1, 0xe1, 0xe1, 0xe, 0x10, 0x2f, 0xe2,
    0xeb, 0xfb, 0xf1, 0xf, 0x10, 0x2f, 0xe2, 0x36,
    0xe4, 0xd1, 0x5f, 0xb0, 0x2f, 0xe2, 0x7, 0xa0,
    0x1, 0xe5, 0xba, 0x2f, 0xe2, 0x3f, 0x30, 0x1c,
    0xa0, 0x1e, 0x6f, 0xe3, 0xe7, 0x0, 0xaa, 0x0,
    0x22, 0x6e, 0xe2, 0x30, 0x0, 0x0, 0x3, 0xff,
    0xe6, 0x0, 0x0, 0x0, 0x0, 0x0, 0x0, 0x0,

    /* U+961A "阚" */
    0x9, 0x70, 0x1, 0x11, 0x11, 0x11, 0x11, 0x1,
    0xd9, 0xd, 0xee, 0xee, 0xee, 0xef, 0x40, 0x5,
    0x0, 0x0, 0x17, 0x0, 0x2f, 0xe3, 0x1e, 0xef,
    0xa0, 0x6b, 0x0, 0x2f, 0xe3, 0x0, 0xc, 0x50,
    0xa9, 0x33, 0x3f, 0xe5, 0xef, 0xee, 0xfb, 0xfb,
    0xde, 0x7f, 0xe3, 0x3d, 0x1, 0xe6, 0xb0, 0x69,
    0x2f, 0xe3, 0x3f, 0xee, 0xe7, 0x61, 0x86, 0x2f,
    0xe3, 0x3d, 0x1, 0xe0, 0x7a, 0xd2, 0x2f, 0xe3,
    0x3f, 0xee, 0xe0, 0xd, 0xd0, 0x2f, 0xe3, 0x3d,
    0x1, 0xf5, 0xc, 0xd0, 0x2f, 0xe6, 0x8f, 0xdf,
    0xf9, 0x6c, 0xc6, 0x2f, 0xe7, 0x96, 0x31, 0xe5,
    0xe2, 0x4e, 0x2f, 0xe3, 0x0, 0x1, 0xe6, 0x40,
    0x24, 0x7e, 0xe3, 0x0, 0x0, 0x0, 0x3, 0xff,
    0xe5, 0x0, 0x0, 0x0, 0x0, 0x0, 0x0, 0x0,

    /* U+96B3 "隳" */
    0x0, 0x0, 0x0, 0x0, 0x4, 0x30, 0x0, 0x0,
    0x0, 0xb, 0xdd, 0xd8, 0x9a, 0xfc, 0xaa, 0xaa,
    0xa0, 0x0, 0xd4, 0x2d, 0x72, 0xcb, 0x55, 0x55,
    0x52, 0x0, 0xd, 0x33, 0xe0, 0x8c, 0x9a, 0xeb,
    0xaa, 0x0, 0x0, 0xd3, 0xb7, 0x9e, 0xba, 0xaf,
    0xba, 0xaa, 0x10, 0xd, 0x37, 0xb2, 0x26, 0x66,
    0x66, 0x66, 0x20, 0x0, 0xd3, 0xc, 0x57, 0xd9,
    0x99, 0x99, 0xe3, 0x0, 0xd, 0x30, 0x7a, 0x7e,
    0xbb, 0xbb, 0xbf, 0x30, 0x0, 0xd6, 0x6b, 0x97,
    0xb5, 0x55, 0x55, 0xe3, 0x0, 0xd, 0x6b, 0x91,
    0x7e, 0x97, 0x77, 0x7f, 0x20, 0x0, 0xd3, 0x0,
    0x1b, 0xde, 0x70, 0xbe, 0xc0, 0x0, 0x0, 0x4,
    0xad, 0x78, 0x2a, 0xe8, 0x30, 0x0, 0x5, 0xae,
    0xce, 0x12, 0xf2, 0x72, 0xef, 0xea, 0x20, 0x78,
    0x26, 0xc0, 0x2f, 0x1f, 0x1a, 0x84, 0x91, 0x0,
    0x2, 0xf3, 0x4, 0xe0, 0xd5, 0x3e, 0x0, 0x0,
    0x0, 0x15, 0x1f, 0xf9, 0x3, 0x10, 0x61, 0x0,
    0x0, 0x0, 0x0, 0x0, 0x0, 0x0, 0x0, 0x0,
    0x0,

    /* U+97EA "韪" */
    0x0, 0x0, 0x0, 0x0, 0x0, 0x20, 0x0, 0x0,
    0x6, 0xaa, 0xaa, 0x80, 0x0, 0xe3, 0x0, 0x0,
    0xb, 0x85, 0x57, 0xd1, 0x22, 0xe5, 0x22, 0x20,
    0xb, 0x85, 0x57, 0xd9, 0xee, 0xfe, 0xee, 0xe4,
    0xb, 0xb9, 0x9a, 0xd0, 0x0, 0xe3, 0x0, 0x0,
    0xb, 0x50, 0x3, 0xd0, 0x55, 0xe7, 0x55, 0x20,
    0xb, 0xfe, 0xee, 0xd1, 0xbb, 0xfb, 0xbb, 0x40,
    0x4, 0x20, 0x1, 0x50, 0x0, 0xe3, 0x0, 0x0,
    0x8d, 0xdd, 0xdd, 0xd5, 0x88, 0xf9, 0x88, 0x81,
    0x13, 0x35, 0xe3, 0x35, 0x99, 0xfa, 0x99, 0xf1,
    0x9, 0x72, 0xe2, 0x20, 0x0, 0xe3, 0x0, 0xf0,
    0xa, 0x62, 0xfe, 0xe5, 0x0, 0xe4, 0x25, 0xe0,
    0xd, 0xd3, 0xe0, 0x0, 0x0, 0xe8, 0xff, 0x60,
    0x1f, 0x9d, 0xe0, 0x0, 0x0, 0xe3, 0x0, 0x0,
    0x8b, 0xa, 0xfb, 0x53, 0x22, 0x42, 0x22, 0x32,
    0x85, 0x0, 0x49, 0xde, 0xff, 0xff, 0xff, 0xf7,
    0x10, 0x0, 0x0, 0x0, 0x0, 0x0, 0x0, 0x0,

    /* U+97EB "韫" */
    0x0, 0x23, 0x0, 0x0, 0x0, 0x0, 0x0, 0x0,
    0x0, 0x88, 0x0, 0x2, 0x33, 0x33, 0x33, 0x10,
    0x0, 0x88, 0x0, 0xe, 0xdd, 0xdd, 0xdf, 0x60,
    0xad, 0xee, 0xdd, 0x1e, 0x20, 0x0, 0xd, 0x60,
    0x0, 0x88, 0x0, 0xe, 0xee, 0xee, 0xef, 0x60,
    0x1, 0x89, 0x11, 0xe, 0x30, 0x0, 0xd, 0x60,
    0x7f, 0xff, 0xfc, 0xe, 0x31, 0x11, 0x1d, 0x60,
    0x1, 0x89, 0x11, 0xe, 0xee, 0xee, 0xef, 0x60,
    0x22, 0x99, 0x22, 0x6, 0x10, 0x0, 0x5, 0x20,
    0x9c, 0xee, 0xcf, 0x6f, 0xff, 0xff, 0xff, 0xe0,
    0x0, 0x88, 0xe, 0x6a, 0xe, 0x1b, 0x42, 0xe0,
    0x0, 0x88, 0xf, 0x69, 0xe, 0x1b, 0x41, 0xe0,
    0x0, 0x8b, 0xbe, 0x59, 0xe, 0x1b, 0x41, 0xe0,
    0x0, 0x89, 0x62, 0x59, 0xe, 0x1b, 0x41, 0xe0,
    0x0, 0x88, 0x4, 0xde, 0xcf, 0xce, 0xdc, 0xfa,
    0x0, 0x88, 0x1, 0x44, 0x44, 0x44, 0x44, 0x43,

    /* U+97EC "韬" */
    0x0, 0x44, 0x0, 0x0, 0x0, 0x0, 0x0, 0x0,
    0x0, 0x88, 0x0, 0x1, 0x23, 0x45, 0x78, 0xa0,
    0x22, 0x99, 0x22, 0x7f, 0xff, 0xed, 0xba, 0x80,
    0xdf, 0xff, 0xff, 0x12, 0x0, 0x90, 0x2, 0x80,
    0x0, 0x88, 0x0, 0x1f, 0x10, 0xe3, 0x8, 0xa0,
    0x11, 0x99, 0x11, 0xb, 0x70, 0xa8, 0x1e, 0x30,
    0x9f, 0xff, 0xfb, 0x5, 0x90, 0x33, 0x4a, 0x0,
    0x0, 0x88, 0x0, 0x4, 0x8d, 0x75, 0x88, 0x80,
    0x22, 0x99, 0x22, 0xf, 0x94, 0x4, 0x89, 0xe0,
    0xef, 0xff, 0xff, 0x2f, 0x20, 0x0, 0x2, 0xe0,
    0x0, 0x88, 0xf, 0x1f, 0x31, 0x0, 0x13, 0xe0,
    0x0, 0x88, 0xf, 0xf, 0xff, 0x69, 0xff, 0xe0,
    0x0, 0x8b, 0x8e, 0xf, 0x20, 0x0, 0x2, 0xe0,
    0x0, 0x8a, 0x83, 0xf, 0x20, 0x0, 0x2, 0xe0,
    0x0, 0x88, 0x0, 0xf, 0xff, 0xff, 0xff, 0xe0,
    0x0, 0x88, 0x0, 0xf, 0x31, 0x11, 0x14, 0xe0,
    0x0, 0x0, 0x0, 0x0, 0x0, 0x0, 0x0, 0x0,

    /* U+987C "顼" */
    0x0, 0x0, 0x0, 0x36, 0x66, 0x66, 0x66, 0x64,
    0xaf, 0xff, 0xff, 0x7b, 0xbc, 0xfc, 0xbb, 0xb7,
    0x12, 0x8c, 0x22, 0x0, 0x4, 0xf0, 0x0, 0x0,
    0x0, 0x7c, 0x0, 0x2, 0x28, 0xd2, 0x22, 0x20,
    0x0, 0x7c, 0x0, 0x4f, 0xff, 0xff, 0xff, 0xe0,
    0x12, 0x8c, 0x22, 0x4e, 0x0, 0x20, 0x4, 0xe0,
    0x7f, 0xff, 0xfb, 0x4e, 0x0, 0xe4, 0x4, 0xe0,
    0x0, 0x7c, 0x0, 0x4e, 0x0, 0xe4, 0x4, 0xe0,
    0x0, 0x7c, 0x0, 0x4e, 0x0, 0xf3, 0x4, 0xe0,
    0x0, 0x7c, 0x0, 0x4e, 0x0, 0xf2, 0x4, 0xe0,
    0x0, 0x7c, 0x4, 0x5e, 0x3, 0xf0, 0x4, 0xe0,
    0x1, 0x9f, 0xfe, 0x6e, 0xa, 0xf6, 0x4, 0xe0,
    0x9f, 0xe9, 0x40, 0x0, 0x8f, 0x7e, 0xd4, 0x0,
    0x33, 0x0, 0x0, 0x3b, 0xf5, 0x1, 0x9f, 0xa1,
    0x0, 0x0, 0x8, 0xfb, 0x20, 0x0, 0x4, 0xd8,
    0x0, 0x0, 0x2, 0x30, 0x0, 0x0, 0x0, 0x0,

    /* U+98E7 "飧" */
    0x0, 0x0, 0x0, 0x0, 0x0, 0x0, 0x0, 0x0,
    0x0, 0x9, 0x70, 0x0, 0x0, 0x3f, 0x80, 0x0,
    0x0, 0x0, 0xb5, 0x0, 0x0, 0x1e, 0x5e, 0x40,
    0x0, 0x0, 0xe, 0xff, 0xb0, 0x2d, 0xac, 0x4f,
    0x50, 0x0, 0x1, 0xe2, 0x8b, 0x4e, 0x80, 0xe5,
    0x5f, 0x91, 0x0, 0x6a, 0x8, 0xef, 0xb4, 0x47,
    0x44, 0x7e, 0xd0, 0xb, 0x50, 0xa9, 0x8f, 0xcc,
    0xcc, 0xcf, 0x23, 0x1, 0xe1, 0xd, 0x53, 0xe0,
    0x0, 0x0, 0xf1, 0x0, 0x89, 0x93, 0xf2, 0x3f,
    0xee, 0xee, 0xef, 0x10, 0x2, 0x27, 0xfd, 0x3,
    0xe0, 0x0, 0x0, 0xf1, 0x0, 0x0, 0xb, 0x80,
    0x3f, 0xff, 0xff, 0xff, 0x10, 0x0, 0x1, 0xf3,
    0x3, 0xe1, 0x11, 0x11, 0xcd, 0x10, 0x0, 0x9b,
    0x0, 0x3e, 0xc, 0x92, 0x7f, 0xa1, 0x0, 0x3f,
    0x30, 0x3, 0xe0, 0x3a, 0xff, 0x70, 0x0, 0xc,
    0xa0, 0x0, 0x4e, 0x5b, 0x72, 0x9f, 0xb3, 0x5,
    0xe1, 0x0, 0x7, 0xfd, 0x71, 0x0, 0x2a, 0xb0,
    0x1, 0x0, 0x0, 0x4, 0x0, 0x0, 0x0, 0x0,
    0x0,

    /* U+9963 "饣" */
    0x0, 0x2, 0x20, 0x0, 0x0, 0x0, 0xa, 0xc0,
    0x0, 0x0, 0x0, 0x1f, 0x60, 0x0, 0x0, 0x0,
    0x7f, 0xdd, 0xdd, 0xd7, 0x0, 0xe9, 0x44, 0x45,
    0xf7, 0x8, 0xe0, 0x20, 0x5, 0xf1, 0x2f, 0x60,
    0xf5, 0xc, 0x90, 0x7b, 0x0, 0xf5, 0x8, 0x20,
    0x0, 0x0, 0xf5, 0x0, 0x0, 0x0, 0x0, 0xf5,
    0x0, 0x0, 0x0, 0x0, 0xf5, 0x0, 0x0, 0x0,
    0x0, 0xf5, 0x0, 0x10, 0x0, 0x0, 0xf5, 0x2c,
    0x80, 0x0, 0x0, 0xfc, 0xfc, 0x20, 0x0, 0x4,
    0xfe, 0x50, 0x0, 0x0, 0x0, 0xa1, 0x0, 0x0,

    /* U+9967 "饧" */
    0x0, 0x4, 0x0, 0x0, 0x0, 0x0, 0x0, 0x0,
    0x0, 0x3f, 0x10, 0x7, 0x88, 0x88, 0x88, 0x82,
    0x0, 0x8b, 0x0, 0x9, 0xaa, 0xaa, 0xbf, 0xf2,
    0x0, 0xcf, 0xff, 0xf1, 0x0, 0x4, 0xec, 0x20,
    0x3, 0xf2, 0x26, 0xe0, 0x0, 0x9f, 0x60, 0x0,
    0xa, 0x90, 0xb, 0x90, 0x3d, 0xb2, 0x0, 0x0,
    0xf, 0x28, 0x2e, 0x38, 0xf9, 0x22, 0x22, 0x22,
    0x4, 0xe, 0x40, 0xd, 0xff, 0xff, 0xff, 0xfe,
    0x0, 0xe, 0x40, 0x0, 0x8b, 0x4, 0xe0, 0x4d,
    0x0, 0xe, 0x40, 0x1, 0xf4, 0x8, 0xa0, 0x5d,
    0x0, 0xe, 0x40, 0xc, 0xb0, 0xe, 0x50, 0x6c,
    0x0, 0xe, 0x40, 0xdd, 0x10, 0x6e, 0x0, 0x7b,
    0x0, 0xe, 0x40, 0x71, 0x1, 0xe6, 0x0, 0x7a,
    0x0, 0xe, 0x7d, 0x70, 0xc, 0xa0, 0x0, 0x99,
    0x0, 0x1f, 0xf9, 0x1, 0xcc, 0x14, 0x34, 0xe5,
    0x0, 0x3e, 0x40, 0xb, 0xb0, 0xf, 0xff, 0xb0,
    0x0, 0x0, 0x0, 0x1, 0x0, 0x0, 0x0, 0x0,

    /* U+9968 "饨" */
    0x0, 0xc, 0x30, 0x0, 0x0, 0x4c, 0x0, 0x0,
    0x0, 0x2, 0xf0, 0x0, 0x12, 0x26, 0xe2, 0x22,
    0x20, 0x0, 0x7f, 0xff, 0xbe, 0xff, 0xff, 0xff,
    0xff, 0x10, 0xd, 0x51, 0x98, 0x0, 0x4, 0xe0,
    0x0, 0x0, 0x4, 0xe0, 0xe, 0x29, 0x50, 0x4e,
    0x0, 0xa4, 0x0, 0xc8, 0xb3, 0x60, 0xc6, 0x4,
    0xe0, 0xd, 0x50, 0x6, 0x1e, 0x30, 0xc, 0x60,
    0x4e, 0x0, 0xd5, 0x0, 0x0, 0xe3, 0x0, 0xc6,
    0x4, 0xe0, 0xd, 0x50, 0x0, 0xe, 0x30, 0xc,
    0xdb, 0xcf, 0xbb, 0xf5, 0x0, 0x0, 0xe3, 0x0,
    0x46, 0x69, 0xe6, 0x6e, 0x50, 0x0, 0xe, 0x30,
    0x10, 0x0, 0x4e, 0x0, 0x2, 0x0, 0x0, 0xe3,
    0x88, 0x0, 0x4, 0xe0, 0x0, 0xb7, 0x0, 0xe,
    0xce, 0x20, 0x0, 0x4e, 0x0, 0xc, 0x60, 0x2,
    0xfc, 0x10, 0x0, 0x3, 0xf4, 0x24, 0xf3, 0x0,
    0x2c, 0x10, 0x0, 0x0, 0xa, 0xff, 0xf9, 0x0,
    0x0, 0x0, 0x0, 0x0, 0x0, 0x0, 0x0, 0x0,

    /* U+9969 "饩" */
    0x0, 0x44, 0x0, 0x0, 0x52, 0x0, 0x0, 0x0,
    0x0, 0xb8, 0x0, 0x0, 0xe5, 0x0, 0x0, 0x0,
    0x0, 0xf6, 0x33, 0x4, 0xfc, 0xcc, 0xcc, 0xc4,
    0x4, 0xfe, 0xef, 0x9, 0x94, 0x44, 0x44, 0x41,
    0x9, 0x80, 0x5b, 0x1f, 0x10, 0x0, 0x0, 0x0,
    0x1f, 0x20, 0xb5, 0x8b, 0xef, 0xff, 0xff, 0x20,
    0x7c, 0x4b, 0x40, 0xd3, 0x12, 0x22, 0x22, 0x0,
    0x45, 0x5e, 0x0, 0x42, 0x22, 0x22, 0x20, 0x0,
    0x0, 0x5e, 0x2, 0xff, 0xff, 0xff, 0xf3, 0x0,
    0x0, 0x5e, 0x0, 0x0, 0x0, 0x0, 0xf3, 0x0,
    0x0, 0x5e, 0x0, 0x0, 0x0, 0x0, 0xf3, 0x0,
    0x0, 0x5e, 0x0, 0x10, 0x0, 0x0, 0xf4, 0x23,
    0x0, 0x5e, 0x5, 0xe0, 0x0, 0x0, 0xd6, 0x5d,
    0x0, 0x5e, 0xae, 0x40, 0x0, 0x0, 0xb9, 0x7b,
    0x0, 0x9f, 0xa1, 0x0, 0x0, 0x0, 0x6e, 0xc8,
    0x0, 0x37, 0x0, 0x0, 0x0, 0x0, 0xb, 0xe2,
    0x0, 0x0, 0x0, 0x0, 0x0, 0x0, 0x0, 0x0,

    /* U+996A "饪" */
    0x0, 0x50, 0x0, 0x0, 0x0, 0x0, 0x0, 0x0,
    0x2, 0xf0, 0x0, 0x1, 0x34, 0x57, 0x89, 0xb2,
    0x7, 0xb0, 0x0, 0x6f, 0xfe, 0xfd, 0xb9, 0x82,
    0xc, 0xff, 0xff, 0x20, 0x0, 0xc7, 0x0, 0x0,
    0x2f, 0x22, 0x5f, 0x0, 0x0, 0xc7, 0x0, 0x0,
    0x99, 0x0, 0x8b, 0x0, 0x0, 0xc7, 0x0, 0x0,
    0xd2, 0x71, 0xd6, 0x0, 0x0, 0xc7, 0x0, 0x0,
    0x30, 0xe3, 0x21, 0x22, 0x22, 0xc8, 0x22, 0x22,
    0x0, 0xe3, 0x1, 0xff, 0xff, 0xff, 0xff, 0xfb,
    0x0, 0xe3, 0x0, 0x0, 0x0, 0xc7, 0x0, 0x0,
    0x0, 0xe3, 0x0, 0x0, 0x0, 0xc7, 0x0, 0x0,
    0x0, 0xe3, 0x0, 0x0, 0x0, 0xc7, 0x0, 0x0,
    0x0, 0xe3, 0x47, 0x0, 0x0, 0xc7, 0x0, 0x0,
    0x0, 0xfc, 0xf6, 0x0, 0x0, 0xc7, 0x0, 0x0,
    0x3, 0xfb, 0x20, 0x9f, 0xff, 0xff, 0xff, 0xf7,
    0x0, 0x60, 0x0, 0x12, 0x22, 0x22, 0x22, 0x21,

    /* U+996B "饫" */
    0x0, 0x4, 0x0, 0x0, 0x0, 0x0, 0x0, 0x0,
    0x0, 0x3, 0xf1, 0x0, 0x1, 0x23, 0x46, 0x79,
    0xa0, 0x0, 0x8b, 0x0, 0x6, 0xff, 0xef, 0xda,
    0x97, 0x0, 0xd, 0xff, 0xff, 0x20, 0x0, 0xe5,
    0x0, 0x0, 0x3, 0xf2, 0x26, 0xf0, 0x0, 0xe,
    0x50, 0x0, 0x0, 0xb8, 0x0, 0xb9, 0x0, 0x0,
    0xe4, 0x0, 0x0, 0xe, 0x19, 0x3c, 0x20, 0x0,
    0xf, 0x40, 0x0, 0x0, 0x20, 0xe4, 0x1, 0xff,
    0xff, 0xff, 0xff, 0xf9, 0x0, 0xe, 0x40, 0x2,
    0x22, 0x6f, 0xa2, 0x22, 0x10, 0x0, 0xe4, 0x0,
    0x0, 0x9, 0xdd, 0x0, 0x0, 0x0, 0xe, 0x40,
    0x0, 0x0, 0xe5, 0xe3, 0x0, 0x0, 0x0, 0xe4,
    0x0, 0x0, 0x7e, 0x9, 0xb0, 0x0, 0x0, 0xe,
    0x43, 0x40, 0x2f, 0x60, 0x1f, 0x50, 0x0, 0x0,
    0xeb, 0xf5, 0x1d, 0xb0, 0x0, 0x7f, 0x20, 0x0,
    0x3f, 0xd3, 0x2d, 0xd0, 0x0, 0x0, 0xbf, 0x50,
    0x1, 0x80, 0x9, 0xb1, 0x0, 0x0, 0x0, 0xb4,
    0x0, 0x0, 0x0, 0x0, 0x0, 0x0, 0x0, 0x0,
    0x0,

    /* U+996C "饬" */
    0x0, 0x4, 0x0, 0x0, 0x14, 0x0, 0x0, 0x0,
    0x0, 0x2, 0xf2, 0x0, 0x6, 0xd0, 0x0, 0x0,
    0x0, 0x0, 0x7d, 0x0, 0x0, 0xcb, 0x55, 0x55,
    0x55, 0x30, 0xc, 0xff, 0xfd, 0x3f, 0xcc, 0xcc,
    0xcc, 0xc6, 0x3, 0xf3, 0x29, 0xbb, 0xa0, 0x62,
    0x0, 0x0, 0x0, 0xa9, 0x0, 0xe7, 0xf2, 0xe,
    0x50, 0x0, 0x0, 0xd, 0x1d, 0x69, 0x1, 0x0,
    0xf5, 0x0, 0x0, 0x0, 0x10, 0xd5, 0x0, 0xef,
    0xff, 0xff, 0xff, 0xc0, 0x0, 0xd, 0x50, 0x2,
    0x23, 0xf5, 0x22, 0x8c, 0x0, 0x0, 0xd5, 0x0,
    0x0, 0x2f, 0x10, 0x7, 0xc0, 0x0, 0xd, 0x50,
    0x0, 0x5, 0xf0, 0x0, 0x7b, 0x0, 0x0, 0xd5,
    0x0, 0x0, 0xbb, 0x0, 0x8, 0xb0, 0x0, 0xd,
    0x59, 0x40, 0x4f, 0x40, 0x0, 0x9a, 0x0, 0x0,
    0xdd, 0xd1, 0x2e, 0xb0, 0x0, 0xb, 0x80, 0x0,
    0x1f, 0xd1, 0x3e, 0xc0, 0x44, 0x35, 0xf5, 0x0,
    0x1, 0xb1, 0xd, 0xc1, 0x9, 0xff, 0xfa, 0x0,
    0x0, 0x0, 0x0, 0x10, 0x0, 0x0, 0x0, 0x0,
    0x0,

    /* U+9974 "饴" */
    0x0, 0x3, 0x0, 0x0, 0x0, 0x20, 0x0, 0x0,
    0x0, 0x1, 0xf2, 0x0, 0x0, 0xd, 0x80, 0x0,
    0x0, 0x0, 0x6d, 0x0, 0x0, 0x5, 0xf1, 0x0,
    0x0, 0x0, 0xb, 0xff, 0xff, 0x10, 0xd7, 0x1,
    0xf2, 0x0, 0x1, 0xf3, 0x5, 0xe0, 0x7d, 0x0,
    0xa, 0xb0, 0x0, 0x7b, 0x0, 0xb7, 0x2f, 0x40,
    0x1, 0x5f, 0x40, 0xe, 0x5a, 0x38, 0x1e, 0xfe,
    0xff, 0xff, 0xec, 0x0, 0x50, 0xe4, 0x0, 0x55,
    0x42, 0x10, 0x2, 0xf3, 0x0, 0xe, 0x40, 0x0,
    0x0, 0x0, 0x0, 0x1, 0x0, 0x0, 0xe4, 0x0,
    0x4f, 0xff, 0xff, 0xff, 0x40, 0x0, 0xe, 0x40,
    0x4, 0xe1, 0x11, 0x11, 0xe4, 0x0, 0x0, 0xe4,
    0x0, 0x4e, 0x0, 0x0, 0xe, 0x40, 0x0, 0xe,
    0x42, 0x54, 0xe0, 0x0, 0x0, 0xe4, 0x0, 0x0,
    0xea, 0xf7, 0x4e, 0x0, 0x0, 0xe, 0x40, 0x0,
    0x3f, 0xc3, 0x4, 0xff, 0xff, 0xff, 0xf4, 0x0,
    0x0, 0x50, 0x0, 0x4e, 0x0, 0x0, 0xe, 0x40,
    0x0, 0x0, 0x0, 0x0, 0x0, 0x0, 0x0, 0x0,
    0x0,

    /* U+9977 "饷" */
    0x0, 0x20, 0x0, 0x0, 0x3, 0x0, 0x0, 0x0,
    0x1f, 0x10, 0x0, 0x1, 0xf6, 0x0, 0x0, 0x5,
    0xd0, 0x0, 0x11, 0x7e, 0x21, 0x11, 0x10, 0x9f,
    0xee, 0x8e, 0xff, 0xff, 0xff, 0xff, 0xe, 0x41,
    0xc6, 0xe2, 0x0, 0x0, 0x1, 0xf4, 0xe0, 0x1f,
    0x1e, 0x20, 0x0, 0x0, 0x1f, 0xa9, 0xa4, 0x70,
    0xe2, 0xcf, 0xee, 0xe1, 0xf5, 0x2e, 0x30, 0xe,
    0x2c, 0x40, 0x2e, 0x1f, 0x0, 0xe3, 0x0, 0xe2,
    0xc4, 0x2, 0xe1, 0xf0, 0xe, 0x30, 0xe, 0x2c,
    0x40, 0x2e, 0x1f, 0x0, 0xe3, 0x0, 0xe2, 0xc4,
    0x2, 0xe1, 0xf0, 0xe, 0x30, 0xe, 0x2c, 0xfe,
    0xee, 0x1f, 0x0, 0xe3, 0x23, 0xe2, 0xc4, 0x0,
    0x1, 0xf0, 0xf, 0x9f, 0x5e, 0x22, 0x0, 0x0,
    0x1f, 0x3, 0xfd, 0x40, 0xe2, 0x0, 0x2, 0x27,
    0xf0, 0x7, 0x0, 0xe, 0x20, 0x0, 0x8f, 0xf8,
    0x0, 0x0, 0x0, 0x20, 0x0, 0x0, 0x0, 0x0,

    /* U+997D "饽" */
    0x0, 0x0, 0x0, 0x0, 0x0, 0x10, 0x0, 0x0,
    0x1, 0xf0, 0x0, 0x0, 0x0, 0xc5, 0x0, 0x0,
    0x4, 0xc0, 0x0, 0x7f, 0xff, 0xff, 0xff, 0xf0,
    0x9, 0xfd, 0xd9, 0x1, 0x11, 0xd6, 0x11, 0x10,
    0xe, 0x86, 0xc9, 0x11, 0x11, 0xd6, 0x11, 0x10,
    0x5d, 0x0, 0xe3, 0xff, 0xff, 0xff, 0xff, 0xf7,
    0xb7, 0xc6, 0xc0, 0xf2, 0x0, 0x0, 0x0, 0xa7,
    0x30, 0xe3, 0x0, 0xe5, 0xff, 0xff, 0xfd, 0x97,
    0x0, 0xe3, 0x0, 0x0, 0x22, 0x25, 0xf9, 0x0,
    0x0, 0xe3, 0x0, 0x0, 0x0, 0x5f, 0x70, 0x0,
    0x0, 0xe3, 0x0, 0x11, 0x11, 0xc8, 0x11, 0x11,
    0x0, 0xe3, 0x2, 0xff, 0xff, 0xff, 0xff, 0xfd,
    0x0, 0xe3, 0x99, 0x0, 0x0, 0xb7, 0x0, 0x0,
    0x0, 0xfe, 0xd2, 0x0, 0x0, 0xb7, 0x0, 0x0,
    0x3, 0xfb, 0x10, 0x2, 0x44, 0xe6, 0x0, 0x0,
    0x0, 0x70, 0x0, 0x4, 0xff, 0xd1, 0x0, 0x0,
    0x0, 0x0, 0x0, 0x0, 0x0, 0x0, 0x0, 0x0,

    /* U+9980 "馀" */
    0x0, 0x51, 0x0, 0x0, 0x0, 0x20, 0x0, 0x0,
    0x1, 0xf2, 0x0, 0x0, 0x8, 0xf2, 0x0, 0x0,
    0x6, 0xd0, 0x0, 0x0, 0x3f, 0xbb, 0x0, 0x0,
    0xa, 0xff, 0xfa, 0x1, 0xe6, 0xc, 0x90, 0x0,
    0x1f, 0x30, 0xa8, 0x2d, 0x90, 0x1, 0xda, 0x0,
    0x7b, 0x1, 0xf5, 0xeb, 0x11, 0x11, 0x3e, 0xe3,
    0xd5, 0xd4, 0x49, 0x9f, 0xff, 0xff, 0xfa, 0x93,
    0x30, 0xe3, 0x0, 0x0, 0x3, 0xf0, 0x0, 0x0,
    0x0, 0xe3, 0x0, 0x0, 0x3, 0xf0, 0x0, 0x0,
    0x0, 0xe3, 0x9, 0xff, 0xff, 0xff, 0xff, 0xf1,
    0x0, 0xe3, 0x1, 0x22, 0x24, 0xf2, 0x22, 0x20,
    0x0, 0xe3, 0x11, 0x1d, 0x13, 0xf0, 0xa3, 0x0,
    0x0, 0xe5, 0xd5, 0x9a, 0x3, 0xf0, 0x8e, 0x10,
    0x0, 0xff, 0x93, 0xf2, 0x3, 0xf0, 0xb, 0xc0,
    0x3, 0xf8, 0xc, 0x72, 0x38, 0xe0, 0x1, 0xc2,
    0x0, 0x60, 0x1, 0x7, 0xff, 0x70, 0x0, 0x0,
    0x0, 0x0, 0x0, 0x0, 0x0, 0x0, 0x0, 0x0,

    /* U+9984 "馄" */
    0x1, 0xb0, 0x0, 0x33, 0x33, 0x33, 0x33, 0x30,
    0x5, 0xd0, 0x0, 0xed, 0xcc, 0xcc, 0xcd, 0xe0,
    0x9, 0xda, 0xa4, 0xe3, 0x0, 0x0, 0x3, 0xe0,
    0xe, 0x65, 0xc6, 0xef, 0xff, 0xff, 0xff, 0xe0,
    0x5c, 0x0, 0xe2, 0xe4, 0x11, 0x11, 0x14, 0xe0,
    0xa6, 0x43, 0xe0, 0xe4, 0x11, 0x11, 0x14, 0xe0,
    0x21, 0xf3, 0x30, 0xef, 0xff, 0xff, 0xff, 0xe0,
    0x0, 0xf2, 0x0, 0x81, 0x0, 0x15, 0x1, 0x60,
    0x0, 0xf2, 0x0, 0xf2, 0x0, 0x2e, 0x2, 0xa4,
    0x0, 0xf2, 0x0, 0xff, 0xfc, 0x2f, 0xaf, 0x80,
    0x0, 0xf2, 0x0, 0xf3, 0x11, 0x2f, 0xa1, 0x1,
    0x0, 0xf2, 0x42, 0xf2, 0x0, 0x2e, 0x0, 0x4d,
    0x0, 0xfa, 0xf3, 0xf2, 0x28, 0x2e, 0x0, 0x6b,
    0x2, 0xfd, 0x20, 0xfd, 0xf9, 0x2f, 0x43, 0xb9,
    0x2, 0xa0, 0x1, 0xe8, 0x10, 0xa, 0xff, 0xd2,
    0x0, 0x0, 0x0, 0x0, 0x0, 0x0, 0x0, 0x0,

    /* U+9987 "馇" */
    0x0, 0x50, 0x0, 0x0, 0x0, 0x80, 0x0, 0x0,
    0x2, 0xf0, 0x0, 0x0, 0x0, 0xf0, 0x0, 0x0,
    0x6, 0xb0, 0x0, 0xcc, 0xcc, 0xfc, 0xcc, 0xc1,
    0xa, 0xfd, 0xd7, 0x33, 0x5d, 0xfe, 0x53, 0x30,
    0x1f, 0x43, 0xc6, 0x4, 0xd3, 0xf4, 0xe5, 0x0,
    0x7b, 0x0, 0xf4, 0xbe, 0x30, 0xf0, 0x3e, 0xd4,
    0xc5, 0xb6, 0xc4, 0xa1, 0x0, 0x80, 0x1, 0x82,
    0x20, 0xe3, 0x0, 0x6f, 0xff, 0xff, 0xff, 0x40,
    0x0, 0xe3, 0x0, 0x6b, 0x0, 0x0, 0xd, 0x40,
    0x0, 0xe3, 0x0, 0x6e, 0xcc, 0xcc, 0xcf, 0x40,
    0x0, 0xe3, 0x0, 0x6c, 0x33, 0x33, 0x3d, 0x40,
    0x0, 0xe3, 0x1, 0x6b, 0x0, 0x0, 0xd, 0x40,
    0x0, 0xe4, 0xc6, 0x6f, 0xff, 0xff, 0xff, 0x40,
    0x0, 0xff, 0xc0, 0x47, 0x0, 0x0, 0x8, 0x20,
    0x2, 0xfc, 0x0, 0x0, 0x0, 0x0, 0x0, 0x0,
    0x2, 0xb0, 0xe, 0xff, 0xff, 0xff, 0xff, 0xf9,
    0x0, 0x0, 0x0, 0x0, 0x0, 0x0, 0x0, 0x0,

    /* U+998A "馊" */
    0x0, 0x0, 0x0, 0x0, 0x0, 0x50, 0x0, 0x0,
    0x1, 0xf1, 0x0, 0x1, 0x71, 0xf2, 0x0, 0x0,
    0x4, 0xd0, 0x0, 0xdf, 0xb4, 0xf7, 0xff, 0xf0,
    0x9, 0xd8, 0x83, 0xf2, 0x0, 0xf1, 0x2, 0xf0,
    0xe, 0xba, 0xe6, 0xf3, 0x21, 0xf2, 0x23, 0xf0,
    0x6e, 0x0, 0xf1, 0xfe, 0xe5, 0xf4, 0xee, 0xf0,
    0xb6, 0xb6, 0xb0, 0xf2, 0x0, 0xf1, 0x2, 0xf0,
    0x10, 0xe2, 0x0, 0xfc, 0xcc, 0xfc, 0xcc, 0xf0,
    0x0, 0xe2, 0x0, 0xd5, 0x33, 0xf5, 0x35, 0xd0,
    0x0, 0xe2, 0x0, 0x0, 0x0, 0xf1, 0x0, 0x0,
    0x0, 0xe2, 0x1, 0xff, 0xff, 0xff, 0xff, 0x50,
    0x0, 0xe2, 0x10, 0xa, 0xa0, 0x0, 0x7d, 0x0,
    0x0, 0xe3, 0xd3, 0x1, 0xd9, 0x8, 0xe2, 0x0,
    0x0, 0xfe, 0x90, 0x0, 0x1e, 0xee, 0x20, 0x0,
    0x3, 0xf8, 0x1, 0x48, 0xee, 0xaf, 0xd8, 0x52,
    0x0, 0x50, 0x3f, 0xea, 0x50, 0x1, 0x7a, 0xe5,
    0x0, 0x0, 0x1, 0x0, 0x0, 0x0, 0x0, 0x0,

    /* U+998D "馍" */
    0x0, 0x0, 0x0, 0x0, 0x0, 0x0, 0x0, 0x0,
    0x1, 0xb0, 0x0, 0x5, 0xc0, 0x7, 0x90, 0x0,
    0x4, 0xd0, 0x6, 0x8a, 0xe8, 0x8c, 0xc8, 0x82,
    0x9, 0xb4, 0x47, 0x7a, 0xe7, 0x7b, 0xc7, 0x72,
    0xe, 0xdc, 0xf4, 0x4, 0x90, 0x6, 0x80, 0x0,
    0x4e, 0x0, 0xe0, 0xff, 0xff, 0xff, 0xff, 0x50,
    0xc7, 0xa6, 0xb0, 0xf2, 0x0, 0x0, 0xb, 0x50,
    0x50, 0xe4, 0x30, 0xff, 0xff, 0xff, 0xff, 0x50,
    0x0, 0xe2, 0x0, 0xf2, 0x0, 0x0, 0xb, 0x50,
    0x0, 0xe2, 0x0, 0xff, 0xff, 0xff, 0xff, 0x50,
    0x0, 0xe2, 0x0, 0xb1, 0xa, 0x60, 0x8, 0x40,
    0x0, 0xe2, 0xc, 0xee, 0xef, 0xee, 0xee, 0xe5,
    0x0, 0xe5, 0xb1, 0x22, 0x5e, 0xd7, 0x22, 0x20,
    0x0, 0xff, 0x80, 0x4, 0xe5, 0x2e, 0x70, 0x0,
    0x3, 0xf7, 0x16, 0xce, 0x50, 0x2, 0xde, 0x82,
    0x0, 0x50, 0x4d, 0x70, 0x0, 0x0, 0x6, 0xb1,
    0x0, 0x0, 0x0, 0x0, 0x0, 0x0, 0x0, 0x0,

    /* U+9990 "馐" */
    0x0, 0x0, 0x0, 0x0, 0x0, 0x0, 0x1, 0x0,
    0x1, 0xd0, 0x0, 0x8, 0xb0, 0x0, 0x8c, 0x0,
    0x5, 0xc0, 0x0, 0x11, 0xd6, 0x14, 0xf3, 0x10,
    0xa, 0xc6, 0x65, 0xff, 0xff, 0xff, 0xff, 0xf4,
    0xf, 0xa9, 0xe7, 0x0, 0x88, 0x0, 0x0, 0x0,
    0x6c, 0x0, 0xf2, 0xcf, 0xff, 0xff, 0xff, 0xb0,
    0xc5, 0xd7, 0xc0, 0x11, 0xe4, 0x11, 0x11, 0x0,
    0x20, 0xe2, 0xc, 0xee, 0xfe, 0xee, 0xee, 0xe8,
    0x0, 0xe2, 0x2, 0x29, 0xb2, 0x22, 0x22, 0x21,
    0x0, 0xe2, 0x0, 0xd, 0x93, 0x33, 0x33, 0x0,
    0x0, 0xe2, 0x30, 0x4f, 0xce, 0xec, 0xcf, 0x40,
    0x0, 0xe5, 0xe1, 0xc9, 0xa, 0x60, 0xd, 0x30,
    0x0, 0xef, 0x86, 0xed, 0xff, 0xff, 0xff, 0x30,
    0x1, 0xfc, 0x3f, 0x60, 0xf, 0x10, 0xe, 0x20,
    0x2, 0xe3, 0xd9, 0x0, 0x1f, 0x0, 0xe, 0x20,
    0x0, 0x10, 0x80, 0xff, 0xff, 0xff, 0xff, 0xf7,

    /* U+9991 "馑" */
    0x0, 0x0, 0x0, 0x2, 0x0, 0x0, 0x11, 0x0,
    0x1, 0xf0, 0x0, 0xc, 0x50, 0x0, 0xa7, 0x0,
    0x4, 0xd0, 0xe, 0xff, 0xff, 0xff, 0xff, 0xfb,
    0x9, 0xea, 0xa5, 0xc, 0x50, 0x0, 0xa7, 0x0,
    0xe, 0x86, 0xc7, 0xc, 0xee, 0xee, 0xf7, 0x0,
    0x4d, 0x0, 0xe3, 0x5, 0x23, 0xe0, 0x43, 0x0,
    0xb7, 0xc6, 0xe4, 0xee, 0xee, 0xfe, 0xee, 0xe1,
    0x30, 0xe2, 0x5, 0xc0, 0x3, 0xe0, 0x0, 0xf1,
    0x0, 0xe2, 0x5, 0xe9, 0x9a, 0xf9, 0x99, 0xf1,
    0x0, 0xe2, 0x4, 0xa5, 0x57, 0xe5, 0x55, 0xb1,
    0x0, 0xe2, 0x5, 0xbb, 0xbc, 0xfb, 0xbb, 0xb2,
    0x0, 0xe2, 0x1, 0x33, 0x36, 0xe3, 0x33, 0x30,
    0x0, 0xe2, 0xb2, 0x33, 0x36, 0xe3, 0x33, 0x20,
    0x0, 0xec, 0xe2, 0xbb, 0xbc, 0xfb, 0xbb, 0x80,
    0x2, 0xfd, 0x20, 0x0, 0x3, 0xe0, 0x0, 0x0,
    0x2, 0xb1, 0x5f, 0xff, 0xff, 0xff, 0xff, 0xfd,
    0x0, 0x0, 0x0, 0x0, 0x0, 0x0, 0x0, 0x0,

    /* U+9993 "馓" */
    0x0, 0x30, 0x0, 0x60, 0x32, 0x0, 0x40, 0x0,
    0x1, 0xf0, 0x0, 0xf0, 0x87, 0x0, 0xd1, 0x0,
    0x5, 0xc0, 0x2, 0xf2, 0x98, 0x10, 0xe0, 0x0,
    0x9, 0xc5, 0x5c, 0xfc, 0xed, 0x73, 0xc1, 0x11,
    0xe, 0x8b, 0xa0, 0xf0, 0x87, 0x7, 0xcb, 0xf8,
    0x4d, 0xd, 0x7b, 0xfb, 0xdd, 0x8c, 0x40, 0xf0,
    0x98, 0x94, 0x13, 0x33, 0x33, 0x4f, 0x52, 0xe0,
    0x92, 0xf1, 0x1, 0x22, 0x22, 0x8d, 0x64, 0xb0,
    0x0, 0xf1, 0xc, 0xdc, 0xcf, 0x65, 0x86, 0x90,
    0x0, 0xf1, 0xc, 0x40, 0xe, 0x21, 0xca, 0x50,
    0x0, 0xf1, 0xc, 0xee, 0xef, 0x20, 0xde, 0x10,
    0x0, 0xf1, 0xc, 0x40, 0xe, 0x20, 0x9c, 0x0,
    0x0, 0xf2, 0x6c, 0xee, 0xef, 0x20, 0xde, 0x0,
    0x0, 0xfd, 0x8c, 0x40, 0xe, 0x27, 0xcb, 0x90,
    0x2, 0xf9, 0xc, 0x40, 0x1f, 0x7f, 0x22, 0xf7,
    0x1, 0x80, 0xc, 0x4b, 0xfb, 0xa5, 0x0, 0x47,
    0x0, 0x0, 0x0, 0x0, 0x0, 0x0, 0x0, 0x0,

    /* U+9994 "馔" */
    0x0, 0x30, 0x0, 0x0, 0x0, 0x0, 0x0, 0x0,
    0x2, 0xf0, 0x5, 0xdd, 0xda, 0x2d, 0xdd, 0xd0,
    0x6, 0xb0, 0x6, 0x80, 0x2d, 0x2c, 0x0, 0xe1,
    0xa, 0xfd, 0xd9, 0x80, 0x2d, 0x2c, 0x0, 0xe1,
    0xe, 0x64, 0xf8, 0xfe, 0xeb, 0x2f, 0xee, 0xe0,
    0x5d, 0x5, 0xc6, 0x80, 0x7, 0x6c, 0x0, 0x56,
    0xa7, 0x45, 0x55, 0xc2, 0x2c, 0x6e, 0x32, 0xa7,
    0x81, 0xf1, 0x0, 0x9c, 0xc9, 0x8, 0xcc, 0xa1,
    0x0, 0xf1, 0x0, 0x5, 0xa0, 0x2, 0xd0, 0x0,
    0x0, 0xf1, 0xa, 0xff, 0xff, 0xff, 0xff, 0xf3,
    0x0, 0xf1, 0x0, 0x6, 0xb0, 0x3, 0xe0, 0x0,
    0x0, 0xf1, 0x0, 0x6, 0xb0, 0x3, 0xe0, 0x0,
    0x0, 0xf2, 0x6f, 0xff, 0xff, 0xff, 0xff, 0xfc,
    0x0, 0xfd, 0x90, 0x2, 0x70, 0x4, 0x50, 0x0,
    0x3, 0xfa, 0x4, 0xaf, 0xa1, 0x5, 0xde, 0x71,
    0x1, 0x90, 0x1d, 0x81, 0x0, 0x0, 0x4, 0xb8,
    0x0, 0x0, 0x0, 0x0, 0x0, 0x0, 0x0, 0x0,

    /* U+9995 "馕" */
    0x0, 0x0, 0x0, 0x0, 0x0, 0x20, 0x0, 0x0,
    0x3, 0xc0, 0x7, 0xbb, 0xbc, 0xfb, 0xbb, 0xb5,
    0x6, 0x90, 0x0, 0x45, 0x56, 0xe5, 0x55, 0x30,
    0xb, 0xdb, 0xa0, 0xe5, 0x56, 0xe5, 0x57, 0xa0,
    0xf, 0x78, 0xd0, 0xd9, 0x9a, 0xe9, 0x9b, 0xa0,
    0x5b, 0x7, 0x99, 0xaa, 0xab, 0xfa, 0xaa, 0xa6,
    0xa6, 0xc9, 0x4d, 0x76, 0x66, 0x16, 0x66, 0x99,
    0x21, 0xe0, 0x2, 0xd5, 0x5f, 0x3c, 0x55, 0xe0,
    0x1, 0xe0, 0x1, 0xa8, 0xda, 0x29, 0xe7, 0x90,
    0x1, 0xe0, 0x6, 0xab, 0xea, 0xaa, 0xfa, 0xa3,
    0x1, 0xe0, 0x2, 0x67, 0xd6, 0x66, 0xe6, 0x60,
    0x1, 0xe0, 0x1, 0x46, 0xc4, 0x44, 0xe4, 0x40,
    0x1, 0xe4, 0xba, 0xbb, 0xdf, 0xfb, 0xbb, 0xc8,
    0x1, 0xfe, 0x51, 0x5b, 0xc4, 0x8c, 0x4a, 0xc0,
    0x5, 0xf5, 0x5f, 0xad, 0x32, 0x57, 0xdd, 0x61,
    0x1, 0x50, 0x0, 0xe, 0xeb, 0x82, 0x6, 0xc9,
    0x0, 0x0, 0x0, 0x1, 0x0, 0x0, 0x0, 0x0,

    /* U+9A75 "驵" */
    0x2, 0x33, 0x33, 0x10, 0x23, 0x33, 0x33, 0x30,
    0x0, 0x9d, 0xdd, 0xf5, 0xd, 0xee, 0xee, 0xef,
    0x30, 0x0, 0x31, 0xe, 0x40, 0xd5, 0x0, 0x0,
    0xe3, 0x0, 0xf, 0x30, 0xf3, 0xd, 0x50, 0x0,
    0xe, 0x30, 0x0, 0xf2, 0xf, 0x10, 0xd6, 0x11,
    0x11, 0xe3, 0x0, 0x2f, 0x2, 0xf0, 0xd, 0xff,
    0xff, 0xff, 0x30, 0x4, 0xe0, 0x3f, 0x0, 0xd5,
    0x0, 0x0, 0xe3, 0x0, 0x6f, 0xee, 0xfe, 0xd,
    0x50, 0x0, 0xe, 0x30, 0x0, 0x11, 0x13, 0xf0,
    0xd5, 0x0, 0x0, 0xe3, 0x0, 0x0, 0x27, 0x6f,
    0xd, 0xff, 0xff, 0xff, 0x30, 0x9, 0xdf, 0xc6,
    0xe0, 0xd6, 0x11, 0x11, 0xe3, 0x0, 0x96, 0x10,
    0x4d, 0xd, 0x50, 0x0, 0xe, 0x30, 0x0, 0x0,
    0x5, 0xd0, 0xd5, 0x0, 0x0, 0xe3, 0x0, 0x0,
    0x0, 0x9a, 0x1d, 0x61, 0x11, 0x1e, 0x40, 0x0,
    0xaf, 0xff, 0x4f, 0xff, 0xff, 0xff, 0xff, 0xa0,
    0x1, 0x33, 0x0, 0x0, 0x0, 0x0, 0x0, 0x0,

    /* U+9A77 "驷" */
    0x12, 0x22, 0x20, 0x0, 0x0, 0x0, 0x0, 0xa,
    0xee, 0xee, 0xe, 0xff, 0xff, 0xff, 0xff, 0x4,
    0x3, 0xd0, 0xe3, 0x2e, 0xe, 0x22, 0xf0, 0xf1,
    0x5c, 0xe, 0x32, 0xe0, 0xe2, 0x2f, 0x1f, 0x6,
    0xb0, 0xe3, 0x2e, 0xe, 0x22, 0xf2, 0xe0, 0x79,
    0xe, 0x32, 0xe0, 0xe2, 0x2f, 0x4d, 0x8, 0x80,
    0xe3, 0x3d, 0xe, 0x22, 0xf5, 0xff, 0xff, 0x6e,
    0x36, 0xb0, 0xe2, 0x2f, 0x0, 0x0, 0xb5, 0xe3,
    0xb7, 0xe, 0x32, 0xf0, 0x2, 0x5c, 0x5e, 0x8f,
    0x10, 0xaf, 0xff, 0xae, 0xea, 0xc4, 0xef, 0x60,
    0x0, 0x25, 0xf5, 0x30, 0xd, 0x3e, 0x40, 0x0,
    0x0, 0x2f, 0x0, 0x0, 0xe3, 0xe4, 0x11, 0x11,
    0x13, 0xf0, 0x32, 0x4f, 0xe, 0xff, 0xff, 0xff,
    0xff, 0xd, 0xff, 0x70, 0xe3, 0x0, 0x0, 0x2,
    0xf0, 0x0, 0x0, 0x0, 0x0, 0x0, 0x0, 0x0,

    /* U+9A78 "驸" */
    0x0, 0x0, 0x0, 0x0, 0x0, 0x0, 0x0, 0x0,
    0x25, 0x55, 0x51, 0x0, 0xe3, 0x0, 0x3e, 0x0,
    0x6c, 0xcc, 0xf4, 0x6, 0xd0, 0x0, 0x4f, 0x0,
    0x4, 0x10, 0xd3, 0xd, 0x60, 0x0, 0x4f, 0x0,
    0xd, 0x30, 0xe2, 0x4f, 0x7f, 0xff, 0xff, 0xfc,
    0xf, 0x20, 0xf2, 0xdf, 0x43, 0x33, 0x6f, 0x32,
    0xf, 0x10, 0xf8, 0xde, 0x42, 0x0, 0x4f, 0x0,
    0x2f, 0x1, 0xf4, 0x3e, 0x4d, 0x50, 0x4f, 0x0,
    0x3f, 0xff, 0xfc, 0xe, 0x47, 0xc0, 0x4f, 0x0,
    0x0, 0x0, 0x5c, 0xe, 0x41, 0xf4, 0x4f, 0x0,
    0x0, 0x2, 0x6b, 0xe, 0x40, 0x84, 0x4f, 0x0,
    0x5a, 0xef, 0x8b, 0xe, 0x40, 0x0, 0x4f, 0x0,
    0x89, 0x40, 0x6a, 0xe, 0x40, 0x0, 0x4f, 0x0,
    0x0, 0x0, 0x79, 0xe, 0x40, 0x0, 0x4f, 0x0,
    0x2, 0x22, 0xc7, 0xe, 0x41, 0x43, 0x9d, 0x0,
    0x7, 0xff, 0xc1, 0xe, 0x42, 0xff, 0xf5, 0x0,
    0x0, 0x0, 0x0, 0x0, 0x0, 0x1, 0x0, 0x0,

    /* U+9A7A "驺" */
    0x0, 0x0, 0x0, 0x0, 0x6, 0x20, 0x0, 0x0,
    0x5a, 0xaa, 0xa4, 0x0, 0x4f, 0x10, 0x0, 0x0,
    0x37, 0x77, 0xd6, 0x0, 0xdf, 0xee, 0xee, 0x10,
    0x3, 0x10, 0xc5, 0x7, 0xd2, 0x22, 0xac, 0x0,
    0xe, 0x30, 0xe4, 0x4f, 0x20, 0x4, 0xf2, 0x0,
    0xf, 0x10, 0xf2, 0xa6, 0x0, 0x1e, 0x60, 0x0,
    0x1f, 0x0, 0xf1, 0x6f, 0xff, 0xff, 0xff, 0xf0,
    0x3e, 0x2, 0xf0, 0x12, 0x22, 0x22, 0x24, 0xf1,
    0x5f, 0xff, 0xfe, 0x0, 0x0, 0x0, 0x2, 0xf1,
    0x1, 0x11, 0x5e, 0x0, 0x0, 0x0, 0x2, 0xf1,
    0x0, 0x27, 0x5d, 0xf, 0xff, 0xff, 0xff, 0xf1,
    0x8e, 0xfb, 0x6d, 0x2, 0x22, 0x22, 0x23, 0xf1,
    0x65, 0x0, 0x5c, 0x0, 0x0, 0x0, 0x2, 0xf1,
    0x0, 0x0, 0x7b, 0x0, 0x0, 0x0, 0x2, 0xf1,
    0x4, 0x43, 0xd8, 0x8f, 0xff, 0xff, 0xff, 0xf1,
    0x9, 0xff, 0xc1, 0x12, 0x22, 0x22, 0x24, 0xf1,
    0x0, 0x0, 0x0, 0x0, 0x0, 0x0, 0x0, 0x0,

    /* U+9A7D "驽" */
    0x0, 0x6, 0x0, 0x0, 0x0, 0x0, 0x0, 0x0,
    0x0, 0x5d, 0x0, 0x2, 0x88, 0x88, 0x88, 0x20,
    0xbe, 0xff, 0xee, 0xe5, 0xa8, 0x77, 0x7f, 0x30,
    0x3, 0xe1, 0x3, 0xf0, 0x9a, 0x0, 0x7c, 0x0,
    0xa, 0xb1, 0xa, 0xa0, 0x1d, 0x95, 0xf3, 0x0,
    0x2, 0x8e, 0xdf, 0x10, 0x2, 0xff, 0x70, 0x0,
    0x2, 0x7e, 0xbb, 0xf5, 0x9e, 0xc9, 0xfb, 0x61,
    0xbf, 0xa4, 0x0, 0x23, 0xa4, 0x0, 0x27, 0xc2,
    0x10, 0xbf, 0xff, 0xff, 0xff, 0xff, 0x90, 0x0,
    0x0, 0x5, 0x20, 0x0, 0x0, 0xa, 0x70, 0x0,
    0x0, 0xf, 0x41, 0x11, 0x11, 0x1c, 0x61, 0x0,
    0x0, 0x1f, 0xff, 0xff, 0xff, 0xff, 0xff, 0x70,
    0x0, 0x0, 0x0, 0x0, 0x0, 0x0, 0xc, 0x60,
    0x8f, 0xff, 0xff, 0xff, 0xff, 0xfa, 0xe, 0x50,
    0x0, 0x0, 0x0, 0x0, 0x13, 0x22, 0x6f, 0x20,
    0x0, 0x0, 0x0, 0x0, 0x2f, 0xff, 0xe7, 0x0,
    0x0, 0x0, 0x0, 0x0, 0x0, 0x0, 0x0, 0x0,

    /* U+9A7F "驿" */
    0x13, 0x33, 0x30, 0x14, 0x44, 0x44, 0x44, 0x20,
    0x7e, 0xee, 0xf3, 0x4e, 0xec, 0xcc, 0xcf, 0x90,
    0x3, 0x10, 0xf2, 0x2, 0xd1, 0x0, 0x4e, 0x10,
    0xd, 0x41, 0xf0, 0x0, 0x7c, 0x16, 0xe4, 0x0,
    0xe, 0x22, 0xf0, 0x0, 0xa, 0xff, 0x30, 0x0,
    0xf, 0x3, 0xe0, 0x37, 0xde, 0x8c, 0xfb, 0x72,
    0x2f, 0x5, 0xc1, 0xeb, 0x50, 0x72, 0x27, 0xc3,
    0x4f, 0xff, 0xfd, 0x0, 0x0, 0xd4, 0x0, 0x0,
    0x0, 0x0, 0x4c, 0x5f, 0xff, 0xff, 0xff, 0xd0,
    0x0, 0x49, 0x7c, 0x2, 0x22, 0xe6, 0x22, 0x20,
    0x9f, 0xe9, 0x7b, 0x0, 0x0, 0xd4, 0x0, 0x0,
    0x54, 0x0, 0x6a, 0xef, 0xff, 0xff, 0xff, 0xf6,
    0x0, 0x0, 0x79, 0x22, 0x22, 0xe6, 0x22, 0x21,
    0x3, 0x43, 0xd7, 0x0, 0x0, 0xd4, 0x0, 0x0,
    0x8, 0xff, 0xc1, 0x0, 0x0, 0xd4, 0x0, 0x0,
    0x0, 0x0, 0x0, 0x0, 0x0, 0x0, 0x0, 0x0,

    /* U+9A80 "骀" */
    0x0, 0x0, 0x0, 0x0, 0x0, 0x0, 0x0, 0x0,
    0x13, 0x33, 0x32, 0x0, 0x5, 0xe2, 0x0, 0x0,
    0x6e, 0xee, 0xeb, 0x0, 0xd, 0xa0, 0x0, 0x0,
    0x3, 0x20, 0x89, 0x0, 0x5f, 0x10, 0x7a, 0x0,
    0xc, 0x60, 0xa8, 0x0, 0xe5, 0x0, 0x2f, 0x30,
    0xe, 0x40, 0xc6, 0xa, 0xa0, 0x1, 0x2a, 0xc0,
    0xf, 0x20, 0xd4, 0x7f, 0xff, 0xff, 0xfe, 0xf5,
    0x1f, 0x0, 0xf2, 0x27, 0x43, 0x20, 0x0, 0x7c,
    0x3f, 0xdd, 0xfd, 0x20, 0x0, 0x0, 0x0, 0x1,
    0x13, 0x33, 0x3f, 0x2c, 0xff, 0xff, 0xff, 0xe0,
    0x0, 0x15, 0x3f, 0x2d, 0x61, 0x11, 0x15, 0xe0,
    0x7c, 0xfd, 0x4f, 0x1d, 0x50, 0x0, 0x3, 0xe0,
    0x66, 0x10, 0x1f, 0xd, 0x50, 0x0, 0x3, 0xe0,
    0x0, 0x0, 0x2f, 0xd, 0x61, 0x11, 0x14, 0xe0,
    0x2, 0x43, 0xad, 0xd, 0xff, 0xff, 0xff, 0xe0,
    0x5, 0xff, 0xe4, 0xd, 0x50, 0x0, 0x3, 0xe0,
    0x0, 0x0, 0x0, 0x0, 0x0, 0x0, 0x0, 0x0,

    /* U+9A81 "骁" */
    0x0, 0x0, 0x0, 0x0, 0x0, 0x0, 0x0, 0x0,
    0x25, 0x55, 0x51, 0x1, 0xf1, 0x0, 0x0, 0x0,
    0x6c, 0xcc, 0xf3, 0x0, 0xc6, 0x25, 0x8b, 0x60,
    0x9, 0x10, 0xf4, 0x9b, 0xef, 0xca, 0x74, 0x10,
    0xf, 0x10, 0xf3, 0x96, 0x3f, 0x30, 0x6b, 0x0,
    0x1f, 0x0, 0xf0, 0x0, 0x8, 0xc9, 0xe2, 0x31,
    0x2f, 0x1, 0xf0, 0x0, 0x6, 0xfe, 0x10, 0xb6,
    0x3e, 0x2, 0xe0, 0x17, 0xde, 0x7e, 0xb3, 0xe2,
    0x4f, 0xcd, 0xf8, 0xac, 0x60, 0x1, 0xbf, 0xb0,
    0x15, 0x55, 0x9a, 0x12, 0x22, 0x22, 0x22, 0x20,
    0x0, 0x0, 0x69, 0xbf, 0xff, 0xff, 0xff, 0xf1,
    0x37, 0xbf, 0xa8, 0x0, 0xe2, 0xc, 0x50, 0x0,
    0xac, 0x72, 0x87, 0x0, 0xf0, 0xc, 0x50, 0x53,
    0x0, 0x0, 0x96, 0x6, 0xc0, 0xc, 0x50, 0x97,
    0x1, 0x23, 0xd4, 0x5f, 0x30, 0xb, 0x60, 0xc5,
    0x6, 0xff, 0xa9, 0xf5, 0x0, 0x6, 0xff, 0xd1,
    0x0, 0x0, 0x3, 0x10, 0x0, 0x0, 0x11, 0x0,

    /* U+9A85 "骅" */
    0x0, 0x0, 0x0, 0x0, 0x0, 0x0, 0x0, 0x0,
    0x12, 0x22, 0x20, 0x1, 0xf1, 0x3d, 0x0, 0x0,
    0x6e, 0xee, 0xf3, 0x7, 0xb0, 0x3d, 0x1, 0x90,
    0x6, 0x10, 0xf2, 0xe, 0x30, 0x3d, 0x4e, 0x90,
    0xf, 0x10, 0xf1, 0x8f, 0x20, 0x3f, 0xf6, 0x0,
    0xf, 0x1, 0xf4, 0xff, 0x23, 0xcf, 0x30, 0x23,
    0x2f, 0x2, 0xf6, 0x7e, 0xaf, 0xbd, 0x0, 0x6b,
    0x3e, 0x3, 0xe0, 0xe, 0x62, 0x3f, 0x10, 0x98,
    0x4f, 0xcd, 0xf7, 0xe, 0x20, 0xc, 0xff, 0xe2,
    0x14, 0x44, 0xa8, 0x6, 0x10, 0xb2, 0x1, 0x0,
    0x0, 0x0, 0x98, 0x22, 0x22, 0xe5, 0x22, 0x21,
    0x59, 0xcd, 0x98, 0xff, 0xff, 0xff, 0xff, 0xfb,
    0x78, 0x51, 0xa6, 0x0, 0x0, 0xe3, 0x0, 0x0,
    0x0, 0x0, 0xb6, 0x0, 0x0, 0xe3, 0x0, 0x0,
    0x2, 0x23, 0xe3, 0x0, 0x0, 0xe3, 0x0, 0x0,
    0xa, 0xff, 0xa0, 0x0, 0x0, 0xe3, 0x0, 0x0,
    0x0, 0x0, 0x0, 0x0, 0x0, 0x0, 0x0, 0x0,

    /* U+9A88 "骈" */
    0x0, 0x0, 0x0, 0x0, 0x0, 0x0, 0x0, 0x0,
    0x2, 0x22, 0x21, 0x0, 0xb8, 0x0, 0xb, 0xa0,
    0x5f, 0xff, 0xfb, 0x0, 0x3f, 0x60, 0x5f, 0x30,
    0x0, 0x0, 0x89, 0x2, 0x27, 0x43, 0xe8, 0x21,
    0x9, 0x80, 0x98, 0xd, 0xff, 0xff, 0xff, 0xf6,
    0xa, 0x70, 0xb7, 0x0, 0x3e, 0x0, 0x4d, 0x0,
    0xc, 0x50, 0xc6, 0x0, 0x3e, 0x0, 0x4d, 0x0,
    0xd, 0x40, 0xd4, 0x0, 0x3e, 0x0, 0x4d, 0x0,
    0xe, 0xcc, 0xfd, 0x31, 0x4e, 0x11, 0x5d, 0x10,
    0x4, 0x44, 0x4f, 0x9f, 0xff, 0xff, 0xff, 0xfe,
    0x0, 0x1, 0x1f, 0x31, 0x6c, 0x11, 0x5d, 0x10,
    0x7b, 0xef, 0x7f, 0x20, 0x7a, 0x0, 0x4d, 0x0,
    0x78, 0x52, 0xf, 0x10, 0xc6, 0x0, 0x4d, 0x0,
    0x0, 0x0, 0x1f, 0x2, 0xf1, 0x0, 0x4d, 0x0,
    0x1, 0x22, 0x8d, 0xb, 0x80, 0x0, 0x4d, 0x0,
    0x4, 0xff, 0xe4, 0x4d, 0x0, 0x0, 0x4d, 0x0,
    0x0, 0x0, 0x0, 0x0, 0x0, 0x0, 0x0, 0x0,

    /* U+9A8A "骊" */
    0x2, 0x22, 0x20, 0x13, 0x33, 0x33, 0x33, 0x32,
    0x4d, 0xdd, 0xf1, 0x8e, 0xee, 0xee, 0xee, 0xec,
    0x7, 0x30, 0xf0, 0x0, 0x0, 0x0, 0x0, 0x0,
    0xc, 0x31, 0xf0, 0x3e, 0xee, 0x75, 0xee, 0xe5,
    0xd, 0x22, 0xe0, 0x3d, 0x28, 0x86, 0xa2, 0xa6,
    0xf, 0x13, 0xc0, 0x3c, 0x7, 0x86, 0xa0, 0xa6,
    0xf, 0x4, 0xb0, 0x3d, 0x97, 0x86, 0xc9, 0xa6,
    0x2f, 0xff, 0xfb, 0x3c, 0xd7, 0x86, 0xac, 0xa6,
    0x1, 0x11, 0x7b, 0x3c, 0xb9, 0x86, 0xad, 0xa6,
    0x0, 0x2, 0x7a, 0x3c, 0x8c, 0x86, 0xab, 0xc6,
    0x6c, 0xff, 0x7a, 0x3c, 0x28, 0x86, 0xa2, 0xa6,
    0x46, 0x20, 0x79, 0x3c, 0x7, 0x86, 0xa0, 0xa6,
    0x0, 0x0, 0x88, 0x3c, 0x7, 0x86, 0xa0, 0xa6,
    0x1, 0x21, 0xc6, 0x3c, 0x8, 0x86, 0xa0, 0xa6,
    0x5, 0xff, 0xc0, 0x3c, 0xdf, 0x56, 0xbe, 0xf3,
    0x0, 0x0, 0x0, 0x2, 0x11, 0x0, 0x11, 0x10,

    /* U+9A90 "骐" */
    0x0, 0x0, 0x0, 0x0, 0x50, 0x0, 0x6, 0x0,
    0x37, 0x77, 0x73, 0x2, 0xf0, 0x0, 0xf, 0x20,
    0x4b, 0xbb, 0xe7, 0x13, 0xf2, 0x22, 0x2f, 0x41,
    0x3, 0x20, 0xb6, 0x9f, 0xff, 0xff, 0xff, 0xfa,
    0xa, 0x60, 0xc5, 0x2, 0xf0, 0x0, 0xf, 0x20,
    0xc, 0x50, 0xe3, 0x2, 0xf2, 0x11, 0x1f, 0x20,
    0xd, 0x40, 0xf2, 0x2, 0xff, 0xff, 0xff, 0x20,
    0xf, 0x20, 0xf1, 0x2, 0xf0, 0x0, 0xf, 0x20,
    0xf, 0xdc, 0xfc, 0x2, 0xf5, 0x44, 0x4f, 0x20,
    0x4, 0x44, 0x6f, 0x2, 0xfc, 0xcc, 0xcf, 0x20,
    0x0, 0x26, 0x4e, 0x2, 0xf0, 0x0, 0xf, 0x20,
    0x9f, 0xd9, 0x4e, 0xbe, 0xfe, 0xee, 0xef, 0xed,
    0x21, 0x0, 0x4d, 0x22, 0x23, 0x22, 0x42, 0x22,
    0x0, 0x0, 0x5c, 0x0, 0x6e, 0x0, 0xd9, 0x0,
    0x1, 0x22, 0xaa, 0x7, 0xf5, 0x0, 0x3e, 0xb0,
    0x5, 0xff, 0xd2, 0x7f, 0x40, 0x0, 0x2, 0xe8,
    0x0, 0x0, 0x0, 0x12, 0x0, 0x0, 0x0, 0x11,

    /* U+9A92 "骒" */
    0x13, 0x33, 0x31, 0x14, 0x44, 0x44, 0x44, 0x20,
    0x5d, 0xdd, 0xf4, 0x6e, 0xbb, 0xfc, 0xbd, 0x90,
    0x7, 0x10, 0xd3, 0x6a, 0x0, 0xf2, 0x7, 0x90,
    0xf, 0x10, 0xe2, 0x6f, 0xdd, 0xfd, 0xde, 0x90,
    0xf, 0x0, 0xf1, 0x6b, 0x22, 0xf4, 0x29, 0x90,
    0x2f, 0x1, 0xf0, 0x6a, 0x0, 0xf2, 0x7, 0x90,
    0x3e, 0x2, 0xf0, 0x6f, 0xff, 0xff, 0xff, 0x90,
    0x4f, 0xff, 0xfb, 0x6b, 0x11, 0xf3, 0x18, 0x90,
    0x16, 0x66, 0x9a, 0x12, 0x11, 0xf3, 0x12, 0x20,
    0x0, 0x1, 0x69, 0xdf, 0xff, 0xff, 0xff, 0xf5,
    0x49, 0xdf, 0x98, 0x0, 0xc, 0xfd, 0x0, 0x0,
    0x9a, 0x51, 0x77, 0x0, 0xb9, 0xf9, 0xb0, 0x0,
    0x0, 0x0, 0x86, 0x1b, 0xb0, 0xf2, 0x9c, 0x20,
    0x1, 0x23, 0xd7, 0xe9, 0x0, 0xf2, 0x8, 0xf5,
    0x5, 0xff, 0xa1, 0x60, 0x0, 0xf2, 0x0, 0x51,

    /* U+9A93 "骓" */
    0x0, 0x0, 0x0, 0x0, 0x51, 0x14, 0x0, 0x0,
    0x4a, 0xaa, 0xa3, 0x2, 0xf1, 0x4f, 0x10, 0x0,
    0x26, 0x66, 0xe4, 0x8, 0xa0, 0xa, 0x70, 0x0,
    0xa, 0x10, 0xe3, 0xe, 0xed, 0xdd, 0xdd, 0xd4,
    0xf, 0x10, 0xf2, 0x7f, 0x64, 0x4f, 0x64, 0x41,
    0x1f, 0x0, 0xf2, 0xff, 0x30, 0xe, 0x30, 0x0,
    0x2f, 0x1, 0xf9, 0xbe, 0x41, 0x1e, 0x41, 0x10,
    0x3e, 0x2, 0xf2, 0x3e, 0xff, 0xff, 0xff, 0xf0,
    0x4f, 0xdd, 0xfb, 0xe, 0x30, 0xe, 0x30, 0x0,
    0x2, 0x22, 0x5c, 0xe, 0x30, 0xe, 0x30, 0x0,
    0x0, 0x4, 0x6c, 0xe, 0xff, 0xff, 0xff, 0xf0,
    0x6b, 0xfe, 0x7b, 0xe, 0x41, 0x1e, 0x41, 0x10,
    0x89, 0x30, 0x6a, 0xe, 0x30, 0xe, 0x30, 0x0,
    0x0, 0x0, 0x79, 0xe, 0x42, 0x2e, 0x42, 0x20,
    0x1, 0x22, 0xc6, 0xe, 0xff, 0xff, 0xff, 0xf6,
    0x4, 0xff, 0xb0, 0xe, 0x30, 0x0, 0x0, 0x0,

    /* U+9A96 "骖" */
    0x0, 0x0, 0x0, 0x0, 0x0, 0x0, 0x0, 0x0,
    0x0, 0x22, 0x22, 0x0, 0x0, 0x5e, 0x0, 0x0,
    0x0, 0x4f, 0xff, 0xf5, 0x0, 0x5e, 0x30, 0x75,
    0x0, 0x0, 0x0, 0xc, 0x40, 0x6e, 0x30, 0x15,
    0xf6, 0x0, 0x8, 0x80, 0xd3, 0x1f, 0xff, 0xfe,
    0xdc, 0xe4, 0x0, 0x97, 0xf, 0x20, 0x31, 0x2b,
    0x0, 0x2, 0x0, 0xb, 0x60, 0xf0, 0xbc, 0xcd,
    0xfc, 0xcc, 0xc9, 0x0, 0xc4, 0x1f, 0x3, 0x3b,
    0xd3, 0x4e, 0x53, 0x20, 0xe, 0xff, 0xfe, 0x8,
    0xe2, 0x34, 0x5e, 0x30, 0x0, 0x0, 0x3, 0xfc,
    0xd2, 0x7e, 0x50, 0x6f, 0x90, 0x0, 0x3, 0x5e,
    0x86, 0xeb, 0x23, 0xd1, 0x38, 0x5, 0xcf, 0xe7,
    0xd0, 0x34, 0x8, 0xe5, 0x1, 0x0, 0x47, 0x30,
    0x4c, 0x1, 0x8e, 0xb1, 0x1b, 0xa0, 0x0, 0x0,
    0x5, 0xb0, 0xab, 0x30, 0x8f, 0x90, 0x0, 0x1,
    0x21, 0xa9, 0x0, 0x28, 0xfb, 0x30, 0x0, 0x0,
    0x4f, 0xfd, 0x22, 0xdf, 0xa3, 0x0, 0x0, 0x0,
    0x0, 0x0, 0x0, 0x5, 0x0, 0x0, 0x0, 0x0,
    0x0,

    /* U+9A98 "骘" */
    0x4, 0x66, 0x65, 0x5, 0x0, 0xd3, 0x0, 0x0,
    0x9, 0xb8, 0xcc, 0xf, 0x0, 0xdf, 0xff, 0xb0,
    0x9, 0x61, 0xe3, 0x1f, 0x11, 0xd4, 0x11, 0x10,
    0x9, 0x67, 0xc7, 0xdd, 0xdd, 0xdd, 0xdd, 0xd6,
    0x9, 0x60, 0xb6, 0x5, 0xa0, 0xd3, 0x3, 0x10,
    0x9, 0x83, 0x99, 0xbb, 0x20, 0xd8, 0xcd, 0x40,
    0x9, 0x8d, 0xb2, 0x33, 0x7b, 0xea, 0x40, 0x0,
    0x9, 0x71, 0x11, 0xad, 0x95, 0x11, 0x0, 0x0,
    0x9, 0x9d, 0xdd, 0xdd, 0xdd, 0xdf, 0x80, 0x0,
    0x0, 0xa, 0x40, 0x0, 0x0, 0xd, 0x60, 0x0,
    0x0, 0xf, 0xbb, 0xbb, 0xbb, 0xbf, 0xcb, 0x70,
    0x0, 0x3, 0x33, 0x33, 0x33, 0x33, 0x3a, 0xa0,
    0x5f, 0xff, 0xff, 0xff, 0xff, 0xfe, 0xa, 0x80,
    0x0, 0x0, 0x0, 0x0, 0x1, 0x0, 0x2e, 0x60,
    0x0, 0x0, 0x0, 0x0, 0xf, 0xff, 0xfa, 0x0,
    0x0, 0x0, 0x0, 0x0, 0x0, 0x0, 0x0, 0x0,

    /* U+9A9B "骛" */
    0x0, 0x0, 0x0, 0x0, 0x0, 0x40, 0x0, 0x0,
    0x9, 0x99, 0x99, 0x99, 0x13, 0xd0, 0x0, 0x0,
    0x3, 0xb5, 0x26, 0xe8, 0xc, 0xfe, 0xee, 0xe2,
    0x0, 0x5c, 0xcc, 0x30, 0x9d, 0x90, 0x5b, 0x0,
    0x7d, 0xdd, 0xfd, 0xdd, 0x51, 0xe3, 0xd3, 0x0,
    0x0, 0x6c, 0x6b, 0x1e, 0x0, 0x6f, 0xa0, 0x0,
    0x4d, 0xb4, 0x99, 0x37, 0x4a, 0xe7, 0xdc, 0x61,
    0x22, 0x2a, 0x91, 0x0, 0xa6, 0x0, 0x4, 0xa3,
    0x0, 0x6b, 0xbb, 0xbb, 0xbb, 0xbb, 0x90, 0x0,
    0x0, 0x14, 0x31, 0x11, 0x11, 0x17, 0xb0, 0x0,
    0x0, 0xc, 0x50, 0x0, 0x0, 0x8, 0x90, 0x0,
    0x0, 0xd, 0xee, 0xee, 0xee, 0xee, 0xee, 0xa0,
    0x0, 0x0, 0x0, 0x0, 0x0, 0x0, 0x7, 0x90,
    0x5e, 0xee, 0xee, 0xee, 0xee, 0xec, 0x9, 0x80,
    0x0, 0x0, 0x0, 0x0, 0x2, 0x11, 0x2d, 0x50,
    0x0, 0x0, 0x0, 0x0, 0xf, 0xff, 0xf9, 0x0,
    0x0, 0x0, 0x0, 0x0, 0x0, 0x0, 0x0, 0x0,

    /* U+9A9C "骜" */
    0x0, 0x0, 0x12, 0x0, 0x0, 0x2, 0x0, 0x0,
    0x2, 0x22, 0x7b, 0x22, 0x20, 0x6a, 0x0, 0x0,
    0x18, 0x88, 0xbd, 0x88, 0x80, 0xdc, 0xaa, 0xa5,
    0x8, 0xcc, 0xde, 0xcc, 0x68, 0xf2, 0x2c, 0x41,
    0x14, 0x44, 0x8b, 0x44, 0x4c, 0xc5, 0x2d, 0x0,
    0x28, 0xad, 0x88, 0x88, 0x80, 0x3e, 0xb6, 0x0,
    0x0, 0x7e, 0xcc, 0xcc, 0x30, 0xc, 0xf2, 0x0,
    0x3, 0xe2, 0x24, 0x4d, 0x35, 0xda, 0x6e, 0x81,
    0x4f, 0x50, 0x38, 0x96, 0xa, 0x40, 0x1, 0xa3,
    0x1, 0x4d, 0xdd, 0xdd, 0xdd, 0xdd, 0xd0, 0x0,
    0x0, 0x7, 0x80, 0x0, 0x0, 0x4, 0xc0, 0x0,
    0x0, 0xb, 0xed, 0xdd, 0xdd, 0xde, 0xed, 0x90,
    0x0, 0x0, 0x0, 0x0, 0x0, 0x0, 0x5, 0xa0,
    0x1d, 0xdd, 0xdd, 0xdd, 0xdd, 0xdd, 0x7, 0x90,
    0x0, 0x0, 0x0, 0x0, 0x0, 0x0, 0xb, 0x60,
    0x0, 0x0, 0x0, 0x0, 0xc, 0xff, 0xfa, 0x0,
    0x0, 0x0, 0x0, 0x0, 0x0, 0x0, 0x0, 0x0,

    /* U+9A9D "骝" */
    0x2, 0x22, 0x20, 0x3, 0x89, 0x0, 0x0, 0x0,
    0x4d, 0xdd, 0xf2, 0xec, 0x72, 0xcf, 0xff, 0xf5,
    0x6, 0x10, 0xf2, 0xe0, 0x20, 0xc, 0x40, 0xb4,
    0xe, 0x11, 0xf2, 0xe0, 0xd4, 0xe, 0x30, 0xc3,
    0xf, 0x2, 0xe2, 0xe0, 0xad, 0x2f, 0x0, 0xc3,
    0xf, 0x3, 0xd3, 0xfe, 0xaa, 0xda, 0x33, 0xe1,
    0x1e, 0x4, 0xc3, 0xb2, 0x9, 0xe1, 0xad, 0x80,
    0x3f, 0xac, 0xe3, 0x22, 0x25, 0x52, 0x22, 0x20,
    0x17, 0x77, 0xc5, 0xed, 0xdd, 0xfd, 0xdd, 0xe0,
    0x0, 0x1, 0xa4, 0xe1, 0x0, 0xf0, 0x1, 0xe0,
    0x6b, 0xeb, 0xb4, 0xeb, 0xbb, 0xfb, 0xbb, 0xe0,
    0x33, 0x0, 0xb3, 0xe5, 0x44, 0xf4, 0x45, 0xe0,
    0x0, 0x0, 0xd2, 0xe1, 0x0, 0xf0, 0x1, 0xe0,
    0x5, 0x46, 0xf0, 0xed, 0xdd, 0xfd, 0xdd, 0xe0,
    0x9, 0xdc, 0x50, 0xe4, 0x33, 0x33, 0x34, 0xe0,

    /* U+9A9E "骞" */
    0x0, 0x0, 0x0, 0x1, 0x20, 0x0, 0x0, 0x0,
    0x0, 0x0, 0x0, 0x7, 0xd0, 0x0, 0x0, 0x0,
    0xf, 0xee, 0xee, 0xee, 0xee, 0xee, 0xee, 0xf6,
    0xf, 0x20, 0x6, 0x30, 0x0, 0x80, 0x0, 0xb6,
    0x5, 0x8d, 0xde, 0xdd, 0xdd, 0xfd, 0xdc, 0x32,
    0x0, 0x0, 0xa, 0x50, 0x0, 0xe1, 0x0, 0x0,
    0x0, 0xbd, 0xde, 0xdd, 0xdd, 0xfd, 0xdd, 0x40,
    0x0, 0x0, 0xa, 0x50, 0x0, 0xe1, 0x0, 0x0,
    0x4d, 0xdd, 0xef, 0xdd, 0xdd, 0xef, 0xdd, 0xdb,
    0x0, 0x18, 0xd4, 0x0, 0x0, 0x1a, 0xc4, 0x0,
    0x3c, 0xe8, 0xdc, 0xcc, 0xcc, 0xdf, 0x3a, 0xe8,
    0x3, 0x2, 0xf3, 0x33, 0x33, 0x6d, 0x33, 0x21,
    0x0, 0x2, 0x88, 0x88, 0x88, 0x88, 0x8c, 0x70,
    0xb, 0xbb, 0xbb, 0xbb, 0xbb, 0xb5, 0xa, 0x60,
    0x1, 0x11, 0x11, 0x11, 0x11, 0x10, 0x1e, 0x30,
    0x0, 0x0, 0x0, 0x0, 0x1f, 0xff, 0xf9, 0x0,
    0x0, 0x0, 0x0, 0x0, 0x0, 0x0, 0x0, 0x0,

    /* U+9A9F "骟" */
    0x0, 0x0, 0x0, 0x0, 0x1, 0x50, 0x0, 0x0,
    0x49, 0x99, 0x90, 0x0, 0x2, 0xf2, 0x0, 0x0,
    0x36, 0x66, 0xf0, 0xbe, 0xee, 0xff, 0xee, 0xd0,
    0x9, 0x10, 0xf0, 0xc5, 0x11, 0x11, 0x13, 0xe0,
    0xe, 0x11, 0xe0, 0xc3, 0x0, 0x0, 0x1, 0xe0,
    0xf, 0x2, 0xd0, 0xcf, 0xff, 0xff, 0xff, 0xe0,
    0x1f, 0x3, 0xc0, 0xc4, 0x0, 0x0, 0x1, 0x70,
    0x2e, 0x4, 0xb0, 0xc5, 0xaa, 0xa5, 0xaa, 0xa1,
    0x3f, 0xff, 0xf4, 0xd4, 0x64, 0xf3, 0x74, 0xe2,
    0x1, 0x11, 0xb4, 0xd3, 0xe1, 0xe2, 0xe1, 0xe2,
    0x0, 0x0, 0xb4, 0xe1, 0x88, 0xe1, 0x87, 0xe2,
    0x6a, 0xdd, 0xc4, 0xf0, 0x2, 0xf1, 0x16, 0xf2,
    0x67, 0x41, 0xc6, 0xc4, 0xbf, 0xf7, 0xec, 0xe2,
    0x0, 0x0, 0xd9, 0x87, 0x81, 0xe4, 0x40, 0xe2,
    0x2, 0x13, 0xfd, 0x40, 0x0, 0xf1, 0x0, 0xe1,
    0xb, 0xff, 0x76, 0x4, 0xff, 0xc4, 0xff, 0xd0,
    0x0, 0x0, 0x0, 0x0, 0x0, 0x0, 0x0, 0x0,

    /* U+9AA0 "骠" */
    0x13, 0x33, 0x30, 0x33, 0x33, 0x33, 0x33, 0x31,
    0x6d, 0xdd, 0xf1, 0xcc, 0xcf, 0xcd, 0xec, 0xc7,
    0x7, 0x0, 0xf0, 0x0, 0xf, 0x6, 0x90, 0x0,
    0xf, 0x1, 0xf0, 0x8f, 0xff, 0xff, 0xff, 0xf2,
    0x1f, 0x2, 0xe0, 0x96, 0xf, 0x6, 0x90, 0xd2,
    0x2e, 0x3, 0xd0, 0x96, 0xf, 0x6, 0x90, 0xd2,
    0x3d, 0x4, 0xc0, 0x9f, 0xff, 0xff, 0xff, 0xf2,
    0x4f, 0xcd, 0xf7, 0x22, 0x0, 0x0, 0x0, 0x40,
    0x13, 0x33, 0xa8, 0xc, 0xee, 0xee, 0xee, 0x80,
    0x0, 0x3, 0x97, 0x0, 0x0, 0x0, 0x0, 0x0,
    0x5a, 0xfe, 0xa6, 0xee, 0xee, 0xee, 0xee, 0xea,
    0x98, 0x30, 0xb5, 0x0, 0x20, 0xa7, 0x12, 0x0,
    0x0, 0x0, 0xc4, 0x1a, 0xd0, 0x97, 0x5e, 0x40,
    0x1, 0x23, 0xf7, 0xea, 0x10, 0xb6, 0x6, 0xf8,
    0x7, 0xff, 0x91, 0x50, 0xce, 0xf2, 0x0, 0x23,
    0x0, 0x0, 0x0, 0x0, 0x12, 0x10, 0x0, 0x0,

    /* U+9AA2 "骢" */
    0x0, 0x0, 0x0, 0x0, 0x0, 0x0, 0x0, 0x0,
    0x12, 0x22, 0x20, 0x0, 0x3, 0xd0, 0x0, 0x0,
    0x7f, 0xff, 0xf6, 0x6, 0x6a, 0xd6, 0x66, 0x60,
    0x3, 0x20, 0xd4, 0xf, 0x77, 0xc6, 0x66, 0xf1,
    0xb, 0x70, 0xe3, 0xf, 0x7, 0xfc, 0xc9, 0xe1,
    0xd, 0x50, 0xf2, 0xf, 0x5d, 0x31, 0xc7, 0xe1,
    0xe, 0x41, 0xf0, 0xf, 0x64, 0xdc, 0xb0, 0xe1,
    0xf, 0x55, 0xf3, 0xf, 0x5, 0xdd, 0xc2, 0xe1,
    0x1d, 0xdd, 0xde, 0xf, 0x1b, 0x30, 0x73, 0xe1,
    0x0, 0x0, 0x3e, 0xf, 0xdd, 0xdd, 0xdd, 0xf1,
    0x0, 0x27, 0x6d, 0xe, 0x32, 0x73, 0x22, 0xe1,
    0x9e, 0xff, 0x8d, 0x0, 0x23, 0xa9, 0x0, 0x30,
    0x87, 0x30, 0x5c, 0xe, 0x89, 0x1e, 0x34, 0xe0,
    0x0, 0x0, 0x6b, 0x5c, 0x79, 0x2, 0x2d, 0xb7,
    0x2, 0x22, 0xb9, 0xb6, 0x6b, 0x0, 0x7a, 0x4c,
    0x8, 0xff, 0xd2, 0x20, 0x1d, 0xff, 0xd2, 0x0,
    0x0, 0x0, 0x0, 0x0, 0x0, 0x0, 0x0, 0x0,

    /* U+9AA3 "骣" */
    0x2, 0x22, 0x20, 0x44, 0x44, 0x44, 0x44, 0x42,
    0x3, 0xdd, 0xdf, 0x1e, 0xa9, 0x99, 0x99, 0x9c,
    0x80, 0x3, 0x20, 0xf0, 0xe5, 0x44, 0x44, 0x44,
    0x98, 0x0, 0xb5, 0x1f, 0xe, 0x88, 0x88, 0x88,
    0x8a, 0x60, 0xc, 0x32, 0xe0, 0xe1, 0x2d, 0xdd,
    0xdd, 0x80, 0x0, 0xe2, 0x3c, 0xe, 0x10, 0x0,
    0x2a, 0xa2, 0x0, 0xf, 0x4, 0xb0, 0xe5, 0xdd,
    0xde, 0xfd, 0xdb, 0x0, 0xff, 0xff, 0x6e, 0x10,
    0x23, 0xb6, 0x0, 0x0, 0x1, 0x11, 0x96, 0xe1,
    0x4, 0xb9, 0x0, 0x0, 0x0, 0x0, 0x2a, 0x5f,
    0x4d, 0xdd, 0x5a, 0xdd, 0x90, 0x6c, 0xff, 0xb4,
    0xf0, 0x2, 0xd2, 0x0, 0xc6, 0x5, 0x74, 0xc,
    0x4d, 0x0, 0xa8, 0x22, 0x9a, 0x20, 0x0, 0x0,
    0xd6, 0xab, 0xef, 0xc7, 0xad, 0xca, 0x10, 0x11,
    0x3e, 0x86, 0x0, 0xc3, 0x0, 0xa4, 0x0, 0x7,
    0xff, 0x7a, 0x1a, 0xed, 0x2, 0xee, 0x10, 0x0,
    0x0, 0x0, 0x0, 0x0, 0x0, 0x0, 0x0, 0x0,

    /* U+9AA5 "骥" */
    0x2, 0x22, 0x20, 0x22, 0x4c, 0xc, 0x24, 0x81,
    0x4d, 0xdd, 0xf3, 0xbb, 0xbc, 0xc, 0xea, 0x72,
    0x5, 0x20, 0xf1, 0x47, 0xac, 0xb, 0x73, 0x99,
    0xc, 0x41, 0xf4, 0x96, 0x5b, 0x3, 0x99, 0x81,
    0xd, 0x22, 0xe0, 0x6d, 0xdd, 0xdd, 0xdd, 0xb0,
    0xf, 0x13, 0xc0, 0x87, 0x0, 0xc2, 0x1, 0xe0,
    0xf, 0x4, 0xb0, 0x8e, 0xcc, 0xfd, 0xcc, 0xe0,
    0x1f, 0xcd, 0xf5, 0x87, 0x0, 0xc2, 0x1, 0xe0,
    0x3, 0x33, 0xb6, 0x8e, 0xee, 0xdd, 0xed, 0xe0,
    0x0, 0x0, 0xa6, 0x11, 0x78, 0x4, 0xb0, 0x20,
    0x49, 0xcf, 0xa5, 0x9d, 0xee, 0xdd, 0xfd, 0xd1,
    0x58, 0x41, 0xb4, 0x0, 0x78, 0x4, 0xb0, 0x0,
    0x0, 0x0, 0xc8, 0xdd, 0xdd, 0xdd, 0xdd, 0xd7,
    0x1, 0x12, 0xf2, 0x6, 0xe4, 0x3, 0xe8, 0x20,
    0x8, 0xff, 0x95, 0xfb, 0x40, 0x0, 0x29, 0xf7,
    0x0, 0x0, 0x1, 0x20, 0x0, 0x0, 0x0, 0x11,

    /* U+9AA7 "骧" */
    0x0, 0x0, 0x0, 0x0, 0x0, 0x40, 0x0, 0x0,
    0x16, 0x66, 0x60, 0x0, 0x2, 0xf2, 0x0, 0x0,
    0x2a, 0xaa, 0xf5, 0xdd, 0xdd, 0xdd, 0xdd, 0xd7,
    0x5, 0x30, 0xf0, 0x45, 0x55, 0x4, 0x55, 0x50,
    0xb, 0x41, 0xe0, 0xd7, 0x5e, 0x1e, 0x65, 0xf0,
    0xc, 0x32, 0xd0, 0xdd, 0xcf, 0x1e, 0xcc, 0xf0,
    0xd, 0x13, 0xb0, 0x92, 0x4a, 0xa, 0x31, 0xa0,
    0xf, 0x5, 0xa0, 0x89, 0xe8, 0x88, 0xdb, 0x83,
    0xf, 0xde, 0xe7, 0x35, 0xe3, 0x33, 0xb7, 0x31,
    0x2, 0x22, 0x87, 0xad, 0xfc, 0xcc, 0xed, 0xc1,
    0x0, 0x1, 0x77, 0x2, 0xd0, 0x0, 0xa5, 0x0,
    0x5b, 0xef, 0x89, 0xdd, 0xee, 0xed, 0xdd, 0xd8,
    0x36, 0x20, 0x85, 0x0, 0x9a, 0x79, 0x4, 0xa0,
    0x0, 0x0, 0x96, 0x7e, 0xa0, 0xb, 0xcb, 0x30,
    0x1, 0x22, 0xdb, 0x98, 0x94, 0x93, 0xbc, 0x30,
    0x5, 0xff, 0x90, 0x9, 0xfc, 0x70, 0x7, 0xe7,
    0x0, 0x0, 0x0, 0x1, 0x10, 0x0, 0x0, 0x0,

    /* U+9B3B "鬻" */
    0x0, 0x0, 0x0, 0x1, 0x0, 0x0, 0x0, 0x0,
    0xb, 0xcc, 0x94, 0x39, 0x55, 0x6c, 0xcc, 0x40,
    0x2, 0x34, 0xc2, 0xc9, 0x8c, 0x14, 0x49, 0x60,
    0xc, 0x88, 0xa7, 0xad, 0xcb, 0x6c, 0x8a, 0x40,
    0xd, 0xaa, 0x91, 0x7f, 0x92, 0x5d, 0xaa, 0x50,
    0x3, 0x33, 0xd6, 0xc9, 0xcb, 0x13, 0x37, 0x70,
    0x0, 0xcc, 0x89, 0x18, 0x45, 0x25, 0xcd, 0x30,
    0x58, 0x88, 0x88, 0x88, 0x88, 0x88, 0x88, 0x81,
    0x24, 0x44, 0x44, 0x44, 0x44, 0x44, 0x44, 0x40,
    0x0, 0xf, 0xbb, 0xbb, 0xbb, 0xbc, 0xc0, 0x0,
    0x0, 0xf, 0x88, 0x88, 0x88, 0x8a, 0xc0, 0x0,
    0x1, 0x19, 0x44, 0x44, 0x44, 0x46, 0x71, 0x0,
    0xa, 0xca, 0xad, 0xaa, 0xab, 0xca, 0xad, 0x70,
    0xa, 0x70, 0x1b, 0x61, 0x1c, 0x61, 0xa, 0x70,
    0xa, 0x76, 0xaa, 0xae, 0xca, 0xaa, 0x1b, 0x60,
    0xa, 0x70, 0x0, 0x9, 0x60, 0x4e, 0xed, 0x20
};


/*---------------------
 *  GLYPH DESCRIPTION
 *--------------------*/

static const lv_font_fmt_txt_glyph_dsc_t glyph_dsc[] = {
    {.bitmap_index = 0, .adv_w = 0, .box_w = 0, .box_h = 0, .ofs_x = 0, .ofs_y = 0} /* id = 0 reserved */,
    {.bitmap_index = 0, .adv_w = 188, .box_w = 10, .box_h = 2, .ofs_x = 1, .ofs_y = 0},
    {.bitmap_index = 10, .adv_w = 221, .box_w = 12, .box_h = 13, .ofs_x = 1, .ofs_y = -1},
    {.bitmap_index = 88, .adv_w = 221, .box_w = 12, .box_h = 13, .ofs_x = 1, .ofs_y = -1},
    {.bitmap_index = 166, .adv_w = 136, .box_w = 7, .box_h = 13, .ofs_x = 1, .ofs_y = -1},
    {.bitmap_index = 212, .adv_w = 256, .box_w = 8, .box_h = 16, .ofs_x = 3, .ofs_y = -2},
    {.bitmap_index = 276, .adv_w = 256, .box_w = 17, .box_h = 16, .ofs_x = 0, .ofs_y = -3},
    {.bitmap_index = 412, .adv_w = 256, .box_w = 16, .box_h = 15, .ofs_x = 0, .ofs_y = -2},
    {.bitmap_index = 532, .adv_w = 256, .box_w = 16, .box_h = 16, .ofs_x = 0, .ofs_y = -2},
    {.bitmap_index = 660, .adv_w = 256, .box_w = 16, .box_h = 16, .ofs_x = 0, .ofs_y = -2},
    {.bitmap_index = 788, .adv_w = 256, .box_w = 15, .box_h = 17, .ofs_x = 1, .ofs_y = -3},
    {.bitmap_index = 916, .adv_w = 256, .box_w = 16, .box_h = 16, .ofs_x = 0, .ofs_y = -2},
    {.bitmap_index = 1044, .adv_w = 256, .box_w = 14, .box_h = 16, .ofs_x = 1, .ofs_y = -3},
    {.bitmap_index = 1156, .adv_w = 256, .box_w = 16, .box_h = 16, .ofs_x = 0, .ofs_y = -2},
    {.bitmap_index = 1284, .adv_w = 256, .box_w = 16, .box_h = 16, .ofs_x = 0, .ofs_y = -2},
    {.bitmap_index = 1412, .adv_w = 256, .box_w = 16, .box_h = 17, .ofs_x = 0, .ofs_y = -3},
    {.bitmap_index = 1548, .adv_w = 256, .box_w = 16, .box_h = 16, .ofs_x = 0, .ofs_y = -2},
    {.bitmap_index = 1676, .adv_w = 256, .box_w = 16, .box_h = 16, .ofs_x = 0, .ofs_y = -3},
    {.bitmap_index = 1804, .adv_w = 256, .box_w = 16, .box_h = 17, .ofs_x = 0, .ofs_y = -3},
    {.bitmap_index = 1940, .adv_w = 256, .box_w = 16, .box_h = 17, .ofs_x = 0, .ofs_y = -3},
    {.bitmap_index = 2076, .adv_w = 256, .box_w = 15, .box_h = 17, .ofs_x = 1, .ofs_y = -3},
    {.bitmap_index = 2204, .adv_w = 256, .box_w = 16, .box_h = 16, .ofs_x = 0, .ofs_y = -2},
    {.bitmap_index = 2332, .adv_w = 256, .box_w = 15, .box_h = 16, .ofs_x = 0, .ofs_y = -2},
    {.bitmap_index = 2452, .adv_w = 256, .box_w = 16, .box_h = 17, .ofs_x = 0, .ofs_y = -3},
    {.bitmap_index = 2588, .adv_w = 256, .box_w = 16, .box_h = 15, .ofs_x = 0, .ofs_y = -2},
    {.bitmap_index = 2708, .adv_w = 256, .box_w = 16, .box_h = 17, .ofs_x = 0, .ofs_y = -3},
    {.bitmap_index = 2844, .adv_w = 256, .box_w = 15, .box_h = 15, .ofs_x = 1, .ofs_y = -2},
    {.bitmap_index = 2957, .adv_w = 256, .box_w = 15, .box_h = 16, .ofs_x = 1, .ofs_y = -2},
    {.bitmap_index = 3077, .adv_w = 256, .box_w = 16, .box_h = 16, .ofs_x = 0, .ofs_y = -2},
    {.bitmap_index = 3205, .adv_w = 256, .box_w = 16, .box_h = 15, .ofs_x = 0, .ofs_y = -2},
    {.bitmap_index = 3325, .adv_w = 256, .box_w = 16, .box_h = 16, .ofs_x = 0, .ofs_y = -3},
    {.bitmap_index = 3453, .adv_w = 256, .box_w = 15, .box_h = 15, .ofs_x = 0, .ofs_y = -2},
    {.bitmap_index = 3566, .adv_w = 256, .box_w = 16, .box_h = 16, .ofs_x = 0, .ofs_y = -3},
    {.bitmap_index = 3694, .adv_w = 256, .box_w = 15, .box_h = 16, .ofs_x = 1, .ofs_y = -2},
    {.bitmap_index = 3814, .adv_w = 256, .box_w = 16, .box_h = 17, .ofs_x = 0, .ofs_y = -3},
    {.bitmap_index = 3950, .adv_w = 256, .box_w = 16, .box_h = 16, .ofs_x = 0, .ofs_y = -2},
    {.bitmap_index = 4078, .adv_w = 256, .box_w = 16, .box_h = 16, .ofs_x = 0, .ofs_y = -3},
    {.bitmap_index = 4206, .adv_w = 256, .box_w = 16, .box_h = 17, .ofs_x = 0, .ofs_y = -3},
    {.bitmap_index = 4342, .adv_w = 256, .box_w = 16, .box_h = 16, .ofs_x = 0, .ofs_y = -2},
    {.bitmap_index = 4470, .adv_w = 256, .box_w = 16, .box_h = 16, .ofs_x = 0, .ofs_y = -3},
    {.bitmap_index = 4598, .adv_w = 256, .box_w = 16, .box_h = 16, .ofs_x = 0, .ofs_y = -2},
    {.bitmap_index = 4726, .adv_w = 256, .box_w = 15, .box_h = 16, .ofs_x = 1, .ofs_y = -2},
    {.bitmap_index = 4846, .adv_w = 256, .box_w = 16, .box_h = 17, .ofs_x = 0, .ofs_y = -3},
    {.bitmap_index = 4982, .adv_w = 256, .box_w = 16, .box_h = 17, .ofs_x = 0, .ofs_y = -3},
    {.bitmap_index = 5118, .adv_w = 256, .box_w = 15, .box_h = 15, .ofs_x = 1, .ofs_y = -2},
    {.bitmap_index = 5231, .adv_w = 256, .box_w = 16, .box_h = 16, .ofs_x = 0, .ofs_y = -2},
    {.bitmap_index = 5359, .adv_w = 256, .box_w = 16, .box_h = 16, .ofs_x = 0, .ofs_y = -2},
    {.bitmap_index = 5487, .adv_w = 256, .box_w = 15, .box_h = 16, .ofs_x = 1, .ofs_y = -2},
    {.bitmap_index = 5607, .adv_w = 256, .box_w = 16, .box_h = 16, .ofs_x = 0, .ofs_y = -3},
    {.bitmap_index = 5735, .adv_w = 256, .box_w = 16, .box_h = 17, .ofs_x = 0, .ofs_y = -3},
    {.bitmap_index = 5871, .adv_w = 256, .box_w = 16, .box_h = 16, .ofs_x = 0, .ofs_y = -2},
    {.bitmap_index = 5999, .adv_w = 256, .box_w = 16, .box_h = 16, .ofs_x = 0, .ofs_y = -3},
    {.bitmap_index = 6127, .adv_w = 256, .box_w = 16, .box_h = 16, .ofs_x = 0, .ofs_y = -2},
    {.bitmap_index = 6255, .adv_w = 256, .box_w = 16, .box_h = 15, .ofs_x = 0, .ofs_y = -2},
    {.bitmap_index = 6375, .adv_w = 256, .box_w = 17, .box_h = 17, .ofs_x = 0, .ofs_y = -3},
    {.bitmap_index = 6520, .adv_w = 256, .box_w = 15, .box_h = 15, .ofs_x = 1, .ofs_y = -2},
    {.bitmap_index = 6633, .adv_w = 256, .box_w = 16, .box_h = 16, .ofs_x = 0, .ofs_y = -3},
    {.bitmap_index = 6761, .adv_w = 256, .box_w = 16, .box_h = 16, .ofs_x = 0, .ofs_y = -2},
    {.bitmap_index = 6889, .adv_w = 256, .box_w = 16, .box_h = 17, .ofs_x = 0, .ofs_y = -3},
    {.bitmap_index = 7025, .adv_w = 256, .box_w = 16, .box_h = 17, .ofs_x = 0, .ofs_y = -3},
    {.bitmap_index = 7161, .adv_w = 256, .box_w = 17, .box_h = 17, .ofs_x = 0, .ofs_y = -3},
    {.bitmap_index = 7306, .adv_w = 256, .box_w = 16, .box_h = 16, .ofs_x = 0, .ofs_y = -2},
    {.bitmap_index = 7434, .adv_w = 256, .box_w = 16, .box_h = 16, .ofs_x = 0, .ofs_y = -3},
    {.bitmap_index = 7562, .adv_w = 256, .box_w = 16, .box_h = 17, .ofs_x = 0, .ofs_y = -3},
    {.bitmap_index = 7698, .adv_w = 256, .box_w = 16, .box_h = 17, .ofs_x = 0, .ofs_y = -3},
    {.bitmap_index = 7834, .adv_w = 256, .box_w = 16, .box_h = 16, .ofs_x = 0, .ofs_y = -3},
    {.bitmap_index = 7962, .adv_w = 256, .box_w = 17, .box_h = 16, .ofs_x = 0, .ofs_y = -3},
    {.bitmap_index = 8098, .adv_w = 256, .box_w = 16, .box_h = 16, .ofs_x = 0, .ofs_y = -2},
    {.bitmap_index = 8226, .adv_w = 256, .box_w = 15, .box_h = 15, .ofs_x = 1, .ofs_y = -2},
    {.bitmap_index = 8339, .adv_w = 256, .box_w = 16, .box_h = 16, .ofs_x = 0, .ofs_y = -2},
    {.bitmap_index = 8467, .adv_w = 256, .box_w = 16, .box_h = 17, .ofs_x = 0, .ofs_y = -3},
    {.bitmap_index = 8603, .adv_w = 256, .box_w = 16, .box_h = 16, .ofs_x = 0, .ofs_y = -2},
    {.bitmap_index = 8731, .adv_w = 256, .box_w = 16, .box_h = 17, .ofs_x = 0, .ofs_y = -3},
    {.bitmap_index = 8867, .adv_w = 256, .box_w = 16, .box_h = 16, .ofs_x = 0, .ofs_y = -2},
    {.bitmap_index = 8995, .adv_w = 256, .box_w = 16, .box_h = 17, .ofs_x = 0, .ofs_y = -3},
    {.bitmap_index = 9131, .adv_w = 256, .box_w = 16, .box_h = 15, .ofs_x = 0, .ofs_y = -2},
    {.bitmap_index = 9251, .adv_w = 256, .box_w = 17, .box_h = 17, .ofs_x = 0, .ofs_y = -3},
    {.bitmap_index = 9396, .adv_w = 256, .box_w = 16, .box_h = 16, .ofs_x = 0, .ofs_y = -2},
    {.bitmap_index = 9524, .adv_w = 256, .box_w = 16, .box_h = 17, .ofs_x = 0, .ofs_y = -3},
    {.bitmap_index = 9660, .adv_w = 256, .box_w = 16, .box_h = 16, .ofs_x = 0, .ofs_y = -3},
    {.bitmap_index = 9788, .adv_w = 256, .box_w = 16, .box_h = 16, .ofs_x = 0, .ofs_y = -2},
    {.bitmap_index = 9916, .adv_w = 256, .box_w = 17, .box_h = 17, .ofs_x = 0, .ofs_y = -3},
    {.bitmap_index = 10061, .adv_w = 256, .box_w = 15, .box_h = 16, .ofs_x = 1, .ofs_y = -2},
    {.bitmap_index = 10181, .adv_w = 256, .box_w = 16, .box_h = 16, .ofs_x = 0, .ofs_y = -2},
    {.bitmap_index = 10309, .adv_w = 256, .box_w = 16, .box_h = 15, .ofs_x = 0, .ofs_y = -2},
    {.bitmap_index = 10429, .adv_w = 256, .box_w = 16, .box_h = 16, .ofs_x = 0, .ofs_y = -2},
    {.bitmap_index = 10557, .adv_w = 256, .box_w = 16, .box_h = 17, .ofs_x = 0, .ofs_y = -3},
    {.bitmap_index = 10693, .adv_w = 256, .box_w = 16, .box_h = 15, .ofs_x = 0, .ofs_y = -2},
    {.bitmap_index = 10813, .adv_w = 256, .box_w = 16, .box_h = 17, .ofs_x = 0, .ofs_y = -3},
    {.bitmap_index = 10949, .adv_w = 256, .box_w = 14, .box_h = 15, .ofs_x = 1, .ofs_y = -2},
    {.bitmap_index = 11054, .adv_w = 256, .box_w = 14, .box_h = 16, .ofs_x = 1, .ofs_y = -3},
    {.bitmap_index = 11166, .adv_w = 256, .box_w = 14, .box_h = 16, .ofs_x = 1, .ofs_y = -3},
    {.bitmap_index = 11278, .adv_w = 256, .box_w = 14, .box_h = 16, .ofs_x = 1, .ofs_y = -3},
    {.bitmap_index = 11390, .adv_w = 256, .box_w = 14, .box_h = 16, .ofs_x = 1, .ofs_y = -3},
    {.bitmap_index = 11502, .adv_w = 256, .box_w = 14, .box_h = 16, .ofs_x = 1, .ofs_y = -3},
    {.bitmap_index = 11614, .adv_w = 256, .box_w = 14, .box_h = 15, .ofs_x = 1, .ofs_y = -2},
    {.bitmap_index = 11719, .adv_w = 256, .box_w = 14, .box_h = 16, .ofs_x = 1, .ofs_y = -3},
    {.bitmap_index = 11831, .adv_w = 256, .box_w = 14, .box_h = 15, .ofs_x = 1, .ofs_y = -2},
    {.bitmap_index = 11936, .adv_w = 256, .box_w = 14, .box_h = 15, .ofs_x = 1, .ofs_y = -2},
    {.bitmap_index = 12041, .adv_w = 256, .box_w = 14, .box_h = 15, .ofs_x = 1, .ofs_y = -2},
    {.bitmap_index = 12146, .adv_w = 256, .box_w = 16, .box_h = 16, .ofs_x = 0, .ofs_y = -2},
    {.bitmap_index = 12274, .adv_w = 256, .box_w = 16, .box_h = 17, .ofs_x = 0, .ofs_y = -3},
    {.bitmap_index = 12410, .adv_w = 256, .box_w = 16, .box_h = 17, .ofs_x = 0, .ofs_y = -3},
    {.bitmap_index = 12546, .adv_w = 256, .box_w = 16, .box_h = 17, .ofs_x = 0, .ofs_y = -3},
    {.bitmap_index = 12682, .adv_w = 256, .box_w = 16, .box_h = 16, .ofs_x = 0, .ofs_y = -2},
    {.bitmap_index = 12810, .adv_w = 256, .box_w = 16, .box_h = 17, .ofs_x = 0, .ofs_y = -3},
    {.bitmap_index = 12946, .adv_w = 256, .box_w = 16, .box_h = 17, .ofs_x = 0, .ofs_y = -3},
    {.bitmap_index = 13082, .adv_w = 256, .box_w = 16, .box_h = 16, .ofs_x = 0, .ofs_y = -2},
    {.bitmap_index = 13210, .adv_w = 256, .box_w = 16, .box_h = 16, .ofs_x = 0, .ofs_y = -3},
    {.bitmap_index = 13338, .adv_w = 256, .box_w = 17, .box_h = 17, .ofs_x = -1, .ofs_y = -3},
    {.bitmap_index = 13483, .adv_w = 256, .box_w = 16, .box_h = 17, .ofs_x = 0, .ofs_y = -3},
    {.bitmap_index = 13619, .adv_w = 256, .box_w = 16, .box_h = 17, .ofs_x = 0, .ofs_y = -3},
    {.bitmap_index = 13755, .adv_w = 256, .box_w = 16, .box_h = 17, .ofs_x = -1, .ofs_y = -3},
    {.bitmap_index = 13891, .adv_w = 256, .box_w = 16, .box_h = 16, .ofs_x = 0, .ofs_y = -2},
    {.bitmap_index = 14019, .adv_w = 256, .box_w = 16, .box_h = 16, .ofs_x = 0, .ofs_y = -2},
    {.bitmap_index = 14147, .adv_w = 256, .box_w = 16, .box_h = 16, .ofs_x = 0, .ofs_y = -2},
    {.bitmap_index = 14275, .adv_w = 256, .box_w = 17, .box_h = 16, .ofs_x = -1, .ofs_y = -2},
    {.bitmap_index = 14411, .adv_w = 256, .box_w = 16, .box_h = 17, .ofs_x = 0, .ofs_y = -3},
    {.bitmap_index = 14547, .adv_w = 256, .box_w = 16, .box_h = 16, .ofs_x = 0, .ofs_y = -3},
    {.bitmap_index = 14675, .adv_w = 256, .box_w = 16, .box_h = 17, .ofs_x = 0, .ofs_y = -3},
    {.bitmap_index = 14811, .adv_w = 256, .box_w = 17, .box_h = 16, .ofs_x = -1, .ofs_y = -2},
    {.bitmap_index = 14947, .adv_w = 256, .box_w = 16, .box_h = 17, .ofs_x = 0, .ofs_y = -3},
    {.bitmap_index = 15083, .adv_w = 256, .box_w = 17, .box_h = 17, .ofs_x = 0, .ofs_y = -3},
    {.bitmap_index = 15228, .adv_w = 256, .box_w = 16, .box_h = 16, .ofs_x = 0, .ofs_y = -2},
    {.bitmap_index = 15356, .adv_w = 256, .box_w = 17, .box_h = 17, .ofs_x = -1, .ofs_y = -3},
    {.bitmap_index = 15501, .adv_w = 256, .box_w = 16, .box_h = 16, .ofs_x = 0, .ofs_y = -2},
    {.bitmap_index = 15629, .adv_w = 256, .box_w = 16, .box_h = 17, .ofs_x = 0, .ofs_y = -3},
    {.bitmap_index = 15765, .adv_w = 256, .box_w = 16, .box_h = 15, .ofs_x = 0, .ofs_y = -2},
    {.bitmap_index = 15885, .adv_w = 256, .box_w = 16, .box_h = 17, .ofs_x = 0, .ofs_y = -3},
    {.bitmap_index = 16021, .adv_w = 256, .box_w = 16, .box_h = 16, .ofs_x = 0, .ofs_y = -3},
    {.bitmap_index = 16149, .adv_w = 256, .box_w = 17, .box_h = 16, .ofs_x = -1, .ofs_y = -2},
    {.bitmap_index = 16285, .adv_w = 256, .box_w = 16, .box_h = 17, .ofs_x = 0, .ofs_y = -3},
    {.bitmap_index = 16421, .adv_w = 256, .box_w = 16, .box_h = 17, .ofs_x = 0, .ofs_y = -3},
    {.bitmap_index = 16557, .adv_w = 256, .box_w = 15, .box_h = 17, .ofs_x = 0, .ofs_y = -3},
    {.bitmap_index = 16685, .adv_w = 256, .box_w = 16, .box_h = 16, .ofs_x = 0, .ofs_y = -2},
    {.bitmap_index = 16813, .adv_w = 256, .box_w = 16, .box_h = 17, .ofs_x = 0, .ofs_y = -3},
    {.bitmap_index = 16949, .adv_w = 256, .box_w = 16, .box_h = 16, .ofs_x = 0, .ofs_y = -3},
    {.bitmap_index = 17077, .adv_w = 256, .box_w = 16, .box_h = 16, .ofs_x = 0, .ofs_y = -2},
    {.bitmap_index = 17205, .adv_w = 256, .box_w = 16, .box_h = 17, .ofs_x = 0, .ofs_y = -3},
    {.bitmap_index = 17341, .adv_w = 256, .box_w = 16, .box_h = 16, .ofs_x = 0, .ofs_y = -2},
    {.bitmap_index = 17469, .adv_w = 256, .box_w = 17, .box_h = 17, .ofs_x = -1, .ofs_y = -3},
    {.bitmap_index = 17614, .adv_w = 256, .box_w = 16, .box_h = 17, .ofs_x = 0, .ofs_y = -3},
    {.bitmap_index = 17750, .adv_w = 256, .box_w = 16, .box_h = 17, .ofs_x = 0, .ofs_y = -3},
    {.bitmap_index = 17886, .adv_w = 256, .box_w = 16, .box_h = 16, .ofs_x = 0, .ofs_y = -2},
    {.bitmap_index = 18014, .adv_w = 256, .box_w = 17, .box_h = 17, .ofs_x = -1, .ofs_y = -3},
    {.bitmap_index = 18159, .adv_w = 256, .box_w = 16, .box_h = 16, .ofs_x = 0, .ofs_y = -2},
    {.bitmap_index = 18287, .adv_w = 256, .box_w = 16, .box_h = 17, .ofs_x = 0, .ofs_y = -3},
    {.bitmap_index = 18423, .adv_w = 256, .box_w = 16, .box_h = 17, .ofs_x = 0, .ofs_y = -3},
    {.bitmap_index = 18559, .adv_w = 256, .box_w = 16, .box_h = 16, .ofs_x = 0, .ofs_y = -2},
    {.bitmap_index = 18687, .adv_w = 256, .box_w = 16, .box_h = 17, .ofs_x = 0, .ofs_y = -3},
    {.bitmap_index = 18823, .adv_w = 256, .box_w = 17, .box_h = 17, .ofs_x = -1, .ofs_y = -3},
    {.bitmap_index = 18968, .adv_w = 256, .box_w = 16, .box_h = 16, .ofs_x = 0, .ofs_y = -2},
    {.bitmap_index = 19096, .adv_w = 256, .box_w = 17, .box_h = 16, .ofs_x = -1, .ofs_y = -2},
    {.bitmap_index = 19232, .adv_w = 256, .box_w = 16, .box_h = 16, .ofs_x = 0, .ofs_y = -3},
    {.bitmap_index = 19360, .adv_w = 256, .box_w = 16, .box_h = 15, .ofs_x = 0, .ofs_y = -2},
    {.bitmap_index = 19480, .adv_w = 256, .box_w = 16, .box_h = 16, .ofs_x = 0, .ofs_y = -2},
    {.bitmap_index = 19608, .adv_w = 256, .box_w = 16, .box_h = 16, .ofs_x = 0, .ofs_y = -2},
    {.bitmap_index = 19736, .adv_w = 256, .box_w = 16, .box_h = 16, .ofs_x = 0, .ofs_y = -2},
    {.bitmap_index = 19864, .adv_w = 256, .box_w = 16, .box_h = 16, .ofs_x = 0, .ofs_y = -2},
    {.bitmap_index = 19992, .adv_w = 256, .box_w = 16, .box_h = 17, .ofs_x = 0, .ofs_y = -3},
    {.bitmap_index = 20128, .adv_w = 256, .box_w = 16, .box_h = 17, .ofs_x = 0, .ofs_y = -3},
    {.bitmap_index = 20264, .adv_w = 256, .box_w = 17, .box_h = 17, .ofs_x = 0, .ofs_y = -3},
    {.bitmap_index = 20409, .adv_w = 256, .box_w = 16, .box_h = 17, .ofs_x = 0, .ofs_y = -3},
    {.bitmap_index = 20545, .adv_w = 256, .box_w = 16, .box_h = 16, .ofs_x = 0, .ofs_y = -3},
    {.bitmap_index = 20673, .adv_w = 256, .box_w = 16, .box_h = 16, .ofs_x = 0, .ofs_y = -3},
    {.bitmap_index = 20801, .adv_w = 256, .box_w = 16, .box_h = 16, .ofs_x = 0, .ofs_y = -3},
    {.bitmap_index = 20929, .adv_w = 256, .box_w = 17, .box_h = 17, .ofs_x = -1, .ofs_y = -3},
    {.bitmap_index = 21074, .adv_w = 256, .box_w = 16, .box_h = 17, .ofs_x = 0, .ofs_y = -3},
    {.bitmap_index = 21210, .adv_w = 256, .box_w = 16, .box_h = 16, .ofs_x = 0, .ofs_y = -3},
    {.bitmap_index = 21338, .adv_w = 256, .box_w = 16, .box_h = 17, .ofs_x = 0, .ofs_y = -3},
    {.bitmap_index = 21474, .adv_w = 256, .box_w = 15, .box_h = 8, .ofs_x = 1, .ofs_y = 6},
    {.bitmap_index = 21534, .adv_w = 256, .box_w = 16, .box_h = 17, .ofs_x = 0, .ofs_y = -3},
    {.bitmap_index = 21670, .adv_w = 256, .box_w = 16, .box_h = 16, .ofs_x = 0, .ofs_y = -2},
    {.bitmap_index = 21798, .adv_w = 256, .box_w = 16, .box_h = 16, .ofs_x = 0, .ofs_y = -2},
    {.bitmap_index = 21926, .adv_w = 256, .box_w = 16, .box_h = 17, .ofs_x = 0, .ofs_y = -3},
    {.bitmap_index = 22062, .adv_w = 256, .box_w = 16, .box_h = 16, .ofs_x = 0, .ofs_y = -2},
    {.bitmap_index = 22190, .adv_w = 256, .box_w = 16, .box_h = 17, .ofs_x = 0, .ofs_y = -3},
    {.bitmap_index = 22326, .adv_w = 256, .box_w = 16, .box_h = 17, .ofs_x = 0, .ofs_y = -3},
    {.bitmap_index = 22462, .adv_w = 256, .box_w = 16, .box_h = 17, .ofs_x = 0, .ofs_y = -3},
    {.bitmap_index = 22598, .adv_w = 256, .box_w = 16, .box_h = 16, .ofs_x = 0, .ofs_y = -3},
    {.bitmap_index = 22726, .adv_w = 256, .box_w = 17, .box_h = 16, .ofs_x = 0, .ofs_y = -2},
    {.bitmap_index = 22862, .adv_w = 256, .box_w = 16, .box_h = 16, .ofs_x = 0, .ofs_y = -3},
    {.bitmap_index = 22990, .adv_w = 256, .box_w = 16, .box_h = 16, .ofs_x = 0, .ofs_y = -3},
    {.bitmap_index = 23118, .adv_w = 256, .box_w = 16, .box_h = 15, .ofs_x = 0, .ofs_y = -2},
    {.bitmap_index = 23238, .adv_w = 256, .box_w = 17, .box_h = 16, .ofs_x = 0, .ofs_y = -3},
    {.bitmap_index = 23374, .adv_w = 256, .box_w = 16, .box_h = 16, .ofs_x = 0, .ofs_y = -3},
    {.bitmap_index = 23502, .adv_w = 256, .box_w = 13, .box_h = 16, .ofs_x = 1, .ofs_y = -2},
    {.bitmap_index = 23606, .adv_w = 256, .box_w = 17, .box_h = 16, .ofs_x = 0, .ofs_y = -2},
    {.bitmap_index = 23742, .adv_w = 256, .box_w = 16, .box_h = 16, .ofs_x = 0, .ofs_y = -3},
    {.bitmap_index = 23870, .adv_w = 256, .box_w = 16, .box_h = 17, .ofs_x = 0, .ofs_y = -3},
    {.bitmap_index = 24006, .adv_w = 256, .box_w = 16, .box_h = 17, .ofs_x = 0, .ofs_y = -3},
    {.bitmap_index = 24142, .adv_w = 256, .box_w = 16, .box_h = 16, .ofs_x = 0, .ofs_y = -2},
    {.bitmap_index = 24270, .adv_w = 256, .box_w = 16, .box_h = 16, .ofs_x = 0, .ofs_y = -3},
    {.bitmap_index = 24398, .adv_w = 256, .box_w = 16, .box_h = 16, .ofs_x = 0, .ofs_y = -2},
    {.bitmap_index = 24526, .adv_w = 256, .box_w = 17, .box_h = 16, .ofs_x = 0, .ofs_y = -3},
    {.bitmap_index = 24662, .adv_w = 256, .box_w = 17, .box_h = 15, .ofs_x = 0, .ofs_y = -2},
    {.bitmap_index = 24790, .adv_w = 256, .box_w = 16, .box_h = 17, .ofs_x = 0, .ofs_y = -3},
    {.bitmap_index = 24926, .adv_w = 256, .box_w = 15, .box_h = 16, .ofs_x = 1, .ofs_y = -2},
    {.bitmap_index = 25046, .adv_w = 256, .box_w = 16, .box_h = 17, .ofs_x = 0, .ofs_y = -3},
    {.bitmap_index = 25182, .adv_w = 256, .box_w = 16, .box_h = 17, .ofs_x = 0, .ofs_y = -3},
    {.bitmap_index = 25318, .adv_w = 256, .box_w = 16, .box_h = 16, .ofs_x = 0, .ofs_y = -2},
    {.bitmap_index = 25446, .adv_w = 256, .box_w = 15, .box_h = 16, .ofs_x = 0, .ofs_y = -2},
    {.bitmap_index = 25566, .adv_w = 256, .box_w = 16, .box_h = 16, .ofs_x = 0, .ofs_y = -2},
    {.bitmap_index = 25694, .adv_w = 256, .box_w = 16, .box_h = 16, .ofs_x = 0, .ofs_y = -2},
    {.bitmap_index = 25822, .adv_w = 256, .box_w = 16, .box_h = 16, .ofs_x = 0, .ofs_y = -3},
    {.bitmap_index = 25950, .adv_w = 256, .box_w = 16, .box_h = 17, .ofs_x = 0, .ofs_y = -3},
    {.bitmap_index = 26086, .adv_w = 256, .box_w = 15, .box_h = 17, .ofs_x = 0, .ofs_y = -3},
    {.bitmap_index = 26214, .adv_w = 256, .box_w = 16, .box_h = 15, .ofs_x = 0, .ofs_y = -2},
    {.bitmap_index = 26334, .adv_w = 256, .box_w = 16, .box_h = 17, .ofs_x = 0, .ofs_y = -3},
    {.bitmap_index = 26470, .adv_w = 256, .box_w = 16, .box_h = 15, .ofs_x = 0, .ofs_y = -2},
    {.bitmap_index = 26590, .adv_w = 256, .box_w = 17, .box_h = 17, .ofs_x = 0, .ofs_y = -3},
    {.bitmap_index = 26735, .adv_w = 256, .box_w = 16, .box_h = 16, .ofs_x = 0, .ofs_y = -2},
    {.bitmap_index = 26863, .adv_w = 256, .box_w = 17, .box_h = 16, .ofs_x = 0, .ofs_y = -3},
    {.bitmap_index = 26999, .adv_w = 256, .box_w = 16, .box_h = 16, .ofs_x = 0, .ofs_y = -2},
    {.bitmap_index = 27127, .adv_w = 256, .box_w = 16, .box_h = 16, .ofs_x = 0, .ofs_y = -2},
    {.bitmap_index = 27255, .adv_w = 256, .box_w = 16, .box_h = 16, .ofs_x = 0, .ofs_y = -3},
    {.bitmap_index = 27383, .adv_w = 256, .box_w = 17, .box_h = 17, .ofs_x = 0, .ofs_y = -3},
    {.bitmap_index = 27528, .adv_w = 256, .box_w = 16, .box_h = 17, .ofs_x = 0, .ofs_y = -3},
    {.bitmap_index = 27664, .adv_w = 256, .box_w = 16, .box_h = 16, .ofs_x = 0, .ofs_y = -2},
    {.bitmap_index = 27792, .adv_w = 256, .box_w = 17, .box_h = 16, .ofs_x = 0, .ofs_y = -2},
    {.bitmap_index = 27928, .adv_w = 256, .box_w = 14, .box_h = 17, .ofs_x = 1, .ofs_y = -3},
    {.bitmap_index = 28047, .adv_w = 256, .box_w = 16, .box_h = 17, .ofs_x = 0, .ofs_y = -3},
    {.bitmap_index = 28183, .adv_w = 256, .box_w = 16, .box_h = 16, .ofs_x = 0, .ofs_y = -2},
    {.bitmap_index = 28311, .adv_w = 256, .box_w = 16, .box_h = 16, .ofs_x = 0, .ofs_y = -3},
    {.bitmap_index = 28439, .adv_w = 256, .box_w = 16, .box_h = 15, .ofs_x = 0, .ofs_y = -2},
    {.bitmap_index = 28559, .adv_w = 256, .box_w = 16, .box_h = 16, .ofs_x = 0, .ofs_y = -3},
    {.bitmap_index = 28687, .adv_w = 256, .box_w = 16, .box_h = 16, .ofs_x = 0, .ofs_y = -2},
    {.bitmap_index = 28815, .adv_w = 256, .box_w = 16, .box_h = 16, .ofs_x = 0, .ofs_y = -3},
    {.bitmap_index = 28943, .adv_w = 256, .box_w = 16, .box_h = 16, .ofs_x = 0, .ofs_y = -2},
    {.bitmap_index = 29071, .adv_w = 256, .box_w = 16, .box_h = 16, .ofs_x = 0, .ofs_y = -2},
    {.bitmap_index = 29199, .adv_w = 256, .box_w = 16, .box_h = 16, .ofs_x = 0, .ofs_y = -2},
    {.bitmap_index = 29327, .adv_w = 256, .box_w = 16, .box_h = 17, .ofs_x = 0, .ofs_y = -3},
    {.bitmap_index = 29463, .adv_w = 256, .box_w = 16, .box_h = 16, .ofs_x = 0, .ofs_y = -2},
    {.bitmap_index = 29591, .adv_w = 256, .box_w = 16, .box_h = 17, .ofs_x = 0, .ofs_y = -3},
    {.bitmap_index = 29727, .adv_w = 256, .box_w = 16, .box_h = 16, .ofs_x = 0, .ofs_y = -2},
    {.bitmap_index = 29855, .adv_w = 256, .box_w = 16, .box_h = 17, .ofs_x = 0, .ofs_y = -3},
    {.bitmap_index = 29991, .adv_w = 256, .box_w = 16, .box_h = 16, .ofs_x = 0, .ofs_y = -2},
    {.bitmap_index = 30119, .adv_w = 256, .box_w = 16, .box_h = 16, .ofs_x = 0, .ofs_y = -3},
    {.bitmap_index = 30247, .adv_w = 256, .box_w = 16, .box_h = 17, .ofs_x = 0, .ofs_y = -3},
    {.bitmap_index = 30383, .adv_w = 256, .box_w = 14, .box_h = 15, .ofs_x = 1, .ofs_y = -2},
    {.bitmap_index = 30488, .adv_w = 256, .box_w = 16, .box_h = 16, .ofs_x = 0, .ofs_y = -2},
    {.bitmap_index = 30616, .adv_w = 256, .box_w = 16, .box_h = 16, .ofs_x = 0, .ofs_y = -2},
    {.bitmap_index = 30744, .adv_w = 256, .box_w = 16, .box_h = 17, .ofs_x = 0, .ofs_y = -3},
    {.bitmap_index = 30880, .adv_w = 256, .box_w = 16, .box_h = 17, .ofs_x = 0, .ofs_y = -3},
    {.bitmap_index = 31016, .adv_w = 256, .box_w = 16, .box_h = 17, .ofs_x = 0, .ofs_y = -3},
    {.bitmap_index = 31152, .adv_w = 256, .box_w = 17, .box_h = 16, .ofs_x = 0, .ofs_y = -2},
    {.bitmap_index = 31288, .adv_w = 256, .box_w = 16, .box_h = 17, .ofs_x = 0, .ofs_y = -3},
    {.bitmap_index = 31424, .adv_w = 256, .box_w = 16, .box_h = 17, .ofs_x = 0, .ofs_y = -3},
    {.bitmap_index = 31560, .adv_w = 256, .box_w = 16, .box_h = 16, .ofs_x = 0, .ofs_y = -2},
    {.bitmap_index = 31688, .adv_w = 256, .box_w = 16, .box_h = 17, .ofs_x = 0, .ofs_y = -3},
    {.bitmap_index = 31824, .adv_w = 256, .box_w = 16, .box_h = 16, .ofs_x = 0, .ofs_y = -2},
    {.bitmap_index = 31952, .adv_w = 256, .box_w = 17, .box_h = 17, .ofs_x = 0, .ofs_y = -3},
    {.bitmap_index = 32097, .adv_w = 256, .box_w = 16, .box_h = 17, .ofs_x = 0, .ofs_y = -3},
    {.bitmap_index = 32233, .adv_w = 256, .box_w = 15, .box_h = 17, .ofs_x = 1, .ofs_y = -3},
    {.bitmap_index = 32361, .adv_w = 256, .box_w = 16, .box_h = 17, .ofs_x = 0, .ofs_y = -3},
    {.bitmap_index = 32497, .adv_w = 256, .box_w = 16, .box_h = 17, .ofs_x = 0, .ofs_y = -3},
    {.bitmap_index = 32633, .adv_w = 256, .box_w = 16, .box_h = 17, .ofs_x = 0, .ofs_y = -3},
    {.bitmap_index = 32769, .adv_w = 256, .box_w = 16, .box_h = 17, .ofs_x = 0, .ofs_y = -3},
    {.bitmap_index = 32905, .adv_w = 256, .box_w = 16, .box_h = 16, .ofs_x = 0, .ofs_y = -2},
    {.bitmap_index = 33033, .adv_w = 256, .box_w = 16, .box_h = 16, .ofs_x = 0, .ofs_y = -2},
    {.bitmap_index = 33161, .adv_w = 256, .box_w = 16, .box_h = 17, .ofs_x = 0, .ofs_y = -3},
    {.bitmap_index = 33297, .adv_w = 256, .box_w = 16, .box_h = 17, .ofs_x = 0, .ofs_y = -3},
    {.bitmap_index = 33433, .adv_w = 256, .box_w = 16, .box_h = 17, .ofs_x = 0, .ofs_y = -3},
    {.bitmap_index = 33569, .adv_w = 256, .box_w = 16, .box_h = 17, .ofs_x = 0, .ofs_y = -3},
    {.bitmap_index = 33705, .adv_w = 256, .box_w = 16, .box_h = 17, .ofs_x = 0, .ofs_y = -3},
    {.bitmap_index = 33841, .adv_w = 256, .box_w = 16, .box_h = 17, .ofs_x = 0, .ofs_y = -3},
    {.bitmap_index = 33977, .adv_w = 256, .box_w = 17, .box_h = 17, .ofs_x = 0, .ofs_y = -3},
    {.bitmap_index = 34122, .adv_w = 256, .box_w = 16, .box_h = 17, .ofs_x = 0, .ofs_y = -3},
    {.bitmap_index = 34258, .adv_w = 256, .box_w = 16, .box_h = 17, .ofs_x = 0, .ofs_y = -3},
    {.bitmap_index = 34394, .adv_w = 256, .box_w = 16, .box_h = 17, .ofs_x = 0, .ofs_y = -3},
    {.bitmap_index = 34530, .adv_w = 256, .box_w = 16, .box_h = 16, .ofs_x = 0, .ofs_y = -3},
    {.bitmap_index = 34658, .adv_w = 256, .box_w = 16, .box_h = 16, .ofs_x = 0, .ofs_y = -3},
    {.bitmap_index = 34786, .adv_w = 256, .box_w = 16, .box_h = 16, .ofs_x = 0, .ofs_y = -3},
    {.bitmap_index = 34914, .adv_w = 256, .box_w = 14, .box_h = 14, .ofs_x = 1, .ofs_y = -2},
    {.bitmap_index = 35012, .adv_w = 256, .box_w = 17, .box_h = 17, .ofs_x = 0, .ofs_y = -3},
    {.bitmap_index = 35157, .adv_w = 256, .box_w = 16, .box_h = 16, .ofs_x = 0, .ofs_y = -2},
    {.bitmap_index = 35285, .adv_w = 256, .box_w = 16, .box_h = 16, .ofs_x = 0, .ofs_y = -3},
    {.bitmap_index = 35413, .adv_w = 256, .box_w = 14, .box_h = 16, .ofs_x = 1, .ofs_y = -2},
    {.bitmap_index = 35525, .adv_w = 256, .box_w = 10, .box_h = 16, .ofs_x = 2, .ofs_y = -2},
    {.bitmap_index = 35605, .adv_w = 256, .box_w = 16, .box_h = 17, .ofs_x = 0, .ofs_y = -3},
    {.bitmap_index = 35741, .adv_w = 256, .box_w = 16, .box_h = 16, .ofs_x = 0, .ofs_y = -2},
    {.bitmap_index = 35869, .adv_w = 256, .box_w = 16, .box_h = 17, .ofs_x = 0, .ofs_y = -3},
    {.bitmap_index = 36005, .adv_w = 256, .box_w = 17, .box_h = 16, .ofs_x = -1, .ofs_y = -2},
    {.bitmap_index = 36141, .adv_w = 256, .box_w = 16, .box_h = 17, .ofs_x = 0, .ofs_y = -3},
    {.bitmap_index = 36277, .adv_w = 256, .box_w = 17, .box_h = 17, .ofs_x = -1, .ofs_y = -3},
    {.bitmap_index = 36422, .adv_w = 256, .box_w = 16, .box_h = 16, .ofs_x = 0, .ofs_y = -2},
    {.bitmap_index = 36550, .adv_w = 256, .box_w = 16, .box_h = 17, .ofs_x = 0, .ofs_y = -3},
    {.bitmap_index = 36686, .adv_w = 256, .box_w = 16, .box_h = 16, .ofs_x = 0, .ofs_y = -2},
    {.bitmap_index = 36814, .adv_w = 256, .box_w = 17, .box_h = 16, .ofs_x = -1, .ofs_y = -2},
    {.bitmap_index = 36950, .adv_w = 256, .box_w = 16, .box_h = 17, .ofs_x = 0, .ofs_y = -3},
    {.bitmap_index = 37086, .adv_w = 256, .box_w = 16, .box_h = 17, .ofs_x = 0, .ofs_y = -3},
    {.bitmap_index = 37222, .adv_w = 256, .box_w = 9, .box_h = 16, .ofs_x = 0, .ofs_y = -2},
    {.bitmap_index = 37294, .adv_w = 256, .box_w = 16, .box_h = 17, .ofs_x = 0, .ofs_y = -3},
    {.bitmap_index = 37430, .adv_w = 256, .box_w = 16, .box_h = 16, .ofs_x = 0, .ofs_y = -2},
    {.bitmap_index = 37558, .adv_w = 256, .box_w = 16, .box_h = 17, .ofs_x = 0, .ofs_y = -3},
    {.bitmap_index = 37694, .adv_w = 256, .box_w = 17, .box_h = 16, .ofs_x = 0, .ofs_y = -3},
    {.bitmap_index = 37830, .adv_w = 256, .box_w = 16, .box_h = 16, .ofs_x = -1, .ofs_y = -2},
    {.bitmap_index = 37958, .adv_w = 256, .box_w = 17, .box_h = 16, .ofs_x = -1, .ofs_y = -2},
    {.bitmap_index = 38094, .adv_w = 256, .box_w = 17, .box_h = 16, .ofs_x = -1, .ofs_y = -2},
    {.bitmap_index = 38230, .adv_w = 256, .box_w = 17, .box_h = 16, .ofs_x = -1, .ofs_y = -2},
    {.bitmap_index = 38366, .adv_w = 256, .box_w = 16, .box_h = 17, .ofs_x = 0, .ofs_y = -3},
    {.bitmap_index = 38502, .adv_w = 256, .box_w = 16, .box_h = 16, .ofs_x = 0, .ofs_y = -2},
    {.bitmap_index = 38630, .adv_w = 256, .box_w = 16, .box_h = 17, .ofs_x = 0, .ofs_y = -3},
    {.bitmap_index = 38766, .adv_w = 256, .box_w = 17, .box_h = 16, .ofs_x = 0, .ofs_y = -2},
    {.bitmap_index = 38902, .adv_w = 256, .box_w = 17, .box_h = 16, .ofs_x = -1, .ofs_y = -2},
    {.bitmap_index = 39038, .adv_w = 256, .box_w = 17, .box_h = 16, .ofs_x = 0, .ofs_y = -2},
    {.bitmap_index = 39174, .adv_w = 256, .box_w = 16, .box_h = 17, .ofs_x = 0, .ofs_y = -3},
    {.bitmap_index = 39310, .adv_w = 256, .box_w = 16, .box_h = 17, .ofs_x = 0, .ofs_y = -3},
    {.bitmap_index = 39446, .adv_w = 256, .box_w = 16, .box_h = 16, .ofs_x = 0, .ofs_y = -2},
    {.bitmap_index = 39574, .adv_w = 256, .box_w = 17, .box_h = 17, .ofs_x = -1, .ofs_y = -3},
    {.bitmap_index = 39719, .adv_w = 256, .box_w = 16, .box_h = 16, .ofs_x = 0, .ofs_y = -2},
    {.bitmap_index = 39847, .adv_w = 256, .box_w = 16, .box_h = 16, .ofs_x = 0, .ofs_y = -2},
    {.bitmap_index = 39975, .adv_w = 256, .box_w = 17, .box_h = 17, .ofs_x = 0, .ofs_y = -3},
    {.bitmap_index = 40120, .adv_w = 256, .box_w = 17, .box_h = 17, .ofs_x = -1, .ofs_y = -3},
    {.bitmap_index = 40265, .adv_w = 256, .box_w = 16, .box_h = 17, .ofs_x = 0, .ofs_y = -3},
    {.bitmap_index = 40401, .adv_w = 256, .box_w = 16, .box_h = 17, .ofs_x = 0, .ofs_y = -3},
    {.bitmap_index = 40537, .adv_w = 256, .box_w = 17, .box_h = 16, .ofs_x = -1, .ofs_y = -2},
    {.bitmap_index = 40673, .adv_w = 256, .box_w = 17, .box_h = 16, .ofs_x = -1, .ofs_y = -2},
    {.bitmap_index = 40809, .adv_w = 256, .box_w = 17, .box_h = 17, .ofs_x = -1, .ofs_y = -3},
    {.bitmap_index = 40954, .adv_w = 256, .box_w = 17, .box_h = 16, .ofs_x = 0, .ofs_y = -2},
    {.bitmap_index = 41090, .adv_w = 256, .box_w = 16, .box_h = 17, .ofs_x = 0, .ofs_y = -3},
    {.bitmap_index = 41226, .adv_w = 256, .box_w = 17, .box_h = 16, .ofs_x = 0, .ofs_y = -2},
    {.bitmap_index = 41362, .adv_w = 256, .box_w = 16, .box_h = 16, .ofs_x = 0, .ofs_y = -2},
    {.bitmap_index = 41490, .adv_w = 256, .box_w = 15, .box_h = 17, .ofs_x = 0, .ofs_y = -3},
    {.bitmap_index = 41618, .adv_w = 256, .box_w = 17, .box_h = 16, .ofs_x = -1, .ofs_y = -2},
    {.bitmap_index = 41754, .adv_w = 256, .box_w = 16, .box_h = 17, .ofs_x = -1, .ofs_y = -3},
    {.bitmap_index = 41890, .adv_w = 256, .box_w = 16, .box_h = 16, .ofs_x = -1, .ofs_y = -2},
    {.bitmap_index = 42018, .adv_w = 256, .box_w = 17, .box_h = 17, .ofs_x = -1, .ofs_y = -3},
    {.bitmap_index = 42163, .adv_w = 256, .box_w = 17, .box_h = 17, .ofs_x = -1, .ofs_y = -3},
    {.bitmap_index = 42308, .adv_w = 256, .box_w = 16, .box_h = 17, .ofs_x = 0, .ofs_y = -3},
    {.bitmap_index = 42444, .adv_w = 256, .box_w = 17, .box_h = 17, .ofs_x = -1, .ofs_y = -3},
    {.bitmap_index = 42589, .adv_w = 256, .box_w = 17, .box_h = 16, .ofs_x = 0, .ofs_y = -2},
    {.bitmap_index = 42725, .adv_w = 256, .box_w = 17, .box_h = 16, .ofs_x = -1, .ofs_y = -2},
    {.bitmap_index = 42861, .adv_w = 256, .box_w = 16, .box_h = 16, .ofs_x = 0, .ofs_y = -2},
    {.bitmap_index = 42989, .adv_w = 256, .box_w = 16, .box_h = 16, .ofs_x = 0, .ofs_y = -2},
    {.bitmap_index = 43117, .adv_w = 256, .box_w = 16, .box_h = 16, .ofs_x = 0, .ofs_y = -2},
    {.bitmap_index = 43245, .adv_w = 256, .box_w = 16, .box_h = 17, .ofs_x = -1, .ofs_y = -3},
    {.bitmap_index = 43381, .adv_w = 256, .box_w = 16, .box_h = 16, .ofs_x = 0, .ofs_y = -2},
    {.bitmap_index = 43509, .adv_w = 256, .box_w = 17, .box_h = 16, .ofs_x = -1, .ofs_y = -2},
    {.bitmap_index = 43645, .adv_w = 256, .box_w = 17, .box_h = 17, .ofs_x = -1, .ofs_y = -3},
    {.bitmap_index = 43790, .adv_w = 256, .box_w = 16, .box_h = 16, .ofs_x = 0, .ofs_y = -2},
    {.bitmap_index = 43918, .adv_w = 256, .box_w = 16, .box_h = 17, .ofs_x = 0, .ofs_y = -3},
    {.bitmap_index = 44054, .adv_w = 256, .box_w = 16, .box_h = 17, .ofs_x = 0, .ofs_y = -3},
    {.bitmap_index = 44190, .adv_w = 256, .box_w = 17, .box_h = 17, .ofs_x = -1, .ofs_y = -3},
    {.bitmap_index = 44335, .adv_w = 256, .box_w = 16, .box_h = 17, .ofs_x = 0, .ofs_y = -3},
    {.bitmap_index = 44471, .adv_w = 256, .box_w = 16, .box_h = 16, .ofs_x = 0, .ofs_y = -2},
    {.bitmap_index = 44599, .adv_w = 256, .box_w = 16, .box_h = 17, .ofs_x = 0, .ofs_y = -3},
    {.bitmap_index = 44735, .adv_w = 256, .box_w = 16, .box_h = 17, .ofs_x = 0, .ofs_y = -3},
    {.bitmap_index = 44871, .adv_w = 256, .box_w = 17, .box_h = 17, .ofs_x = -1, .ofs_y = -3},
    {.bitmap_index = 45016, .adv_w = 256, .box_w = 16, .box_h = 17, .ofs_x = 0, .ofs_y = -3},
    {.bitmap_index = 45152, .adv_w = 256, .box_w = 16, .box_h = 17, .ofs_x = 0, .ofs_y = -3},
    {.bitmap_index = 45288, .adv_w = 256, .box_w = 17, .box_h = 17, .ofs_x = -1, .ofs_y = -3},
    {.bitmap_index = 45433, .adv_w = 256, .box_w = 17, .box_h = 16, .ofs_x = -1, .ofs_y = -2},
    {.bitmap_index = 45569, .adv_w = 256, .box_w = 17, .box_h = 17, .ofs_x = -1, .ofs_y = -3},
    {.bitmap_index = 45714, .adv_w = 256, .box_w = 16, .box_h = 17, .ofs_x = 0, .ofs_y = -3},
    {.bitmap_index = 45850, .adv_w = 256, .box_w = 16, .box_h = 17, .ofs_x = 0, .ofs_y = -3},
    {.bitmap_index = 45986, .adv_w = 256, .box_w = 16, .box_h = 16, .ofs_x = 0, .ofs_y = -2},
    {.bitmap_index = 46114, .adv_w = 256, .box_w = 16, .box_h = 17, .ofs_x = 0, .ofs_y = -3},
    {.bitmap_index = 46250, .adv_w = 256, .box_w = 16, .box_h = 16, .ofs_x = 0, .ofs_y = -2},
    {.bitmap_index = 46378, .adv_w = 256, .box_w = 16, .box_h = 16, .ofs_x = 0, .ofs_y = -3},
    {.bitmap_index = 46506, .adv_w = 256, .box_w = 16, .box_h = 17, .ofs_x = 0, .ofs_y = -3},
    {.bitmap_index = 46642, .adv_w = 256, .box_w = 16, .box_h = 16, .ofs_x = 0, .ofs_y = -2},
    {.bitmap_index = 46770, .adv_w = 256, .box_w = 16, .box_h = 17, .ofs_x = 0, .ofs_y = -3},
    {.bitmap_index = 46906, .adv_w = 256, .box_w = 17, .box_h = 16, .ofs_x = 0, .ofs_y = -2},
    {.bitmap_index = 47042, .adv_w = 256, .box_w = 16, .box_h = 17, .ofs_x = 0, .ofs_y = -3},
    {.bitmap_index = 47178, .adv_w = 256, .box_w = 16, .box_h = 16, .ofs_x = 0, .ofs_y = -2},
    {.bitmap_index = 47306, .adv_w = 256, .box_w = 16, .box_h = 16, .ofs_x = 0, .ofs_y = -2},
    {.bitmap_index = 47434, .adv_w = 256, .box_w = 16, .box_h = 17, .ofs_x = 0, .ofs_y = -3},
    {.bitmap_index = 47570, .adv_w = 256, .box_w = 17, .box_h = 16, .ofs_x = -1, .ofs_y = -2},
    {.bitmap_index = 47706, .adv_w = 256, .box_w = 16, .box_h = 17, .ofs_x = 0, .ofs_y = -3},
    {.bitmap_index = 47842, .adv_w = 256, .box_w = 17, .box_h = 16, .ofs_x = 0, .ofs_y = -2},
    {.bitmap_index = 47978, .adv_w = 256, .box_w = 17, .box_h = 17, .ofs_x = 0, .ofs_y = -3},
    {.bitmap_index = 48123, .adv_w = 256, .box_w = 16, .box_h = 16, .ofs_x = -1, .ofs_y = -2},
    {.bitmap_index = 48251, .adv_w = 256, .box_w = 17, .box_h = 17, .ofs_x = 0, .ofs_y = -3},
    {.bitmap_index = 48396, .adv_w = 256, .box_w = 16, .box_h = 17, .ofs_x = 0, .ofs_y = -3},
    {.bitmap_index = 48532, .adv_w = 256, .box_w = 16, .box_h = 17, .ofs_x = 0, .ofs_y = -3},
    {.bitmap_index = 48668, .adv_w = 256, .box_w = 17, .box_h = 16, .ofs_x = 0, .ofs_y = -2},
    {.bitmap_index = 48804, .adv_w = 256, .box_w = 16, .box_h = 16, .ofs_x = -1, .ofs_y = -2},
    {.bitmap_index = 48932, .adv_w = 256, .box_w = 17, .box_h = 16, .ofs_x = -1, .ofs_y = -2},
    {.bitmap_index = 49068, .adv_w = 256, .box_w = 17, .box_h = 17, .ofs_x = -1, .ofs_y = -3},
    {.bitmap_index = 49213, .adv_w = 256, .box_w = 17, .box_h = 17, .ofs_x = 0, .ofs_y = -3},
    {.bitmap_index = 49358, .adv_w = 256, .box_w = 17, .box_h = 17, .ofs_x = -1, .ofs_y = -3},
    {.bitmap_index = 49503, .adv_w = 256, .box_w = 16, .box_h = 16, .ofs_x = 0, .ofs_y = -2},
    {.bitmap_index = 49631, .adv_w = 256, .box_w = 16, .box_h = 17, .ofs_x = 0, .ofs_y = -3},
    {.bitmap_index = 49767, .adv_w = 256, .box_w = 16, .box_h = 16, .ofs_x = 0, .ofs_y = -3},
    {.bitmap_index = 49895, .adv_w = 256, .box_w = 16, .box_h = 16, .ofs_x = 0, .ofs_y = -2},
    {.bitmap_index = 50023, .adv_w = 256, .box_w = 16, .box_h = 17, .ofs_x = 0, .ofs_y = -3},
    {.bitmap_index = 50159, .adv_w = 256, .box_w = 16, .box_h = 17, .ofs_x = 0, .ofs_y = -3},
    {.bitmap_index = 50295, .adv_w = 256, .box_w = 17, .box_h = 17, .ofs_x = -1, .ofs_y = -3},
    {.bitmap_index = 50440, .adv_w = 256, .box_w = 17, .box_h = 16, .ofs_x = -1, .ofs_y = -2},
    {.bitmap_index = 50576, .adv_w = 256, .box_w = 16, .box_h = 17, .ofs_x = 0, .ofs_y = -3},
    {.bitmap_index = 50712, .adv_w = 256, .box_w = 16, .box_h = 16, .ofs_x = 0, .ofs_y = -2},
    {.bitmap_index = 50840, .adv_w = 256, .box_w = 16, .box_h = 17, .ofs_x = 0, .ofs_y = -3},
    {.bitmap_index = 50976, .adv_w = 256, .box_w = 16, .box_h = 17, .ofs_x = 0, .ofs_y = -3},
    {.bitmap_index = 51112, .adv_w = 256, .box_w = 17, .box_h = 17, .ofs_x = -1, .ofs_y = -3},
    {.bitmap_index = 51257, .adv_w = 256, .box_w = 16, .box_h = 17, .ofs_x = 0, .ofs_y = -3},
    {.bitmap_index = 51393, .adv_w = 256, .box_w = 16, .box_h = 17, .ofs_x = 0, .ofs_y = -3},
    {.bitmap_index = 51529, .adv_w = 256, .box_w = 16, .box_h = 17, .ofs_x = 0, .ofs_y = -3},
    {.bitmap_index = 51665, .adv_w = 256, .box_w = 15, .box_h = 17, .ofs_x = 0, .ofs_y = -3},
    {.bitmap_index = 51793, .adv_w = 256, .box_w = 16, .box_h = 17, .ofs_x = 0, .ofs_y = -3},
    {.bitmap_index = 51929, .adv_w = 256, .box_w = 17, .box_h = 16, .ofs_x = 0, .ofs_y = -2},
    {.bitmap_index = 52065, .adv_w = 256, .box_w = 16, .box_h = 16, .ofs_x = 0, .ofs_y = -2},
    {.bitmap_index = 52193, .adv_w = 256, .box_w = 16, .box_h = 16, .ofs_x = 0, .ofs_y = -2},
    {.bitmap_index = 52321, .adv_w = 256, .box_w = 17, .box_h = 17, .ofs_x = -1, .ofs_y = -3},
    {.bitmap_index = 52466, .adv_w = 256, .box_w = 16, .box_h = 17, .ofs_x = 0, .ofs_y = -3},
    {.bitmap_index = 52602, .adv_w = 256, .box_w = 16, .box_h = 17, .ofs_x = 0, .ofs_y = -3},
    {.bitmap_index = 52738, .adv_w = 256, .box_w = 17, .box_h = 16, .ofs_x = -1, .ofs_y = -2},
    {.bitmap_index = 52874, .adv_w = 256, .box_w = 16, .box_h = 16, .ofs_x = 0, .ofs_y = -2},
    {.bitmap_index = 53002, .adv_w = 256, .box_w = 16, .box_h = 17, .ofs_x = 0, .ofs_y = -3},
    {.bitmap_index = 53138, .adv_w = 256, .box_w = 17, .box_h = 16, .ofs_x = -1, .ofs_y = -2},
    {.bitmap_index = 53274, .adv_w = 256, .box_w = 17, .box_h = 17, .ofs_x = -1, .ofs_y = -3},
    {.bitmap_index = 53419, .adv_w = 256, .box_w = 16, .box_h = 17, .ofs_x = 0, .ofs_y = -3},
    {.bitmap_index = 53555, .adv_w = 256, .box_w = 16, .box_h = 17, .ofs_x = 0, .ofs_y = -3},
    {.bitmap_index = 53691, .adv_w = 256, .box_w = 17, .box_h = 16, .ofs_x = -1, .ofs_y = -2},
    {.bitmap_index = 53827, .adv_w = 256, .box_w = 17, .box_h = 17, .ofs_x = -1, .ofs_y = -3},
    {.bitmap_index = 53972, .adv_w = 256, .box_w = 17, .box_h = 17, .ofs_x = 0, .ofs_y = -3},
    {.bitmap_index = 54117, .adv_w = 256, .box_w = 17, .box_h = 17, .ofs_x = -1, .ofs_y = -3},
    {.bitmap_index = 54262, .adv_w = 256, .box_w = 16, .box_h = 17, .ofs_x = 0, .ofs_y = -3},
    {.bitmap_index = 54398, .adv_w = 256, .box_w = 16, .box_h = 17, .ofs_x = 0, .ofs_y = -3},
    {.bitmap_index = 54534, .adv_w = 256, .box_w = 16, .box_h = 17, .ofs_x = 0, .ofs_y = -3},
    {.bitmap_index = 54670, .adv_w = 256, .box_w = 16, .box_h = 16, .ofs_x = 0, .ofs_y = -2},
    {.bitmap_index = 54798, .adv_w = 256, .box_w = 16, .box_h = 17, .ofs_x = 0, .ofs_y = -3},
    {.bitmap_index = 54934, .adv_w = 256, .box_w = 17, .box_h = 17, .ofs_x = -1, .ofs_y = -3},
    {.bitmap_index = 55079, .adv_w = 256, .box_w = 17, .box_h = 17, .ofs_x = 0, .ofs_y = -3},
    {.bitmap_index = 55224, .adv_w = 256, .box_w = 16, .box_h = 16, .ofs_x = 0, .ofs_y = -2},
    {.bitmap_index = 55352, .adv_w = 256, .box_w = 17, .box_h = 16, .ofs_x = -1, .ofs_y = -2},
    {.bitmap_index = 55488, .adv_w = 256, .box_w = 16, .box_h = 17, .ofs_x = 0, .ofs_y = -3},
    {.bitmap_index = 55624, .adv_w = 256, .box_w = 17, .box_h = 17, .ofs_x = -1, .ofs_y = -3},
    {.bitmap_index = 55769, .adv_w = 256, .box_w = 16, .box_h = 17, .ofs_x = 0, .ofs_y = -3},
    {.bitmap_index = 55905, .adv_w = 256, .box_w = 17, .box_h = 17, .ofs_x = -1, .ofs_y = -3},
    {.bitmap_index = 56050, .adv_w = 256, .box_w = 16, .box_h = 17, .ofs_x = 0, .ofs_y = -3},
    {.bitmap_index = 56186, .adv_w = 256, .box_w = 16, .box_h = 16, .ofs_x = 0, .ofs_y = -2},
    {.bitmap_index = 56314, .adv_w = 256, .box_w = 16, .box_h = 16, .ofs_x = -1, .ofs_y = -2},
    {.bitmap_index = 56442, .adv_w = 256, .box_w = 16, .box_h = 17, .ofs_x = 0, .ofs_y = -3},
    {.bitmap_index = 56578, .adv_w = 256, .box_w = 17, .box_h = 16, .ofs_x = -1, .ofs_y = -2},
    {.bitmap_index = 56714, .adv_w = 256, .box_w = 17, .box_h = 16, .ofs_x = -1, .ofs_y = -2},
    {.bitmap_index = 56850, .adv_w = 256, .box_w = 16, .box_h = 17, .ofs_x = 0, .ofs_y = -3},
    {.bitmap_index = 56986, .adv_w = 256, .box_w = 16, .box_h = 17, .ofs_x = 0, .ofs_y = -3},
    {.bitmap_index = 57122, .adv_w = 256, .box_w = 17, .box_h = 17, .ofs_x = -1, .ofs_y = -3},
    {.bitmap_index = 57267, .adv_w = 256, .box_w = 16, .box_h = 17, .ofs_x = -1, .ofs_y = -3},
    {.bitmap_index = 57403, .adv_w = 256, .box_w = 17, .box_h = 16, .ofs_x = -1, .ofs_y = -2},
    {.bitmap_index = 57539, .adv_w = 256, .box_w = 16, .box_h = 16, .ofs_x = 0, .ofs_y = -2},
    {.bitmap_index = 57667, .adv_w = 256, .box_w = 17, .box_h = 17, .ofs_x = -1, .ofs_y = -3},
    {.bitmap_index = 57812, .adv_w = 256, .box_w = 17, .box_h = 17, .ofs_x = -1, .ofs_y = -3},
    {.bitmap_index = 57957, .adv_w = 256, .box_w = 16, .box_h = 17, .ofs_x = 0, .ofs_y = -3},
    {.bitmap_index = 58093, .adv_w = 256, .box_w = 16, .box_h = 16, .ofs_x = 0, .ofs_y = -2},
    {.bitmap_index = 58221, .adv_w = 256, .box_w = 17, .box_h = 16, .ofs_x = -1, .ofs_y = -2},
    {.bitmap_index = 58357, .adv_w = 256, .box_w = 16, .box_h = 17, .ofs_x = 0, .ofs_y = -3},
    {.bitmap_index = 58493, .adv_w = 256, .box_w = 16, .box_h = 17, .ofs_x = 0, .ofs_y = -3},
    {.bitmap_index = 58629, .adv_w = 256, .box_w = 16, .box_h = 16, .ofs_x = 0, .ofs_y = -2},
    {.bitmap_index = 58757, .adv_w = 256, .box_w = 17, .box_h = 16, .ofs_x = 0, .ofs_y = -2},
    {.bitmap_index = 58893, .adv_w = 256, .box_w = 16, .box_h = 17, .ofs_x = 0, .ofs_y = -3},
    {.bitmap_index = 59029, .adv_w = 256, .box_w = 17, .box_h = 16, .ofs_x = -1, .ofs_y = -2},
    {.bitmap_index = 59165, .adv_w = 256, .box_w = 16, .box_h = 16, .ofs_x = 0, .ofs_y = -2},
    {.bitmap_index = 59293, .adv_w = 256, .box_w = 17, .box_h = 17, .ofs_x = -1, .ofs_y = -3},
    {.bitmap_index = 59438, .adv_w = 256, .box_w = 17, .box_h = 16, .ofs_x = -1, .ofs_y = -2},
    {.bitmap_index = 59574, .adv_w = 256, .box_w = 16, .box_h = 16, .ofs_x = 0, .ofs_y = -2},
    {.bitmap_index = 59702, .adv_w = 256, .box_w = 17, .box_h = 17, .ofs_x = 0, .ofs_y = -3},
    {.bitmap_index = 59847, .adv_w = 256, .box_w = 16, .box_h = 17, .ofs_x = 0, .ofs_y = -3},
    {.bitmap_index = 59983, .adv_w = 256, .box_w = 16, .box_h = 17, .ofs_x = -1, .ofs_y = -3},
    {.bitmap_index = 60119, .adv_w = 256, .box_w = 17, .box_h = 17, .ofs_x = -1, .ofs_y = -3},
    {.bitmap_index = 60264, .adv_w = 256, .box_w = 16, .box_h = 16, .ofs_x = 0, .ofs_y = -2},
    {.bitmap_index = 60392, .adv_w = 256, .box_w = 17, .box_h = 17, .ofs_x = -1, .ofs_y = -3},
    {.bitmap_index = 60537, .adv_w = 256, .box_w = 17, .box_h = 16, .ofs_x = -1, .ofs_y = -2},
    {.bitmap_index = 60673, .adv_w = 256, .box_w = 17, .box_h = 16, .ofs_x = -1, .ofs_y = -2},
    {.bitmap_index = 60809, .adv_w = 256, .box_w = 17, .box_h = 17, .ofs_x = -1, .ofs_y = -3},
    {.bitmap_index = 60954, .adv_w = 256, .box_w = 16, .box_h = 17, .ofs_x = 0, .ofs_y = -3},
    {.bitmap_index = 61090, .adv_w = 256, .box_w = 16, .box_h = 17, .ofs_x = 0, .ofs_y = -3},
    {.bitmap_index = 61226, .adv_w = 256, .box_w = 16, .box_h = 17, .ofs_x = 0, .ofs_y = -3},
    {.bitmap_index = 61362, .adv_w = 256, .box_w = 17, .box_h = 16, .ofs_x = -1, .ofs_y = -2},
    {.bitmap_index = 61498, .adv_w = 256, .box_w = 16, .box_h = 17, .ofs_x = 0, .ofs_y = -3},
    {.bitmap_index = 61634, .adv_w = 256, .box_w = 16, .box_h = 16, .ofs_x = 0, .ofs_y = -2},
    {.bitmap_index = 61762, .adv_w = 256, .box_w = 17, .box_h = 16, .ofs_x = -1, .ofs_y = -2},
    {.bitmap_index = 61898, .adv_w = 256, .box_w = 16, .box_h = 16, .ofs_x = 0, .ofs_y = -2},
    {.bitmap_index = 62026, .adv_w = 256, .box_w = 17, .box_h = 16, .ofs_x = 0, .ofs_y = -2},
    {.bitmap_index = 62162, .adv_w = 256, .box_w = 6, .box_h = 16, .ofs_x = 0, .ofs_y = -3},
    {.bitmap_index = 62210, .adv_w = 256, .box_w = 16, .box_h = 16, .ofs_x = 0, .ofs_y = -3},
    {.bitmap_index = 62338, .adv_w = 256, .box_w = 16, .box_h = 17, .ofs_x = 0, .ofs_y = -3},
    {.bitmap_index = 62474, .adv_w = 256, .box_w = 16, .box_h = 16, .ofs_x = 0, .ofs_y = -2},
    {.bitmap_index = 62602, .adv_w = 256, .box_w = 15, .box_h = 16, .ofs_x = 0, .ofs_y = -3},
    {.bitmap_index = 62722, .adv_w = 256, .box_w = 16, .box_h = 16, .ofs_x = -1, .ofs_y = -3},
    {.bitmap_index = 62850, .adv_w = 256, .box_w = 16, .box_h = 16, .ofs_x = 0, .ofs_y = -2},
    {.bitmap_index = 62978, .adv_w = 256, .box_w = 16, .box_h = 17, .ofs_x = 0, .ofs_y = -3},
    {.bitmap_index = 63114, .adv_w = 256, .box_w = 16, .box_h = 16, .ofs_x = 0, .ofs_y = -3},
    {.bitmap_index = 63242, .adv_w = 256, .box_w = 16, .box_h = 17, .ofs_x = 0, .ofs_y = -3},
    {.bitmap_index = 63378, .adv_w = 256, .box_w = 16, .box_h = 16, .ofs_x = 0, .ofs_y = -3},
    {.bitmap_index = 63506, .adv_w = 256, .box_w = 17, .box_h = 16, .ofs_x = 0, .ofs_y = -2},
    {.bitmap_index = 63642, .adv_w = 256, .box_w = 16, .box_h = 16, .ofs_x = 0, .ofs_y = -3},
    {.bitmap_index = 63770, .adv_w = 256, .box_w = 16, .box_h = 16, .ofs_x = 0, .ofs_y = -2},
    {.bitmap_index = 63898, .adv_w = 256, .box_w = 16, .box_h = 17, .ofs_x = 0, .ofs_y = -3},
    {.bitmap_index = 64034, .adv_w = 256, .box_w = 16, .box_h = 16, .ofs_x = 0, .ofs_y = -2},
    {.bitmap_index = 64162, .adv_w = 256, .box_w = 16, .box_h = 17, .ofs_x = 0, .ofs_y = -3},
    {.bitmap_index = 64298, .adv_w = 256, .box_w = 17, .box_h = 17, .ofs_x = 0, .ofs_y = -3},
    {.bitmap_index = 64443, .adv_w = 256, .box_w = 16, .box_h = 17, .ofs_x = 0, .ofs_y = -3},
    {.bitmap_index = 64579, .adv_w = 256, .box_w = 16, .box_h = 16, .ofs_x = 0, .ofs_y = -3},
    {.bitmap_index = 64707, .adv_w = 256, .box_w = 16, .box_h = 16, .ofs_x = 0, .ofs_y = -2},
    {.bitmap_index = 64835, .adv_w = 256, .box_w = 16, .box_h = 16, .ofs_x = 0, .ofs_y = -3},
    {.bitmap_index = 64963, .adv_w = 256, .box_w = 16, .box_h = 15, .ofs_x = 0, .ofs_y = -2},
    {.bitmap_index = 65083, .adv_w = 256, .box_w = 16, .box_h = 17, .ofs_x = 0, .ofs_y = -3},
    {.bitmap_index = 65219, .adv_w = 256, .box_w = 16, .box_h = 17, .ofs_x = 0, .ofs_y = -3},
    {.bitmap_index = 65355, .adv_w = 256, .box_w = 16, .box_h = 16, .ofs_x = 0, .ofs_y = -2},
    {.bitmap_index = 65483, .adv_w = 256, .box_w = 16, .box_h = 16, .ofs_x = 0, .ofs_y = -3},
    {.bitmap_index = 65611, .adv_w = 256, .box_w = 16, .box_h = 16, .ofs_x = 0, .ofs_y = -3},
    {.bitmap_index = 65739, .adv_w = 256, .box_w = 16, .box_h = 17, .ofs_x = 0, .ofs_y = -3},
    {.bitmap_index = 65875, .adv_w = 256, .box_w = 16, .box_h = 17, .ofs_x = 0, .ofs_y = -3},
    {.bitmap_index = 66011, .adv_w = 256, .box_w = 16, .box_h = 16, .ofs_x = 0, .ofs_y = -3},
    {.bitmap_index = 66139, .adv_w = 256, .box_w = 17, .box_h = 15, .ofs_x = 0, .ofs_y = -2},
    {.bitmap_index = 66267, .adv_w = 256, .box_w = 16, .box_h = 15, .ofs_x = 0, .ofs_y = -2},
    {.bitmap_index = 66387, .adv_w = 256, .box_w = 15, .box_h = 16, .ofs_x = 0, .ofs_y = -3},
    {.bitmap_index = 66507, .adv_w = 256, .box_w = 16, .box_h = 17, .ofs_x = 0, .ofs_y = -3},
    {.bitmap_index = 66643, .adv_w = 256, .box_w = 16, .box_h = 16, .ofs_x = 0, .ofs_y = -2},
    {.bitmap_index = 66771, .adv_w = 256, .box_w = 16, .box_h = 16, .ofs_x = 0, .ofs_y = -2},
    {.bitmap_index = 66899, .adv_w = 256, .box_w = 16, .box_h = 16, .ofs_x = 0, .ofs_y = -2},
    {.bitmap_index = 67027, .adv_w = 256, .box_w = 16, .box_h = 17, .ofs_x = 0, .ofs_y = -3},
    {.bitmap_index = 67163, .adv_w = 256, .box_w = 16, .box_h = 16, .ofs_x = 0, .ofs_y = -2},
    {.bitmap_index = 67291, .adv_w = 256, .box_w = 16, .box_h = 16, .ofs_x = 0, .ofs_y = -3},
    {.bitmap_index = 67419, .adv_w = 256, .box_w = 16, .box_h = 17, .ofs_x = 0, .ofs_y = -3},
    {.bitmap_index = 67555, .adv_w = 256, .box_w = 16, .box_h = 17, .ofs_x = 0, .ofs_y = -3},
    {.bitmap_index = 67691, .adv_w = 256, .box_w = 16, .box_h = 15, .ofs_x = 0, .ofs_y = -2},
    {.bitmap_index = 67811, .adv_w = 256, .box_w = 16, .box_h = 17, .ofs_x = 0, .ofs_y = -3},
    {.bitmap_index = 67947, .adv_w = 256, .box_w = 16, .box_h = 17, .ofs_x = 0, .ofs_y = -3},
    {.bitmap_index = 68083, .adv_w = 256, .box_w = 16, .box_h = 16, .ofs_x = 0, .ofs_y = -2},
    {.bitmap_index = 68211, .adv_w = 256, .box_w = 16, .box_h = 17, .ofs_x = 0, .ofs_y = -3},
    {.bitmap_index = 68347, .adv_w = 256, .box_w = 16, .box_h = 16, .ofs_x = 0, .ofs_y = -2},
    {.bitmap_index = 68475, .adv_w = 256, .box_w = 16, .box_h = 16, .ofs_x = 0, .ofs_y = -3},
    {.bitmap_index = 68603, .adv_w = 256, .box_w = 16, .box_h = 15, .ofs_x = 0, .ofs_y = -2},
    {.bitmap_index = 68723, .adv_w = 256, .box_w = 16, .box_h = 15, .ofs_x = 0, .ofs_y = -2},
    {.bitmap_index = 68843, .adv_w = 256, .box_w = 16, .box_h = 17, .ofs_x = 0, .ofs_y = -3},
    {.bitmap_index = 68979, .adv_w = 256, .box_w = 16, .box_h = 17, .ofs_x = 0, .ofs_y = -3},
    {.bitmap_index = 69115, .adv_w = 256, .box_w = 17, .box_h = 15, .ofs_x = -1, .ofs_y = -2},
    {.bitmap_index = 69243, .adv_w = 256, .box_w = 17, .box_h = 17, .ofs_x = 0, .ofs_y = -3},
    {.bitmap_index = 69388, .adv_w = 256, .box_w = 17, .box_h = 17, .ofs_x = -1, .ofs_y = -3},
    {.bitmap_index = 69533, .adv_w = 256, .box_w = 15, .box_h = 15, .ofs_x = 0, .ofs_y = -2},
    {.bitmap_index = 69646, .adv_w = 256, .box_w = 16, .box_h = 16, .ofs_x = 0, .ofs_y = -3},
    {.bitmap_index = 69774, .adv_w = 256, .box_w = 16, .box_h = 16, .ofs_x = 0, .ofs_y = -2},
    {.bitmap_index = 69902, .adv_w = 256, .box_w = 16, .box_h = 15, .ofs_x = 0, .ofs_y = -2},
    {.bitmap_index = 70022, .adv_w = 256, .box_w = 16, .box_h = 16, .ofs_x = 0, .ofs_y = -2},
    {.bitmap_index = 70150, .adv_w = 256, .box_w = 16, .box_h = 16, .ofs_x = 0, .ofs_y = -3},
    {.bitmap_index = 70278, .adv_w = 256, .box_w = 16, .box_h = 16, .ofs_x = 0, .ofs_y = -3},
    {.bitmap_index = 70406, .adv_w = 256, .box_w = 16, .box_h = 16, .ofs_x = 0, .ofs_y = -2},
    {.bitmap_index = 70534, .adv_w = 256, .box_w = 16, .box_h = 17, .ofs_x = 0, .ofs_y = -3},
    {.bitmap_index = 70670, .adv_w = 256, .box_w = 16, .box_h = 17, .ofs_x = 0, .ofs_y = -3},
    {.bitmap_index = 70806, .adv_w = 256, .box_w = 16, .box_h = 16, .ofs_x = 0, .ofs_y = -3},
    {.bitmap_index = 70934, .adv_w = 256, .box_w = 17, .box_h = 16, .ofs_x = -1, .ofs_y = -2},
    {.bitmap_index = 71070, .adv_w = 256, .box_w = 16, .box_h = 17, .ofs_x = 0, .ofs_y = -3},
    {.bitmap_index = 71206, .adv_w = 256, .box_w = 16, .box_h = 16, .ofs_x = 0, .ofs_y = -2},
    {.bitmap_index = 71334, .adv_w = 256, .box_w = 16, .box_h = 16, .ofs_x = 0, .ofs_y = -3},
    {.bitmap_index = 71462, .adv_w = 256, .box_w = 16, .box_h = 17, .ofs_x = 0, .ofs_y = -3},
    {.bitmap_index = 71598, .adv_w = 256, .box_w = 17, .box_h = 17, .ofs_x = 0, .ofs_y = -3},
    {.bitmap_index = 71743, .adv_w = 256, .box_w = 15, .box_h = 16, .ofs_x = 0, .ofs_y = -2},
    {.bitmap_index = 71863, .adv_w = 256, .box_w = 16, .box_h = 16, .ofs_x = 0, .ofs_y = -2},
    {.bitmap_index = 71991, .adv_w = 256, .box_w = 16, .box_h = 16, .ofs_x = 0, .ofs_y = -3},
    {.bitmap_index = 72119, .adv_w = 256, .box_w = 16, .box_h = 16, .ofs_x = 0, .ofs_y = -2},
    {.bitmap_index = 72247, .adv_w = 256, .box_w = 16, .box_h = 16, .ofs_x = 0, .ofs_y = -2},
    {.bitmap_index = 72375, .adv_w = 256, .box_w = 16, .box_h = 16, .ofs_x = 0, .ofs_y = -3},
    {.bitmap_index = 72503, .adv_w = 256, .box_w = 16, .box_h = 15, .ofs_x = 0, .ofs_y = -2},
    {.bitmap_index = 72623, .adv_w = 256, .box_w = 16, .box_h = 17, .ofs_x = 0, .ofs_y = -3},
    {.bitmap_index = 72759, .adv_w = 256, .box_w = 16, .box_h = 16, .ofs_x = 0, .ofs_y = -2},
    {.bitmap_index = 72887, .adv_w = 256, .box_w = 16, .box_h = 17, .ofs_x = 0, .ofs_y = -3},
    {.bitmap_index = 73023, .adv_w = 256, .box_w = 16, .box_h = 16, .ofs_x = 0, .ofs_y = -3},
    {.bitmap_index = 73151, .adv_w = 256, .box_w = 16, .box_h = 16, .ofs_x = 0, .ofs_y = -2},
    {.bitmap_index = 73279, .adv_w = 256, .box_w = 16, .box_h = 16, .ofs_x = 0, .ofs_y = -3},
    {.bitmap_index = 73407, .adv_w = 256, .box_w = 16, .box_h = 17, .ofs_x = 0, .ofs_y = -3},
    {.bitmap_index = 73543, .adv_w = 256, .box_w = 16, .box_h = 17, .ofs_x = 0, .ofs_y = -3},
    {.bitmap_index = 73679, .adv_w = 256, .box_w = 16, .box_h = 15, .ofs_x = 0, .ofs_y = -2},
    {.bitmap_index = 73799, .adv_w = 256, .box_w = 16, .box_h = 17, .ofs_x = 0, .ofs_y = -3},
    {.bitmap_index = 73935, .adv_w = 256, .box_w = 16, .box_h = 16, .ofs_x = 0, .ofs_y = -2},
    {.bitmap_index = 74063, .adv_w = 256, .box_w = 16, .box_h = 16, .ofs_x = 0, .ofs_y = -2},
    {.bitmap_index = 74191, .adv_w = 256, .box_w = 16, .box_h = 17, .ofs_x = 0, .ofs_y = -3},
    {.bitmap_index = 74327, .adv_w = 256, .box_w = 16, .box_h = 17, .ofs_x = 0, .ofs_y = -3},
    {.bitmap_index = 74463, .adv_w = 256, .box_w = 16, .box_h = 15, .ofs_x = -1, .ofs_y = -2},
    {.bitmap_index = 74583, .adv_w = 256, .box_w = 15, .box_h = 17, .ofs_x = 0, .ofs_y = -3},
    {.bitmap_index = 74711, .adv_w = 256, .box_w = 16, .box_h = 17, .ofs_x = 0, .ofs_y = -3},
    {.bitmap_index = 74847, .adv_w = 256, .box_w = 16, .box_h = 17, .ofs_x = 0, .ofs_y = -3},
    {.bitmap_index = 74983, .adv_w = 256, .box_w = 16, .box_h = 15, .ofs_x = 0, .ofs_y = -2},
    {.bitmap_index = 75103, .adv_w = 256, .box_w = 16, .box_h = 17, .ofs_x = 0, .ofs_y = -3},
    {.bitmap_index = 75239, .adv_w = 256, .box_w = 16, .box_h = 16, .ofs_x = 0, .ofs_y = -2},
    {.bitmap_index = 75367, .adv_w = 256, .box_w = 17, .box_h = 17, .ofs_x = 0, .ofs_y = -3},
    {.bitmap_index = 75512, .adv_w = 256, .box_w = 16, .box_h = 17, .ofs_x = 0, .ofs_y = -3},
    {.bitmap_index = 75648, .adv_w = 256, .box_w = 16, .box_h = 16, .ofs_x = 0, .ofs_y = -3},
    {.bitmap_index = 75776, .adv_w = 256, .box_w = 17, .box_h = 17, .ofs_x = 0, .ofs_y = -3},
    {.bitmap_index = 75921, .adv_w = 256, .box_w = 16, .box_h = 16, .ofs_x = 0, .ofs_y = -2},
    {.bitmap_index = 76049, .adv_w = 256, .box_w = 16, .box_h = 15, .ofs_x = 0, .ofs_y = -2},
    {.bitmap_index = 76169, .adv_w = 256, .box_w = 16, .box_h = 17, .ofs_x = 0, .ofs_y = -3},
    {.bitmap_index = 76305, .adv_w = 256, .box_w = 16, .box_h = 17, .ofs_x = 0, .ofs_y = -3},
    {.bitmap_index = 76441, .adv_w = 256, .box_w = 16, .box_h = 17, .ofs_x = 0, .ofs_y = -3},
    {.bitmap_index = 76577, .adv_w = 256, .box_w = 16, .box_h = 16, .ofs_x = 0, .ofs_y = -2},
    {.bitmap_index = 76705, .adv_w = 256, .box_w = 16, .box_h = 17, .ofs_x = 0, .ofs_y = -3},
    {.bitmap_index = 76841, .adv_w = 256, .box_w = 16, .box_h = 17, .ofs_x = 0, .ofs_y = -3},
    {.bitmap_index = 76977, .adv_w = 256, .box_w = 16, .box_h = 17, .ofs_x = 0, .ofs_y = -3},
    {.bitmap_index = 77113, .adv_w = 256, .box_w = 17, .box_h = 17, .ofs_x = -1, .ofs_y = -3},
    {.bitmap_index = 77258, .adv_w = 256, .box_w = 16, .box_h = 17, .ofs_x = 0, .ofs_y = -3},
    {.bitmap_index = 77394, .adv_w = 256, .box_w = 16, .box_h = 16, .ofs_x = 0, .ofs_y = -2},
    {.bitmap_index = 77522, .adv_w = 256, .box_w = 16, .box_h = 17, .ofs_x = 0, .ofs_y = -3},
    {.bitmap_index = 77658, .adv_w = 256, .box_w = 16, .box_h = 16, .ofs_x = 0, .ofs_y = -2},
    {.bitmap_index = 77786, .adv_w = 256, .box_w = 17, .box_h = 17, .ofs_x = -1, .ofs_y = -3},
    {.bitmap_index = 77931, .adv_w = 256, .box_w = 16, .box_h = 17, .ofs_x = 0, .ofs_y = -3},
    {.bitmap_index = 78067, .adv_w = 256, .box_w = 16, .box_h = 16, .ofs_x = 0, .ofs_y = -2},
    {.bitmap_index = 78195, .adv_w = 256, .box_w = 16, .box_h = 15, .ofs_x = 0, .ofs_y = -2},
    {.bitmap_index = 78315, .adv_w = 256, .box_w = 16, .box_h = 17, .ofs_x = 0, .ofs_y = -3},
    {.bitmap_index = 78451, .adv_w = 256, .box_w = 16, .box_h = 17, .ofs_x = 0, .ofs_y = -3},
    {.bitmap_index = 78587, .adv_w = 256, .box_w = 16, .box_h = 17, .ofs_x = 0, .ofs_y = -3},
    {.bitmap_index = 78723, .adv_w = 256, .box_w = 16, .box_h = 17, .ofs_x = 0, .ofs_y = -3},
    {.bitmap_index = 78859, .adv_w = 256, .box_w = 16, .box_h = 16, .ofs_x = 0, .ofs_y = -2},
    {.bitmap_index = 78987, .adv_w = 256, .box_w = 16, .box_h = 16, .ofs_x = 0, .ofs_y = -2},
    {.bitmap_index = 79115, .adv_w = 256, .box_w = 16, .box_h = 17, .ofs_x = 0, .ofs_y = -3},
    {.bitmap_index = 79251, .adv_w = 256, .box_w = 16, .box_h = 17, .ofs_x = 0, .ofs_y = -3},
    {.bitmap_index = 79387, .adv_w = 256, .box_w = 17, .box_h = 17, .ofs_x = 0, .ofs_y = -3},
    {.bitmap_index = 79532, .adv_w = 256, .box_w = 17, .box_h = 16, .ofs_x = -1, .ofs_y = -2},
    {.bitmap_index = 79668, .adv_w = 256, .box_w = 17, .box_h = 17, .ofs_x = 0, .ofs_y = -3},
    {.bitmap_index = 79813, .adv_w = 256, .box_w = 17, .box_h = 16, .ofs_x = -1, .ofs_y = -2},
    {.bitmap_index = 79949, .adv_w = 256, .box_w = 16, .box_h = 17, .ofs_x = 0, .ofs_y = -3},
    {.bitmap_index = 80085, .adv_w = 256, .box_w = 17, .box_h = 17, .ofs_x = -1, .ofs_y = -3},
    {.bitmap_index = 80230, .adv_w = 256, .box_w = 17, .box_h = 16, .ofs_x = 0, .ofs_y = -2},
    {.bitmap_index = 80366, .adv_w = 256, .box_w = 16, .box_h = 17, .ofs_x = 0, .ofs_y = -3},
    {.bitmap_index = 80502, .adv_w = 256, .box_w = 16, .box_h = 16, .ofs_x = 0, .ofs_y = -2},
    {.bitmap_index = 80630, .adv_w = 256, .box_w = 16, .box_h = 16, .ofs_x = 0, .ofs_y = -3},
    {.bitmap_index = 80758, .adv_w = 256, .box_w = 16, .box_h = 17, .ofs_x = 0, .ofs_y = -3},
    {.bitmap_index = 80894, .adv_w = 256, .box_w = 14, .box_h = 17, .ofs_x = 0, .ofs_y = -3},
    {.bitmap_index = 81013, .adv_w = 256, .box_w = 9, .box_h = 16, .ofs_x = 0, .ofs_y = -3},
    {.bitmap_index = 81085, .adv_w = 256, .box_w = 16, .box_h = 17, .ofs_x = 0, .ofs_y = -3},
    {.bitmap_index = 81221, .adv_w = 256, .box_w = 16, .box_h = 15, .ofs_x = 0, .ofs_y = -2},
    {.bitmap_index = 81341, .adv_w = 256, .box_w = 16, .box_h = 17, .ofs_x = 0, .ofs_y = -3},
    {.bitmap_index = 81477, .adv_w = 256, .box_w = 16, .box_h = 17, .ofs_x = 0, .ofs_y = -3},
    {.bitmap_index = 81613, .adv_w = 256, .box_w = 16, .box_h = 17, .ofs_x = 0, .ofs_y = -3},
    {.bitmap_index = 81749, .adv_w = 256, .box_w = 16, .box_h = 16, .ofs_x = 0, .ofs_y = -3},
    {.bitmap_index = 81877, .adv_w = 256, .box_w = 16, .box_h = 16, .ofs_x = 0, .ofs_y = -2},
    {.bitmap_index = 82005, .adv_w = 256, .box_w = 15, .box_h = 16, .ofs_x = 0, .ofs_y = -3},
    {.bitmap_index = 82125, .adv_w = 256, .box_w = 16, .box_h = 17, .ofs_x = 0, .ofs_y = -3},
    {.bitmap_index = 82261, .adv_w = 256, .box_w = 16, .box_h = 16, .ofs_x = 0, .ofs_y = -2},
    {.bitmap_index = 82389, .adv_w = 256, .box_w = 16, .box_h = 17, .ofs_x = 0, .ofs_y = -3},
    {.bitmap_index = 82525, .adv_w = 256, .box_w = 17, .box_h = 16, .ofs_x = 0, .ofs_y = -3},
    {.bitmap_index = 82661, .adv_w = 256, .box_w = 16, .box_h = 17, .ofs_x = 0, .ofs_y = -3},
    {.bitmap_index = 82797, .adv_w = 256, .box_w = 16, .box_h = 17, .ofs_x = 0, .ofs_y = -3},
    {.bitmap_index = 82933, .adv_w = 256, .box_w = 16, .box_h = 16, .ofs_x = 0, .ofs_y = -3},
    {.bitmap_index = 83061, .adv_w = 256, .box_w = 15, .box_h = 15, .ofs_x = 0, .ofs_y = -2},
    {.bitmap_index = 83174, .adv_w = 256, .box_w = 16, .box_h = 16, .ofs_x = 0, .ofs_y = -2},
    {.bitmap_index = 83302, .adv_w = 256, .box_w = 16, .box_h = 17, .ofs_x = 0, .ofs_y = -3},
    {.bitmap_index = 83438, .adv_w = 256, .box_w = 16, .box_h = 16, .ofs_x = 0, .ofs_y = -3},
    {.bitmap_index = 83566, .adv_w = 256, .box_w = 16, .box_h = 15, .ofs_x = 0, .ofs_y = -2},
    {.bitmap_index = 83686, .adv_w = 256, .box_w = 17, .box_h = 16, .ofs_x = 0, .ofs_y = -3},
    {.bitmap_index = 83822, .adv_w = 256, .box_w = 17, .box_h = 16, .ofs_x = 0, .ofs_y = -2},
    {.bitmap_index = 83958, .adv_w = 256, .box_w = 16, .box_h = 17, .ofs_x = 0, .ofs_y = -3},
    {.bitmap_index = 84094, .adv_w = 256, .box_w = 16, .box_h = 17, .ofs_x = 0, .ofs_y = -3},
    {.bitmap_index = 84230, .adv_w = 256, .box_w = 16, .box_h = 17, .ofs_x = 0, .ofs_y = -3},
    {.bitmap_index = 84366, .adv_w = 256, .box_w = 16, .box_h = 16, .ofs_x = 0, .ofs_y = -2},
    {.bitmap_index = 84494, .adv_w = 256, .box_w = 16, .box_h = 16, .ofs_x = 0, .ofs_y = -3},
    {.bitmap_index = 84622, .adv_w = 256, .box_w = 16, .box_h = 17, .ofs_x = 0, .ofs_y = -3},
    {.bitmap_index = 84758, .adv_w = 256, .box_w = 17, .box_h = 16, .ofs_x = 0, .ofs_y = -3},
    {.bitmap_index = 84894, .adv_w = 256, .box_w = 15, .box_h = 15, .ofs_x = 0, .ofs_y = -2},
    {.bitmap_index = 85007, .adv_w = 256, .box_w = 17, .box_h = 15, .ofs_x = 0, .ofs_y = -2},
    {.bitmap_index = 85135, .adv_w = 256, .box_w = 16, .box_h = 16, .ofs_x = 0, .ofs_y = -3},
    {.bitmap_index = 85263, .adv_w = 256, .box_w = 16, .box_h = 17, .ofs_x = 0, .ofs_y = -3},
    {.bitmap_index = 85399, .adv_w = 256, .box_w = 16, .box_h = 17, .ofs_x = 0, .ofs_y = -3},
    {.bitmap_index = 85535, .adv_w = 256, .box_w = 16, .box_h = 16, .ofs_x = 0, .ofs_y = -2},
    {.bitmap_index = 85663, .adv_w = 256, .box_w = 16, .box_h = 16, .ofs_x = 0, .ofs_y = -3},
    {.bitmap_index = 85791, .adv_w = 256, .box_w = 17, .box_h = 16, .ofs_x = 0, .ofs_y = -2},
    {.bitmap_index = 85927, .adv_w = 256, .box_w = 16, .box_h = 17, .ofs_x = 0, .ofs_y = -3},
    {.bitmap_index = 86063, .adv_w = 256, .box_w = 16, .box_h = 16, .ofs_x = 0, .ofs_y = -3},
    {.bitmap_index = 86191, .adv_w = 256, .box_w = 16, .box_h = 17, .ofs_x = 0, .ofs_y = -3},
    {.bitmap_index = 86327, .adv_w = 256, .box_w = 16, .box_h = 15, .ofs_x = 0, .ofs_y = -2},
    {.bitmap_index = 86447, .adv_w = 256, .box_w = 16, .box_h = 16, .ofs_x = 0, .ofs_y = -3},
    {.bitmap_index = 86575, .adv_w = 256, .box_w = 16, .box_h = 17, .ofs_x = 0, .ofs_y = -3},
    {.bitmap_index = 86711, .adv_w = 256, .box_w = 17, .box_h = 17, .ofs_x = 0, .ofs_y = -3},
    {.bitmap_index = 86856, .adv_w = 256, .box_w = 16, .box_h = 16, .ofs_x = 0, .ofs_y = -2},
    {.bitmap_index = 86984, .adv_w = 256, .box_w = 16, .box_h = 16, .ofs_x = 0, .ofs_y = -2},
    {.bitmap_index = 87112, .adv_w = 256, .box_w = 17, .box_h = 16, .ofs_x = -1, .ofs_y = -2},
    {.bitmap_index = 87248, .adv_w = 256, .box_w = 16, .box_h = 16, .ofs_x = 0, .ofs_y = -2},
    {.bitmap_index = 87376, .adv_w = 256, .box_w = 15, .box_h = 16, .ofs_x = 0, .ofs_y = -2},
    {.bitmap_index = 87496, .adv_w = 256, .box_w = 17, .box_h = 16, .ofs_x = 0, .ofs_y = -3},
    {.bitmap_index = 87632, .adv_w = 256, .box_w = 16, .box_h = 16, .ofs_x = 0, .ofs_y = -3},
    {.bitmap_index = 87760, .adv_w = 256, .box_w = 16, .box_h = 16, .ofs_x = 0, .ofs_y = -3},
    {.bitmap_index = 87888, .adv_w = 256, .box_w = 16, .box_h = 15, .ofs_x = 0, .ofs_y = -2},
    {.bitmap_index = 88008, .adv_w = 256, .box_w = 16, .box_h = 17, .ofs_x = 0, .ofs_y = -3},
    {.bitmap_index = 88144, .adv_w = 256, .box_w = 17, .box_h = 17, .ofs_x = -1, .ofs_y = -3},
    {.bitmap_index = 88289, .adv_w = 256, .box_w = 17, .box_h = 16, .ofs_x = 0, .ofs_y = -2},
    {.bitmap_index = 88425, .adv_w = 256, .box_w = 17, .box_h = 15, .ofs_x = -1, .ofs_y = -2},
    {.bitmap_index = 88553, .adv_w = 256, .box_w = 16, .box_h = 16, .ofs_x = 0, .ofs_y = -3},
    {.bitmap_index = 88681, .adv_w = 256, .box_w = 16, .box_h = 17, .ofs_x = 0, .ofs_y = -3},
    {.bitmap_index = 88817, .adv_w = 256, .box_w = 17, .box_h = 15, .ofs_x = -1, .ofs_y = -2},
    {.bitmap_index = 88945, .adv_w = 256, .box_w = 16, .box_h = 15, .ofs_x = 0, .ofs_y = -2},
    {.bitmap_index = 89065, .adv_w = 256, .box_w = 16, .box_h = 17, .ofs_x = 0, .ofs_y = -3},
    {.bitmap_index = 89201, .adv_w = 256, .box_w = 16, .box_h = 16, .ofs_x = 0, .ofs_y = -3},
    {.bitmap_index = 89329, .adv_w = 256, .box_w = 16, .box_h = 15, .ofs_x = 0, .ofs_y = -2},
    {.bitmap_index = 89449, .adv_w = 256, .box_w = 16, .box_h = 17, .ofs_x = 0, .ofs_y = -3},
    {.bitmap_index = 89585, .adv_w = 256, .box_w = 16, .box_h = 17, .ofs_x = 0, .ofs_y = -3},
    {.bitmap_index = 89721, .adv_w = 256, .box_w = 17, .box_h = 16, .ofs_x = 0, .ofs_y = -3},
    {.bitmap_index = 89857, .adv_w = 256, .box_w = 17, .box_h = 17, .ofs_x = -1, .ofs_y = -3},
    {.bitmap_index = 90002, .adv_w = 256, .box_w = 16, .box_h = 17, .ofs_x = 0, .ofs_y = -3},
    {.bitmap_index = 90138, .adv_w = 256, .box_w = 17, .box_h = 17, .ofs_x = -1, .ofs_y = -3},
    {.bitmap_index = 90283, .adv_w = 256, .box_w = 16, .box_h = 17, .ofs_x = 0, .ofs_y = -3},
    {.bitmap_index = 90419, .adv_w = 256, .box_w = 16, .box_h = 15, .ofs_x = 0, .ofs_y = -2},
    {.bitmap_index = 90539, .adv_w = 256, .box_w = 17, .box_h = 16, .ofs_x = 0, .ofs_y = -3},
    {.bitmap_index = 90675, .adv_w = 256, .box_w = 16, .box_h = 16, .ofs_x = 0, .ofs_y = -3},
    {.bitmap_index = 90803, .adv_w = 256, .box_w = 16, .box_h = 16, .ofs_x = 0, .ofs_y = -2},
    {.bitmap_index = 90931, .adv_w = 256, .box_w = 17, .box_h = 17, .ofs_x = -1, .ofs_y = -3},
    {.bitmap_index = 91076, .adv_w = 256, .box_w = 17, .box_h = 15, .ofs_x = -1, .ofs_y = -2},
    {.bitmap_index = 91204, .adv_w = 256, .box_w = 17, .box_h = 17, .ofs_x = -1, .ofs_y = -3},
    {.bitmap_index = 91349, .adv_w = 256, .box_w = 16, .box_h = 16, .ofs_x = 0, .ofs_y = -3},
    {.bitmap_index = 91477, .adv_w = 256, .box_w = 16, .box_h = 16, .ofs_x = 0, .ofs_y = -2},
    {.bitmap_index = 91605, .adv_w = 256, .box_w = 16, .box_h = 16, .ofs_x = 0, .ofs_y = -2},
    {.bitmap_index = 91733, .adv_w = 256, .box_w = 17, .box_h = 17, .ofs_x = 0, .ofs_y = -3},
    {.bitmap_index = 91878, .adv_w = 256, .box_w = 16, .box_h = 17, .ofs_x = 0, .ofs_y = -3},
    {.bitmap_index = 92014, .adv_w = 256, .box_w = 17, .box_h = 16, .ofs_x = -1, .ofs_y = -2},
    {.bitmap_index = 92150, .adv_w = 256, .box_w = 16, .box_h = 15, .ofs_x = 0, .ofs_y = -2},
    {.bitmap_index = 92270, .adv_w = 256, .box_w = 16, .box_h = 16, .ofs_x = 0, .ofs_y = -2},
    {.bitmap_index = 92398, .adv_w = 256, .box_w = 16, .box_h = 17, .ofs_x = 0, .ofs_y = -3},
    {.bitmap_index = 92534, .adv_w = 256, .box_w = 16, .box_h = 17, .ofs_x = 0, .ofs_y = -3},
    {.bitmap_index = 92670, .adv_w = 256, .box_w = 17, .box_h = 16, .ofs_x = -1, .ofs_y = -2},
    {.bitmap_index = 92806, .adv_w = 256, .box_w = 16, .box_h = 15, .ofs_x = 0, .ofs_y = -2},
    {.bitmap_index = 92926, .adv_w = 256, .box_w = 16, .box_h = 17, .ofs_x = 0, .ofs_y = -3},
    {.bitmap_index = 93062, .adv_w = 256, .box_w = 16, .box_h = 15, .ofs_x = 0, .ofs_y = -2},
    {.bitmap_index = 93182, .adv_w = 256, .box_w = 16, .box_h = 16, .ofs_x = 0, .ofs_y = -3},
    {.bitmap_index = 93310, .adv_w = 256, .box_w = 16, .box_h = 17, .ofs_x = 0, .ofs_y = -3},
    {.bitmap_index = 93446, .adv_w = 256, .box_w = 15, .box_h = 16, .ofs_x = 1, .ofs_y = -2},
    {.bitmap_index = 93566, .adv_w = 256, .box_w = 16, .box_h = 17, .ofs_x = 0, .ofs_y = -3},
    {.bitmap_index = 93702, .adv_w = 256, .box_w = 9, .box_h = 15, .ofs_x = 0, .ofs_y = -2},
    {.bitmap_index = 93770, .adv_w = 256, .box_w = 16, .box_h = 17, .ofs_x = 0, .ofs_y = -3},
    {.bitmap_index = 93906, .adv_w = 256, .box_w = 16, .box_h = 17, .ofs_x = 0, .ofs_y = -3},
    {.bitmap_index = 94042, .adv_w = 256, .box_w = 16, .box_h = 16, .ofs_x = 0, .ofs_y = -2},
    {.bitmap_index = 94170, .adv_w = 256, .box_w = 16, .box_h = 17, .ofs_x = 0, .ofs_y = -3},
    {.bitmap_index = 94306, .adv_w = 256, .box_w = 16, .box_h = 17, .ofs_x = 0, .ofs_y = -3},
    {.bitmap_index = 94442, .adv_w = 256, .box_w = 16, .box_h = 16, .ofs_x = 0, .ofs_y = -2},
    {.bitmap_index = 94570, .adv_w = 256, .box_w = 16, .box_h = 17, .ofs_x = 0, .ofs_y = -3},
    {.bitmap_index = 94706, .adv_w = 256, .box_w = 17, .box_h = 17, .ofs_x = -1, .ofs_y = -3},
    {.bitmap_index = 94851, .adv_w = 256, .box_w = 16, .box_h = 16, .ofs_x = 0, .ofs_y = -2},
    {.bitmap_index = 94979, .adv_w = 256, .box_w = 16, .box_h = 16, .ofs_x = 0, .ofs_y = -2},
    {.bitmap_index = 95107, .adv_w = 256, .box_w = 16, .box_h = 17, .ofs_x = 0, .ofs_y = -3},
    {.bitmap_index = 95243, .adv_w = 256, .box_w = 16, .box_h = 16, .ofs_x = 0, .ofs_y = -2},
    {.bitmap_index = 95371, .adv_w = 256, .box_w = 16, .box_h = 17, .ofs_x = 0, .ofs_y = -3},
    {.bitmap_index = 95507, .adv_w = 256, .box_w = 16, .box_h = 16, .ofs_x = 0, .ofs_y = -2},
    {.bitmap_index = 95635, .adv_w = 256, .box_w = 17, .box_h = 17, .ofs_x = 0, .ofs_y = -3},
    {.bitmap_index = 95780, .adv_w = 256, .box_w = 16, .box_h = 17, .ofs_x = 0, .ofs_y = -3},
    {.bitmap_index = 95916, .adv_w = 256, .box_w = 16, .box_h = 17, .ofs_x = 0, .ofs_y = -3},
    {.bitmap_index = 96052, .adv_w = 256, .box_w = 16, .box_h = 16, .ofs_x = 0, .ofs_y = -2},
    {.bitmap_index = 96180, .adv_w = 256, .box_w = 17, .box_h = 17, .ofs_x = 0, .ofs_y = -3},
    {.bitmap_index = 96325, .adv_w = 256, .box_w = 16, .box_h = 16, .ofs_x = 0, .ofs_y = -2},
    {.bitmap_index = 96453, .adv_w = 256, .box_w = 16, .box_h = 16, .ofs_x = 0, .ofs_y = -2},
    {.bitmap_index = 96581, .adv_w = 256, .box_w = 17, .box_h = 17, .ofs_x = 0, .ofs_y = -3},
    {.bitmap_index = 96726, .adv_w = 256, .box_w = 16, .box_h = 17, .ofs_x = 0, .ofs_y = -3},
    {.bitmap_index = 96862, .adv_w = 256, .box_w = 16, .box_h = 16, .ofs_x = 0, .ofs_y = -2},
    {.bitmap_index = 96990, .adv_w = 256, .box_w = 16, .box_h = 17, .ofs_x = 0, .ofs_y = -3},
    {.bitmap_index = 97126, .adv_w = 256, .box_w = 16, .box_h = 17, .ofs_x = 0, .ofs_y = -3},
    {.bitmap_index = 97262, .adv_w = 256, .box_w = 17, .box_h = 17, .ofs_x = -1, .ofs_y = -3},
    {.bitmap_index = 97407, .adv_w = 256, .box_w = 17, .box_h = 16, .ofs_x = -1, .ofs_y = -2},
    {.bitmap_index = 97543, .adv_w = 256, .box_w = 16, .box_h = 16, .ofs_x = 0, .ofs_y = -2},
    {.bitmap_index = 97671, .adv_w = 256, .box_w = 16, .box_h = 16, .ofs_x = 0, .ofs_y = -2},
    {.bitmap_index = 97799, .adv_w = 256, .box_w = 16, .box_h = 16, .ofs_x = 0, .ofs_y = -2},
    {.bitmap_index = 97927, .adv_w = 256, .box_w = 16, .box_h = 16, .ofs_x = 0, .ofs_y = -2},
    {.bitmap_index = 98055, .adv_w = 256, .box_w = 16, .box_h = 16, .ofs_x = 0, .ofs_y = -2},
    {.bitmap_index = 98183, .adv_w = 256, .box_w = 17, .box_h = 17, .ofs_x = 0, .ofs_y = -3},
    {.bitmap_index = 98328, .adv_w = 256, .box_w = 17, .box_h = 17, .ofs_x = 0, .ofs_y = -3},
    {.bitmap_index = 98473, .adv_w = 256, .box_w = 16, .box_h = 17, .ofs_x = 0, .ofs_y = -3},
    {.bitmap_index = 98609, .adv_w = 256, .box_w = 16, .box_h = 16, .ofs_x = 0, .ofs_y = -2},
    {.bitmap_index = 98737, .adv_w = 256, .box_w = 16, .box_h = 16, .ofs_x = 0, .ofs_y = -2},
    {.bitmap_index = 98865, .adv_w = 256, .box_w = 16, .box_h = 17, .ofs_x = 0, .ofs_y = -3},
    {.bitmap_index = 99001, .adv_w = 256, .box_w = 16, .box_h = 17, .ofs_x = 0, .ofs_y = -3},
    {.bitmap_index = 99137, .adv_w = 256, .box_w = 17, .box_h = 17, .ofs_x = 0, .ofs_y = -3},
    {.bitmap_index = 99282, .adv_w = 256, .box_w = 16, .box_h = 17, .ofs_x = 0, .ofs_y = -3},
    {.bitmap_index = 99418, .adv_w = 256, .box_w = 16, .box_h = 17, .ofs_x = 0, .ofs_y = -3},
    {.bitmap_index = 99554, .adv_w = 256, .box_w = 17, .box_h = 17, .ofs_x = -1, .ofs_y = -3},
    {.bitmap_index = 99699, .adv_w = 256, .box_w = 16, .box_h = 17, .ofs_x = 0, .ofs_y = -3},
    {.bitmap_index = 99835, .adv_w = 256, .box_w = 16, .box_h = 16, .ofs_x = 0, .ofs_y = -2},
    {.bitmap_index = 99963, .adv_w = 256, .box_w = 17, .box_h = 16, .ofs_x = -1, .ofs_y = -2},
    {.bitmap_index = 100099, .adv_w = 256, .box_w = 16, .box_h = 16, .ofs_x = 0, .ofs_y = -2},
    {.bitmap_index = 100227, .adv_w = 256, .box_w = 17, .box_h = 16, .ofs_x = 0, .ofs_y = -2},
    {.bitmap_index = 100363, .adv_w = 256, .box_w = 16, .box_h = 16, .ofs_x = 0, .ofs_y = -2},
    {.bitmap_index = 100491, .adv_w = 256, .box_w = 16, .box_h = 16, .ofs_x = 0, .ofs_y = -3},
    {.bitmap_index = 100619, .adv_w = 256, .box_w = 17, .box_h = 17, .ofs_x = -1, .ofs_y = -3},
    {.bitmap_index = 100764, .adv_w = 256, .box_w = 16, .box_h = 17, .ofs_x = 0, .ofs_y = -3},
    {.bitmap_index = 100900, .adv_w = 256, .box_w = 16, .box_h = 16, .ofs_x = 0, .ofs_y = -2},
    {.bitmap_index = 101028, .adv_w = 256, .box_w = 16, .box_h = 16, .ofs_x = 0, .ofs_y = -2},
    {.bitmap_index = 101156, .adv_w = 256, .box_w = 17, .box_h = 16, .ofs_x = -1, .ofs_y = -3},
    {.bitmap_index = 101292, .adv_w = 256, .box_w = 16, .box_h = 16, .ofs_x = 0, .ofs_y = -2},
    {.bitmap_index = 101420, .adv_w = 256, .box_w = 16, .box_h = 16, .ofs_x = -1, .ofs_y = -2},
    {.bitmap_index = 101548, .adv_w = 256, .box_w = 16, .box_h = 16, .ofs_x = 0, .ofs_y = -2},
    {.bitmap_index = 101676, .adv_w = 256, .box_w = 16, .box_h = 17, .ofs_x = 0, .ofs_y = -3},
    {.bitmap_index = 101812, .adv_w = 256, .box_w = 16, .box_h = 16, .ofs_x = 0, .ofs_y = -2},
    {.bitmap_index = 101940, .adv_w = 256, .box_w = 16, .box_h = 17, .ofs_x = 0, .ofs_y = -3},
    {.bitmap_index = 102076, .adv_w = 256, .box_w = 16, .box_h = 17, .ofs_x = 0, .ofs_y = -3},
    {.bitmap_index = 102212, .adv_w = 256, .box_w = 16, .box_h = 16, .ofs_x = 0, .ofs_y = -3},
    {.bitmap_index = 102340, .adv_w = 256, .box_w = 16, .box_h = 17, .ofs_x = 0, .ofs_y = -3},
    {.bitmap_index = 102476, .adv_w = 256, .box_w = 16, .box_h = 17, .ofs_x = 0, .ofs_y = -3},
    {.bitmap_index = 102612, .adv_w = 256, .box_w = 16, .box_h = 17, .ofs_x = 0, .ofs_y = -3},
    {.bitmap_index = 102748, .adv_w = 256, .box_w = 16, .box_h = 17, .ofs_x = 0, .ofs_y = -3},
    {.bitmap_index = 102884, .adv_w = 256, .box_w = 16, .box_h = 17, .ofs_x = 0, .ofs_y = -3},
    {.bitmap_index = 103020, .adv_w = 256, .box_w = 16, .box_h = 17, .ofs_x = 0, .ofs_y = -3},
    {.bitmap_index = 103156, .adv_w = 256, .box_w = 17, .box_h = 16, .ofs_x = 0, .ofs_y = -2},
    {.bitmap_index = 103292, .adv_w = 256, .box_w = 16, .box_h = 16, .ofs_x = 0, .ofs_y = -2},
    {.bitmap_index = 103420, .adv_w = 256, .box_w = 16, .box_h = 17, .ofs_x = 0, .ofs_y = -3},
    {.bitmap_index = 103556, .adv_w = 256, .box_w = 17, .box_h = 17, .ofs_x = 0, .ofs_y = -3},
    {.bitmap_index = 103701, .adv_w = 256, .box_w = 16, .box_h = 16, .ofs_x = 0, .ofs_y = -2},
    {.bitmap_index = 103829, .adv_w = 256, .box_w = 17, .box_h = 17, .ofs_x = 0, .ofs_y = -3},
    {.bitmap_index = 103974, .adv_w = 256, .box_w = 16, .box_h = 17, .ofs_x = 0, .ofs_y = -3},
    {.bitmap_index = 104110, .adv_w = 256, .box_w = 16, .box_h = 17, .ofs_x = 0, .ofs_y = -3},
    {.bitmap_index = 104246, .adv_w = 256, .box_w = 16, .box_h = 17, .ofs_x = 0, .ofs_y = -3},
    {.bitmap_index = 104382, .adv_w = 256, .box_w = 16, .box_h = 16, .ofs_x = 0, .ofs_y = -3},
    {.bitmap_index = 104510, .adv_w = 256, .box_w = 16, .box_h = 17, .ofs_x = 0, .ofs_y = -3},
    {.bitmap_index = 104646, .adv_w = 256, .box_w = 16, .box_h = 17, .ofs_x = 0, .ofs_y = -3},
    {.bitmap_index = 104782, .adv_w = 256, .box_w = 16, .box_h = 17, .ofs_x = 0, .ofs_y = -3},
    {.bitmap_index = 104918, .adv_w = 256, .box_w = 16, .box_h = 17, .ofs_x = 0, .ofs_y = -3},
    {.bitmap_index = 105054, .adv_w = 256, .box_w = 16, .box_h = 16, .ofs_x = 0, .ofs_y = -3},
    {.bitmap_index = 105182, .adv_w = 256, .box_w = 16, .box_h = 17, .ofs_x = 0, .ofs_y = -3},
    {.bitmap_index = 105318, .adv_w = 256, .box_w = 16, .box_h = 16, .ofs_x = 0, .ofs_y = -3},
    {.bitmap_index = 105446, .adv_w = 256, .box_w = 16, .box_h = 17, .ofs_x = 0, .ofs_y = -3},
    {.bitmap_index = 105582, .adv_w = 256, .box_w = 16, .box_h = 17, .ofs_x = 0, .ofs_y = -3},
    {.bitmap_index = 105718, .adv_w = 256, .box_w = 16, .box_h = 17, .ofs_x = 0, .ofs_y = -3},
    {.bitmap_index = 105854, .adv_w = 256, .box_w = 16, .box_h = 16, .ofs_x = 0, .ofs_y = -3},
    {.bitmap_index = 105982, .adv_w = 256, .box_w = 16, .box_h = 17, .ofs_x = 0, .ofs_y = -3},
    {.bitmap_index = 106118, .adv_w = 256, .box_w = 16, .box_h = 16, .ofs_x = 0, .ofs_y = -3},
    {.bitmap_index = 106246, .adv_w = 256, .box_w = 16, .box_h = 17, .ofs_x = 0, .ofs_y = -3},
    {.bitmap_index = 106382, .adv_w = 256, .box_w = 16, .box_h = 16, .ofs_x = 0, .ofs_y = -3},
    {.bitmap_index = 106510, .adv_w = 256, .box_w = 16, .box_h = 17, .ofs_x = 0, .ofs_y = -3},
    {.bitmap_index = 106646, .adv_w = 256, .box_w = 16, .box_h = 16, .ofs_x = 0, .ofs_y = -3},
    {.bitmap_index = 106774, .adv_w = 256, .box_w = 16, .box_h = 17, .ofs_x = 0, .ofs_y = -3},
    {.bitmap_index = 106910, .adv_w = 256, .box_w = 16, .box_h = 16, .ofs_x = 0, .ofs_y = -3},
    {.bitmap_index = 107038, .adv_w = 256, .box_w = 16, .box_h = 17, .ofs_x = 0, .ofs_y = -3},
    {.bitmap_index = 107174, .adv_w = 256, .box_w = 16, .box_h = 17, .ofs_x = 0, .ofs_y = -3},
    {.bitmap_index = 107310, .adv_w = 256, .box_w = 16, .box_h = 17, .ofs_x = 0, .ofs_y = -3},
    {.bitmap_index = 107446, .adv_w = 256, .box_w = 16, .box_h = 16, .ofs_x = 0, .ofs_y = -3},
    {.bitmap_index = 107574, .adv_w = 256, .box_w = 16, .box_h = 17, .ofs_x = 0, .ofs_y = -3},
    {.bitmap_index = 107710, .adv_w = 256, .box_w = 16, .box_h = 17, .ofs_x = 0, .ofs_y = -3},
    {.bitmap_index = 107846, .adv_w = 256, .box_w = 16, .box_h = 17, .ofs_x = 0, .ofs_y = -3},
    {.bitmap_index = 107982, .adv_w = 256, .box_w = 16, .box_h = 17, .ofs_x = 0, .ofs_y = -3},
    {.bitmap_index = 108118, .adv_w = 256, .box_w = 16, .box_h = 17, .ofs_x = 0, .ofs_y = -3},
    {.bitmap_index = 108254, .adv_w = 256, .box_w = 16, .box_h = 17, .ofs_x = 0, .ofs_y = -3},
    {.bitmap_index = 108390, .adv_w = 256, .box_w = 16, .box_h = 17, .ofs_x = 0, .ofs_y = -3},
    {.bitmap_index = 108526, .adv_w = 256, .box_w = 16, .box_h = 17, .ofs_x = 0, .ofs_y = -3},
    {.bitmap_index = 108662, .adv_w = 256, .box_w = 15, .box_h = 16, .ofs_x = 1, .ofs_y = -2},
    {.bitmap_index = 108782, .adv_w = 256, .box_w = 14, .box_h = 17, .ofs_x = 1, .ofs_y = -3},
    {.bitmap_index = 108901, .adv_w = 256, .box_w = 14, .box_h = 17, .ofs_x = 1, .ofs_y = -3},
    {.bitmap_index = 109020, .adv_w = 256, .box_w = 15, .box_h = 17, .ofs_x = 1, .ofs_y = -3},
    {.bitmap_index = 109148, .adv_w = 256, .box_w = 15, .box_h = 17, .ofs_x = 1, .ofs_y = -3},
    {.bitmap_index = 109276, .adv_w = 256, .box_w = 15, .box_h = 17, .ofs_x = 1, .ofs_y = -3},
    {.bitmap_index = 109404, .adv_w = 256, .box_w = 15, .box_h = 17, .ofs_x = 1, .ofs_y = -3},
    {.bitmap_index = 109532, .adv_w = 256, .box_w = 15, .box_h = 17, .ofs_x = 1, .ofs_y = -3},
    {.bitmap_index = 109660, .adv_w = 256, .box_w = 15, .box_h = 17, .ofs_x = 1, .ofs_y = -3},
    {.bitmap_index = 109788, .adv_w = 256, .box_w = 15, .box_h = 17, .ofs_x = 1, .ofs_y = -3},
    {.bitmap_index = 109916, .adv_w = 256, .box_w = 15, .box_h = 17, .ofs_x = 1, .ofs_y = -3},
    {.bitmap_index = 110044, .adv_w = 256, .box_w = 15, .box_h = 17, .ofs_x = 1, .ofs_y = -3},
    {.bitmap_index = 110172, .adv_w = 256, .box_w = 14, .box_h = 17, .ofs_x = 1, .ofs_y = -3},
    {.bitmap_index = 110291, .adv_w = 256, .box_w = 15, .box_h = 17, .ofs_x = 1, .ofs_y = -3},
    {.bitmap_index = 110419, .adv_w = 256, .box_w = 15, .box_h = 17, .ofs_x = 1, .ofs_y = -3},
    {.bitmap_index = 110547, .adv_w = 256, .box_w = 15, .box_h = 17, .ofs_x = 1, .ofs_y = -3},
    {.bitmap_index = 110675, .adv_w = 256, .box_w = 15, .box_h = 17, .ofs_x = 1, .ofs_y = -3},
    {.bitmap_index = 110803, .adv_w = 256, .box_w = 15, .box_h = 16, .ofs_x = 1, .ofs_y = -2},
    {.bitmap_index = 110923, .adv_w = 256, .box_w = 15, .box_h = 17, .ofs_x = 1, .ofs_y = -3},
    {.bitmap_index = 111051, .adv_w = 256, .box_w = 15, .box_h = 17, .ofs_x = 1, .ofs_y = -3},
    {.bitmap_index = 111179, .adv_w = 256, .box_w = 15, .box_h = 17, .ofs_x = 1, .ofs_y = -3},
    {.bitmap_index = 111307, .adv_w = 256, .box_w = 15, .box_h = 17, .ofs_x = 1, .ofs_y = -3},
    {.bitmap_index = 111435, .adv_w = 256, .box_w = 14, .box_h = 16, .ofs_x = 1, .ofs_y = -3},
    {.bitmap_index = 111547, .adv_w = 256, .box_w = 14, .box_h = 16, .ofs_x = 1, .ofs_y = -3},
    {.bitmap_index = 111659, .adv_w = 256, .box_w = 17, .box_h = 17, .ofs_x = -1, .ofs_y = -3},
    {.bitmap_index = 111804, .adv_w = 256, .box_w = 16, .box_h = 17, .ofs_x = 0, .ofs_y = -3},
    {.bitmap_index = 111940, .adv_w = 256, .box_w = 16, .box_h = 16, .ofs_x = 0, .ofs_y = -2},
    {.bitmap_index = 112068, .adv_w = 256, .box_w = 16, .box_h = 17, .ofs_x = 0, .ofs_y = -3},
    {.bitmap_index = 112204, .adv_w = 256, .box_w = 16, .box_h = 16, .ofs_x = 0, .ofs_y = -3},
    {.bitmap_index = 112332, .adv_w = 256, .box_w = 17, .box_h = 17, .ofs_x = 0, .ofs_y = -3},
    {.bitmap_index = 112477, .adv_w = 256, .box_w = 10, .box_h = 16, .ofs_x = 0, .ofs_y = -2},
    {.bitmap_index = 112557, .adv_w = 256, .box_w = 16, .box_h = 17, .ofs_x = -1, .ofs_y = -3},
    {.bitmap_index = 112693, .adv_w = 256, .box_w = 17, .box_h = 16, .ofs_x = -1, .ofs_y = -3},
    {.bitmap_index = 112829, .adv_w = 256, .box_w = 16, .box_h = 17, .ofs_x = 0, .ofs_y = -3},
    {.bitmap_index = 112965, .adv_w = 256, .box_w = 16, .box_h = 16, .ofs_x = 0, .ofs_y = -2},
    {.bitmap_index = 113093, .adv_w = 256, .box_w = 17, .box_h = 17, .ofs_x = -1, .ofs_y = -3},
    {.bitmap_index = 113238, .adv_w = 256, .box_w = 17, .box_h = 17, .ofs_x = -1, .ofs_y = -3},
    {.bitmap_index = 113383, .adv_w = 256, .box_w = 17, .box_h = 17, .ofs_x = -1, .ofs_y = -3},
    {.bitmap_index = 113528, .adv_w = 256, .box_w = 15, .box_h = 17, .ofs_x = 0, .ofs_y = -3},
    {.bitmap_index = 113656, .adv_w = 256, .box_w = 16, .box_h = 17, .ofs_x = 0, .ofs_y = -3},
    {.bitmap_index = 113792, .adv_w = 256, .box_w = 16, .box_h = 17, .ofs_x = 0, .ofs_y = -3},
    {.bitmap_index = 113928, .adv_w = 256, .box_w = 16, .box_h = 16, .ofs_x = 0, .ofs_y = -3},
    {.bitmap_index = 114056, .adv_w = 256, .box_w = 16, .box_h = 17, .ofs_x = 0, .ofs_y = -3},
    {.bitmap_index = 114192, .adv_w = 256, .box_w = 16, .box_h = 17, .ofs_x = 0, .ofs_y = -3},
    {.bitmap_index = 114328, .adv_w = 256, .box_w = 16, .box_h = 17, .ofs_x = 0, .ofs_y = -3},
    {.bitmap_index = 114464, .adv_w = 256, .box_w = 16, .box_h = 16, .ofs_x = 0, .ofs_y = -2},
    {.bitmap_index = 114592, .adv_w = 256, .box_w = 16, .box_h = 17, .ofs_x = 0, .ofs_y = -3},
    {.bitmap_index = 114728, .adv_w = 256, .box_w = 16, .box_h = 17, .ofs_x = 0, .ofs_y = -3},
    {.bitmap_index = 114864, .adv_w = 256, .box_w = 16, .box_h = 17, .ofs_x = 0, .ofs_y = -3},
    {.bitmap_index = 115000, .adv_w = 256, .box_w = 16, .box_h = 17, .ofs_x = 0, .ofs_y = -3},
    {.bitmap_index = 115136, .adv_w = 256, .box_w = 17, .box_h = 16, .ofs_x = -1, .ofs_y = -3},
    {.bitmap_index = 115272, .adv_w = 256, .box_w = 15, .box_h = 16, .ofs_x = 0, .ofs_y = -3},
    {.bitmap_index = 115392, .adv_w = 256, .box_w = 16, .box_h = 17, .ofs_x = 0, .ofs_y = -3},
    {.bitmap_index = 115528, .adv_w = 256, .box_w = 16, .box_h = 17, .ofs_x = 0, .ofs_y = -3},
    {.bitmap_index = 115664, .adv_w = 256, .box_w = 16, .box_h = 17, .ofs_x = 0, .ofs_y = -3},
    {.bitmap_index = 115800, .adv_w = 256, .box_w = 16, .box_h = 16, .ofs_x = 0, .ofs_y = -3},
    {.bitmap_index = 115928, .adv_w = 256, .box_w = 16, .box_h = 17, .ofs_x = 0, .ofs_y = -3},
    {.bitmap_index = 116064, .adv_w = 256, .box_w = 16, .box_h = 17, .ofs_x = 0, .ofs_y = -3},
    {.bitmap_index = 116200, .adv_w = 256, .box_w = 16, .box_h = 17, .ofs_x = 0, .ofs_y = -3},
    {.bitmap_index = 116336, .adv_w = 256, .box_w = 16, .box_h = 17, .ofs_x = 0, .ofs_y = -3},
    {.bitmap_index = 116472, .adv_w = 256, .box_w = 16, .box_h = 16, .ofs_x = 0, .ofs_y = -3},
    {.bitmap_index = 116600, .adv_w = 256, .box_w = 16, .box_h = 17, .ofs_x = 0, .ofs_y = -3},
    {.bitmap_index = 116736, .adv_w = 256, .box_w = 16, .box_h = 15, .ofs_x = 0, .ofs_y = -2},
    {.bitmap_index = 116856, .adv_w = 256, .box_w = 16, .box_h = 16, .ofs_x = 0, .ofs_y = -2},
    {.bitmap_index = 116984, .adv_w = 256, .box_w = 17, .box_h = 17, .ofs_x = 0, .ofs_y = -3},
    {.bitmap_index = 117129, .adv_w = 256, .box_w = 16, .box_h = 16, .ofs_x = 0, .ofs_y = -3},
    {.bitmap_index = 117257, .adv_w = 256, .box_w = 16, .box_h = 17, .ofs_x = 0, .ofs_y = -3},
    {.bitmap_index = 117393, .adv_w = 256, .box_w = 16, .box_h = 17, .ofs_x = 0, .ofs_y = -3},
    {.bitmap_index = 117529, .adv_w = 256, .box_w = 16, .box_h = 15, .ofs_x = 0, .ofs_y = -2},
    {.bitmap_index = 117649, .adv_w = 256, .box_w = 16, .box_h = 17, .ofs_x = 0, .ofs_y = -3},
    {.bitmap_index = 117785, .adv_w = 256, .box_w = 16, .box_h = 17, .ofs_x = 0, .ofs_y = -3},
    {.bitmap_index = 117921, .adv_w = 256, .box_w = 16, .box_h = 16, .ofs_x = 0, .ofs_y = -3},
    {.bitmap_index = 118049, .adv_w = 256, .box_w = 16, .box_h = 17, .ofs_x = 0, .ofs_y = -3},
    {.bitmap_index = 118185, .adv_w = 256, .box_w = 17, .box_h = 16, .ofs_x = 0, .ofs_y = -3},
    {.bitmap_index = 118321, .adv_w = 256, .box_w = 16, .box_h = 16, .ofs_x = 0, .ofs_y = -3},
    {.bitmap_index = 118449, .adv_w = 256, .box_w = 16, .box_h = 17, .ofs_x = 0, .ofs_y = -3},
    {.bitmap_index = 118585, .adv_w = 256, .box_w = 16, .box_h = 16, .ofs_x = 0, .ofs_y = -2}
};

/*---------------------
 *  CHARACTER MAPPING
 *--------------------*/

static const uint16_t unicode_list_0[] = {
    0x0, 0x590, 0x59a, 0x644, 0x2e06, 0x3485, 0x350a, 0x350d,
    0x3511, 0x3516, 0x3519, 0x351b, 0x3523, 0x352a, 0x352f, 0x3530,
    0x3536, 0x3547, 0x354f, 0x3550, 0x3551, 0x3555, 0x3558, 0x355b,
    0x355d, 0x3562, 0x3565, 0x356b, 0x356e, 0x3573, 0x3579, 0x358b,
    0x3593, 0x3597, 0x3598, 0x359e, 0x35a3, 0x35a6, 0x35a7, 0x35ab,
    0x35ac, 0x35ae, 0x35b0, 0x35b7, 0x35b9, 0x35be, 0x35bf, 0x35c0,
    0x35c2, 0x35c4, 0x35c5, 0x35c6, 0x35c9, 0x35cc, 0x35cd, 0x35cf,
    0x35d1, 0x35d8, 0x35da, 0x35db, 0x35e2, 0x35e6, 0x35f8, 0x35f9,
    0x35fd, 0x35fe, 0x3601, 0x3606, 0x3607, 0x3613, 0x3626, 0x3627,
    0x362e, 0x3631, 0x3632, 0x3633, 0x3636, 0x363c, 0x363e, 0x3645,
    0x364b, 0x3655, 0x3656, 0x365f, 0x3660, 0x366d, 0x3689, 0x36ae,
    0x36b1, 0x36b7, 0x36bb, 0x36c5, 0x36cf, 0x36d3, 0x36d9, 0x36de,
    0x36e3, 0x36e4, 0x36f6, 0x38dc, 0x38fe, 0x38ff, 0x395b, 0x395d,
    0x3967, 0x3971, 0x3978, 0x397d, 0x397e, 0x3983, 0x3984, 0x3985,
    0x3989, 0x398c, 0x3998, 0x39a4, 0x39ac, 0x39b1, 0x39b2, 0x39b7,
    0x39bd, 0x39d3, 0x39df, 0x39e0, 0x39e2, 0x39e3, 0x39e6, 0x39eb,
    0x39ed, 0x39fd, 0x3a0c, 0x3a0e, 0x3a16, 0x3a1a, 0x3a24, 0x3a2f,
    0x3a3c, 0x3a41, 0x3a4f, 0x3a51, 0x3a54, 0x3a75, 0x3a84, 0x3a8c,
    0x3a92, 0x3a98, 0x3aac, 0x3aae, 0x3ab0, 0x3ab2, 0x3ab6, 0x3aba,
    0x3abd, 0x3ac0, 0x3ac5, 0x3acb, 0x3ae3, 0x3af0, 0x3af1, 0x3b0c,
    0x3b11, 0x3b1a, 0x3b2b, 0x3b2d, 0x3b34, 0x3b3c, 0x3b3f, 0x3b4b,
    0x3b4d, 0x3b5a, 0x3b5e, 0x3b6d, 0x3b6f, 0x3b7f, 0x3b92, 0x3bbe,
    0x3bc8, 0x3bca, 0x3bef, 0x3bf6, 0x3c15, 0x3c2a, 0x3c33, 0x3c3d,
    0x3c40, 0x3c48, 0x3c54, 0x3c62, 0x3c66, 0x3c67, 0x3c6a, 0x3c6b,
    0x3c70, 0x3c72, 0x3c73, 0x3c74, 0x3c76, 0x3c7c, 0x3c7d, 0x3c85,
    0x3c86, 0x3c8b, 0x3c8f, 0x3c91, 0x3c97, 0x3c9b, 0x3c9e, 0x3ca5,
    0x3cac, 0x3cbe, 0x3cbf, 0x3cdc, 0x3cdd, 0x3ce0, 0x3cf5, 0x3cf8,
    0x3cfe, 0x3d00, 0x3d01, 0x3d08, 0x3d0e, 0x3d17, 0x3d18, 0x3d24,
    0x3d25, 0x3d32, 0x3d35, 0x3d37, 0x3d43, 0x3d45, 0x3d46, 0x3d49,
    0x3d4e, 0x3d5c, 0x3d73, 0x3d77, 0x3d91, 0x3d9f, 0x3db5, 0x3de9,
    0x3deb, 0x3dee, 0x3df3, 0x3e0b, 0x3e11, 0x3e15, 0x3e16, 0x3e1e,
    0x3e2e, 0x3e35, 0x3e38, 0x3e3b, 0x3e54, 0x3e5a, 0x3e65, 0x3e6b,
    0x3e70, 0x3e7a, 0x3e7f, 0x3e8d, 0x3e8f, 0x3e93, 0x3e98, 0x3eab,
    0x3eac, 0x3eb5, 0x3ec2, 0x3ec4, 0x3f03, 0x3f04, 0x3f07, 0x3f16,
    0x3f2a, 0x3f30, 0x3f31, 0x3f32, 0x3f3b, 0x3f4d, 0x3f51, 0x3f5c,
    0x3f61, 0x3f63, 0x3f66, 0x3f6f, 0x3f73, 0x3f76, 0x3f82, 0x3f87,
    0x3f8f, 0x3f96, 0x3f9e, 0x3fa3, 0x3fa9, 0x3fb0, 0x3fb7, 0x3fbb,
    0x3fbe, 0x3fc4, 0x3fc7, 0x3fc8, 0x3fd2, 0x3fd8, 0x3fdd, 0x3fde,
    0x3fdf, 0x3fe0, 0x3fe4, 0x3fe7, 0x3fe9, 0x3ff3, 0x3ff5, 0x3ffb,
    0x4000, 0x4003, 0x4005, 0x400f, 0x4019, 0x401c, 0x4044, 0x4052,
    0x4053, 0x4054, 0x4055, 0x4057, 0x405d, 0x4066, 0x406c, 0x4070,
    0x4074, 0x4075, 0x4077, 0x4087, 0x408b, 0x408e, 0x4095, 0x40a0,
    0x40b2, 0x40b4, 0x40b7, 0x40c6, 0x40ce, 0x40da, 0x40e8, 0x40ef,
    0x40fa, 0x40fd, 0x4100, 0x4105, 0x4124, 0x414f, 0x416e, 0x4181,
    0x4186, 0x4191, 0x41ae, 0x41cf, 0x41ef, 0x440e, 0x4693, 0x4722,
    0x4726, 0x472d, 0x4738, 0x4743, 0x4744, 0x474d, 0x474f, 0x4751,
    0x4756, 0x4761, 0x4765, 0x4772, 0x4778, 0x477f, 0x4781, 0x4782,
    0x4787, 0x478a, 0x478d, 0x478f, 0x4792, 0x479b, 0x479d, 0x47b2,
    0x47b3, 0x47b4, 0x47b7, 0x47bc, 0x47c3, 0x47ca, 0x47d7, 0x47da,
    0x47e3, 0x47e4, 0x47e6, 0x47e8, 0x47f7, 0x4803, 0x480c, 0x480d,
    0x4818, 0x481a, 0x481b, 0x481e, 0x4823, 0x4824, 0x4828, 0x482f,
    0x483a, 0x483b, 0x483c, 0x483e, 0x4840, 0x4841, 0x4845, 0x484e,
    0x4851, 0x485d, 0x4869, 0x486d, 0x488f, 0x489c, 0x48bd, 0x48ca,
    0x48d3, 0x48d6, 0x48db, 0x48e5, 0x48ea, 0x48f9, 0x48fa, 0x48fe,
    0x490e, 0x4913, 0x491c, 0x4931, 0x4937, 0x493a, 0x493d, 0x4940,
    0x4945, 0x4948, 0x494b, 0x4952, 0x4953, 0x495a, 0x495e, 0x4961,
    0x4962, 0x4963, 0x4967, 0x496f, 0x4972, 0x4975, 0x4981, 0x4985,
    0x4987, 0x498b, 0x4995, 0x499b, 0x49a4, 0x49a6, 0x49a8, 0x49ae,
    0x49b9, 0x49ba, 0x49c7, 0x49cc, 0x49d9, 0x49f1, 0x49f2, 0x4a09,
    0x4a1e, 0x4a3f, 0x4c0f, 0x4c24, 0x4c2e, 0x4c36, 0x4c42, 0x4c43,
    0x4c4e, 0x4c50, 0x4c5f, 0x4c60, 0x4c66, 0x4c6a, 0x4c6e, 0x4c7d,
    0x4c83, 0x4c87, 0x4c8b, 0x4c8c, 0x4caa, 0x4cad, 0x4cae, 0x4cb0,
    0x4cb1, 0x4cba, 0x4cc5, 0x4cc8, 0x4cc9, 0x4ccb, 0x4cd1, 0x4cd2,
    0x4cd4, 0x4cd8, 0x4cde, 0x4ce1, 0x4ce6, 0x4ce8, 0x4cf3, 0x4cf4,
    0x4d01, 0x4d05, 0x4d08, 0x4d0d, 0x4d0f, 0x4d13, 0x4d1d, 0x4d22,
    0x4d27, 0x4d29, 0x4d2c, 0x4d2e, 0x4d36, 0x4d38, 0x4d3a, 0x4d3d,
    0x4d49, 0x4d56, 0x4d6b, 0x4d6d, 0x4d6e, 0x4d78, 0x4d7a, 0x4d85,
    0x4d88, 0x4d99, 0x4d9f, 0x4da1, 0x4db3, 0x4db7, 0x4db8, 0x4dba,
    0x4dc0, 0x4de6, 0x4de8, 0x4deb, 0x4df0, 0x4df4, 0x4dff, 0x4e05,
    0x4e0c, 0x4e1e, 0x4e28, 0x4e2d, 0x4e2e, 0x4e39, 0x4e45, 0x4e48,
    0x4e60, 0x4e69, 0x4e72, 0x4e79, 0x4e7f, 0x4e81, 0x4e8b, 0x4e8c,
    0x4e8e, 0x4e91, 0x4e95, 0x4e97, 0x4e9c, 0x4ea9, 0x4eb1, 0x4eb9,
    0x4eba, 0x4ebc, 0x4ed3, 0x4ee3, 0x4eef, 0x4efe, 0x4f03, 0x4f04,
    0x4f07, 0x4f09, 0x4f10, 0x4f20, 0x4f21, 0x4f25, 0x4f3c, 0x4f4c,
    0x4f4e, 0x4f52, 0x4f54, 0x4f56, 0x4f63, 0x4f66, 0x4f67, 0x4f81,
    0x4f90, 0x4f93, 0x4f9c, 0x4fa3, 0x4fab, 0x4fb8, 0x4fba, 0x4fbb,
    0x4fc8, 0x4fc9, 0x4ff4, 0x4ff5, 0x4ffd, 0x500f, 0x5013, 0x5029,
    0x5038, 0x5219, 0x5287, 0x528a, 0x528e, 0x5291, 0x5292, 0x529b,
    0x529d, 0x52a7, 0x52a8, 0x52ac, 0x52c2, 0x52c3, 0x52c9, 0x52cc,
    0x52cd, 0x52ce, 0x52d1, 0x52d4, 0x52d5, 0x52db, 0x52dd, 0x52e4,
    0x52ed, 0x52ef, 0x52f1, 0x52f7, 0x52f8, 0x52fb, 0x52fc, 0x52ff,
    0x5306, 0x530b, 0x5312, 0x5313, 0x5327, 0x532a, 0x5331, 0x533a,
    0x5346, 0x5349, 0x5358, 0x5368, 0x536b, 0x5379, 0x537c, 0x5388,
    0x538d, 0x5391, 0x5394, 0x539a, 0x539c, 0x53a2, 0x53a3, 0x53a9,
    0x53ab, 0x53b3, 0x53b8, 0x53bf, 0x53c1, 0x53c3, 0x53cc, 0x53e4,
    0x53e9, 0x53f4, 0x53f5, 0x53ff, 0x5400, 0x5402, 0x5404, 0x5406,
    0x5408, 0x540a, 0x541b, 0x542f, 0x5431, 0x5433, 0x5435, 0x5436,
    0x5447, 0x5451, 0x5458, 0x545a, 0x545b, 0x5461, 0x5465, 0x5468,
    0x546a, 0x5476, 0x5478, 0x5481, 0x5482, 0x5483, 0x5494, 0x54ac,
    0x5509, 0x5518, 0x5559, 0x5e79, 0x5e7b, 0x5e7d, 0x5e7f, 0x5e82,
    0x5e83, 0x5e87, 0x5e8a, 0x5e98, 0x5e9a, 0x5e9b, 0x5e9c, 0x5ea3,
    0x5ea5, 0x5ea6, 0x5eaa, 0x5eae, 0x5eb1, 0x5eb5, 0x5eba, 0x5ebb,
    0x5ec2, 0x5ec5, 0x5ec8, 0x5ec9, 0x5ecb, 0x5ecc, 0x5ed0, 0x5ed4,
    0x5ed5, 0x5ed8, 0x5edb, 0x5edc, 0x5edd, 0x5ee1, 0x5ee2, 0x5ee5,
    0x5ee6, 0x5ee7, 0x5ee9, 0x5eeb, 0x5eec, 0x5ef1, 0x5ef3, 0x5ef5,
    0x5ef6, 0x5ef9, 0x5efb, 0x5efc, 0x5efd, 0x5efe, 0x5eff, 0x5f00,
    0x5f01, 0x5f04, 0x5f05, 0x5f06, 0x5f07, 0x5f09, 0x5f0a, 0x5f0b,
    0x5f0c, 0x5f0d, 0x5f0f, 0x5f96, 0x60c6, 0x6194, 0x61f5, 0x624e,
    0x683c, 0x690a, 0x6ae1, 0x6c4d, 0x6d2d, 0x6e21, 0x6f6e, 0x6f90,
    0x6fad, 0x6faf, 0x6fbe, 0x6fbf, 0x6fc0, 0x6fc2, 0x6fc3, 0x6fc8,
    0x6fcd, 0x6fde, 0x6fdf, 0x6fe5, 0x6fe7, 0x6feb, 0x6ff0, 0x6ffb,
    0x7000, 0x7007, 0x7009, 0x700f, 0x7010, 0x701e, 0x702a, 0x702b,
    0x702c, 0x7032, 0x7035, 0x703c, 0x7042, 0x704e, 0x7057, 0x705c,
    0x705d, 0x7062, 0x7065, 0x706f, 0x75c3, 0x75c5, 0x75cb, 0x75cd,
    0x75cf, 0x75d0, 0x75d6, 0x75d8, 0x75dd, 0x75de, 0x75e0, 0x75e2,
    0x75e4, 0x75e5, 0x75e6, 0x75e7, 0x75e9, 0x75ec, 0x75ef, 0x75f0,
    0x75f1, 0x75f3, 0x75f4, 0x768d, 0x77c4, 0x77c5, 0x77c6, 0x7856,
    0x78c1, 0x793d, 0x7941, 0x7942, 0x7943, 0x7944, 0x7945, 0x7946,
    0x794e, 0x7951, 0x7957, 0x795a, 0x795e, 0x7961, 0x7964, 0x7967,
    0x796a, 0x796b, 0x796d, 0x796e, 0x796f, 0x7a4f, 0x7a51, 0x7a52,
    0x7a54, 0x7a57, 0x7a59, 0x7a5a, 0x7a5b, 0x7a5f, 0x7a62, 0x7a64,
    0x7a6a, 0x7a6c, 0x7a6d, 0x7a70, 0x7a72, 0x7a75, 0x7a76, 0x7a77,
    0x7a78, 0x7a79, 0x7a7a, 0x7a7c, 0x7a7d, 0x7a7f, 0x7a81, 0x7b15
};

/*Collect the unicode lists and glyph_id offsets*/
static const lv_font_fmt_txt_cmap_t cmaps[] =
{
    {
        .range_start = 8230, .range_length = 31510, .glyph_id_start = 1,
        .unicode_list = unicode_list_0, .glyph_id_ofs_list = NULL, .list_length = 904, .type = LV_FONT_FMT_TXT_CMAP_SPARSE_TINY
    }
};



/*--------------------
 *  ALL CUSTOM DATA
 *--------------------*/

#if LVGL_VERSION_MAJOR == 8
/*Store all the custom data of the font*/
static  lv_font_fmt_txt_glyph_cache_t cache;
#endif

#if LVGL_VERSION_MAJOR >= 8
static const lv_font_fmt_txt_dsc_t font_dsc = {
#else
static lv_font_fmt_txt_dsc_t font_dsc = {
#endif
    .glyph_bitmap = glyph_bitmap,
    .glyph_dsc = glyph_dsc,
    .cmaps = cmaps,
    .kern_dsc = NULL,
    .kern_scale = 0,
    .cmap_num = 1,
    .bpp = 4,
    .kern_classes = 0,
    .bitmap_format = 0,
#if LVGL_VERSION_MAJOR == 8
    .cache = &cache
#endif
};



/*-----------------
 *  PUBLIC FONT
 *----------------*/

/*Initialize a public general font descriptor*/
#if LVGL_VERSION_MAJOR >= 8
const lv_font_t lv_font_cn_gb2312_16_5 = {
#else
lv_font_t lv_font_cn_gb2312_16_5 = {
#endif
    .get_glyph_dsc = lv_font_get_glyph_dsc_fmt_txt,    /*Function pointer to get glyph's data*/
    .get_glyph_bitmap = lv_font_get_bitmap_fmt_txt,    /*Function pointer to get glyph's bitmap*/
    .line_height = 17,          /*The maximum line height required by the font*/
    .base_line = 3,             /*Baseline measured from the bottom of the line*/
#if !(LVGL_VERSION_MAJOR == 6 && LVGL_VERSION_MINOR == 0)
    .subpx = LV_FONT_SUBPX_NONE,
#endif
#if LV_VERSION_CHECK(7, 4, 0) || LVGL_VERSION_MAJOR >= 8
    .underline_position = -1,
    .underline_thickness = 1,
#endif
    .dsc = &font_dsc,          /*The custom font data. Will be accessed by `get_glyph_bitmap/dsc` */
#if LV_VERSION_CHECK(8, 2, 0) || LVGL_VERSION_MAJOR >= 9
    .fallback = &lv_font_cn_gb2312_16_6,
#endif
    .user_data = NULL,
};



#endif /*#if LV_FONT_CN_GB2312_16_5*/

