/*******************************************************************************
 * Size: 24 px
 * Bpp: 4
 * Opts: --bpp 4 --size 24 --stride 1 --align 1 --font Alibaba_PuHuiTi_2.0_75_SemiBold_75_SemiBold.ttf --symbols 目录电源量睡眠重启至暗偏适中亮最分钟默认关闭度首页休静音上调下连置可爱猪聪明兔傻狗白天黑夜显示网络表情主题
 --range 32-127 --format lvgl -o lv_font_han_24.c
 ******************************************************************************/

#ifdef __has_include
    #if __has_include("lvgl.h")
        #ifndef LV_LVGL_H_INCLUDE_SIMPLE
            #define LV_LVGL_H_INCLUDE_SIMPLE
        #endif
    #endif
#endif

#ifdef LV_LVGL_H_INCLUDE_SIMPLE
    #include "lvgl.h"
#else
    #include "lvgl/lvgl.h"
#endif



#ifndef LV_FONT_HAN_24
#define LV_FONT_HAN_24 1
#endif

#if LV_FONT_HAN_24

/*-----------------
 *    BITMAPS
 *----------------*/

/*Store the image of the glyphs*/
static LV_ATTRIBUTE_LARGE_CONST const uint8_t glyph_bitmap[] = {
    /* U+0020 " " */

    /* U+0021 "!" */
    0x3f, 0xf8, 0x3, 0xc2, 0x1, 0xf0, 0x81, 0x80,
    0x61, 0x0, 0x18, 0x7, 0xf0, 0x80, 0x4, 0x1c,
    0x3, 0xe5, 0x22, 0x0, 0x2f, 0x64, 0x1, 0x12,
    0xc0, 0xce, 0xd2, 0x40, 0x18, 0x54, 0x40, 0x8c,

    /* U+0022 "\"" */
    0xaf, 0xf2, 0xbf, 0xfa, 0x8, 0x0, 0xc4, 0x0,
    0xef, 0x0, 0x8, 0x80, 0x6, 0x20, 0x3, 0x70,
    0x0, 0x90, 0x0, 0x48, 0x0, 0xce, 0x2, 0x2,
    0x0, 0x32, 0x3, 0x0, 0x8, 0x8,

    /* U+0023 "#" */
    0x0, 0xd7, 0xf8, 0x1, 0x57, 0xf0, 0x7, 0x90,
    0x10, 0x2, 0x40, 0x40, 0xe, 0x30, 0x6, 0x0,
    0x8, 0x43, 0x0, 0x15, 0xfe, 0xc0, 0x5, 0xff,
    0xb4, 0x1, 0x3e, 0x1, 0xff, 0xc4, 0xbd, 0xd1,
    0x1, 0xee, 0xc6, 0x5, 0xba, 0x1, 0x22, 0x18,
    0x29, 0x14, 0x20, 0xe4, 0x40, 0x8, 0x44, 0x1c,
    0x1, 0x10, 0x10, 0x7, 0x10, 0x0, 0x80, 0x4,
    0x0, 0xe0, 0x8, 0x49, 0x0, 0x22, 0x22, 0x0,
    0x44, 0x40, 0xbd, 0x80, 0x5, 0x6e, 0xa4, 0x1,
    0x3b, 0xa0, 0xf, 0xfe, 0x25, 0x78, 0x82, 0xff,
    0xc4, 0x9, 0xff, 0x0, 0x4, 0x41, 0x80, 0x11,
    0x1, 0x80, 0x72, 0x80, 0x14, 0x0, 0x60, 0xc,
    0x0, 0xe3, 0x0, 0x18, 0x1, 0x40, 0xa, 0x1,
    0x80,

    /* U+0024 "$" */
    0x0, 0xed, 0xa0, 0xf, 0xf1, 0x30, 0x7, 0xff,
    0x1d, 0xf7, 0xc0, 0xff, 0x6d, 0x40, 0x17, 0x4,
    0x1, 0x89, 0x34, 0x11, 0x0, 0x50, 0x5, 0x2e,
    0xbe, 0x6, 0x0, 0x97, 0x1, 0x68, 0xa7, 0xf,
    0x0, 0x38, 0x7, 0xee, 0x0, 0x50, 0x7, 0xe4,
    0x0, 0x37, 0x0, 0x88, 0x3, 0x15, 0x0, 0x4,
    0xb, 0xb1, 0x40, 0x25, 0xe9, 0x40, 0x8, 0xea,
    0x40, 0x21, 0x6b, 0x2, 0x70, 0x3, 0x18, 0x7,
    0x86, 0x24, 0x0, 0x80, 0x1f, 0x94, 0x1, 0xe0,
    0x1f, 0x90, 0x1, 0xd5, 0xb7, 0x52, 0x5, 0x70,
    0x0, 0x40, 0x24, 0x56, 0x1, 0x40, 0x3, 0x97,
    0xa1, 0x8, 0x4, 0x4b, 0x70, 0xb, 0x7b, 0xde,
    0x7, 0xb4, 0x80, 0x1f, 0xfc, 0xe0,

    /* U+0025 "%" */
    0x2, 0xbe, 0xe5, 0x98, 0x7, 0x5f, 0xa8, 0x6,
    0xc4, 0x55, 0x26, 0x80, 0x65, 0x44, 0x28, 0x4,
    0x82, 0x77, 0x64, 0x15, 0x0, 0xa0, 0x24, 0x3,
    0x10, 0x28, 0x0, 0xc3, 0x40, 0xe, 0x4c, 0x40,
    0x18, 0x40, 0x40, 0x3c, 0x30, 0x30, 0x1, 0xc2,
    0x4, 0x0, 0x10, 0xf0, 0xb0, 0x81, 0x0, 0xe4,
    0x4, 0x11, 0x38, 0x21, 0xa9, 0x30, 0x7, 0x89,
    0x47, 0xb8, 0x28, 0x7e, 0x1c, 0xd, 0x10, 0x40,
    0xa, 0xa8, 0xee, 0xab, 0x63, 0x53, 0xd9, 0x77,
    0x5c, 0x0, 0x4b, 0x10, 0x50, 0x80, 0xb5, 0x23,
    0xec, 0x7, 0x10, 0xf, 0x40, 0xc0, 0xe8, 0x58,
    0x9a, 0x2, 0x80, 0x71, 0x39, 0x38, 0x10, 0x8,
    0x0, 0x40, 0x40, 0x3a, 0x42, 0x0, 0x6, 0x1,
    0xff, 0x22, 0x4a, 0x0, 0xe0, 0xe0, 0x3, 0x83,
    0x80, 0x69, 0x9, 0x0, 0x94, 0x19, 0x90, 0x46,
    0x40, 0x13, 0x93, 0x10, 0x4, 0x56, 0x52, 0xc9,
    0xa0,

    /* U+0026 "&" */
    0x0, 0xc5, 0x5d, 0xfd, 0x22, 0x1, 0xf9, 0x35,
    0x44, 0x5, 0xb0, 0x3, 0xf4, 0x80, 0x1a, 0xcc,
    0x9, 0x40, 0x3e, 0x20, 0x19, 0x48, 0x0, 0x10,
    0x7, 0xf0, 0x80, 0xc, 0x0, 0x40, 0x1f, 0x20,
    0x1, 0xdd, 0x0, 0x4a, 0x1, 0xf4, 0x0, 0x22,
    0x0, 0x58, 0x1, 0xf9, 0x40, 0x33, 0x68, 0x84,
    0x41, 0x40, 0x2b, 0x90, 0xc, 0xa0, 0x3, 0x77,
    0x68, 0x2, 0x50, 0x13, 0x4c, 0xe, 0x81, 0x0,
    0x1a, 0x2, 0xc0, 0x36, 0x5a, 0x40, 0xb3, 0x20,
    0x2, 0x82, 0x80, 0x14, 0x0, 0x3e, 0x20, 0xc2,
    0xe, 0x0, 0x70, 0x2, 0x8, 0x0, 0xa8, 0x2,
    0x28, 0x0, 0x18, 0x80, 0x3e, 0x1a, 0x68, 0x2,
    0x2a, 0x61, 0xd, 0x0, 0xb, 0xcb, 0x8, 0x20,
    0x1, 0x64, 0x80, 0xf5, 0x88, 0x0, 0x4d, 0xb7,
    0x64, 0x10, 0x10,

    /* U+0027 "'" */
    0xaf, 0xf2, 0x90, 0x1, 0xbc, 0x0, 0x22, 0x0,
    0x19, 0x0, 0x5, 0xc0, 0x40, 0x80, 0xc0,

    /* U+0028 "(" */
    0x0, 0xdd, 0xfe, 0x10, 0xa, 0x4, 0x20, 0x40,
    0x4, 0xe0, 0x2e, 0x1, 0x40, 0x2, 0x0, 0x21,
    0x50, 0x16, 0x0, 0xa4, 0x0, 0xe0, 0x19, 0x0,
    0x1a, 0x1, 0x8c, 0x0, 0xa0, 0x12, 0x0, 0x8,
    0x40, 0x22, 0x0, 0x30, 0x6, 0x10, 0x0, 0x80,
    0x6f, 0x0, 0x18, 0x6, 0xf0, 0x1, 0x80, 0x61,
    0x0, 0x8, 0x6, 0x30, 0x3, 0x0, 0x64, 0x0,
    0x10, 0x6, 0x12, 0x0, 0x20, 0x6, 0x40, 0x6,
    0x80, 0x6b, 0x0, 0x38, 0x6, 0x24, 0x1, 0x50,
    0xd, 0xe0, 0x8, 0x0, 0xc8, 0xa0, 0x4c, 0x1,
    0xac, 0x1, 0x0,

    /* U+0029 ")" */
    0xc, 0xff, 0x18, 0x6, 0xf0, 0x7, 0x0, 0x63,
    0x50, 0x27, 0x0, 0xd2, 0x0, 0x90, 0xc, 0x66,
    0x1, 0x50, 0xd, 0x40, 0x9, 0x0, 0xce, 0x0,
    0x30, 0xc, 0x22, 0x0, 0x20, 0x6, 0x40, 0x6,
    0x0, 0x62, 0x0, 0x8, 0x6, 0xf0, 0x1, 0x80,
    0x61, 0x0, 0x8, 0x6, 0x10, 0x0, 0x80, 0x6f,
    0x0, 0x18, 0x6, 0x20, 0x7, 0x0, 0x64, 0x0,
    0x20, 0x4, 0x42, 0x0, 0x30, 0x9, 0x0, 0x8,
    0x1, 0xa8, 0x1, 0xe0, 0x11, 0x98, 0x9, 0x0,
    0x28, 0x0, 0x40, 0x4, 0x88, 0x4, 0x50, 0xa,
    0x40, 0x12, 0x1, 0x0,

    /* U+002A "*" */
    0x0, 0xdb, 0xf4, 0x1, 0xf9, 0x80, 0x80, 0x3a,
    0xad, 0x8, 0x3d, 0x72, 0x0, 0xa, 0x96, 0xc1,
    0x14, 0x6a, 0x3, 0xa, 0x40, 0x11, 0xb5, 0x80,
    0xbd, 0x38, 0x5, 0x72, 0xc0, 0x14, 0xa8, 0x48,
    0x43, 0x0, 0x42, 0xa0, 0xec, 0x81, 0xa0, 0x10,
    0xe3, 0xc8, 0x4c, 0xac, 0x0,

    /* U+002B "+" */
    0x0, 0xe7, 0xff, 0x8, 0x7, 0xff, 0x7c, 0xa2,
    0x36, 0x0, 0x22, 0x33, 0xb3, 0xbe, 0x40, 0x3,
    0x3b, 0xd0, 0x1, 0xff, 0xc1, 0x4f, 0xfd, 0x0,
    0xe, 0xff, 0xc0, 0x1f, 0xfe, 0x80,

    /* U+002C "," */
    0x0, 0xd, 0xda, 0x40, 0x4, 0x88, 0x30, 0x2,
    0x80, 0x30, 0x1, 0xa0, 0x7, 0x1, 0x40, 0x61,
    0x6, 0x0, 0x58, 0x2, 0x41, 0xc8, 0x0,

    /* U+002D "-" */
    0x26, 0x6f, 0x2a, 0x4c, 0xfa, 0xc0, 0x3f, 0x0,

    /* U+002E "." */
    0x7, 0xcb, 0x40, 0x83, 0x4f, 0x0, 0xf2, 0x0,
    0x34,

    /* U+002F "/" */
    0x0, 0xf0, 0xff, 0x8c, 0x3, 0xcc, 0x4, 0x60,
    0x1e, 0xb0, 0xa0, 0xf, 0x11, 0x82, 0x80, 0x7a,
    0x80, 0xc8, 0x3, 0xcc, 0x14, 0x1, 0xe4, 0x10,
    0x70, 0xf, 0x68, 0x20, 0x80, 0x79, 0x83, 0x80,
    0x3c, 0xa0, 0x2a, 0x1, 0xee, 0x7, 0x0, 0xf0,
    0xa0, 0x50, 0x7, 0x9c, 0x4, 0xc0, 0x3d, 0x40,
    0xc0, 0x1e, 0x23, 0xa, 0x0, 0xf2, 0x81, 0x90,
    0x7, 0xa8, 0x2c, 0x3, 0xc6, 0x40, 0xc0, 0x1e,

    /* U+0030 "0" */
    0x0, 0xc, 0xef, 0xfb, 0x64, 0x80, 0x23, 0xf6,
    0x20, 0x1, 0x36, 0x18, 0x3, 0x84, 0x5, 0x54,
    0x20, 0x3c, 0x8, 0x40, 0x3f, 0x54, 0xf1, 0x2,
    0x4c, 0x0, 0x30, 0x80, 0x6, 0x40, 0x18, 0x60,
    0xc, 0x0, 0xc6, 0x0, 0x36, 0x0, 0x38, 0x6,
    0x60, 0x3, 0x0, 0x42, 0x1, 0xf1, 0x80, 0x7f,
    0xf0, 0xc4, 0x3, 0xe3, 0x60, 0x3, 0x80, 0x66,
    0x0, 0x31, 0x0, 0xc, 0x3, 0x18, 0x0, 0xb4,
    0x1, 0x20, 0x1a, 0x80, 0x1a, 0x84, 0x3, 0xd5,
    0x4e, 0x20, 0x24, 0xe, 0x10, 0x15, 0x50, 0x80,
    0x38, 0x0, 0x78, 0xc4, 0x0, 0x26, 0xd3, 0x0,

    /* U+0031 "1" */
    0x14, 0x7a, 0xdf, 0xf4, 0x5d, 0xa1, 0x48, 0x3,
    0xc4, 0x40, 0xa, 0x73, 0xf5, 0x0, 0x23, 0x30,
    0x7, 0xff, 0xfc, 0x3, 0xff, 0x8e,

    /* U+0032 "2" */
    0x5, 0xbd, 0xef, 0xf6, 0x40, 0x80, 0x5e, 0x84,
    0x20, 0x3, 0x7f, 0x20, 0x1, 0x99, 0x9d, 0xc8,
    0x0, 0x1e, 0x0, 0x4e, 0x4c, 0x42, 0xe8, 0x0,
    0x62, 0x1, 0xf2, 0x80, 0x46, 0x1, 0xff, 0x18,
    0x7, 0xca, 0x0, 0x21, 0x0, 0xf0, 0xd8, 0x2,
    0x0, 0x3c, 0x38, 0x20, 0xaa, 0x0, 0xe2, 0xc2,
    0x4, 0xa0, 0xe, 0x4c, 0x20, 0x5b, 0x0, 0xe7,
    0xb1, 0x8, 0xa0, 0xc, 0x37, 0x0, 0x36, 0xe0,
    0x1d, 0x48, 0x0, 0x4d, 0x99, 0xe6, 0x0, 0xca,
    0xcd, 0xed, 0x0, 0xff, 0xe0, 0x0,

    /* U+0033 "3" */
    0x6, 0xce, 0xff, 0x75, 0xb8, 0x6, 0xc3, 0x10,
    0x0, 0xa4, 0x68, 0x80, 0x9, 0x9e, 0x20, 0xa0,
    0x2, 0x90, 0x4, 0x4c, 0x3b, 0xaa, 0x40, 0x8,
    0x1, 0xf8, 0x80, 0xe, 0x1, 0xe2, 0x69, 0x0,
    0x78, 0x4, 0xff, 0xed, 0x92, 0x25, 0xa0, 0x7,
    0xf3, 0x0, 0x72, 0xdd, 0x4a, 0x2, 0x5b, 0x0,
    0x44, 0x8a, 0xd7, 0x60, 0x4, 0x0, 0x7e, 0x41,
    0x1, 0x20, 0xf, 0xf8, 0x40, 0x3e, 0x71, 0x0,
    0x1a, 0xdc, 0xc4, 0x27, 0x60, 0x0, 0xa0, 0x68,
    0xce, 0xe6, 0x20, 0x2, 0x50, 0x11, 0x4, 0x2,
    0x25, 0xab, 0x0, 0x0,

    /* U+0034 "4" */
    0x0, 0xfa, 0xff, 0xe2, 0x0, 0xfc, 0xe8, 0x1,
    0xff, 0x1c, 0x0, 0x7f, 0xf0, 0x38, 0xc, 0xc0,
    0x1f, 0xd4, 0x41, 0xc0, 0x1f, 0xcc, 0xa1, 0x24,
    0x1, 0xf8, 0xa4, 0x11, 0x80, 0x3f, 0xb8, 0x6,
    0x80, 0x3f, 0xa0, 0xc2, 0x84, 0x3, 0xf1, 0xb8,
    0x32, 0x0, 0x7f, 0x38, 0x1, 0xbf, 0xf1, 0x80,
    0x37, 0xc0, 0x3f, 0xf8, 0x6c, 0xef, 0xf0, 0x80,
    0x19, 0xc0, 0xa2, 0x3e, 0x20, 0x5, 0xc0, 0x7,
    0xff, 0x44,

    /* U+0035 "5" */
    0x0, 0x7f, 0xfe, 0x70, 0x0, 0x80, 0x7f, 0xc4,
    0x0, 0x36, 0x6e, 0x30, 0x3, 0x0, 0x26, 0x7c,
    0x80, 0xd, 0x0, 0x38, 0x7, 0xe2, 0x0, 0x9,
    0x98, 0x40, 0x39, 0x80, 0x19, 0x97, 0x6b, 0x0,
    0x44, 0x1, 0xe2, 0x98, 0x0, 0x56, 0xff, 0xbb,
    0x10, 0x0, 0xe4, 0x8, 0x40, 0x1, 0x3b, 0x20,
    0x2, 0x0, 0x7e, 0x40, 0x7, 0x0, 0x7e, 0x30,
    0x7, 0x80, 0x7c, 0x8a, 0x0, 0x40, 0xc9, 0x88,
    0x4e, 0x58, 0x0, 0xcc, 0x6, 0xce, 0xe6, 0x30,
    0x1, 0xe8, 0x0, 0xc4, 0x2, 0x25, 0xac, 0x10,

    /* U+0036 "6" */
    0x0, 0xe5, 0x9d, 0xe9, 0x0, 0xe4, 0xda, 0x62,
    0x10, 0xe, 0x6b, 0x20, 0x2, 0x2e, 0x0, 0x47,
    0x20, 0x35, 0xf7, 0x4a, 0x1, 0x78, 0xf, 0xa8,
    0x7, 0x88, 0xc1, 0xe7, 0x7f, 0xd8, 0xa0, 0x4,
    0x0, 0x33, 0x90, 0x0, 0xea, 0x43, 0xc0, 0x26,
    0xab, 0x70, 0x3, 0x19, 0x0, 0x1e, 0x55, 0x22,
    0x0, 0xa, 0x70, 0x5, 0x0, 0x65, 0x0, 0x10,
    0x7, 0xe2, 0x0, 0x3b, 0x0, 0x18, 0x3, 0x10,
    0x1, 0xf0, 0x1, 0xe0, 0x1a, 0x0, 0x18, 0xc2,
    0x9, 0x8e, 0xec, 0x50, 0x3, 0x5, 0x0, 0xe,
    0x20, 0x60, 0xb, 0x10, 0x4d, 0x62, 0x0, 0x13,
    0x6a, 0x0,

    /* U+0037 "7" */
    0xbf, 0xff, 0xf3, 0x80, 0x7f, 0xf0, 0x35, 0x9b,
    0xe3, 0x0, 0xb, 0x4c, 0xfc, 0x20, 0x4, 0x0,
    0xf9, 0x48, 0x14, 0x80, 0x3e, 0x80, 0x4, 0x80,
    0x7c, 0xa4, 0x8, 0x60, 0x1f, 0x48, 0x2, 0x0,
    0x3e, 0x43, 0x3, 0x30, 0x7, 0xd0, 0x0, 0x80,
    0xf, 0x90, 0xc0, 0xd0, 0x3, 0xe8, 0x0, 0x48,
    0x7, 0xc8, 0x60, 0x4a, 0x1, 0xf4, 0x0, 0x20,
    0x3, 0xe4, 0x30, 0x25, 0x0, 0xfa, 0x0, 0x16,
    0x1, 0xe0,

    /* U+0038 "8" */
    0x0, 0x25, 0xf7, 0xfb, 0xad, 0x40, 0x28, 0xb4,
    0x10, 0x0, 0xa5, 0x48, 0x13, 0x80, 0x1e, 0xa8,
    0xe0, 0x6, 0x34, 0x0, 0x4c, 0x2a, 0xa2, 0x40,
    0xa, 0x60, 0x3, 0x0, 0xc6, 0x0, 0x35, 0x10,
    0x84, 0x0, 0x24, 0x0, 0xa0, 0x69, 0x12, 0xff,
    0xd6, 0x47, 0xa2, 0x2, 0xc0, 0x1e, 0x61, 0x1,
    0xc4, 0x7, 0xaa, 0x38, 0x2e, 0x14, 0x8, 0x5c,
    0x2a, 0xa2, 0xc0, 0x6d, 0x0, 0x8, 0x1, 0x90,
    0x41, 0xcc, 0x4, 0x3, 0xf8, 0x80, 0x50, 0x3,
    0x20, 0x81, 0xd8, 0x2, 0xe9, 0xdd, 0x56, 0x0,
    0xa7, 0x40, 0x2, 0xc4, 0x14, 0x0, 0x8e, 0x17,
    0x48, 0x20, 0x1, 0x4a, 0xb0,

    /* U+0039 "9" */
    0x0, 0x14, 0xef, 0xfb, 0x60, 0x40, 0x26, 0xd6,
    0x20, 0x1, 0x3f, 0x98, 0x14, 0x80, 0x12, 0x20,
    0x60, 0x3c, 0x16, 0x0, 0x8b, 0x77, 0x62, 0x81,
    0x2a, 0x80, 0xc, 0x1, 0xa4, 0x1, 0x80, 0x10,
    0x80, 0x61, 0x0, 0x13, 0x80, 0x10, 0x3, 0x20,
    0x5, 0xa0, 0xa, 0x73, 0x48, 0x90, 0x9, 0x90,
    0x6, 0x32, 0xdc, 0x2, 0x10, 0xb9, 0x30, 0x0,
    0xb4, 0x0, 0x34, 0x0, 0xd9, 0xfe, 0xe9, 0xc0,
    0x2, 0x0, 0x7c, 0xa8, 0x4, 0x60, 0x1c, 0x31,
    0x40, 0x8, 0x0, 0x96, 0x73, 0x9c, 0x0, 0xca,
    0x1, 0x63, 0x18, 0x0, 0x66, 0x40, 0x1c, 0x24,
    0xb3, 0xcc, 0x1, 0x0,

    /* U+003A ":" */
    0xc, 0xfe, 0x52, 0x30, 0x1c, 0x0, 0xe2, 0x73,
    0x4a, 0x8, 0xcb, 0x30, 0xf, 0xfe, 0x4c, 0x65,
    0x99, 0x39, 0xa5, 0x0, 0x71, 0x18, 0xe, 0x80,

    /* U+003B ";" */
    0x0, 0x67, 0xf2, 0x81, 0x18, 0xe, 0x0, 0x7c,
    0x4e, 0x69, 0x40, 0x8, 0xcb, 0x30, 0xf, 0xfe,
    0x73, 0x5d, 0x90, 0x1, 0xe8, 0x87, 0x0, 0x20,
    0x0, 0xc0, 0x48, 0x18, 0x0, 0xc0, 0xa, 0x0,
    0x48, 0x21, 0x83, 0x8, 0x48, 0x0,

    /* U+003C "<" */
    0x0, 0xff, 0x85, 0xc0, 0x3f, 0x92, 0xba, 0x0,
    0x3c, 0x2f, 0xb6, 0xa0, 0x20, 0x19, 0x2b, 0xa0,
    0x80, 0xa3, 0xc0, 0x5f, 0x6d, 0x40, 0xd, 0x9a,
    0xe2, 0x7d, 0x4, 0x7, 0x3f, 0x26, 0x1, 0x38,
    0x1, 0xb7, 0x18, 0x3, 0xf8, 0x9c, 0x3, 0xf3,
    0x8, 0x25, 0x74, 0x98, 0x7, 0x17, 0x5a, 0x0,
    0xb6, 0x61, 0x80, 0x39, 0x2f, 0x9c, 0x40, 0xe7,
    0xe8, 0xc0, 0x30, 0xc7, 0x5a, 0x0, 0x17, 0x0,
    0x3e, 0x4b, 0xe7, 0x10, 0xf, 0xf0, 0xc7, 0x58,

    /* U+003D "=" */
    0x28, 0x8f, 0xfe, 0x3, 0x3b, 0xff, 0xf0, 0x0,
    0x3f, 0xf8, 0x29, 0xff, 0xff, 0xc0, 0x0, 0xff,
    0xe7, 0x14, 0x47, 0xff, 0x1, 0x9d, 0xff, 0xf8,
    0x0, 0x1f, 0xfc, 0x10,

    /* U+003E ">" */
    0x25, 0x0, 0xff, 0x9a, 0xba, 0x8, 0x3, 0xf3,
    0x80, 0xbe, 0xda, 0x80, 0x78, 0xf5, 0x84, 0x12,
    0xba, 0x8, 0x3, 0x14, 0xf5, 0x20, 0xb, 0xed,
    0xa8, 0x7, 0x2d, 0xeb, 0x88, 0x25, 0x68, 0x7,
    0x8a, 0x3a, 0xd0, 0x8, 0x3, 0xf0, 0x9b, 0x0,
    0x7e, 0x5b, 0xe8, 0x20, 0x40, 0x8, 0xa3, 0xa9,
    0x0, 0x5b, 0x6c, 0x17, 0x35, 0xc4, 0xe, 0x7a,
    0x48, 0x12, 0x8c, 0x0, 0xdb, 0x8c, 0x1, 0xe3,
    0x9f, 0x92, 0x0, 0xf2, 0xee, 0x30, 0x7, 0xf0,

    /* U+003F "?" */
    0xa, 0xde, 0xff, 0x75, 0xa0, 0x0, 0x54, 0x84,
    0x0, 0x29, 0x6a, 0x2, 0x24, 0x66, 0x20, 0x5,
    0x0, 0xe, 0xb9, 0x95, 0xc8, 0x0, 0x80, 0x3e,
    0x50, 0xf, 0xf2, 0x0, 0xc, 0x3, 0xcb, 0x0,
    0x9, 0x0, 0xe7, 0xa0, 0x4, 0xa8, 0x6, 0x48,
    0x1, 0xc6, 0x0, 0xed, 0x0, 0x61, 0x80, 0x78,
    0x48, 0xc8, 0x3, 0xe8, 0xdc, 0x0, 0xfc, 0xd3,
    0x2, 0x1, 0xe1, 0x96, 0x76, 0x0, 0xf1, 0x80,
    0x5e, 0x1, 0xe2, 0x30, 0x1c, 0x0, 0xc0,

    /* U+0040 "@" */
    0x0, 0xf2, 0x4e, 0xf7, 0xf6, 0x49, 0x80, 0x7e,
    0x4d, 0xb6, 0x21, 0x1, 0x36, 0xcc, 0x8, 0x7,
    0x45, 0x90, 0x2d, 0x66, 0xe4, 0xa0, 0x1f, 0x90,
    0x5, 0xe, 0x9, 0xd4, 0xa6, 0x46, 0xd7, 0x60,
    0x1e, 0x0, 0x23, 0x83, 0x58, 0x80, 0x7c, 0x94,
    0x6, 0x81, 0x20, 0x72, 0x0, 0x6d, 0xfe, 0x6d,
    0xf5, 0x51, 0x6, 0xa1, 0x4, 0x0, 0x2a, 0x48,
    0x6, 0x48, 0x10, 0x1c, 0xb, 0x40, 0x50, 0x19,
    0x41, 0xff, 0x44, 0x4, 0x40, 0x60, 0xe8, 0x8,
    0x0, 0xb0, 0x48, 0x2, 0x40, 0x50, 0xc, 0xe6,
    0x4, 0x2, 0x41, 0xc0, 0x13, 0x1, 0x80, 0x8,
    0x8, 0x43, 0xc0, 0xc0, 0xc, 0x0, 0x23, 0xd,
    0x0, 0x20, 0x60, 0x87, 0x81, 0x0, 0x2c, 0xb,
    0x80, 0x18, 0x12, 0x4, 0xa4, 0x6, 0x0, 0x50,
    0x7f, 0xd3, 0x30, 0x37, 0xb0, 0x48, 0x20, 0x20,
    0x85, 0x30, 0x81, 0x4e, 0x40, 0x81, 0xe2, 0x5,
    0x0, 0x20, 0x1, 0x3d, 0xfa, 0xc0, 0xfd, 0xf8,
    0x60, 0x2, 0x60, 0x68, 0x0, 0xff, 0xe1, 0xc9,
    0x83, 0xeb, 0x98, 0x80, 0x4, 0xde, 0x40, 0x3d,
    0x8e, 0x5, 0x19, 0xdf, 0xee, 0xc8, 0x40, 0xf,
    0xa3, 0x9c, 0xc0, 0x38, 0x52, 0xc0, 0x3f, 0xc,
    0x67, 0xf7, 0x5f, 0xd6, 0xc0, 0x18,

    /* U+0041 "A" */
    0x0, 0xf6, 0x7f, 0xd8, 0x1, 0xff, 0x19, 0x80,
    0x23, 0x20, 0xf, 0xf5, 0x0, 0x4, 0x1, 0x60,
    0x1f, 0xe6, 0x0, 0x68, 0x1, 0xc0, 0x3f, 0x94,
    0x0, 0xa6, 0x80, 0x2a, 0x1, 0xfa, 0x40, 0x1c,
    0x1c, 0x0, 0xe0, 0xf, 0x88, 0xc0, 0x90, 0x14,
    0x41, 0x8, 0x3, 0xd4, 0x0, 0xa0, 0x9, 0xc0,
    0x14, 0x1, 0xe6, 0x0, 0x30, 0x5, 0x40, 0x6,
    0x0, 0xe5, 0x10, 0x7, 0x7f, 0xd8, 0x0, 0x14,
    0x0, 0xdc, 0x1, 0xff, 0x70, 0x4, 0x28, 0x0,
    0x66, 0xf8, 0x0, 0xa2, 0x0, 0x60, 0x2, 0xcc,
    0xfc, 0x60, 0x6, 0x0, 0x48, 0x3, 0x80, 0x3e,
    0xa0, 0x5, 0x2, 0x8, 0xa, 0x0, 0x7c, 0xe0,
    0x2, 0x3e, 0x0, 0x38, 0x7, 0xe1, 0x40, 0x5,
    0x0,

    /* U+0042 "B" */
    0xf, 0xff, 0xb6, 0x90, 0x3, 0xfc, 0x4b, 0x6e,
    0x1, 0xcc, 0xee, 0x51, 0x0, 0x40, 0x7, 0x44,
    0x55, 0x80, 0x11, 0x80, 0x7e, 0x22, 0x0, 0x1c,
    0x3, 0xf8, 0x80, 0xa, 0x1, 0x91, 0xa, 0xfa,
    0x0, 0x61, 0x0, 0xd5, 0x75, 0x4, 0x13, 0x20,
    0xf, 0xfa, 0x64, 0x1, 0xdd, 0xfe, 0xea, 0x0,
    0x33, 0x0, 0x3e, 0x15, 0x80, 0x6, 0x80, 0x7f,
    0x10, 0x1, 0xc0, 0x3f, 0xbc, 0x0, 0xe0, 0x1a,
    0x22, 0x9c, 0x50, 0x6, 0x0, 0x66, 0x77, 0x31,
    0x80, 0xd, 0xc0, 0x3f, 0xa, 0x4e, 0x0,

    /* U+0043 "C" */
    0x0, 0xcb, 0x5b, 0xff, 0x6d, 0x10, 0x0, 0xb2,
    0x94, 0x80, 0x22, 0x56, 0x1, 0xf3, 0x0, 0x8d,
    0x10, 0x40, 0x14, 0x10, 0x2, 0x3f, 0x2e, 0xdb,
    0xe8, 0xc, 0x0, 0x67, 0x0, 0xf8, 0xc0, 0x2b,
    0x0, 0xfc, 0xa0, 0x11, 0x0, 0x7e, 0x10, 0x0,
    0x80, 0x7f, 0xf2, 0x84, 0x0, 0x20, 0x1f, 0xc4,
    0x1, 0x10, 0x7, 0xe4, 0x0, 0xa8, 0x3, 0xf9,
    0x40, 0xe, 0xc0, 0x1c, 0x22, 0x8, 0x0, 0xa7,
    0xf2, 0xf3, 0x79, 0x80, 0xac, 0x40, 0x23, 0x43,
    0x20, 0xc, 0x9f, 0x8, 0x20, 0x1, 0x36, 0x50,

    /* U+0044 "D" */
    0xf, 0xff, 0xb6, 0xd8, 0x3, 0xff, 0x80, 0x49,
    0x3c, 0x60, 0x1e, 0x55, 0x90, 0x40, 0x3, 0xa4,
    0x1, 0xd7, 0x54, 0xbe, 0x90, 0x0, 0xc0, 0x7,
    0xf9, 0x9c, 0x0, 0xa0, 0x1f, 0xf4, 0x80, 0x46,
    0x1, 0xfe, 0x11, 0x0, 0x18, 0x3, 0xfe, 0x20,
    0x1, 0x80, 0x7f, 0xc2, 0x1, 0xff, 0xc2, 0x30,
    0x1, 0x80, 0x7f, 0x84, 0x40, 0x6, 0x0, 0xff,
    0x48, 0x0, 0x4c, 0x3, 0xf9, 0xdc, 0x0, 0x60,
    0xe, 0xaa, 0xb3, 0xe0, 0x0, 0x52, 0x1, 0xc8,
    0xaa, 0x30, 0x8, 0xfc, 0x40, 0x3f, 0x89, 0x6b,
    0x8, 0x0,

    /* U+0045 "E" */
    0xf, 0xff, 0xed, 0x0, 0xff, 0xe2, 0xa2, 0x7c,
    0x1, 0xd5, 0x77, 0xd2, 0x1, 0xff, 0xd1, 0x89,
    0x9e, 0x30, 0xe, 0x66, 0xf8, 0x3, 0xff, 0x8b,
    0xdf, 0xfc, 0xa0, 0x1f, 0xfd, 0xda, 0xbb, 0xf1,
    0x80, 0x64, 0x4f, 0x9c, 0x3, 0xff, 0x80,

    /* U+0046 "F" */
    0xf, 0xff, 0xed, 0x0, 0xff, 0xe1, 0xa2, 0x7c,
    0x1, 0xaa, 0xef, 0xa4, 0x3, 0xff, 0x9d, 0x57,
    0x7c, 0x60, 0x19, 0x13, 0xcc, 0x1, 0xff, 0xc3,
    0xef, 0xfe, 0x50, 0xf, 0xff, 0xb0,

    /* U+0047 "G" */
    0x0, 0xc9, 0x3b, 0xdf, 0xee, 0xc9, 0x10, 0x0,
    0xe5, 0xb1, 0x8, 0x0, 0x4d, 0x8c, 0x7, 0xc,
    0x2, 0x34, 0x41, 0x90, 0x5, 0x24, 0x0, 0x7f,
    0xcb, 0xb6, 0x6f, 0x10, 0x38, 0x1, 0x60, 0x3,
    0xc2, 0x6, 0x1, 0x48, 0x7, 0xf2, 0x80, 0x46,
    0x1, 0x4c, 0xf4, 0x8, 0x0, 0x40, 0x21, 0x66,
    0xe5, 0x0, 0xff, 0xe1, 0x8, 0x0, 0x40, 0x21,
    0xff, 0x70, 0x4, 0x40, 0x11, 0x0, 0x7f, 0x20,
    0x5, 0x40, 0x1f, 0xe4, 0x0, 0x3a, 0x80, 0x7f,
    0x48, 0x5, 0x5d, 0x75, 0x4d, 0x0, 0xc5, 0x62,
    0x0, 0x14, 0x55, 0x18, 0x7, 0x27, 0xca, 0x10,
    0x4, 0x46, 0xd0,

    /* U+0048 "H" */
    0xf, 0xf8, 0x40, 0x3d, 0x9f, 0xe6, 0x0, 0xff,
    0xff, 0x80, 0x6e, 0xff, 0xf1, 0x80, 0x7f, 0xf2,
    0x99, 0xbe, 0x10, 0xf, 0xa2, 0x67, 0xc4, 0x1,
    0xff, 0xff, 0x0, 0xff, 0xe3, 0x0,

    /* U+0049 "I" */
    0xf, 0xf8, 0x40, 0x3f, 0xff, 0xe0,

    /* U+004A "J" */
    0x0, 0xef, 0xf8, 0x40, 0x3f, 0xff, 0xe0, 0x1f,
    0xff, 0x42, 0x0, 0x84, 0x3, 0x50, 0x0, 0x40,
    0x13, 0x16, 0xe0, 0x6, 0x0, 0x33, 0xa0, 0x0,
    0xe0, 0x0, 0x20, 0x3, 0x8c, 0x0, 0x0,

    /* U+004B "K" */
    0xf, 0xf8, 0x40, 0x31, 0xff, 0xd0, 0x1, 0xfc,
    0x5a, 0x0, 0x58, 0x0, 0xfc, 0x3e, 0x20, 0x74,
    0x1, 0xfd, 0x44, 0x5, 0xa0, 0x1f, 0xd2, 0x80,
    0x38, 0x20, 0x1f, 0x9d, 0x80, 0x18, 0x20, 0x1f,
    0xba, 0x0, 0x16, 0x40, 0x1f, 0xfc, 0x1, 0x40,
    0xf, 0xf3, 0x8, 0xd, 0x0, 0x7f, 0xa2, 0x80,
    0xa, 0xc0, 0x1f, 0xe4, 0x70, 0x4, 0x90, 0x7,
    0xfa, 0xc, 0x1, 0xe0, 0x1f, 0xf7, 0x0, 0xa,
    0x80, 0x3f, 0xc5, 0x20, 0x5, 0x50, 0x7, 0xf9,
    0x90, 0x1, 0x44, 0x1, 0xfe, 0xa1, 0x0, 0x78,
    0x0,

    /* U+004C "L" */
    0xf, 0xf8, 0x40, 0x3f, 0xff, 0xe0, 0x1f, 0xff,
    0x7a, 0xbb, 0xea, 0x0, 0xc8, 0x9e, 0x50, 0xf,
    0xf8,

    /* U+004D "M" */
    0xf, 0xfe, 0x30, 0xe, 0x5f, 0xfd, 0x80, 0x1e,
    0xa0, 0xe, 0xe0, 0xf, 0xf9, 0xc0, 0x30, 0xa0,
    0x7, 0xf2, 0x80, 0xa0, 0x4, 0xe0, 0x5, 0x0,
    0xfb, 0x80, 0x1a, 0x1, 0x50, 0xf, 0x80, 0x7c,
    0x82, 0xe, 0x0, 0x23, 0x7, 0x0, 0xfe, 0x60,
    0x14, 0x5, 0x0, 0x50, 0x7, 0xf5, 0x0, 0x38,
    0x28, 0x8, 0xc0, 0x3f, 0x88, 0xc1, 0x4c, 0x81,
    0x40, 0x3f, 0xeb, 0x0, 0x70, 0x2, 0x80, 0x3f,
    0xe6, 0x0, 0x10, 0x19, 0x0, 0x7f, 0xc2, 0x80,
    0x15, 0x0, 0x7f, 0xf0, 0x7c, 0xce, 0x70, 0xf,
    0xfe, 0xa, 0x66, 0x42, 0x1, 0xff, 0xde,

    /* U+004E "N" */
    0xf, 0xfe, 0x10, 0xe, 0xff, 0x84, 0x3, 0xd2,
    0x1, 0xff, 0xc3, 0x71, 0x0, 0xff, 0xe0, 0x20,
    0x2, 0x40, 0x3f, 0xf8, 0x10, 0x0, 0x71, 0x0,
    0xff, 0x89, 0x80, 0x12, 0x1, 0xff, 0xc0, 0x80,
    0x3, 0x88, 0x7, 0xfc, 0x2c, 0x0, 0x90, 0xf,
    0xfe, 0x4, 0x0, 0x1c, 0x40, 0x3f, 0xe1, 0x70,
    0x4, 0x80, 0x7f, 0xf0, 0x24, 0x0, 0xe2, 0x1,
    0xff, 0xb, 0x80, 0x20, 0x3, 0xff, 0x81, 0x20,
    0x6, 0x0, 0xff, 0xe0, 0xb, 0x80, 0x7f, 0xf0,
    0xe0, 0x40, 0x3f, 0xf8, 0x72, 0x1, 0xc0,

    /* U+004F "O" */
    0x0, 0x8a, 0x33, 0xbf, 0xdd, 0x6e, 0x20, 0x1c,
    0xba, 0xe6, 0x20, 0x1, 0x48, 0xf4, 0x0, 0x8e,
    0x80, 0x24, 0x66, 0x20, 0x0, 0x6c, 0x80, 0x10,
    0x0, 0x2e, 0xb9, 0x95, 0xe8, 0x80, 0x2c, 0x5,
    0x0, 0x12, 0x20, 0x18, 0xa0, 0x0, 0xc0, 0xa0,
    0x12, 0x0, 0x79, 0xc0, 0x22, 0x20, 0x0, 0x80,
    0x3e, 0x10, 0x9, 0x84, 0x3, 0xff, 0x84, 0x20,
    0x10, 0x80, 0x7f, 0xf0, 0x4, 0x0, 0x20, 0x1f,
    0xf0, 0x90, 0x0, 0x80, 0x3e, 0x10, 0x9, 0x94,
    0x2, 0x40, 0xf, 0x38, 0x4, 0x42, 0x60, 0x9,
    0x10, 0xc, 0x50, 0x0, 0x50, 0x7, 0x80, 0xb,
    0xae, 0x6b, 0x34, 0x40, 0x10, 0x0, 0x39, 0x0,
    0x91, 0x94, 0xc0, 0x2b, 0x20, 0x9, 0xb5, 0xcc,
    0x40, 0x2, 0x71, 0xc8, 0x0,

    /* U+0050 "P" */
    0xf, 0xff, 0xb6, 0x90, 0x3, 0xfc, 0x4b, 0x70,
    0x1, 0xcc, 0xee, 0x50, 0x9, 0xcc, 0x3, 0x44,
    0x55, 0xc2, 0x0, 0xb0, 0xf, 0xc2, 0x80, 0x2,
    0x0, 0xfe, 0x20, 0xf, 0xfe, 0x1, 0x80, 0xc,
    0x3, 0xe2, 0x74, 0x0, 0x60, 0x6, 0xef, 0xf6,
    0xc0, 0x0, 0x94, 0x3, 0xfc, 0x98, 0x1, 0xcc,
    0xee, 0x8a, 0xdb, 0x10, 0xe, 0x88, 0x9d, 0x48,
    0x3, 0xff, 0xd6,

    /* U+0051 "Q" */
    0x0, 0x8a, 0x33, 0xbf, 0xdd, 0x6e, 0x20, 0x1c,
    0xba, 0xe6, 0x20, 0x1, 0x48, 0xf4, 0x0, 0x8e,
    0x80, 0x24, 0x66, 0x20, 0x0, 0x6c, 0x80, 0x10,
    0x0, 0x2e, 0xb9, 0x95, 0xe8, 0x80, 0x2c, 0x5,
    0x0, 0x12, 0x20, 0x18, 0xa0, 0x0, 0xc0, 0xa0,
    0x12, 0x0, 0x79, 0xc0, 0x22, 0x20, 0x0, 0x80,
    0x3e, 0x10, 0x9, 0x84, 0x3, 0xff, 0x84, 0x20,
    0x10, 0x80, 0x7f, 0xf0, 0x4, 0x0, 0x20, 0x1f,
    0xf0, 0x90, 0x0, 0x80, 0x3e, 0x10, 0x9, 0x94,
    0x2, 0x40, 0xf, 0x38, 0x4, 0x42, 0x60, 0x9,
    0x10, 0xc, 0x50, 0x0, 0x50, 0x4, 0x0, 0xb,
    0xae, 0x6b, 0x34, 0x40, 0x10, 0x0, 0x49, 0x0,
    0x91, 0x94, 0xc0, 0x2b, 0x20, 0x9, 0xb5, 0xcc,
    0x40, 0x33, 0xf2, 0x0, 0x71, 0x46, 0x77, 0xa0,
    0x0, 0x44, 0x1, 0xff, 0x50, 0x83, 0x38, 0x7,
    0xfc, 0x34, 0x0, 0x85, 0x0, 0x0,

    /* U+0052 "R" */
    0xf, 0xff, 0x76, 0xc9, 0x80, 0x7f, 0xc2, 0x4d,
    0x8c, 0x1, 0xf3, 0x3b, 0x94, 0x40, 0x12, 0x20,
    0x1e, 0x88, 0xab, 0xc4, 0x0, 0xe0, 0x1f, 0xe1,
    0x70, 0x7, 0x0, 0x7f, 0xf3, 0x9c, 0x1, 0xc0,
    0x1e, 0x75, 0x67, 0xd1, 0x0, 0x38, 0x7, 0xa6,
    0xa6, 0x8, 0x1, 0x42, 0x1, 0xff, 0x26, 0xa8,
    0x7, 0xdd, 0xf2, 0x0, 0x53, 0x0, 0xff, 0x32,
    0x0, 0xd0, 0x7, 0xfd, 0x42, 0x8, 0xe0, 0x1f,
    0xe1, 0xb0, 0x4, 0x20, 0x7, 0xf9, 0x58, 0x1,
    0x42, 0x1, 0xfe, 0x92, 0x1, 0xa0,

    /* U+0053 "S" */
    0x0, 0x25, 0x6f, 0xfb, 0xb6, 0xd0, 0x1, 0x16,
    0xa4, 0x0, 0x12, 0x4d, 0x3, 0x70, 0x0, 0xab,
    0x29, 0x88, 0x1, 0x0, 0x7, 0xd5, 0x35, 0x9d,
    0x21, 0xe0, 0x4, 0x0, 0xfd, 0xe0, 0x4, 0x0,
    0xfc, 0xa0, 0x3, 0xfa, 0x61, 0x0, 0xc5, 0x40,
    0x12, 0xcf, 0x62, 0x80, 0x4b, 0xd2, 0xa2, 0x0,
    0x3a, 0x90, 0x8, 0x5a, 0xbb, 0x14, 0x0, 0xc4,
    0x1, 0xe3, 0xa2, 0x0, 0x20, 0x7, 0xe6, 0x0,
    0x84, 0x3, 0xc4, 0xa0, 0x3, 0xaf, 0xcb, 0xaa,
    0x66, 0x88, 0x1, 0x0, 0x6, 0x8a, 0xa3, 0x0,
    0xa8, 0x74, 0xc4, 0x2, 0x13, 0x6d, 0x50,

    /* U+0054 "T" */
    0x9f, 0xff, 0xfa, 0x80, 0x3f, 0xf8, 0x3e, 0x89,
    0x80, 0x24, 0x4d, 0xad, 0x77, 0x50, 0x5, 0x57,
    0x73, 0x80, 0x7f, 0xff, 0xc0, 0x3f, 0xff, 0xe0,
    0x1e,

    /* U+0055 "U" */
    0x1f, 0xf8, 0x3, 0xeb, 0xff, 0x30, 0x7, 0xff,
    0xfc, 0x3, 0xff, 0xe8, 0x20, 0x1e, 0x70, 0x8,
    0x40, 0x22, 0x0, 0xf1, 0x0, 0xc, 0x8, 0x1,
    0xe2, 0x1, 0xa0, 0x40, 0x8, 0x14, 0x0, 0x3e,
    0xca, 0xbe, 0x70, 0x2, 0x8, 0x3a, 0x80, 0x46,
    0xa8, 0x20, 0x3, 0xa0, 0xa, 0xad, 0x48, 0x2,
    0x25, 0xac, 0x10,

    /* U+0056 "V" */
    0x7f, 0xf7, 0x0, 0x7e, 0xaf, 0xf4, 0xa8, 0x0,
    0x50, 0x3, 0xe5, 0x0, 0x51, 0x18, 0x3, 0x40,
    0x3c, 0xa0, 0x2, 0x30, 0xa0, 0x3, 0x80, 0x7b,
    0xc0, 0x14, 0x0, 0x70, 0x0, 0xa0, 0x7, 0x28,
    0x1, 0x40, 0x2, 0x80, 0xd, 0x0, 0xca, 0x0,
    0x32, 0x0, 0xb8, 0x0, 0xe0, 0x1b, 0x80, 0x14,
    0x1, 0x94, 0x0, 0x28, 0x1, 0x20, 0x1, 0xc0,
    0x39, 0x40, 0x1a, 0x0, 0x60, 0x2, 0x88, 0x7,
    0x70, 0x1, 0xc0, 0x1a, 0x0, 0xe0, 0xf, 0x20,
    0x80, 0xa0, 0xa0, 0xa, 0x0, 0x7c, 0xc0, 0xd,
    0x70, 0x3, 0x80, 0x7e, 0xb0, 0x3, 0xd0, 0x2,
    0x80, 0x3f, 0x19, 0x0, 0x98, 0x11, 0x80, 0x7f,
    0x50, 0x6, 0xa0, 0xf, 0xf2, 0x80, 0x65, 0x0,
    0xe0,

    /* U+0057 "W" */
    0x6f, 0xf7, 0x0, 0x7f, 0xf0, 0x9f, 0xfd, 0x68,
    0x0, 0x11, 0x0, 0x63, 0x55, 0x80, 0x3b, 0x0,
    0x18, 0x42, 0x0, 0x40, 0xd, 0xd5, 0x52, 0x0,
    0x65, 0x0, 0x18, 0x28, 0x3, 0x40, 0x21, 0x20,
    0xb, 0x0, 0x22, 0x10, 0x2, 0x6, 0x0, 0x10,
    0x2, 0x40, 0xc, 0x80, 0x13, 0x80, 0xc, 0x0,
    0x80, 0x3, 0x0, 0xb0, 0x0, 0x60, 0x60, 0x16,
    0x80, 0x10, 0x0, 0x60, 0x11, 0x0, 0x10, 0x12,
    0xc0, 0x8, 0x0, 0x40, 0x6, 0x0, 0x46, 0x0,
    0x40, 0x22, 0x6, 0x20, 0x3, 0x0, 0x6, 0x0,
    0x40, 0x9, 0x0, 0x1e, 0x8, 0x0, 0x53, 0x10,
    0x40, 0x30, 0x1, 0x80, 0x6c, 0x0, 0x20, 0x60,
    0x9, 0x2, 0x1, 0x8a, 0x80, 0x14, 0x3, 0x28,
    0x0, 0x81, 0x1, 0x0, 0x18, 0x0, 0x4c, 0x0,
    0x60, 0x6, 0x12, 0x0, 0x30, 0x87, 0x80, 0x10,
    0x1, 0x8e, 0x0, 0x40, 0xe, 0x40, 0x4, 0x0,
    0x10, 0x0, 0x42, 0xe, 0x40, 0x42, 0x1, 0xde,
    0x0, 0x10, 0x21, 0x0, 0x9c, 0x4, 0x0, 0x80,
    0x1e, 0x40, 0xc, 0xa0, 0x1b, 0x0, 0x36, 0x0,
    0x78, 0x84, 0x2, 0xc0, 0xc, 0x80, 0x19, 0x0,
    0x20,

    /* U+0058 "X" */
    0xd, 0xff, 0x60, 0x7, 0xa3, 0xfd, 0xc2, 0x12,
    0x0, 0x35, 0x0, 0xc4, 0xe0, 0xb, 0x10, 0x45,
    0x0, 0x58, 0x6, 0xe0, 0x2, 0x28, 0x5, 0x62,
    0x3, 0x0, 0x5, 0x30, 0x5, 0x0, 0x61, 0xb0,
    0x3, 0x88, 0x58, 0x2, 0x44, 0x3, 0x95, 0x0,
    0x17, 0x22, 0x8, 0xc0, 0x1f, 0x48, 0x1, 0x58,
    0x1, 0x20, 0x1f, 0x89, 0xc0, 0x34, 0x10, 0x7,
    0xf1, 0x0, 0x6b, 0x0, 0xfe, 0x55, 0x0, 0x63,
    0x60, 0xf, 0x86, 0xc0, 0x11, 0x0, 0x4, 0x88,
    0x7, 0xac, 0x40, 0xdd, 0xc4, 0x0, 0xb0, 0xe,
    0x45, 0x0, 0x78, 0x2, 0x40, 0xa, 0x80, 0x1a,
    0x80, 0xc, 0x60, 0x4, 0x50, 0x5, 0x0, 0x52,
    0x20, 0x32, 0x1, 0xa0, 0x0, 0x30, 0x6, 0xc0,
    0xb, 0x0, 0xe2, 0x70, 0x3, 0x98,

    /* U+0059 "Y" */
    0x9f, 0xf8, 0x40, 0x3d, 0x3f, 0xee, 0x9, 0x10,
    0x5, 0x80, 0x71, 0x30, 0x2, 0x80, 0x16, 0x0,
    0x53, 0x0, 0xd2, 0x0, 0x54, 0x0, 0x2a, 0x0,
    0x3c, 0x2, 0x54, 0x1, 0xb0, 0xd, 0x40, 0x3,
    0x60, 0x5, 0x80, 0x20, 0x40, 0x30, 0xc8, 0x2,
    0x2, 0x4, 0x11, 0x80, 0x3c, 0xc6, 0x3, 0x4e,
    0x0, 0x90, 0xf, 0xdc, 0x0, 0x50, 0x4, 0x10,
    0x7, 0xe2, 0x70, 0x8, 0xdc, 0x3, 0xfd, 0x0,
    0x14, 0x0, 0x7f, 0xf0, 0x4, 0x0, 0xe0, 0x1f,
    0xff, 0xf0, 0xf, 0xf8,

    /* U+005A "Z" */
    0x3f, 0xff, 0xfb, 0x0, 0x3f, 0xf8, 0x62, 0x67,
    0xf8, 0x3, 0x8b, 0x33, 0xe6, 0x0, 0xbc, 0x3,
    0xf3, 0xa8, 0x2, 0x8c, 0x3, 0xe4, 0x80, 0x4,
    0x28, 0x7, 0xc5, 0x60, 0x5, 0x70, 0xf, 0x87,
    0x0, 0x7, 0x40, 0x1f, 0xb4, 0x40, 0x74, 0x3,
    0xf5, 0x18, 0x3, 0x4, 0x3, 0xe7, 0x50, 0x5,
    0x90, 0x7, 0xcb, 0x0, 0x8, 0x40, 0xf, 0x8e,
    0x80, 0xc, 0xe0, 0x1f, 0xa0, 0x2, 0x5c, 0xcf,
    0xca, 0x1, 0x8c, 0xff, 0xc0, 0x1f, 0xfc, 0x20,

    /* U+005B "[" */
    0x5f, 0xfe, 0x0, 0xff, 0x8a, 0x64, 0x1, 0x99,
    0xa0, 0xf, 0xff, 0xf8, 0x7, 0xff, 0x75, 0x9a,
    0x0, 0xc5, 0x32, 0x0, 0xfc,

    /* U+005C "\\" */
    0x6f, 0xf0, 0x80, 0x7e, 0x61, 0x6, 0x0, 0xfe,
    0x60, 0x90, 0xf, 0xe9, 0x1, 0x50, 0xf, 0xc2,
    0xa1, 0x20, 0x1f, 0xd0, 0x6, 0x60, 0xf, 0xc4,
    0x81, 0x20, 0x1f, 0xde, 0xa, 0x20, 0x1f, 0x90,
    0x82, 0x40, 0x3f, 0xac, 0x18, 0x3, 0xf9, 0x80,
    0x58, 0x3, 0xf9, 0xc2, 0xc0, 0x3f, 0xa8, 0x9,
    0x0, 0x3f, 0x12, 0x87, 0x80, 0x7f, 0x48, 0x21,
    0x0, 0x7e, 0x33, 0x5, 0x80, 0x7f, 0x48, 0x30,
    0x80, 0x7e, 0x51, 0x6, 0x0, 0xfe, 0x90, 0x90,
    0xf, 0xe6, 0x1, 0x50, 0xf, 0xc3, 0x4e, 0x0,

    /* U+005D "]" */
    0x6f, 0xfe, 0x0, 0xf2, 0x4c, 0x0, 0x44, 0xcc,
    0x0, 0xff, 0xff, 0x80, 0x7f, 0xf3, 0x9, 0x98,
    0x1, 0x24, 0xc0, 0x7, 0xf0,

    /* U+005E "^" */
    0x0, 0x87, 0xfe, 0xb0, 0xf, 0x98, 0x2, 0x42,
    0x0, 0xf4, 0x83, 0x8, 0x58, 0x7, 0x20, 0x85,
    0x30, 0x30, 0x7, 0x78, 0x19, 0xa4, 0x0, 0xc0,
    0x11, 0x20, 0x50, 0xa, 0x5, 0x0, 0x54, 0x0,
    0x60, 0x7, 0x1, 0x98, 0x0, 0xc0, 0xc0, 0x12,
    0x88, 0x50, 0x28, 0x85, 0x0, 0x66, 0x6, 0x10,

    /* U+005F "_" */
    0x11, 0xff, 0xe0, 0x77, 0x7f, 0xf0, 0x0, 0x3f,
    0xf8, 0x0,

    /* U+0060 "`" */
    0x28, 0x83, 0x80, 0x8, 0x5e, 0x18, 0x1, 0x2a,
    0x12, 0x20, 0xa, 0x50, 0xb0,

    /* U+0061 "a" */
    0x0, 0xb3, 0xfe, 0xec, 0x81, 0x0, 0xc4, 0x1,
    0x9, 0xbf, 0x88, 0x4, 0xcf, 0x10, 0x60, 0x0,
    0xc0, 0x5, 0x10, 0x77, 0x4c, 0x80, 0xa, 0x1,
    0xf9, 0x0, 0x2, 0x3, 0x1b, 0xff, 0xb4, 0x2,
    0x2f, 0x72, 0x0, 0xfd, 0x2, 0x7, 0x7b, 0xdc,
    0xc0, 0x9, 0xc0, 0x1c, 0x84, 0x23, 0x0, 0x7f,
    0xd4, 0x1, 0x30, 0x2, 0x8, 0x52, 0x9c, 0x2,
    0x80, 0x2, 0xef, 0x5a, 0x98, 0x4, 0x78, 0x82,
    0x2, 0x73, 0x82, 0x0,

    /* U+0062 "b" */
    0x1f, 0xf7, 0x0, 0x7f, 0xfe, 0xe3, 0x7f, 0xda,
    0xe0, 0x1f, 0x5b, 0x90, 0x0, 0xa3, 0x0, 0x38,
    0x51, 0xaa, 0xd8, 0x0, 0x6e, 0x1, 0xd3, 0x25,
    0x49, 0x70, 0x5, 0x0, 0x73, 0x0, 0x6a, 0x0,
    0x10, 0x6, 0x20, 0xe, 0x20, 0x8, 0x40, 0x21,
    0x0, 0xff, 0xe0, 0x88, 0x7, 0xf0, 0x80, 0x44,
    0x1, 0xc4, 0x1, 0xf9, 0xc0, 0x35, 0x0, 0xc,
    0x3, 0xa2, 0x95, 0x52, 0xe0, 0xa, 0x0, 0xc6,
    0x8b, 0x54, 0x60, 0x2, 0x30, 0x6, 0x6b, 0x72,
    0x0, 0x1c, 0x58, 0x0,

    /* U+0063 "c" */
    0x0, 0x14, 0xef, 0xfb, 0xb6, 0x41, 0x35, 0x88,
    0x0, 0x24, 0x81, 0x40, 0x1, 0x68, 0x76, 0x68,
    0x40, 0x7e, 0x5e, 0x26, 0xf0, 0x0, 0xc2, 0x1,
    0xc2, 0x0, 0xd0, 0xf, 0x38, 0x0, 0x40, 0x3c,
    0xe0, 0x1, 0x0, 0xf0, 0x80, 0x34, 0x3, 0xd8,
    0x0, 0x61, 0x0, 0xe6, 0x10, 0x1f, 0x98, 0x85,
    0x60, 0x50, 0x0, 0x59, 0xdc, 0xa4, 0x9, 0xac,
    0x40, 0x11, 0x38,

    /* U+0064 "d" */
    0x0, 0xfe, 0x8f, 0xf3, 0x80, 0x7f, 0xfa, 0x8e,
    0xfb, 0xfa, 0x8c, 0x3, 0x9b, 0x10, 0x40, 0x57,
    0xc, 0x2, 0x19, 0x0, 0x1d, 0x5c, 0xa, 0x0,
    0x4e, 0x0, 0x2c, 0x54, 0x7c, 0x0, 0xd8, 0x0,
    0x50, 0xc, 0x48, 0x1, 0x8, 0x3, 0x40, 0x38,
    0xc0, 0x27, 0x0, 0xfd, 0xe0, 0x1f, 0xfc, 0x46,
    0x0, 0x10, 0x7, 0x70, 0x5, 0xa0, 0xb, 0x0,
    0xe7, 0x0, 0x94, 0x0, 0x72, 0x42, 0x76, 0x20,
    0x11, 0x38, 0x1, 0xb7, 0xb1, 0x14, 0x3, 0x45,
    0x20, 0x80, 0xa6, 0x70, 0x4,

    /* U+0065 "e" */
    0x0, 0x14, 0xef, 0xfb, 0xad, 0x40, 0x24, 0xd6,
    0x20, 0x0, 0xa5, 0x48, 0x2, 0x80, 0x9, 0x57,
    0x22, 0xc, 0x8c, 0x20, 0x96, 0xa8, 0xd4, 0x0,
    0xdc, 0x0, 0x70, 0x6, 0x40, 0x1, 0x8, 0x3,
    0x22, 0xaf, 0x34, 0x0, 0xce, 0x0, 0x67, 0x54,
    0x32, 0x0, 0xb, 0x80, 0x1e, 0xab, 0xef, 0x10,
    0x7, 0x2a, 0xfc, 0x78, 0x0, 0xb0, 0xf, 0xcc,
    0x20, 0x5d, 0xc, 0xc8, 0xbf, 0x20, 0xa0, 0x0,
    0xbc, 0xc9, 0xd0, 0x2, 0x4d, 0x62, 0x0, 0x89,
    0x64, 0x80,

    /* U+0066 "f" */
    0x0, 0xd1, 0xbd, 0xf6, 0x1, 0x5b, 0x90, 0x83,
    0x80, 0xd, 0x0, 0x67, 0x38, 0x0, 0x80, 0x7,
    0x63, 0x20, 0x7, 0x80, 0x3c, 0x2, 0xaf, 0x70,
    0x4, 0xff, 0x88, 0x3, 0xfa, 0x69, 0x0, 0xd,
    0x54, 0x23, 0x52, 0x0, 0x7a, 0xa8, 0x3, 0xff,
    0xfe, 0x1, 0xf0,

    /* U+0067 "g" */
    0x0, 0x1d, 0x77, 0xf5, 0x1b, 0xff, 0x9c, 0x17,
    0x14, 0x40, 0x57, 0x34, 0x2, 0x1a, 0x0, 0x1d,
    0x5c, 0x92, 0x80, 0x4e, 0x0, 0x2c, 0x54, 0x6c,
    0x0, 0xd8, 0x0, 0x50, 0xc, 0x2c, 0x1, 0x8,
    0x3, 0x40, 0x3b, 0x80, 0x27, 0x0, 0xfc, 0x20,
    0x1f, 0xfc, 0x1, 0x0, 0x98, 0x1, 0xa0, 0x1d,
    0xc0, 0x16, 0x80, 0x14, 0x3, 0x9c, 0x2, 0x50,
    0x1, 0x62, 0x1b, 0x68, 0x80, 0x45, 0x0, 0x3,
    0xbc, 0x92, 0x40, 0xc, 0xf6, 0x82, 0x2, 0x98,
    0x60, 0x1c, 0x97, 0xdf, 0xd6, 0x66, 0x0, 0x10,
    0x7, 0xe3, 0x40, 0x2, 0x0, 0x25, 0xd9, 0x5a,
    0xb0, 0x0, 0xa2, 0x0, 0x78, 0x9a, 0x95, 0x0,
    0x25, 0x0, 0x48, 0x40, 0x11, 0x2d, 0x58, 0x0,

    /* U+0068 "h" */
    0x1f, 0xf7, 0x0, 0x7f, 0xfd, 0xa3, 0x7f, 0xda,
    0xe0, 0x1e, 0xc7, 0x20, 0x1, 0x44, 0x80, 0x61,
    0x34, 0x77, 0x10, 0x1, 0x84, 0x3, 0x45, 0xc4,
    0x34, 0x2, 0x20, 0xc, 0xe0, 0x18, 0xc0, 0xe,
    0x1, 0x8, 0x7, 0x38, 0x7, 0xff, 0xfc, 0x3,
    0xff, 0x8e,

    /* U+0069 "i" */
    0x2e, 0xfc, 0x7, 0x10, 0x30, 0x60, 0x0, 0x81,
    0xf6, 0xf0, 0x0, 0x48, 0x0, 0x5f, 0xed, 0x0,
    0xff, 0xf8, 0x80,

    /* U+006A "j" */
    0x0, 0x8b, 0xbf, 0x0, 0x33, 0x88, 0x18, 0x6,
    0x60, 0x0, 0x80, 0x63, 0xed, 0xe0, 0xe, 0x12,
    0x0, 0xe2, 0xff, 0x68, 0x7, 0xff, 0xfc, 0x3,
    0xff, 0xaa, 0xe0, 0x6, 0x2, 0x45, 0x80, 0x1,
    0x82, 0x5d, 0x10, 0x2, 0x40, 0x30, 0xae, 0x88,
    0x0,

    /* U+006B "k" */
    0x1f, 0xf7, 0x0, 0x7f, 0xfe, 0x7, 0xbf, 0xd0,
    0x1, 0xfa, 0x84, 0x12, 0x0, 0x3e, 0x74, 0x2,
    0xa0, 0xf, 0x8e, 0x0, 0x1e, 0x20, 0x1e, 0x1d,
    0x0, 0x59, 0x0, 0x78, 0x78, 0x42, 0x10, 0x3,
    0xfe, 0x20, 0xf, 0xc3, 0x0, 0xa, 0x20, 0xf,
    0xce, 0xa0, 0xe, 0x0, 0xfe, 0xb1, 0x3, 0x90,
    0xf, 0xc3, 0x40, 0x6, 0x50, 0xf, 0xc8, 0xc0,
    0xb, 0x10, 0xf, 0xd2, 0x40, 0x3a, 0x0,

    /* U+006C "l" */
    0x2f, 0xf7, 0x0, 0x7f, 0xff, 0xc0, 0x38, 0xc0,
    0x38, 0x40, 0x2, 0xea, 0x6, 0x0, 0x89, 0xe,
    0x40, 0x3, 0x80,

    /* U+006D "m" */
    0x1f, 0xf7, 0xc, 0xf7, 0xf5, 0x10, 0x25, 0xf7,
    0xf4, 0x88, 0x7, 0x63, 0x8, 0xa, 0xe3, 0xda,
    0x8, 0xb, 0x60, 0x6, 0x12, 0x58, 0x50, 0x0,
    0xc0, 0x34, 0x28, 0x0, 0x94, 0x3, 0x55, 0x1e,
    0x98, 0x2, 0xc9, 0x7a, 0x50, 0x6, 0x0, 0x42,
    0xa0, 0x16, 0x0, 0xc, 0xc0, 0x16, 0x0, 0xc,
    0x3, 0xf0, 0x80, 0x1c, 0x3, 0x18, 0x7, 0xff,
    0xfc, 0x3, 0xff, 0xf0,

    /* U+006E "n" */
    0x1f, 0xf7, 0x4, 0x6f, 0xfb, 0x5c, 0x3, 0xd8,
    0xe4, 0x0, 0x28, 0x90, 0xc, 0x26, 0x8e, 0xe2,
    0x0, 0x30, 0x80, 0x68, 0xb8, 0x86, 0x80, 0x44,
    0x1, 0xb, 0x80, 0x63, 0x0, 0x38, 0x7, 0xf3,
    0x80, 0x7f, 0xff, 0xc0, 0x3f, 0xf8, 0xe0,

    /* U+006F "o" */
    0x0, 0x14, 0xef, 0xfb, 0xb2, 0x4, 0x2, 0x4d,
    0x62, 0x0, 0x9, 0xbf, 0x90, 0x2, 0x80, 0x9,
    0x57, 0x24, 0x3, 0xe0, 0xc2, 0x7, 0x6a, 0x8d,
    0xa2, 0x4, 0x78, 0x0, 0xb0, 0xe, 0x70, 0x2,
    0x8, 0x0, 0x80, 0x3b, 0x80, 0x1c, 0xe0, 0x1,
    0x0, 0xfc, 0x6e, 0x0, 0x10, 0xf, 0xc6, 0x20,
    0x2, 0x0, 0xee, 0x0, 0x76, 0x0, 0x2c, 0x3,
    0x9c, 0x0, 0x6c, 0x20, 0x78, 0xc8, 0xd8, 0x20,
    0x48, 0x14, 0x0, 0x39, 0xb9, 0x30, 0x1f, 0x0,
    0x26, 0xb1, 0x0, 0x46, 0xfe, 0x40,

    /* U+0070 "p" */
    0x1f, 0xf7, 0x4, 0x6f, 0xfb, 0x5c, 0x3, 0xeb,
    0x72, 0x0, 0x14, 0x60, 0x7, 0xa, 0x35, 0x5b,
    0x0, 0xd, 0xc0, 0x3a, 0x64, 0xa9, 0x2e, 0x0,
    0xa0, 0xe, 0x60, 0xd, 0x40, 0x2, 0x0, 0xc4,
    0x1, 0xc4, 0x1, 0x8, 0x4, 0x20, 0x1f, 0xfc,
    0x11, 0x0, 0xfe, 0x10, 0x8, 0x80, 0x38, 0x80,
    0x3f, 0x38, 0x6, 0xa0, 0x1, 0x80, 0x74, 0x52,
    0xaa, 0x5c, 0x1, 0x40, 0x18, 0x51, 0x6a, 0x8c,
    0x0, 0x46, 0x0, 0xeb, 0x72, 0x0, 0x1c, 0x58,
    0x7, 0xd1, 0xbf, 0xec, 0x70, 0xf, 0xff, 0x78,

    /* U+0071 "q" */
    0x0, 0x1d, 0xf7, 0xf5, 0x1c, 0x7f, 0x9c, 0x1b,
    0x10, 0x40, 0x57, 0xc, 0x2, 0x19, 0x0, 0x1d,
    0x5c, 0xa, 0x0, 0x4e, 0x0, 0x2c, 0x54, 0x7c,
    0x0, 0xd8, 0x0, 0x50, 0xc, 0x4a, 0x1, 0x8,
    0x3, 0x40, 0x38, 0x80, 0x27, 0x0, 0xfd, 0xe0,
    0x1f, 0xfc, 0xf, 0x0, 0x98, 0x1, 0xa0, 0x1c,
    0x40, 0x16, 0x80, 0x14, 0x3, 0xa, 0x80, 0x4a,
    0x0, 0x2c, 0x65, 0x7f, 0x0, 0xc4, 0xe0, 0x3,
    0x9a, 0x81, 0x50, 0xd, 0x14, 0x82, 0x2, 0xba,
    0x40, 0x1c, 0xb7, 0xdf, 0xd4, 0x40, 0x1f, 0xfe,
    0xc0,

    /* U+0072 "r" */
    0x1f, 0xf7, 0x3, 0xef, 0x80, 0x74, 0xc1, 0x0,
    0x70, 0xb0, 0xb4, 0x80, 0x71, 0xf4, 0xb0, 0x7,
    0x70, 0x7, 0xc2, 0x40, 0x1f, 0xff, 0x70,

    /* U+0073 "s" */
    0x0, 0x46, 0x7f, 0xbb, 0x64, 0x1, 0xae, 0x60,
    0x1, 0x24, 0x6, 0x20, 0x3a, 0xba, 0x8a, 0xe,
    0x0, 0x42, 0xa2, 0xbb, 0x83, 0xc0, 0x1a, 0x20,
    0x1c, 0xa0, 0x6, 0xec, 0x72, 0x0, 0x15, 0x98,
    0x0, 0xe3, 0x5c, 0x0, 0x99, 0xd4, 0x80, 0x8,
    0x20, 0x8, 0x56, 0xd8, 0x0, 0xe0, 0x1e, 0xe0,
    0x1, 0xcc, 0x9d, 0x54, 0xf2, 0x0, 0x52, 0x68,
    0xaa, 0x40, 0x82, 0x1e, 0x18, 0x80, 0x4, 0xe6,
    0xc0,

    /* U+0074 "t" */
    0x0, 0x77, 0xf8, 0x40, 0x3f, 0xf8, 0xd7, 0xe2,
    0x0, 0xef, 0xf0, 0x7, 0xef, 0x91, 0x0, 0x44,
    0xd2, 0x30, 0x4, 0xcc, 0x50, 0xf, 0xfe, 0xf1,
    0x80, 0xc, 0x3, 0x30, 0x2, 0x55, 0x40, 0xd,
    0x0, 0x25, 0x58, 0x1, 0xa0, 0x80, 0x6,

    /* U+0075 "u" */
    0x3f, 0xf6, 0x0, 0x77, 0x7f, 0x84, 0x3, 0xff,
    0xfe, 0x1, 0xff, 0xc7, 0x10, 0xf, 0xe2, 0x0,
    0x10, 0x6, 0x41, 0x0, 0x84, 0x2, 0xb4, 0x43,
    0xd8, 0x7, 0x38, 0x1, 0x2e, 0xd0, 0x22, 0x0,
    0xd1, 0x26, 0x0, 0x16, 0xc4, 0x0, 0x80,

    /* U+0076 "v" */
    0xaf, 0xf4, 0x80, 0x70, 0xff, 0xc5, 0xe0, 0x7,
    0x0, 0xe7, 0x0, 0x19, 0x28, 0x80, 0x98, 0x6,
    0xd0, 0x5, 0x0, 0x1c, 0x1, 0x60, 0x10, 0xa0,
    0x1, 0x80, 0x14, 0x0, 0x60, 0x9, 0xc0, 0xa,
    0x1, 0x19, 0x0, 0x98, 0x3, 0x40, 0x1c, 0x1,
    0xa8, 0x1, 0x60, 0x28, 0x2, 0x80, 0x19, 0x40,
    0xc, 0xe, 0x0, 0x70, 0xe, 0x23, 0x1, 0x3d,
    0x0, 0x50, 0x7, 0xa8, 0x1, 0x28, 0x4, 0x60,
    0x1e, 0x60, 0x2, 0x80, 0x28, 0x3, 0xf2, 0x80,
    0x66, 0x0, 0xfd, 0xc0, 0x12, 0x8, 0x6,

    /* U+0077 "w" */
    0x6f, 0xf5, 0x80, 0x68, 0xff, 0x88, 0x3, 0x7f,
    0xc2, 0x80, 0x5, 0x0, 0xc8, 0x1, 0x20, 0x4,
    0x80, 0x3, 0x12, 0x10, 0x12, 0x0, 0x9, 0x80,
    0x5a, 0x1, 0x18, 0x2, 0xc0, 0xe, 0x0, 0x40,
    0x2, 0x0, 0x8, 0x10, 0x2, 0xc0, 0x2, 0x0,
    0x30, 0x1, 0xe0, 0xc, 0x0, 0x58, 0x0, 0xc0,
    0x8, 0x2, 0x60, 0x4, 0x0, 0x20, 0x1, 0x1,
    0x1c, 0x0, 0x80, 0x40, 0x4, 0x0, 0x84, 0x80,
    0x84, 0x44, 0x1a, 0x24, 0x16, 0x8, 0x0, 0xc0,
    0xc, 0xa0, 0x5, 0x70, 0x2, 0x2, 0x1, 0x86,
    0x0, 0x1c, 0x3, 0x60, 0x3, 0x30, 0x2, 0x41,
    0x80, 0x4, 0x70, 0x21, 0x0, 0xc8, 0x0, 0x44,
    0x2, 0x0, 0x10, 0x1, 0xc4, 0x8, 0x1, 0xe4,
    0x3, 0x10, 0xf0, 0x0, 0x98, 0x28, 0x3, 0x40,
    0x3d, 0x80, 0x19, 0x0, 0x24, 0x0, 0xc8, 0x1,
    0xe4, 0x0, 0x88, 0x40, 0x2c, 0x0, 0x90, 0x3,
    0x0,

    /* U+0078 "x" */
    0x2f, 0xf9, 0x40, 0x35, 0x7f, 0xb0, 0xa, 0x0,
    0x16, 0x1, 0x1a, 0x80, 0x38, 0x0, 0xe6, 0x3,
    0x0, 0xe, 0x0, 0x41, 0x0, 0x5c, 0x0, 0x72,
    0x72, 0x3, 0x70, 0xc, 0x50, 0x0, 0xe8, 0x0,
    0x70, 0x7, 0x9c, 0x80, 0xc0, 0x10, 0x40, 0x1f,
    0x50, 0x6, 0x60, 0xf, 0x86, 0x40, 0x35, 0x80,
    0x7d, 0x42, 0xc, 0x20, 0xaa, 0x0, 0xe6, 0x40,
    0x19, 0xb0, 0x5, 0x88, 0x4, 0x52, 0x0, 0xb0,
    0x54, 0x1, 0xb0, 0xa, 0x40, 0x8, 0xa0, 0x9,
    0x0, 0x2a, 0x81, 0x90, 0x1, 0x40, 0x11, 0x40,
    0x2, 0xc4,

    /* U+0079 "y" */
    0xaf, 0xf4, 0x80, 0x7b, 0xfe, 0x2e, 0x0, 0x30,
    0x7, 0x28, 0x0, 0xc9, 0x4, 0x0, 0x80, 0x1b,
    0xc0, 0x14, 0x0, 0x60, 0x7, 0x0, 0x65, 0x0,
    0x38, 0x2, 0x40, 0xa, 0x1, 0x20, 0x1, 0x44,
    0x0, 0x28, 0x0, 0x50, 0x6, 0x80, 0x38, 0x3,
    0x70, 0x3, 0xc0, 0xe, 0x2, 0x80, 0x19, 0x44,
    0x14, 0xc, 0x41, 0xc0, 0x3c, 0xc0, 0x5, 0xa0,
    0x5, 0x0, 0x7a, 0x80, 0x1c, 0xe0, 0x46, 0x1,
    0xe2, 0x30, 0x41, 0xa, 0x0, 0xfd, 0x40, 0x19,
    0x40, 0x3f, 0x30, 0x4, 0x84, 0x1, 0xfc, 0x20,
    0xe, 0x0, 0xfe, 0x81, 0x2, 0x50, 0xf, 0x14,
    0xeb, 0x80, 0x24, 0x3, 0xe6, 0x61, 0x0, 0x21,
    0x0, 0x3f, 0x89, 0x71, 0xc0, 0x3e,

    /* U+007A "z" */
    0x6f, 0xff, 0xe6, 0x0, 0xff, 0x92, 0x23, 0x90,
    0x2, 0x52, 0x77, 0xc8, 0x80, 0x4, 0x18, 0x6,
    0x1d, 0x0, 0x2b, 0x80, 0x76, 0x88, 0x1d, 0x0,
    0x74, 0x98, 0xe, 0x80, 0x73, 0x30, 0x1, 0xa2,
    0x1, 0x8e, 0x40, 0x14, 0x60, 0x18, 0x74, 0x0,
    0xea, 0x1, 0xd4, 0x20, 0x14, 0x47, 0x3b, 0x0,
    0x4e, 0xfe, 0xa0, 0xf, 0xf8,

    /* U+007B "{" */
    0x0, 0xcd, 0x9e, 0xa0, 0x14, 0xc8, 0xc0, 0x31,
    0x30, 0x2, 0x50, 0x0, 0xe0, 0x5, 0x61, 0x0,
    0x18, 0x0, 0xc0, 0x30, 0x80, 0x7f, 0xf3, 0x84,
    0x3, 0xfe, 0x5a, 0x0, 0x60, 0x0, 0x68, 0x86,
    0x50, 0x3, 0x87, 0x40, 0x21, 0xe4, 0x4, 0x60,
    0x8, 0x70, 0x1, 0xc0, 0x1f, 0x8, 0x7, 0xff,
    0x20, 0x40, 0x3f, 0xf8, 0x6a, 0x0, 0x76, 0x10,
    0x1, 0xa0, 0xc, 0xa0, 0x5, 0x70, 0x60, 0x0,

    /* U+007C "|" */
    0xcf, 0xd0, 0xf, 0xff, 0xb0,

    /* U+007D "}" */
    0x5f, 0xc6, 0x0, 0xc6, 0x7, 0x32, 0x0, 0x9e,
    0x40, 0xc, 0x20, 0x1, 0x65, 0x0, 0x20, 0x6,
    0x30, 0x1, 0x80, 0x7f, 0xf6, 0x4, 0x0, 0x20,
    0x1b, 0x0, 0x14, 0xa0, 0x12, 0x48, 0x95, 0x8,
    0x5, 0xa2, 0x1, 0xcc, 0x80, 0x9c, 0x20, 0xf,
    0x0, 0x68, 0x80, 0x7f, 0xf5, 0xcc, 0x0, 0x60,
    0x1, 0x65, 0x0, 0x38, 0x1, 0xe4, 0x0, 0xa4,
    0x0, 0x30, 0x38, 0xa0, 0x8,

    /* U+007E "~" */
    0x0, 0x8d, 0x8, 0x3, 0x8, 0x80, 0x22, 0xdc,
    0xbd, 0xb2, 0x0, 0x37, 0x70, 0x1, 0x24, 0x1,
    0x26, 0xcb, 0x48, 0x20, 0xa, 0x4, 0x74, 0x88,
    0x34, 0x88, 0x48, 0x1a, 0x13, 0xb, 0x7b, 0x88,
    0x15, 0x18, 0x0,

    /* U+4E0A "上" */
    0x0, 0xfe, 0x55, 0x8, 0x7, 0xff, 0x18, 0x6a,
    0x88, 0x1, 0xff, 0xff, 0x0, 0xff, 0xf6, 0x57,
    0xff, 0xda, 0x1, 0xff, 0xc9, 0x30, 0xf, 0xfe,
    0xb, 0x4c, 0xfd, 0x60, 0x1f, 0xfc, 0x1c, 0x66,
    0xf9, 0x40, 0x3f, 0xff, 0xe0, 0x1f, 0xff, 0xf0,
    0xf, 0xfe, 0x87, 0x7f, 0xfd, 0xc0, 0xa, 0xff,
    0xfe, 0x30, 0xf, 0xfe, 0x55, 0xcc, 0xff, 0xf2,
    0x8,

    /* U+4E0B "下" */
    0x8f, 0xff, 0xfe, 0x40, 0x88, 0x3, 0xff, 0x93,
    0x53, 0x3f, 0x40, 0x1, 0x26, 0x7f, 0x84, 0xd9,
    0xbf, 0x0, 0x31, 0x9b, 0xf8, 0x3, 0xff, 0xae,
    0xe2, 0x1, 0xff, 0xc7, 0xb8, 0xf5, 0x0, 0xff,
    0xe4, 0xd, 0x48, 0x7, 0xff, 0x16, 0xf0, 0x81,
    0xb4, 0xc0, 0x3f, 0xf8, 0x87, 0x88, 0x5, 0x8c,
    0x1, 0xff, 0xc4, 0x1b, 0x80, 0x4, 0xb8, 0x7,
    0xff, 0x15, 0xec, 0x0, 0x80, 0x1f, 0xfc, 0x64,
    0xd8, 0x30, 0xf, 0xfe, 0x39, 0x38, 0x7, 0xff,
    0xfc, 0x3, 0xff, 0xe0,

    /* U+4E2D "中" */
    0x0, 0xfc, 0x97, 0x40, 0x1f, 0xfc, 0x42, 0x45,
    0x10, 0xf, 0xff, 0x48, 0x80, 0x7f, 0x9f, 0xff,
    0xe8, 0x0, 0x77, 0xff, 0xc0, 0x1f, 0xfc, 0xa9,
    0x9e, 0x50, 0x4, 0xcf, 0x20, 0x7, 0x3b, 0x36,
    0xc0, 0x3, 0xb3, 0x63, 0x0, 0xff, 0xff, 0x80,
    0x7b, 0xbf, 0xf4, 0x80, 0x3b, 0xff, 0x38, 0x7,
    0xff, 0x25, 0x66, 0x7e, 0x50, 0x4, 0xcf, 0xd4,
    0x4c, 0xdf, 0x60, 0x1, 0xd9, 0xbc, 0xa0, 0x1f,
    0xff, 0xf0, 0xf, 0xfe, 0x40,

    /* U+4E3B "主" */
    0x0, 0xfe, 0x24, 0x10, 0xf, 0xfe, 0x30, 0xed,
    0xb8, 0x7, 0xff, 0x18, 0x48, 0x34, 0x3, 0xff,
    0x8e, 0xa0, 0x80, 0x1f, 0xf3, 0x3b, 0xfc, 0x40,
    0x9, 0x77, 0xf8, 0x2, 0x88, 0xfc, 0xa0, 0x6,
    0x88, 0xf8, 0x40, 0x3f, 0xf9, 0x9d, 0xff, 0xf2,
    0x80, 0xff, 0xfe, 0x10, 0xf, 0xff, 0xcb, 0x37,
    0xe0, 0x3, 0x37, 0xc0, 0x1d, 0x13, 0x3e, 0x30,
    0x19, 0x9f, 0x84, 0x3, 0x18, 0x7, 0xff, 0x27,
    0x7f, 0xfc, 0xa0, 0x3f, 0xff, 0x8, 0x7, 0xff,
    0xfc, 0x3, 0xff, 0x87, 0xbf, 0xff, 0x94, 0x7,
    0xff, 0xf8, 0x4c, 0x3, 0xff, 0x93, 0x55, 0xff,
    0xc9, 0x10,

    /* U+4EAE "亮" */
    0x0, 0xff, 0x88, 0x3, 0xff, 0x8e, 0xff, 0xa0,
    0x1f, 0xf1, 0x9f, 0xe0, 0x9, 0xcc, 0xff, 0x0,
    0xe6, 0x7e, 0x80, 0x4, 0x66, 0x7d, 0xc0, 0x28,
    0x9f, 0xfc, 0x75, 0x0, 0x5d, 0xd5, 0x5f, 0xfc,
    0x2b, 0xb4, 0x0, 0x64, 0xee, 0xff, 0xe1, 0x8,
    0x7, 0xf2, 0xaf, 0xf2, 0x0, 0x7f, 0xf0, 0x2e,
    0xab, 0xf7, 0x80, 0x7f, 0xf0, 0x3b, 0xff, 0xf5,
    0x80, 0x7f, 0x32, 0xaf, 0xff, 0x8, 0x40, 0x38,
    0x4e, 0xef, 0xff, 0x84, 0x22, 0x0, 0xab, 0xbb,
    0xff, 0x8c, 0xc0, 0x1c, 0x45, 0xff, 0xc2, 0x0,
    0xf9, 0x37, 0x59, 0x9f, 0xdb, 0xb0, 0x80, 0x7e,
    0x4e, 0xef, 0xe5, 0x0, 0xfa, 0xba, 0x80, 0x3f,
    0xf8, 0x5f, 0xcc, 0x1, 0x8, 0x80, 0xc0, 0x1d,
    0xff, 0x80, 0x38, 0x6d, 0x40, 0x38, 0xa4, 0x0,
    0x20, 0x1f, 0xc4, 0xb4, 0x40, 0x3, 0x9d, 0x10,
    0x70, 0xf, 0xbd, 0x11, 0x0, 0x2, 0x7e, 0xc6,
    0x0, 0x3c, 0x0, 0x70, 0x82, 0xdd, 0x94, 0x10,
    0xc, 0x40, 0xd, 0xb0, 0x1, 0xeb, 0x20, 0xc,
    0x94, 0x9, 0x17, 0xf2, 0x40, 0x1f, 0x2e, 0xff,
    0xeb, 0x10,

    /* U+4F11 "休" */
    0x0, 0xe2, 0x50, 0xf, 0x4d, 0xb0, 0x7, 0xff,
    0x6, 0xeb, 0xc4, 0x3, 0x2a, 0x78, 0x7, 0xff,
    0x5, 0xc0, 0xc4, 0x3, 0xff, 0x8e, 0xa2, 0x16,
    0x1, 0xff, 0xc8, 0x90, 0x3, 0x0, 0x7f, 0xf1,
    0xcc, 0xc0, 0xc1, 0xff, 0xc6, 0xd, 0xff, 0xdc,
    0x1, 0xd0, 0x0, 0xa0, 0xf, 0xfe, 0x39, 0xa0,
    0x4, 0x31, 0x19, 0x40, 0x25, 0x88, 0xe0, 0xd,
    0xe0, 0x1c, 0xef, 0x84, 0x2, 0x67, 0x7c, 0xc0,
    0x12, 0x98, 0x7, 0xe3, 0x40, 0x8, 0xcc, 0x1,
    0xe1, 0xb0, 0xf, 0xe8, 0x0, 0xe8, 0x0, 0xf4,
    0x88, 0x50, 0x7, 0x91, 0x0, 0x20, 0xa2, 0x8a,
    0x1, 0xd2, 0x2e, 0x80, 0x1e, 0x90, 0x62, 0x3,
    0x60, 0xb1, 0x0, 0xc3, 0xb0, 0x1, 0xe9, 0x20,
    0xb0, 0xa, 0x4, 0x54, 0x1, 0xc6, 0x1, 0xe5,
    0x60, 0x72, 0x0, 0xd6, 0x8, 0xe0, 0x1f, 0xe3,
    0xa0, 0x28, 0x0, 0xe5, 0x40, 0x85, 0x0, 0xfc,
    0xda, 0x0, 0xe0, 0xf, 0xa8, 0x42, 0x94, 0x3,
    0xea, 0x10, 0x83, 0x0, 0xf8, 0x68, 0x1, 0x40,
    0x1f, 0x28, 0x2b, 0x80, 0x7f, 0x24, 0x85, 0x0,
    0x7d, 0x35, 0x40, 0xf, 0xf9, 0xad, 0x40, 0x3f,
    0x28, 0x7, 0xff, 0x5, 0x0, 0x3f, 0xf9, 0xc0,

    /* U+504F "偏" */
    0x0, 0xff, 0xe1, 0x88, 0x7, 0xfd, 0xd4, 0x40,
    0x1c, 0xff, 0x40, 0x1f, 0xe4, 0x15, 0x0, 0xf2,
    0x2, 0x8, 0x7, 0xf6, 0x81, 0x7, 0xff, 0x60,
    0x3, 0xbf, 0xf4, 0x0, 0x66, 0x5, 0x0, 0x84,
    0x7f, 0x80, 0x3c, 0xc0, 0xa, 0x0, 0xbb, 0xbf,
    0x88, 0x3, 0xac, 0x8, 0x80, 0x10, 0x80, 0x7f,
    0xf0, 0x54, 0x80, 0x3d, 0xdf, 0xff, 0x88, 0x3,
    0x40, 0x7, 0xff, 0x21, 0xc8, 0x3, 0xef, 0xff,
    0xfa, 0xa, 0x0, 0x40, 0x21, 0x0, 0x66, 0x7f,
    0xd4, 0x64, 0x30, 0x1, 0xe3, 0x3f, 0xf9, 0x7,
    0x28, 0xc0, 0x26, 0x0, 0x9a, 0x80, 0xb0, 0x1,
    0x92, 0x1, 0xa, 0x0, 0x62, 0x0, 0xb9, 0xc0,
    0x4c, 0x0, 0x6a, 0x1, 0xfd, 0xa0, 0x1f, 0xfc,
    0x95, 0x1, 0x9, 0xf0, 0x3d, 0x0, 0x6f, 0x0,
    0x7e, 0x40, 0x2, 0x0, 0x90, 0x0, 0x80, 0x4,
    0x40, 0xf, 0xde, 0xa, 0x0, 0x8c, 0x3, 0xf0,
    0x7, 0xd8, 0x7, 0xc4, 0x81, 0xc0, 0x10, 0x80,
    0x79, 0xc0, 0x3f, 0x8d, 0x0, 0x3f, 0xcc, 0x1,
    0xf1, 0x3c, 0x0, 0x71, 0x30, 0x19, 0xaa, 0x80,
    0x40, 0x1e, 0x84, 0x0, 0xc5, 0xb4, 0x19, 0x8f,
    0x2, 0x80, 0x9, 0x77, 0xc0, 0x2a, 0xf7, 0x0,
    0xf2, 0xfe, 0xa0,

    /* U+50BB "傻" */
    0x0, 0xe3, 0x20, 0xe, 0x1c, 0x81, 0x0, 0xff,
    0xe0, 0x76, 0xc0, 0x6, 0x63, 0x61, 0x0, 0xff,
    0x88, 0x81, 0x98, 0xee, 0xa0, 0x7, 0xbb, 0xc2,
    0x1, 0xca, 0x0, 0x42, 0x11, 0x80, 0x21, 0x1f,
    0x18, 0x7, 0x48, 0x30, 0x5, 0x6a, 0x55, 0xdc,
    0x92, 0xe0, 0xf, 0x94, 0x42, 0x80, 0x27, 0x2,
    0xaa, 0x6c, 0x99, 0x80, 0x3e, 0x90, 0x1, 0x80,
    0x6a, 0x90, 0x43, 0x1c, 0x20, 0xf, 0x21, 0x80,
    0x80, 0x66, 0xb9, 0x5, 0x21, 0xd3, 0x0, 0xf4,
    0x0, 0x7e, 0x43, 0xbb, 0x63, 0x80, 0x80, 0x72,
    0x18, 0x7, 0xd4, 0x7, 0x7d, 0xc7, 0xd, 0x0,
    0xe9, 0x0, 0xf1, 0x10, 0x40, 0x8b, 0x8, 0x0,
    0x88, 0x60, 0xa4, 0xa, 0x1, 0xb2, 0x84, 0x23,
    0x76, 0x70, 0x3, 0xf8, 0x82, 0xb2, 0xf8, 0x4,
    0xdd, 0x0, 0xba, 0x1, 0x44, 0x5, 0x76, 0x44,
    0x26, 0x80, 0x2c, 0x91, 0x2b, 0x17, 0xa2, 0x21,
    0xae, 0x30, 0x31, 0x0, 0x7a, 0x46, 0xb7, 0xd0,
    0x17, 0x77, 0x9a, 0x1c, 0xc0, 0x3c, 0xbc, 0x98,
    0x80, 0x46, 0x78, 0x2, 0x28, 0x0, 0xfc, 0x9e,
    0x60, 0x17, 0x66, 0x10, 0x0, 0xca, 0x1, 0xf9,
    0x2c, 0x4a, 0x88, 0x9a, 0xf8, 0xe0, 0xf2, 0x1,
    0xfc, 0x84, 0xfa, 0xb8, 0x41, 0x6, 0x13, 0x0,
    0x1f, 0xf6, 0xca, 0x4f, 0x90, 0x6, 0x9b, 0x63,
    0x0, 0xfc, 0xdb, 0xd6, 0xc2, 0x73, 0xf6, 0x80,
    0x93, 0x9f, 0x0, 0x1e, 0x22, 0xa, 0xcf, 0x63,
    0x2, 0x5f, 0x4a, 0x88, 0x60, 0x4, 0xbf, 0xc9,
    0xbd, 0x4c, 0x20, 0x1c, 0x2d, 0x5d, 0x88,

    /* U+5154 "兔" */
    0x0, 0xfa, 0x5c, 0x40, 0x3f, 0xf8, 0xe8, 0xd1,
    0x0, 0xf, 0xfe, 0x30, 0xd0, 0x1, 0x33, 0x3e,
    0x80, 0xf, 0xf6, 0x88, 0x0, 0x8c, 0xfe, 0x20,
    0xf, 0xeb, 0x30, 0x7a, 0xae, 0x90, 0xb, 0x0,
    0x3f, 0x5a, 0x2, 0xc2, 0xaf, 0x50, 0x2, 0x18,
    0x3, 0xc3, 0x88, 0x3, 0x26, 0x7d, 0x86, 0x8,
    0x83, 0x38, 0x2, 0x2f, 0x30, 0x0, 0xe6, 0x78,
    0xc0, 0x9, 0x99, 0x88, 0x0, 0x60, 0x1f, 0xfc,
    0xa1, 0x89, 0x10, 0x8f, 0xfc, 0x20, 0xff, 0xfb,
    0x40, 0x3c, 0xcc, 0x0, 0xf8, 0x43, 0xc0, 0x3f,
    0xf8, 0xe4, 0x0, 0x20, 0xf, 0xfe, 0x1c, 0x77,
    0x58, 0x0, 0xbe, 0xed, 0x80, 0x1f, 0xf0, 0x8e,
    0x0, 0x8, 0xf8, 0x3, 0xf5, 0x57, 0x38, 0x6,
    0x5a, 0x21, 0xaa, 0x88, 0x3, 0x91, 0x57, 0x20,
    0x6, 0xd1, 0x21, 0xe5, 0x50, 0x7, 0xfa, 0x4c,
    0x14, 0x80, 0x8, 0xa0, 0x94, 0x34, 0x80, 0x1f,
    0x53, 0x0, 0xd8, 0x6, 0xa5, 0x3, 0x25, 0xb1,
    0x0, 0xc9, 0xaa, 0x3, 0x82, 0x0, 0xf0, 0x5,
    0x2c, 0xb0, 0x0, 0x40, 0x9, 0x76, 0x20, 0x2c,
    0x20, 0x10, 0x55, 0x19, 0x4a, 0x40, 0x10, 0x16,
    0xda, 0x0, 0x1b, 0x48, 0x0, 0xc0, 0x55, 0x9b,
    0x96, 0x40, 0x80, 0x42, 0x0, 0x4d, 0x90, 0xd,
    0x68, 0x20, 0x1c, 0x2b, 0x0, 0x8, 0x5c, 0xb2,
    0x0, 0xe1, 0xbe, 0xff, 0xee, 0xa1, 0x0,

    /* U+5173 "关" */
    0x0, 0xe1, 0x20, 0xf, 0xd2, 0x40, 0x1f, 0xcd,
    0xd8, 0x20, 0x1e, 0x66, 0x6a, 0x80, 0x7e, 0x20,
    0x1a, 0x0, 0xe2, 0x90, 0x14, 0x0, 0xfc, 0x8e,
    0x8, 0xe0, 0x1b, 0xc0, 0x1a, 0x20, 0x1f, 0xd0,
    0x61, 0xe0, 0x14, 0x90, 0x41, 0x80, 0x7d, 0xff,
    0x8c, 0x1f, 0xfe, 0x60, 0x4, 0x7f, 0xd0, 0x1,
    0xff, 0xc9, 0x10, 0xd, 0x33, 0xf2, 0x80, 0x22,
    0x67, 0xd4, 0x1, 0x99, 0xbe, 0xc0, 0x2, 0xb3,
    0x78, 0xc0, 0x3f, 0xfc, 0x43, 0xff, 0xfa, 0x40,
    0x1b, 0xff, 0xf5, 0x0, 0x7f, 0xf2, 0xc6, 0xab,
    0xf0, 0x80, 0x16, 0xab, 0xe9, 0x0, 0x2a, 0xfc,
    0x2, 0x0, 0x75, 0x5f, 0x8c, 0x3, 0xf1, 0x58,
    0x4, 0x52, 0x1, 0xff, 0xc2, 0x3c, 0x10, 0xa5,
    0x6, 0x80, 0xf, 0xfe, 0x3, 0xe0, 0x84, 0x2d,
    0x10, 0x3d, 0x88, 0x7, 0xe5, 0xd8, 0x0, 0x43,
    0x80, 0x30, 0x81, 0x3a, 0x4, 0x2, 0x17, 0xea,
    0x20, 0x1b, 0x70, 0x8, 0x71, 0x0, 0xf, 0xd4,
    0xa1, 0x30, 0x20, 0x7, 0xe4, 0x0, 0xe1, 0xbb,
    0x10, 0x1, 0x68, 0xa4, 0x0, 0xdb, 0x0, 0x1f,
    0xc9, 0xb2, 0x60, 0xa4, 0x37, 0xd2, 0x40, 0x1f,
    0xfc, 0x6, 0xcd, 0x80,

    /* U+5206 "分" */
    0x0, 0xfc, 0x20, 0x18, 0x5c, 0x3, 0xff, 0x86,
    0x5d, 0x86, 0x3, 0xd0, 0xe0, 0x1f, 0xfc, 0x28,
    0x3, 0x10, 0x14, 0x9, 0x0, 0xff, 0xe0, 0xa2,
    0x83, 0x10, 0x3, 0xc0, 0x58, 0x3, 0xfe, 0x1a,
    0x1, 0x80, 0x9, 0xc, 0x24, 0x80, 0x3f, 0xd4,
    0x21, 0x2, 0x1, 0xbc, 0x1, 0xc0, 0x1f, 0xd4,
    0x80, 0xac, 0x1, 0xc6, 0xe0, 0x74, 0x1, 0xf4,
    0xa8, 0x1d, 0x0, 0x7d, 0x8, 0xb, 0x60, 0x1d,
    0x4c, 0x5, 0xa0, 0x1f, 0xd6, 0x60, 0x9a, 0x40,
    0x3a, 0xa0, 0xa, 0x76, 0x6f, 0xf5, 0x88, 0x16,
    0xb0, 0x80, 0x10, 0x22, 0x67, 0xfe, 0x8a, 0x70,
    0x0, 0x87, 0x35, 0x88, 0x7, 0xff, 0x5, 0xe2,
    0xcd, 0xc0, 0xe4, 0x3b, 0xfc, 0x40, 0x9f, 0xfd,
    0x40, 0x1, 0x4, 0xc0, 0xf, 0xc4, 0x4, 0x1,
    0xc6, 0x0, 0x30, 0xf, 0xf1, 0x0, 0x38, 0x3,
    0x84, 0x0, 0x20, 0x1f, 0xe4, 0x0, 0x10, 0x7,
    0x78, 0x7, 0xff, 0x6, 0x80, 0x8, 0x1, 0xc4,
    0x4, 0x1, 0xfe, 0x73, 0x5, 0x10, 0xe, 0x10,
    0x10, 0xf, 0xe6, 0x80, 0x1b, 0x0, 0xf2, 0x83,
    0x0, 0x7e, 0x99, 0x0, 0x28, 0x40, 0x55, 0xa3,
    0x4, 0x8, 0x3, 0xcd, 0xcc, 0x0, 0xb4, 0x0,
    0xaa, 0x5c, 0xc0, 0x14, 0x1, 0xe3, 0x10, 0x3d,
    0x40, 0x8, 0x4c, 0x0, 0x4b, 0x84, 0x1, 0xe5,
    0xa8, 0xc2, 0x0, 0xed, 0xff, 0x6d, 0x18, 0x7,
    0x80,

    /* U+53EF "可" */
    0xef, 0xff, 0xfe, 0x41, 0x80, 0x7f, 0xf2, 0x5e,
    0xe6, 0x7f, 0xf8, 0x50, 0x0, 0x79, 0x92, 0xa9,
    0x9b, 0xff, 0x84, 0xa0, 0xc, 0x66, 0x8, 0x7,
    0xff, 0x31, 0xbf, 0xff, 0x9c, 0x3, 0xff, 0xae,
    0x33, 0x3c, 0x20, 0x1f, 0xfc, 0x46, 0x6e, 0x20,
    0xf, 0xff, 0xf8, 0x7, 0xff, 0x45, 0x9b, 0x84,
    0x3, 0xff, 0x86, 0x33, 0x3c, 0x40, 0x1f, 0xfd,
    0x76, 0xff, 0xfe, 0x70, 0xe, 0x70, 0xf, 0xfe,
    0x32, 0x80, 0x7f, 0xf1, 0xa3, 0xfd, 0x0, 0x2,
    0x0, 0xff, 0xe1, 0xe8, 0x6, 0x71, 0x0, 0xff,
    0xe1, 0xac, 0x4d, 0xf4, 0x0, 0x60,

    /* U+542F "启" */
    0x0, 0xff, 0x91, 0xcc, 0x3, 0xff, 0x8f, 0x51,
    0x0, 0xf, 0xfe, 0x1, 0x17, 0xc8, 0x8, 0x45,
    0xf0, 0x6, 0x4d, 0xdf, 0x94, 0x1, 0xbb, 0xf2,
    0x0, 0x7f, 0xf4, 0x2f, 0xbb, 0xfe, 0xb0, 0xf,
    0xe7, 0x11, 0xff, 0x9c, 0x3, 0xff, 0xa7, 0x9f,
    0xff, 0xf6, 0x0, 0x7f, 0xf4, 0xe2, 0xab, 0xff,
    0x84, 0xa0, 0x10, 0x80, 0x19, 0x57, 0xff, 0x84,
    0x20, 0x11, 0x0, 0x46, 0x7f, 0xfc, 0x12, 0x0,
    0xda, 0x4, 0xf9, 0x9f, 0xfc, 0x20, 0xc, 0x80,
    0xe0, 0x1f, 0xfc, 0x62, 0x10, 0xc0, 0xb, 0xff,
    0xf9, 0xc0, 0x3a, 0xc0, 0xe, 0x1, 0xff, 0xc5,
    0x16, 0x5, 0x10, 0xf, 0xfe, 0x2c, 0x0, 0x20,
    0x3, 0xff, 0x8a, 0x6c, 0xa, 0x40, 0x1b, 0xff,
    0xf9, 0xc0, 0x27, 0x10, 0xb0, 0xf, 0xfe, 0x32,
    0x7d, 0x88, 0x7, 0x6e, 0xff, 0x30, 0x4,

    /* U+591C "夜" */
    0x0, 0xff, 0x1a, 0x98, 0x7, 0xff, 0x23, 0xaa,
    0x0, 0x3f, 0xf9, 0xa, 0x8, 0x20, 0x1f, 0xe1,
    0xff, 0xfc, 0xe0, 0xe, 0xff, 0xfb, 0x80, 0x3f,
    0xf9, 0xa3, 0x77, 0x51, 0xc5, 0xdc, 0x4b, 0x57,
    0x7f, 0x68, 0x4, 0x89, 0x11, 0xca, 0x20, 0x9,
    0x5d, 0x13, 0xe3, 0x0, 0xe1, 0x90, 0x90, 0x7,
    0x80, 0x3f, 0x77, 0xd0, 0x1, 0xe8, 0x11, 0x38,
    0x1a, 0x0, 0x8, 0xbf, 0x0, 0x71, 0xb0, 0x38,
    0x3, 0xc0, 0xa9, 0xa6, 0xaa, 0x10, 0x30, 0xc,
    0x3a, 0x1, 0x98, 0xc2, 0x45, 0xb5, 0x54, 0xe2,
    0x1a, 0x1, 0xa8, 0x40, 0x22, 0x90, 0x3, 0x30,
    0x52, 0xc2, 0x80, 0x50, 0x2, 0x84, 0x0, 0xdc,
    0x1, 0x49, 0x68, 0x24, 0x38, 0x48, 0x6, 0x70,
    0x64, 0x6, 0x30, 0x60, 0x45, 0x3b, 0x23, 0x1,
    0x70, 0xc, 0xe9, 0x20, 0x4, 0x16, 0x96, 0xa,
    0x44, 0x52, 0x4, 0x0, 0x74, 0x58, 0x4, 0x59,
    0x21, 0x24, 0x17, 0x10, 0x4, 0x60, 0xf, 0xf8,
    0x80, 0x2c, 0x10, 0x70, 0x2a, 0x0, 0xff, 0xe2,
    0x19, 0x0, 0x64, 0x0, 0xff, 0xe1, 0x15, 0x69,
    0x81, 0x1, 0x56, 0xb0, 0x7, 0xf9, 0x2b, 0x54,
    0x6, 0x76, 0xc8, 0xa, 0x7e, 0x8c, 0x3, 0xc9,
    0x6a, 0x0, 0x6f, 0x60, 0x4d, 0x92, 0x0, 0x2b,
    0x0, 0x79, 0xc, 0x1b, 0xa4, 0x40, 0x33, 0x6d,
    0xa9, 0x28, 0x6, 0xbf, 0x9d, 0xe9, 0x10, 0xf,
    0xc9, 0x5a, 0x0,

    /* U+5929 "天" */
    0x0, 0x67, 0xff, 0xff, 0x11, 0x80, 0x30, 0x80,
    0x7f, 0xf1, 0x4, 0x3, 0x4c, 0xfc, 0x80, 0x9,
    0x9f, 0x94, 0x3, 0x23, 0x37, 0x8c, 0x0, 0xec,
    0xde, 0x20, 0xf, 0xff, 0xc0, 0xff, 0xfe, 0x70,
    0x7, 0x7f, 0xfd, 0x60, 0x1f, 0xfc, 0xb1, 0xbb,
    0xfc, 0x40, 0x6, 0xbb, 0xfa, 0x0, 0x8, 0x9f,
    0x29, 0x0, 0x15, 0x13, 0xe3, 0x0, 0xfe, 0x80,
    0x8, 0xd4, 0x3, 0xff, 0x86, 0x6c, 0x8, 0x41,
    0x62, 0x1, 0xff, 0xc1, 0x2d, 0x0, 0x4c, 0x0,
    0xe8, 0x7, 0xff, 0x0, 0xf0, 0x42, 0x49, 0x54,
    0x7, 0x82, 0x1, 0xfc, 0xd8, 0x21, 0xc, 0x0,
    0xa3, 0x3, 0xf4, 0x0, 0xf1, 0x5c, 0x80, 0x21,
    0xc0, 0x36, 0x20, 0xd, 0xd0, 0x80, 0x6, 0x75,
    0x0, 0x6d, 0xc0, 0x3d, 0x6e, 0x0, 0x5e, 0x92,
    0x96, 0x0, 0x27, 0xa0, 0x7, 0xe8, 0xb1, 0x0,
    0x33, 0xc0, 0x8a, 0xac, 0x40, 0x3f, 0xc9, 0xce,
    0x4, 0xa1, 0x9c, 0xa0, 0x1f, 0xfc, 0x28, 0xde,
    0x0,

    /* U+5EA6 "度" */
    0x0, 0xff, 0xe0, 0x11, 0x0, 0x3f, 0xf9, 0x17,
    0xbe, 0x1, 0xff, 0xc0, 0x11, 0xfd, 0x80, 0x46,
    0x23, 0xf0, 0x4, 0x5d, 0xdf, 0xa0, 0x1, 0x9d,
    0xde, 0xd0, 0xf, 0xfe, 0x8e, 0x7f, 0xbb, 0x37,
    0xff, 0xb3, 0x1d, 0xfe, 0xc0, 0xf, 0xe4, 0xcd,
    0x0, 0xec, 0xc2, 0x0, 0x7f, 0x2f, 0xfa, 0x80,
    0x1f, 0xfc, 0x0, 0xaf, 0xf5, 0x0, 0x7f, 0xf2,
    0x84, 0x3, 0xcb, 0xdc, 0x90, 0x7, 0x77, 0x0,
    0x2b, 0xb9, 0x60, 0x1e, 0x11, 0x8c, 0x0, 0x45,
    0xc0, 0x10, 0x88, 0x3, 0xff, 0x83, 0x99, 0xc0,
    0x1f, 0xfc, 0x36, 0x44, 0xfe, 0x60, 0xf, 0x8,
    0x4, 0x24, 0x33, 0x3f, 0xc2, 0x40, 0x1c, 0xe0,
    0x3, 0x8d, 0xdf, 0xfe, 0x8, 0x7, 0x10, 0x0,
    0x7c, 0x80, 0x6, 0x89, 0xc4, 0x0, 0x10, 0xe,
    0xe0, 0x20, 0x6d, 0x30, 0x28, 0xbb, 0xbc, 0xc0,
    0x74, 0x3, 0x90, 0x1c, 0x2, 0xc4, 0x1c, 0x71,
    0x9b, 0x12, 0xd3, 0x0, 0xc2, 0x61, 0x80, 0x1a,
    0xdc, 0x23, 0x98, 0x1b, 0x4c, 0x3, 0x98, 0x0,
    0xe0, 0x1, 0x49, 0x50, 0xe, 0x57, 0x41, 0x0,
    0xd2, 0x8, 0x8a, 0xde, 0xb6, 0x20, 0x59, 0x30,
    0x38, 0xbe, 0xfc, 0x33, 0x8, 0x40, 0x29, 0x0,
    0xad, 0x7d, 0x36, 0x6c, 0x18, 0x4, 0x64, 0x7a,
    0xe6, 0xaa, 0x8c, 0xea, 0x50, 0xc, 0x4f, 0x9f,
    0x93, 0x2,

    /* U+5F55 "录" */
    0x0, 0x9, 0x17, 0xff, 0xc, 0x3, 0xd1, 0xbb,
    0xff, 0xc3, 0x20, 0xe, 0x11, 0xff, 0xe1, 0x0,
    0x7e, 0x8e, 0xef, 0xfe, 0x6, 0x0, 0x7f, 0x5e,
    0x67, 0xfd, 0xe0, 0x1f, 0xca, 0x67, 0xff, 0x10,
    0x7, 0xf5, 0x5d, 0xff, 0xd2, 0x1, 0xfc, 0x89,
    0xff, 0xc1, 0x0, 0xf2, 0x7f, 0xff, 0xf0, 0xb4,
    0x1, 0xbf, 0xe1, 0x10, 0x7, 0xff, 0x25, 0x7a,
    0xc2, 0x3b, 0xb4, 0x0, 0x37, 0xba, 0xd5, 0x3e,
    0xe0, 0x80, 0xf0, 0x44, 0x4, 0x70, 0x2, 0x84,
    0x41, 0xca, 0x6e, 0x20, 0x15, 0x28, 0x36, 0x0,
    0x73, 0xa2, 0x3c, 0xc1, 0x58, 0x3, 0xaa, 0x1,
    0x55, 0xa2, 0x1, 0x5d, 0x84, 0x26, 0x80, 0x3e,
    0x78, 0x5a, 0x29, 0x0, 0x10, 0x0, 0xb5, 0x80,
    0x3e, 0x19, 0x83, 0x5, 0x60, 0x6, 0x8, 0x15,
    0x0, 0x7c, 0xde, 0xc0, 0x57, 0x5c, 0x0, 0x1f,
    0x30, 0x7e, 0x60, 0x9, 0x36, 0x44, 0x23, 0x50,
    0x3, 0x87, 0x18, 0x6, 0x79, 0xc7, 0x88, 0x17,
    0x9c, 0x4d, 0x28, 0x4, 0x2, 0x9c, 0x40, 0x18,
    0x2b, 0x3b, 0xa1, 0xa, 0xcb, 0x30, 0x50, 0xc,
    0x77, 0x88, 0xa6, 0x38, 0x80, 0x17, 0x0, 0x5,
    0x68, 0x3, 0xc7, 0x74, 0x1, 0xf2, 0xf7, 0xf5,
    0x8, 0x7, 0xf8,

    /* U+60C5 "情" */
    0x0, 0xcc, 0xa0, 0x1f, 0x33, 0x90, 0x7, 0xfd,
    0x34, 0x40, 0x1e, 0xa8, 0x40, 0xf, 0xfe, 0x18,
    0x8f, 0x0, 0x4, 0x7c, 0x1, 0xfe, 0xee, 0xe3,
    0x8, 0xee, 0xe2, 0x0, 0xf9, 0xc1, 0x57, 0x84,
    0xd, 0x57, 0x8c, 0x0, 0xdf, 0x0, 0xa, 0x78,
    0x33, 0xc0, 0x7, 0x33, 0xde, 0x20, 0xe, 0xe,
    0x0, 0x1c, 0x41, 0x9b, 0x8, 0x23, 0x36, 0xc0,
    0x8, 0x80, 0x80, 0x1e, 0x3d, 0xdc, 0x61, 0x1d,
    0xda, 0x40, 0x26, 0x6, 0x0, 0xb, 0xf5, 0xde,
    0x20, 0xbb, 0xea, 0xa0, 0x0, 0xc0, 0x80, 0x25,
    0x5f, 0x8, 0x1a, 0xaf, 0x84, 0x80, 0xc0, 0x36,
    0x7f, 0xff, 0xf0, 0x85, 0x81, 0x40, 0x39, 0x2a,
    0xbf, 0xe1, 0x0, 0x18, 0x70, 0x7, 0x12, 0xaf,
    0xfc, 0x60, 0x6, 0xa5, 0x0, 0xf8, 0xff, 0xfe,
    0x0, 0xe1, 0x52, 0x0, 0xf8, 0xae, 0xfe, 0x0,
    0xff, 0xe1, 0x8a, 0x27, 0xc0, 0x1f, 0xfc, 0x33,
    0xff, 0xf8, 0x3, 0xff, 0x86, 0x7f, 0xff, 0x0,
    0x7f, 0xf0, 0xc5, 0x13, 0xe0, 0xf, 0xfe, 0x19,
    0x5d, 0xfc, 0x1, 0xff, 0xc8, 0x6c, 0xe0, 0x1,
    0x0, 0x7f, 0x8c, 0x58, 0x3, 0x29, 0x1a, 0xd8,
    0x4,

    /* U+660E "明" */
    0x0, 0xfe, 0x26, 0x6f, 0xcb, 0x9f, 0xfe, 0xd0,
    0x49, 0x9f, 0xd6, 0x20, 0x1f, 0xf0, 0x8f, 0x0,
    0x66, 0x99, 0x38, 0x7, 0xf, 0x76, 0xb0, 0xd,
    0x8c, 0xcc, 0x0, 0xff, 0xef, 0x8c, 0xce, 0xe0,
    0xf, 0xfe, 0x13, 0x36, 0x40, 0xd, 0x5f, 0xeb,
    0x0, 0xf2, 0x26, 0x30, 0xf, 0xfe, 0x8, 0xdd,
    0xe9, 0x0, 0xcd, 0x32, 0x60, 0xf, 0xfe, 0x1e,
    0x33, 0x34, 0x2, 0x10, 0x30, 0xf, 0xfe, 0x27,
    0x81, 0x7f, 0xea, 0x0, 0xff, 0x84, 0x3, 0xff,
    0x8c, 0x40, 0xb3, 0x39, 0x80, 0x36, 0x33, 0x34,
    0x2, 0x40, 0xe6, 0x6d, 0x80, 0x19, 0xa6, 0x4c,
    0x0, 0x50, 0x2, 0x0, 0x7c, 0x20, 0x1f, 0x40,
    0x30, 0x7, 0xec, 0xff, 0xf2, 0x10, 0x58, 0x7,
    0x10, 0x7, 0xe7, 0x60, 0x82, 0x0, 0x16, 0xf4,
    0x1, 0x80, 0x71, 0xc0, 0x23, 0x80, 0x44, 0x62,
    0x0, 0xb0, 0xe, 0x3a, 0x3b, 0x0, 0xeb, 0x8a,
    0xe6, 0x0, 0xf2, 0xe0, 0x7, 0x95, 0xd4, 0x40,

    /* U+663E "显" */
    0x0, 0x9, 0x9f, 0xff, 0xc, 0x40, 0x39, 0xf3,
    0x3f, 0xf8, 0x72, 0x1, 0xf8, 0x47, 0xfe, 0x0,
    0xff, 0xbb, 0xbf, 0xe1, 0x0, 0xff, 0x7f, 0xff,
    0xc2, 0x1, 0xff, 0xd4, 0xee, 0xff, 0x84, 0x3,
    0xfc, 0x67, 0xff, 0x0, 0x7f, 0xdb, 0xbf, 0xf0,
    0x80, 0x7c, 0x60, 0x1f, 0xfc, 0x95, 0xff, 0xd7,
    0x6e, 0xfe, 0xbc, 0xff, 0xd0, 0x1, 0xd0, 0xe0,
    0x15, 0xd9, 0xc0, 0xaf, 0x8, 0x0, 0xb0, 0x1,
    0x9d, 0xd0, 0x40, 0x1f, 0xfc, 0x8, 0x79, 0x0,
    0x9c, 0x83, 0x80, 0x3f, 0xe7, 0x20, 0xb0, 0xd,
    0x20, 0x6c, 0x1, 0xfc, 0x30, 0xc, 0x40, 0x19,
    0x14, 0x20, 0x40, 0x3f, 0x58, 0xc, 0x0, 0x7a,
    0x0, 0x48, 0x3, 0xe6, 0x50, 0x81, 0x0, 0xf1,
    0x46, 0x98, 0x7, 0xcd, 0xae, 0xc0, 0x18, 0x8b,
    0x28, 0x10, 0x0, 0x49, 0x80, 0xc, 0x14, 0x45,
    0x83, 0x37, 0x7c, 0x0, 0x8d, 0xa0, 0x5, 0xee,
    0xf8, 0x40, 0x3f, 0xf9, 0x40,

    /* U+6697 "暗" */
    0x0, 0xff, 0xe0, 0x12, 0x0, 0x7f, 0xf1, 0x87,
    0x6d, 0x40, 0x3c, 0xf1, 0x1c, 0xc0, 0x18, 0x4c,
    0x38, 0x3, 0xd2, 0xef, 0xd6, 0x3f, 0xf8, 0xc1,
    0x3f, 0xf2, 0x80, 0x7f, 0xf3, 0x2f, 0xe8, 0x0,
    0x3a, 0xe0, 0x7b, 0xb2, 0x3, 0xea, 0x80, 0x7f,
    0x16, 0x1, 0x16, 0x70, 0xc2, 0x0, 0xff, 0x94,
    0x4, 0x40, 0x3, 0x5, 0x0, 0xff, 0x5f, 0xf0,
    0x3, 0xbf, 0xc0, 0xe, 0xff, 0x18, 0x7, 0xce,
    0x1, 0xff, 0xc0, 0x70, 0x5, 0xfd, 0x0, 0x3b,
    0x33, 0xff, 0x80, 0x80, 0x1f, 0x11, 0x9f, 0xff,
    0x0, 0x2, 0x45, 0x40, 0xa, 0xff, 0xff, 0xa4,
    0x3, 0x7d, 0x70, 0x7, 0x84, 0x78, 0x3, 0xff,
    0x86, 0xfd, 0xdc, 0xa0, 0x1f, 0xfc, 0x31, 0x1e,
    0x0, 0xff, 0xe1, 0xbf, 0x77, 0x28, 0x7, 0x84,
    0x46, 0x1, 0xe1, 0x1e, 0x0, 0xfa, 0xba, 0x40,
    0x39, 0xfb, 0xb9, 0x40, 0x31, 0x80, 0x70, 0x80,
    0x4b, 0x55, 0xc8, 0x1, 0xb7, 0xff, 0xb0, 0x2,
    0x25, 0x5e, 0x10, 0xf, 0xfe, 0x13, 0x6e, 0xf2,
    0x0, 0x60,

    /* U+6700 "最" */
    0x0, 0xaa, 0xef, 0xff, 0x84, 0x80, 0x1e, 0x74,
    0x4f, 0xfe, 0x11, 0x0, 0x7e, 0xbf, 0xff, 0xf1,
    0x80, 0x7f, 0xaf, 0xff, 0xfc, 0x60, 0x1f, 0xe4,
    0x66, 0xff, 0x8, 0x7, 0xf8, 0xff, 0xff, 0xc6,
    0x1, 0xfe, 0x79, 0x9f, 0xf1, 0x0, 0x7e, 0xeb,
    0xbf, 0xfe, 0x13, 0x80, 0x55, 0x76, 0x8f, 0xff,
    0xfe, 0x15, 0x5d, 0x91, 0x3f, 0xf9, 0x45, 0xde,
    0x81, 0x1f, 0xf2, 0x4, 0xff, 0xff, 0x98, 0x3,
    0x5c, 0xcc, 0xa0, 0x73, 0xbb, 0xf4, 0x0, 0x78,
    0xd9, 0xa1, 0x0, 0x29, 0x17, 0xe0, 0xf, 0x47,
    0x74, 0x60, 0xc, 0x10, 0xbf, 0xe1, 0xd, 0x0,
    0xf5, 0xc4, 0x44, 0x1, 0x48, 0x78, 0x30, 0x89,
    0xc0, 0x3c, 0x6c, 0xd0, 0x80, 0x4e, 0x29, 0x50,
    0x16, 0x1, 0xf4, 0x7f, 0xc8, 0x1a, 0x61, 0xa0,
    0xa0, 0xca, 0x1, 0xf6, 0xc5, 0x62, 0x3, 0xc0,
    0x30, 0x4, 0xa6, 0x1, 0x4f, 0xa0, 0x2b, 0xa9,
    0x80, 0xc, 0xae, 0x81, 0x0, 0xf2, 0xd4, 0x0,
    0x4a, 0xf3, 0x7b, 0xe8, 0x16, 0xc8, 0x15, 0x7c,
    0xa0, 0x94, 0x33, 0xb5, 0xc, 0x84, 0x1, 0x13,
    0xb7, 0x28, 0xd, 0x62, 0x30, 0x80, 0x7e, 0xbf,
    0x58, 0x91, 0x0, 0xc7, 0x72, 0x0,

    /* U+6E90 "源" */
    0x0, 0x23, 0x0, 0x42, 0x3f, 0xfc, 0x30, 0x0,
    0xd4, 0xd0, 0x3, 0x3b, 0xbf, 0xf8, 0x40, 0x1,
    0x60, 0x5d, 0x20, 0xf, 0xfe, 0x34, 0x48, 0x15,
    0x80, 0x23, 0x77, 0x28, 0x1e, 0xef, 0x0, 0x66,
    0xb1, 0x80, 0x0, 0x91, 0x67, 0xb, 0x22, 0xe0,
    0x0, 0xa8, 0x27, 0x88, 0x4, 0x9f, 0xf1, 0x4,
    0x7f, 0xda, 0x1, 0x55, 0x20, 0x4, 0x3, 0x8,
    0x7, 0xf1, 0x80, 0x44, 0xf, 0x60, 0x1f, 0xf,
    0xff, 0x58, 0x7, 0x4c, 0x2, 0x60, 0x7, 0xc4,
    0x5e, 0x0, 0xf3, 0xc8, 0x38, 0x7, 0x87, 0x77,
    0xa4, 0x3, 0xe6, 0x9a, 0x3, 0x3, 0x0, 0x8c,
    0xf8, 0x80, 0x3f, 0x30, 0x80, 0x78, 0x73, 0x3a,
    0x40, 0x3e, 0xae, 0x60, 0x10, 0x10, 0x0, 0xf7,
    0x75, 0x0, 0x7c, 0xe2, 0x2, 0x0, 0x60, 0x8,
    0x47, 0xc0, 0x1e, 0x12, 0x4, 0x20, 0x1, 0x2f,
    0x7f, 0xa8, 0x7, 0xfd, 0xdc, 0x0, 0xc8, 0x2,
    0x48, 0x2, 0x0, 0xc8, 0x0, 0xe4, 0xf3, 0x0,
    0xd8, 0x8, 0x18, 0x8, 0xe, 0x4a, 0x1, 0xd8,
    0x3c, 0x1, 0x9c, 0x30, 0x50, 0x3c, 0xe0, 0x24,
    0x3, 0xa0, 0xca, 0x40, 0x4, 0x20, 0x8c, 0x0,
    0x4e, 0x5, 0x40, 0xd0, 0xd, 0xc0, 0xc8, 0x8,
    0x2, 0x52, 0xb, 0x4, 0x4a, 0x7f, 0x70, 0x20,
    0x1, 0x38, 0x70, 0x0, 0x50, 0xc4, 0x22, 0x9,
    0xc0, 0x80, 0x2, 0x80, 0xa, 0x1a, 0x81, 0xba,
    0x8f, 0xa8, 0x86, 0xcc, 0xf, 0x7b, 0x50, 0x3,
    0x48, 0x0,

    /* U+7231 "爱" */
    0x0, 0xff, 0xe3, 0x9, 0x0, 0x78, 0x8d, 0x15,
    0x4c, 0xf1, 0x9, 0xab, 0xce, 0xfe, 0xd5, 0x0,
    0xc9, 0xb9, 0x75, 0x49, 0x87, 0x73, 0x2a, 0x18,
    0x88, 0xd4, 0x40, 0x33, 0x9a, 0x9, 0xb3, 0xc2,
    0x84, 0xe7, 0x7f, 0x8d, 0x6d, 0x0, 0x31, 0xe6,
    0x4, 0x53, 0xe, 0xc1, 0x46, 0x21, 0x44, 0x82,
    0x1, 0xf3, 0x91, 0x20, 0x1, 0xc0, 0x68, 0xc,
    0xa1, 0xe0, 0x1e, 0xcd, 0xd1, 0x82, 0xee, 0xbc,
    0x1, 0x3b, 0x20, 0xf, 0xdd, 0x8, 0x4, 0x45,
    0x8, 0x11, 0x60, 0x1, 0x10, 0x2, 0x22, 0x80,
    0x3d, 0x7f, 0xed, 0x9a, 0xff, 0xfd, 0xa0, 0x1e,
    0x66, 0x80, 0xb, 0x30, 0x1, 0xf8, 0x99, 0x80,
    0x1b, 0x97, 0xb3, 0x12, 0x7, 0x99, 0xfc, 0xa0,
    0x20, 0x10, 0x99, 0xe1, 0x1, 0x33, 0xff, 0x28,
    0x6, 0x7f, 0xf9, 0x80, 0x7f, 0xff, 0xec, 0x0,
    0xf8, 0x98, 0x18, 0x3, 0xff, 0x8f, 0x20, 0x7,
    0xff, 0xff, 0x20, 0x7, 0xce, 0x80, 0x10, 0x99,
    0xf8, 0x3, 0xfc, 0xb0, 0xa, 0xe0, 0x31, 0x99,
    0x98, 0x1, 0x8, 0x1, 0xc9, 0x40, 0x75, 0xc,
    0x17, 0x22, 0xba, 0xa1, 0x2e, 0x1, 0xcb, 0x60,
    0x5a, 0x0, 0x99, 0x3, 0x75, 0x11, 0x35, 0x80,
    0x38, 0xa8, 0xf, 0x4, 0x5, 0x70, 0x3, 0xd4,
    0x82, 0x1, 0x89, 0x11, 0xd, 0x5b, 0xd4, 0xa0,
    0x50, 0xc0, 0x4f, 0x7d, 0xcb, 0x91, 0xa, 0xbc,
    0x85, 0x20, 0x17, 0xcd, 0x79, 0xfb, 0x61, 0x1,
    0x47, 0x10, 0x10, 0x91, 0x58, 0xde, 0x83, 0x0,
    0xc9, 0x3d, 0xca, 0x79, 0x0,

    /* U+72D7 "狗" */
    0x0, 0xff, 0x84, 0x3, 0xff, 0x80, 0x72, 0x1,
    0x32, 0x0, 0x27, 0xec, 0x80, 0x3f, 0xb5, 0xa0,
    0x12, 0x6d, 0x41, 0x81, 0x88, 0x3, 0xfa, 0xc1,
    0xd2, 0x80, 0x95, 0xc4, 0x19, 0xdf, 0xe3, 0x0,
    0x29, 0x85, 0x88, 0x70, 0xc0, 0x1, 0x22, 0x3e,
    0x50, 0xa, 0x0, 0x2a, 0x3b, 0x0, 0xff, 0x8c,
    0x0, 0x30, 0x0, 0x45, 0x58, 0x27, 0xff, 0xe0,
    0xc, 0x5e, 0x60, 0x5, 0x2a, 0x5, 0x60, 0xf,
    0xf9, 0x44, 0x18, 0x5, 0xc0, 0x1e, 0x89, 0xe0,
    0xc, 0x20, 0xe5, 0x52, 0x20, 0x74, 0x35, 0x77,
    0xd4, 0x2, 0x1, 0xda, 0xa2, 0x0, 0xf5, 0x30,
    0x12, 0x28, 0x3, 0xfe, 0xd1, 0x2, 0x0, 0xaf,
    0x75, 0xc0, 0x1f, 0xea, 0x30, 0x3, 0x80, 0x7f,
    0xf0, 0x5c, 0x1, 0x4a, 0xe, 0x2, 0x1, 0xfe,
    0x30, 0xd, 0x8a, 0x15, 0x80, 0x60, 0x1f, 0xfc,
    0x36, 0xa, 0x50, 0xf, 0x11, 0x99, 0x40, 0x3f,
    0x4d, 0xa8, 0x7, 0xd1, 0x98, 0x90, 0xf, 0x8,
    0x1a, 0x0, 0x78, 0x40, 0x3f, 0x8, 0x7, 0xe3,
    0x3, 0xc, 0xff, 0xf7, 0x3, 0x0, 0x71, 0x34,
    0x40, 0x18, 0x3, 0xe5, 0x68, 0xb0, 0x1, 0x80,
    0x12, 0x5c, 0x1, 0xa0, 0x1f, 0x5c, 0xb8, 0x81,
    0x8, 0x1, 0xc0, 0x52, 0x58, 0x3, 0xe4, 0x0,
    0x12, 0xf8, 0x4, 0x3f, 0xd6, 0xc0, 0x1f, 0xab,
    0xfd, 0xb4, 0x40,

    /* U+732A "猪" */
    0x0, 0xff, 0xe0, 0x90, 0x80, 0x7f, 0x8e, 0x80,
    0x21, 0x10, 0x4, 0x9b, 0xe0, 0x18, 0x40, 0x3b,
    0x96, 0x40, 0x73, 0xcc, 0x3, 0xfa, 0xb9, 0x40,
    0x28, 0x6, 0x5d, 0x21, 0x4e, 0xe5, 0x80, 0xf7,
    0x4c, 0x82, 0x1, 0x94, 0xc2, 0x8c, 0x28, 0xc4,
    0x40, 0x10, 0x8d, 0x0, 0x6a, 0x1, 0xa4, 0x2,
    0x85, 0x4e, 0xe5, 0x0, 0xf7, 0x14, 0x43, 0xc0,
    0x31, 0x58, 0x1, 0x1c, 0x0, 0x23, 0x0, 0x5,
    0x54, 0xc, 0x60, 0x12, 0x68, 0x80, 0x14, 0x4,
    0x78, 0x0, 0x54, 0x3, 0x62, 0x20, 0x4, 0x80,
    0x14, 0x4, 0xbb, 0xb5, 0x0, 0xe8, 0x80, 0xef,
    0x71, 0x82, 0x42, 0xe8, 0x0, 0xe0, 0x1f, 0xfc,
    0x23, 0x4, 0xe4, 0x20, 0x1, 0x7f, 0xea, 0x0,
    0xb3, 0xff, 0x94, 0x0, 0x22, 0xf0, 0x7, 0x0,
    0x6, 0xa8, 0x3, 0x86, 0x1, 0xfd, 0xa4, 0x0,
    0x20, 0x6f, 0x50, 0x0, 0xe7, 0xfe, 0x30, 0x8,
    0x70, 0xc0, 0xc1, 0xb6, 0x44, 0x3, 0xff, 0x80,
    0x38, 0x61, 0x14, 0x0, 0x32, 0x0, 0x57, 0xff,
    0x0, 0x70, 0x88, 0x25, 0xc0, 0x2f, 0xd2, 0x9,
    0xbb, 0xe0, 0xf, 0x75, 0xb0, 0x6, 0x10, 0x8,
    0xd1, 0x38, 0x3, 0xc4, 0x80, 0x1f, 0xcf, 0x77,
    0xc0, 0x1f, 0xef, 0x1, 0x0, 0xda, 0x89, 0xc0,
    0x1f, 0x1a, 0xc3, 0x3, 0x0, 0x6b, 0xdd, 0xe0,
    0xf, 0xaa, 0x8e, 0x0, 0xe0, 0xc, 0x24, 0x5c,
    0x1, 0xf5, 0x1, 0x2d, 0xa0, 0x6, 0xaf, 0xfe,
    0x0, 0xf8, 0xff, 0x69, 0x0, 0x2d, 0xf5, 0x0,
    0xef, 0xf1, 0x80, 0x0,

    /* U+7535 "电" */
    0x0, 0xfc, 0x22, 0x0, 0xff, 0xe3, 0xff, 0x38,
    0x7, 0xff, 0x50, 0xcf, 0xe1, 0xe, 0x33, 0xf1,
    0x0, 0x45, 0x99, 0xf0, 0x1, 0xb3, 0x3e, 0x0,
    0xff, 0xe7, 0xdf, 0xfe, 0x10, 0x8f, 0xfc, 0xe0,
    0x1f, 0xfe, 0x6b, 0xff, 0xc2, 0x11, 0xff, 0x9c,
    0x3, 0xff, 0xa3, 0x39, 0x98, 0x0, 0xd9, 0x99,
    0x80, 0x3f, 0x11, 0x9e, 0x10, 0xe3, 0x3c, 0x20,
    0x1f, 0xfd, 0x1b, 0xff, 0xc2, 0x11, 0xff, 0x9c,
    0x3, 0xff, 0x96, 0x20, 0x2, 0xbb, 0xf8, 0x0,
    0xd7, 0x7e, 0xdb, 0xd6, 0x4, 0x4f, 0x84, 0x39,
    0x13, 0xc6, 0xc5, 0xe0, 0x1f, 0xef, 0x0, 0xf8,
    0x83, 0x80, 0x3f, 0x18, 0x33, 0x15, 0x10, 0xad,
    0x62, 0x6, 0x1, 0xf9, 0x0, 0x66, 0xae, 0xd5,
    0x28, 0x2, 0x80, 0x1f, 0xa1, 0x88, 0x3, 0xc2,
    0x9a, 0x1, 0xfc, 0x33, 0xbf, 0xfe, 0xeb, 0x30,

    /* U+767D "白" */
    0x0, 0xfa, 0x58, 0x80, 0x3f, 0xf8, 0x46, 0xd2,
    0xa0, 0x1f, 0xfc, 0x2b, 0x0, 0x30, 0x7, 0xe3,
    0x44, 0xe6, 0x3, 0x54, 0x4f, 0x83, 0x6e, 0xf8,
    0x40, 0xee, 0xff, 0x10, 0x7, 0xff, 0x22, 0x7b,
    0xbf, 0xed, 0x0, 0xe3, 0x11, 0xff, 0x8c, 0x3,
    0xff, 0xdf, 0x5f, 0xff, 0xf7, 0x0, 0x7f, 0xf2,
    0xde, 0xef, 0xfe, 0xa0, 0xe, 0xd4, 0x4f, 0xfe,
    0x0, 0x7, 0xff, 0xbc, 0x8c, 0xff, 0xe5, 0x0,
    0xe8, 0xcc, 0xff, 0xac, 0x3, 0xff, 0x97, 0x3d,
    0xdf, 0xf6, 0x80, 0x5d, 0xec, 0x23, 0xff, 0x17,
    0xf8, 0x80,

    /* U+76EE "目" */
    0x3, 0x3f, 0xfe, 0x2e, 0x67, 0xff, 0xf, 0x40,
    0x3f, 0xf9, 0x15, 0xbb, 0xfe, 0x70, 0xe, 0x62,
    0x2f, 0xf7, 0x80, 0x7f, 0xf2, 0x91, 0x57, 0xfd,
    0xa0, 0x1d, 0x15, 0x5f, 0xe5, 0x0, 0xf0, 0x8f,
    0xf8, 0x3, 0xd9, 0xdd, 0xfe, 0x80, 0xf, 0xfe,
    0xde, 0x7f, 0xff, 0xa0, 0x3, 0xff, 0x95, 0x15,
    0x5f, 0xe5, 0x0, 0xe4, 0x55, 0xff, 0x68, 0x7,
    0xff, 0x29, 0x51, 0x3f, 0xdc, 0x1, 0xd3, 0x77,
    0xfe, 0x60, 0xf, 0xfe, 0x55, 0xf7, 0x7f, 0x9c,
    0x0, 0x7d, 0xc4, 0x11, 0xff, 0x47, 0xf0,

    /* U+7720 "眠" */
    0x0, 0xfc, 0xce, 0xff, 0xe1, 0xe, 0xff, 0xee,
    0x8, 0x8f, 0xf8, 0xc0, 0x3f, 0xe1, 0x1f, 0x80,
    0x3d, 0x12, 0xe0, 0x1d, 0x5d, 0xde, 0x0, 0xf2,
    0xb5, 0x80, 0x7f, 0xf3, 0x88, 0xbe, 0x0, 0xf3,
    0xa2, 0x80, 0x74, 0xee, 0xf8, 0x3, 0xd5, 0x72,
    0x1, 0xff, 0xce, 0x9c, 0xc4, 0x1, 0x66, 0x44,
    0x1, 0x6f, 0xe0, 0x7, 0x11, 0x9c, 0x0, 0x33,
    0x80, 0x3f, 0xf8, 0x6e, 0x6, 0x1, 0xff, 0xc3,
    0xae, 0xe6, 0x80, 0xf7, 0x54, 0x1, 0x6f, 0xe0,
    0x7, 0x8, 0xe0, 0x0, 0x8c, 0xc0, 0x1f, 0xf3,
    0xd5, 0x42, 0xf, 0x54, 0x80, 0xa, 0xb2, 0x40,
    0x3b, 0x15, 0x62, 0xe, 0x55, 0x20, 0x4, 0xe6,
    0xa0, 0x1f, 0xca, 0x1e, 0x1, 0xff, 0xc5, 0x1c,
    0x7, 0x0, 0x51, 0x0, 0x11, 0x20, 0xf, 0x36,
    0x72, 0x0, 0x99, 0x96, 0x0, 0x13, 0x70, 0x1,
    0x8, 0x5c, 0x98, 0x82, 0x6, 0xf0, 0x60, 0x7,
    0xc6, 0x1, 0x1d, 0x70, 0xc0, 0x9, 0x3, 0xf7,
    0xff, 0x71, 0x93, 0x66, 0x14, 0x0, 0x74, 0x43,
    0x42, 0x1, 0xfb, 0x64, 0xc0, 0x39, 0x77, 0x94,
    0x0,

    /* U+7761 "睡" */
    0x3, 0x3f, 0x0, 0x70, 0x9a, 0x34, 0x56, 0x38,
    0x0, 0x73, 0x3b, 0x42, 0x7b, 0xfd, 0xd9, 0x72,
    0xea, 0x7a, 0x1, 0xfe, 0x31, 0x0, 0xe4, 0x68,
    0xa8, 0x0, 0xef, 0xe0, 0xa, 0xf7, 0xbf, 0xc2,
    0x17, 0x2e, 0xa4, 0x1, 0xe1, 0x0, 0x84, 0x84,
    0x3, 0xff, 0x8c, 0x5f, 0xfc, 0x21, 0xff, 0xd4,
    0x1, 0x91, 0x40, 0x3f, 0xf9, 0x17, 0x40, 0x2,
    0xc2, 0xb, 0xc1, 0xb, 0xc1, 0xc, 0x80, 0xf,
    0xe3, 0x10, 0x43, 0x0, 0x21, 0x80, 0xc, 0x80,
    0x37, 0xf8, 0x0, 0x24, 0x20, 0x44, 0x0, 0x11,
    0x0, 0x4, 0x40, 0xf, 0xd3, 0xa4, 0x1b, 0xa1,
    0xd, 0xd0, 0x86, 0xe9, 0x0, 0x3f, 0xf9, 0xbd,
    0xc0, 0x4, 0x79, 0x87, 0xf8, 0x43, 0xfc, 0x21,
    0xfe, 0x40, 0x8, 0x44, 0x1, 0xff, 0xc8, 0xff,
    0x0, 0xf, 0x8c, 0x3b, 0x82, 0x1d, 0xc1, 0xe,
    0x90, 0xf, 0xce, 0x20, 0x1, 0x10, 0x0, 0x44,
    0x0, 0x13, 0x0, 0xfc, 0x9b, 0xbc, 0x21, 0xbb,
    0xd6, 0x1, 0x8d, 0x0, 0x22, 0x2e, 0x0, 0x11,
    0x70, 0x80, 0x6c, 0xb0, 0xf, 0xfe, 0x28, 0x80,
    0x71, 0x87, 0x7f, 0xe1, 0xf, 0xfe, 0x10, 0x7,
    0xff, 0x68, 0x7, 0xff, 0xc,

    /* U+793A "示" */
    0x0, 0x84, 0x7f, 0xf8, 0x80, 0x1d, 0x3d, 0xdf,
    0xfc, 0x40, 0xf, 0xfe, 0x7d, 0x4c, 0xff, 0xf1,
    0x0, 0x38, 0xd9, 0xbf, 0xf8, 0x80, 0x1f, 0xfe,
    0x34, 0x88, 0xff, 0xe4, 0x6, 0xbb, 0xff, 0xf2,
    0x0, 0x40, 0x3f, 0xf9, 0x31, 0xff, 0xfa, 0xc0,
    0x1b, 0xff, 0xf8, 0x3, 0x8d, 0xc0, 0x3f, 0x89,
    0xc0, 0x3f, 0xa2, 0x18, 0x1, 0xf2, 0x6c, 0x28,
    0x7, 0xc8, 0x80, 0xb0, 0xf, 0x90, 0x82, 0x84,
    0x3, 0xd2, 0x2, 0xe0, 0x1f, 0xb8, 0x1, 0x40,
    0x1d, 0x24, 0x16, 0x1, 0xfc, 0x6e, 0x8, 0xa0,
    0x12, 0x30, 0x22, 0x80, 0x7f, 0xa0, 0x42, 0xc4,
    0x6, 0x80, 0x12, 0x1, 0xff, 0xc0, 0xa0, 0x18,
    0xa, 0x10, 0x92, 0x0, 0xc6, 0x1, 0xf2, 0x20,
    0x18, 0x68, 0xd5, 0x80, 0xf, 0xbd, 0x0, 0x3,
    0x0, 0xe9, 0x3d, 0x11, 0x65, 0x0, 0x44, 0x41,
    0x0, 0x20, 0x80, 0x71, 0x61, 0x0, 0x7c, 0xaa,
    0x67, 0xbb, 0x0, 0x7f, 0x80,

    /* U+7EDC "络" */
    0x0, 0xff, 0xe0, 0x8, 0x7, 0xff, 0x8, 0xbe,
    0x0, 0x3a, 0x3e, 0x80, 0x3f, 0xf8, 0x10, 0x6,
    0x1, 0x85, 0x80, 0xcf, 0xc2, 0x1, 0xc6, 0xa1,
    0x20, 0x1a, 0xc0, 0xd, 0x99, 0xd2, 0x1, 0xd0,
    0xc, 0x4f, 0x42, 0x6a, 0x1, 0xfb, 0xc0, 0x32,
    0xa0, 0xc0, 0xc2, 0xbf, 0x0, 0x3b, 0xfe, 0xb0,
    0x2, 0x80, 0x43, 0x61, 0x43, 0x60, 0x58, 0x40,
    0xa, 0x0, 0xd, 0x3, 0x90, 0x5, 0xe2, 0x15,
    0xea, 0x16, 0xa1, 0x44, 0x94, 0x5e, 0x29, 0x0,
    0x18, 0x80, 0x2, 0x0, 0x56, 0xb8, 0x5c, 0x15,
    0xd1, 0x3b, 0x0, 0xe8, 0x9b, 0x60, 0x5, 0x82,
    0x38, 0x19, 0x0, 0x4c, 0x40, 0x1c, 0x8c, 0xac,
    0x12, 0x20, 0x3, 0xad, 0x30, 0x30, 0x5d, 0xb5,
    0x10, 0xd, 0x40, 0x6c, 0xd, 0xb8, 0xa0, 0x9b,
    0x96, 0x40, 0x95, 0xc6, 0x0, 0x74, 0xb, 0x8b,
    0xf2, 0x5, 0xcb, 0x20, 0x4d, 0xb4, 0x1, 0x30,
    0x78, 0x0, 0x43, 0xa6, 0xc1, 0xbf, 0x6e, 0xf4,
    0xb7, 0x68, 0x1, 0x0, 0x22, 0x57, 0x57, 0x2,
    0x2f, 0xe1, 0x30, 0x1, 0xce, 0xfe, 0xd4, 0x8,
    0x5, 0x17, 0x7a, 0x80, 0x3e, 0x62, 0x0, 0xc2,
    0x1, 0x12, 0x26, 0x70, 0xf, 0xc2, 0x8f, 0x7d,
    0xc0, 0xf, 0xfe, 0x11, 0xdf, 0x72, 0xe1, 0x4,
    0x4, 0x3, 0xff, 0x82, 0xe8, 0x20, 0x1, 0x36,
    0x91, 0x0, 0x57, 0xfe, 0xd0, 0xe, 0x55, 0x45,
    0xf7, 0x32, 0x58, 0x3, 0xff, 0x84, 0x34, 0xe8,
    0x20, 0x1f, 0x4f, 0x76, 0xc0, 0xe,

    /* U+7F51 "网" */
    0x14, 0x4f, 0xfe, 0x30, 0x3d, 0xdf, 0xff, 0x18,
    0x3, 0xff, 0x96, 0x3f, 0xff, 0xfc, 0x1b, 0x0,
    0xf8, 0x84, 0x1, 0x32, 0x20, 0x9, 0x18, 0x40,
    0x3c, 0xbb, 0x60, 0x6, 0x60, 0x10, 0x3, 0xe7,
    0xc0, 0x3c, 0xe0, 0xa4, 0xc0, 0x77, 0xa4, 0x28,
    0x1e, 0x1, 0xe2, 0x60, 0x9d, 0xa, 0x30, 0x96,
    0x4, 0x10, 0xf, 0xa0, 0x11, 0x0, 0xf6, 0x9,
    0x21, 0xc0, 0x1f, 0x85, 0x80, 0xa, 0x22, 0x60,
    0x11, 0x28, 0x7, 0xf5, 0x80, 0x3c, 0x1, 0x0,
    0x7, 0x0, 0xff, 0x28, 0x3, 0x80, 0xa, 0x0,
    0x50, 0xf, 0xf4, 0x80, 0x10, 0xc2, 0x0, 0x6,
    0xa0, 0x1f, 0x9c, 0x44, 0x81, 0x28, 0x60, 0x81,
    0x20, 0x1f, 0xc, 0x4, 0x78, 0x24, 0x82, 0xd0,
    0x1e, 0x0, 0x7a, 0xc0, 0x99, 0x19, 0xc8, 0x20,
    0x58, 0x1c, 0x3, 0x85, 0x42, 0x40, 0x10, 0xc0,
    0xe4, 0x16, 0x6, 0x1, 0xe5, 0x52, 0x0, 0x8,
    0x4a, 0x0, 0x5, 0x90, 0x1, 0xc3, 0x54, 0x0,
    0x8f, 0xf8, 0x2, 0x27, 0xf0, 0xf, 0xfe, 0x0,
    0x98, 0x1, 0x76, 0xd0, 0x8, 0x3, 0xff, 0x84,
    0xa0, 0x11, 0x48, 0x37, 0xf0, 0x7, 0xfd, 0x9b,
    0xfa, 0x80,

    /* U+7F6E "置" */
    0x0, 0xff, 0xe5, 0xa7, 0xff, 0xff, 0x15, 0x80,
    0x3c, 0xcd, 0x0, 0x15, 0x98, 0x0, 0x56, 0x60,
    0x7, 0xf4, 0x4c, 0x80, 0x13, 0x30, 0x2, 0x26,
    0x44, 0x1, 0xfb, 0xbf, 0xc0, 0xc, 0xff, 0x0,
    0x37, 0xfc, 0x40, 0x1c, 0xca, 0xbf, 0xfc, 0x52,
    0x0, 0x8a, 0xab, 0xe3, 0x56, 0xaa, 0xf9, 0x0,
    0x2d, 0xff, 0xf9, 0x80, 0xff, 0xff, 0x0, 0x54,
    0xcd, 0xf1, 0x0, 0xb3, 0x7e, 0x0, 0x9e, 0x73,
    0xff, 0x98, 0x1, 0xff, 0xe9, 0x90, 0x7, 0x4c,
    0xf9, 0x0, 0x66, 0x7c, 0x1, 0xfc, 0xdb, 0xbf,
    0xd2, 0x1, 0xff, 0x36, 0xef, 0xf4, 0x80, 0x7f,
    0xc7, 0x11, 0xfc, 0xa0, 0x1f, 0xfc, 0xf, 0xff,
    0xe1, 0x0, 0xff, 0x8d, 0xdf, 0xf9, 0x0, 0x3f,
    0xe7, 0xff, 0xfe, 0xa0, 0xf, 0xf9, 0xff, 0xff,
    0xa8, 0x3, 0xfe, 0x49, 0x9f, 0xe6, 0x0, 0xf5,
    0x66, 0xc, 0x16, 0xab, 0xf9, 0x0, 0x19, 0x90,
    0x21, 0x98, 0x0, 0x26, 0x7f, 0xc4, 0x0, 0x33,
    0x84,

    /* U+806A "聪" */
    0x0, 0xff, 0xe0, 0x8, 0x6, 0x13, 0x0, 0xff,
    0xe1, 0xaf, 0xb0, 0x4, 0xf9, 0x20, 0x19, 0xff,
    0xfe, 0xe0, 0x61, 0x91, 0x0, 0x40, 0x60, 0x6,
    0xf0, 0xf, 0xe3, 0x40, 0x60, 0x71, 0x35, 0x0,
    0xd2, 0xa0, 0xfb, 0x20, 0x98, 0x94, 0xe1, 0xb5,
    0x0, 0xa, 0x60, 0x8, 0x4c, 0x38, 0x8c, 0x4,
    0x88, 0xa6, 0xa, 0xa0, 0x1, 0xae, 0x80, 0x78,
    0x44, 0x60, 0x1c, 0x51, 0x1c, 0x80, 0x1f, 0xa3,
    0xa4, 0x3, 0x9d, 0xfd, 0x80, 0x1f, 0xfd, 0x39,
    0xfa, 0x0, 0xff, 0xe8, 0x9, 0x9f, 0x70, 0x7,
    0xee, 0x22, 0x0, 0x72, 0x66, 0x73, 0x0, 0x7e,
    0x7d, 0x80, 0xf, 0xfe, 0x48, 0x80, 0x66, 0xff,
    0xa0, 0xbb, 0xfe, 0xb0, 0xf, 0x4f, 0x50, 0x4,
    0x64, 0xce, 0x25, 0x20, 0x4, 0x70, 0xf, 0xf0,
    0x8a, 0x36, 0x20, 0xe2, 0xe2, 0x13, 0x4, 0x1,
    0xd8, 0xf2, 0x9, 0x68, 0x46, 0x0, 0x70, 0x40,
    0xa0, 0xb0, 0x6, 0xb0, 0x2c, 0x18, 0x1, 0x1,
    0x0, 0x2b, 0xd6, 0xa2, 0x6, 0x0, 0x18, 0x0,
    0x51, 0x0, 0xa8, 0x18, 0x1, 0x11, 0x1d, 0x71,
    0x1, 0x42, 0xb3, 0xfa, 0xf8, 0x5, 0x41, 0x44,
    0x10, 0x45, 0xa1, 0xda, 0x18, 0x8, 0x60, 0x1e,
    0x87, 0x7, 0xa, 0xee, 0x30, 0x1b, 0xd4, 0x80,
    0x7e, 0x17, 0x80, 0x83, 0x0, 0x85, 0x90, 0x54,
    0x3, 0xe5, 0xfa, 0x0, 0x8f, 0x3f, 0xee, 0x90,
    0xc,

    /* U+81F3 "至" */
    0xd, 0xff, 0xff, 0xe3, 0x10, 0x0, 0xc0, 0x3f,
    0xf9, 0x35, 0x77, 0xa0, 0x0, 0x35, 0x77, 0x3d,
    0xdf, 0x10, 0x1, 0x13, 0x2c, 0x80, 0x31, 0x51,
    0x1c, 0xe4, 0x89, 0x80, 0x3c, 0x38, 0x21, 0x84,
    0x1, 0x30, 0x4b, 0x80, 0x7e, 0x2c, 0x20, 0xb3,
    0x0, 0xda, 0x41, 0xe, 0x1, 0xe4, 0xc2, 0x9,
    0x73, 0x44, 0x2a, 0x9d, 0x40, 0x10, 0xc0, 0x19,
    0x2c, 0x40, 0x13, 0x98, 0xbb, 0x55, 0x25, 0xc0,
    0x29, 0x40, 0x9, 0x0, 0x3e, 0x11, 0x11, 0xc,
    0xc8, 0x80, 0x7, 0x80, 0x6a, 0xbc, 0xde, 0xff,
    0x54, 0xc6, 0xe6, 0x2e, 0xe1, 0xa0, 0xc, 0xa8,
    0x64, 0x20, 0xd, 0x88, 0x0, 0x72, 0x78, 0x80,
    0x7f, 0xf2, 0x4, 0x3, 0xbb, 0xff, 0xcc, 0x5,
    0xff, 0xf1, 0x0, 0x61, 0x0, 0xff, 0xe4, 0xe6,
    0x7c, 0xa0, 0x39, 0x9f, 0x10, 0x6, 0x33, 0xfc,
    0x6, 0x7f, 0x80, 0x3f, 0xf9, 0xa4, 0x5f, 0xc6,
    0x0, 0x22, 0xfe, 0xc, 0xdd, 0xfc, 0xa0, 0x5b,
    0xbf, 0xc4, 0x1, 0xff, 0xca,

    /* U+8868 "表" */
    0x0, 0xff, 0xea, 0xbf, 0xf0, 0x7, 0xff, 0x4,
    0x47, 0xe0, 0x8, 0x47, 0xf0, 0x6, 0x9e, 0xef,
    0xa0, 0x7, 0xbb, 0xf1, 0x0, 0x42, 0x1, 0xff,
    0xc6, 0x30, 0xa, 0x3f, 0xfe, 0x80, 0x1f, 0xff,
    0xc2, 0x1, 0xc2, 0x3e, 0x0, 0x84, 0x7e, 0x0,
    0xf5, 0x77, 0x7a, 0x0, 0x7b, 0xbe, 0x20, 0xe,
    0x30, 0xf, 0xfe, 0x54, 0xff, 0xfa, 0x0, 0x7f,
    0xfe, 0x20, 0x8, 0x4c, 0xff, 0x70, 0x0, 0xcf,
    0xf8, 0x0, 0xd9, 0x9f, 0x98, 0x7, 0x33, 0xf8,
    0x0, 0x48, 0x9f, 0x8, 0x4, 0x89, 0xfc, 0x0,
    0x5b, 0xbf, 0x68, 0x80, 0x51, 0x77, 0x50, 0x1d,
    0xd8, 0x3, 0xe1, 0xa9, 0x3, 0x40, 0xf0, 0x3,
    0x72, 0x39, 0x0, 0x7c, 0xdc, 0xa0, 0xb9, 0x20,
    0x73, 0x92, 0x3, 0x24, 0x1, 0xcd, 0xd2, 0x1,
    0x48, 0x14, 0x83, 0x18, 0x37, 0xb0, 0x6, 0x7e,
    0x91, 0x4, 0x0, 0xe6, 0x70, 0x1, 0xc0, 0x80,
    0x74, 0x88, 0x1e, 0x50, 0x7, 0x17, 0x40, 0x1f,
    0xb8, 0x80, 0x69, 0x3b, 0xc3, 0x0, 0xcd, 0x9b,
    0x6f, 0x62, 0x28, 0xea, 0x50, 0x3, 0xe2, 0x0,
    0x14, 0x1, 0x92, 0x60, 0x20, 0x9d, 0x2, 0xb,
    0x46, 0x1, 0xee, 0x0, 0x8e, 0x3b, 0x0, 0x27,
    0xe9, 0x33, 0x80, 0x3d, 0x25, 0x1d, 0x8e, 0x20,
    0x1e, 0x6c, 0xc0, 0x7, 0xc7, 0xae, 0x20, 0x1f,
    0xfc, 0x10,

    /* U+8BA4 "认" */
    0x0, 0x84, 0x3, 0xf2, 0xa8, 0x40, 0x3f, 0xab,
    0x4, 0x3, 0xeb, 0xa7, 0x0, 0xfc, 0x6a, 0x5a,
    0x1, 0xff, 0xc6, 0x3a, 0x3, 0xb0, 0xf, 0xfe,
    0x32, 0xb0, 0x24, 0x0, 0x7f, 0xf1, 0xa4, 0xc3,
    0x40, 0x38, 0x40, 0x3f, 0xf8, 0x3d, 0x2a, 0x1,
    0xf7, 0x0, 0x7f, 0xc4, 0xc0, 0x1f, 0x84, 0x3,
    0xe9, 0xff, 0xcc, 0x1, 0xc4, 0x0, 0x50, 0xf,
    0x8c, 0x3, 0xfc, 0xc0, 0x3, 0x0, 0xfb, 0xdd,
    0xc0, 0x1f, 0x8c, 0x2, 0x30, 0xf, 0x2c, 0x40,
    0x40, 0x3e, 0xc0, 0xa, 0xc0, 0x3f, 0xf8, 0x82,
    0x80, 0xe0, 0xa0, 0x1f, 0xfc, 0x44, 0x1, 0x81,
    0x24, 0x0, 0xff, 0xe0, 0x18, 0x2, 0x41, 0x81,
    0xc2, 0x0, 0x3f, 0xe7, 0xd0, 0x53, 0x9, 0xb,
    0x3, 0x40, 0xf, 0xeb, 0x81, 0x38, 0x6, 0x10,
    0x25, 0xa, 0x0, 0xfe, 0x20, 0x99, 0x10, 0xc0,
    0x5, 0x0, 0x34, 0x1, 0xe1, 0x0, 0x48, 0xa8,
    0x58, 0x80, 0x45, 0x0, 0xae, 0x1, 0x8c, 0x1,
    0x43, 0x0, 0xca, 0x1, 0xce, 0x61, 0xc, 0x1,
    0x1c, 0xc8, 0x20, 0xe, 0x40, 0x3e, 0xd1, 0x9,
    0x20, 0x9, 0x98, 0xa6, 0x5a, 0x1, 0xf8, 0x70,
    0x64, 0x80, 0x3d, 0xb8, 0x20, 0x1f, 0xc5, 0xec,
    0x0,

    /* U+8C03 "调" */
    0x0, 0xff, 0xe5, 0xdd, 0x80, 0x22, 0x2f, 0xfe,
    0x8, 0x1, 0x51, 0x10, 0x0, 0xfd, 0xdf, 0xfe,
    0x2, 0x2, 0xb0, 0x3a, 0x0, 0x7f, 0xf1, 0x64,
    0x42, 0x84, 0x1, 0x5f, 0xea, 0x59, 0xff, 0x84,
    0x3, 0xa8, 0x10, 0x40, 0x38, 0x97, 0x0, 0x3f,
    0x92, 0xa8, 0x1, 0xb7, 0xa0, 0x17, 0xb8, 0x60,
    0x10, 0x99, 0xcc, 0x1, 0xc6, 0x20, 0x10, 0x88,
    0x3, 0x3e, 0x65, 0xc0, 0x1d, 0xdf, 0x0, 0xbf,
    0xe3, 0x0, 0xff, 0xe6, 0x3e, 0x40, 0x7, 0xbf,
    0xe8, 0x5, 0xff, 0x58, 0x4, 0x26, 0x40, 0x1f,
    0x8, 0xfe, 0x0, 0xff, 0xe0, 0x77, 0x7e, 0xa0,
    0xf, 0xf1, 0x80, 0x27, 0x77, 0xa4, 0x3, 0xff,
    0x84, 0x45, 0xf0, 0x7, 0xf3, 0x10, 0x83, 0x80,
    0x2b, 0xe8, 0x3, 0xfc, 0x53, 0xc0, 0x1, 0x0,
    0xff, 0xe2, 0x88, 0x0, 0x80, 0x6, 0x46, 0x1,
    0xf8, 0xc0, 0x8, 0xa0, 0x20, 0x14, 0xec, 0x80,
    0x7e, 0xf0, 0x2b, 0x40, 0x40, 0x34, 0x4e, 0x30,
    0x10, 0xd, 0x2b, 0x86, 0x60, 0xc0, 0x8b, 0xbd,
    0xc9, 0xc0, 0x7, 0x0, 0xa8, 0x6c, 0x0, 0xe0,
    0x1e, 0x63, 0x10, 0x33, 0x0, 0x74, 0x4c, 0x8,
    0x7, 0x8d, 0xe2, 0xf0, 0x0,

    /* U+8FDE "连" */
    0x0, 0xff, 0xe0, 0x33, 0x98, 0x7, 0xf8, 0x6d,
    0xc0, 0x3e, 0x98, 0x40, 0xf, 0xf4, 0x24, 0x20,
    0x7, 0x28, 0x1, 0x40, 0x3f, 0xd2, 0x41, 0x44,
    0x3f, 0xf5, 0x0, 0x37, 0xff, 0xcc, 0x1, 0xbc,
    0x7, 0x80, 0x3f, 0xf8, 0x42, 0x1, 0x8a, 0x0,
    0x8f, 0x74, 0x80, 0x3b, 0xbf, 0x98, 0x3, 0x9d,
    0x70, 0x88, 0x8, 0x12, 0x73, 0x6, 0x45, 0x84,
    0x3, 0xd4, 0x40, 0xb, 0x1, 0x73, 0x45, 0x30,
    0xf, 0x8d, 0xdf, 0x10, 0x13, 0x4, 0x80, 0x7f,
    0xf0, 0x2a, 0x23, 0x20, 0x58, 0x2, 0xb3, 0xc0,
    0x1f, 0x99, 0x50, 0x4, 0x20, 0x1e, 0x30, 0x1,
    0x19, 0x0, 0x8, 0xce, 0x70, 0xa, 0x3f, 0xc2,
    0x1, 0x4c, 0xf4, 0x0, 0x22, 0x66, 0x80, 0xf,
    0xf1, 0xb3, 0x65, 0x0, 0x2b, 0x34, 0xa0, 0x1f,
    0xfd, 0x4c, 0xff, 0xed, 0x0, 0x6f, 0xfe, 0xe0,
    0xf, 0xfe, 0x9f, 0x66, 0x75, 0x0, 0x2b, 0x33,
    0x68, 0x6, 0x41, 0xf, 0x23, 0x3e, 0x70, 0x3,
    0x99, 0xf0, 0x4, 0xb6, 0x0, 0x68, 0x0, 0xff,
    0xe2, 0x2d, 0x1, 0x20, 0x3e, 0xc2, 0x99, 0x83,
    0x30, 0x26, 0x88, 0x55, 0x10, 0x40, 0x16, 0x5a,
    0x81, 0x3d, 0x66, 0x37, 0x33, 0x5d, 0xaa, 0x8c,
    0x1e, 0x5e, 0x21, 0x58, 0xc4, 0x1, 0xff, 0xa,
    0x1, 0x69, 0x0, 0x47, 0x3b, 0xff, 0x77, 0x6f,
    0xfd, 0xc0,

    /* U+9002 "适" */
    0x0, 0xff, 0xe7, 0x5c, 0x0, 0x7c, 0x24, 0x6a,
    0xd1, 0x37, 0x40, 0x1a, 0x11, 0xd8, 0x1, 0x5d,
    0xfe, 0xed, 0xca, 0x97, 0x64, 0x40, 0x6, 0x84,
    0x9, 0x40, 0x11, 0x0, 0x79, 0x5e, 0x2b, 0x40,
    0x3a, 0x84, 0x28, 0x6b, 0x7b, 0xfc, 0xe0, 0x35,
    0xe, 0xa6, 0x1, 0xc3, 0x40, 0x2, 0x12, 0x10,
    0xf, 0xfe, 0x22, 0x46, 0x3e, 0xef, 0x30, 0xe,
    0xef, 0x60, 0x7, 0x9c, 0x84, 0x8b, 0x84, 0x0,
    0x45, 0xe0, 0x1, 0xbb, 0xe2, 0x49, 0x9e, 0x40,
    0x4, 0xcf, 0x58, 0x2, 0xe2, 0x33, 0x8b, 0x37,
    0x18, 0xb, 0x37, 0x28, 0x7, 0xf8, 0xcf, 0x8,
    0x0, 0xcf, 0x8, 0x5, 0x1d, 0xc0, 0xc, 0x79,
    0x99, 0x80, 0x73, 0x34, 0x80, 0x61, 0x10, 0x7,
    0xff, 0x4b, 0x3f, 0xfc, 0x20, 0x1f, 0xfd, 0xa4,
    0x4f, 0x84, 0x3, 0xff, 0x87, 0x17, 0x7e, 0x0,
    0xfc, 0xe0, 0xf, 0x1, 0x0, 0xff, 0xbc, 0x3,
    0x34, 0x0, 0x16, 0xb, 0xff, 0xfe, 0x70, 0x9,
    0x64, 0x0, 0x60, 0xfa, 0xe8, 0x67, 0xe4, 0x42,
    0xac, 0x81, 0x0, 0xb, 0xc4, 0x2, 0x8b, 0xcc,
    0xf5, 0xda, 0xaa, 0xc0, 0xe0, 0xb4, 0xb, 0xa4,
    0x10, 0xf, 0xf0, 0x8b, 0x0, 0xf9, 0x0, 0x25,
    0xbe, 0xfe, 0xee, 0xff, 0xdd, 0xc4,

    /* U+91CD "重" */
    0x0, 0xff, 0xe2, 0x88, 0x80, 0x39, 0x9d, 0xd1,
    0x9, 0xaa, 0x5e, 0x63, 0x7b, 0xfd, 0xdc, 0x0,
    0xeb, 0x88, 0x3b, 0x99, 0x54, 0x86, 0x62, 0x10,
    0x8, 0x40, 0x3a, 0x9d, 0xe8, 0x99, 0x20, 0xe,
    0x6e, 0xbb, 0xfd, 0xc0, 0x1c, 0xf1, 0x13, 0xb3,
    0xc, 0xc, 0xc4, 0x41, 0x0, 0xf7, 0x7f, 0xfe,
    0x70, 0x2f, 0xff, 0xe4, 0x53, 0x3f, 0xc2, 0x0,
    0x33, 0xfe, 0x7b, 0xcc, 0xfc, 0xc0, 0x59, 0x9f,
    0xc6, 0x0, 0x6f, 0xff, 0x38, 0x17, 0xff, 0xb0,
    0x3, 0xf1, 0x9e, 0x10, 0x1, 0x9e, 0x10, 0xf,
    0xe1, 0xcc, 0xcc, 0x5, 0x99, 0x9c, 0x3, 0xf8,
    0x7f, 0xf3, 0x81, 0x7f, 0xe6, 0x0, 0xff, 0x22,
    0x62, 0x0, 0x22, 0x62, 0x0, 0xfe, 0x1b, 0xbc,
    0xa0, 0x57, 0x79, 0x0, 0x3f, 0x87, 0xff, 0x38,
    0x17, 0xfe, 0x60, 0xf, 0x8c, 0xfe, 0x10, 0x1,
    0x9f, 0x94, 0x3, 0x97, 0x33, 0xcc, 0x5, 0x99,
    0xe9, 0x0, 0xed, 0xff, 0xf3, 0x81, 0x7f, 0xfc,
    0x60, 0x19, 0xd1, 0x3c, 0x40, 0x4, 0x4f, 0x84,
    0x3, 0x55, 0xdf, 0x94, 0xa, 0xef, 0xe2, 0x0,
    0x26, 0x67, 0xe6, 0x2, 0xcc, 0xfd, 0x20, 0x46,
    0x7f, 0x84, 0x0, 0x67, 0xf9, 0x40,

    /* U+91CF "量" */
    0x0, 0x1b, 0xbf, 0xff, 0xd, 0x40, 0x3a, 0xe2,
    0x3f, 0xf8, 0x72, 0x1, 0xf0, 0xe6, 0x7f, 0xca,
    0x1, 0xfc, 0x39, 0x9f, 0xf2, 0x80, 0x7f, 0x17,
    0x77, 0xfc, 0xc0, 0x1f, 0xc5, 0xdd, 0xff, 0x30,
    0x7, 0xd5, 0x77, 0xff, 0xc3, 0xf0, 0xa, 0xae,
    0x7f, 0xff, 0xf8, 0x71, 0x76, 0x11, 0x33, 0x7f,
    0xf2, 0xe, 0xf7, 0x3b, 0xbf, 0xf8, 0x7f, 0xba,
    0x20, 0x4, 0xe6, 0x7f, 0xf0, 0xf8, 0x3, 0xe1,
    0xbb, 0xca, 0x5, 0x77, 0x94, 0x3, 0xf8, 0x66,
    0x72, 0x1, 0x4c, 0xe5, 0x0, 0xfe, 0x14, 0x4c,
    0x40, 0x28, 0x98, 0x80, 0x3f, 0xc2, 0x38, 0x2,
    0x11, 0xe0, 0xf, 0xe1, 0x77, 0xc6, 0x2, 0xef,
    0x8c, 0x3, 0xe8, 0xff, 0xf3, 0x81, 0xff, 0xfb,
    0x0, 0x3b, 0x7f, 0xfc, 0xe0, 0x7f, 0xff, 0x8,
    0x6, 0xb8, 0x8f, 0x20, 0xc, 0x47, 0xc2, 0x0,
    0x38, 0xef, 0xff, 0x38, 0x3, 0xff, 0xe8, 0x50,
    0x57, 0x7f, 0xc6, 0x2, 0xef, 0xfb, 0xc0,

    /* U+949F "钟" */
    0x0, 0x87, 0x24, 0x3, 0xf1, 0xdc, 0x80, 0x7e,
    0x73, 0x60, 0xf, 0xcc, 0x8e, 0x1, 0xfa, 0x81,
    0x40, 0x3f, 0xf8, 0xc4, 0x60, 0x31, 0x10, 0x80,
    0x7f, 0xf0, 0xa8, 0x0, 0x8e, 0xf1, 0x19, 0xe2,
    0x0, 0x19, 0xe0, 0x0, 0xb8, 0x11, 0x9e, 0xbc,
    0xcd, 0x0, 0x39, 0x99, 0x2, 0x40, 0x19, 0x9d,
    0xc0, 0x1f, 0xfc, 0x1, 0x70, 0x50, 0x11, 0x80,
    0x21, 0xff, 0x50, 0xf, 0xf8, 0x40, 0x2, 0x80,
    0xbd, 0xda, 0x0, 0x3f, 0xf8, 0x57, 0xa0, 0x1f,
    0xfc, 0x92, 0xe0, 0x5, 0x74, 0x0, 0x7f, 0xf1,
    0x4, 0x0, 0xc2, 0x1, 0xff, 0xc3, 0x39, 0x90,
    0x2, 0x65, 0x0, 0x1f, 0xfc, 0x25, 0x66, 0x0,
    0x15, 0x98, 0x0, 0x1d, 0xd5, 0x80, 0xee, 0x84,
    0x2, 0x26, 0x60, 0x1, 0x19, 0x80, 0x11, 0x10,
    0x40, 0x4, 0x40, 0xc, 0x93, 0x20, 0x4, 0x4c,
    0x24, 0xce, 0x60, 0x19, 0x9c, 0xa0, 0x1f, 0xc4,
    0xcd, 0xb0, 0x0, 0xcd, 0x84, 0x3, 0xe2, 0xa3,
    0x0, 0xff, 0xe3, 0x76, 0xaa, 0x0, 0x7f, 0xf0,
    0xd0, 0x0, 0x40, 0x8a, 0x1, 0xff, 0xc3, 0x30,
    0x2, 0x65, 0x90, 0x7, 0xff, 0xd, 0xd3, 0x2c,
    0xc0, 0x3f, 0xf8, 0x40,

    /* U+95ED "闭" */
    0x0, 0x31, 0x80, 0x7f, 0xf1, 0x56, 0x70, 0xc0,
    0x3f, 0xf8, 0x8c, 0x0, 0xc3, 0xf, 0xff, 0xfe,
    0x2, 0x1, 0xe0, 0x3, 0x8, 0x3, 0xff, 0x86,
    0x76, 0x4, 0x77, 0x79, 0xdd, 0x57, 0x6a, 0x0,
    0x9f, 0xf9, 0x27, 0xc5, 0x13, 0x3b, 0x8d, 0x12,
    0x0, 0xf9, 0x88, 0x3, 0xff, 0x8c, 0x67, 0xf0,
    0x3, 0x8c, 0xe0, 0xf, 0xb3, 0x3e, 0x0, 0x3e,
    0x61, 0xc0, 0x3f, 0xf9, 0xff, 0xfc, 0xc0, 0x14,
    0xff, 0x90, 0x3, 0xfe, 0x56, 0x0, 0xff, 0xe2,
    0xa5, 0x3, 0x80, 0x7f, 0xf0, 0xce, 0xc0, 0xe0,
    0x3, 0xff, 0x84, 0xb8, 0x3, 0xa0, 0x1f, 0xfc,
    0x28, 0xa0, 0x1c, 0x10, 0xf, 0xfe, 0x0, 0xe3,
    0x80, 0xe1, 0x0, 0x7f, 0xf0, 0x8c, 0xf, 0xc8,
    0x3, 0xff, 0x84, 0x36, 0xf8, 0x20, 0xf1, 0x60,
    0x3, 0x0, 0x18, 0x7, 0x92, 0x0, 0x2c, 0x74,
    0x0, 0x21, 0x1d, 0x80, 0x7f, 0xdc, 0x6a, 0xfa,
    0x3f, 0x8c, 0x0, 0x60, 0xf, 0xcb, 0x95, 0x4,
    0xa, 0x1, 0x31, 0x3f, 0xf0, 0x7, 0xfd, 0x37,
    0xbf, 0x20,

    /* U+9759 "静" */
    0x0, 0xe6, 0x60, 0x7, 0x86, 0x14, 0x3, 0xff,
    0x81, 0x32, 0x20, 0xe, 0x97, 0x90, 0xf, 0xc9,
    0x55, 0x0, 0x26, 0xa8, 0xe0, 0x2e, 0x7, 0xdd,
    0x58, 0x6, 0x35, 0x58, 0x0, 0x8a, 0xad, 0xa,
    0x0, 0x84, 0x67, 0x0, 0xcf, 0xdd, 0x0, 0x33,
    0xb9, 0x6c, 0x81, 0x9d, 0xa2, 0x14, 0x1, 0xd1,
    0x76, 0x0, 0x45, 0xd9, 0x64, 0x20, 0xc6, 0x85,
    0x18, 0x3, 0x99, 0x54, 0x0, 0x45, 0x50, 0x10,
    0x6d, 0x51, 0xc1, 0xea, 0x40, 0x37, 0xfc, 0x0,
    0xcf, 0xf2, 0x40, 0x2a, 0xc0, 0x3, 0x57, 0x0,
    0xd, 0xde, 0x0, 0x45, 0xda, 0x92, 0xa9, 0x0,
    0x35, 0x20, 0x1c, 0x89, 0x80, 0x8, 0x98, 0x55,
    0x60, 0x2, 0xb8, 0x6, 0x1f, 0xff, 0xec, 0x44,
    0xc0, 0x4, 0x40, 0xa, 0x10, 0x1, 0xee, 0xfd,
    0x2b, 0x77, 0x48, 0xd, 0xd0, 0x2, 0xe8, 0x1,
    0x88, 0x9f, 0x11, 0x9c, 0x40, 0x3, 0x30, 0x0,
    0xf8, 0x3, 0x5f, 0xfc, 0x0, 0x5c, 0xcb, 0xc0,
    0x73, 0x40, 0x71, 0x80, 0x35, 0xff, 0xc0, 0x18,
    0x46, 0x0, 0x9, 0x80, 0x7e, 0x34, 0x48, 0x2,
    0xfe, 0xe6, 0x0, 0xf6, 0x80, 0x7e, 0x8b, 0xb5,
    0x0, 0x7f, 0xf1, 0xef, 0xfd, 0xc0, 0x17, 0xfd,
    0xa0, 0x3f, 0xf7, 0x0, 0x79, 0x15, 0x60, 0xf,
    0xfe, 0x3f, 0xd5, 0x2c, 0x3, 0xc8, 0x6, 0x1,
    0xff, 0xc0, 0x8e, 0x1, 0x0, 0x3f, 0xc8, 0x8,
    0x7, 0xff, 0x3, 0x44, 0xe0, 0x0, 0xc0, 0x49,
    0xe0, 0x1e,

    /* U+97F3 "音" */
    0x0, 0xfe, 0x14, 0x20, 0xf, 0xfe, 0x3f, 0xdc,
    0x0, 0x7f, 0xc4, 0x89, 0xf2, 0x82, 0xa2, 0x7c,
    0x60, 0x15, 0xdf, 0xe4, 0x0, 0x5d, 0xfd, 0xe0,
    0x10, 0x80, 0x7f, 0xf1, 0x5c, 0x2, 0x8f, 0xf8,
    0x0, 0xff, 0xfd, 0x80, 0xb, 0xff, 0x58, 0x7,
    0xc6, 0x6, 0x1, 0xc8, 0x0, 0x50, 0xe, 0x11,
    0xe6, 0x5, 0x11, 0xec, 0x2, 0x1, 0x1c, 0x1f,
    0xdd, 0x94, 0x7, 0xbb, 0x90, 0xb, 0xbb, 0x84,
    0x3, 0xff, 0x95, 0xfd, 0xdf, 0xfc, 0x81, 0x1c,
    0xab, 0xff, 0xc3, 0x1, 0x10, 0x4, 0x77, 0x7f,
    0xfc, 0x36, 0x0, 0xff, 0xe9, 0x5f, 0xff, 0xf7,
    0x0, 0x7f, 0xc4, 0x67, 0xfc, 0x40, 0x1f, 0xf4,
    0xe6, 0x7f, 0x80, 0x3f, 0xfa, 0xb7, 0xff, 0xfd,
    0xc0, 0x1f, 0xf1, 0x17, 0xfc, 0x1, 0xff, 0x4e,
    0xef, 0xf6, 0x0, 0x7f, 0xf4, 0x0,

    /* U+9875 "页" */
    0x5, 0x5f, 0xfe, 0x38, 0x8a, 0xab, 0xff, 0x8e,
    0x82, 0x1, 0xff, 0xc9, 0xff, 0xfc, 0x40, 0x5f,
    0xff, 0x94, 0x3, 0xf0, 0x90, 0x20, 0x7, 0xfc,
    0x2a, 0xbd, 0x20, 0x12, 0xaf, 0x88, 0x3, 0x15,
    0x57, 0x38, 0x1, 0xaa, 0xbe, 0x0, 0xff, 0xe8,
    0x57, 0xff, 0xf8, 0x3, 0xff, 0x84, 0xf9, 0x40,
    0x1f, 0xfc, 0x6f, 0x34, 0x0, 0xff, 0xe3, 0x8,
    0x18, 0x7, 0xff, 0x18, 0x80, 0x40, 0x3f, 0xf8,
    0xcc, 0xc, 0x1, 0xff, 0xc5, 0x32, 0xd, 0x0,
    0xff, 0x84, 0x70, 0x3, 0xc0, 0xb, 0xd0, 0x20,
    0x66, 0xe0, 0xc, 0x5d, 0xc4, 0x2c, 0x30, 0x55,
    0xb, 0xf4, 0xee, 0x30, 0x7, 0x8a, 0x74, 0xc0,
    0xe9, 0x54, 0x0, 0x6e, 0x81, 0x0, 0x89, 0xf3,
    0x58, 0x0, 0xd8, 0x5, 0x5a, 0x80, 0x7, 0xe7,
    0x8, 0xd8, 0x30, 0x1, 0xe4, 0x80, 0x62, 0xbb,
    0x10, 0x2, 0x1a, 0x80, 0x25, 0xcc, 0x18, 0x7,
    0xc9, 0xb0, 0x0, 0x62, 0x7a, 0xfa, 0x30, 0xf,
    0xf9, 0xf6, 0x40,

    /* U+9898 "题" */
    0x0, 0x12, 0xaf, 0xc6, 0x2, 0x3f, 0xe0, 0x9,
    0x6a, 0xbe, 0x90, 0xee, 0xff, 0x0, 0x71, 0xcc,
    0xca, 0x1, 0xff, 0xc6, 0x66, 0xda, 0x1, 0x7f,
    0xd8, 0x3, 0xff, 0x80, 0x39, 0x7f, 0xe8, 0x0,
    0xf2, 0x2, 0x0, 0x7f, 0xa, 0x24, 0x40, 0x12,
    0xee, 0xa0, 0x13, 0x76, 0x10, 0xe, 0x7b, 0xba,
    0x80, 0x23, 0x22, 0x0, 0x4, 0x8a, 0x0, 0xf3,
    0x77, 0x50, 0x1, 0xcf, 0xff, 0x84, 0x3, 0x84,
    0x0, 0x23, 0x0, 0xc, 0x3, 0xae, 0x0, 0x3e,
    0x6f, 0xff, 0xa4, 0x3, 0x91, 0x40, 0x3c, 0x7b,
    0xbf, 0xd6, 0x1, 0xff, 0xc0, 0x72, 0x2f, 0xe6,
    0x0, 0xe1, 0x0, 0xf2, 0x65, 0xe6, 0xc, 0x23,
    0x31, 0xe0, 0x11, 0x3, 0x80, 0x7e, 0xb8, 0x37,
    0x2, 0x33, 0x10, 0x4, 0xa0, 0x40, 0x1f, 0x30,
    0x8, 0x5, 0x7d, 0xc5, 0x6f, 0xc8, 0xf, 0xdb,
    0xf1, 0x0, 0x88, 0xc, 0x2, 0x11, 0x8c, 0x1e,
    0xc0, 0xc0, 0xaa, 0x0, 0x36, 0x3, 0x8, 0x2,
    0xbb, 0xb4, 0x0, 0xeb, 0x40, 0x3c, 0x0, 0x48,
    0x0, 0xa7, 0x0, 0x8, 0x8c, 0x41, 0x7c, 0x41,
    0xdc, 0x16, 0x0, 0x50, 0x31, 0x43, 0x2, 0x32,
    0xf1, 0x98, 0x32, 0x21, 0xda, 0xb1, 0x84, 0x84,
    0xe8, 0x80, 0x23, 0x36, 0xc6, 0x77, 0x76, 0x61,
    0x69, 0x4, 0x88, 0xa7, 0xee, 0x40, 0x1f, 0xfc,
    0x11, 0x41, 0xef, 0x0, 0xc, 0x6f, 0xfb, 0xbb,
    0xef, 0xfd, 0xc6,

    /* U+9996 "首" */
    0x0, 0xff, 0xe7, 0xb7, 0x20, 0x7, 0xb2, 0x48,
    0x3, 0xfd, 0xa3, 0x40, 0x1c, 0xc6, 0xce, 0x1,
    0xfe, 0x90, 0x15, 0x0, 0x8a, 0x41, 0x14, 0x3,
    0xa7, 0x77, 0x78, 0x2, 0x37, 0x6c, 0x0, 0x2e,
    0xef, 0x9, 0x17, 0x80, 0x4, 0x58, 0x40, 0x2,
    0x45, 0xc1, 0x15, 0x5f, 0x84, 0xe, 0xab, 0xf8,
    0x4d, 0x57, 0xe4, 0x10, 0xa5, 0x5f, 0xe0, 0xd,
    0xbb, 0xd8, 0x0, 0xbd, 0xdf, 0x28, 0x7, 0x9,
    0x17, 0x80, 0x4, 0x5f, 0x18, 0x7, 0xe7, 0xbb,
    0xff, 0x0, 0x7f, 0xda, 0x89, 0xfe, 0x0, 0xff,
    0xab, 0xff, 0xfc, 0x1, 0xff, 0xd5, 0x8c, 0xcf,
    0xf0, 0x7, 0xfc, 0x46, 0x7f, 0xe0, 0xf, 0xfa,
    0xbf, 0xff, 0xc0, 0x1f, 0xfd, 0x5a, 0xee, 0xff,
    0x0, 0x7f, 0xf0, 0x4, 0x7f, 0xc0, 0x1f, 0xf5,
    0x7f, 0xff, 0x80, 0x3f, 0xfa, 0xb3, 0xdd, 0xfe,
    0x0, 0xfc, 0x3d, 0xc6, 0x11, 0xff, 0x7f, 0x98,
    0x2,

    /* U+9ED1 "黑" */
    0x0, 0x19, 0xff, 0xf1, 0x40, 0x3b, 0x73, 0x3f,
    0xf8, 0x86, 0x1, 0xe2, 0x33, 0xc2, 0x0, 0x33,
    0xe0, 0xf, 0xeb, 0xa1, 0xdc, 0x80, 0x2c, 0xc2,
    0x2e, 0x80, 0x7f, 0xa8, 0xb0, 0x40, 0x32, 0xbb,
    0x10, 0x7, 0xfb, 0xc, 0xa0, 0x2, 0x2a, 0x8,
    0x30, 0xf, 0xfb, 0x1a, 0x40, 0x22, 0xb7, 0x70,
    0x7, 0xfa, 0x7f, 0xcd, 0xf2, 0x5, 0xf6, 0xff,
    0xe0, 0xf, 0xfe, 0x8e, 0x6e, 0xf9, 0xc0, 0xb7,
    0x7e, 0x30, 0xf, 0xfe, 0x48, 0x80, 0x47, 0xbb,
    0xf3, 0x81, 0x6e, 0xfd, 0x20, 0x1f, 0xfc, 0xd3,
    0xff, 0xfa, 0x40, 0xbf, 0xfe, 0x80, 0x1, 0xa2,
    0x7e, 0xf0, 0x34, 0x4f, 0xe0, 0x8b, 0xbf, 0xcc,
    0x3, 0x77, 0xfc, 0x26, 0x62, 0x33, 0xff, 0xe3,
    0xc, 0x63, 0x8c, 0x67, 0x22, 0xe6, 0x39, 0x55,
    0x98, 0xf0, 0x6c, 0xc0, 0x0, 0xd4, 0x84, 0x19,
    0xd8, 0x41, 0x9a, 0x30, 0x63, 0x57, 0x0, 0xbc,
    0x9, 0x41, 0x0, 0x8, 0x8, 0x41, 0x20, 0xa8,
    0x10, 0x40, 0xe6, 0x10, 0x1, 0x10, 0x60, 0x2,
    0x81, 0xc0, 0x12, 0x0, 0x40, 0x66, 0x22, 0x80,
    0x51, 0x72, 0x0, 0x6a, 0xd0, 0x1, 0x3d, 0x30,
    0xc, 0xd8, 0x6, 0x54, 0x0, 0x85, 0x40, 0x34,
    0x28, 0x0,

    /* U+9ED8 "默" */
    0x0, 0xff, 0xe2, 0x8, 0x7, 0xf8, 0x47, 0xf8,
    0x2, 0x4e, 0xc0, 0x10, 0xf, 0x6f, 0x77, 0xf2,
    0x0, 0x73, 0x73, 0x0, 0x7c, 0x22, 0x0, 0x8,
    0x80, 0x3f, 0x18, 0x48, 0x80, 0x7a, 0xbd, 0x43,
    0x29, 0x80, 0x3e, 0x53, 0xb, 0x0, 0xf5, 0x40,
    0x0, 0x6d, 0xc0, 0x3f, 0x40, 0x8, 0x7, 0xa1,
    0x98, 0x1e, 0x4c, 0x1, 0xf9, 0x2a, 0xc0, 0x3c,
    0xd4, 0xc1, 0x3c, 0x0, 0x2d, 0xd4, 0x81, 0xee,
    0xa3, 0x44, 0x3, 0xb6, 0x14, 0x23, 0x98, 0x0,
    0x45, 0x0, 0x8, 0xb1, 0x80, 0x71, 0x10, 0x0,
    0x44, 0x10, 0x38, 0x82, 0x80, 0x22, 0x31, 0x0,
    0x59, 0xdd, 0x20, 0x67, 0x74, 0xae, 0xed, 0x0,
    0x33, 0xbc, 0x1, 0xff, 0xc5, 0xe0, 0x1, 0x0,
    0x7d, 0xfd, 0xd2, 0x6, 0x77, 0x44, 0x0, 0x50,
    0x2, 0x80, 0x7c, 0x42, 0x30, 0x0, 0x47, 0x18,
    0x0, 0xc0, 0x18, 0x1, 0xf6, 0x77, 0x4a, 0x19,
    0xdd, 0x0, 0xc, 0x2, 0x50, 0xf, 0x2d, 0xdb,
    0x35, 0x43, 0x7f, 0xea, 0xb, 0x3, 0x40, 0x60,
    0xe, 0xd4, 0x41, 0x90, 0x0, 0x48, 0x86, 0x60,
    0x60, 0xbe, 0xb, 0x0, 0xe9, 0x7c, 0xed, 0xd6,
    0x37, 0xd0, 0xc2, 0x88, 0x32, 0x89, 0x38, 0x6,
    0x27, 0xf0, 0xd8, 0x67, 0x4f, 0x25, 0xb0, 0x61,
    0x9, 0x8, 0x20, 0xa, 0xc1, 0x4, 0x19, 0x3,
    0x70, 0x28, 0x42, 0x0, 0xe, 0x41, 0xe2, 0x0,
    0x50, 0xc0, 0x13, 0x12, 0x54, 0x70, 0x4, 0x8,
    0x5, 0x20, 0x54, 0x2, 0x40, 0x80, 0x8c, 0x13,
    0xe0, 0x40, 0x6e, 0x1, 0x92, 0x3, 0x0, 0x7a,
    0xc0, 0x15, 0x20, 0x82, 0x14, 0xda, 0x1, 0xe7,
    0x97, 0x0
};


/*---------------------
 *  GLYPH DESCRIPTION
 *--------------------*/

static const lv_font_fmt_txt_glyph_dsc_t glyph_dsc[] = {
    {.bitmap_index = 0, .adv_w = 0, .box_w = 0, .box_h = 0, .ofs_x = 0, .ofs_y = 0} /* id = 0 reserved */,
    {.bitmap_index = 0, .adv_w = 99, .box_w = 0, .box_h = 0, .ofs_x = 0, .ofs_y = 0},
    {.bitmap_index = 0, .adv_w = 141, .box_w = 5, .box_h = 16, .ofs_x = 2, .ofs_y = 0},
    {.bitmap_index = 32, .adv_w = 158, .box_w = 8, .box_h = 7, .ofs_x = 1, .ofs_y = 11},
    {.bitmap_index = 62, .adv_w = 230, .box_w = 15, .box_h = 16, .ofs_x = 0, .ofs_y = 0},
    {.bitmap_index = 167, .adv_w = 225, .box_w = 12, .box_h = 22, .ofs_x = 1, .ofs_y = -3},
    {.bitmap_index = 269, .adv_w = 318, .box_w = 18, .box_h = 16, .ofs_x = 1, .ofs_y = 0},
    {.bitmap_index = 398, .adv_w = 246, .box_w = 16, .box_h = 16, .ofs_x = 0, .ofs_y = 0},
    {.bitmap_index = 513, .adv_w = 91, .box_w = 4, .box_h = 7, .ofs_x = 1, .ofs_y = 11},
    {.bitmap_index = 528, .adv_w = 147, .box_w = 8, .box_h = 23, .ofs_x = 1, .ofs_y = -5},
    {.bitmap_index = 611, .adv_w = 147, .box_w = 8, .box_h = 23, .ofs_x = 0, .ofs_y = -5},
    {.bitmap_index = 695, .adv_w = 173, .box_w = 11, .box_h = 9, .ofs_x = 0, .ofs_y = 9},
    {.bitmap_index = 740, .adv_w = 219, .box_w = 13, .box_h = 12, .ofs_x = 0, .ofs_y = 1},
    {.bitmap_index = 770, .adv_w = 123, .box_w = 6, .box_h = 7, .ofs_x = 0, .ofs_y = -3},
    {.bitmap_index = 793, .adv_w = 169, .box_w = 8, .box_h = 3, .ofs_x = 1, .ofs_y = 6},
    {.bitmap_index = 801, .adv_w = 123, .box_w = 5, .box_h = 4, .ofs_x = 1, .ofs_y = 0},
    {.bitmap_index = 810, .adv_w = 192, .box_w = 10, .box_h = 18, .ofs_x = 1, .ofs_y = -1},
    {.bitmap_index = 874, .adv_w = 225, .box_w = 12, .box_h = 16, .ofs_x = 1, .ofs_y = 0},
    {.bitmap_index = 962, .adv_w = 225, .box_w = 8, .box_h = 16, .ofs_x = 2, .ofs_y = 0},
    {.bitmap_index = 984, .adv_w = 225, .box_w = 12, .box_h = 16, .ofs_x = 1, .ofs_y = 0},
    {.bitmap_index = 1062, .adv_w = 225, .box_w = 12, .box_h = 16, .ofs_x = 1, .ofs_y = 0},
    {.bitmap_index = 1146, .adv_w = 225, .box_w = 14, .box_h = 16, .ofs_x = 0, .ofs_y = 0},
    {.bitmap_index = 1212, .adv_w = 225, .box_w = 12, .box_h = 16, .ofs_x = 1, .ofs_y = 0},
    {.bitmap_index = 1292, .adv_w = 225, .box_w = 12, .box_h = 16, .ofs_x = 1, .ofs_y = 0},
    {.bitmap_index = 1382, .adv_w = 225, .box_w = 12, .box_h = 16, .ofs_x = 1, .ofs_y = 0},
    {.bitmap_index = 1448, .adv_w = 225, .box_w = 12, .box_h = 16, .ofs_x = 1, .ofs_y = 0},
    {.bitmap_index = 1541, .adv_w = 225, .box_w = 12, .box_h = 16, .ofs_x = 1, .ofs_y = 0},
    {.bitmap_index = 1633, .adv_w = 152, .box_w = 5, .box_h = 13, .ofs_x = 2, .ofs_y = 0},
    {.bitmap_index = 1657, .adv_w = 152, .box_w = 6, .box_h = 16, .ofs_x = 1, .ofs_y = -3},
    {.bitmap_index = 1695, .adv_w = 219, .box_w = 13, .box_h = 14, .ofs_x = 0, .ofs_y = 0},
    {.bitmap_index = 1767, .adv_w = 219, .box_w = 13, .box_h = 9, .ofs_x = 0, .ofs_y = 3},
    {.bitmap_index = 1795, .adv_w = 219, .box_w = 13, .box_h = 14, .ofs_x = 0, .ofs_y = 0},
    {.bitmap_index = 1867, .adv_w = 170, .box_w = 11, .box_h = 16, .ofs_x = 0, .ofs_y = 0},
    {.bitmap_index = 1938, .adv_w = 329, .box_w = 19, .box_h = 20, .ofs_x = 1, .ofs_y = -4},
    {.bitmap_index = 2112, .adv_w = 271, .box_w = 17, .box_h = 16, .ofs_x = 0, .ofs_y = 0},
    {.bitmap_index = 2217, .adv_w = 245, .box_w = 13, .box_h = 16, .ofs_x = 1, .ofs_y = 0},
    {.bitmap_index = 2296, .adv_w = 231, .box_w = 13, .box_h = 16, .ofs_x = 1, .ofs_y = 0},
    {.bitmap_index = 2376, .adv_w = 272, .box_w = 15, .box_h = 16, .ofs_x = 1, .ofs_y = 0},
    {.bitmap_index = 2458, .adv_w = 215, .box_w = 12, .box_h = 16, .ofs_x = 1, .ofs_y = 0},
    {.bitmap_index = 2497, .adv_w = 205, .box_w = 11, .box_h = 16, .ofs_x = 1, .ofs_y = 0},
    {.bitmap_index = 2527, .adv_w = 265, .box_w = 14, .box_h = 16, .ofs_x = 1, .ofs_y = 0},
    {.bitmap_index = 2618, .adv_w = 278, .box_w = 15, .box_h = 16, .ofs_x = 1, .ofs_y = 0},
    {.bitmap_index = 2648, .adv_w = 113, .box_w = 5, .box_h = 16, .ofs_x = 1, .ofs_y = 0},
    {.bitmap_index = 2654, .adv_w = 112, .box_w = 9, .box_h = 21, .ofs_x = -3, .ofs_y = -5},
    {.bitmap_index = 2685, .adv_w = 247, .box_w = 15, .box_h = 16, .ofs_x = 1, .ofs_y = 0},
    {.bitmap_index = 2766, .adv_w = 200, .box_w = 11, .box_h = 16, .ofs_x = 1, .ofs_y = 0},
    {.bitmap_index = 2783, .adv_w = 332, .box_w = 18, .box_h = 16, .ofs_x = 1, .ofs_y = 0},
    {.bitmap_index = 2870, .adv_w = 288, .box_w = 16, .box_h = 16, .ofs_x = 1, .ofs_y = 0},
    {.bitmap_index = 2949, .adv_w = 286, .box_w = 16, .box_h = 16, .ofs_x = 1, .ofs_y = 0},
    {.bitmap_index = 3058, .adv_w = 238, .box_w = 13, .box_h = 16, .ofs_x = 1, .ofs_y = 0},
    {.bitmap_index = 3117, .adv_w = 286, .box_w = 16, .box_h = 19, .ofs_x = 1, .ofs_y = -3},
    {.bitmap_index = 3243, .adv_w = 245, .box_w = 15, .box_h = 16, .ofs_x = 1, .ofs_y = 0},
    {.bitmap_index = 3321, .adv_w = 220, .box_w = 12, .box_h = 16, .ofs_x = 1, .ofs_y = 0},
    {.bitmap_index = 3408, .adv_w = 209, .box_w = 13, .box_h = 16, .ofs_x = 0, .ofs_y = 0},
    {.bitmap_index = 3433, .adv_w = 276, .box_w = 15, .box_h = 16, .ofs_x = 1, .ofs_y = 0},
    {.bitmap_index = 3484, .adv_w = 258, .box_w = 16, .box_h = 16, .ofs_x = 0, .ofs_y = 0},
    {.bitmap_index = 3589, .adv_w = 358, .box_w = 22, .box_h = 16, .ofs_x = 0, .ofs_y = 0},
    {.bitmap_index = 3750, .adv_w = 255, .box_w = 16, .box_h = 16, .ofs_x = 0, .ofs_y = 0},
    {.bitmap_index = 3860, .adv_w = 246, .box_w = 16, .box_h = 16, .ofs_x = 0, .ofs_y = 0},
    {.bitmap_index = 3936, .adv_w = 246, .box_w = 14, .box_h = 16, .ofs_x = 1, .ofs_y = 0},
    {.bitmap_index = 4008, .adv_w = 122, .box_w = 7, .box_h = 23, .ofs_x = 1, .ofs_y = -5},
    {.bitmap_index = 4029, .adv_w = 195, .box_w = 12, .box_h = 21, .ofs_x = 0, .ofs_y = -3},
    {.bitmap_index = 4109, .adv_w = 122, .box_w = 6, .box_h = 23, .ofs_x = 0, .ofs_y = -5},
    {.bitmap_index = 4130, .adv_w = 219, .box_w = 12, .box_h = 9, .ofs_x = 1, .ofs_y = 7},
    {.bitmap_index = 4178, .adv_w = 192, .box_w = 12, .box_h = 3, .ofs_x = 0, .ofs_y = -5},
    {.bitmap_index = 4188, .adv_w = 155, .box_w = 6, .box_h = 4, .ofs_x = 1, .ofs_y = 14},
    {.bitmap_index = 4201, .adv_w = 237, .box_w = 12, .box_h = 13, .ofs_x = 1, .ofs_y = 0},
    {.bitmap_index = 4269, .adv_w = 245, .box_w = 14, .box_h = 18, .ofs_x = 1, .ofs_y = 0},
    {.bitmap_index = 4345, .adv_w = 191, .box_w = 10, .box_h = 13, .ofs_x = 1, .ofs_y = 0},
    {.bitmap_index = 4404, .adv_w = 245, .box_w = 13, .box_h = 18, .ofs_x = 1, .ofs_y = 0},
    {.bitmap_index = 4481, .adv_w = 224, .box_w = 12, .box_h = 13, .ofs_x = 1, .ofs_y = 0},
    {.bitmap_index = 4555, .adv_w = 136, .box_w = 9, .box_h = 18, .ofs_x = 0, .ofs_y = 0},
    {.bitmap_index = 4598, .adv_w = 246, .box_w = 13, .box_h = 18, .ofs_x = 1, .ofs_y = -5},
    {.bitmap_index = 4702, .adv_w = 242, .box_w = 13, .box_h = 18, .ofs_x = 1, .ofs_y = 0},
    {.bitmap_index = 4744, .adv_w = 108, .box_w = 5, .box_h = 18, .ofs_x = 1, .ofs_y = 0},
    {.bitmap_index = 4763, .adv_w = 108, .box_w = 8, .box_h = 23, .ofs_x = -2, .ofs_y = -5},
    {.bitmap_index = 4804, .adv_w = 212, .box_w = 13, .box_h = 18, .ofs_x = 1, .ofs_y = 0},
    {.bitmap_index = 4867, .adv_w = 114, .box_w = 6, .box_h = 18, .ofs_x = 1, .ofs_y = 0},
    {.bitmap_index = 4886, .adv_w = 359, .box_w = 20, .box_h = 13, .ofs_x = 1, .ofs_y = 0},
    {.bitmap_index = 4946, .adv_w = 242, .box_w = 13, .box_h = 13, .ofs_x = 1, .ofs_y = 0},
    {.bitmap_index = 4985, .adv_w = 238, .box_w = 13, .box_h = 13, .ofs_x = 1, .ofs_y = 0},
    {.bitmap_index = 5063, .adv_w = 245, .box_w = 14, .box_h = 18, .ofs_x = 1, .ofs_y = -5},
    {.bitmap_index = 5143, .adv_w = 246, .box_w = 13, .box_h = 18, .ofs_x = 1, .ofs_y = -5},
    {.bitmap_index = 5224, .adv_w = 151, .box_w = 9, .box_h = 13, .ofs_x = 1, .ofs_y = 0},
    {.bitmap_index = 5247, .adv_w = 187, .box_w = 10, .box_h = 13, .ofs_x = 1, .ofs_y = 0},
    {.bitmap_index = 5312, .adv_w = 135, .box_w = 8, .box_h = 16, .ofs_x = 0, .ofs_y = 0},
    {.bitmap_index = 5351, .adv_w = 240, .box_w = 13, .box_h = 13, .ofs_x = 1, .ofs_y = 0},
    {.bitmap_index = 5390, .adv_w = 215, .box_w = 14, .box_h = 13, .ofs_x = 0, .ofs_y = 0},
    {.bitmap_index = 5469, .adv_w = 330, .box_w = 21, .box_h = 13, .ofs_x = 0, .ofs_y = 0},
    {.bitmap_index = 5598, .adv_w = 218, .box_w = 14, .box_h = 13, .ofs_x = 0, .ofs_y = 0},
    {.bitmap_index = 5680, .adv_w = 216, .box_w = 14, .box_h = 18, .ofs_x = 0, .ofs_y = -5},
    {.bitmap_index = 5782, .adv_w = 205, .box_w = 11, .box_h = 13, .ofs_x = 1, .ofs_y = 0},
    {.bitmap_index = 5835, .adv_w = 127, .box_w = 8, .box_h = 23, .ofs_x = 0, .ofs_y = -5},
    {.bitmap_index = 5899, .adv_w = 81, .box_w = 3, .box_h = 23, .ofs_x = 1, .ofs_y = -5},
    {.bitmap_index = 5904, .adv_w = 127, .box_w = 8, .box_h = 23, .ofs_x = 0, .ofs_y = -5},
    {.bitmap_index = 5965, .adv_w = 219, .box_w = 14, .box_h = 5, .ofs_x = 0, .ofs_y = 5},
    {.bitmap_index = 6000, .adv_w = 378, .box_w = 22, .box_h = 22, .ofs_x = 1, .ofs_y = -2},
    {.bitmap_index = 6057, .adv_w = 378, .box_w = 22, .box_h = 20, .ofs_x = 1, .ofs_y = -2},
    {.bitmap_index = 6133, .adv_w = 378, .box_w = 19, .box_h = 22, .ofs_x = 2, .ofs_y = -2},
    {.bitmap_index = 6202, .adv_w = 378, .box_w = 22, .box_h = 22, .ofs_x = 1, .ofs_y = -2},
    {.bitmap_index = 6292, .adv_w = 378, .box_w = 22, .box_h = 23, .ofs_x = 1, .ofs_y = -3},
    {.bitmap_index = 6446, .adv_w = 378, .box_w = 24, .box_h = 22, .ofs_x = 0, .ofs_y = -2},
    {.bitmap_index = 6614, .adv_w = 378, .box_w = 22, .box_h = 23, .ofs_x = 0, .ofs_y = -3},
    {.bitmap_index = 6785, .adv_w = 378, .box_w = 23, .box_h = 23, .ofs_x = 0, .ofs_y = -3},
    {.bitmap_index = 7000, .adv_w = 378, .box_w = 23, .box_h = 23, .ofs_x = 0, .ofs_y = -3},
    {.bitmap_index = 7191, .adv_w = 378, .box_w = 22, .box_h = 23, .ofs_x = 1, .ofs_y = -3},
    {.bitmap_index = 7355, .adv_w = 378, .box_w = 23, .box_h = 23, .ofs_x = 0, .ofs_y = -3},
    {.bitmap_index = 7548, .adv_w = 378, .box_w = 22, .box_h = 21, .ofs_x = 1, .ofs_y = -3},
    {.bitmap_index = 7634, .adv_w = 378, .box_w = 22, .box_h = 22, .ofs_x = 0, .ofs_y = -2},
    {.bitmap_index = 7753, .adv_w = 378, .box_w = 23, .box_h = 23, .ofs_x = 0, .ofs_y = -3},
    {.bitmap_index = 7948, .adv_w = 378, .box_w = 22, .box_h = 21, .ofs_x = 1, .ofs_y = -3},
    {.bitmap_index = 8085, .adv_w = 378, .box_w = 23, .box_h = 23, .ofs_x = 0, .ofs_y = -3},
    {.bitmap_index = 8271, .adv_w = 378, .box_w = 22, .box_h = 22, .ofs_x = 1, .ofs_y = -3},
    {.bitmap_index = 8442, .adv_w = 378, .box_w = 23, .box_h = 22, .ofs_x = 0, .ofs_y = -2},
    {.bitmap_index = 8603, .adv_w = 378, .box_w = 19, .box_h = 23, .ofs_x = 2, .ofs_y = -4},
    {.bitmap_index = 8739, .adv_w = 378, .box_w = 22, .box_h = 21, .ofs_x = 1, .ofs_y = -2},
    {.bitmap_index = 8872, .adv_w = 378, .box_w = 21, .box_h = 22, .ofs_x = 2, .ofs_y = -2},
    {.bitmap_index = 9018, .adv_w = 378, .box_w = 22, .box_h = 22, .ofs_x = 1, .ofs_y = -3},
    {.bitmap_index = 9184, .adv_w = 378, .box_w = 23, .box_h = 22, .ofs_x = 0, .ofs_y = -3},
    {.bitmap_index = 9386, .adv_w = 378, .box_w = 23, .box_h = 23, .ofs_x = 0, .ofs_y = -3},
    {.bitmap_index = 9599, .adv_w = 378, .box_w = 22, .box_h = 23, .ofs_x = 0, .ofs_y = -3},
    {.bitmap_index = 9786, .adv_w = 378, .box_w = 23, .box_h = 23, .ofs_x = 0, .ofs_y = -3},
    {.bitmap_index = 9998, .adv_w = 378, .box_w = 21, .box_h = 23, .ofs_x = 2, .ofs_y = -3},
    {.bitmap_index = 10118, .adv_w = 378, .box_w = 18, .box_h = 23, .ofs_x = 3, .ofs_y = -3},
    {.bitmap_index = 10200, .adv_w = 378, .box_w = 17, .box_h = 22, .ofs_x = 3, .ofs_y = -3},
    {.bitmap_index = 10279, .adv_w = 378, .box_w = 21, .box_h = 22, .ofs_x = 2, .ofs_y = -3},
    {.bitmap_index = 10432, .adv_w = 378, .box_w = 22, .box_h = 21, .ofs_x = 1, .ofs_y = -2},
    {.bitmap_index = 10597, .adv_w = 378, .box_w = 22, .box_h = 22, .ofs_x = 1, .ofs_y = -3},
    {.bitmap_index = 10730, .adv_w = 378, .box_w = 23, .box_h = 22, .ofs_x = 0, .ofs_y = -2},
    {.bitmap_index = 10936, .adv_w = 378, .box_w = 20, .box_h = 22, .ofs_x = 2, .ofs_y = -3},
    {.bitmap_index = 11098, .adv_w = 378, .box_w = 22, .box_h = 21, .ofs_x = 1, .ofs_y = -2},
    {.bitmap_index = 11235, .adv_w = 378, .box_w = 23, .box_h = 23, .ofs_x = 0, .ofs_y = -3},
    {.bitmap_index = 11428, .adv_w = 378, .box_w = 22, .box_h = 20, .ofs_x = 1, .ofs_y = -2},
    {.bitmap_index = 11569, .adv_w = 378, .box_w = 23, .box_h = 24, .ofs_x = 0, .ofs_y = -4},
    {.bitmap_index = 11755, .adv_w = 378, .box_w = 22, .box_h = 23, .ofs_x = 1, .ofs_y = -3},
    {.bitmap_index = 11924, .adv_w = 378, .box_w = 21, .box_h = 23, .ofs_x = 1, .ofs_y = -3},
    {.bitmap_index = 12089, .adv_w = 378, .box_w = 23, .box_h = 23, .ofs_x = 0, .ofs_y = -3},
    {.bitmap_index = 12275, .adv_w = 378, .box_w = 23, .box_h = 23, .ofs_x = 0, .ofs_y = -3},
    {.bitmap_index = 12449, .adv_w = 378, .box_w = 22, .box_h = 22, .ofs_x = 1, .ofs_y = -2},
    {.bitmap_index = 12615, .adv_w = 378, .box_w = 22, .box_h = 21, .ofs_x = 1, .ofs_y = -2},
    {.bitmap_index = 12750, .adv_w = 378, .box_w = 22, .box_h = 22, .ofs_x = 0, .ofs_y = -2},
    {.bitmap_index = 12914, .adv_w = 378, .box_w = 20, .box_h = 23, .ofs_x = 2, .ofs_y = -3},
    {.bitmap_index = 13060, .adv_w = 378, .box_w = 23, .box_h = 22, .ofs_x = 0, .ofs_y = -2},
    {.bitmap_index = 13262, .adv_w = 378, .box_w = 22, .box_h = 22, .ofs_x = 1, .ofs_y = -2},
    {.bitmap_index = 13380, .adv_w = 378, .box_w = 21, .box_h = 22, .ofs_x = 1, .ofs_y = -3},
    {.bitmap_index = 13519, .adv_w = 378, .box_w = 23, .box_h = 22, .ofs_x = 0, .ofs_y = -3},
    {.bitmap_index = 13714, .adv_w = 378, .box_w = 22, .box_h = 24, .ofs_x = 1, .ofs_y = -3},
    {.bitmap_index = 13843, .adv_w = 378, .box_w = 22, .box_h = 23, .ofs_x = 1, .ofs_y = -4},
    {.bitmap_index = 14013, .adv_w = 378, .box_w = 24, .box_h = 23, .ofs_x = 0, .ofs_y = -3}
};

/*---------------------
 *  CHARACTER MAPPING
 *--------------------*/

static const uint16_t unicode_list_1[] = {
    0x0, 0x1, 0x23, 0x31, 0xa4, 0x107, 0x245, 0x2b1,
    0x34a, 0x369, 0x3fc, 0x5e5, 0x625, 0xb12, 0xb1f, 0x109c,
    0x114b, 0x12bb, 0x1804, 0x1834, 0x188d, 0x18f6, 0x2086, 0x2427,
    0x24cd, 0x2520, 0x272b, 0x2873, 0x28e4, 0x2916, 0x2957, 0x2b30,
    0x30d2, 0x3147, 0x3164, 0x3260, 0x33e9, 0x3a5e, 0x3d9a, 0x3df9,
    0x41d4, 0x41f8, 0x43c3, 0x43c5, 0x4695, 0x47e3, 0x494f, 0x49e9,
    0x4a6b, 0x4a8e, 0x4b8c, 0x50c7, 0x50ce
};

/*Collect the unicode lists and glyph_id offsets*/
static const lv_font_fmt_txt_cmap_t cmaps[] =
{
    {
        .range_start = 32, .range_length = 95, .glyph_id_start = 1,
        .unicode_list = NULL, .glyph_id_ofs_list = NULL, .list_length = 0, .type = LV_FONT_FMT_TXT_CMAP_FORMAT0_TINY
    },
    {
        .range_start = 19978, .range_length = 20687, .glyph_id_start = 96,
        .unicode_list = unicode_list_1, .glyph_id_ofs_list = NULL, .list_length = 53, .type = LV_FONT_FMT_TXT_CMAP_SPARSE_TINY
    }
};

/*-----------------
 *    KERNING
 *----------------*/


/*Pair left and right glyphs for kerning*/
static const uint8_t kern_pair_glyph_ids[] =
{
    3, 3,
    3, 8,
    3, 13,
    3, 15,
    8, 3,
    8, 8,
    8, 13,
    8, 15,
    9, 75,
    13, 3,
    13, 8,
    13, 18,
    13, 24,
    13, 26,
    15, 3,
    15, 8,
    15, 18,
    15, 24,
    15, 26,
    16, 16,
    18, 13,
    18, 15,
    18, 27,
    18, 28,
    24, 13,
    24, 15,
    24, 27,
    24, 28,
    27, 18,
    27, 24,
    28, 18,
    28, 24,
    34, 3,
    34, 8,
    34, 36,
    34, 40,
    34, 48,
    34, 50,
    34, 53,
    34, 54,
    34, 55,
    34, 56,
    34, 58,
    34, 71,
    34, 77,
    34, 85,
    34, 87,
    34, 90,
    35, 36,
    35, 40,
    35, 48,
    35, 50,
    35, 53,
    35, 55,
    35, 57,
    35, 58,
    37, 13,
    37, 15,
    37, 34,
    37, 53,
    37, 55,
    37, 56,
    37, 57,
    37, 58,
    37, 59,
    37, 66,
    38, 75,
    39, 13,
    39, 15,
    39, 34,
    39, 66,
    39, 73,
    39, 76,
    40, 55,
    40, 58,
    43, 43,
    44, 34,
    44, 36,
    44, 40,
    44, 48,
    44, 50,
    44, 53,
    44, 54,
    44, 55,
    44, 56,
    44, 58,
    44, 68,
    44, 69,
    44, 70,
    44, 72,
    44, 77,
    44, 80,
    44, 82,
    44, 84,
    44, 85,
    44, 86,
    44, 87,
    44, 88,
    44, 90,
    45, 3,
    45, 8,
    45, 34,
    45, 36,
    45, 40,
    45, 48,
    45, 50,
    45, 53,
    45, 54,
    45, 55,
    45, 56,
    45, 58,
    45, 87,
    45, 88,
    45, 90,
    48, 13,
    48, 15,
    48, 34,
    48, 53,
    48, 55,
    48, 56,
    48, 57,
    48, 58,
    48, 59,
    48, 66,
    49, 13,
    49, 15,
    49, 34,
    49, 53,
    49, 55,
    49, 56,
    49, 57,
    49, 58,
    49, 59,
    49, 66,
    50, 13,
    50, 15,
    50, 34,
    50, 43,
    50, 53,
    50, 55,
    50, 56,
    50, 57,
    50, 58,
    50, 59,
    50, 66,
    51, 36,
    51, 40,
    51, 48,
    51, 50,
    51, 53,
    51, 54,
    51, 55,
    51, 56,
    51, 57,
    51, 58,
    51, 68,
    51, 69,
    51, 70,
    51, 72,
    51, 80,
    51, 82,
    51, 85,
    51, 86,
    51, 87,
    51, 89,
    51, 90,
    52, 13,
    52, 15,
    52, 52,
    52, 53,
    52, 55,
    52, 56,
    52, 58,
    52, 85,
    52, 87,
    52, 88,
    52, 89,
    52, 90,
    53, 3,
    53, 8,
    53, 13,
    53, 15,
    53, 34,
    53, 36,
    53, 40,
    53, 48,
    53, 50,
    53, 52,
    53, 66,
    53, 68,
    53, 69,
    53, 70,
    53, 72,
    53, 74,
    53, 75,
    53, 78,
    53, 79,
    53, 80,
    53, 81,
    53, 82,
    53, 83,
    53, 84,
    53, 85,
    53, 86,
    53, 87,
    53, 88,
    53, 89,
    53, 90,
    53, 91,
    54, 34,
    54, 57,
    54, 89,
    55, 13,
    55, 15,
    55, 27,
    55, 28,
    55, 34,
    55, 36,
    55, 40,
    55, 48,
    55, 50,
    55, 52,
    55, 66,
    55, 68,
    55, 69,
    55, 70,
    55, 72,
    55, 73,
    55, 76,
    55, 80,
    55, 82,
    55, 84,
    55, 87,
    55, 90,
    56, 13,
    56, 15,
    56, 27,
    56, 28,
    56, 34,
    56, 36,
    56, 40,
    56, 48,
    56, 50,
    56, 66,
    56, 68,
    56, 69,
    56, 70,
    56, 72,
    56, 80,
    56, 82,
    56, 84,
    57, 34,
    57, 36,
    57, 40,
    57, 48,
    57, 50,
    57, 53,
    57, 54,
    57, 55,
    57, 56,
    57, 58,
    57, 68,
    57, 69,
    57, 70,
    57, 72,
    57, 77,
    57, 80,
    57, 82,
    57, 84,
    57, 85,
    57, 86,
    57, 87,
    57, 88,
    57, 90,
    58, 3,
    58, 8,
    58, 13,
    58, 15,
    58, 27,
    58, 28,
    58, 34,
    58, 36,
    58, 40,
    58, 48,
    58, 50,
    58, 52,
    58, 66,
    58, 68,
    58, 69,
    58, 70,
    58, 71,
    58, 72,
    58, 73,
    58, 74,
    58, 76,
    58, 78,
    58, 79,
    58, 80,
    58, 81,
    58, 82,
    58, 83,
    58, 84,
    58, 85,
    58, 86,
    58, 87,
    58, 89,
    58, 90,
    58, 91,
    59, 36,
    59, 40,
    59, 48,
    59, 50,
    60, 75,
    66, 53,
    66, 55,
    66, 58,
    66, 87,
    66, 88,
    66, 90,
    67, 13,
    67, 15,
    67, 53,
    67, 55,
    67, 56,
    67, 57,
    67, 58,
    67, 87,
    67, 89,
    67, 90,
    70, 13,
    70, 15,
    70, 53,
    70, 58,
    70, 75,
    71, 3,
    71, 8,
    71, 10,
    71, 11,
    71, 13,
    71, 15,
    71, 32,
    71, 53,
    71, 55,
    71, 56,
    71, 57,
    71, 58,
    71, 62,
    71, 66,
    71, 68,
    71, 69,
    71, 70,
    71, 71,
    71, 72,
    71, 73,
    71, 74,
    71, 75,
    71, 76,
    71, 77,
    71, 80,
    71, 82,
    71, 84,
    71, 85,
    71, 87,
    71, 90,
    71, 94,
    73, 53,
    73, 58,
    73, 87,
    73, 88,
    73, 90,
    74, 3,
    74, 8,
    74, 10,
    74, 32,
    74, 53,
    74, 62,
    74, 94,
    75, 53,
    76, 53,
    76, 54,
    76, 56,
    76, 66,
    76, 68,
    76, 69,
    76, 70,
    76, 72,
    76, 77,
    76, 80,
    76, 82,
    76, 86,
    77, 71,
    77, 85,
    77, 87,
    77, 88,
    77, 90,
    78, 53,
    78, 58,
    78, 87,
    78, 88,
    78, 90,
    79, 53,
    79, 58,
    79, 87,
    79, 88,
    79, 90,
    80, 13,
    80, 15,
    80, 53,
    80, 55,
    80, 56,
    80, 57,
    80, 58,
    80, 87,
    80, 89,
    80, 90,
    81, 13,
    81, 15,
    81, 53,
    81, 55,
    81, 56,
    81, 57,
    81, 58,
    81, 87,
    81, 89,
    81, 90,
    82, 53,
    82, 58,
    82, 75,
    83, 3,
    83, 8,
    83, 13,
    83, 15,
    83, 66,
    83, 68,
    83, 69,
    83, 70,
    83, 71,
    83, 80,
    83, 82,
    83, 85,
    83, 87,
    83, 90,
    84, 53,
    84, 55,
    84, 56,
    84, 57,
    84, 58,
    84, 87,
    84, 89,
    84, 90,
    85, 71,
    85, 85,
    86, 53,
    86, 58,
    87, 13,
    87, 15,
    87, 53,
    87, 57,
    87, 66,
    87, 68,
    87, 69,
    87, 70,
    87, 80,
    87, 82,
    88, 13,
    88, 15,
    88, 53,
    88, 57,
    88, 66,
    89, 53,
    89, 54,
    89, 56,
    89, 66,
    89, 68,
    89, 69,
    89, 70,
    89, 72,
    89, 77,
    89, 80,
    89, 82,
    89, 86,
    90, 13,
    90, 15,
    90, 53,
    90, 57,
    90, 66,
    90, 68,
    90, 69,
    90, 70,
    90, 80,
    90, 82,
    91, 53,
    92, 73,
    92, 75,
    92, 76
};

/* Kerning between the respective left and right glyphs
 * 4.4 format which needs to scaled with `kern_scale`*/
static const int8_t kern_pair_values[] =
{
    -5, -11, -66, -66, -5, -11, -66, -66,
    23, -61, -61, -54, -22, -12, -61, -61,
    -54, -22, -12, -46, -32, -32, -35, -35,
    -61, -61, -32, -32, -28, -20, -28, -20,
    -38, -38, -6, -6, -6, -6, -31, -2,
    -28, -11, -34, -8, -4, -8, -8, -8,
    -2, -2, -2, -2, -14, -8, -8, -11,
    -20, -20, -8, -14, -12, -5, -9, -15,
    -8, -9, 5, -55, -55, -15, -20, 3,
    3, -7, -12, 8, -5, -9, -9, -9,
    -9, -5, -12, -9, -9, -15, -12, -12,
    -12, -12, -12, -12, -12, -5, -5, -14,
    -23, -15, -23, -35, -35, 8, -17, -17,
    -17, -17, -25, -5, -28, -12, -38, -18,
    -11, -18, -20, -20, -8, -14, -12, -5,
    -9, -15, -8, -9, -71, -71, -23, -7,
    -2, -2, -19, -8, -12, -23, -20, -20,
    -8, 8, -14, -12, -5, -9, -15, -8,
    -9, -5, -5, -5, -5, -15, -4, -10,
    -5, -8, -18, -8, -8, -8, -8, -8,
    -8, -8, -2, -4, 8, -4, -8, -8,
    -3, -6, -11, -5, -11, -3, -8, -4,
    -3, -8, 9, 9, -56, -56, -31, -8,
    -8, -8, -8, -3, -31, -20, -20, -20,
    -20, -8, -5, -20, -20, -20, -14, -20,
    -20, -23, 8, -25, -9, -5, -9, -9,
    -20, -2, -5, -3, -54, -54, -18, -18,
    -28, -12, -12, -12, -12, -5, -22, -11,
    -11, -11, -11, 5, 5, -11, -11, -11,
    -5, -5, -28, -28, -9, -9, -15, -5,
    -5, -5, -5, -15, -8, -8, -8, -8,
    -8, -8, -8, -5, -9, -9, -9, -9,
    -5, -12, -9, -9, -15, -12, -12, -12,
    -12, -12, -12, -12, -5, -5, -14, -23,
    -15, -23, 6, 6, -60, -60, -23, -23,
    -34, -15, -15, -15, -15, -3, -41, -23,
    -23, -23, -6, -23, 3, -5, 3, -18,
    -18, -23, -15, -23, -18, -26, -3, -15,
    -15, -18, -15, -18, -8, -8, -8, -8,
    31, -23, -11, -29, -5, -5, -5, -15,
    -15, -20, -14, -8, -12, -23, -4, -8,
    -4, -8, -8, -17, -15, 8, 12, 12,
    6, 26, -6, -6, 15, 15, 11, 11,
    11, 6, 14, -8, -5, -5, -5, 5,
    -9, -3, -5, -5, -3, -5, -5, -5,
    -5, 5, 2, 2, 12, -14, -9, -5,
    -2, -5, 9, 9, 9, 12, -8, 22,
    17, -8, -9, -3, -8, -8, -8, -8,
    -8, -6, -8, -8, -8, -5, -8, -2,
    -5, -2, -5, -14, -9, -5, -2, -5,
    -14, -9, -5, -2, -5, -15, -15, -20,
    -14, -8, -12, -23, -4, -8, -4, -15,
    -15, -20, -14, -8, -12, -23, -4, -8,
    -4, -5, -5, 8, 9, 9, -36, -36,
    -17, -5, -5, -5, 3, -5, -5, 8,
    2, 2, -20, -11, -8, -5, -23, -5,
    -4, -5, 3, 2, -15, -5, -33, -33,
    -9, -9, -14, -4, -4, -4, -4, -4,
    -21, -21, -5, -9, -13, -9, -3, -8,
    -8, -8, -8, -8, -6, -8, -8, -8,
    -5, -33, -33, -9, -9, -14, -4, -4,
    -4, -4, -4, -20, 9, 28, 9
};

/*Collect the kern pair's data in one place*/
static const lv_font_fmt_txt_kern_pair_t kern_pairs =
{
    .glyph_ids = kern_pair_glyph_ids,
    .values = kern_pair_values,
    .pair_cnt = 495,
    .glyph_ids_size = 0
};

/*--------------------
 *  ALL CUSTOM DATA
 *--------------------*/

#if LVGL_VERSION_MAJOR == 8
/*Store all the custom data of the font*/
static  lv_font_fmt_txt_glyph_cache_t cache;
#endif

#if LVGL_VERSION_MAJOR >= 8
static const lv_font_fmt_txt_dsc_t font_dsc = {
#else
static lv_font_fmt_txt_dsc_t font_dsc = {
#endif
    .glyph_bitmap = glyph_bitmap,
    .glyph_dsc = glyph_dsc,
    .cmaps = cmaps,
    .kern_dsc = &kern_pairs,
    .kern_scale = 16,
    .cmap_num = 2,
    .bpp = 4,
    .kern_classes = 0,
    .bitmap_format = 1,
#if LVGL_VERSION_MAJOR == 8
    .cache = &cache
#endif

};



/*-----------------
 *  PUBLIC FONT
 *----------------*/

/*Initialize a public general font descriptor*/
#if LVGL_VERSION_MAJOR >= 8
const lv_font_t lv_font_han_24 = {
#else
lv_font_t lv_font_han_24 = {
#endif
    .get_glyph_dsc = lv_font_get_glyph_dsc_fmt_txt,    /*Function pointer to get glyph's data*/
    .get_glyph_bitmap = lv_font_get_bitmap_fmt_txt,    /*Function pointer to get glyph's bitmap*/
    .line_height = 26,          /*The maximum line height required by the font*/
    .base_line = 5,             /*Baseline measured from the bottom of the line*/
#if !(LVGL_VERSION_MAJOR == 6 && LVGL_VERSION_MINOR == 0)
    .subpx = LV_FONT_SUBPX_NONE,
#endif
#if LV_VERSION_CHECK(7, 4, 0) || LVGL_VERSION_MAJOR >= 8
    .underline_position = -2,
    .underline_thickness = 1,
#endif
    .static_bitmap = 0,
    .dsc = &font_dsc,          /*The custom font data. Will be accessed by `get_glyph_bitmap/dsc` */
#if LV_VERSION_CHECK(8, 2, 0) || LVGL_VERSION_MAJOR >= 9
    .fallback = NULL,
#endif
    .user_data = NULL,
};



#endif /*#if LV_FONT_HAN_24*/
